{
"type": "FeatureCollection",
"name": "permanent_river",
"crs": { "type": "name", "properties": { "name": "urn:ogc:def:crs:OGC:1.3:CRS84" } },
"features": [
{ "type": "Feature", "properties": { }, "geometry": { "type": "Polygon", "coordinates": [ [ [ 73.932638500000053, 18.420917300000042 ], [ 73.932370200000037, 18.42108520000005 ], [ 73.932273700000053, 18.421609500000041 ], [ 73.932203900000047, 18.421899600000067 ], [ 73.932198600000049, 18.42219480000006 ], [ 73.932193200000029, 18.42247470000007 ], [ 73.932182500000081, 18.422601900000071 ], [ 73.932348800000057, 18.422851300000044 ], [ 73.934001, 18.422637500000061 ], [ 73.933689900000047, 18.422311800000042 ], [ 73.933292900000083, 18.421925 ], [ 73.933094400000073, 18.421507700000067 ], [ 73.932933500000061, 18.421156500000052 ], [ 73.932847700000082, 18.420963100000048 ], [ 73.932638500000053, 18.420917300000042 ] ] ] } },
{ "type": "Feature", "properties": { }, "geometry": { "type": "Polygon", "coordinates": [ [ [ 73.938523200000077, 18.422113300000035 ], [ 73.938780700000052, 18.42196570000004 ], [ 73.938823600000035, 18.421869 ], [ 73.938818300000037, 18.421680700000024 ], [ 73.938845100000037, 18.421573800000033 ], [ 73.938802200000055, 18.421467 ], [ 73.938668100000029, 18.421365200000029 ], [ 73.938550100000043, 18.421492400000034 ], [ 73.938469600000076, 18.421553500000066 ], [ 73.938351600000033, 18.421619600000042 ], [ 73.938147700000059, 18.421680700000024 ], [ 73.937992200000053, 18.421945400000027 ], [ 73.937825900000064, 18.422057300000059 ], [ 73.937723900000037, 18.422118400000038 ], [ 73.937600600000053, 18.422108200000022 ], [ 73.937402100000043, 18.42199630000005 ], [ 73.937391300000058, 18.421884300000041 ], [ 73.937386, 18.421741800000063 ], [ 73.937348400000076, 18.42149750000004 ], [ 73.937348400000076, 18.42122270000004 ], [ 73.937284100000056, 18.421054700000063 ], [ 73.937096300000064, 18.421014 ], [ 73.93693, 18.421171800000021 ], [ 73.936812, 18.42129390000002 ], [ 73.936715400000082, 18.421370300000032 ], [ 73.936635, 18.42148730000002 ], [ 73.936651, 18.421645100000035 ], [ 73.936640300000079, 18.421782500000059 ], [ 73.936495500000035, 18.422001400000049 ], [ 73.936484800000073, 18.422138800000024 ], [ 73.936318500000084, 18.422301600000026 ], [ 73.936366700000065, 18.422551 ], [ 73.938271100000065, 18.422876800000036 ], [ 73.938289600000076, 18.422785400000066 ], [ 73.938324700000067, 18.422612100000038 ], [ 73.938448100000073, 18.422413600000024 ], [ 73.938523200000077, 18.422113300000035 ] ] ] } },
{ "type": "Feature", "properties": { }, "geometry": { "type": "Polygon", "coordinates": [ [ [ 73.950691200000051, 18.432224800000029 ], [ 73.950004600000057, 18.432876200000063 ], [ 73.948829900000078, 18.433071 ], [ 73.948853600000064, 18.434223800000041 ], [ 73.950122500000077, 18.434954900000037 ], [ 73.950862900000061, 18.433364800000049 ], [ 73.951206200000058, 18.432387700000042 ], [ 73.951034500000048, 18.432224800000029 ], [ 73.950691200000051, 18.432224800000029 ] ] ] } },
{ "type": "Feature", "properties": { }, "geometry": { "type": "Polygon", "coordinates": [ [ [ 73.924776800000075, 18.446854 ], [ 73.924669900000083, 18.447016300000026 ], [ 73.92473930000007, 18.447234300000048 ], [ 73.924776800000075, 18.447325600000053 ], [ 73.924835600000051, 18.447421900000052 ], [ 73.925038700000073, 18.447467600000039 ], [ 73.925183, 18.447249500000055 ], [ 73.925241800000038, 18.446935200000041 ], [ 73.924985200000037, 18.446894600000064 ], [ 73.924776800000075, 18.446854 ] ] ] } },
{ "type": "Feature", "properties": { }, "geometry": { "type": "Polygon", "coordinates": [ [ [ 73.970626800000048, 18.473626200000069 ], [ 73.970519, 18.473652500000075 ], [ 73.970546700000057, 18.473754800000052 ], [ 73.970648400000073, 18.473734300000046 ], [ 73.970626800000048, 18.473626200000069 ] ] ] } },
{ "type": "Feature", "properties": { }, "geometry": { "type": "Polygon", "coordinates": [ [ [ 73.962074, 18.481087 ], [ 73.961968100000036, 18.481114300000058 ], [ 73.962009900000055, 18.481260300000027 ], [ 73.962115800000049, 18.481233 ], [ 73.962074, 18.481087 ] ] ] } },
{ "type": "Feature", "properties": { }, "geometry": { "type": "Polygon", "coordinates": [ [ [ 73.96073240000004, 18.483626 ], [ 73.960722600000054, 18.483741400000039 ], [ 73.960852100000068, 18.483751200000025 ], [ 73.960861800000032, 18.483635800000055 ], [ 73.96073240000004, 18.483626 ] ] ] } },
{ "type": "Feature", "properties": { }, "geometry": { "type": "Polygon", "coordinates": [ [ [ 73.960330700000043, 18.483778 ], [ 73.960216500000058, 18.483793200000036 ], [ 73.96024820000008, 18.484007200000068 ], [ 73.960362300000043, 18.483992 ], [ 73.960330700000043, 18.483778 ] ] ] } },
{ "type": "Feature", "properties": { }, "geometry": { "type": "Polygon", "coordinates": [ [ [ 73.966223400000047, 18.486887600000042 ], [ 73.966052600000069, 18.486894100000022 ], [ 73.966058500000031, 18.487033 ], [ 73.966229200000058, 18.487026500000074 ], [ 73.966223400000047, 18.486887600000042 ] ] ] } },
{ "type": "Feature", "properties": { }, "geometry": { "type": "Polygon", "coordinates": [ [ [ 73.941477400000053, 18.512909800000045 ], [ 73.941454600000043, 18.51293140000007 ], [ 73.94142370000003, 18.512987400000039 ], [ 73.941481400000043, 18.513006500000074 ], [ 73.94160480000005, 18.513035700000049 ], [ 73.941630300000043, 18.512986100000035 ], [ 73.941619500000058, 18.51295940000006 ], [ 73.941545800000029, 18.512935200000076 ], [ 73.941477400000053, 18.512909800000045 ] ] ] } },
{ "type": "Feature", "properties": { }, "geometry": { "type": "Polygon", "coordinates": [ [ [ 73.930646100000047, 18.513097700000063 ], [ 73.930611200000044, 18.513098300000024 ], [ 73.930587400000036, 18.513122800000076 ], [ 73.930583, 18.513145400000035 ], [ 73.930591400000083, 18.513170800000065 ], [ 73.930608200000052, 18.513183800000036 ], [ 73.930632, 18.513189500000063 ], [ 73.930665500000032, 18.513177100000064 ], [ 73.930683, 18.51315580000005 ], [ 73.930681900000081, 18.513131 ], [ 73.930668200000071, 18.513111 ], [ 73.930646100000047, 18.513097700000063 ] ] ] } },
{ "type": "Feature", "properties": { }, "geometry": { "type": "Polygon", "coordinates": [ [ [ 73.930831700000056, 18.514607900000044 ], [ 73.930794100000085, 18.514614200000043 ], [ 73.930764, 18.514630800000077 ], [ 73.930737800000031, 18.514651800000021 ], [ 73.930721700000063, 18.51468670000002 ], [ 73.930721700000063, 18.514726800000062 ], [ 73.930735100000049, 18.514762400000052 ], [ 73.930753200000083, 18.514781500000023 ], [ 73.930784100000039, 18.514799900000067 ], [ 73.930829, 18.514808800000026 ], [ 73.930871900000056, 18.514801800000043 ], [ 73.930901400000039, 18.514783400000049 ], [ 73.930926900000031, 18.514754100000065 ], [ 73.93093360000006, 18.514723600000021 ], [ 73.930934300000047, 18.514693100000041 ], [ 73.930924900000036, 18.51466 ], [ 73.930905500000051, 18.514634 ], [ 73.930874600000038, 18.514617400000073 ], [ 73.930831700000056, 18.514607900000044 ] ] ] } },
{ "type": "Feature", "properties": { }, "geometry": { "type": "Polygon", "coordinates": [ [ [ 73.926673700000038, 18.515745700000025 ], [ 73.926673700000038, 18.515722800000045 ], [ 73.926655500000038, 18.515699800000053 ], [ 73.926625300000069, 18.515686500000072 ], [ 73.926591100000053, 18.515671200000043 ], [ 73.926548700000069, 18.515673100000068 ], [ 73.926508400000046, 18.515684600000039 ], [ 73.926484200000061, 18.515697900000074 ], [ 73.926439900000048, 18.515711300000078 ], [ 73.926413700000069, 18.515711300000081 ], [ 73.926373400000045, 18.515673100000068 ], [ 73.926369300000033, 18.515690300000074 ], [ 73.926355200000046, 18.515699800000053 ], [ 73.926327, 18.515696 ], [ 73.926300800000035, 18.515692200000043 ], [ 73.926278600000046, 18.515671200000043 ], [ 73.926254500000084, 18.515665400000046 ], [ 73.926230300000043, 18.51566160000004 ], [ 73.926222200000041, 18.515694100000076 ], [ 73.926222200000041, 18.515711300000078 ], [ 73.926226200000031, 18.515738100000078 ], [ 73.926232300000038, 18.515780100000025 ], [ 73.926226200000031, 18.515818300000028 ], [ 73.926226200000031, 18.515837400000063 ], [ 73.926238300000094, 18.515852700000035 ], [ 73.926286400000038, 18.515842700000061 ], [ 73.926356800000079, 18.515814700000078 ], [ 73.926426300000074, 18.515786300000059 ], [ 73.926455700000091, 18.515795400000055 ], [ 73.926449300000058, 18.515854600000068 ], [ 73.926440400000047, 18.515917600000019 ], [ 73.926460100000043, 18.515955800000025 ], [ 73.926386900000068, 18.516013900000075 ], [ 73.926363300000048, 18.51605440000003 ], [ 73.926366500000029, 18.516091300000024 ], [ 73.926444400000037, 18.516104900000073 ], [ 73.926575500000069, 18.516119100000022 ], [ 73.92664510000003, 18.516141100000031 ], [ 73.926699500000055, 18.516158300000022 ], [ 73.926790800000049, 18.516251300000018 ], [ 73.926869800000077, 18.516268400000058 ], [ 73.92689740000003, 18.51623120000005 ], [ 73.926891400000045, 18.516181500000073 ], [ 73.92687520000004, 18.516152800000043 ], [ 73.926828900000032, 18.516141300000072 ], [ 73.926794600000051, 18.516108800000037 ], [ 73.926764400000081, 18.516072500000064 ], [ 73.92676240000003, 18.516032400000025 ], [ 73.926738200000045, 18.516020900000051 ], [ 73.926708, 18.516020900000058 ], [ 73.926688600000034, 18.516014800000047 ], [ 73.926681700000074, 18.515998 ], [ 73.926753200000064, 18.515940900000025 ], [ 73.92675950000006, 18.515899800000057 ], [ 73.92672, 18.515860400000062 ], [ 73.926693800000066, 18.515803 ], [ 73.926673700000038, 18.515745700000025 ] ] ] } },
{ "type": "Feature", "properties": { }, "geometry": { "type": "Polygon", "coordinates": [ [ [ 73.94278840000004, 18.518497100000047 ], [ 73.942847400000062, 18.51849970000006 ], [ 73.942882300000079, 18.518481900000037 ], [ 73.942898400000047, 18.51845140000006 ], [ 73.942909100000065, 18.518418300000061 ], [ 73.942903700000045, 18.518395400000035 ], [ 73.942887600000063, 18.518364900000051 ], [ 73.942850100000044, 18.518352200000038 ], [ 73.942815200000041, 18.518331800000052 ], [ 73.942823300000043, 18.518301300000076 ], [ 73.94283930000006, 18.518273300000033 ], [ 73.942847400000062, 18.51822750000002 ], [ 73.94285810000008, 18.518191900000026 ], [ 73.942893, 18.518176700000023 ], [ 73.942935900000066, 18.518176700000023 ], [ 73.943005600000063, 18.518199600000056 ], [ 73.943035100000031, 18.518176700000019 ], [ 73.94305120000007, 18.518151200000034 ], [ 73.943107600000076, 18.518105500000043 ], [ 73.94316660000004, 18.518087700000024 ], [ 73.943239, 18.518064800000044 ], [ 73.943292600000063, 18.518041900000068 ], [ 73.943273900000065, 18.517985900000042 ], [ 73.943249700000081, 18.517945200000042 ], [ 73.943214900000044, 18.517886700000069 ], [ 73.943174600000077, 18.517835900000023 ], [ 73.943126300000074, 18.517805400000039 ], [ 73.943088800000055, 18.517779900000047 ], [ 73.943035100000031, 18.517764700000043 ], [ 73.94295470000003, 18.517782500000067 ], [ 73.942876900000044, 18.517810400000027 ], [ 73.942847400000062, 18.517795200000023 ], [ 73.94281790000008, 18.517767200000037 ], [ 73.942785700000059, 18.517731600000037 ], [ 73.942732100000057, 18.517716300000075 ], [ 73.942679700000042, 18.517726800000052 ], [ 73.942630100000031, 18.517736700000057 ], [ 73.942584500000066, 18.517724 ], [ 73.942544300000066, 18.517693400000038 ], [ 73.942517500000065, 18.517652800000064 ], [ 73.942506800000046, 18.517594300000038 ], [ 73.942517500000065, 18.517472200000043 ], [ 73.942504100000065, 18.517418800000026 ], [ 73.942482600000062, 18.517362800000058 ], [ 73.942442400000061, 18.517327200000061 ], [ 73.942386100000078, 18.517268700000045 ], [ 73.942335100000037, 18.517243300000072 ], [ 73.942273400000033, 18.517215300000036 ], [ 73.942230500000051, 18.517202600000076 ], [ 73.942209, 18.517149200000063 ], [ 73.94221170000003, 18.517083 ], [ 73.942182200000062, 18.51703730000002 ], [ 73.942037400000061, 18.517037300000027 ], [ 73.942026600000077, 18.517088100000024 ], [ 73.942056100000059, 18.517159300000067 ], [ 73.942085600000041, 18.517222900000036 ], [ 73.942085600000041, 18.517306900000055 ], [ 73.942083, 18.517378100000027 ], [ 73.942053500000043, 18.517398400000047 ], [ 73.94201860000004, 18.517459500000026 ], [ 73.942024, 18.517507800000036 ], [ 73.942061500000079, 18.517502700000023 ], [ 73.942093700000044, 18.517505200000073 ], [ 73.942107100000044, 18.517535800000083 ], [ 73.942123200000083, 18.517655300000058 ], [ 73.942123200000083, 18.517708700000071 ], [ 73.942123200000083, 18.517785 ], [ 73.942179500000066, 18.517838400000077 ], [ 73.942227800000069, 18.51785620000004 ], [ 73.942286800000034, 18.517886700000073 ], [ 73.942337800000075, 18.51792740000008 ], [ 73.942350500000032, 18.517946 ], [ 73.94238340000004, 18.518011400000034 ], [ 73.942418200000077, 18.518092700000068 ], [ 73.942415600000061, 18.518184300000033 ], [ 73.942415800000049, 18.51822750000002 ], [ 73.942402100000038, 18.518301300000068 ], [ 73.94237, 18.518324200000055 ], [ 73.942324400000075, 18.51837 ], [ 73.942316300000073, 18.518441200000041 ], [ 73.94223850000003, 18.51847680000003 ], [ 73.942182200000062, 18.518487 ], [ 73.942142, 18.518507300000064 ], [ 73.942117800000062, 18.518588700000066 ], [ 73.942096400000082, 18.518649700000022 ], [ 73.94207490000008, 18.518705700000051 ], [ 73.942120500000044, 18.518754 ], [ 73.94210170000008, 18.518830300000044 ], [ 73.942142, 18.518855700000067 ], [ 73.942206300000066, 18.518830300000044 ], [ 73.942284100000052, 18.518822700000047 ], [ 73.942340500000057, 18.518769300000034 ], [ 73.942337800000075, 18.518728600000028 ], [ 73.942313600000034, 18.518726 ], [ 73.942292200000054, 18.518690400000025 ], [ 73.942665, 18.518570900000039 ], [ 73.942710600000055, 18.518548 ], [ 73.942748100000088, 18.518514900000071 ], [ 73.94278840000004, 18.518497100000047 ] ] ] } },
{ "type": "Feature", "properties": { }, "geometry": { "type": "Polygon", "coordinates": [ [ [ 73.977498400000059, 18.58155390000007 ], [ 73.977751400000045, 18.581581 ], [ 73.977842600000031, 18.581412400000033 ], [ 73.97786590000004, 18.581347100000073 ], [ 73.977945400000067, 18.581323400000031 ], [ 73.977943700000083, 18.581164100000024 ], [ 73.978093200000046, 18.581169600000067 ], [ 73.978092, 18.580951600000049 ], [ 73.977925700000071, 18.580924700000029 ], [ 73.977723900000058, 18.580914700000047 ], [ 73.977604800000051, 18.580900100000061 ], [ 73.977432500000077, 18.580814 ], [ 73.977137600000049, 18.580701100000052 ], [ 73.977109300000052, 18.580742500000042 ], [ 73.97707980000007, 18.580816300000034 ], [ 73.977070400000059, 18.580927 ], [ 73.977055, 18.581114800000023 ], [ 73.976964200000054, 18.581195300000047 ], [ 73.976854500000059, 18.581301600000078 ], [ 73.976817900000071, 18.581351900000072 ], [ 73.976820300000043, 18.58141790000008 ], [ 73.976836800000058, 18.581498400000044 ], [ 73.976866300000054, 18.581563200000062 ], [ 73.976934700000072, 18.58161130000007 ], [ 73.977039700000034, 18.581690700000021 ], [ 73.977144700000053, 18.581684 ], [ 73.977286300000074, 18.581628100000049 ], [ 73.97738540000006, 18.581575500000042 ], [ 73.977498400000059, 18.58155390000007 ] ] ] } },
{ "type": "Feature", "properties": { }, "geometry": { "type": "Polygon", "coordinates": [ [ [ 73.97595160000003, 18.585962500000043 ], [ 73.975363200000061, 18.586086400000056 ], [ 73.975279200000045, 18.586352 ], [ 73.975213800000063, 18.586573300000044 ], [ 73.975167100000078, 18.586821200000031 ], [ 73.975307200000032, 18.586971700000049 ], [ 73.975484600000073, 18.587024800000055 ], [ 73.975447300000042, 18.587175300000073 ], [ 73.975652800000034, 18.587370100000044 ], [ 73.97595160000003, 18.587396600000034 ], [ 73.976194500000076, 18.587290400000025 ], [ 73.976334600000044, 18.587069100000068 ], [ 73.976409300000057, 18.586564500000065 ], [ 73.976371900000061, 18.586024400000042 ], [ 73.97595160000003, 18.585962500000043 ] ] ] } },
{ "type": "Feature", "properties": { }, "geometry": { "type": "Polygon", "coordinates": [ [ [ 73.980867300000057, 18.587343800000035 ], [ 73.980903600000033, 18.587118900000061 ], [ 73.980769700000053, 18.586905400000028 ], [ 73.980753, 18.586776600000064 ], [ 73.980823200000032, 18.58667650000007 ], [ 73.980959900000073, 18.586597700000027 ], [ 73.981563300000062, 18.586501700000042 ], [ 73.981606, 18.586317600000029 ], [ 73.98166, 18.586269700000056 ], [ 73.981804800000077, 18.586264600000053 ], [ 73.981971100000067, 18.586218900000059 ], [ 73.982006, 18.58600790000003 ], [ 73.981962, 18.585810400000071 ], [ 73.981779300000085, 18.585673300000053 ], [ 73.981290600000079, 18.585668200000043 ], [ 73.981238900000051, 18.585733300000069 ], [ 73.981145500000082, 18.585731300000081 ], [ 73.98100020000004, 18.585796900000044 ], [ 73.981006100000059, 18.586091300000074 ], [ 73.98100020000004, 18.586190900000076 ], [ 73.980964, 18.586213800000056 ], [ 73.980912300000057, 18.586228700000049 ], [ 73.980832200000066, 18.586178 ], [ 73.980806700000073, 18.58607580000006 ], [ 73.980788300000029, 18.585920200000036 ], [ 73.980756400000075, 18.585801800000066 ], [ 73.980583800000034, 18.585463 ], [ 73.980423600000051, 18.585381300000051 ], [ 73.980288, 18.585416300000077 ], [ 73.980042600000047, 18.585753600000032 ], [ 73.979817300000036, 18.585924 ], [ 73.979629500000044, 18.58609070000006 ], [ 73.979203100000063, 18.586608200000057 ], [ 73.97864880000003, 18.586693900000061 ], [ 73.97856070000006, 18.586932 ], [ 73.978509700000075, 18.587166500000027 ], [ 73.978554, 18.58730440000005 ], [ 73.978528500000039, 18.587374400000044 ], [ 73.978451700000051, 18.587404400000025 ], [ 73.978315300000077, 18.587448100000078 ], [ 73.97815520000006, 18.587452400000071 ], [ 73.978098, 18.587509100000037 ], [ 73.978083300000037, 18.58760320000005 ], [ 73.978039600000045, 18.587797200000068 ], [ 73.978047700000047, 18.587898800000058 ], [ 73.979581200000041, 18.588026300000028 ], [ 73.979645700000049, 18.58797560000005 ], [ 73.979648300000065, 18.587858700000027 ], [ 73.979666400000042, 18.587778400000051 ], [ 73.979739500000051, 18.587693400000038 ], [ 73.980141900000035, 18.587566300000049 ], [ 73.980491900000075, 18.587523500000028 ], [ 73.980557500000032, 18.587592100000055 ], [ 73.980576400000075, 18.587754400000051 ], [ 73.980623900000069, 18.587919 ], [ 73.980777300000057, 18.588217800000056 ], [ 73.980745800000079, 18.588314800000038 ], [ 73.980667600000061, 18.588362 ], [ 73.980640100000073, 18.588437600000081 ], [ 73.980689900000073, 18.588497600000039 ], [ 73.981126800000084, 18.588528100000079 ], [ 73.981187700000078, 18.58840680000003 ], [ 73.981327500000077, 18.587978700000065 ], [ 73.981134300000065, 18.58797050000004 ], [ 73.981051100000059, 18.58790950000002 ], [ 73.981115100000068, 18.587781100000029 ], [ 73.980925100000036, 18.587675600000068 ], [ 73.980867300000057, 18.587343800000035 ] ], [ [ 73.980404700000079, 18.586094300000074 ], [ 73.98043830000006, 18.586108300000038 ], [ 73.98045970000004, 18.586138800000068 ], [ 73.980502600000079, 18.586151500000025 ], [ 73.980540200000064, 18.586217600000055 ], [ 73.980548200000044, 18.586279900000022 ], [ 73.980510700000082, 18.58632950000003 ], [ 73.980471800000032, 18.586338400000042 ], [ 73.980402100000049, 18.586340900000039 ], [ 73.980305500000043, 18.586368900000025 ], [ 73.980229, 18.586376500000021 ], [ 73.980147200000033, 18.586351100000051 ], [ 73.980109700000071, 18.586328200000022 ], [ 73.980096300000071, 18.586262100000049 ], [ 73.980113700000061, 18.586206200000049 ], [ 73.980190200000038, 18.586140100000019 ], [ 73.980273300000079, 18.586113400000045 ], [ 73.980364500000064, 18.586112100000033 ], [ 73.980404700000079, 18.586094300000074 ] ] ] } },
{ "type": "Feature", "properties": { }, "geometry": { "type": "Polygon", "coordinates": [ [ [ 73.973824600000057, 18.587602700000051 ], [ 73.973878400000046, 18.587611700000021 ], [ 73.973917, 18.587613400000066 ], [ 73.973960500000032, 18.587585500000049 ], [ 73.974018300000068, 18.587547100000048 ], [ 73.974077400000056, 18.58753490000004 ], [ 73.974160100000063, 18.587494900000028 ], [ 73.97420720000008, 18.587437400000052 ], [ 73.97427040000008, 18.587343500000028 ], [ 73.974298600000054, 18.587321 ], [ 73.974351600000034, 18.587292800000057 ], [ 73.974385100000063, 18.587213800000029 ], [ 73.974409300000048, 18.587176200000044 ], [ 73.974407300000053, 18.587123400000053 ], [ 73.974335800000063, 18.586661900000024 ], [ 73.974475900000073, 18.586458200000038 ], [ 73.974354500000061, 18.586343200000044 ], [ 73.974205100000063, 18.586378600000046 ], [ 73.974036900000044, 18.586679600000029 ], [ 73.973934200000031, 18.586954 ], [ 73.973794100000077, 18.587184200000024 ], [ 73.973663300000055, 18.587317 ], [ 73.973579500000085, 18.587483 ], [ 73.973593600000072, 18.587558600000019 ], [ 73.973632100000032, 18.58760570000004 ], [ 73.973693100000048, 18.587621 ], [ 73.973768800000073, 18.587608300000056 ], [ 73.973824600000057, 18.587602700000051 ] ] ] } },
{ "type": "Feature", "properties": { }, "geometry": { "type": "Polygon", "coordinates": [ [ [ 73.974218800000074, 18.588731300000056 ], [ 73.974186900000063, 18.588630200000068 ], [ 73.974177, 18.58857480000006 ], [ 73.974199400000032, 18.588494 ], [ 73.974216600000034, 18.588299900000035 ], [ 73.974104300000079, 18.588133700000071 ], [ 73.974064100000078, 18.587655900000076 ], [ 73.973786500000074, 18.587681300000039 ], [ 73.973498200000051, 18.587747400000065 ], [ 73.973444500000085, 18.587899900000025 ], [ 73.973382800000081, 18.58808040000002 ], [ 73.973431100000084, 18.588243100000057 ], [ 73.973474900000042, 18.588432600000033 ], [ 73.973508400000071, 18.588552100000072 ], [ 73.973517300000083, 18.588693100000054 ], [ 73.973574800000051, 18.588700700000061 ], [ 73.973641800000053, 18.588637800000068 ], [ 73.973686, 18.588584900000058 ], [ 73.973663100000067, 18.588529100000077 ], [ 73.973707300000058, 18.588469400000065 ], [ 73.973760900000059, 18.588593900000035 ], [ 73.973828100000048, 18.588766800000027 ], [ 73.973793200000046, 18.588853200000074 ], [ 73.973761200000069, 18.588910300000066 ], [ 73.973782100000051, 18.588948600000037 ], [ 73.973836500000061, 18.588984400000076 ], [ 73.973996300000067, 18.588986200000022 ], [ 73.974031500000081, 18.588947700000052 ], [ 73.974084, 18.588941200000022 ], [ 73.974134700000036, 18.589000700000042 ], [ 73.974190800000031, 18.588999300000065 ], [ 73.974227700000029, 18.588947300000029 ], [ 73.974218800000074, 18.588731300000056 ] ] ] } },
{ "type": "Feature", "properties": { }, "geometry": { "type": "Polygon", "coordinates": [ [ [ 73.974067, 18.590235600000032 ], [ 73.974008, 18.590154300000052 ], [ 73.973830900000053, 18.58990510000006 ], [ 73.973734400000069, 18.589808500000061 ], [ 73.973627100000044, 18.58978820000004 ], [ 73.973514400000056, 18.589920400000036 ], [ 73.973509100000058, 18.590011900000039 ], [ 73.973509100000058, 18.590133900000069 ], [ 73.973573400000078, 18.590271200000075 ], [ 73.973611, 18.59034750000006 ], [ 73.97371830000003, 18.590296600000041 ], [ 73.973825600000055, 18.590357600000058 ], [ 73.97389, 18.590413600000026 ], [ 73.973825600000055, 18.590454200000067 ], [ 73.973809500000073, 18.590520300000037 ], [ 73.973863100000074, 18.590545800000026 ], [ 73.974013300000081, 18.590555900000027 ], [ 73.974099200000069, 18.59047460000005 ], [ 73.974136700000031, 18.590403400000067 ], [ 73.974029400000063, 18.590327100000025 ], [ 73.974067, 18.590235600000032 ] ] ] } },
{ "type": "Feature", "properties": { }, "geometry": { "type": "Polygon", "coordinates": [ [ [ 73.973065800000029, 18.592031900000048 ], [ 73.973212100000069, 18.59208580000006 ], [ 73.973175500000082, 18.591839200000042 ], [ 73.973309700000073, 18.59145 ], [ 73.973094200000048, 18.591453900000033 ], [ 73.972931600000038, 18.591611900000029 ], [ 73.972740500000043, 18.591681200000043 ], [ 73.972557600000073, 18.591673500000066 ], [ 73.972350200000051, 18.591658100000071 ], [ 73.972236400000043, 18.59165420000005 ], [ 73.97204940000006, 18.591688900000062 ], [ 73.971825800000047, 18.591839200000035 ], [ 73.971809500000063, 18.591939400000054 ], [ 73.97188680000005, 18.592058800000075 ], [ 73.97200470000007, 18.59206650000004 ], [ 73.972915300000068, 18.592089700000027 ], [ 73.973065800000029, 18.592031900000048 ] ] ] } },
{ "type": "Feature", "properties": { }, "geometry": { "type": "Polygon", "coordinates": [ [ [ 73.972515100000081, 18.592237 ], [ 73.972094800000036, 18.592263500000058 ], [ 73.971739900000046, 18.592268 ], [ 73.971693200000061, 18.592356500000058 ], [ 73.971814600000073, 18.592467100000025 ], [ 73.972085500000048, 18.592546800000029 ], [ 73.972403, 18.592569 ], [ 73.972729900000047, 18.592507 ], [ 73.972996100000046, 18.59243170000008 ], [ 73.973070800000073, 18.592321100000046 ], [ 73.972898100000066, 18.592250300000039 ], [ 73.972515100000081, 18.592237 ] ] ] } },
{ "type": "Feature", "properties": { }, "geometry": { "type": "Polygon", "coordinates": [ [ [ 73.935038, 18.518422800000049 ], [ 73.935009600000058, 18.518683400000043 ], [ 73.935119500000042, 18.518694200000024 ], [ 73.935147900000061, 18.518433600000037 ], [ 73.935038, 18.518422800000049 ] ] ] } },
{ "type": "Feature", "properties": { }, "geometry": { "type": "Polygon", "coordinates": [ [ [ 73.92489050000006, 18.520044700000028 ], [ 73.924852700000031, 18.520055800000026 ], [ 73.924811900000066, 18.520077900000047 ], [ 73.924779800000067, 18.5201 ], [ 73.924765300000047, 18.520141400000053 ], [ 73.924765300000047, 18.520182800000047 ], [ 73.92477690000004, 18.520232600000046 ], [ 73.924809, 18.520274 ], [ 73.924838100000045, 18.520290600000063 ], [ 73.924881800000037, 18.520304400000043 ], [ 73.924931300000083, 18.520304400000047 ], [ 73.924969200000078, 18.520296100000053 ], [ 73.92501, 18.520282300000076 ], [ 73.925036200000079, 18.520249100000058 ], [ 73.925050800000065, 18.520204900000063 ], [ 73.925050800000065, 18.520169 ], [ 73.925047800000073, 18.520130400000024 ], [ 73.925024500000063, 18.520091700000023 ], [ 73.92499250000003, 18.520066800000048 ], [ 73.924945900000083, 18.520050200000071 ], [ 73.92489050000006, 18.520044700000028 ] ] ] } },
{ "type": "Feature", "properties": { }, "geometry": { "type": "Polygon", "coordinates": [ [ [ 73.925881, 18.520343100000048 ], [ 73.925983, 18.520343100000048 ], [ 73.925977200000034, 18.520276800000033 ], [ 73.925959700000078, 18.520232600000039 ], [ 73.925930600000072, 18.520188400000052 ], [ 73.92590430000007, 18.520166300000025 ], [ 73.925840300000061, 18.52021880000007 ], [ 73.925816900000029, 18.520500500000029 ], [ 73.925875200000064, 18.520508800000066 ], [ 73.925933500000042, 18.520539200000027 ], [ 73.925974300000064, 18.520459100000043 ], [ 73.925872300000037, 18.520439700000058 ], [ 73.925881, 18.520343100000048 ] ] ] } },
{ "type": "Feature", "properties": { }, "geometry": { "type": "MultiPolygon", "coordinates": [ [ [ [ 73.990693900000053, 18.522117800000046 ], [ 73.989797700000054, 18.52307740000003 ], [ 73.988972200000035, 18.523860100000036 ], [ 73.987938100000065, 18.524694500000066 ], [ 73.986522900000068, 18.52552020000007 ], [ 73.984735800000067, 18.526569600000069 ], [ 73.981896400000039, 18.528178100000044 ], [ 73.979628500000047, 18.529769300000051 ], [ 73.978349500000036, 18.530835800000034 ], [ 73.976925200000039, 18.532229200000071 ], [ 73.97618140000003, 18.533235600000065 ], [ 73.975283300000058, 18.534878400000025 ], [ 73.974503100000049, 18.536753400000066 ], [ 73.974258200000065, 18.537897300000058 ], [ 73.97358040000006, 18.539383300000058 ], [ 73.973533700000075, 18.539485700000061 ], [ 73.972848201069752, 18.540763821196606 ], [ 73.97423, 18.53918 ], [ 73.97492, 18.53775 ], [ 73.97547, 18.53599 ], [ 73.97595, 18.53405 ], [ 73.97791, 18.53248 ], [ 73.97853, 18.53173 ], [ 73.97967, 18.53034 ], [ 73.98657, 18.52579 ], [ 73.98907, 18.52424 ], [ 73.99028, 18.52354 ], [ 73.99128, 18.52267 ], [ 73.991327186092548, 18.522563360171883 ], [ 73.990693900000053, 18.522117800000046 ] ] ], [ [ [ 73.971635, 18.541480500000034 ], [ 73.970234600000083, 18.542018800000051 ], [ 73.969736200000057, 18.542210300000022 ], [ 73.967478300000039, 18.542745500000024 ], [ 73.964655900000082, 18.543207700000039 ], [ 73.962808500000051, 18.544132100000073 ], [ 73.961243400000058, 18.545202400000051 ], [ 73.95872890000004, 18.546175400000038 ], [ 73.957685900000058, 18.54623220000008 ], [ 73.956678800000077, 18.546122800000035 ], [ 73.955626800000061, 18.545867300000058 ], [ 73.954728800000055, 18.545466 ], [ 73.95351, 18.545168 ], [ 73.952605600000084, 18.545186200000046 ], [ 73.952316300000064, 18.545200600000051 ], [ 73.952368, 18.545042700000064 ], [ 73.952128900000048, 18.544972100000052 ], [ 73.951927, 18.54504 ], [ 73.951775300000065, 18.544920600000065 ], [ 73.951745200000076, 18.544474 ], [ 73.951669300000049, 18.544465900000034 ], [ 73.95154830000007, 18.546094600000064 ], [ 73.951669300000049, 18.546101400000055 ], [ 73.951643500000046, 18.546364800000049 ], [ 73.951792400000045, 18.546359300000063 ], [ 73.951949600000034, 18.546235600000045 ], [ 73.953529600000081, 18.546306 ], [ 73.956588900000042, 18.547099 ], [ 73.958389, 18.547364500000068 ], [ 73.960706500000072, 18.546780300000027 ], [ 73.963601600000061, 18.545019900000057 ], [ 73.967546600000048, 18.54371 ], [ 73.969732200000067, 18.543462800000039 ], [ 73.970450187598004, 18.543150364579589 ], [ 73.97045, 18.54315 ], [ 73.97048, 18.54296 ], [ 73.97157, 18.54225 ], [ 73.97252, 18.54114 ], [ 73.972670820855228, 18.540967131841999 ], [ 73.971635, 18.541480500000034 ] ] ] ] } },
{ "type": "Feature", "properties": { }, "geometry": { "type": "Polygon", "coordinates": [ [ [ 73.915805500000033, 18.540645600000055 ], [ 73.917696800000044, 18.540516 ], [ 73.920596200000034, 18.539993 ], [ 73.922931, 18.539457800000037 ], [ 73.925663600000078, 18.539117200000071 ], [ 73.929319900000053, 18.538156300000022 ], [ 73.931603500000051, 18.537317100000049 ], [ 73.933168700000067, 18.53719540000003 ], [ 73.934759500000041, 18.53714680000007 ], [ 73.936773600000052, 18.536708900000061 ], [ 73.938775, 18.536842700000015 ], [ 73.93972430000008, 18.537779300000068 ], [ 73.940481200000079, 18.539129400000036 ], [ 73.94190530000003, 18.541999900000064 ], [ 73.943072700000073, 18.544043300000055 ], [ 73.943927, 18.544895900000025 ], [ 73.944556800000043, 18.545344 ], [ 73.945192500000076, 18.545550400000025 ], [ 73.945415800000035, 18.545705100000074 ], [ 73.946488900000077, 18.546012900000051 ], [ 73.948651200000043, 18.545994300000078 ], [ 73.949538200000063, 18.546088500000049 ], [ 73.950099300000034, 18.546184100000058 ], [ 73.95153010000007, 18.546092700000031 ], [ 73.951617800000065, 18.544463 ], [ 73.949067200000059, 18.544653800000045 ], [ 73.946810500000083, 18.544729800000027 ], [ 73.94594550000005, 18.544649100000072 ], [ 73.945684300000039, 18.544377400000027 ], [ 73.944285900000068, 18.543313100000038 ], [ 73.942960700000071, 18.540609900000049 ], [ 73.942044500000065, 18.538752200000033 ], [ 73.940774400000066, 18.536515900000037 ], [ 73.940012400000057, 18.535690200000033 ], [ 73.938588200000083, 18.535071 ], [ 73.937345400000083, 18.534804300000069 ], [ 73.936048200000073, 18.53470110000006 ], [ 73.934388100000035, 18.534924800000052 ], [ 73.93253750000008, 18.535234400000039 ], [ 73.930387500000052, 18.535802100000069 ], [ 73.928382700000043, 18.536558900000045 ], [ 73.926949400000069, 18.537083600000074 ], [ 73.924509200000045, 18.537857700000071 ], [ 73.922513400000071, 18.538150100000053 ], [ 73.920490500000028, 18.538261900000066 ], [ 73.918939300000034, 18.538313500000072 ], [ 73.916526200000078, 18.538451100000028 ], [ 73.91535650000003, 18.538729900000074 ], [ 73.915805500000033, 18.540645600000055 ] ] ] } },
{ "type": "Feature", "properties": { }, "geometry": { "type": "Polygon", "coordinates": [ [ [ 73.948345700000061, 18.54367980000006 ], [ 73.948354400000085, 18.543683800000046 ], [ 73.94836980000008, 18.543687500000033 ], [ 73.94839120000006, 18.543695400000047 ], [ 73.948420400000032, 18.543700300000072 ], [ 73.948433600000044, 18.543690800000036 ], [ 73.948445200000037, 18.543681700000036 ], [ 73.948458600000038, 18.543660700000032 ], [ 73.948472800000047, 18.543641100000059 ], [ 73.948489400000028, 18.543628400000046 ], [ 73.948522500000081, 18.543619700000022 ], [ 73.948542900000064, 18.543624400000059 ], [ 73.948560300000054, 18.543626400000054 ], [ 73.948587100000054, 18.543626400000047 ], [ 73.948616, 18.543630500000067 ], [ 73.948633800000039, 18.543639400000075 ], [ 73.948647600000072, 18.543635900000023 ], [ 73.948665300000073, 18.543634 ], [ 73.94868880000007, 18.543634200000042 ], [ 73.948703800000033, 18.543640100000065 ], [ 73.948723200000074, 18.543653300000074 ], [ 73.948734400000049, 18.543664800000048 ], [ 73.948758500000054, 18.543666600000051 ], [ 73.948772600000055, 18.543656900000027 ], [ 73.948787200000083, 18.543648700000062 ], [ 73.948805800000059, 18.543647200000059 ], [ 73.948825400000032, 18.543664 ], [ 73.948853300000053, 18.543672300000022 ], [ 73.948870600000078, 18.543667700000071 ], [ 73.94889, 18.543648200000064 ], [ 73.948896300000058, 18.543630900000039 ], [ 73.948906, 18.543611400000028 ], [ 73.948887, 18.543610500000053 ], [ 73.948856700000078, 18.54360980000007 ], [ 73.948827100000074, 18.543601600000045 ], [ 73.948809900000072, 18.54358830000006 ], [ 73.948789600000055, 18.543575 ], [ 73.948784100000069, 18.543584800000072 ], [ 73.948783100000071, 18.543601 ], [ 73.948761200000035, 18.543620700000073 ], [ 73.948741, 18.543618700000025 ], [ 73.948716500000046, 18.543600500000025 ], [ 73.948699600000054, 18.543594400000075 ], [ 73.948678500000028, 18.543599 ], [ 73.948641700000053, 18.543599400000062 ], [ 73.948621, 18.543589900000025 ], [ 73.948604, 18.543581400000054 ], [ 73.948571400000048, 18.543588300000064 ], [ 73.948556, 18.543589800000067 ], [ 73.948530900000037, 18.543583400000045 ], [ 73.948526800000096, 18.543593800000053 ], [ 73.948502200000064, 18.543596100000059 ], [ 73.948478300000033, 18.543608400000039 ], [ 73.948457, 18.543608500000058 ], [ 73.948442700000044, 18.543602800000031 ], [ 73.948432500000081, 18.54361380000006 ], [ 73.94842680000005, 18.543634900000029 ], [ 73.948414900000046, 18.543653 ], [ 73.948384900000079, 18.543652500000068 ], [ 73.948351500000058, 18.543649700000064 ], [ 73.948337300000048, 18.543642400000067 ], [ 73.948321600000043, 18.543612 ], [ 73.948309800000061, 18.543592300000054 ], [ 73.948285, 18.543585500000059 ], [ 73.948260300000072, 18.543590600000073 ], [ 73.948236700000052, 18.543598600000053 ], [ 73.948225300000061, 18.543617600000061 ], [ 73.948221800000056, 18.543643200000076 ], [ 73.948225, 18.543667200000076 ], [ 73.948252500000081, 18.543695300000017 ], [ 73.948272900000063, 18.543705100000064 ], [ 73.948297, 18.543703300000058 ], [ 73.948318100000051, 18.543691 ], [ 73.948345700000061, 18.54367980000006 ] ] ] } },
{ "type": "Feature", "properties": { }, "geometry": { "type": "Polygon", "coordinates": [ [ [ 73.971159700000044, 18.566480800000026 ], [ 73.97118770000003, 18.566317 ], [ 73.971145700000079, 18.566272700000074 ], [ 73.971178400000042, 18.566188600000029 ], [ 73.970977600000083, 18.565874300000065 ], [ 73.971066300000075, 18.56577250000004 ], [ 73.971024300000067, 18.565750300000044 ], [ 73.970851500000038, 18.565745900000028 ], [ 73.970800100000076, 18.565745900000021 ], [ 73.970664700000043, 18.565732600000047 ], [ 73.970636700000057, 18.565812300000054 ], [ 73.970650700000078, 18.565865400000067 ], [ 73.970674, 18.565980500000023 ], [ 73.970674, 18.566051400000049 ], [ 73.97070210000004, 18.56609120000007 ], [ 73.970772100000033, 18.5661 ], [ 73.970781500000044, 18.566148700000042 ], [ 73.970828200000028, 18.566215100000022 ], [ 73.970767400000071, 18.566330200000039 ], [ 73.970809500000044, 18.566471900000071 ], [ 73.970884200000057, 18.566542700000078 ], [ 73.970921600000054, 18.566538300000044 ], [ 73.971005600000069, 18.56652060000004 ], [ 73.971061700000064, 18.566631300000036 ], [ 73.971164400000077, 18.56659140000005 ], [ 73.971159700000044, 18.566480800000026 ] ] ] } },
{ "type": "Feature", "properties": { }, "geometry": { "type": "Polygon", "coordinates": [ [ [ 73.943952700000068, 18.571491600000058 ], [ 73.944189400000084, 18.571562500000027 ], [ 73.944513400000062, 18.571438500000056 ], [ 73.944781400000068, 18.57154480000003 ], [ 73.944825, 18.571084100000068 ], [ 73.944625600000052, 18.571030900000036 ], [ 73.944575800000052, 18.570782800000064 ], [ 73.944476100000031, 18.570664700000062 ], [ 73.944725300000073, 18.570528900000056 ], [ 73.945080400000066, 18.570623400000045 ], [ 73.945423100000085, 18.570434400000067 ], [ 73.945628800000065, 18.570487500000066 ], [ 73.945678600000065, 18.570776900000052 ], [ 73.945896700000048, 18.570605700000044 ], [ 73.945878, 18.570463900000046 ], [ 73.946083600000065, 18.570221700000047 ], [ 73.945934100000045, 18.569665500000045 ], [ 73.945628800000065, 18.569276700000046 ], [ 73.945554, 18.569205800000073 ], [ 73.945454300000051, 18.569300300000069 ], [ 73.945423100000085, 18.569489300000043 ], [ 73.945186400000068, 18.56955430000005 ], [ 73.944712800000048, 18.569495200000059 ], [ 73.944208100000083, 18.569566100000035 ], [ 73.943435500000078, 18.56989690000006 ], [ 73.943130200000041, 18.570257200000071 ], [ 73.943205, 18.570682400000063 ], [ 73.943460400000049, 18.571060400000025 ], [ 73.943491600000073, 18.571355800000049 ], [ 73.943641100000036, 18.571710100000072 ], [ 73.943809400000077, 18.571745600000046 ], [ 73.943952700000068, 18.571491600000058 ] ] ] } },
{ "type": "Feature", "properties": { }, "geometry": { "type": "Polygon", "coordinates": [ [ [ 73.940956200000073, 18.575007 ], [ 73.940942500000062, 18.575008400000055 ], [ 73.94093010000006, 18.575014100000033 ], [ 73.940920500000061, 18.57502340000007 ], [ 73.940914700000064, 18.575035300000025 ], [ 73.940913500000079, 18.575048300000052 ], [ 73.940916600000037, 18.575059900000042 ], [ 73.940923300000065, 18.57507 ], [ 73.940932900000064, 18.575077700000062 ], [ 73.940944600000094, 18.575082200000057 ], [ 73.940957200000071, 18.575083 ], [ 73.940969400000029, 18.57508 ], [ 73.940980100000047, 18.575073600000053 ], [ 73.940988100000084, 18.575064400000034 ], [ 73.94099280000006, 18.575053300000036 ], [ 73.940993400000082, 18.575040200000046 ], [ 73.940989400000035, 18.575027800000043 ], [ 73.940981100000045, 18.575017300000074 ], [ 73.940969600000074, 18.575010100000043 ], [ 73.940956200000073, 18.575007 ] ] ] } },
{ "type": "Feature", "properties": { }, "geometry": { "type": "Polygon", "coordinates": [ [ [ 73.942274800000064, 18.575355900000037 ], [ 73.942261100000053, 18.575357300000064 ], [ 73.94224870000005, 18.575363 ], [ 73.942239, 18.575372300000023 ], [ 73.942233300000055, 18.57538420000003 ], [ 73.942232100000084, 18.575397200000058 ], [ 73.942235100000062, 18.575408800000051 ], [ 73.942241800000033, 18.575418900000045 ], [ 73.942251500000054, 18.575426600000068 ], [ 73.94226320000007, 18.575431100000053 ], [ 73.942275800000061, 18.575431800000047 ], [ 73.942288, 18.57542890000008 ], [ 73.942298700000052, 18.575422500000059 ], [ 73.942306700000074, 18.575413300000037 ], [ 73.942311300000028, 18.575402200000038 ], [ 73.942312, 18.575389100000052 ], [ 73.94230790000006, 18.575376700000049 ], [ 73.942299700000035, 18.575366200000076 ], [ 73.942288200000064, 18.575359 ], [ 73.942274800000064, 18.575355900000037 ] ] ] } },
{ "type": "Feature", "properties": { }, "geometry": { "type": "Polygon", "coordinates": [ [ [ 73.991327186092548, 18.522563360171883 ], [ 73.99178, 18.52154 ], [ 73.99203, 18.52028 ], [ 73.99192, 18.51785 ], [ 73.99158, 18.51685 ], [ 73.99128, 18.51434 ], [ 73.99119, 18.51286 ], [ 73.99113, 18.51119 ], [ 73.99129, 18.51041 ], [ 73.99182, 18.50985 ], [ 73.99261, 18.50914 ], [ 73.99381, 18.50828 ], [ 73.99473, 18.50763 ], [ 73.99564, 18.5071 ], [ 73.99781, 18.50559 ], [ 73.997770698990422, 18.505469074278768 ], [ 73.997383700000057, 18.50539260000005 ], [ 73.995817300000056, 18.505677500000047 ], [ 73.992875500000082, 18.507734700000071 ], [ 73.991309100000095, 18.509830500000081 ], [ 73.990879900000039, 18.511092100000045 ], [ 73.990860600000076, 18.513348600000029 ], [ 73.991246900000078, 18.515830900000026 ], [ 73.991545100000053, 18.518864600000025 ], [ 73.991244700000038, 18.520838300000037 ], [ 73.990882100000078, 18.521730400000024 ], [ 73.990693900000053, 18.522117800000046 ], [ 73.991327186092548, 18.522563360171883 ] ] ] } },
{ "type": "Feature", "properties": { }, "geometry": { "type": "Polygon", "coordinates": [ [ [ 73.94137870000003, 18.57589270000005 ], [ 73.941365, 18.575894100000024 ], [ 73.941352600000073, 18.575899800000059 ], [ 73.941343, 18.575909100000047 ], [ 73.941337200000092, 18.575920900000028 ], [ 73.941336, 18.575933900000056 ], [ 73.94133910000005, 18.575945600000065 ], [ 73.941345800000079, 18.575955700000065 ], [ 73.941355400000077, 18.575963400000031 ], [ 73.941367100000036, 18.575967800000054 ], [ 73.941379700000084, 18.575968600000071 ], [ 73.941392, 18.57596570000004 ], [ 73.94140260000006, 18.575959300000022 ], [ 73.941410700000063, 18.575950100000057 ], [ 73.941415300000074, 18.575939 ], [ 73.941415900000038, 18.575925900000069 ], [ 73.941411900000048, 18.575913400000051 ], [ 73.941403600000058, 18.575903 ], [ 73.941392100000044, 18.575895800000065 ], [ 73.94137870000003, 18.57589270000005 ] ] ] } },
{ "type": "Feature", "properties": { }, "geometry": { "type": "Polygon", "coordinates": [ [ [ 73.944991600000037, 18.58240980000005 ], [ 73.945282600000041, 18.582445500000059 ], [ 73.94543660000005, 18.582273500000039 ], [ 73.945597500000076, 18.581975 ], [ 73.945761900000036, 18.581900400000052 ], [ 73.945963800000072, 18.581939300000037 ], [ 73.946176100000059, 18.581897100000045 ], [ 73.946306200000038, 18.581754300000057 ], [ 73.946494500000028, 18.581319500000063 ], [ 73.946771800000079, 18.58127090000005 ], [ 73.946840200000054, 18.581202700000066 ], [ 73.946812800000032, 18.581150800000046 ], [ 73.94652190000005, 18.581183200000051 ], [ 73.94639520000004, 18.581014500000034 ], [ 73.946182900000053, 18.581069700000057 ], [ 73.946117900000047, 18.581001500000067 ], [ 73.946155600000054, 18.580904200000077 ], [ 73.946004900000048, 18.580865200000062 ], [ 73.94536480000005, 18.581283800000051 ], [ 73.94519020000007, 18.581611600000031 ], [ 73.944909400000029, 18.581851700000065 ], [ 73.94493680000005, 18.582033400000057 ], [ 73.945015600000033, 18.582104800000025 ], [ 73.945043, 18.582293 ], [ 73.944981300000052, 18.582273500000039 ], [ 73.944714300000044, 18.582331900000042 ], [ 73.94455, 18.582419600000037 ], [ 73.944488400000068, 18.582714800000076 ], [ 73.944645800000046, 18.582805700000048 ], [ 73.944775900000081, 18.58273110000005 ], [ 73.944745100000034, 18.582617500000023 ], [ 73.944752, 18.582432500000039 ], [ 73.944991600000037, 18.58240980000005 ] ] ] } },
{ "type": "Feature", "properties": { }, "geometry": { "type": "Polygon", "coordinates": [ [ [ 73.964717700000051, 18.58501010000003 ], [ 73.964689400000054, 18.585058700000044 ], [ 73.96468230000005, 18.585082200000045 ], [ 73.964769, 18.585265 ], [ 73.964781400000049, 18.585330500000055 ], [ 73.964781400000049, 18.585374100000024 ], [ 73.964765500000055, 18.585389200000062 ], [ 73.964765500000055, 18.585419400000035 ], [ 73.964834500000052, 18.585531700000047 ], [ 73.964861, 18.585568600000048 ], [ 73.9649, 18.585577 ], [ 73.96493, 18.585551900000045 ], [ 73.96493, 18.58549320000003 ], [ 73.964908800000046, 18.585426100000063 ], [ 73.964871600000038, 18.585372400000036 ], [ 73.964836300000059, 18.585298600000041 ], [ 73.964829200000054, 18.585219800000061 ], [ 73.964820300000042, 18.585132500000043 ], [ 73.964822100000049, 18.585060400000035 ], [ 73.964793800000066, 18.58502180000005 ], [ 73.964717700000051, 18.58501010000003 ] ] ] } },
{ "type": "Feature", "properties": { }, "geometry": { "type": "Polygon", "coordinates": [ [ [ 73.961902300000077, 18.599147600000034 ], [ 73.961824500000034, 18.599160300000047 ], [ 73.961812400000056, 18.599179400000025 ], [ 73.961812400000056, 18.59920610000006 ], [ 73.961824500000034, 18.599222600000068 ], [ 73.96191170000003, 18.599212400000056 ], [ 73.961935800000063, 18.599201 ], [ 73.961939800000039, 18.599189500000023 ], [ 73.961941200000069, 18.599166700000072 ], [ 73.961935800000063, 18.599154 ], [ 73.961902300000077, 18.599147600000034 ] ] ] } },
{ "type": "Feature", "properties": { }, "geometry": { "type": "Polygon", "coordinates": [ [ [ 73.957860700000097, 18.605965200000071 ], [ 73.957893500000068, 18.605972700000049 ], [ 73.957903500000043, 18.605978300000061 ], [ 73.957922600000074, 18.60595550000005 ], [ 73.957945400000028, 18.605911500000047 ], [ 73.957971300000054, 18.605873300000038 ], [ 73.957971400000076, 18.605847900000075 ], [ 73.957946500000048, 18.605828600000049 ], [ 73.957925700000033, 18.605816700000048 ], [ 73.957936300000028, 18.605792800000074 ], [ 73.957938, 18.605769900000041 ], [ 73.957927700000084, 18.605747500000067 ], [ 73.957895700000051, 18.605738 ], [ 73.957877500000052, 18.605723400000041 ], [ 73.957868900000051, 18.605703400000035 ], [ 73.957859400000075, 18.605696200000061 ], [ 73.957655, 18.605769500000061 ], [ 73.957624400000043, 18.605807700000071 ], [ 73.957689900000048, 18.605867300000057 ], [ 73.957716300000072, 18.605899900000054 ], [ 73.957720900000083, 18.605939900000067 ], [ 73.957695600000079, 18.605946 ], [ 73.957664500000078, 18.605961900000064 ], [ 73.957633900000076, 18.605998 ], [ 73.95763960000005, 18.606041700000048 ], [ 73.957676500000048, 18.606079500000078 ], [ 73.957724100000064, 18.606091500000044 ], [ 73.957772300000045, 18.60608730000007 ], [ 73.957783100000029, 18.606069900000023 ], [ 73.957771500000035, 18.606050200000027 ], [ 73.957777500000091, 18.606023900000025 ], [ 73.957795700000077, 18.605989400000055 ], [ 73.957825600000035, 18.605970600000038 ], [ 73.957860700000097, 18.605965200000071 ] ] ] } },
{ "type": "Feature", "properties": { }, "geometry": { "type": "Polygon", "coordinates": [ [ [ 73.942043100000035, 18.606308100000032 ], [ 73.942422100000059, 18.606448700000048 ], [ 73.942669300000034, 18.605839600000024 ], [ 73.942455100000075, 18.605152400000062 ], [ 73.942570400000079, 18.604480900000063 ], [ 73.942488, 18.604074800000038 ], [ 73.942174900000055, 18.604371600000032 ], [ 73.941911300000072, 18.604215400000044 ], [ 73.94181240000006, 18.604590200000075 ], [ 73.94192780000003, 18.604715200000047 ], [ 73.942158400000039, 18.605652200000065 ], [ 73.941861800000083, 18.605636600000018 ], [ 73.94123570000005, 18.605980200000033 ], [ 73.94098850000006, 18.60644870000004 ], [ 73.939966800000036, 18.606573600000051 ], [ 73.939274700000055, 18.60665170000004 ], [ 73.939011100000073, 18.606761 ], [ 73.939818500000058, 18.607104600000071 ], [ 73.939884400000039, 18.607541900000054 ], [ 73.94032930000003, 18.607338800000033 ], [ 73.940774300000044, 18.607260800000063 ], [ 73.941482800000074, 18.606823500000075 ], [ 73.941713500000048, 18.606401800000071 ], [ 73.942043100000035, 18.606308100000032 ] ] ] } },
{ "type": "Feature", "properties": { }, "geometry": { "type": "Polygon", "coordinates": [ [ [ 73.958371, 18.605845200000036 ], [ 73.958316600000046, 18.605858400000045 ], [ 73.958296, 18.605886300000066 ], [ 73.958360300000038, 18.606024700000038 ], [ 73.958423700000097, 18.606011900000055 ], [ 73.95847, 18.605968700000059 ], [ 73.958427900000061, 18.605862300000062 ], [ 73.958371, 18.605845200000036 ] ] ] } },
{ "type": "Feature", "properties": { }, "geometry": { "type": "Polygon", "coordinates": [ [ [ 73.957940200000053, 18.606366900000072 ], [ 73.957937300000083, 18.606328200000064 ], [ 73.957932800000037, 18.606310300000075 ], [ 73.957980500000076, 18.606221600000023 ], [ 73.957935300000031, 18.606201300000066 ], [ 73.957884400000069, 18.606150900000046 ], [ 73.957854700000041, 18.606111800000068 ], [ 73.957833400000084, 18.606112300000067 ], [ 73.957818, 18.606139600000063 ], [ 73.957820800000036, 18.606193700000063 ], [ 73.957803100000035, 18.606227300000057 ], [ 73.95775320000007, 18.606244700000047 ], [ 73.957704900000067, 18.606252900000065 ], [ 73.957671800000071, 18.606277600000062 ], [ 73.957665500000076, 18.606324900000057 ], [ 73.957683900000063, 18.606356100000028 ], [ 73.957718300000067, 18.60637070000007 ], [ 73.957768200000032, 18.606368 ], [ 73.957782, 18.606381700000036 ], [ 73.957833200000039, 18.60641430000004 ], [ 73.957884800000045, 18.606420700000058 ], [ 73.95791150000008, 18.606408700000031 ], [ 73.957940200000053, 18.606366900000072 ] ] ] } },
{ "type": "Feature", "properties": { }, "geometry": { "type": "Polygon", "coordinates": [ [ [ 73.958856700000069, 18.606333 ], [ 73.958701800000028, 18.60648250000002 ], [ 73.958746200000064, 18.606523600000056 ], [ 73.958800600000089, 18.606547300000045 ], [ 73.958909300000073, 18.606371500000019 ], [ 73.958856700000069, 18.606333 ] ] ] } },
{ "type": "Feature", "properties": { }, "geometry": { "type": "Polygon", "coordinates": [ [ [ 73.958055300000069, 18.607063100000055 ], [ 73.958036, 18.606969700000036 ], [ 73.958002400000055, 18.606883200000031 ], [ 73.95794490000003, 18.606797200000077 ], [ 73.95790280000007, 18.606753400000056 ], [ 73.957857900000079, 18.606723 ], [ 73.957776900000056, 18.606854700000039 ], [ 73.957714300000077, 18.606934700000068 ], [ 73.957692500000064, 18.606952100000054 ], [ 73.957660500000031, 18.606973400000072 ], [ 73.957551100000046, 18.607021400000061 ], [ 73.957547500000032, 18.607037600000073 ], [ 73.957609600000069, 18.607165100000024 ], [ 73.957633500000043, 18.607166300000074 ], [ 73.957655900000077, 18.607146400000033 ], [ 73.957687200000066, 18.60714560000002 ], [ 73.957786, 18.607102400000027 ], [ 73.957885300000044, 18.607149200000041 ], [ 73.957934800000032, 18.607171400000027 ], [ 73.957958, 18.607168600000019 ], [ 73.958058400000084, 18.60713150000004 ], [ 73.958055300000069, 18.607063100000055 ] ] ] } },
{ "type": "Feature", "properties": { }, "geometry": { "type": "Polygon", "coordinates": [ [ [ 73.973393100000067, 18.592564500000037 ], [ 73.973332400000061, 18.592471600000067 ], [ 73.973276300000066, 18.592626500000051 ], [ 73.97314560000008, 18.592684 ], [ 73.972991500000035, 18.59267960000005 ], [ 73.972781300000065, 18.592630900000078 ], [ 73.972683200000063, 18.592692900000028 ], [ 73.972748600000045, 18.592830100000072 ], [ 73.972790600000053, 18.592940800000065 ], [ 73.972842, 18.593109 ], [ 73.972879400000068, 18.593259400000022 ], [ 73.972982100000095, 18.593299300000073 ], [ 73.973028800000066, 18.593228500000066 ], [ 73.973196900000062, 18.593042600000047 ], [ 73.973276300000066, 18.592905300000044 ], [ 73.973402400000055, 18.592750400000057 ], [ 73.973393100000067, 18.592564500000037 ] ] ] } },
{ "type": "Feature", "properties": { }, "geometry": { "type": "Polygon", "coordinates": [ [ [ 73.975172300000054, 18.592746 ], [ 73.97534980000006, 18.592763700000035 ], [ 73.975527300000067, 18.592900900000071 ], [ 73.975704700000051, 18.592900900000075 ], [ 73.975611300000082, 18.592777 ], [ 73.975503900000035, 18.592710600000032 ], [ 73.975578600000063, 18.592573400000049 ], [ 73.975639300000068, 18.592418500000058 ], [ 73.975606700000071, 18.592303400000048 ], [ 73.975583300000039, 18.592126300000075 ], [ 73.975326500000051, 18.592042200000034 ], [ 73.975219, 18.592135200000023 ], [ 73.975078900000028, 18.592356500000047 ], [ 73.974878100000069, 18.592414 ], [ 73.974850100000083, 18.592538 ], [ 73.974971500000038, 18.592639800000025 ], [ 73.974887500000079, 18.592816800000033 ], [ 73.974761400000034, 18.592772600000046 ], [ 73.974560600000075, 18.592741600000064 ], [ 73.974392500000079, 18.592777 ], [ 73.974294400000076, 18.592909800000026 ], [ 73.974229, 18.593166500000052 ], [ 73.974159, 18.593392200000043 ], [ 73.973939500000029, 18.593640100000076 ], [ 73.973995500000072, 18.593741900000051 ], [ 73.974215, 18.593799500000046 ], [ 73.974308400000041, 18.593896800000042 ], [ 73.974602600000082, 18.593728600000077 ], [ 73.974826800000073, 18.593533900000075 ], [ 73.974630600000069, 18.593361300000026 ], [ 73.974798700000065, 18.593259400000019 ], [ 73.974934200000064, 18.593069100000033 ], [ 73.975027600000033, 18.592878800000054 ], [ 73.975172300000054, 18.592746 ] ] ] } },
{ "type": "Feature", "properties": { }, "geometry": { "type": "Polygon", "coordinates": [ [ [ 73.973967500000072, 18.593157600000044 ], [ 73.973626600000046, 18.593197500000031 ], [ 73.973318400000039, 18.593317 ], [ 73.973285700000076, 18.593529500000042 ], [ 73.973341700000049, 18.593666700000028 ], [ 73.973243600000046, 18.593702100000034 ], [ 73.973229600000082, 18.593830400000062 ], [ 73.973313700000062, 18.593919 ], [ 73.973631200000057, 18.593954400000023 ], [ 73.973738700000069, 18.593963200000076 ], [ 73.973860100000081, 18.593963200000072 ], [ 73.974004800000046, 18.594038500000067 ], [ 73.974116900000084, 18.594149100000038 ], [ 73.974187, 18.59418010000007 ], [ 73.973855400000048, 18.593861400000034 ], [ 73.973888100000067, 18.593600300000048 ], [ 73.974037500000065, 18.593303700000035 ], [ 73.974004800000046, 18.593184200000049 ], [ 73.973967500000072, 18.593157600000044 ] ] ] } },
{ "type": "Feature", "properties": { }, "geometry": { "type": "Polygon", "coordinates": [ [ [ 73.981480800000057, 18.594007500000028 ], [ 73.98146470000006, 18.593900700000063 ], [ 73.98145930000004, 18.593618500000044 ], [ 73.981386900000075, 18.593468500000029 ], [ 73.981303700000069, 18.593308400000069 ], [ 73.981231300000047, 18.593194 ], [ 73.98113740000008, 18.593160900000047 ], [ 73.981008700000075, 18.593186400000036 ], [ 73.98090140000005, 18.593247400000052 ], [ 73.980802200000099, 18.593305800000053 ], [ 73.980778, 18.593379600000048 ], [ 73.980756600000063, 18.593473600000046 ], [ 73.980756600000063, 18.593544800000071 ], [ 73.980788700000062, 18.593626200000074 ], [ 73.980826300000047, 18.593788900000046 ], [ 73.980810200000064, 18.59387020000003 ], [ 73.980794100000082, 18.593982100000066 ], [ 73.980834300000083, 18.594083800000075 ], [ 73.980930900000033, 18.59416 ], [ 73.981046200000037, 18.594157500000051 ], [ 73.981172300000082, 18.594073600000062 ], [ 73.981303700000069, 18.594027800000045 ], [ 73.981314500000053, 18.594221 ], [ 73.981322500000033, 18.594363400000077 ], [ 73.981400300000075, 18.594424400000037 ], [ 73.98147, 18.59441170000002 ], [ 73.981518300000062, 18.594373600000036 ], [ 73.981547800000044, 18.594340500000044 ], [ 73.981523700000082, 18.594264200000055 ], [ 73.981507600000043, 18.594162600000057 ], [ 73.981480800000057, 18.594007500000028 ] ] ] } },
{ "type": "Feature", "properties": { }, "geometry": { "type": "Polygon", "coordinates": [ [ [ 73.97580750000003, 18.594299600000053 ], [ 73.975499200000058, 18.593985400000065 ], [ 73.974985500000059, 18.593848100000063 ], [ 73.974752, 18.593980900000076 ], [ 73.974523200000093, 18.593989800000028 ], [ 73.974341100000075, 18.594206700000029 ], [ 73.974299100000053, 18.594366 ], [ 73.974532600000032, 18.594503200000077 ], [ 73.974742700000036, 18.59456520000003 ], [ 73.974626, 18.594675800000061 ], [ 73.974733400000048, 18.594897200000048 ], [ 73.974808100000089, 18.595065300000041 ], [ 73.974915500000066, 18.594945800000058 ], [ 73.975149, 18.595065300000041 ], [ 73.975219, 18.595255700000045 ], [ 73.975261100000068, 18.595353100000068 ], [ 73.975471200000072, 18.595423900000075 ], [ 73.975714100000062, 18.595463700000046 ], [ 73.975779400000093, 18.595609800000034 ], [ 73.975900900000056, 18.595547800000073 ], [ 73.975961600000062, 18.595003400000049 ], [ 73.97580750000003, 18.594299600000053 ] ] ] } },
{ "type": "Feature", "properties": { }, "geometry": { "type": "Polygon", "coordinates": [ [ [ 73.98128470000006, 18.595208800000023 ], [ 73.981256300000041, 18.595074600000036 ], [ 73.981256300000041, 18.594994100000065 ], [ 73.981254600000071, 18.594821400000054 ], [ 73.981244, 18.594702300000044 ], [ 73.981228, 18.594625100000027 ], [ 73.981169600000044, 18.594586600000071 ], [ 73.981042200000047, 18.594601700000055 ], [ 73.980969700000074, 18.594650300000069 ], [ 73.980964400000062, 18.594819700000077 ], [ 73.980943100000047, 18.594918700000051 ], [ 73.980921900000055, 18.594967300000057 ], [ 73.980854600000043, 18.594967300000064 ], [ 73.980803300000062, 18.594967300000064 ], [ 73.980767900000046, 18.594970700000029 ], [ 73.980734300000051, 18.594997500000037 ], [ 73.980720200000064, 18.59506290000007 ], [ 73.980709500000046, 18.595143400000044 ], [ 73.980691800000045, 18.595195400000019 ], [ 73.98071310000006, 18.595252400000046 ], [ 73.98077150000006, 18.595262500000047 ], [ 73.980900700000063, 18.595272600000044 ], [ 73.980921900000055, 18.595294400000057 ], [ 73.980948400000045, 18.595291 ], [ 73.980966100000046, 18.59527090000006 ], [ 73.981031600000051, 18.595326200000045 ], [ 73.98109530000005, 18.595381600000049 ], [ 73.981128900000044, 18.595420100000069 ], [ 73.981176700000049, 18.595441900000026 ], [ 73.981245700000045, 18.59543520000005 ], [ 73.981281100000061, 18.595413400000041 ], [ 73.981300600000054, 18.595338 ], [ 73.98128470000006, 18.595208800000023 ] ] ] } },
{ "type": "Feature", "properties": { }, "geometry": { "type": "Polygon", "coordinates": [ [ [ 73.980574500000046, 18.596729 ], [ 73.980646600000071, 18.596732900000067 ], [ 73.980703500000061, 18.596729 ], [ 73.980739100000051, 18.596708800000044 ], [ 73.980750300000068, 18.596678 ], [ 73.980766600000038, 18.596622100000047 ], [ 73.980794, 18.596604800000019 ], [ 73.980827500000032, 18.596593200000029 ], [ 73.980870200000084, 18.596564300000072 ], [ 73.980893600000059, 18.59653250000002 ], [ 73.980895600000053, 18.596506500000029 ], [ 73.980990200000065, 18.596489200000061 ], [ 73.981093800000053, 18.59647950000004 ], [ 73.981162900000072, 18.596400500000072 ], [ 73.981178200000045, 18.596315800000074 ], [ 73.98117620000005, 18.596263800000031 ], [ 73.981173100000035, 18.596203100000025 ], [ 73.981152800000075, 18.596166500000038 ], [ 73.981128400000046, 18.596127900000063 ], [ 73.981086700000048, 18.596076900000071 ], [ 73.981011500000079, 18.596090400000033 ], [ 73.980939300000045, 18.596129900000051 ], [ 73.980878400000051, 18.596184800000056 ], [ 73.980841800000064, 18.596229100000077 ], [ 73.980789900000048, 18.596275300000059 ], [ 73.980767600000036, 18.59631870000004 ], [ 73.98074930000007, 18.596340800000064 ], [ 73.98073, 18.596346600000061 ], [ 73.980693400000064, 18.596350400000063 ], [ 73.980652700000064, 18.596356200000059 ], [ 73.98061210000003, 18.596365900000023 ], [ 73.980568400000038, 18.596366800000055 ], [ 73.980498200000056, 18.596368700000024 ], [ 73.980462700000032, 18.596387100000069 ], [ 73.980427100000043, 18.596415 ], [ 73.980422, 18.59648720000007 ], [ 73.98042, 18.596584500000063 ], [ 73.980431200000069, 18.596646200000066 ], [ 73.980461700000035, 18.596692400000045 ], [ 73.980484, 18.596733800000035 ], [ 73.980520600000034, 18.596745400000028 ], [ 73.980574500000046, 18.596729 ] ] ] } },
{ "type": "Feature", "properties": { }, "geometry": { "type": "Polygon", "coordinates": [ [ [ 73.980734, 18.597786400000079 ], [ 73.980794400000036, 18.597786400000075 ], [ 73.980836, 18.597790200000073 ], [ 73.98090030000003, 18.597804200000038 ], [ 73.980964700000072, 18.597790200000073 ], [ 73.980996900000036, 18.597716500000043 ], [ 73.981073300000048, 18.597645300000067 ], [ 73.981152500000064, 18.597580500000046 ], [ 73.981202100000075, 18.597480100000038 ], [ 73.981203400000084, 18.597349200000053 ], [ 73.981184600000063, 18.597228400000063 ], [ 73.981143100000054, 18.597200500000039 ], [ 73.981022400000029, 18.59718010000006 ], [ 73.980917800000057, 18.597153400000021 ], [ 73.980836, 18.597181400000068 ], [ 73.980770200000052, 18.597224600000061 ], [ 73.980663, 18.597293200000021 ], [ 73.980563700000062, 18.59734410000004 ], [ 73.980506, 18.597378400000032 ], [ 73.980472500000076, 18.597439400000045 ], [ 73.98049530000003, 18.597481400000049 ], [ 73.980507400000079, 18.597520800000041 ], [ 73.980479200000048, 18.597551300000074 ], [ 73.980405500000074, 18.597578 ], [ 73.980325, 18.597605900000076 ], [ 73.98029420000006, 18.597663100000034 ], [ 73.980322300000068, 18.597734300000074 ], [ 73.980392100000074, 18.597766100000054 ], [ 73.980444400000067, 18.59778260000007 ], [ 73.98050470000004, 18.597780100000023 ], [ 73.980561, 18.59780550000005 ], [ 73.980657600000029, 18.597804200000041 ], [ 73.980734, 18.597786400000079 ] ] ] } },
{ "type": "Feature", "properties": { }, "geometry": { "type": "Polygon", "coordinates": [ [ [ 73.981781, 18.598042900000049 ], [ 73.981839400000069, 18.598012700000027 ], [ 73.981908400000066, 18.598006 ], [ 73.982044700000074, 18.597979200000054 ], [ 73.982136700000069, 18.597959100000022 ], [ 73.982172100000071, 18.597927200000072 ], [ 73.982246400000065, 18.597893700000046 ], [ 73.982357900000068, 18.597868500000057 ], [ 73.982428700000071, 18.597883600000046 ], [ 73.982541900000058, 18.59787190000003 ], [ 73.982648100000063, 18.597851700000028 ], [ 73.982745400000056, 18.597870200000038 ], [ 73.98287810000005, 18.597873500000048 ], [ 73.982982600000071, 18.597878600000058 ], [ 73.983037400000057, 18.597878600000051 ], [ 73.983055100000058, 18.597836600000051 ], [ 73.983041, 18.597767900000061 ], [ 73.983012600000052, 18.597695800000054 ], [ 73.982929500000068, 18.597687400000041 ], [ 73.982812700000068, 18.597643800000068 ], [ 73.982713600000068, 18.597586700000019 ], [ 73.982628600000055, 18.597546500000078 ], [ 73.982462300000066, 18.59755320000005 ], [ 73.982320700000059, 18.597554900000034 ], [ 73.982200400000067, 18.59753140000004 ], [ 73.982060600000068, 18.597543100000053 ], [ 73.981922600000075, 18.597616900000045 ], [ 73.981763300000068, 18.597719200000032 ], [ 73.981646500000068, 18.597762800000051 ], [ 73.981524400000069, 18.597811500000038 ], [ 73.98137580000008, 18.597868500000057 ], [ 73.981306700000061, 18.597880300000043 ], [ 73.981131600000083, 18.597893700000046 ], [ 73.980926300000078, 18.597887 ], [ 73.980756400000075, 18.597888600000029 ], [ 73.980641400000081, 18.597871900000033 ], [ 73.980480300000067, 18.597908800000031 ], [ 73.980356500000084, 18.597962400000025 ], [ 73.980305200000032, 18.598002700000048 ], [ 73.980289200000072, 18.598049600000017 ], [ 73.98031050000003, 18.59807150000006 ], [ 73.98034940000008, 18.598086500000026 ], [ 73.980381200000068, 18.598089900000048 ], [ 73.980427300000031, 18.598059700000018 ], [ 73.98045030000003, 18.598074800000063 ], [ 73.980469700000071, 18.598133500000074 ], [ 73.980460900000082, 18.598224100000042 ], [ 73.980406, 18.598333100000048 ], [ 73.980398900000068, 18.598403500000071 ], [ 73.980443200000082, 18.598425300000034 ], [ 73.98049270000007, 18.598437100000069 ], [ 73.980620100000067, 18.598452200000054 ], [ 73.980740500000081, 18.598422 ], [ 73.980782900000065, 18.598410200000039 ], [ 73.980834300000083, 18.598393500000046 ], [ 73.980882, 18.598385100000026 ], [ 73.981059, 18.598375 ], [ 73.981236, 18.59834480000006 ], [ 73.981448300000068, 18.598333100000044 ], [ 73.981628800000067, 18.598302900000018 ], [ 73.981657100000064, 18.59822070000007 ], [ 73.981676600000085, 18.598105 ], [ 73.981781, 18.598042900000049 ] ] ] } },
{ "type": "Feature", "properties": { }, "geometry": { "type": "Polygon", "coordinates": [ [ [ 73.976977, 18.599257400000052 ], [ 73.977061100000071, 18.598876800000024 ], [ 73.976865, 18.598770500000061 ], [ 73.976986400000044, 18.598513800000031 ], [ 73.976902300000063, 18.598372200000028 ], [ 73.977117100000044, 18.598150900000061 ], [ 73.976958400000058, 18.597761400000021 ], [ 73.976930300000049, 18.597425 ], [ 73.97701440000003, 18.597212500000065 ], [ 73.976799600000049, 18.596991200000044 ], [ 73.976743500000055, 18.597159400000066 ], [ 73.976622100000043, 18.597761400000021 ], [ 73.976323200000081, 18.597867600000026 ], [ 73.976061700000059, 18.598124300000048 ], [ 73.976323200000081, 18.598496100000034 ], [ 73.976089700000045, 18.598735100000052 ], [ 73.97552, 18.599151200000048 ], [ 73.975258500000052, 18.599275100000053 ], [ 73.975230500000066, 18.599469900000024 ], [ 73.97550130000009, 18.599496400000081 ], [ 73.975716100000056, 18.599372500000072 ], [ 73.975949600000035, 18.599407900000074 ], [ 73.975874900000065, 18.599735400000039 ], [ 73.975977700000044, 18.600151500000038 ], [ 73.976173800000083, 18.600204600000037 ], [ 73.976454, 18.60023110000003 ], [ 73.976808900000037, 18.599983300000076 ], [ 73.976865, 18.599567200000021 ], [ 73.976977, 18.599257400000052 ] ] ] } },
{ "type": "Feature", "properties": { }, "geometry": { "type": "Polygon", "coordinates": [ [ [ 73.978151400000058, 18.601251100000066 ], [ 73.978046800000072, 18.601254900000075 ], [ 73.977936800000066, 18.601277800000052 ], [ 73.977860400000054, 18.601296900000019 ], [ 73.977804, 18.601458300000047 ], [ 73.977785200000085, 18.601585400000033 ], [ 73.977770500000076, 18.601746800000058 ], [ 73.97783220000008, 18.60176720000004 ], [ 73.977881800000034, 18.601773500000036 ], [ 73.977896600000065, 18.601811600000076 ], [ 73.977911300000073, 18.601863800000046 ], [ 73.977944800000046, 18.601884100000063 ], [ 73.978019900000049, 18.601908200000022 ], [ 73.978121900000076, 18.601926 ], [ 73.978182200000049, 18.601912100000046 ], [ 73.978249300000073, 18.60183580000006 ], [ 73.978282800000045, 18.601694700000056 ], [ 73.978309600000046, 18.601594300000038 ], [ 73.978327100000072, 18.601469700000056 ], [ 73.978327100000072, 18.60131720000004 ], [ 73.97826, 18.601279100000053 ], [ 73.978151400000058, 18.601251100000066 ] ] ] } },
{ "type": "Feature", "properties": { }, "geometry": { "type": "Polygon", "coordinates": [ [ [ 73.975874900000065, 18.601258 ], [ 73.975800200000037, 18.601771400000075 ], [ 73.975902900000051, 18.602063500000042 ], [ 73.975706800000069, 18.602231700000061 ], [ 73.975426600000048, 18.602399900000023 ], [ 73.975323900000035, 18.602612400000055 ], [ 73.976015, 18.602674300000047 ], [ 73.976603400000045, 18.602576900000034 ], [ 73.977042400000073, 18.602488400000027 ], [ 73.97707980000007, 18.602240600000073 ], [ 73.976865, 18.601939600000037 ], [ 73.976762200000053, 18.601638600000062 ], [ 73.976594100000057, 18.601258 ], [ 73.975874900000065, 18.601258 ] ] ] } },
{ "type": "Feature", "properties": { }, "geometry": { "type": "Polygon", "coordinates": [ [ [ 73.981608300000062, 18.603130400000058 ], [ 73.981628400000034, 18.603103300000047 ], [ 73.981636800000047, 18.603071200000048 ], [ 73.981636800000047, 18.603042 ], [ 73.981621400000051, 18.602992400000058 ], [ 73.981569, 18.602940600000064 ], [ 73.98147350000005, 18.602940600000068 ], [ 73.981412700000078, 18.602954400000041 ], [ 73.98136420000003, 18.602968300000047 ], [ 73.981337200000041, 18.602989500000035 ], [ 73.981324900000061, 18.603017200000068 ], [ 73.981342600000062, 18.603058100000052 ], [ 73.981379600000082, 18.603082200000078 ], [ 73.981371100000047, 18.603093900000029 ], [ 73.981364900000074, 18.603109200000059 ], [ 73.981367200000093, 18.603129600000045 ], [ 73.981378, 18.603137700000044 ], [ 73.981405, 18.603131800000028 ], [ 73.981438900000057, 18.603160300000066 ], [ 73.981472, 18.603185800000059 ], [ 73.98150430000004, 18.603197500000025 ], [ 73.981522100000063, 18.603202600000028 ], [ 73.981562100000076, 18.603185100000076 ], [ 73.981576, 18.603169 ], [ 73.981588300000055, 18.603154400000047 ], [ 73.981608300000062, 18.603130400000058 ] ] ] } },
{ "type": "Feature", "properties": { }, "geometry": { "type": "MultiPolygon", "coordinates": [ [ [ [ 73.97717, 18.602949900000056 ], [ 73.977145600000028, 18.602894 ], [ 73.977082600000088, 18.602857400000058 ], [ 73.977017500000045, 18.602840100000037 ], [ 73.976465618454483, 18.602954867790114 ], [ 73.977187087299072, 18.602988117577866 ], [ 73.97717, 18.602949900000056 ] ] ], [ [ [ 73.975783100000058, 18.60309680000006 ], [ 73.975546, 18.603019600000035 ], [ 73.975425600000051, 18.603016300000036 ], [ 73.975425600000051, 18.60309680000006 ], [ 73.975573700146157, 18.603197375502994 ], [ 73.976108424075235, 18.603029148009988 ], [ 73.975783100000058, 18.60309680000006 ] ] ] ] } },
{ "type": "Feature", "properties": { }, "geometry": { "type": "Polygon", "coordinates": [ [ [ 73.990930800000058, 18.606644300000021 ], [ 73.990930800000058, 18.606599800000026 ], [ 73.990914, 18.60654530000005 ], [ 73.990871, 18.606497600000068 ], [ 73.99086230000006, 18.606472200000038 ], [ 73.990822100000059, 18.60647090000003 ], [ 73.99078860000003, 18.606462700000066 ], [ 73.990765100000033, 18.606455700000033 ], [ 73.990736300000037, 18.606480500000036 ], [ 73.99069540000005, 18.606516700000046 ], [ 73.990653100000046, 18.606561800000062 ], [ 73.990628661054629, 18.606578506026661 ], [ 73.990929662775798, 18.606647691895702 ], [ 73.990930800000058, 18.606644300000021 ] ] ] } },
{ "type": "Feature", "properties": { }, "geometry": { "type": "Polygon", "coordinates": [ [ [ 73.934325900000033, 18.607524300000012 ], [ 73.934107900000072, 18.607312900000064 ], [ 73.933799600000043, 18.607046500000024 ], [ 73.933695700000044, 18.606982 ], [ 73.933651400000031, 18.606969 ], [ 73.933610600000065, 18.60696740000003 ], [ 73.933407900000077, 18.606993300000056 ], [ 73.933368700000074, 18.607012600000076 ], [ 73.933355100000028, 18.607032 ], [ 73.933353400000044, 18.607222500000031 ], [ 73.933394200000066, 18.607590500000068 ], [ 73.933397700000057, 18.607626 ], [ 73.933413, 18.607642100000071 ], [ 73.933450500000049, 18.607645400000024 ], [ 73.933583300000066, 18.607608200000065 ], [ 73.933644600000036, 18.607580800000054 ], [ 73.933712700000058, 18.607584 ], [ 73.933792800000049, 18.607606600000054 ], [ 73.933900100000074, 18.607648600000061 ], [ 73.934075500000063, 18.607716400000072 ], [ 73.934247500000083, 18.607781 ], [ 73.934341200000063, 18.60781 ], [ 73.934424700000079, 18.607824500000046 ], [ 73.934455300000081, 18.607811600000051 ], [ 73.934477500000071, 18.607784200000022 ], [ 73.934482600000081, 18.607745500000075 ], [ 73.934457, 18.607676 ], [ 73.934325900000033, 18.607524300000012 ] ] ] } },
{ "type": "Feature", "properties": { }, "geometry": { "type": "Polygon", "coordinates": [ [ [ 73.940131400000041, 18.613057 ], [ 73.940130700000054, 18.613040200000061 ], [ 73.940159, 18.613039500000074 ], [ 73.940159, 18.61301810000003 ], [ 73.940179500000056, 18.613014700000061 ], [ 73.940193, 18.612992600000041 ], [ 73.940219200000058, 18.612979200000044 ], [ 73.940207200000032, 18.612900700000068 ], [ 73.940188700000093, 18.612883900000039 ], [ 73.940198700000053, 18.612863800000071 ], [ 73.940213500000084, 18.612830200000072 ], [ 73.94028220000007, 18.612781300000051 ], [ 73.940290700000048, 18.612722200000068 ], [ 73.940248200000042, 18.612687400000024 ], [ 73.940217800000084, 18.612599500000041 ], [ 73.940214900000058, 18.612572600000071 ], [ 73.94018520000003, 18.612547800000073 ], [ 73.940144900000064, 18.612533100000057 ], [ 73.940108100000032, 18.612515 ], [ 73.940076200000078, 18.612477400000046 ], [ 73.940047900000081, 18.612473400000056 ], [ 73.940008200000079, 18.61247 ], [ 73.940004, 18.612496200000063 ], [ 73.93998490000007, 18.612508900000019 ], [ 73.93992680000008, 18.612502200000055 ], [ 73.939898500000083, 18.612521700000059 ], [ 73.93987020000003, 18.612559900000061 ], [ 73.939891500000044, 18.61258 ], [ 73.939853200000073, 18.612592800000069 ], [ 73.939824900000076, 18.612619600000063 ], [ 73.939808600000049, 18.612675300000035 ], [ 73.939795200000049, 18.612728300000072 ], [ 73.939782400000084, 18.612775900000031 ], [ 73.939795200000049, 18.612804100000062 ], [ 73.939822800000059, 18.612853 ], [ 73.939824200000032, 18.61289870000007 ], [ 73.939842600000077, 18.612928200000052 ], [ 73.939887200000058, 18.61294160000006 ], [ 73.939892900000075, 18.612961 ], [ 73.939916200000084, 18.612981800000057 ], [ 73.939961500000038, 18.613023400000035 ], [ 73.939965100000052, 18.613046200000042 ], [ 73.939992700000062, 18.613061700000056 ], [ 73.94007270000003, 18.613061 ], [ 73.940110200000049, 18.613067700000041 ], [ 73.940131400000041, 18.613057 ] ] ] } },
{ "type": "Feature", "properties": { }, "geometry": { "type": "Polygon", "coordinates": [ [ [ 73.965523800000028, 18.618790500000042 ], [ 73.965491600000064, 18.61876 ], [ 73.965464800000063, 18.618744700000033 ], [ 73.965400500000044, 18.618729500000029 ], [ 73.965373600000078, 18.618734600000039 ], [ 73.965282400000049, 18.618770200000025 ], [ 73.965202, 18.618810800000066 ], [ 73.965051800000083, 18.618856600000068 ], [ 73.964901600000076, 18.618882 ], [ 73.964842600000054, 18.618897200000045 ], [ 73.964611900000079, 18.618973500000042 ], [ 73.964515300000073, 18.619009100000028 ], [ 73.964311500000065, 18.619100600000021 ], [ 73.964236400000061, 18.619156500000027 ], [ 73.964118400000075, 18.61926330000006 ], [ 73.96401110000005, 18.619380200000027 ], [ 73.963887700000043, 18.619497100000039 ], [ 73.963764300000037, 18.619593700000056 ], [ 73.963694600000053, 18.619659800000022 ], [ 73.963603400000068, 18.619781800000055 ], [ 73.963458500000058, 18.620015700000067 ], [ 73.963399500000037, 18.620122400000071 ], [ 73.963351200000034, 18.62018340000003 ], [ 73.963335200000074, 18.620239300000037 ], [ 73.963270800000032, 18.620335900000036 ], [ 73.963259126064102, 18.620358812645172 ], [ 73.96329, 18.62036 ], [ 73.96404, 18.6194 ], [ 73.965548640255292, 18.618804231573989 ], [ 73.965523800000028, 18.618790500000042 ] ] ] } },
{ "type": "Feature", "properties": { }, "geometry": { "type": "Polygon", "coordinates": [ [ [ 73.845452500000079, 18.439523300000072 ], [ 73.845630400000061, 18.439609 ], [ 73.845732300000066, 18.439592500000053 ], [ 73.845827600000064, 18.439577100000069 ], [ 73.845808300000044, 18.439379400000064 ], [ 73.84566250000006, 18.439218900000075 ], [ 73.845502100000033, 18.439188500000057 ], [ 73.845397100000071, 18.439033500000047 ], [ 73.84523960000007, 18.438978200000069 ], [ 73.845318300000031, 18.438618500000079 ], [ 73.845332900000074, 18.438358400000023 ], [ 73.845376700000031, 18.438128700000043 ], [ 73.845458300000075, 18.437993100000025 ], [ 73.845511700000031, 18.437876 ], [ 73.84553040000003, 18.437754500000036 ], [ 73.8454, 18.437365 ], [ 73.84532130000008, 18.437157500000065 ], [ 73.845020800000043, 18.436955500000067 ], [ 73.844819600000051, 18.436889100000034 ], [ 73.844726200000082, 18.43690290000006 ], [ 73.844533700000056, 18.43694170000003 ], [ 73.84442, 18.436869700000042 ], [ 73.844315, 18.436665 ], [ 73.843892100000076, 18.436142 ], [ 73.843749100000082, 18.436028500000081 ], [ 73.843574100000069, 18.435845900000057 ], [ 73.843454500000078, 18.435635600000065 ], [ 73.843340800000078, 18.435464100000051 ], [ 73.843177500000081, 18.435364400000026 ], [ 73.843014100000062, 18.435228900000027 ], [ 73.842862500000081, 18.434985400000066 ], [ 73.84230830000007, 18.434108200000026 ], [ 73.842261600000029, 18.434099900000032 ], [ 73.842077900000049, 18.434155200000081 ], [ 73.841826, 18.434009700000043 ], [ 73.841558700000064, 18.434055600000018 ], [ 73.84137190000007, 18.433920900000036 ], [ 73.841269, 18.43390160000007 ], [ 73.840520300000037, 18.433776200000064 ], [ 73.840378500000043, 18.433724300000048 ], [ 73.840249100000051, 18.433635 ], [ 73.840077, 18.43340540000003 ], [ 73.839976, 18.433220700000049 ], [ 73.839846600000044, 18.433067800000064 ], [ 73.839676700000041, 18.433015400000041 ], [ 73.839506200000073, 18.43295420000004 ], [ 73.839377, 18.432857600000034 ], [ 73.839227400000084, 18.432665100000065 ], [ 73.839174100000037, 18.432596800000056 ], [ 73.839120500000035, 18.432655500000063 ], [ 73.839033900000061, 18.432686800000056 ], [ 73.838945200000069, 18.432657500000058 ], [ 73.838870900000074, 18.432600700000023 ], [ 73.838813200000061, 18.432647700000079 ], [ 73.83877810000007, 18.432739700000074 ], [ 73.83886890000008, 18.43276510000004 ], [ 73.839019400000041, 18.432804200000074 ], [ 73.839064800000074, 18.432835500000067 ], [ 73.839029700000083, 18.432904 ], [ 73.838959600000067, 18.433017500000066 ], [ 73.838945200000069, 18.433177900000029 ], [ 73.838945200000069, 18.433369700000068 ], [ 73.839031800000043, 18.433749300000041 ], [ 73.839044200000046, 18.433937100000037 ], [ 73.839077200000077, 18.434261900000024 ], [ 73.839066900000034, 18.434393 ], [ 73.839029700000083, 18.434590600000039 ], [ 73.838972, 18.434762800000044 ], [ 73.838982300000055, 18.43490370000006 ], [ 73.839056600000049, 18.435079800000036 ], [ 73.839118400000075, 18.43517370000006 ], [ 73.83909570000003, 18.435230400000023 ], [ 73.83911640000008, 18.435293 ], [ 73.839149400000053, 18.43543 ], [ 73.839114300000062, 18.435547400000079 ], [ 73.83910190000006, 18.435608 ], [ 73.839132900000038, 18.435762600000036 ], [ 73.839260700000068, 18.436044400000071 ], [ 73.839378300000078, 18.436144200000058 ], [ 73.839495900000031, 18.436318300000035 ], [ 73.839543300000059, 18.436457200000063 ], [ 73.839537100000044, 18.436568700000066 ], [ 73.839557700000057, 18.436631300000041 ], [ 73.8397, 18.436879800000042 ], [ 73.839873300000079, 18.437122400000078 ], [ 73.839939300000083, 18.437302400000078 ], [ 73.839980500000081, 18.437566600000025 ], [ 73.840017700000033, 18.437670300000036 ], [ 73.840151700000035, 18.43778380000003 ], [ 73.840240400000084, 18.437856200000049 ], [ 73.840300200000058, 18.438014600000024 ], [ 73.840366200000062, 18.438098800000034 ], [ 73.840508500000055, 18.438298300000046 ], [ 73.840525, 18.438460700000064 ], [ 73.840518800000041, 18.438662300000033 ], [ 73.840504400000057, 18.438946 ], [ 73.840487900000085, 18.439090700000065 ], [ 73.845152100000064, 18.439633900000047 ], [ 73.845452500000079, 18.439523300000072 ] ] ] } },
{ "type": "Feature", "properties": { }, "geometry": { "type": "Polygon", "coordinates": [ [ [ 73.863418100000047, 18.445526 ], [ 73.863518100000078, 18.445541800000058 ], [ 73.863680400000078, 18.445537700000045 ], [ 73.863872300000082, 18.445225600000072 ], [ 73.863980800000036, 18.445049200000025 ], [ 73.863980800000036, 18.444886300000061 ], [ 73.864023700000075, 18.444845600000068 ], [ 73.863980800000036, 18.444723500000066 ], [ 73.863980800000036, 18.444479200000053 ], [ 73.863894900000048, 18.444357100000044 ], [ 73.863937900000053, 18.444275700000045 ], [ 73.863937900000053, 18.443990700000025 ], [ 73.863894900000048, 18.44395 ], [ 73.863787700000046, 18.443807500000052 ], [ 73.863744700000041, 18.443766800000049 ], [ 73.863616, 18.443766800000049 ], [ 73.863573100000053, 18.443807500000052 ], [ 73.863530200000071, 18.443766800000049 ], [ 73.863444300000083, 18.443766800000049 ], [ 73.863165400000071, 18.443461400000047 ], [ 73.863101, 18.443319 ], [ 73.862972300000081, 18.443319 ], [ 73.862800600000071, 18.443156100000063 ], [ 73.862500200000056, 18.443156100000067 ], [ 73.862028100000032, 18.442993300000065 ], [ 73.861727700000074, 18.442993300000072 ], [ 73.861599, 18.443034 ], [ 73.861362900000074, 18.443257900000049 ], [ 73.861277100000052, 18.443420700000054 ], [ 73.861234200000069, 18.443583600000068 ], [ 73.861234200000069, 18.443746400000066 ], [ 73.86119130000003, 18.443787100000065 ], [ 73.86119130000003, 18.444153500000031 ], [ 73.86132, 18.444519900000049 ], [ 73.861384400000077, 18.444581 ], [ 73.861427300000059, 18.444540300000028 ], [ 73.861513100000082, 18.444662400000023 ], [ 73.861641900000052, 18.44470310000003 ], [ 73.861856500000044, 18.444906700000047 ], [ 73.862242700000081, 18.445028800000046 ], [ 73.862435800000071, 18.445171300000023 ], [ 73.862500200000056, 18.445273100000065 ], [ 73.862714800000049, 18.445354500000057 ], [ 73.862886400000036, 18.44547660000006 ], [ 73.863229800000056, 18.445598800000024 ], [ 73.863401400000043, 18.445598800000027 ], [ 73.863418100000047, 18.445526 ] ], [ [ 73.862663800000064, 18.44448170000004 ], [ 73.862679900000046, 18.444392700000041 ], [ 73.862753700000042, 18.444306200000028 ], [ 73.862918600000057, 18.444181500000067 ], [ 73.863015200000078, 18.444133200000067 ], [ 73.863102300000051, 18.444137 ], [ 73.863143900000068, 18.444189200000036 ], [ 73.863166900000067, 18.44418480000007 ], [ 73.863186800000051, 18.444173900000063 ], [ 73.863229800000056, 18.444188500000045 ], [ 73.863287400000047, 18.444252700000046 ], [ 73.863312900000039, 18.444341800000071 ], [ 73.863320900000076, 18.444470300000035 ], [ 73.863271300000065, 18.444591200000048 ], [ 73.863190800000041, 18.444677700000053 ], [ 73.863103700000067, 18.444720900000046 ], [ 73.862972300000081, 18.444703100000023 ], [ 73.862843500000054, 18.444662400000023 ], [ 73.862714800000049, 18.444581 ], [ 73.862663800000064, 18.44448170000004 ] ] ] } },
{ "type": "Feature", "properties": { }, "geometry": { "type": "Polygon", "coordinates": [ [ [ 73.809559, 18.474604400000032 ], [ 73.809544, 18.473712 ], [ 73.808782, 18.472223500000041 ], [ 73.807276100000081, 18.471165200000033 ], [ 73.804917500000045, 18.469556200000056 ], [ 73.802967100000046, 18.468162300000074 ], [ 73.801470300000062, 18.467499800000045 ], [ 73.799801100000082, 18.466303800000045 ], [ 73.798603700000058, 18.465185200000061 ], [ 73.797424400000068, 18.464230100000069 ], [ 73.795691700000077, 18.462879200000028 ], [ 73.794240900000034, 18.462272800000047 ], [ 73.792734400000029, 18.461915400000063 ], [ 73.791446300000075, 18.461717500000077 ], [ 73.790759300000047, 18.461440900000071 ], [ 73.78995580000003, 18.461775500000041 ], [ 73.789312700000039, 18.462073400000062 ], [ 73.788199, 18.462105400000038 ], [ 73.78734890000004, 18.462265200000047 ], [ 73.786554100000046, 18.462213 ], [ 73.785633100000055, 18.462224700000025 ], [ 73.78473050000008, 18.462061200000051 ], [ 73.783927700000049, 18.461704100000077 ], [ 73.783347100000071, 18.461291100000036 ], [ 73.782557900000029, 18.460968400000073 ], [ 73.781873, 18.460744700000074 ], [ 73.780356500000039, 18.460518100000058 ], [ 73.779259600000046, 18.460341600000053 ], [ 73.779259600000046, 18.461284700000018 ], [ 73.779984400000046, 18.461333400000061 ], [ 73.780965900000069, 18.461698500000061 ], [ 73.782120500000076, 18.462203500000047 ], [ 73.78366, 18.462927500000035 ], [ 73.784468200000049, 18.463237800000059 ], [ 73.785282900000084, 18.463615100000027 ], [ 73.785840900000039, 18.463609 ], [ 73.786347700000078, 18.463389900000035 ], [ 73.787271400000066, 18.463049200000054 ], [ 73.78821430000005, 18.462830200000042 ], [ 73.789540200000033, 18.463199300000042 ], [ 73.790483600000073, 18.463939300000046 ], [ 73.79238870000006, 18.464894400000048 ], [ 73.793812900000034, 18.465316 ], [ 73.796316600000068, 18.466167900000073 ], [ 73.798949, 18.466797600000064 ], [ 73.800099500000044, 18.467398300000067 ], [ 73.800319300000069, 18.467698700000028 ], [ 73.801768600000059, 18.468207100000029 ], [ 73.803637400000071, 18.469420300000024 ], [ 73.805696600000033, 18.470943300000044 ], [ 73.80687590000008, 18.471993 ], [ 73.807225200000062, 18.472440400000036 ], [ 73.807782300000042, 18.472463300000069 ], [ 73.808047300000055, 18.472346400000049 ], [ 73.808250300000054, 18.472569400000054 ], [ 73.808670100000029, 18.472917800000062 ], [ 73.808908300000041, 18.47343 ], [ 73.808878200000038, 18.473856600000033 ], [ 73.809182100000044, 18.474286700000047 ], [ 73.809196900000074, 18.474500100000057 ], [ 73.809057600000074, 18.474694700000036 ], [ 73.809498100000042, 18.475164900000042 ], [ 73.809695400000066, 18.474942800000065 ], [ 73.809559, 18.474604400000032 ] ], [ [ 73.791828300000077, 18.462946500000044 ], [ 73.793777400000067, 18.462983400000038 ], [ 73.794934100000035, 18.463375 ], [ 73.795800400000076, 18.463960100000062 ], [ 73.796943400000032, 18.464768900000028 ], [ 73.797256400000038, 18.465220600000066 ], [ 73.797074900000041, 18.465315300000039 ], [ 73.796004500000038, 18.465280900000042 ], [ 73.793827300000046, 18.464953900000065 ], [ 73.79206750000003, 18.464127900000051 ], [ 73.790706700000044, 18.463103900000082 ], [ 73.791828300000077, 18.462946500000044 ] ] ] } },
{ "type": "Feature", "properties": { }, "geometry": { "type": "Polygon", "coordinates": [ [ [ 73.831351200000029, 18.470699800000034 ], [ 73.831295400000045, 18.470705900000041 ], [ 73.831244600000048, 18.470728300000072 ], [ 73.83120370000006, 18.47076480000004 ], [ 73.831177, 18.470811600000044 ], [ 73.831167300000061, 18.470864 ], [ 73.831175400000078, 18.470916600000066 ], [ 73.831202900000051, 18.470967100000045 ], [ 73.831246600000043, 18.471005900000019 ], [ 73.831301600000074, 18.471028600000068 ], [ 73.831361300000083, 18.471032400000066 ], [ 73.831419, 18.471017 ], [ 73.831467800000041, 18.470984100000067 ], [ 73.831502200000045, 18.470937600000067 ], [ 73.831518200000062, 18.470882900000049 ], [ 73.831513800000039, 18.470826200000033 ], [ 73.831491800000038, 18.470777300000062 ], [ 73.831454600000029, 18.470737400000079 ], [ 73.831406100000038, 18.470710700000033 ], [ 73.831351200000029, 18.470699800000034 ] ] ] } },
{ "type": "Feature", "properties": { }, "geometry": { "type": "Polygon", "coordinates": [ [ [ 73.824078100000065, 18.482628300000044 ], [ 73.823770900000056, 18.482495700000065 ], [ 73.823434400000053, 18.482068300000034 ], [ 73.82313780000004, 18.482082600000069 ], [ 73.823373200000049, 18.482424600000058 ], [ 73.822851100000037, 18.48263610000004 ], [ 73.822055700000078, 18.48269920000007 ], [ 73.821285900000078, 18.482653500000023 ], [ 73.821054100000083, 18.482567 ], [ 73.820252800000048, 18.482516200000074 ], [ 73.819820600000071, 18.482419500000049 ], [ 73.819265100000052, 18.482218900000078 ], [ 73.818615100000045, 18.481987 ], [ 73.818241400000034, 18.481855300000063 ], [ 73.81783530000007, 18.481671600000023 ], [ 73.817244500000072, 18.481319100000068 ], [ 73.816397500000051, 18.480776 ], [ 73.816238, 18.480707300000063 ], [ 73.815166800000043, 18.480258 ], [ 73.813975800000037, 18.479761500000052 ], [ 73.812617800000055, 18.479217500000058 ], [ 73.812081700000078, 18.478877100000027 ], [ 73.811786, 18.478608700000049 ], [ 73.811413900000048, 18.478161500000056 ], [ 73.810847100000046, 18.477179600000056 ], [ 73.810388300000056, 18.476263600000038 ], [ 73.810082200000068, 18.475708500000049 ], [ 73.809695400000066, 18.474942800000065 ], [ 73.809498100000042, 18.475164900000042 ], [ 73.810118100000068, 18.476385500000049 ], [ 73.810427400000037, 18.476976600000057 ], [ 73.810882700000036, 18.477838200000061 ], [ 73.81116970000005, 18.478298800000054 ], [ 73.811429400000065, 18.478650200000061 ], [ 73.811623600000075, 18.478838 ], [ 73.811859900000059, 18.479051900000055 ], [ 73.812208200000043, 18.479293400000071 ], [ 73.812714600000049, 18.479542500000033 ], [ 73.81277440000008, 18.479621 ], [ 73.812837900000034, 18.479705700000068 ], [ 73.81327, 18.479761400000029 ], [ 73.814728800000069, 18.480371900000023 ], [ 73.815909700000077, 18.480880800000023 ], [ 73.816932, 18.481432900000073 ], [ 73.817355500000076, 18.481702400000078 ], [ 73.817851300000029, 18.481993 ], [ 73.818676800000048, 18.482297500000072 ], [ 73.819257600000071, 18.482524400000045 ], [ 73.819801700000085, 18.482710100000077 ], [ 73.820173700000055, 18.482755500000053 ], [ 73.821569800000077, 18.482850200000023 ], [ 73.822213900000065, 18.482831600000047 ], [ 73.82294840000003, 18.482730100000026 ], [ 73.823652300000049, 18.482751 ], [ 73.824209600000074, 18.482990300000036 ], [ 73.824235500000043, 18.482702100000036 ], [ 73.824078100000065, 18.482628300000044 ] ] ] } },
{ "type": "Feature", "properties": { }, "geometry": { "type": "Polygon", "coordinates": [ [ [ 73.814845500000047, 18.480514800000034 ], [ 73.814674, 18.480432600000032 ], [ 73.814043500000082, 18.480140800000072 ], [ 73.813660100000064, 18.480017900000064 ], [ 73.813517800000056, 18.479957700000057 ], [ 73.81328190000005, 18.479867900000045 ], [ 73.813174600000082, 18.479850100000018 ], [ 73.813077900000053, 18.479825400000035 ], [ 73.81302160000007, 18.479830500000045 ], [ 73.81301620000005, 18.479858400000065 ], [ 73.813048400000071, 18.479904200000075 ], [ 73.813110100000074, 18.479947500000037 ], [ 73.813150300000075, 18.479965300000057 ], [ 73.813230800000042, 18.479983100000027 ], [ 73.813265700000045, 18.48000850000005 ], [ 73.813322, 18.480056900000022 ], [ 73.813373, 18.480059400000069 ], [ 73.81344, 18.480102700000032 ], [ 73.813461500000074, 18.480140800000072 ], [ 73.813493700000052, 18.480186600000021 ], [ 73.813673400000084, 18.480199300000034 ], [ 73.813842300000033, 18.480262900000067 ], [ 73.81395770000006, 18.480273100000037 ], [ 73.814051600000084, 18.480387600000025 ], [ 73.814174900000069, 18.480418100000062 ], [ 73.814212500000053, 18.480456300000068 ], [ 73.814319800000078, 18.480570700000047 ], [ 73.814518300000032, 18.480558 ], [ 73.814625500000034, 18.480547800000068 ], [ 73.814711400000078, 18.48056060000004 ], [ 73.814858900000047, 18.480715700000072 ], [ 73.815006400000087, 18.480741200000072 ], [ 73.815105700000061, 18.480685200000039 ], [ 73.815011800000036, 18.480606400000053 ], [ 73.814845500000047, 18.480514800000034 ] ] ] } },
{ "type": "Feature", "properties": { }, "geometry": { "type": "Polygon", "coordinates": [ [ [ 73.821647600000063, 18.483315600000026 ], [ 73.821897, 18.483320700000032 ], [ 73.822084800000084, 18.48330790000005 ], [ 73.82275530000004, 18.483239300000037 ], [ 73.82294040000005, 18.483155300000082 ], [ 73.823015600000076, 18.48303240000007 ], [ 73.822844, 18.482946 ], [ 73.822771400000079, 18.482898400000067 ], [ 73.822530200000074, 18.482907800000078 ], [ 73.822387900000081, 18.48291110000002 ], [ 73.822329, 18.482925600000041 ], [ 73.822007, 18.482941600000064 ], [ 73.821880900000053, 18.482923800000034 ], [ 73.821806, 18.482925600000044 ], [ 73.821773800000074, 18.48297140000005 ], [ 73.820735600000035, 18.482885700000054 ], [ 73.820596300000034, 18.482882400000047 ], [ 73.820378900000037, 18.482870400000021 ], [ 73.820252800000048, 18.482875500000038 ], [ 73.820191100000045, 18.482908600000027 ], [ 73.820137600000066, 18.48293580000006 ], [ 73.820097400000066, 18.482884900000045 ], [ 73.819914900000072, 18.482839900000041 ], [ 73.819552900000076, 18.482745 ], [ 73.819440200000031, 18.48269410000006 ], [ 73.819333, 18.48266870000003 ], [ 73.819257700000037, 18.482638900000033 ], [ 73.819131700000071, 18.482565100000048 ], [ 73.81901380000005, 18.482498200000062 ], [ 73.818831200000034, 18.482399800000053 ], [ 73.818665, 18.482387100000036 ], [ 73.818595300000084, 18.48240920000006 ], [ 73.81854960000004, 18.48236420000006 ], [ 73.818509500000062, 18.482332900000074 ], [ 73.818420900000035, 18.48235150000005 ], [ 73.81838330000005, 18.482382 ], [ 73.818388700000071, 18.482453200000066 ], [ 73.818469200000038, 18.482488800000056 ], [ 73.818565800000044, 18.482511 ], [ 73.818571100000042, 18.482488800000052 ], [ 73.818624700000044, 18.482486300000062 ], [ 73.818654200000083, 18.482529500000055 ], [ 73.818691800000082, 18.482539700000075 ], [ 73.818777600000033, 18.482557500000041 ], [ 73.81882070000006, 18.482620300000068 ], [ 73.818933300000083, 18.48268650000006 ], [ 73.81907, 18.482730500000059 ], [ 73.819233600000075, 18.482753400000032 ], [ 73.819332800000041, 18.482809300000039 ], [ 73.819445500000029, 18.482842400000038 ], [ 73.819515200000083, 18.482885700000054 ], [ 73.819737800000041, 18.482921300000044 ], [ 73.819861200000048, 18.482944200000073 ], [ 73.819960500000036, 18.48297470000006 ], [ 73.820057200000065, 18.482991700000071 ], [ 73.82011330000006, 18.48298230000006 ], [ 73.820134800000062, 18.48301540000006 ], [ 73.820231400000068, 18.483048500000049 ], [ 73.820392300000037, 18.483160400000031 ], [ 73.820794800000044, 18.48326650000007 ], [ 73.820936800000084, 18.483246900000037 ], [ 73.821014700000035, 18.483251200000037 ], [ 73.821347200000048, 18.483348600000053 ], [ 73.821551, 18.483353700000066 ], [ 73.821647600000063, 18.483315600000026 ] ] ] } },
{ "type": "Feature", "properties": { }, "geometry": { "type": "Polygon", "coordinates": [ [ [ 73.818289100000072, 18.482763400000067 ], [ 73.818215, 18.483007400000076 ], [ 73.818515200000036, 18.48308940000004 ], [ 73.818589200000076, 18.482845300000065 ], [ 73.818289100000072, 18.482763400000067 ] ] ] } },
{ "type": "Feature", "properties": { }, "geometry": { "type": "Polygon", "coordinates": [ [ [ 73.811967500000037, 18.486538100000075 ], [ 73.811834400000066, 18.486586800000055 ], [ 73.811736400000029, 18.486602300000069 ], [ 73.811472500000036, 18.486775100000049 ], [ 73.811488800000063, 18.48687690000002 ], [ 73.811325400000044, 18.48707620000005 ], [ 73.811530900000037, 18.487384100000039 ], [ 73.811393100000032, 18.48749040000007 ], [ 73.811418800000069, 18.487652 ], [ 73.811706, 18.488050600000062 ], [ 73.811836800000037, 18.488194600000043 ], [ 73.811974500000076, 18.488227800000057 ], [ 73.812154300000046, 18.488227800000054 ], [ 73.812275700000058, 18.488212300000043 ], [ 73.81292250000007, 18.487758300000053 ], [ 73.812401800000032, 18.487098400000036 ], [ 73.811967500000037, 18.486538100000075 ] ] ] } },
{ "type": "Feature", "properties": { }, "geometry": { "type": "Polygon", "coordinates": [ [ [ 73.914216100000033, 18.418548900000079 ], [ 73.91400150000004, 18.418742300000073 ], [ 73.914112, 18.419168700000057 ], [ 73.914399, 18.419423900000023 ], [ 73.914980100000037, 18.419774700000062 ], [ 73.915333200000077, 18.419935800000072 ], [ 73.915515600000049, 18.419874700000033 ], [ 73.915857600000038, 18.419454800000036 ], [ 73.915535700000092, 18.419312300000055 ], [ 73.915074400000037, 18.419047600000052 ], [ 73.914580900000033, 18.41872190000004 ], [ 73.914216100000033, 18.418548900000079 ] ] ] } },
{ "type": "Feature", "properties": { }, "geometry": { "type": "Polygon", "coordinates": [ [ [ 73.887944100000084, 18.422780400000015 ], [ 73.887958100000048, 18.421526500000027 ], [ 73.887939400000064, 18.421406900000026 ], [ 73.887832, 18.421305 ], [ 73.88765920000003, 18.421309400000041 ], [ 73.88755180000004, 18.421327100000038 ], [ 73.887421, 18.421313800000064 ], [ 73.887304300000039, 18.421291700000037 ], [ 73.887229600000069, 18.421327100000042 ], [ 73.886898, 18.421495500000045 ], [ 73.886678500000073, 18.421628400000028 ], [ 73.886636500000066, 18.421708200000065 ], [ 73.886645800000053, 18.421774600000052 ], [ 73.887052100000062, 18.422146800000061 ], [ 73.887042800000074, 18.422226500000022 ], [ 73.886972700000058, 18.42228410000007 ], [ 73.886865300000082, 18.422403800000033 ], [ 73.886846600000069, 18.422461400000035 ], [ 73.886846600000069, 18.422523400000046 ], [ 73.886874600000056, 18.422567700000062 ], [ 73.886944700000072, 18.422696200000079 ], [ 73.887108100000034, 18.422798100000019 ], [ 73.887271600000076, 18.422891100000072 ], [ 73.887416400000063, 18.422926600000039 ], [ 73.887528400000065, 18.422913300000065 ], [ 73.887673200000052, 18.422886700000049 ], [ 73.887808600000085, 18.422931 ], [ 73.887902, 18.422917700000028 ], [ 73.887944100000084, 18.422780400000015 ] ] ] } },
{ "type": "Feature", "properties": { }, "geometry": { "type": "Polygon", "coordinates": [ [ [ 73.899682600000062, 18.422079500000049 ], [ 73.899419800000032, 18.422130400000075 ], [ 73.89927490000008, 18.422512100000063 ], [ 73.89920520000004, 18.422980300000059 ], [ 73.89927490000008, 18.423255100000063 ], [ 73.899441200000069, 18.423362 ], [ 73.899634300000059, 18.42340270000005 ], [ 73.899924, 18.423280600000055 ], [ 73.900203, 18.423199200000056 ], [ 73.900272700000073, 18.423005800000055 ], [ 73.900213700000052, 18.422802200000035 ], [ 73.90019760000007, 18.42268 ], [ 73.900101, 18.422669800000048 ], [ 73.900052800000083, 18.422476400000054 ], [ 73.89985960000007, 18.42224740000006 ], [ 73.899682600000062, 18.422079500000049 ] ] ] } },
{ "type": "Feature", "properties": { }, "geometry": { "type": "Polygon", "coordinates": [ [ [ 73.900342400000056, 18.423229700000036 ], [ 73.899924, 18.423458700000023 ], [ 73.899918700000057, 18.423621600000047 ], [ 73.899848900000052, 18.423728500000042 ], [ 73.899838200000033, 18.423871 ], [ 73.899897200000055, 18.424028700000058 ], [ 73.899929400000076, 18.424176300000056 ], [ 73.899945500000058, 18.424339200000073 ], [ 73.900042, 18.424481700000058 ], [ 73.900213700000052, 18.424639500000069 ], [ 73.900540900000067, 18.424558 ], [ 73.900707200000056, 18.424369700000057 ], [ 73.900755500000059, 18.424181400000069 ], [ 73.900889600000085, 18.424079600000024 ], [ 73.900675, 18.423845500000024 ], [ 73.900530200000048, 18.423591 ], [ 73.900498, 18.423356900000044 ], [ 73.900471200000084, 18.423234800000046 ], [ 73.900342400000056, 18.423229700000036 ] ] ] } },
{ "type": "Feature", "properties": { }, "geometry": { "type": "Polygon", "coordinates": [ [ [ 73.898346900000035, 18.422425500000028 ], [ 73.898599, 18.422827600000065 ], [ 73.898663400000032, 18.423234800000046 ], [ 73.898749200000054, 18.423911700000076 ], [ 73.898679500000071, 18.424430800000039 ], [ 73.898663400000032, 18.424715800000058 ], [ 73.898609700000065, 18.424863400000046 ], [ 73.898481, 18.424878700000022 ], [ 73.898438100000078, 18.424899 ], [ 73.898427300000037, 18.425163700000041 ], [ 73.898588300000029, 18.425199300000028 ], [ 73.898711700000035, 18.425402900000051 ], [ 73.898711700000035, 18.425570800000056 ], [ 73.898776, 18.425713300000037 ], [ 73.899559200000056, 18.425667500000035 ], [ 73.899511, 18.425306200000023 ], [ 73.899484100000052, 18.425016100000047 ], [ 73.899602200000061, 18.42482780000006 ], [ 73.899924, 18.424644600000018 ], [ 73.899913300000037, 18.424451200000075 ], [ 73.89978990000003, 18.424232300000025 ], [ 73.899682600000062, 18.424074500000071 ], [ 73.899612900000079, 18.423891300000037 ], [ 73.899494900000036, 18.423774300000044 ], [ 73.899559200000056, 18.423667400000053 ], [ 73.89976850000005, 18.42362160000005 ], [ 73.899800600000049, 18.423494300000076 ], [ 73.899468, 18.423468900000046 ], [ 73.899242700000059, 18.423311100000035 ], [ 73.898979900000043, 18.423112600000028 ], [ 73.898738500000036, 18.422669800000048 ], [ 73.898577600000067, 18.422491700000027 ], [ 73.898346900000035, 18.422425500000028 ] ] ] } },
{ "type": "Feature", "properties": { }, "geometry": { "type": "Polygon", "coordinates": [ [ [ 73.888485400000036, 18.425038700000069 ], [ 73.887476900000081, 18.425323700000032 ], [ 73.886854600000049, 18.425384800000071 ], [ 73.886446900000067, 18.425730800000053 ], [ 73.886404, 18.425954800000056 ], [ 73.886339700000065, 18.426362 ], [ 73.886446900000067, 18.426850600000019 ], [ 73.887615700000083, 18.426973800000038 ], [ 73.887991900000031, 18.427013400000078 ], [ 73.888034900000036, 18.426362 ], [ 73.888185100000044, 18.425466200000077 ], [ 73.888485400000036, 18.425038700000069 ] ] ] } },
{ "type": "Feature", "properties": { }, "geometry": { "type": "Polygon", "coordinates": [ [ [ 73.915436300000067, 18.426687700000056 ], [ 73.915094300000078, 18.426789500000044 ], [ 73.914988300000061, 18.427155900000059 ], [ 73.914969600000063, 18.427461300000054 ], [ 73.914588700000081, 18.42806180000002 ], [ 73.914241300000086, 18.428873600000031 ], [ 73.914591400000063, 18.429095 ], [ 73.914733500000068, 18.429659900000047 ], [ 73.914545800000056, 18.430667600000049 ], [ 73.91505, 18.43064720000007 ], [ 73.915350400000079, 18.430402800000021 ], [ 73.916094600000065, 18.429589700000065 ], [ 73.916552, 18.429089800000042 ], [ 73.915522100000032, 18.428285800000026 ], [ 73.915436300000067, 18.426687700000056 ] ] ] } },
{ "type": "Feature", "properties": { }, "geometry": { "type": "Polygon", "coordinates": [ [ [ 73.885618, 18.433639700000068 ], [ 73.885656300000051, 18.433642400000053 ], [ 73.88570720000007, 18.433622 ], [ 73.885722600000065, 18.433571 ], [ 73.885881600000062, 18.433428600000067 ], [ 73.885808500000053, 18.433364900000068 ], [ 73.885752100000062, 18.433364900000075 ], [ 73.885733400000049, 18.433306300000027 ], [ 73.885663600000044, 18.433296200000026 ], [ 73.885626800000068, 18.433309 ], [ 73.885556300000076, 18.433275800000043 ], [ 73.885470500000054, 18.433235100000047 ], [ 73.885465800000077, 18.433268300000066 ], [ 73.885431, 18.433263200000059 ], [ 73.88538740000007, 18.433242700000047 ], [ 73.885371300000031, 18.433184200000024 ], [ 73.885352500000067, 18.433194400000044 ], [ 73.885296200000084, 18.433174 ], [ 73.885277400000064, 18.433186700000022 ], [ 73.885221100000081, 18.433191800000028 ], [ 73.88521030000004, 18.433174 ], [ 73.885097700000074, 18.433163800000042 ], [ 73.885074200000076, 18.433118200000024 ], [ 73.884974300000067, 18.433105300000022 ], [ 73.884912600000064, 18.433107900000039 ], [ 73.884848200000079, 18.433115500000042 ], [ 73.884743600000036, 18.433100200000077 ], [ 73.884673900000053, 18.433110400000029 ], [ 73.884615600000075, 18.433090200000038 ], [ 73.884585400000049, 18.433148600000035 ], [ 73.884504900000081, 18.433151100000028 ], [ 73.884403, 18.433163800000045 ], [ 73.884360100000038, 18.433235100000044 ], [ 73.884394900000075, 18.433273300000053 ], [ 73.884457300000065, 18.433265800000072 ], [ 73.884545200000048, 18.43324530000006 ], [ 73.884606800000029, 18.433186700000022 ], [ 73.88464440000007, 18.433219800000074 ], [ 73.884687300000053, 18.433212200000064 ], [ 73.884779200000082, 18.433222500000053 ], [ 73.884835500000065, 18.433189400000057 ], [ 73.884875100000045, 18.433204600000067 ], [ 73.884950200000048, 18.433189300000038 ], [ 73.884926, 18.433247800000061 ], [ 73.884877700000075, 18.433270700000037 ], [ 73.88482950000008, 18.433308900000039 ], [ 73.884821400000078, 18.433395400000045 ], [ 73.88483750000006, 18.433464100000037 ], [ 73.884848200000079, 18.433512500000063 ], [ 73.884889100000066, 18.433558400000042 ], [ 73.884944800000085, 18.433588800000052 ], [ 73.884956200000033, 18.433634700000027 ], [ 73.884999100000087, 18.43365 ], [ 73.885055400000056, 18.433685600000047 ], [ 73.885152, 18.433685600000043 ], [ 73.885205600000063, 18.433667800000023 ], [ 73.88522910000006, 18.433672800000068 ], [ 73.885288100000082, 18.433682900000065 ], [ 73.885344400000065, 18.433657500000038 ], [ 73.885392700000068, 18.433670200000051 ], [ 73.885452400000077, 18.43366270000007 ], [ 73.885483900000054, 18.433693100000021 ], [ 73.88554090000008, 18.43370340000007 ], [ 73.885572400000058, 18.43369060000003 ], [ 73.885618, 18.433639700000068 ] ] ] } },
{ "type": "Feature", "properties": { }, "geometry": { "type": "Polygon", "coordinates": [ [ [ 73.924446200000034, 18.447146800000038 ], [ 73.924317500000029, 18.447163 ], [ 73.924242400000082, 18.447250600000071 ], [ 73.924272400000063, 18.447386900000026 ], [ 73.924360400000083, 18.447482600000058 ], [ 73.924512800000059, 18.447409300000061 ], [ 73.924508500000059, 18.447283100000046 ], [ 73.924446200000034, 18.447146800000038 ] ] ] } },
{ "type": "Feature", "properties": { }, "geometry": { "type": "Polygon", "coordinates": [ [ [ 73.92398490000005, 18.447354400000055 ], [ 73.923933400000067, 18.447393 ], [ 73.923939800000085, 18.447427700000048 ], [ 73.923972, 18.447454100000073 ], [ 73.924045, 18.447429700000047 ], [ 73.924051400000053, 18.447358400000041 ], [ 73.92398490000005, 18.447354400000055 ] ] ] } },
{ "type": "Feature", "properties": { }, "geometry": { "type": "Polygon", "coordinates": [ [ [ 73.86123740000005, 18.450357700000044 ], [ 73.861071500000037, 18.450391700000072 ], [ 73.860977200000036, 18.450456500000023 ], [ 73.860880400000042, 18.450587200000029 ], [ 73.860885400000029, 18.450806400000033 ], [ 73.860817100000077, 18.450920600000071 ], [ 73.860687, 18.450969900000075 ], [ 73.860547200000042, 18.45099150000004 ], [ 73.860469100000046, 18.451031600000025 ], [ 73.860374800000045, 18.451139600000033 ], [ 73.860205700000051, 18.451185900000038 ], [ 73.859968300000048, 18.451192100000075 ], [ 73.859701600000051, 18.451358700000071 ], [ 73.8599, 18.451380200000077 ], [ 73.860033300000055, 18.451429600000036 ], [ 73.860137400000042, 18.451540700000066 ], [ 73.860182900000041, 18.451627100000053 ], [ 73.860147200000029, 18.451719600000047 ], [ 73.859919500000046, 18.45188 ], [ 73.859887, 18.451972600000033 ], [ 73.859929600000044, 18.452244300000075 ], [ 73.859959500000059, 18.452409300000056 ], [ 73.860028900000046, 18.45274030000007 ], [ 73.860095500000057, 18.45303060000003 ], [ 73.860133800000028, 18.453185100000042 ], [ 73.860097, 18.453316 ], [ 73.860115400000041, 18.453418500000055 ], [ 73.860161400000038, 18.45348830000006 ], [ 73.860306300000047, 18.453606100000052 ], [ 73.860366100000078, 18.45371740000007 ], [ 73.860515600000042, 18.454518 ], [ 73.860868400000072, 18.455109400000023 ], [ 73.861034700000062, 18.455413300000032 ], [ 73.861123700000064, 18.455600100000023 ], [ 73.861185400000068, 18.455754400000039 ], [ 73.861250400000074, 18.455952200000066 ], [ 73.861297100000058, 18.456124200000037 ], [ 73.861389700000075, 18.45653030000005 ], [ 73.861436200000071, 18.456716300000043 ], [ 73.861579300000074, 18.45679960000006 ], [ 73.861787, 18.456842600000069 ], [ 73.862899300000038, 18.456482200000035 ], [ 73.863029400000073, 18.45631190000006 ], [ 73.863478200000031, 18.455963300000061 ], [ 73.863546500000041, 18.455732 ], [ 73.863514, 18.455583900000022 ], [ 73.863465200000064, 18.455488200000048 ], [ 73.863292900000033, 18.455337100000062 ], [ 73.863283100000046, 18.455247600000071 ], [ 73.863149800000031, 18.454908300000056 ], [ 73.862949300000082, 18.454744100000028 ], [ 73.862648900000067, 18.454482500000037 ], [ 73.862629200000072, 18.454357100000035 ], [ 73.862609400000053, 18.454213500000034 ], [ 73.862584800000036, 18.453995700000061 ], [ 73.862566100000038, 18.453793800000025 ], [ 73.862551300000064, 18.453597100000025 ], [ 73.862486300000057, 18.453449 ], [ 73.862356800000043, 18.45333230000006 ], [ 73.862099400000034, 18.453090800000041 ], [ 73.861962, 18.452954 ], [ 73.861868700000059, 18.452853900000044 ], [ 73.861736, 18.452700600000075 ], [ 73.861582200000043, 18.452514200000056 ], [ 73.861504100000047, 18.452285900000053 ], [ 73.861400500000059, 18.451122400000031 ], [ 73.861354500000061, 18.45038240000002 ], [ 73.86123740000005, 18.450357700000044 ] ] ] } },
{ "type": "Feature", "properties": { }, "geometry": { "type": "Polygon", "coordinates": [ [ [ 73.854517500000057, 18.475135600000048 ], [ 73.854455700000074, 18.475113400000051 ], [ 73.854432200000076, 18.475064300000042 ], [ 73.854454, 18.474975500000024 ], [ 73.85415160000008, 18.474946900000077 ], [ 73.854124, 18.474966700000039 ], [ 73.854094800000041, 18.475087300000038 ], [ 73.85410180000008, 18.475103 ], [ 73.854126700000052, 18.475094 ], [ 73.854160900000068, 18.475096200000053 ], [ 73.854165700000067, 18.475117500000067 ], [ 73.854155, 18.475151200000028 ], [ 73.854138500000033, 18.47518030000003 ], [ 73.854133800000056, 18.475205 ], [ 73.854138500000033, 18.475215100000071 ], [ 73.85415590000008, 18.47523 ], [ 73.854179600000066, 18.475249 ], [ 73.854222100000072, 18.475263600000062 ], [ 73.854277700000068, 18.475241200000024 ], [ 73.854296800000043, 18.475260900000031 ], [ 73.854314400000078, 18.475345700000048 ], [ 73.854323600000043, 18.475373500000046 ], [ 73.85447570000008, 18.475289400000065 ], [ 73.854517500000057, 18.475135600000048 ] ] ] } },
{ "type": "Feature", "properties": { }, "geometry": { "type": "Polygon", "coordinates": [ [ [ 73.837896400000034, 18.483348100000057 ], [ 73.83787140000004, 18.483362200000041 ], [ 73.837862700000073, 18.483377300000033 ], [ 73.837862, 18.483393800000048 ], [ 73.837874800000066, 18.483397300000036 ], [ 73.837889400000051, 18.483400200000062 ], [ 73.837915300000077, 18.48339470000008 ], [ 73.837929300000042, 18.483383700000047 ], [ 73.837931400000059, 18.483368900000073 ], [ 73.837920900000029, 18.483355200000062 ], [ 73.837896400000034, 18.483348100000057 ] ] ] } },
{ "type": "Feature", "properties": { }, "geometry": { "type": "Polygon", "coordinates": [ [ [ 73.85120390000003, 18.491158500000036 ], [ 73.850910400000046, 18.491176 ], [ 73.850919700000077, 18.491316100000059 ], [ 73.851213200000075, 18.49129860000005 ], [ 73.85120390000003, 18.491158500000036 ] ] ] } },
{ "type": "Feature", "properties": { }, "geometry": { "type": "Polygon", "coordinates": [ [ [ 73.837570700000072, 18.491419900000039 ], [ 73.837584900000081, 18.491394500000066 ], [ 73.837595800000031, 18.491353100000026 ], [ 73.837608300000056, 18.491310400000032 ], [ 73.837652400000081, 18.49120460000006 ], [ 73.837655, 18.49117960000007 ], [ 73.83765070000004, 18.491158300000055 ], [ 73.837637700000073, 18.491143100000048 ], [ 73.837619500000073, 18.491134500000044 ], [ 73.83759660000004, 18.491136600000058 ], [ 73.837571500000081, 18.491144800000026 ], [ 73.837494100000072, 18.491198100000076 ], [ 73.837459600000045, 18.491209100000049 ], [ 73.83743190000007, 18.491211600000042 ], [ 73.837416300000029, 18.491208700000069 ], [ 73.837401200000045, 18.491199300000059 ], [ 73.837390400000061, 18.49118250000004 ], [ 73.837388500000031, 18.491165700000067 ], [ 73.837406300000055, 18.491063600000075 ], [ 73.837394700000061, 18.491055500000073 ], [ 73.837403800000061, 18.490884400000024 ], [ 73.837398900000039, 18.490871700000071 ], [ 73.837387900000067, 18.490863 ], [ 73.837372600000037, 18.490863 ], [ 73.837359200000037, 18.490871700000067 ], [ 73.837298, 18.491002700000028 ], [ 73.837297400000068, 18.491027100000053 ], [ 73.837309, 18.491046800000049 ], [ 73.837351200000057, 18.491072900000063 ], [ 73.83736470000008, 18.49109610000005 ], [ 73.837363500000038, 18.491121 ], [ 73.837343, 18.491147900000044 ], [ 73.83733090000004, 18.491151100000025 ], [ 73.837320400000067, 18.491148100000032 ], [ 73.837299700000074, 18.491133200000032 ], [ 73.837266700000043, 18.49110590000004 ], [ 73.837250200000028, 18.491096900000056 ], [ 73.837237900000048, 18.491096600000049 ], [ 73.837228100000061, 18.491098400000048 ], [ 73.837222, 18.49110040000005 ], [ 73.837156300000061, 18.491183300000049 ], [ 73.83714410000006, 18.491207400000064 ], [ 73.837133100000074, 18.491239 ], [ 73.837128200000052, 18.491266800000055 ], [ 73.837128800000073, 18.491300200000069 ], [ 73.837128800000073, 18.491331500000062 ], [ 73.837126400000045, 18.491346400000051 ], [ 73.837119500000028, 18.491382500000043 ], [ 73.837120800000037, 18.491410300000048 ], [ 73.837127200000054, 18.491432100000051 ], [ 73.83714410000006, 18.491461200000064 ], [ 73.837160500000039, 18.491480900000052 ], [ 73.837179100000071, 18.491498900000071 ], [ 73.837231, 18.491527200000064 ], [ 73.837239200000056, 18.491528 ], [ 73.83724570000004, 18.491526800000027 ], [ 73.83725220000008, 18.491518600000067 ], [ 73.837276400000064, 18.491484200000055 ], [ 73.837288500000057, 18.491476400000067 ], [ 73.837305800000081, 18.491473500000044 ], [ 73.837321200000076, 18.491478500000031 ], [ 73.83733680000006, 18.49148920000005 ], [ 73.837344500000029, 18.491501900000063 ], [ 73.837340200000028, 18.491512200000045 ], [ 73.837354100000084, 18.491527800000025 ], [ 73.837379600000077, 18.491544200000074 ], [ 73.837403800000061, 18.491554 ], [ 73.83743190000007, 18.491556 ], [ 73.837449200000037, 18.491555600000023 ], [ 73.837465200000054, 18.491547400000059 ], [ 73.837518800000055, 18.491487600000028 ], [ 73.837570700000072, 18.491419900000039 ] ], [ [ 73.83736330000005, 18.491400200000044 ], [ 73.837370400000054, 18.491386 ], [ 73.837378600000079, 18.491380500000048 ], [ 73.837389600000051, 18.491379300000059 ], [ 73.83740460000007, 18.491381600000064 ], [ 73.837413800000036, 18.491387400000065 ], [ 73.837422900000035, 18.491398400000033 ], [ 73.837425400000029, 18.491411500000027 ], [ 73.837422, 18.491429500000038 ], [ 73.837411600000053, 18.491441100000028 ], [ 73.837397, 18.491445400000032 ], [ 73.837386300000048, 18.49144450000005 ], [ 73.837374, 18.491436700000065 ], [ 73.837364600000058, 18.491424500000054 ], [ 73.837361200000032, 18.491412100000048 ], [ 73.83736330000005, 18.491400200000044 ] ], [ [ 73.83747610000006, 18.491372100000032 ], [ 73.837477100000058, 18.491352100000029 ], [ 73.837487200000055, 18.491329400000044 ], [ 73.837498500000038, 18.491315500000042 ], [ 73.837509200000056, 18.491306200000054 ], [ 73.837523200000078, 18.491301300000025 ], [ 73.837537600000076, 18.491304200000059 ], [ 73.83755350000007, 18.491316100000066 ], [ 73.83755780000007, 18.491332 ], [ 73.837558100000081, 18.491361300000051 ], [ 73.837554100000034, 18.491378400000027 ], [ 73.837543100000062, 18.491392400000045 ], [ 73.837523800000042, 18.491405700000023 ], [ 73.837503400000074, 18.491408900000064 ], [ 73.837487500000066, 18.491403100000074 ], [ 73.837478600000054, 18.49138860000005 ], [ 73.83747610000006, 18.491372100000032 ] ], [ [ 73.83727650000003, 18.491390600000042 ], [ 73.837268600000073, 18.491399600000022 ], [ 73.837250200000028, 18.491403100000074 ], [ 73.837232200000088, 18.491399 ], [ 73.837213500000075, 18.491384800000041 ], [ 73.837202200000036, 18.491360800000056 ], [ 73.837200700000039, 18.491347700000059 ], [ 73.837205300000051, 18.491332900000025 ], [ 73.837211700000069, 18.491320700000077 ], [ 73.837224200000037, 18.491304500000066 ], [ 73.837236100000041, 18.491301300000032 ], [ 73.837245600000074, 18.491306 ], [ 73.837253600000054, 18.491315200000031 ], [ 73.837257200000067, 18.491334900000027 ], [ 73.837260900000047, 18.491346300000028 ], [ 73.837267900000029, 18.491356100000075 ], [ 73.837277100000051, 18.491368300000033 ], [ 73.837278600000047, 18.491378200000039 ], [ 73.83727650000003, 18.491390600000042 ] ] ] } },
{ "type": "Feature", "properties": { }, "geometry": { "type": "Polygon", "coordinates": [ [ [ 73.836818, 18.493049300000049 ], [ 73.836783600000047, 18.493041400000038 ], [ 73.836853700000063, 18.492765700000064 ], [ 73.836867100000063, 18.492768800000015 ], [ 73.836871200000076, 18.49275270000004 ], [ 73.836994900000036, 18.492781 ], [ 73.837003800000048, 18.492745900000049 ], [ 73.83688010000003, 18.492717600000049 ], [ 73.836883800000066, 18.49270330000007 ], [ 73.836870300000044, 18.492700200000058 ], [ 73.836960500000032, 18.492345700000044 ], [ 73.83701730000007, 18.492358700000068 ], [ 73.837037700000053, 18.492278600000081 ], [ 73.836885300000063, 18.492243700000071 ], [ 73.83686490000008, 18.492323800000065 ], [ 73.836923100000035, 18.492337100000043 ], [ 73.836833, 18.492691700000023 ], [ 73.836817300000064, 18.49268810000007 ], [ 73.836813600000085, 18.492702400000042 ], [ 73.836692200000073, 18.49267460000004 ], [ 73.836683300000061, 18.492709700000034 ], [ 73.836804700000073, 18.492737400000067 ], [ 73.836800600000061, 18.492753500000045 ], [ 73.836816300000066, 18.492757100000063 ], [ 73.83674620000005, 18.493032800000041 ], [ 73.836718700000063, 18.493026500000042 ], [ 73.836695300000031, 18.493118600000059 ], [ 73.836794600000076, 18.49314130000004 ], [ 73.836818, 18.493049300000049 ] ], [ [ 73.836736400000063, 18.493054 ], [ 73.836787900000047, 18.493065800000068 ], [ 73.836775600000067, 18.493113800000057 ], [ 73.836724200000049, 18.493102 ], [ 73.836736400000063, 18.493054 ] ] ] } },
{ "type": "Feature", "properties": { }, "geometry": { "type": "Polygon", "coordinates": [ [ [ 73.853737900000056, 18.500834600000072 ], [ 73.853429100000085, 18.500839200000026 ], [ 73.853430100000082, 18.500900700000045 ], [ 73.853738900000053, 18.500896100000034 ], [ 73.853737900000056, 18.500834600000072 ] ] ] } },
{ "type": "Feature", "properties": { }, "geometry": { "type": "Polygon", "coordinates": [ [ [ 73.853037900000061, 18.501315500000036 ], [ 73.853087600000038, 18.501325900000037 ], [ 73.853102800000045, 18.501327400000033 ], [ 73.853118100000074, 18.501327400000037 ], [ 73.853132800000083, 18.501319400000057 ], [ 73.853147500000034, 18.501310100000069 ], [ 73.853173800000036, 18.501289200000034 ], [ 73.85319080000005, 18.501283300000068 ], [ 73.853208400000028, 18.50128 ], [ 73.853241400000059, 18.501270700000081 ], [ 73.853256, 18.501265200000034 ], [ 73.853283100000056, 18.501250200000072 ], [ 73.853291500000068, 18.501237900000039 ], [ 73.853298300000063, 18.501222700000024 ], [ 73.853309300000035, 18.501209800000026 ], [ 73.853317600000082, 18.501195600000074 ], [ 73.853327500000034, 18.501182300000046 ], [ 73.853335700000073, 18.501167700000053 ], [ 73.853341200000045, 18.501153400000078 ], [ 73.853343600000073, 18.501137400000061 ], [ 73.853343600000073, 18.501072 ], [ 73.853344400000083, 18.501054900000032 ], [ 73.853347, 18.501039500000047 ], [ 73.853350400000068, 18.501024 ], [ 73.853356500000075, 18.501008500000072 ], [ 73.853371800000048, 18.500982400000051 ], [ 73.853368700000033, 18.500961500000074 ], [ 73.853368700000033, 18.500929 ], [ 73.853365300000064, 18.500898800000073 ], [ 73.853364400000032, 18.500893200000064 ], [ 73.853362, 18.500883400000067 ], [ 73.853358600000035, 18.500849900000048 ], [ 73.853356600000041, 18.50083740000002 ], [ 73.853348600000061, 18.500769 ], [ 73.853343700000039, 18.500735600000038 ], [ 73.853334400000051, 18.500703800000053 ], [ 73.853331100000048, 18.500670500000066 ], [ 73.853331900000057, 18.500654600000079 ], [ 73.853336100000035, 18.500639600000053 ], [ 73.853336800000079, 18.500623900000043 ], [ 73.85333380000003, 18.500608600000078 ], [ 73.853325600000062, 18.50059530000004 ], [ 73.853319500000055, 18.500579 ], [ 73.853315300000077, 18.500562200000044 ], [ 73.853310500000077, 18.500546900000074 ], [ 73.853303800000049, 18.500534100000039 ], [ 73.85329130000008, 18.500527200000018 ], [ 73.853273400000035, 18.500522600000068 ], [ 73.853255200000035, 18.500516800000067 ], [ 73.853224100000034, 18.500498800000063 ], [ 73.853201400000046, 18.500474900000029 ], [ 73.853188100000068, 18.500466 ], [ 73.853172400000062, 18.500459800000044 ], [ 73.853155600000036, 18.500451 ], [ 73.853140200000041, 18.50044390000005 ], [ 73.853124100000059, 18.500438400000068 ], [ 73.853108900000052, 18.500429900000025 ], [ 73.853096500000049, 18.500417300000038 ], [ 73.853086700000063, 18.500404 ], [ 73.853074400000082, 18.500393900000063 ], [ 73.853058900000065, 18.500388800000053 ], [ 73.853043600000035, 18.500385500000046 ], [ 73.853028300000062, 18.500379800000076 ], [ 73.853015200000073, 18.500385 ], [ 73.853003, 18.500396500000022 ], [ 73.85299, 18.500407300000063 ], [ 73.852966800000047, 18.500435 ], [ 73.852947100000051, 18.500440400000056 ], [ 73.852927200000067, 18.500439600000046 ], [ 73.852909600000032, 18.500433700000031 ], [ 73.85289320000004, 18.500426300000075 ], [ 73.85287720000008, 18.500416800000036 ], [ 73.85286190000005, 18.500409100000066 ], [ 73.852847100000091, 18.500403900000041 ], [ 73.852829600000064, 18.500404600000028 ], [ 73.852813300000037, 18.500410100000064 ], [ 73.852800800000068, 18.500413200000025 ], [ 73.852766700000075, 18.500425100000029 ], [ 73.852750100000037, 18.500429800000056 ], [ 73.852733200000046, 18.500436200000024 ], [ 73.852716400000077, 18.500440200000067 ], [ 73.85270040000006, 18.500445800000026 ], [ 73.852681300000029, 18.500449 ], [ 73.852664600000082, 18.500455200000037 ], [ 73.85264740000008, 18.500459900000067 ], [ 73.852633200000071, 18.500467 ], [ 73.852625, 18.500479800000054 ], [ 73.85261440000005, 18.500512200000063 ], [ 73.852611, 18.500529700000076 ], [ 73.852605, 18.500546900000074 ], [ 73.852596300000073, 18.500564 ], [ 73.852587100000051, 18.500578400000052 ], [ 73.852563100000054, 18.500621600000045 ], [ 73.852556400000083, 18.500638100000064 ], [ 73.852547300000083, 18.500654700000037 ], [ 73.85254180000004, 18.500668900000051 ], [ 73.852541, 18.500684500000034 ], [ 73.852545100000043, 18.500723700000037 ], [ 73.85255, 18.500754600000047 ], [ 73.85255740000008, 18.500770100000071 ], [ 73.852563300000043, 18.500786300000073 ], [ 73.852571900000044, 18.500818600000059 ], [ 73.85257370000005, 18.500836600000067 ], [ 73.852561700000081, 18.500850700000054 ], [ 73.852552700000047, 18.500862800000046 ], [ 73.852551800000072, 18.50087870000004 ], [ 73.852553600000078, 18.500894800000022 ], [ 73.85255, 18.500911600000052 ], [ 73.852543900000057, 18.500928200000033 ], [ 73.852526600000033, 18.500956300000048 ], [ 73.852522700000065, 18.50098 ], [ 73.852527100000032, 18.50103880000006 ], [ 73.852534100000071, 18.501057900000035 ], [ 73.852547300000083, 18.50108780000005 ], [ 73.852559300000053, 18.50112050000007 ], [ 73.852559300000053, 18.501138600000044 ], [ 73.852547300000083, 18.501152500000046 ], [ 73.852543700000069, 18.501166200000057 ], [ 73.852548100000035, 18.501179300000043 ], [ 73.85255710000007, 18.501190800000074 ], [ 73.852569600000038, 18.501198900000073 ], [ 73.85258390000007, 18.501206100000047 ], [ 73.852597900000035, 18.501215300000069 ], [ 73.852610200000072, 18.501229400000053 ], [ 73.852619200000049, 18.501243300000056 ], [ 73.852631600000052, 18.501252200000064 ], [ 73.852645700000039, 18.501259600000026 ], [ 73.852662, 18.50126350000005 ], [ 73.852705200000059, 18.501277900000044 ], [ 73.852719800000045, 18.501285200000041 ], [ 73.852733700000044, 18.501293700000073 ], [ 73.85274910000004, 18.501297300000033 ], [ 73.852765600000055, 18.501297300000033 ], [ 73.852783700000032, 18.501300800000024 ], [ 73.852799100000084, 18.501309700000039 ], [ 73.852815200000066, 18.501316900000059 ], [ 73.852829200000031, 18.501326100000028 ], [ 73.852841400000045, 18.50133680000004 ], [ 73.852854900000068, 18.501342600000044 ], [ 73.852871200000038, 18.501344200000062 ], [ 73.852897, 18.501346500000068 ], [ 73.852929200000062, 18.501352800000067 ], [ 73.852944300000047, 18.501351300000064 ], [ 73.852959, 18.501344700000065 ], [ 73.852986, 18.501325500000057 ], [ 73.85302, 18.501316300000042 ], [ 73.853037900000061, 18.501315500000036 ] ], [ [ 73.85298060000008, 18.500582400000042 ], [ 73.853045500000064, 18.500594800000044 ], [ 73.853106100000048, 18.500619800000038 ], [ 73.853159900000037, 18.500656200000037 ], [ 73.853204700000049, 18.500702500000045 ], [ 73.853238200000078, 18.500756500000023 ], [ 73.853259200000082, 18.500815900000081 ], [ 73.853262400000062, 18.500836900000021 ], [ 73.853266700000063, 18.500878200000045 ], [ 73.853265200000067, 18.500893100000045 ], [ 73.853260400000067, 18.500940700000054 ], [ 73.853240500000084, 18.501000500000025 ], [ 73.853208, 18.501055100000031 ], [ 73.853164200000037, 18.501102100000026 ], [ 73.853111, 18.501139400000056 ], [ 73.853050900000085, 18.501165400000048 ], [ 73.852986300000055, 18.501179 ], [ 73.852920200000028, 18.501179500000035 ], [ 73.852855400000067, 18.501167100000032 ], [ 73.852794700000061, 18.501142100000031 ], [ 73.852740900000072, 18.501105700000036 ], [ 73.852696200000082, 18.501059400000035 ], [ 73.852670400000079, 18.501017900000022 ], [ 73.852662600000031, 18.501005400000057 ], [ 73.852647300000058, 18.500964300000071 ], [ 73.852641600000084, 18.500946 ], [ 73.852634100000046, 18.500883700000028 ], [ 73.852640400000041, 18.500821200000068 ], [ 73.852660300000082, 18.500761400000044 ], [ 73.852692900000079, 18.500706800000046 ], [ 73.852736700000037, 18.500659800000054 ], [ 73.852789800000039, 18.500622500000073 ], [ 73.85285, 18.500596500000025 ], [ 73.852914500000054, 18.500582900000037 ], [ 73.85298060000008, 18.500582400000042 ] ] ] } },
{ "type": "Feature", "properties": { }, "geometry": { "type": "Polygon", "coordinates": [ [ [ 73.852074500000072, 18.502270300000077 ], [ 73.852074500000072, 18.502170100000058 ], [ 73.852020200000084, 18.502131500000075 ], [ 73.851833100000079, 18.502162300000062 ], [ 73.851675900000032, 18.502195800000042 ], [ 73.851540300000067, 18.502254900000025 ], [ 73.851415600000067, 18.502301200000034 ], [ 73.851293500000054, 18.502293500000061 ], [ 73.851209500000039, 18.502324300000058 ], [ 73.851141700000085, 18.502393800000046 ], [ 73.851065800000072, 18.502429800000076 ], [ 73.850984400000073, 18.502447800000027 ], [ 73.85097090000005, 18.502488900000063 ], [ 73.851000700000043, 18.502560900000045 ], [ 73.851038700000075, 18.502684300000055 ], [ 73.851152500000069, 18.502766600000029 ], [ 73.851266400000043, 18.502769200000046 ], [ 73.85145620000003, 18.502730600000071 ], [ 73.851534900000047, 18.502712600000052 ], [ 73.851643300000035, 18.502643200000023 ], [ 73.851773500000036, 18.502542900000041 ], [ 73.851895500000069, 18.502419500000027 ], [ 73.852074500000072, 18.502270300000077 ] ] ] } },
{ "type": "Feature", "properties": { }, "geometry": { "type": "Polygon", "coordinates": [ [ [ 73.84068850000007, 18.510887300000039 ], [ 73.840426400000069, 18.510492700000039 ], [ 73.840166800000077, 18.51009890000006 ], [ 73.840045900000064, 18.509958 ], [ 73.839153, 18.509094300000076 ], [ 73.838713600000062, 18.508699400000069 ], [ 73.838695900000062, 18.508689500000063 ], [ 73.838678800000082, 18.508688500000055 ], [ 73.83865940000004, 18.508691100000082 ], [ 73.838644600000066, 18.508703100000048 ], [ 73.838617800000065, 18.508783300000058 ], [ 73.838550100000077, 18.508710100000027 ], [ 73.838519900000051, 18.508601400000032 ], [ 73.838524600000099, 18.508588 ], [ 73.838548100000082, 18.508515900000077 ], [ 73.838309500000037, 18.508296400000059 ], [ 73.838229100000035, 18.508227400000067 ], [ 73.837961800000073, 18.507983200000069 ], [ 73.83745220000003, 18.507517500000063 ], [ 73.837186300000042, 18.507044200000053 ], [ 73.836892600000056, 18.506497400000054 ], [ 73.83674510000003, 18.506210600000035 ], [ 73.836673800000028, 18.506003900000049 ], [ 73.836664900000073, 18.50569170000006 ], [ 73.836665100000062, 18.505685600000049 ], [ 73.836692500000083, 18.504657400000038 ], [ 73.836905500000057, 18.503271 ], [ 73.83698650000008, 18.502589100000023 ], [ 73.837054, 18.501998 ], [ 73.837006400000064, 18.501496800000041 ], [ 73.836929800000064, 18.50080320000006 ], [ 73.836760500000082, 18.500327100000053 ], [ 73.836558700000069, 18.499905500000072 ], [ 73.836457400000029, 18.499716400000068 ], [ 73.836430800000073, 18.499566500000075 ], [ 73.836351300000047, 18.498928800000041 ], [ 73.836065500000075, 18.498549 ], [ 73.835746200000074, 18.497755400000074 ], [ 73.835613800000047, 18.49789 ], [ 73.835759200000041, 18.498264400000043 ], [ 73.835716400000081, 18.498323400000061 ], [ 73.835393200000055, 18.49788540000003 ], [ 73.835048800000052, 18.497489600000048 ], [ 73.834742, 18.497262700000022 ], [ 73.834764200000052, 18.49761060000003 ], [ 73.835138100000052, 18.498038500000064 ], [ 73.835432400000059, 18.498427700000036 ], [ 73.835707600000035, 18.498766200000031 ], [ 73.836059500000033, 18.499530700000037 ], [ 73.836282100000062, 18.500026700000035 ], [ 73.83654080000008, 18.500775 ], [ 73.836642300000051, 18.501341700000065 ], [ 73.836690400000066, 18.501883800000027 ], [ 73.836677700000052, 18.502435300000059 ], [ 73.836585400000047, 18.503244300000059 ], [ 73.836488900000063, 18.504134600000043 ], [ 73.836395, 18.504747500000065 ], [ 73.836366800000064, 18.505312300000075 ], [ 73.836369700000034, 18.506001800000035 ], [ 73.836438, 18.50619840000007 ], [ 73.836597600000061, 18.506563900000057 ], [ 73.835983700000043, 18.506019800000047 ], [ 73.836001200000055, 18.506130100000064 ], [ 73.836532500000033, 18.506655400000049 ], [ 73.836635600000079, 18.506702 ], [ 73.836740300000031, 18.506891500000055 ], [ 73.836787900000047, 18.506993400000056 ], [ 73.836899800000083, 18.507238700000073 ], [ 73.836966900000064, 18.507381200000054 ], [ 73.837035300000082, 18.507513400000054 ], [ 73.837092, 18.507596300000046 ], [ 73.837526500000081, 18.507978300000044 ], [ 73.83809430000008, 18.50855260000003 ], [ 73.839149600000042, 18.509547600000079 ], [ 73.839925300000061, 18.510274900000073 ], [ 73.84015960000005, 18.510656300000047 ], [ 73.840742100000057, 18.511525900000034 ], [ 73.84095190000005, 18.511270500000023 ], [ 73.84068850000007, 18.510887300000039 ] ] ] } },
{ "type": "Feature", "properties": { }, "geometry": { "type": "Polygon", "coordinates": [ [ [ 73.834032500000049, 18.496738400000027 ], [ 73.833674900000062, 18.496495 ], [ 73.833382800000038, 18.496179 ], [ 73.833227600000043, 18.496158 ], [ 73.833130400000073, 18.496053700000058 ], [ 73.833139600000052, 18.495998100000065 ], [ 73.832976700000074, 18.495837300000062 ], [ 73.832751900000062, 18.495497100000023 ], [ 73.832553800000085, 18.495217100000044 ], [ 73.832131300000071, 18.494616800000077 ], [ 73.831386, 18.493561300000071 ], [ 73.830480600000044, 18.492249800000025 ], [ 73.830036, 18.491584700000036 ], [ 73.82940380000008, 18.490677400000038 ], [ 73.828801200000044, 18.489783800000051 ], [ 73.828285400000084, 18.488987800000078 ], [ 73.828021400000068, 18.488593200000025 ], [ 73.827771300000052, 18.488161300000058 ], [ 73.827624200000074, 18.487794600000029 ], [ 73.827271900000085, 18.486980700000061 ], [ 73.827015500000073, 18.486420800000076 ], [ 73.826612500000067, 18.485398800000038 ], [ 73.826193100000069, 18.484510400000037 ], [ 73.826003900000046, 18.48420260000006 ], [ 73.825513300000068, 18.483664500000025 ], [ 73.824737900000059, 18.482999500000059 ], [ 73.824235500000043, 18.482702100000036 ], [ 73.824209600000074, 18.482990300000036 ], [ 73.824634100000083, 18.483264300000023 ], [ 73.824955500000044, 18.483500800000055 ], [ 73.825319900000068, 18.483850400000055 ], [ 73.825621100000035, 18.484206400000062 ], [ 73.825846200000058, 18.484500500000021 ], [ 73.82627, 18.485326100000062 ], [ 73.826873300000045, 18.486764900000026 ], [ 73.827427600000078, 18.488164 ], [ 73.828034700000046, 18.48913 ], [ 73.828683, 18.490097200000033 ], [ 73.829484600000058, 18.491292900000076 ], [ 73.830278500000077, 18.492444800000044 ], [ 73.830345200000068, 18.493040200000046 ], [ 73.831487800000048, 18.494942800000047 ], [ 73.832195, 18.495923100000027 ], [ 73.833328900000083, 18.496527600000036 ], [ 73.833841600000085, 18.496939400000031 ], [ 73.834764200000052, 18.49761060000003 ], [ 73.834742, 18.497262700000022 ], [ 73.834032500000049, 18.496738400000027 ] ] ] } },
{ "type": "Feature", "properties": { }, "geometry": { "type": "Polygon", "coordinates": [ [ [ 73.812353800000039, 18.502395300000046 ], [ 73.812339800000075, 18.502397100000042 ], [ 73.812327500000038, 18.502403900000047 ], [ 73.812318900000037, 18.502414700000031 ], [ 73.81231530000008, 18.502427700000059 ], [ 73.812317200000052, 18.502441100000055 ], [ 73.81232440000008, 18.502452700000045 ], [ 73.812335800000085, 18.502460900000077 ], [ 73.812349500000039, 18.502464300000046 ], [ 73.812363600000083, 18.502462400000066 ], [ 73.812375900000063, 18.502455600000072 ], [ 73.812384400000042, 18.502444900000057 ], [ 73.812388, 18.502431800000071 ], [ 73.812386100000083, 18.502418500000033 ], [ 73.812378900000056, 18.50240680000007 ], [ 73.812367600000073, 18.502398700000068 ], [ 73.812353800000039, 18.502395300000046 ] ] ] } },
{ "type": "Feature", "properties": { }, "geometry": { "type": "Polygon", "coordinates": [ [ [ 73.834269800000072, 18.503513500000054 ], [ 73.83422390000004, 18.503528 ], [ 73.834187400000076, 18.503558 ], [ 73.834165700000028, 18.503599100000027 ], [ 73.83416230000006, 18.503644800000075 ], [ 73.834177500000067, 18.503688300000022 ], [ 73.834209200000032, 18.503723 ], [ 73.834252500000048, 18.503743500000041 ], [ 73.834300700000028, 18.503746800000044 ], [ 73.83434660000006, 18.503732300000021 ], [ 73.834383200000048, 18.503702300000043 ], [ 73.834404800000073, 18.503661300000029 ], [ 73.834408300000064, 18.50361550000002 ], [ 73.834393, 18.503572 ], [ 73.834361300000069, 18.503537300000058 ], [ 73.834318100000075, 18.503516800000057 ], [ 73.834269800000072, 18.503513500000054 ] ] ] } },
{ "type": "Feature", "properties": { }, "geometry": { "type": "Polygon", "coordinates": [ [ [ 73.83457790000007, 18.503538800000054 ], [ 73.834529100000054, 18.503540700000027 ], [ 73.834484800000041, 18.503560100000072 ], [ 73.834451700000045, 18.503594200000062 ], [ 73.834434800000054, 18.503637700000073 ], [ 73.834436800000049, 18.503683900000052 ], [ 73.834457300000054, 18.503726 ], [ 73.834493200000054, 18.503757400000044 ], [ 73.834539100000029, 18.503773300000034 ], [ 73.834587900000031, 18.503771400000065 ], [ 73.834632200000044, 18.503752 ], [ 73.83466530000004, 18.503717900000023 ], [ 73.834682100000066, 18.503674500000042 ], [ 73.834680100000071, 18.503628200000037 ], [ 73.834659600000066, 18.503586200000029 ], [ 73.834623700000066, 18.503554800000074 ], [ 73.83457790000007, 18.503538800000054 ] ] ] } },
{ "type": "Feature", "properties": { }, "geometry": { "type": "Polygon", "coordinates": [ [ [ 73.834762800000078, 18.503812700000026 ], [ 73.834709500000031, 18.503817400000052 ], [ 73.834662200000082, 18.503841100000045 ], [ 73.834628, 18.503880200000022 ], [ 73.83461230000006, 18.503928700000081 ], [ 73.834617200000082, 18.50397920000006 ], [ 73.834642200000076, 18.504024100000031 ], [ 73.83468350000004, 18.504056500000047 ], [ 73.834734600000047, 18.504071400000043 ], [ 73.834787900000038, 18.504066700000067 ], [ 73.834835200000043, 18.504043 ], [ 73.834869400000059, 18.504003900000047 ], [ 73.834885100000065, 18.503955400000052 ], [ 73.834880200000043, 18.503904900000066 ], [ 73.83485520000005, 18.50386 ], [ 73.834813900000029, 18.503827600000019 ], [ 73.834762800000078, 18.503812700000026 ] ] ] } },
{ "type": "Feature", "properties": { }, "geometry": { "type": "Polygon", "coordinates": [ [ [ 73.834321900000077, 18.503958200000056 ], [ 73.834285300000033, 18.503966600000069 ], [ 73.834254900000076, 18.503987700000035 ], [ 73.834235400000068, 18.504018200000075 ], [ 73.834229600000072, 18.504053500000058 ], [ 73.834238500000083, 18.504088200000066 ], [ 73.834260700000073, 18.504117 ], [ 73.834292900000037, 18.504135500000078 ], [ 73.834330100000045, 18.504141 ], [ 73.834366700000032, 18.504132600000048 ], [ 73.834397100000047, 18.504111500000018 ], [ 73.834416600000054, 18.504081 ], [ 73.834422400000051, 18.504045700000063 ], [ 73.834413500000039, 18.504011 ], [ 73.834391200000084, 18.503982200000053 ], [ 73.834359100000029, 18.503963600000077 ], [ 73.834321900000077, 18.503958200000056 ] ] ] } },
{ "type": "Feature", "properties": { }, "geometry": { "type": "Polygon", "coordinates": [ [ [ 73.834513600000037, 18.504022700000068 ], [ 73.834481900000085, 18.504031800000067 ], [ 73.834456300000056, 18.504051700000044 ], [ 73.83444060000005, 18.504079400000023 ], [ 73.834437300000047, 18.504110700000066 ], [ 73.834446900000046, 18.504140800000069 ], [ 73.83446790000005, 18.504165100000023 ], [ 73.834497100000078, 18.504179900000054 ], [ 73.834530100000052, 18.504183100000038 ], [ 73.83456190000004, 18.504174 ], [ 73.834587500000055, 18.504154 ], [ 73.834603100000038, 18.504126300000053 ], [ 73.834606400000041, 18.504095100000029 ], [ 73.834596800000043, 18.504065 ], [ 73.834575800000039, 18.504040700000072 ], [ 73.834546600000067, 18.504025800000019 ], [ 73.834513600000037, 18.504022700000068 ] ] ] } },
{ "type": "Feature", "properties": { }, "geometry": { "type": "Polygon", "coordinates": [ [ [ 73.780407800000035, 18.518444200000033 ], [ 73.78039270000005, 18.518445 ], [ 73.780378700000028, 18.518450200000075 ], [ 73.780367, 18.518459200000049 ], [ 73.780358900000067, 18.518471200000022 ], [ 73.780355, 18.518485 ], [ 73.780355800000052, 18.518499200000065 ], [ 73.780362100000048, 18.51851390000007 ], [ 73.780373300000079, 18.518525600000036 ], [ 73.780388100000039, 18.518533 ], [ 73.780404700000076, 18.518535200000031 ], [ 73.780421, 18.518531900000028 ], [ 73.780435100000034, 18.518523400000049 ], [ 73.780445400000076, 18.51851090000002 ], [ 73.780450500000029, 18.518495900000058 ], [ 73.780449900000065, 18.51848 ], [ 73.780444500000044, 18.518466700000033 ], [ 73.780435, 18.518455600000042 ], [ 73.780422300000055, 18.518447900000069 ], [ 73.780407800000035, 18.518444200000033 ] ] ] } },
{ "type": "Feature", "properties": { }, "geometry": { "type": "Polygon", "coordinates": [ [ [ 73.817723900000033, 18.52991390000005 ], [ 73.817776200000083, 18.52991650000007 ], [ 73.817777800000044, 18.529876300000065 ], [ 73.817773400000078, 18.529830900000039 ], [ 73.817745400000035, 18.529797500000022 ], [ 73.817752, 18.529778200000067 ], [ 73.817759100000046, 18.529758400000052 ], [ 73.817767400000037, 18.529740600000022 ], [ 73.817779500000029, 18.529719200000041 ], [ 73.817804300000034, 18.529698900000028 ], [ 73.817842800000051, 18.529670200000051 ], [ 73.817856, 18.529653 ], [ 73.817856600000084, 18.529634700000027 ], [ 73.817857700000047, 18.529608100000072 ], [ 73.81781310000008, 18.529591400000072 ], [ 73.817768500000057, 18.529601300000021 ], [ 73.817742100000046, 18.52961380000005 ], [ 73.817721200000051, 18.529600300000027 ], [ 73.817714, 18.529583600000027 ], [ 73.817712400000062, 18.529566900000077 ], [ 73.817714600000045, 18.529543400000026 ], [ 73.817737100000045, 18.529520400000024 ], [ 73.817756900000063, 18.52951 ], [ 73.817781700000069, 18.529512600000025 ], [ 73.817813600000079, 18.529522500000034 ], [ 73.817836200000045, 18.529520900000019 ], [ 73.817853200000059, 18.52951 ], [ 73.817857100000083, 18.529500100000064 ], [ 73.817863700000032, 18.529483900000056 ], [ 73.817863200000033, 18.529464600000033 ], [ 73.817861500000063, 18.529448900000034 ], [ 73.817828500000076, 18.529417600000045 ], [ 73.817815800000062, 18.52936650000003 ], [ 73.817786700000056, 18.529337800000061 ], [ 73.817736, 18.529323700000077 ], [ 73.81770240000003, 18.529332600000028 ], [ 73.817681, 18.52933570000005 ], [ 73.817649600000038, 18.529333100000031 ], [ 73.817619900000068, 18.529321100000061 ], [ 73.81758740000005, 18.529302800000039 ], [ 73.817566, 18.529278300000044 ], [ 73.817543200000046, 18.529247100000081 ], [ 73.817547500000046, 18.529232100000058 ], [ 73.817557700000066, 18.529220900000038 ], [ 73.817579200000068, 18.529221400000043 ], [ 73.81760120000007, 18.529225100000076 ], [ 73.817629300000078, 18.529227700000032 ], [ 73.81765130000008, 18.529217800000026 ], [ 73.817661700000031, 18.529207800000052 ], [ 73.817659, 18.529189600000045 ], [ 73.817638600000066, 18.529157200000039 ], [ 73.817632, 18.529139 ], [ 73.817611600000077, 18.529105 ], [ 73.817586300000087, 18.529084200000057 ], [ 73.817571200000032, 18.529062600000028 ], [ 73.817558700000063, 18.529042900000036 ], [ 73.817563800000087, 18.529027700000029 ], [ 73.817576900000063, 18.529014100000037 ], [ 73.81758190000005, 18.528994900000047 ], [ 73.817573700000082, 18.528971 ], [ 73.817554100000052, 18.528952700000048 ], [ 73.817542600000081, 18.528938700000026 ], [ 73.817536300000029, 18.528920600000045 ], [ 73.817542, 18.528901900000047 ], [ 73.817583300000081, 18.528889200000037 ], [ 73.817588800000067, 18.528866600000068 ], [ 73.817619900000068, 18.528826400000071 ], [ 73.817638900000077, 18.528818200000046 ], [ 73.817651600000033, 18.528809700000068 ], [ 73.817658300000062, 18.528798600000076 ], [ 73.81767990000003, 18.528784100000049 ], [ 73.817679300000066, 18.528762700000069 ], [ 73.817671100000041, 18.528747400000043 ], [ 73.817654700000048, 18.52873860000005 ], [ 73.817629800000077, 18.528718300000033 ], [ 73.817631700000049, 18.528700600000036 ], [ 73.817636, 18.528677900000048 ], [ 73.817620100000056, 18.528668100000061 ], [ 73.817591, 18.528667900000073 ], [ 73.817558200000065, 18.528677500000072 ], [ 73.817322900000079, 18.528791900000048 ], [ 73.817225900000039, 18.52883340000005 ], [ 73.817143200000032, 18.528835900000047 ], [ 73.817085, 18.528840500000062 ], [ 73.81705420000003, 18.528838100000023 ], [ 73.817040100000042, 18.528827100000058 ], [ 73.817044400000043, 18.528806100000057 ], [ 73.817032100000063, 18.528780800000053 ], [ 73.81702990000008, 18.528747200000055 ], [ 73.817012800000043, 18.528715600000051 ], [ 73.817000800000088, 18.528669800000046 ], [ 73.816969, 18.52860430000004 ], [ 73.81694820000007, 18.528561400000058 ], [ 73.816929100000038, 18.528523100000029 ], [ 73.816885900000045, 18.52848890000007 ], [ 73.816826, 18.528461100000072 ], [ 73.816803200000038, 18.528436900000031 ], [ 73.81678080000006, 18.528409300000078 ], [ 73.816760700000032, 18.528375400000069 ], [ 73.816729900000041, 18.528342400000046 ], [ 73.816714700000034, 18.528319100000036 ], [ 73.816656700000067, 18.528269200000064 ], [ 73.816617200000053, 18.528254600000025 ], [ 73.816504100000031, 18.528236800000048 ], [ 73.816428600000052, 18.528247 ], [ 73.816396800000064, 18.528267400000054 ], [ 73.816379, 18.528288500000027 ], [ 73.81637580000006, 18.528321200000047 ], [ 73.816374400000029, 18.528364500000066 ], [ 73.81639, 18.528382500000074 ], [ 73.816404200000079, 18.528417200000032 ], [ 73.816394100000082, 18.52844610000005 ], [ 73.81637980000005, 18.528460200000044 ], [ 73.816376500000047, 18.528489800000049 ], [ 73.816391400000043, 18.528514200000071 ], [ 73.816383200000075, 18.528540500000076 ], [ 73.816353400000082, 18.528565600000036 ], [ 73.816329, 18.528583600000051 ], [ 73.816318900000056, 18.528600300000058 ], [ 73.816327700000045, 18.52862790000006 ], [ 73.816341900000054, 18.528670300000041 ], [ 73.81634930000007, 18.528699900000042 ], [ 73.816370400000039, 18.528721700000062 ], [ 73.816388600000039, 18.528729400000035 ], [ 73.816404200000079, 18.528726800000072 ], [ 73.816424600000062, 18.528723 ], [ 73.81644760000006, 18.528726200000051 ], [ 73.816451700000073, 18.52874160000005 ], [ 73.816451700000073, 18.528760900000066 ], [ 73.81646180000007, 18.528787200000064 ], [ 73.816482800000074, 18.528812300000023 ], [ 73.816519400000061, 18.528849500000035 ], [ 73.816563500000029, 18.528881700000056 ], [ 73.816602800000055, 18.528892600000059 ], [ 73.81663530000003, 18.528907400000033 ], [ 73.81664, 18.528927900000042 ], [ 73.816645300000062, 18.528947 ], [ 73.816659, 18.528967800000036 ], [ 73.816676500000028, 18.528985600000059 ], [ 73.816687500000057, 18.52900650000004 ], [ 73.816695200000083, 18.529032100000052 ], [ 73.816702600000042, 18.529050500000039 ], [ 73.816704700000059, 18.529071900000073 ], [ 73.816718600000058, 18.529089400000029 ], [ 73.816747400000054, 18.52907440000007 ], [ 73.816752700000052, 18.52905620000007 ], [ 73.816759500000046, 18.529047200000036 ], [ 73.816770700000063, 18.529051800000047 ], [ 73.816782200000034, 18.529070100000069 ], [ 73.816778900000031, 18.529111800000067 ], [ 73.816795400000046, 18.52915460000003 ], [ 73.816820200000052, 18.529169200000066 ], [ 73.816852700000084, 18.529178100000021 ], [ 73.816870300000062, 18.529191700000066 ], [ 73.81689010000008, 18.529214100000051 ], [ 73.816892900000084, 18.529259 ], [ 73.816881900000055, 18.529287200000056 ], [ 73.816877500000032, 18.529326800000035 ], [ 73.816891800000064, 18.529359700000047 ], [ 73.816903300000035, 18.529386300000048 ], [ 73.81693080000008, 18.529420200000057 ], [ 73.816954900000042, 18.529430500000043 ], [ 73.81698920000008, 18.529379 ], [ 73.81701, 18.529362700000036 ], [ 73.817036300000041, 18.529353400000051 ], [ 73.817060100000049, 18.529361600000069 ], [ 73.817052, 18.529397200000066 ], [ 73.81705130000006, 18.529426300000068 ], [ 73.817063200000064, 18.529462700000064 ], [ 73.817084400000056, 18.529478200000028 ], [ 73.817106, 18.529519300000061 ], [ 73.817139300000065, 18.529534800000022 ], [ 73.817163900000082, 18.529564300000061 ], [ 73.817175600000041, 18.529589500000039 ], [ 73.817159500000074, 18.529612400000076 ], [ 73.81713, 18.52961490000007 ], [ 73.817101900000068, 18.529617500000029 ], [ 73.817098500000043, 18.529638400000064 ], [ 73.817112500000079, 18.529704600000056 ], [ 73.817099300000052, 18.529719200000049 ], [ 73.817058900000063, 18.529717800000071 ], [ 73.817041400000051, 18.529729800000037 ], [ 73.817026, 18.529749100000057 ], [ 73.817040800000029, 18.529766200000036 ], [ 73.817059500000084, 18.529776700000067 ], [ 73.817073, 18.529795800000045 ], [ 73.817085, 18.529826600000032 ], [ 73.817083600000046, 18.529884500000037 ], [ 73.817122900000072, 18.529908100000057 ], [ 73.817152100000044, 18.529907600000058 ], [ 73.817164200000036, 18.529885700000023 ], [ 73.817144900000073, 18.529838200000032 ], [ 73.817143200000032, 18.529810100000081 ], [ 73.817157400000042, 18.529779 ], [ 73.817190200000084, 18.529768200000031 ], [ 73.817231, 18.529761300000075 ], [ 73.817267400000048, 18.529778700000069 ], [ 73.817294100000083, 18.529818900000066 ], [ 73.817307800000037, 18.529845500000025 ], [ 73.817340900000033, 18.529875300000075 ], [ 73.817382100000032, 18.529856500000051 ], [ 73.817435800000055, 18.529778 ], [ 73.817462800000044, 18.529773300000041 ], [ 73.817482900000073, 18.529785 ], [ 73.817490600000042, 18.529807900000037 ], [ 73.81747960000007, 18.529840300000053 ], [ 73.81745920000003, 18.529858600000065 ], [ 73.817443800000035, 18.529884700000025 ], [ 73.817458100000081, 18.529909200000073 ], [ 73.817493900000045, 18.529929500000033 ], [ 73.817515300000082, 18.529940500000066 ], [ 73.817549400000075, 18.529952 ], [ 73.817588500000056, 18.529942100000024 ], [ 73.817611600000077, 18.52992850000004 ], [ 73.817668900000058, 18.529916 ], [ 73.817723900000033, 18.52991390000005 ] ] ] } },
{ "type": "Feature", "properties": { }, "geometry": { "type": "Polygon", "coordinates": [ [ [ 73.818390800000032, 18.529553300000032 ], [ 73.818392200000062, 18.529542 ], [ 73.818384, 18.529521500000044 ], [ 73.818374900000038, 18.529507 ], [ 73.818377800000064, 18.529479300000045 ], [ 73.818383100000062, 18.529457500000028 ], [ 73.818391700000063, 18.529442500000066 ], [ 73.818404600000065, 18.529429800000052 ], [ 73.818402300000059, 18.52941160000006 ], [ 73.818399400000033, 18.529400200000048 ], [ 73.818384500000036, 18.529388 ], [ 73.818369700000062, 18.529377100000033 ], [ 73.818343300000038, 18.529378400000034 ], [ 73.818295400000068, 18.529392100000052 ], [ 73.818273800000043, 18.529396600000034 ], [ 73.818236500000083, 18.529408400000026 ], [ 73.818219700000043, 18.529400700000046 ], [ 73.818221100000073, 18.529383 ], [ 73.818230200000073, 18.529362100000068 ], [ 73.818282500000066, 18.529338 ], [ 73.818305, 18.529340300000054 ], [ 73.818333700000039, 18.529334400000039 ], [ 73.818361, 18.529329400000051 ], [ 73.818368500000076, 18.529310700000053 ], [ 73.818366600000047, 18.529291700000044 ], [ 73.818358200000034, 18.529259600000042 ], [ 73.818357, 18.529246900000032 ], [ 73.818351900000039, 18.529231700000029 ], [ 73.818341200000077, 18.529219200000057 ], [ 73.818329900000037, 18.529211500000027 ], [ 73.818309100000079, 18.529208100000055 ], [ 73.818289200000038, 18.529211 ], [ 73.818274600000052, 18.52922760000007 ], [ 73.818265, 18.529236500000017 ], [ 73.818254200000069, 18.529251900000073 ], [ 73.818242700000042, 18.529267800000067 ], [ 73.818236200000058, 18.529283700000057 ], [ 73.818225700000099, 18.529306400000056 ], [ 73.818218800000068, 18.529328900000056 ], [ 73.818208200000072, 18.529344600000062 ], [ 73.818195500000058, 18.529350500000074 ], [ 73.818174400000032, 18.529325300000039 ], [ 73.818184300000041, 18.529306 ], [ 73.818202, 18.529285800000029 ], [ 73.818219700000043, 18.529275500000036 ], [ 73.818218300000069, 18.529247100000074 ], [ 73.818203900000071, 18.529229 ], [ 73.81819020000006, 18.529217800000026 ], [ 73.818185500000098, 18.529187400000069 ], [ 73.818185, 18.529169900000049 ], [ 73.818192600000032, 18.52914950000007 ], [ 73.818212, 18.529134300000067 ], [ 73.81824320000004, 18.529095400000077 ], [ 73.818254400000058, 18.529076800000038 ], [ 73.818273100000056, 18.529059800000024 ], [ 73.818279800000084, 18.529018200000053 ], [ 73.818251800000041, 18.528979100000068 ], [ 73.818241700000044, 18.528969600000043 ], [ 73.818178300000056, 18.528924200000063 ], [ 73.818134900000075, 18.528923900000049 ], [ 73.818088900000078, 18.528929800000071 ], [ 73.81807260000005, 18.528912600000069 ], [ 73.818055400000048, 18.528901 ], [ 73.818013200000053, 18.528900500000077 ], [ 73.817993100000081, 18.528905500000057 ], [ 73.817985900000053, 18.528911200000032 ], [ 73.817974900000081, 18.528924600000039 ], [ 73.817961500000081, 18.52897 ], [ 73.817962400000056, 18.528993400000044 ], [ 73.817958600000054, 18.529013600000042 ], [ 73.817960300000038, 18.529026400000078 ], [ 73.817957600000057, 18.52905 ], [ 73.817951900000082, 18.529064300000073 ], [ 73.817943300000081, 18.529071800000054 ], [ 73.817927200000042, 18.529081100000042 ], [ 73.817905200000041, 18.52908560000003 ], [ 73.81789340000006, 18.529087200000042 ], [ 73.817879100000084, 18.529092 ], [ 73.817862300000058, 18.529116500000043 ], [ 73.817859700000042, 18.529122400000062 ], [ 73.817857300000071, 18.529142400000072 ], [ 73.817856100000029, 18.529149200000063 ], [ 73.817857300000071, 18.529162400000075 ], [ 73.817850800000031, 18.529169200000066 ], [ 73.817844300000047, 18.529180400000026 ], [ 73.817829200000062, 18.529178100000028 ], [ 73.817814400000032, 18.529163600000054 ], [ 73.817789900000037, 18.52915860000007 ], [ 73.817772200000036, 18.529184 ], [ 73.817761200000064, 18.52920940000007 ], [ 73.817754500000035, 18.529234900000063 ], [ 73.817744400000038, 18.529252100000058 ], [ 73.817748300000062, 18.529264400000049 ], [ 73.817783700000064, 18.529283500000076 ], [ 73.817832600000031, 18.529300800000048 ], [ 73.817850800000031, 18.529322100000059 ], [ 73.817871400000058, 18.529316200000043 ], [ 73.817879100000084, 18.529301200000081 ], [ 73.817893900000058, 18.529313 ], [ 73.817906400000084, 18.529340300000054 ], [ 73.81794130000003, 18.529359400000033 ], [ 73.817961900000057, 18.529358900000034 ], [ 73.817975800000056, 18.529340700000038 ], [ 73.817995500000052, 18.529330300000023 ], [ 73.81802040000008, 18.529322100000059 ], [ 73.818042, 18.529321600000063 ], [ 73.818071700000075, 18.529316200000043 ], [ 73.818091800000047, 18.529311700000047 ], [ 73.818112900000074, 18.529331200000058 ], [ 73.818111400000078, 18.529356200000052 ], [ 73.818123400000047, 18.529377500000066 ], [ 73.818133900000078, 18.529386200000037 ], [ 73.818145900000047, 18.529398 ], [ 73.818151200000045, 18.529408900000075 ], [ 73.818160300000045, 18.529418400000051 ], [ 73.818176100000073, 18.52942750000005 ], [ 73.818190500000071, 18.529440700000066 ], [ 73.818199600000071, 18.529457 ], [ 73.818203400000073, 18.529484300000036 ], [ 73.818201500000043, 18.529498800000052 ], [ 73.81820010000007, 18.529510200000061 ], [ 73.818186600000061, 18.529516100000023 ], [ 73.818174200000044, 18.529517400000035 ], [ 73.818153100000075, 18.529521500000044 ], [ 73.818149800000072, 18.52952740000006 ], [ 73.818149300000087, 18.529542900000028 ], [ 73.818154100000072, 18.52956150000005 ], [ 73.818162700000073, 18.529571100000055 ], [ 73.81817280000007, 18.529579700000056 ], [ 73.818201500000043, 18.529585600000079 ], [ 73.81822260000007, 18.52958650000005 ], [ 73.818251800000041, 18.52957970000006 ], [ 73.818287300000065, 18.529576 ], [ 73.81830640000004, 18.529587 ], [ 73.818324600000039, 18.529596500000025 ], [ 73.818341900000064, 18.529595600000054 ], [ 73.818372100000033, 18.529592400000066 ], [ 73.818384500000036, 18.529582400000034 ], [ 73.818390800000032, 18.529553300000032 ] ] ] } },
{ "type": "Feature", "properties": { }, "geometry": { "type": "Polygon", "coordinates": [ [ [ 73.836689300000046, 18.505996900000071 ], [ 73.836755700000083, 18.506204800000035 ], [ 73.836902500000065, 18.506489700000031 ], [ 73.837463100000036, 18.507503200000023 ], [ 73.837961800000073, 18.507983200000069 ], [ 73.838234200000045, 18.508223100000063 ], [ 73.838486400000079, 18.50844690000002 ], [ 73.838601700000083, 18.508079300000073 ], [ 73.838203400000054, 18.507753800000049 ], [ 73.837880200000029, 18.507299800000052 ], [ 73.837664300000029, 18.506976700000052 ], [ 73.837363900000071, 18.506455300000027 ], [ 73.837263300000075, 18.506222600000061 ], [ 73.837119800000039, 18.505773700000073 ], [ 73.836989700000061, 18.505371800000031 ], [ 73.83698030000005, 18.505224300000059 ], [ 73.836992400000042, 18.50488340000004 ], [ 73.837040700000045, 18.504507 ], [ 73.836726200000044, 18.504487900000075 ], [ 73.8367, 18.504657700000053 ], [ 73.836665100000062, 18.505685600000049 ], [ 73.836689300000046, 18.505996900000071 ] ] ] } },
{ "type": "Feature", "properties": { }, "geometry": { "type": "Polygon", "coordinates": [ [ [ 73.838664700000052, 18.508535900000027 ], [ 73.838686200000041, 18.508546100000046 ], [ 73.838819, 18.50819760000007 ], [ 73.838769300000081, 18.508093300000045 ], [ 73.838698300000033, 18.508099700000059 ], [ 73.838526600000094, 18.508599500000052 ], [ 73.838556100000062, 18.508703800000031 ], [ 73.838620500000047, 18.508772400000051 ], [ 73.838636600000029, 18.508701200000075 ], [ 73.838609800000029, 18.508693600000075 ], [ 73.838664700000052, 18.508535900000027 ] ] ] } },
{ "type": "Feature", "properties": { }, "geometry": { "type": "Polygon", "coordinates": [ [ [ 73.85577950000004, 18.522618600000047 ], [ 73.855467700000077, 18.52227390000008 ], [ 73.855287900000064, 18.522149300000017 ], [ 73.854789200000084, 18.521949 ], [ 73.854490100000078, 18.521827800000032 ], [ 73.85415850000004, 18.521719200000064 ], [ 73.85376320000006, 18.521573600000067 ], [ 73.853268900000046, 18.521415 ], [ 73.852765, 18.521251500000062 ], [ 73.852407, 18.52116 ], [ 73.851926300000059, 18.521071400000043 ], [ 73.851189400000067, 18.520937300000067 ], [ 73.850643500000047, 18.520851 ], [ 73.850559, 18.520864700000054 ], [ 73.850155700000073, 18.520816900000057 ], [ 73.849671200000046, 18.520723800000034 ], [ 73.84960790000008, 18.520763300000056 ], [ 73.849393800000044, 18.520749300000031 ], [ 73.849089900000081, 18.520598 ], [ 73.848736600000052, 18.520426600000061 ], [ 73.848421200000075, 18.520172400000035 ], [ 73.84791320000005, 18.519664300000041 ], [ 73.847282900000039, 18.519038200000065 ], [ 73.846438300000045, 18.518231200000063 ], [ 73.846249700000044, 18.518007600000033 ], [ 73.846037400000057, 18.517700900000023 ], [ 73.84580150000005, 18.517323200000078 ], [ 73.845738400000073, 18.517263 ], [ 73.845660100000032, 18.517117600000056 ], [ 73.845393100000095, 18.516583900000061 ], [ 73.845030200000053, 18.515926200000024 ], [ 73.84462590000004, 18.51545 ], [ 73.844528, 18.515307500000066 ], [ 73.844417300000032, 18.515138 ], [ 73.844292400000029, 18.514957200000026 ], [ 73.844086, 18.514660700000036 ], [ 73.84355, 18.513945500000034 ], [ 73.84343240000004, 18.513789600000052 ], [ 73.843273800000077, 18.513598900000034 ], [ 73.84294820000008, 18.51329260000006 ], [ 73.842776100000037, 18.513130700000026 ], [ 73.842514200000039, 18.512866300000038 ], [ 73.842188, 18.512576400000061 ], [ 73.841937, 18.512365400000022 ], [ 73.841631200000052, 18.512098400000067 ], [ 73.84140380000008, 18.511925400000056 ], [ 73.841140700000039, 18.511547600000029 ], [ 73.841088100000036, 18.511469200000018 ], [ 73.84095190000005, 18.511270500000023 ], [ 73.840742100000057, 18.511525900000034 ], [ 73.841331900000057, 18.512309300000034 ], [ 73.84172250000006, 18.512716100000034 ], [ 73.842574900000045, 18.513522900000051 ], [ 73.843132700000069, 18.513996 ], [ 73.843684200000041, 18.51465160000004 ], [ 73.84429810000006, 18.515325800000028 ], [ 73.844859400000075, 18.515988300000064 ], [ 73.845043700000076, 18.516319100000032 ], [ 73.845098500000063, 18.516417400000023 ], [ 73.845403700000077, 18.516968700000056 ], [ 73.845524700000055, 18.517258200000068 ], [ 73.845593800000074, 18.517423400000041 ], [ 73.845739800000047, 18.517658500000035 ], [ 73.846161300000063, 18.51826450000004 ], [ 73.846792300000075, 18.518864800000067 ], [ 73.847417300000075, 18.519500800000063 ], [ 73.848026400000037, 18.520096300000038 ], [ 73.848466300000041, 18.520531500000061 ], [ 73.848679900000036, 18.520710800000067 ], [ 73.849077800000032, 18.520965900000018 ], [ 73.8493, 18.521069900000043 ], [ 73.849711200000058, 18.521162200000045 ], [ 73.850008100000082, 18.521207100000023 ], [ 73.850259100000073, 18.521345500000052 ], [ 73.850439600000072, 18.521303900000071 ], [ 73.850692200000083, 18.521276100000026 ], [ 73.851023400000031, 18.521333 ], [ 73.851316800000063, 18.521413100000068 ], [ 73.851585700000044, 18.521456700000041 ], [ 73.851959600000043, 18.521546900000033 ], [ 73.852432300000032, 18.521664800000053 ], [ 73.853181900000038, 18.521862 ], [ 73.853920600000038, 18.522208500000033 ], [ 73.854403500000046, 18.522429900000077 ], [ 73.855062, 18.522799800000023 ], [ 73.855550400000098, 18.523188 ], [ 73.855821200000037, 18.52286440000006 ], [ 73.855921200000068, 18.522744900000081 ], [ 73.85577950000004, 18.522618600000047 ] ] ] } },
{ "type": "Feature", "properties": { }, "geometry": { "type": "Polygon", "coordinates": [ [ [ 73.855596300000059, 18.518968600000051 ], [ 73.855595300000061, 18.519003400000031 ], [ 73.855630200000064, 18.519004300000063 ], [ 73.855631200000062, 18.518969500000019 ], [ 73.855596300000059, 18.518968600000051 ] ] ] } },
{ "type": "Feature", "properties": { }, "geometry": { "type": "Polygon", "coordinates": [ [ [ 73.855354100000056, 18.519186600000069 ], [ 73.855352700000083, 18.519267200000058 ], [ 73.855437300000062, 18.519268600000029 ], [ 73.855436800000064, 18.519226100000029 ], [ 73.855438700000036, 18.519187900000073 ], [ 73.855354100000056, 18.519186600000069 ] ] ] } },
{ "type": "Feature", "properties": { }, "geometry": { "type": "Polygon", "coordinates": [ [ [ 73.855088900000055, 18.519380800000018 ], [ 73.855099500000051, 18.519382300000071 ], [ 73.85509890000003, 18.519372 ], [ 73.855107800000042, 18.519368600000057 ], [ 73.855102200000033, 18.519361 ], [ 73.855108500000028, 18.519353 ], [ 73.855099, 18.519348400000073 ], [ 73.85510110000007, 18.519338900000033 ], [ 73.85509, 18.519338200000053 ], [ 73.855086500000084, 18.519329800000037 ], [ 73.855077400000084, 18.51933450000007 ], [ 73.855068800000083, 18.519329500000026 ], [ 73.85506440000006, 18.519336900000042 ], [ 73.855053300000066, 18.519336500000069 ], [ 73.855054500000051, 18.519346800000051 ], [ 73.855045, 18.519349400000067 ], [ 73.855051, 18.519357900000045 ], [ 73.855045300000029, 18.519363900000027 ], [ 73.855053100000077, 18.519369700000023 ], [ 73.855051700000047, 18.519380100000031 ], [ 73.855063, 18.519379200000056 ], [ 73.855066900000054, 18.519388400000025 ], [ 73.855076500000067, 18.519383 ], [ 73.855084100000056, 18.519388800000055 ], [ 73.855088900000055, 18.519380800000018 ] ], [ [ 73.855075800000066, 18.519374200000073 ], [ 73.85507, 18.519376700000066 ], [ 73.855067400000053, 18.519372200000078 ], [ 73.855061300000045, 18.519371400000072 ], [ 73.85506120000008, 18.519366 ], [ 73.855056700000034, 18.519362600000022 ], [ 73.855059700000083, 18.519358 ], [ 73.855057200000033, 18.519352900000055 ], [ 73.855062300000043, 18.519350400000061 ], [ 73.855062800000056, 18.51934470000003 ], [ 73.855069300000082, 18.519344900000082 ], [ 73.855072, 18.519340200000034 ], [ 73.855076800000063, 18.519342900000026 ], [ 73.855082300000049, 18.519340700000047 ], [ 73.855085200000076, 18.519345200000032 ], [ 73.855091, 18.51934610000006 ], [ 73.855091500000071, 18.519351800000042 ], [ 73.855096500000059, 18.519355400000048 ], [ 73.855092900000045, 18.519359400000042 ], [ 73.855095700000049, 18.519364800000059 ], [ 73.855090400000051, 18.519367300000056 ], [ 73.855089500000076, 18.519372800000042 ], [ 73.855084100000056, 18.519372900000064 ], [ 73.855080800000053, 18.519377700000064 ], [ 73.855075800000066, 18.519374200000073 ] ] ] } },
{ "type": "Feature", "properties": { }, "geometry": { "type": "Polygon", "coordinates": [ [ [ 73.868309500000066, 18.519487400000052 ], [ 73.868297700000085, 18.519489600000043 ], [ 73.868286600000033, 18.519494 ], [ 73.868276600000058, 18.519500200000039 ], [ 73.86826810000008, 18.519508300000037 ], [ 73.868261400000051, 18.519517800000077 ], [ 73.868256700000074, 18.519528200000025 ], [ 73.868254400000069, 18.519539300000073 ], [ 73.868254300000046, 18.519550700000021 ], [ 73.868256700000074, 18.519561900000038 ], [ 73.868261200000063, 18.519572500000034 ], [ 73.868267700000047, 18.519581900000045 ], [ 73.868276200000082, 18.519589900000028 ], [ 73.868286200000057, 18.519596300000046 ], [ 73.868297300000052, 18.519600600000047 ], [ 73.868309100000033, 18.519602900000052 ], [ 73.868321, 18.519603 ], [ 73.868332800000076, 18.519600800000031 ], [ 73.86834390000007, 18.519596400000072 ], [ 73.868353900000045, 18.519590100000073 ], [ 73.86836240000008, 18.519582200000055 ], [ 73.868369100000052, 18.519572700000023 ], [ 73.868373800000029, 18.519562200000049 ], [ 73.868376100000035, 18.519551100000054 ], [ 73.868376200000057, 18.519539700000053 ], [ 73.868373900000051, 18.519528600000054 ], [ 73.86836930000004, 18.519518 ], [ 73.868362600000069, 18.519508600000044 ], [ 73.868354100000033, 18.519500400000027 ], [ 73.868344300000047, 18.519494100000031 ], [ 73.868333200000052, 18.519489800000031 ], [ 73.86832140000007, 18.519487500000025 ], [ 73.868309500000066, 18.519487400000052 ] ] ] } },
{ "type": "Feature", "properties": { }, "geometry": { "type": "Polygon", "coordinates": [ [ [ 73.855764500000078, 18.519524700000034 ], [ 73.855764500000078, 18.519593900000071 ], [ 73.855838400000039, 18.519593900000075 ], [ 73.855838400000039, 18.51952470000003 ], [ 73.855764500000078, 18.519524700000034 ] ] ] } },
{ "type": "Feature", "properties": { }, "geometry": { "type": "Polygon", "coordinates": [ [ [ 73.855310800000041, 18.519548700000026 ], [ 73.855310400000064, 18.519592 ], [ 73.855359600000043, 18.519592400000018 ], [ 73.855360100000041, 18.519549100000059 ], [ 73.855310800000041, 18.519548700000026 ] ] ] } },
{ "type": "Feature", "properties": { }, "geometry": { "type": "Polygon", "coordinates": [ [ [ 73.874667800000054, 18.521459 ], [ 73.874619900000084, 18.521367200000043 ], [ 73.874552400000084, 18.521311400000059 ], [ 73.874440400000097, 18.520925500000033 ], [ 73.87431250000003, 18.520892400000037 ], [ 73.87430020000005, 18.520839900000059 ], [ 73.873712100000034, 18.521074900000031 ], [ 73.873789600000066, 18.521318700000048 ], [ 73.873825500000081, 18.521412600000069 ], [ 73.873838600000056, 18.521497200000056 ], [ 73.873891900000046, 18.521558 ], [ 73.873918, 18.521556 ], [ 73.874000700000067, 18.52161070000005 ], [ 73.87398440000004, 18.521676700000061 ], [ 73.873888600000043, 18.521737600000051 ], [ 73.873878800000057, 18.521809800000025 ], [ 73.87391910000008, 18.521872800000036 ], [ 73.87405190000004, 18.521930500000053 ], [ 73.874206400000062, 18.521917100000053 ], [ 73.874438200000043, 18.52180780000003 ], [ 73.874570900000037, 18.521695300000037 ], [ 73.874660200000051, 18.521594200000042 ], [ 73.874667800000054, 18.521459 ] ] ] } },
{ "type": "Feature", "properties": { }, "geometry": { "type": "Polygon", "coordinates": [ [ [ 73.921812300000056, 18.503740500000045 ], [ 73.921837800000048, 18.503768500000032 ], [ 73.921863400000063, 18.503764800000059 ], [ 73.921882100000062, 18.503707500000079 ], [ 73.921899500000052, 18.503701100000058 ], [ 73.921856600000069, 18.50341120000007 ], [ 73.921874, 18.50322170000004 ], [ 73.921918300000073, 18.502972400000036 ], [ 73.921945100000073, 18.502813400000036 ], [ 73.92205910000007, 18.502592100000069 ], [ 73.922222700000077, 18.502342900000027 ], [ 73.922293800000034, 18.502225900000038 ], [ 73.922466800000066, 18.502093600000023 ], [ 73.92257, 18.502036400000065 ], [ 73.922771200000057, 18.501905400000055 ], [ 73.922853, 18.501834100000057 ], [ 73.922895900000071, 18.50180360000007 ], [ 73.923007200000029, 18.50175020000006 ], [ 73.92303540000006, 18.501722200000078 ], [ 73.923097100000064, 18.501690400000033 ], [ 73.923199, 18.501611600000047 ], [ 73.923260700000071, 18.501559400000072 ], [ 73.923471300000074, 18.501459 ], [ 73.92358930000006, 18.501376300000057 ], [ 73.923840100000064, 18.501223700000025 ], [ 73.924372500000061, 18.500872700000052 ], [ 73.92471850000004, 18.500629800000066 ], [ 73.924737300000061, 18.500581400000048 ], [ 73.924845900000037, 18.500514 ], [ 73.924914300000069, 18.500464400000055 ], [ 73.925000100000034, 18.500414800000041 ], [ 73.925175800000034, 18.50029910000006 ], [ 73.925381, 18.500140100000063 ], [ 73.925477600000093, 18.500063800000078 ], [ 73.925724300000084, 18.499934100000075 ], [ 73.926004600000056, 18.499841200000045 ], [ 73.925934900000073, 18.499719200000069 ], [ 73.925499, 18.499926500000072 ], [ 73.925154400000054, 18.500151600000038 ], [ 73.924913, 18.500313100000028 ], [ 73.92458570000008, 18.500534400000049 ], [ 73.924241100000074, 18.500801500000023 ], [ 73.923604, 18.501217300000064 ], [ 73.923268800000073, 18.501446300000055 ], [ 73.922893300000055, 18.501710800000069 ], [ 73.922606300000041, 18.501910500000065 ], [ 73.922385, 18.50204530000007 ], [ 73.922249500000078, 18.50217240000006 ], [ 73.922085900000084, 18.502370800000044 ], [ 73.921971900000074, 18.502522200000044 ], [ 73.921848500000067, 18.502733300000045 ], [ 73.921786800000064, 18.502877 ], [ 73.921710400000052, 18.503225500000042 ], [ 73.921699700000033, 18.50340610000006 ], [ 73.92172110000007, 18.503429 ], [ 73.921723800000052, 18.503458200000068 ], [ 73.921706400000062, 18.503492600000072 ], [ 73.92172110000007, 18.503563800000048 ], [ 73.921747900000071, 18.503600700000053 ], [ 73.921733200000062, 18.503671900000025 ], [ 73.921735900000044, 18.503684600000049 ], [ 73.921715800000086, 18.503725300000042 ], [ 73.921680900000069, 18.503739300000063 ], [ 73.921663500000079, 18.503748200000075 ], [ 73.921655400000077, 18.503801600000031 ], [ 73.921812300000056, 18.503740500000045 ] ] ] } },
{ "type": "Feature", "properties": { }, "geometry": { "type": "Polygon", "coordinates": [ [ [ 73.906504300000051, 18.502441500000032 ], [ 73.906612900000084, 18.502450100000029 ], [ 73.906626200000062, 18.502455500000053 ], [ 73.906631800000071, 18.502467500000023 ], [ 73.906629, 18.502505700000032 ], [ 73.906628600000033, 18.502518200000054 ], [ 73.906638900000075, 18.502525500000043 ], [ 73.906718900000044, 18.502543500000058 ], [ 73.90674260000003, 18.502547 ], [ 73.90676330000008, 18.502543200000048 ], [ 73.906831600000032, 18.502527800000053 ], [ 73.906855200000052, 18.502518 ], [ 73.90686560000006, 18.502496300000075 ], [ 73.90691350000003, 18.502397600000052 ], [ 73.906921600000032, 18.502381600000035 ], [ 73.906915400000059, 18.50236 ], [ 73.906847600000049, 18.502217700000067 ], [ 73.90668670000008, 18.50219740000006 ], [ 73.906331300000033, 18.50218790000002 ], [ 73.906312100000036, 18.502189600000065 ], [ 73.906305800000041, 18.502208 ], [ 73.906305800000041, 18.502248200000054 ], [ 73.90631060000004, 18.502402600000035 ], [ 73.906302900000071, 18.502417700000024 ], [ 73.906288400000051, 18.50242320000007 ], [ 73.90623370000003, 18.502428100000031 ], [ 73.906205200000045, 18.502422900000056 ], [ 73.906183700000042, 18.502403400000045 ], [ 73.90615020000007, 18.502385600000022 ], [ 73.905919600000061, 18.502385600000025 ], [ 73.905662100000029, 18.502421200000068 ], [ 73.905599600000073, 18.502450800000073 ], [ 73.905589, 18.502462200000021 ], [ 73.905589, 18.502477700000043 ], [ 73.905608400000062, 18.502680600000076 ], [ 73.905633, 18.502731600000057 ], [ 73.905672800000048, 18.502767100000028 ], [ 73.905796200000054, 18.502797600000061 ], [ 73.906112700000051, 18.502772200000042 ], [ 73.906170100000054, 18.502717800000028 ], [ 73.906185, 18.502699700000047 ], [ 73.906181700000047, 18.502673700000052 ], [ 73.906166300000052, 18.502604300000023 ], [ 73.906152, 18.502570300000059 ], [ 73.906151200000068, 18.502555900000061 ], [ 73.906161800000064, 18.50254660000007 ], [ 73.906257500000038, 18.50250770000002 ], [ 73.906386300000065, 18.502461900000068 ], [ 73.906504300000051, 18.502441500000032 ] ] ] } },
{ "type": "Feature", "properties": { }, "geometry": { "type": "Polygon", "coordinates": [ [ [ 73.91535650000003, 18.538729900000074 ], [ 73.914561100000071, 18.538979300000051 ], [ 73.913938900000062, 18.539131300000058 ], [ 73.913149900000064, 18.53928940000003 ], [ 73.912187700000061, 18.539398900000034 ], [ 73.909949, 18.539757700000049 ], [ 73.908768700000053, 18.540049600000035 ], [ 73.908300500000053, 18.540134800000029 ], [ 73.905471700000078, 18.540505800000066 ], [ 73.904381200000046, 18.540676 ], [ 73.903515200000072, 18.540615200000044 ], [ 73.901712200000077, 18.540656400000039 ], [ 73.900344800000084, 18.540913100000072 ], [ 73.899081300000034, 18.540896800000041 ], [ 73.898295200000064, 18.540910800000063 ], [ 73.89770290000007, 18.541010800000034 ], [ 73.897916200000054, 18.541261800000026 ], [ 73.897771900000066, 18.541323800000043 ], [ 73.897527300000036, 18.541409100000063 ], [ 73.897299, 18.541503300000041 ], [ 73.897224300000076, 18.541411800000045 ], [ 73.897072900000069, 18.541557300000026 ], [ 73.897047500000042, 18.541641 ], [ 73.897078100000044, 18.541725 ], [ 73.896947800000078, 18.541867500000016 ], [ 73.89675520000003, 18.54191790000004 ], [ 73.896574100000066, 18.541951200000025 ], [ 73.896339200000057, 18.541954100000055 ], [ 73.896127400000069, 18.541897500000058 ], [ 73.895861600000046, 18.54185920000003 ], [ 73.895474200000081, 18.541918400000043 ], [ 73.895209400000056, 18.541770500000045 ], [ 73.894970300000068, 18.541775600000051 ], [ 73.894921700000054, 18.54186240000007 ], [ 73.894467700000064, 18.542045 ], [ 73.894319600000074, 18.542295100000043 ], [ 73.894058, 18.542355500000042 ], [ 73.893864200000053, 18.542363400000053 ], [ 73.893641900000034, 18.542488 ], [ 73.893357200000082, 18.542403400000069 ], [ 73.893230100000039, 18.54230160000003 ], [ 73.892946900000084, 18.542372900000029 ], [ 73.893075500000066, 18.542690900000029 ], [ 73.892928900000072, 18.542719500000032 ], [ 73.892849200000057, 18.542658900000053 ], [ 73.892708500000083, 18.542535500000039 ], [ 73.892490900000041, 18.542619200000047 ], [ 73.892267400000037, 18.542704900000043 ], [ 73.892221300000074, 18.542848800000062 ], [ 73.89224130000008, 18.542936800000064 ], [ 73.892079300000034, 18.543001 ], [ 73.891837, 18.543003700000046 ], [ 73.891595800000061, 18.543039600000043 ], [ 73.891274500000065, 18.543131900000049 ], [ 73.890988700000037, 18.543025800000066 ], [ 73.890423300000066, 18.543047300000069 ], [ 73.889439700000082, 18.543211300000049 ], [ 73.888993500000083, 18.543166300000049 ], [ 73.888667400000031, 18.543078800000043 ], [ 73.88845, 18.542993400000061 ], [ 73.888396200000045, 18.54305440000007 ], [ 73.888480400000049, 18.543118100000072 ], [ 73.888412800000083, 18.54316 ], [ 73.888348600000029, 18.543126800000035 ], [ 73.888254200000063, 18.542991100000052 ], [ 73.888163, 18.542949400000055 ], [ 73.888146200000051, 18.543036500000031 ], [ 73.888209400000051, 18.543224600000034 ], [ 73.888147700000047, 18.543233500000042 ], [ 73.887961200000063, 18.543070600000075 ], [ 73.887837900000079, 18.542899600000055 ], [ 73.887628600000085, 18.542846900000022 ], [ 73.887221100000033, 18.542929600000036 ], [ 73.887080100000048, 18.542823500000054 ], [ 73.886585900000057, 18.542954200000057 ], [ 73.886413, 18.543004500000052 ], [ 73.886243500000035, 18.542931 ], [ 73.885975, 18.542831800000044 ], [ 73.884902100000033, 18.542765 ], [ 73.884695800000031, 18.542760300000051 ], [ 73.884386600000084, 18.542977300000075 ], [ 73.884375700000078, 18.542807400000068 ], [ 73.88420020000008, 18.542645300000057 ], [ 73.884024900000043, 18.542661400000039 ], [ 73.883517300000051, 18.542806100000067 ], [ 73.883377500000051, 18.542761500000037 ], [ 73.883048700000074, 18.54240580000004 ], [ 73.882899, 18.542401400000074 ], [ 73.882801500000085, 18.542324700000048 ], [ 73.882297300000062, 18.542748600000039 ], [ 73.882231, 18.542661500000065 ], [ 73.882724800000062, 18.542217800000056 ], [ 73.882041500000071, 18.542142400000046 ], [ 73.881062300000053, 18.542042800000047 ], [ 73.880381200000045, 18.541774400000065 ], [ 73.87991210000007, 18.54173280000003 ], [ 73.878966800000057, 18.54155790000004 ], [ 73.877446500000076, 18.541132200000046 ], [ 73.875419500000078, 18.540451 ], [ 73.874646400000074, 18.540107200000026 ], [ 73.874305, 18.541876300000069 ], [ 73.874838200000056, 18.542073200000065 ], [ 73.876020800000049, 18.54251 ], [ 73.876554900000031, 18.542707300000071 ], [ 73.877773700000034, 18.54307830000004 ], [ 73.879768600000034, 18.543570900000081 ], [ 73.882417800000042, 18.544075600000038 ], [ 73.883637600000043, 18.543953800000047 ], [ 73.883759, 18.543970500000061 ], [ 73.883872, 18.543986600000039 ], [ 73.884072100000083, 18.543999700000029 ], [ 73.884223, 18.54390230000007 ], [ 73.884299700000042, 18.54389830000002 ], [ 73.884396, 18.543928600000072 ], [ 73.884542700000054, 18.544016800000065 ], [ 73.884761400000059, 18.544041600000064 ], [ 73.88502120000004, 18.54403120000006 ], [ 73.885165400000062, 18.544020300000053 ], [ 73.885438300000033, 18.544124200000056 ], [ 73.885710800000084, 18.544291400000073 ], [ 73.886216800000057, 18.544324600000039 ], [ 73.887227600000074, 18.544394900000039 ], [ 73.888373600000079, 18.544415700000059 ], [ 73.889483100000064, 18.544392400000042 ], [ 73.890367100000049, 18.544433600000048 ], [ 73.890911100000039, 18.544421200000041 ], [ 73.891314400000056, 18.544376900000032 ], [ 73.891888300000062, 18.544269600000064 ], [ 73.892539100000079, 18.544060800000068 ], [ 73.893070500000078, 18.543878300000081 ], [ 73.894438500000035, 18.543528700000028 ], [ 73.895405900000071, 18.543284700000072 ], [ 73.896394600000065, 18.543040100000042 ], [ 73.897451300000057, 18.54285 ], [ 73.898512500000038, 18.542624100000072 ], [ 73.899794400000076, 18.542404200000078 ], [ 73.90074050000004, 18.542269900000065 ], [ 73.901924800000074, 18.542124800000064 ], [ 73.903027300000076, 18.54204070000003 ], [ 73.90310530000005, 18.541985500000067 ], [ 73.903350100000068, 18.541940800000077 ], [ 73.903723400000047, 18.541925200000033 ], [ 73.903859100000034, 18.541916300000029 ], [ 73.903962900000067, 18.541943200000048 ], [ 73.904048100000068, 18.541964800000073 ], [ 73.904122700000073, 18.541940100000037 ], [ 73.904179300000067, 18.541868500000071 ], [ 73.90569830000004, 18.54224940000006 ], [ 73.905888600000083, 18.542251200000067 ], [ 73.908191400000078, 18.541697800000065 ], [ 73.910353100000066, 18.541497100000072 ], [ 73.911398700000063, 18.541320700000025 ], [ 73.91297030000004, 18.540797700000041 ], [ 73.913881100000083, 18.540597 ], [ 73.914541800000052, 18.540676 ], [ 73.915067800000031, 18.540797700000045 ], [ 73.915805500000033, 18.540645600000055 ], [ 73.91535650000003, 18.538729900000074 ] ] ] } },
{ "type": "Feature", "properties": { }, "geometry": { "type": "Polygon", "coordinates": [ [ [ 73.911483400000066, 18.546128100000029 ], [ 73.91130910000004, 18.546326500000074 ], [ 73.911247400000036, 18.54657310000005 ], [ 73.912312300000053, 18.54726990000006 ], [ 73.912454400000058, 18.547231800000077 ], [ 73.912442400000032, 18.547105200000036 ], [ 73.912387400000057, 18.547037200000034 ], [ 73.912534900000082, 18.546756200000061 ], [ 73.911483400000066, 18.546128100000029 ] ] ] } },
{ "type": "Feature", "properties": { }, "geometry": { "type": "Polygon", "coordinates": [ [ [ 73.916747800000053, 18.547326700000042 ], [ 73.916082700000061, 18.547342 ], [ 73.915994100000034, 18.547446200000024 ], [ 73.916128300000082, 18.547448800000041 ], [ 73.916291900000033, 18.547537800000047 ], [ 73.916662, 18.547502200000057 ], [ 73.916747800000053, 18.547326700000042 ] ] ] } },
{ "type": "Feature", "properties": { }, "geometry": { "type": "Polygon", "coordinates": [ [ [ 73.901509700000076, 18.552995500000069 ], [ 73.901491100000044, 18.553004400000077 ], [ 73.901479800000061, 18.553021 ], [ 73.901478600000075, 18.55304070000005 ], [ 73.901488, 18.553058300000028 ], [ 73.901505400000076, 18.553069100000073 ], [ 73.901526200000035, 18.553070100000067 ], [ 73.901544800000067, 18.553061200000055 ], [ 73.901556200000073, 18.55304470000004 ], [ 73.901557300000036, 18.553025 ], [ 73.901547900000082, 18.553007400000066 ], [ 73.90153050000005, 18.552996600000025 ], [ 73.901509700000076, 18.552995500000069 ] ] ] } },
{ "type": "Feature", "properties": { }, "geometry": { "type": "Polygon", "coordinates": [ [ [ 73.898626, 18.553927500000047 ], [ 73.898634600000037, 18.553928 ], [ 73.898644300000058, 18.553918300000078 ], [ 73.898652300000037, 18.553909200000074 ], [ 73.898659300000077, 18.553889300000037 ], [ 73.898667900000078, 18.553779500000076 ], [ 73.898608300000035, 18.553778500000078 ], [ 73.898586300000034, 18.553907100000057 ], [ 73.898602400000073, 18.553923900000029 ], [ 73.898612100000037, 18.55393 ], [ 73.898626, 18.553927500000047 ] ] ] } },
{ "type": "Feature", "properties": { }, "geometry": { "type": "Polygon", "coordinates": [ [ [ 73.889492400000051, 18.554149400000025 ], [ 73.88947040000005, 18.554104800000061 ], [ 73.889441, 18.554043600000057 ], [ 73.889419, 18.553993500000047 ], [ 73.889374900000064, 18.55395170000002 ], [ 73.889342600000077, 18.553922500000052 ], [ 73.889310300000034, 18.553897500000062 ], [ 73.889281, 18.55387520000005 ], [ 73.88924570000006, 18.553862700000025 ], [ 73.889188500000046, 18.553836200000035 ], [ 73.889122400000076, 18.553813900000023 ], [ 73.889094500000056, 18.553826500000074 ], [ 73.889096, 18.553855700000042 ], [ 73.889096600000073, 18.553876600000024 ], [ 73.889105600000065, 18.553900500000054 ], [ 73.889109700000063, 18.553937800000025 ], [ 73.889088800000081, 18.553974100000062 ], [ 73.889055, 18.553993600000066 ], [ 73.889035600000057, 18.55401970000003 ], [ 73.889033500000039, 18.554068700000077 ], [ 73.889028400000029, 18.554088100000055 ], [ 73.889028400000029, 18.554118800000023 ], [ 73.889028, 18.554150800000059 ], [ 73.889035800000045, 18.554173300000055 ], [ 73.889066600000035, 18.554184100000043 ], [ 73.889096, 18.554191600000021 ], [ 73.889128300000039, 18.554184200000066 ], [ 73.889170900000067, 18.554170300000074 ], [ 73.889225200000055, 18.554167500000059 ], [ 73.889283900000066, 18.554192500000056 ], [ 73.889327900000069, 18.554230100000041 ], [ 73.889354400000059, 18.554252400000049 ], [ 73.88937930000003, 18.554280200000051 ], [ 73.88942110000005, 18.554291600000056 ], [ 73.889464500000031, 18.554306700000037 ], [ 73.889499700000044, 18.554309400000019 ], [ 73.889518800000076, 18.554283 ], [ 73.889518800000076, 18.554244 ], [ 73.889512900000057, 18.554202300000043 ], [ 73.889492400000051, 18.554149400000025 ] ] ] } },
{ "type": "Feature", "properties": { }, "geometry": { "type": "Polygon", "coordinates": [ [ [ 73.881177, 18.554415200000051 ], [ 73.88123980000006, 18.554440500000052 ], [ 73.88134290000005, 18.554447100000065 ], [ 73.881377, 18.554419500000048 ], [ 73.881420300000059, 18.554369200000057 ], [ 73.881413100000032, 18.554352 ], [ 73.881370400000037, 18.554318900000059 ], [ 73.881317200000069, 18.554250100000043 ], [ 73.881266200000084, 18.554181400000058 ], [ 73.881272200000069, 18.554130800000053 ], [ 73.881286400000079, 18.554088 ], [ 73.881327200000044, 18.554020700000024 ], [ 73.881451700000071, 18.553982700000063 ], [ 73.881522200000063, 18.553868500000082 ], [ 73.881615500000066, 18.553777800000034 ], [ 73.881675500000028, 18.553798300000039 ], [ 73.881760300000053, 18.553871900000047 ], [ 73.881888600000082, 18.554001200000066 ], [ 73.881923100000051, 18.55398450000007 ], [ 73.881965900000083, 18.553985400000048 ], [ 73.882029700000032, 18.553979400000056 ], [ 73.882085700000061, 18.554098 ], [ 73.882143400000075, 18.554094800000026 ], [ 73.882152100000042, 18.554046100000054 ], [ 73.882198, 18.553999300000044 ], [ 73.882228100000077, 18.553968200000046 ], [ 73.882251, 18.553935 ], [ 73.882307, 18.553931500000033 ], [ 73.882267500000069, 18.553876600000024 ], [ 73.882160800000065, 18.553863300000046 ], [ 73.882069700000045, 18.553826500000071 ], [ 73.88198280000006, 18.553760600000029 ], [ 73.881889600000079, 18.553729100000055 ], [ 73.881841400000042, 18.553663700000069 ], [ 73.881673800000044, 18.553571200000025 ], [ 73.881608500000084, 18.553571800000036 ], [ 73.881508100000076, 18.553609500000046 ], [ 73.881535400000075, 18.553691700000062 ], [ 73.881565500000079, 18.553764800000064 ], [ 73.88150180000008, 18.553831200000051 ], [ 73.881460200000049, 18.553874400000044 ], [ 73.881415200000049, 18.553914200000069 ], [ 73.881360800000039, 18.553951700000031 ], [ 73.881287300000054, 18.553976700000074 ], [ 73.881211900000039, 18.554081200000038 ], [ 73.881215600000075, 18.55415290000008 ], [ 73.881125200000042, 18.554182200000067 ], [ 73.881067700000074, 18.554234800000071 ], [ 73.881038500000045, 18.554262300000058 ], [ 73.880972500000041, 18.554292900000064 ], [ 73.880943500000058, 18.554346800000072 ], [ 73.880977500000029, 18.554417200000049 ], [ 73.88102820000006, 18.554464 ], [ 73.881134300000042, 18.554419500000048 ], [ 73.881177, 18.554415200000051 ] ] ] } },
{ "type": "Feature", "properties": { }, "geometry": { "type": "Polygon", "coordinates": [ [ [ 73.886515900000063, 18.556345 ], [ 73.8865, 18.556280800000021 ], [ 73.88647780000008, 18.556247700000029 ], [ 73.886449200000072, 18.556223600000063 ], [ 73.886421700000085, 18.556204500000032 ], [ 73.886370900000045, 18.55620250000004 ], [ 73.886309500000038, 18.556206500000034 ], [ 73.886258700000042, 18.556215500000057 ], [ 73.886219500000038, 18.556236600000034 ], [ 73.886195200000031, 18.556244600000067 ], [ 73.886185600000033, 18.556236600000037 ], [ 73.886161300000097, 18.556226600000056 ], [ 73.88612530000006, 18.556223600000063 ], [ 73.886080800000059, 18.556222600000069 ], [ 73.886037400000077, 18.556226600000059 ], [ 73.885999300000037, 18.556227600000057 ], [ 73.885973900000067, 18.556233600000049 ], [ 73.885929500000032, 18.556251700000072 ], [ 73.885888200000068, 18.55626970000003 ], [ 73.885863900000061, 18.556275800000041 ], [ 73.88586070000008, 18.55629980000003 ], [ 73.88585960000006, 18.556323900000056 ], [ 73.885852200000045, 18.556347 ], [ 73.88585640000008, 18.556371100000028 ], [ 73.885861700000078, 18.556391200000061 ], [ 73.885884, 18.556402200000033 ], [ 73.885904100000062, 18.556407200000024 ], [ 73.885921, 18.556404200000028 ], [ 73.885939, 18.556406200000023 ], [ 73.885966500000052, 18.556418200000049 ], [ 73.885990900000081, 18.556428300000047 ], [ 73.886012, 18.556436300000026 ], [ 73.886033200000043, 18.556448300000053 ], [ 73.88606180000005, 18.556458400000054 ], [ 73.886081900000079, 18.556446300000061 ], [ 73.886110500000044, 18.556446300000058 ], [ 73.886133800000039, 18.556435300000029 ], [ 73.886152800000048, 18.556446300000065 ], [ 73.886168700000042, 18.556451400000071 ], [ 73.886181400000055, 18.556451400000064 ], [ 73.886185600000033, 18.556434300000035 ], [ 73.88618770000005, 18.556418200000053 ], [ 73.886185600000033, 18.556392200000062 ], [ 73.886195200000031, 18.556383100000062 ], [ 73.88621420000004, 18.556380100000069 ], [ 73.886249100000043, 18.556380100000069 ], [ 73.886289400000067, 18.556384100000063 ], [ 73.886322200000052, 18.556384100000063 ], [ 73.886342300000081, 18.556385100000053 ], [ 73.886347600000079, 18.556394200000057 ], [ 73.886347600000079, 18.556405200000025 ], [ 73.886350800000059, 18.556422300000062 ], [ 73.886358200000075, 18.556435300000032 ], [ 73.886363500000073, 18.556446300000058 ], [ 73.886383600000045, 18.55645040000007 ], [ 73.886420600000065, 18.556453400000063 ], [ 73.886447100000055, 18.556459400000051 ], [ 73.886487300000056, 18.556460400000052 ], [ 73.886510600000065, 18.556452400000069 ], [ 73.886520100000041, 18.556431300000046 ], [ 73.886524300000076, 18.556387100000052 ], [ 73.886515900000063, 18.556345 ] ] ] } },
{ "type": "Feature", "properties": { }, "geometry": { "type": "Polygon", "coordinates": [ [ [ 73.771272, 18.435492800000077 ], [ 73.770999300000028, 18.434586200000073 ], [ 73.770746300000042, 18.433751 ], [ 73.770460700000072, 18.433415900000057 ], [ 73.769469500000071, 18.432453200000054 ], [ 73.769173100000046, 18.432296500000064 ], [ 73.768748600000038, 18.432107500000029 ], [ 73.768522100000055, 18.431892400000038 ], [ 73.768415800000071, 18.431350900000044 ], [ 73.767673400000035, 18.430046600000029 ], [ 73.766970600000036, 18.428677600000068 ], [ 73.766833800000029, 18.428687800000031 ], [ 73.766715300000044, 18.428632200000038 ], [ 73.766627400000061, 18.427885800000066 ], [ 73.766562200000067, 18.427430500000071 ], [ 73.766375200000084, 18.426952300000039 ], [ 73.766224900000054, 18.426591300000037 ], [ 73.76588780000003, 18.426564800000055 ], [ 73.765333500000054, 18.426525100000049 ], [ 73.764950400000032, 18.426479100000055 ], [ 73.764809100000036, 18.426381 ], [ 73.764289500000075, 18.426398800000072 ], [ 73.763872300000074, 18.426306900000043 ], [ 73.763432700000081, 18.426211700000067 ], [ 73.763065500000039, 18.426259200000057 ], [ 73.762779700000067, 18.426325300000027 ], [ 73.762734700000067, 18.426523900000063 ], [ 73.762724700000035, 18.42664590000004 ], [ 73.762631300000066, 18.426679600000053 ], [ 73.762304100000051, 18.426759500000053 ], [ 73.762099, 18.426835400000069 ], [ 73.761819400000036, 18.426958400000046 ], [ 73.761686051786299, 18.426958831508649 ], [ 73.76166, 18.42738 ], [ 73.76109, 18.42854 ], [ 73.75946, 18.43203 ], [ 73.75927, 18.43241 ], [ 73.75835, 18.43224 ], [ 73.75607, 18.4322 ], [ 73.75301, 18.43213 ], [ 73.75192, 18.43206 ], [ 73.75089, 18.43154 ], [ 73.75075, 18.43175 ], [ 73.75056, 18.43221 ], [ 73.75028, 18.43287 ], [ 73.749655421866294, 18.434474821486965 ], [ 73.750367100000062, 18.435317800000064 ], [ 73.750313300000073, 18.435776800000045 ], [ 73.74990420000006, 18.436408300000039 ], [ 73.749559400000066, 18.43690290000006 ], [ 73.74906210000006, 18.437268200000062 ], [ 73.749334800000042, 18.437595300000048 ], [ 73.74965560000004, 18.437755100000061 ], [ 73.749766100000045, 18.437713800000036 ], [ 73.749855400000058, 18.437633100000024 ], [ 73.749906400000043, 18.437608900000043 ], [ 73.749903600000039, 18.437586 ], [ 73.749939, 18.437607500000063 ], [ 73.749985800000047, 18.437607500000066 ], [ 73.750065200000051, 18.437555 ], [ 73.750051100000064, 18.437516 ], [ 73.75010780000008, 18.437497200000049 ], [ 73.750134700000046, 18.437552400000065 ], [ 73.750181500000053, 18.43755770000007 ], [ 73.750246, 18.437537200000065 ], [ 73.750230300000055, 18.437435900000025 ], [ 73.750189200000094, 18.437287900000054 ], [ 73.750156600000082, 18.437220600000042 ], [ 73.750136700000041, 18.437138600000026 ], [ 73.75015940000003, 18.43704850000006 ], [ 73.750131100000033, 18.436987900000076 ], [ 73.750176400000043, 18.43693410000003 ], [ 73.750329200000067, 18.436850700000033 ], [ 73.750451500000054, 18.436792900000057 ], [ 73.75049690000003, 18.436759300000062 ], [ 73.750589, 18.436844 ], [ 73.750547900000072, 18.43689380000006 ], [ 73.750574800000038, 18.436924700000077 ], [ 73.750878800000066, 18.436633600000043 ], [ 73.751017700000034, 18.436680700000068 ], [ 73.751056500000061, 18.437225100000035 ], [ 73.751190900000054, 18.437504700000034 ], [ 73.751387800000032, 18.437618 ], [ 73.751816100000042, 18.437690600000053 ], [ 73.752159200000051, 18.43765030000003 ], [ 73.752599400000065, 18.437599 ], [ 73.752958800000044, 18.437446300000033 ], [ 73.753532800000073, 18.437410700000044 ], [ 73.753822300000081, 18.43728080000005 ], [ 73.754525200000046, 18.436672700000038 ], [ 73.755311100000029, 18.436118 ], [ 73.755777, 18.435962300000032 ], [ 73.75629280000004, 18.436001 ], [ 73.756794300000081, 18.435980600000047 ], [ 73.75705940000006, 18.43588550000003 ], [ 73.758222, 18.43630510000003 ], [ 73.759021700000062, 18.436724800000032 ], [ 73.759679600000084, 18.437456600000075 ], [ 73.760133300000064, 18.438301300000038 ], [ 73.760270500000047, 18.438764300000059 ], [ 73.760108900000034, 18.439218 ], [ 73.760208900000066, 18.439508600000067 ], [ 73.760292800000059, 18.439842500000054 ], [ 73.760587, 18.440937300000027 ], [ 73.760639600000047, 18.441632500000029 ], [ 73.760463600000037, 18.44191950000004 ], [ 73.760431400000073, 18.441990800000042 ], [ 73.760464600000034, 18.442105800000036 ], [ 73.762601800000084, 18.443107900000033 ], [ 73.763496700000076, 18.442887300000049 ], [ 73.764192100000059, 18.442728300000056 ], [ 73.768404600000054, 18.441723600000046 ], [ 73.771797900000081, 18.439762700000074 ], [ 73.772566500000039, 18.43906510000005 ], [ 73.772665600000039, 18.438969800000049 ], [ 73.772023300000058, 18.438129 ], [ 73.771718100000044, 18.437522600000023 ], [ 73.771547400000031, 18.436835100000049 ], [ 73.771412400000031, 18.436163800000031 ], [ 73.771272, 18.435492800000077 ] ] ] } },
{ "type": "Feature", "properties": { }, "geometry": { "type": "Polygon", "coordinates": [ [ [ 73.778393700000038, 18.460142900000054 ], [ 73.776315400000044, 18.459729100000061 ], [ 73.77523130000003, 18.459327600000044 ], [ 73.773903500000074, 18.458463600000069 ], [ 73.772691100000031, 18.45741090000007 ], [ 73.772030400000062, 18.456084500000031 ], [ 73.771292800000083, 18.454916200000071 ], [ 73.770875800000056, 18.453851400000072 ], [ 73.770888600000049, 18.453139500000077 ], [ 73.770709, 18.451867800000056 ], [ 73.770458900000051, 18.450778600000032 ], [ 73.770426800000052, 18.450103200000054 ], [ 73.770516600000064, 18.449141800000064 ], [ 73.770734700000048, 18.448454200000068 ], [ 73.770875800000056, 18.447711900000058 ], [ 73.771068300000081, 18.44673830000005 ], [ 73.77056790000006, 18.44547260000007 ], [ 73.76978530000008, 18.444998 ], [ 73.767989300000067, 18.44459630000005 ], [ 73.765789100000063, 18.443980700000058 ], [ 73.764775600000064, 18.443420900000032 ], [ 73.764192100000059, 18.442728300000056 ], [ 73.762601800000084, 18.443107900000033 ], [ 73.762761400000045, 18.443439100000031 ], [ 73.762639500000034, 18.443731200000055 ], [ 73.762248300000067, 18.444400600000051 ], [ 73.762338100000079, 18.444857 ], [ 73.762870500000076, 18.445313300000063 ], [ 73.763672300000053, 18.445927900000072 ], [ 73.764185400000031, 18.445934 ], [ 73.764807700000063, 18.44580620000005 ], [ 73.765814700000078, 18.445946200000037 ], [ 73.767713400000048, 18.446518200000067 ], [ 73.768714100000068, 18.44730920000006 ], [ 73.769381200000055, 18.448964300000053 ], [ 73.769881600000076, 18.451227900000049 ], [ 73.770074, 18.452992400000028 ], [ 73.77058720000008, 18.454696200000054 ], [ 73.771510900000067, 18.456472900000051 ], [ 73.772306300000082, 18.458127900000019 ], [ 73.773252900000045, 18.458929900000044 ], [ 73.773301200000049, 18.458975 ], [ 73.773460900000032, 18.459089200000051 ], [ 73.775244100000066, 18.460452200000077 ], [ 73.777142800000036, 18.461036300000043 ], [ 73.779259600000046, 18.461284700000018 ], [ 73.779259600000046, 18.460341600000053 ], [ 73.778393700000038, 18.460142900000054 ] ] ] } },
{ "type": "Feature", "properties": { }, "geometry": { "type": "Polygon", "coordinates": [ [ [ 73.732092700000067, 18.567425300000021 ], [ 73.731937026759354, 18.567327016812829 ], [ 73.73194, 18.56744 ], [ 73.7328, 18.56817 ], [ 73.73339, 18.56874 ], [ 73.733827105143121, 18.569000853437135 ], [ 73.732092700000067, 18.567425300000021 ] ] ] } },
{ "type": "Feature", "properties": { }, "geometry": { "type": "Polygon", "coordinates": [ [ [ 73.847971600000051, 18.521283700000026 ], [ 73.847877, 18.521350500000032 ], [ 73.848026400000037, 18.521540600000041 ], [ 73.848121, 18.521473800000024 ], [ 73.847971600000051, 18.521283700000026 ] ] ] } },
{ "type": "Feature", "properties": { }, "geometry": { "type": "Polygon", "coordinates": [ [ [ 73.854747900000064, 18.525069 ], [ 73.854741300000057, 18.525070200000073 ], [ 73.854735400000038, 18.525073200000065 ], [ 73.854730600000039, 18.525077700000047 ], [ 73.854727400000058, 18.525083200000044 ], [ 73.854725900000062, 18.52508940000007 ], [ 73.854726300000038, 18.525095700000065 ], [ 73.854728600000044, 18.52510170000005 ], [ 73.854732600000034, 18.525106800000064 ], [ 73.854737900000032, 18.525110700000031 ], [ 73.854744100000062, 18.525112900000067 ], [ 73.854750800000033, 18.525113400000066 ], [ 73.854757300000074, 18.525112100000051 ], [ 73.854763200000036, 18.525109100000069 ], [ 73.854768, 18.525104700000046 ], [ 73.854771300000039, 18.525099200000053 ], [ 73.854772800000035, 18.525093 ], [ 73.854772300000036, 18.525086600000066 ], [ 73.854770100000053, 18.525080700000043 ], [ 73.854766100000063, 18.52507560000004 ], [ 73.854760800000065, 18.525071700000069 ], [ 73.85475450000007, 18.525069500000022 ], [ 73.854747900000064, 18.525069 ] ] ] } },
{ "type": "Feature", "properties": { }, "geometry": { "type": "Polygon", "coordinates": [ [ [ 73.86107990000005, 18.530951300000027 ], [ 73.860999600000071, 18.530691300000058 ], [ 73.860995800000069, 18.530678800000032 ], [ 73.860989, 18.530420800000055 ], [ 73.860925200000054, 18.530042500000032 ], [ 73.860902100000033, 18.529905300000053 ], [ 73.860900900000047, 18.529703800000046 ], [ 73.860899500000073, 18.529471800000064 ], [ 73.861034200000063, 18.529182700000035 ], [ 73.861209500000029, 18.528947300000024 ], [ 73.861262300000078, 18.528722100000032 ], [ 73.861261300000081, 18.528689700000029 ], [ 73.86124790000008, 18.528266 ], [ 73.861099900000056, 18.527998400000062 ], [ 73.86091870000007, 18.527664 ], [ 73.86054050000007, 18.52717320000005 ], [ 73.85997320000007, 18.526614300000059 ], [ 73.859780400000034, 18.52634530000006 ], [ 73.859485600000085, 18.526094200000045 ], [ 73.859257500000069, 18.525933500000058 ], [ 73.859035300000073, 18.5257 ], [ 73.858642400000065, 18.525335700000021 ], [ 73.858273800000063, 18.524960300000036 ], [ 73.857851300000064, 18.524541700000043 ], [ 73.857336600000053, 18.524130700000057 ], [ 73.856909900000062, 18.523702400000047 ], [ 73.856403200000045, 18.52321250000006 ], [ 73.855921200000068, 18.522744900000081 ], [ 73.855821200000037, 18.52286440000006 ], [ 73.855550400000098, 18.523188 ], [ 73.855969100000038, 18.523619100000079 ], [ 73.856281300000035, 18.523953700000046 ], [ 73.856558500000062, 18.524183100000077 ], [ 73.857061300000055, 18.524632200000045 ], [ 73.857288100000062, 18.524913800000032 ], [ 73.857677400000057, 18.525109500000045 ], [ 73.857604800000047, 18.525201800000048 ], [ 73.857658900000047, 18.525259800000072 ], [ 73.857790200000068, 18.525386600000051 ], [ 73.858071, 18.525709 ], [ 73.858218300000033, 18.525861200000065 ], [ 73.858345700000029, 18.526020100000039 ], [ 73.858432300000061, 18.526128300000035 ], [ 73.858577100000048, 18.526290500000073 ], [ 73.858734300000037, 18.52647840000003 ], [ 73.859249400000067, 18.527062800000063 ], [ 73.859855200000084, 18.527772 ], [ 73.859917600000074, 18.527983800000072 ], [ 73.860001400000044, 18.528103400000077 ], [ 73.860074600000075, 18.528113100000045 ], [ 73.860217400000067, 18.528093900000044 ], [ 73.860297500000058, 18.528051500000064 ], [ 73.860375800000043, 18.528133500000028 ], [ 73.860291200000063, 18.528243800000038 ], [ 73.860248700000056, 18.528348600000069 ], [ 73.859871800000064, 18.528693 ], [ 73.860087400000054, 18.529001800000056 ], [ 73.86002540000004, 18.529238100000043 ], [ 73.860037300000045, 18.529564600000068 ], [ 73.860005500000057, 18.529908200000023 ], [ 73.859880700000076, 18.530081900000024 ], [ 73.859914500000059, 18.530250700000067 ], [ 73.859975300000031, 18.530403500000034 ], [ 73.859948800000041, 18.530569200000059 ], [ 73.859987700000033, 18.530799300000066 ], [ 73.85978190000003, 18.53092840000005 ], [ 73.860452300000077, 18.531140800000053 ], [ 73.86117420000005, 18.531257 ], [ 73.86107990000005, 18.530951300000027 ] ], [ [ 73.860260400000072, 18.530287400000081 ], [ 73.860299700000041, 18.530325800000071 ], [ 73.860343700000044, 18.530371500000054 ], [ 73.860389700000042, 18.530451700000071 ], [ 73.860417900000073, 18.530677100000048 ], [ 73.860387900000035, 18.530775900000037 ], [ 73.860422700000072, 18.530842800000073 ], [ 73.860438900000077, 18.530914500000048 ], [ 73.860424700000067, 18.531002800000067 ], [ 73.860340700000052, 18.531081600000046 ], [ 73.860299800000064, 18.531077800000045 ], [ 73.860145900000077, 18.530964700000027 ], [ 73.860114, 18.530894600000064 ], [ 73.860107, 18.530833700000066 ], [ 73.860142800000062, 18.530760300000054 ], [ 73.860179800000083, 18.530649500000038 ], [ 73.860202300000083, 18.530496200000073 ], [ 73.860214400000075, 18.530404900000065 ], [ 73.860225400000047, 18.530328300000068 ], [ 73.860260400000072, 18.530287400000081 ] ] ] } },
{ "type": "Feature", "properties": { }, "geometry": { "type": "Polygon", "coordinates": [ [ [ 73.842438, 18.52945040000003 ], [ 73.84247890000006, 18.529405400000023 ], [ 73.842540600000063, 18.52936220000004 ], [ 73.842608900000073, 18.52931540000003 ], [ 73.842654500000037, 18.529247 ], [ 73.842678300000046, 18.529198300000072 ], [ 73.842689600000028, 18.529125400000055 ], [ 73.842669700000044, 18.529054300000041 ], [ 73.842586200000085, 18.528981400000077 ], [ 73.842514900000083, 18.528920200000066 ], [ 73.842489300000068, 18.528885 ], [ 73.84245320000008, 18.528846300000055 ], [ 73.842340200000095, 18.52880580000004 ], [ 73.84225, 18.528765300000028 ], [ 73.842168400000048, 18.528708600000073 ], [ 73.842074400000058, 18.528643800000054 ], [ 73.842005100000051, 18.528607800000032 ], [ 73.841946200000052, 18.528604200000075 ], [ 73.841926300000068, 18.528609600000038 ], [ 73.841910100000064, 18.528628500000025 ], [ 73.841907300000059, 18.528648300000039 ], [ 73.841908200000034, 18.528665400000015 ], [ 73.841832300000078, 18.528705 ], [ 73.841785700000059, 18.528719400000057 ], [ 73.841676500000062, 18.528714900000065 ], [ 73.841631900000039, 18.528690600000061 ], [ 73.841607200000055, 18.52865550000007 ], [ 73.841594900000075, 18.528644700000026 ], [ 73.841552200000081, 18.528653700000064 ], [ 73.841455300000064, 18.528738300000043 ], [ 73.841411600000072, 18.528793200000056 ], [ 73.841360400000042, 18.528814800000077 ], [ 73.841322400000081, 18.528817500000059 ], [ 73.84127680000006, 18.528812100000039 ], [ 73.841232400000081, 18.528808500000022 ], [ 73.841194800000039, 18.528829500000029 ], [ 73.841187400000081, 18.52884860000006 ], [ 73.841186100000073, 18.528867700000038 ], [ 73.841189400000076, 18.528891900000076 ], [ 73.841206900000032, 18.528947300000027 ], [ 73.841221, 18.528977200000039 ], [ 73.841243200000065, 18.528985500000029 ], [ 73.84128080000005, 18.52899820000005 ], [ 73.841314300000079, 18.52901480000002 ], [ 73.841349200000082, 18.529040300000073 ], [ 73.841478800000061, 18.529190500000027 ], [ 73.841499, 18.52923630000004 ], [ 73.841518400000041, 18.52927010000008 ], [ 73.841546, 18.529292300000062 ], [ 73.841572100000064, 18.529294900000021 ], [ 73.841611800000067, 18.529281500000021 ], [ 73.841643300000044, 18.529281500000018 ], [ 73.84168690000007, 18.529304400000058 ], [ 73.841715100000044, 18.529336300000068 ], [ 73.84172250000006, 18.529392300000037 ], [ 73.841730600000062, 18.529423500000064 ], [ 73.841751400000078, 18.529448900000034 ], [ 73.841785, 18.52946930000007 ], [ 73.841823900000065, 18.529468700000049 ], [ 73.841878300000076, 18.529467400000044 ], [ 73.841986400000053, 18.529520200000036 ], [ 73.842020600000069, 18.529547600000058 ], [ 73.842025300000046, 18.529574400000058 ], [ 73.842015900000035, 18.529604300000077 ], [ 73.841975600000069, 18.529635500000044 ], [ 73.841954800000053, 18.529685100000048 ], [ 73.84195150000005, 18.529713100000038 ], [ 73.84195150000005, 18.529764100000019 ], [ 73.841948100000081, 18.52979780000004 ], [ 73.841931300000056, 18.529850600000035 ], [ 73.841907800000058, 18.529885600000053 ], [ 73.841882300000066, 18.529917500000067 ], [ 73.841875600000037, 18.529953100000057 ], [ 73.841901800000073, 18.529985600000025 ], [ 73.841918600000042, 18.530019300000049 ], [ 73.841923300000076, 18.530052400000042 ], [ 73.841933400000073, 18.530065200000024 ], [ 73.842052200000069, 18.530070300000034 ], [ 73.842568500000084, 18.529843 ], [ 73.842581400000029, 18.529827600000033 ], [ 73.842584300000055, 18.529813200000028 ], [ 73.842584300000055, 18.529798800000037 ], [ 73.842462700000056, 18.529644900000054 ], [ 73.842439900000045, 18.529611600000067 ], [ 73.84242, 18.529554800000025 ], [ 73.84242, 18.529508 ], [ 73.842438, 18.52945040000003 ] ] ] } },
{ "type": "Feature", "properties": { }, "geometry": { "type": "Polygon", "coordinates": [ [ [ 73.871555300000068, 18.53907520000007 ], [ 73.871128900000031, 18.538831300000023 ], [ 73.870426100000046, 18.538334400000057 ], [ 73.870021100000031, 18.53784690000003 ], [ 73.869640100000083, 18.537304900000041 ], [ 73.868664700000068, 18.53584120000005 ], [ 73.867542400000048, 18.534513200000045 ], [ 73.867113600000039, 18.534172200000057 ], [ 73.866963400000031, 18.533895 ], [ 73.866748200000075, 18.533670900000061 ], [ 73.866302300000029, 18.533161900000039 ], [ 73.865276700000038, 18.532613100000052 ], [ 73.864757300000065, 18.532594900000049 ], [ 73.864228400000059, 18.532713500000057 ], [ 73.864002200000073, 18.532809100000065 ], [ 73.86369940000003, 18.532786400000074 ], [ 73.863159, 18.532745200000019 ], [ 73.862480900000037, 18.532323600000041 ], [ 73.862238300000058, 18.532071400000063 ], [ 73.862035500000047, 18.531860500000047 ], [ 73.861959700000057, 18.531810800000073 ], [ 73.861636500000031, 18.531598600000052 ], [ 73.861316200000033, 18.531431300000065 ], [ 73.86117420000005, 18.531257 ], [ 73.860452300000077, 18.531139500000052 ], [ 73.85978190000003, 18.53092840000005 ], [ 73.859738900000082, 18.531897100000037 ], [ 73.860282300000051, 18.53211460000005 ], [ 73.860792, 18.53264810000007 ], [ 73.861321, 18.533427700000061 ], [ 73.861816300000044, 18.534485500000073 ], [ 73.86228280000006, 18.535374600000065 ], [ 73.863013700000067, 18.536291100000028 ], [ 73.863908200000083, 18.537198400000015 ], [ 73.864682400000049, 18.53785490000007 ], [ 73.865591300000062, 18.538557100000048 ], [ 73.866346300000032, 18.538953700000036 ], [ 73.867437900000084, 18.539491700000038 ], [ 73.868558300000075, 18.539970500000035 ], [ 73.869202700000073, 18.540166500000051 ], [ 73.871102200000053, 18.540704500000057 ], [ 73.871948600000053, 18.540955300000064 ], [ 73.873357600000077, 18.541520600000066 ], [ 73.874305, 18.541876300000069 ], [ 73.874646400000074, 18.540107200000026 ], [ 73.873828300000071, 18.539797300000028 ], [ 73.873003800000049, 18.539570500000028 ], [ 73.872220600000048, 18.539321600000051 ], [ 73.871555300000068, 18.53907520000007 ] ], [ [ 73.863889100000051, 18.534488900000042 ], [ 73.864426800000047, 18.534520900000071 ], [ 73.86473790000008, 18.534522400000068 ], [ 73.865223900000046, 18.534580500000061 ], [ 73.865908300000058, 18.534602300000074 ], [ 73.86687390000003, 18.534846400000049 ], [ 73.867303, 18.535355 ], [ 73.867968200000064, 18.536026400000026 ], [ 73.868375900000046, 18.536575700000075 ], [ 73.868869400000051, 18.537369100000035 ], [ 73.869684800000073, 18.538467700000069 ], [ 73.870328500000085, 18.539037400000041 ], [ 73.870435800000052, 18.539159400000074 ], [ 73.869341500000075, 18.538996700000038 ], [ 73.868526100000054, 18.538732200000023 ], [ 73.867667800000049, 18.538366 ], [ 73.866852400000084, 18.537898100000064 ], [ 73.865801, 18.537328400000035 ], [ 73.865007, 18.536514700000055 ], [ 73.864577900000043, 18.535904300000027 ], [ 73.86409180000004, 18.53496610000008 ], [ 73.863889100000051, 18.534488900000042 ] ], [ [ 73.866084400000034, 18.534396900000043 ], [ 73.864959500000055, 18.53427 ], [ 73.864281100000099, 18.534041500000054 ], [ 73.863549100000057, 18.533601300000047 ], [ 73.863218800000084, 18.533093500000067 ], [ 73.865129200000069, 18.53312730000005 ], [ 73.865959400000065, 18.533584400000048 ], [ 73.866736, 18.534532400000046 ], [ 73.866084400000034, 18.534396900000043 ] ] ] } },
{ "type": "Feature", "properties": { }, "geometry": { "type": "Polygon", "coordinates": [ [ [ 73.853540200000054, 18.537782700000037 ], [ 73.853516, 18.537783900000015 ], [ 73.853493600000036, 18.537792600000049 ], [ 73.853475300000071, 18.53780770000003 ], [ 73.853463300000044, 18.537827700000033 ], [ 73.853458900000078, 18.537850300000056 ], [ 73.853462500000035, 18.537873 ], [ 73.853473700000052, 18.537893400000026 ], [ 73.853491, 18.537908900000048 ], [ 73.853512700000067, 18.537918400000024 ], [ 73.853536400000053, 18.537920700000026 ], [ 73.853559700000062, 18.537915600000076 ], [ 73.85358, 18.537903700000069 ], [ 73.853595100000064, 18.537886300000025 ], [ 73.853603600000042, 18.537865200000052 ], [ 73.853604400000052, 18.537842600000026 ], [ 73.853597500000035, 18.537820900000042 ], [ 73.853583400000048, 18.537802300000067 ], [ 73.853563500000064, 18.537789 ], [ 73.853540200000054, 18.537782700000037 ] ] ] } },
{ "type": "Feature", "properties": { }, "geometry": { "type": "Polygon", "coordinates": [ [ [ 73.853138700000045, 18.537740900000074 ], [ 73.853126700000075, 18.538005400000031 ], [ 73.853435200000035, 18.538018 ], [ 73.853447200000062, 18.537753500000068 ], [ 73.853138700000045, 18.537740900000074 ] ] ] } },
{ "type": "Feature", "properties": { }, "geometry": { "type": "Polygon", "coordinates": [ [ [ 73.853530500000048, 18.537978900000038 ], [ 73.853507100000058, 18.537981300000073 ], [ 73.853485700000078, 18.537990800000042 ], [ 73.853468700000064, 18.53800630000006 ], [ 73.853458, 18.53802630000007 ], [ 73.853454800000065, 18.538048500000063 ], [ 73.853459300000054, 18.538070500000064 ], [ 73.853471, 18.538089700000057 ], [ 73.853488600000048, 18.538104200000074 ], [ 73.853510300000039, 18.538112600000034 ], [ 73.853533600000048, 18.538114 ], [ 73.853556100000048, 18.538108100000045 ], [ 73.853575500000034, 18.538095700000046 ], [ 73.853589500000055, 18.538078 ], [ 73.85359690000007, 18.538056700000027 ], [ 73.853596500000037, 18.538034300000049 ], [ 73.853588400000035, 18.538013200000023 ], [ 73.853573600000075, 18.537995800000036 ], [ 73.853553600000055, 18.537984 ], [ 73.853530500000048, 18.537978900000038 ] ] ] } },
{ "type": "Feature", "properties": { }, "geometry": { "type": "Polygon", "coordinates": [ [ [ 73.853306300000057, 18.53801530000004 ], [ 73.85324120000007, 18.538021800000024 ], [ 73.853182200000049, 18.538048600000025 ], [ 73.853136100000029, 18.53809270000005 ], [ 73.853108400000053, 18.538148900000063 ], [ 73.853102300000046, 18.538210700000036 ], [ 73.853118500000051, 18.53827090000004 ], [ 73.853152, 18.538319100000024 ], [ 73.853199700000062, 18.538355 ], [ 73.853256900000076, 18.538374800000042 ], [ 73.853317700000048, 18.538376700000072 ], [ 73.853376100000048, 18.538360300000019 ], [ 73.853426200000058, 18.538327400000075 ], [ 73.853462800000045, 18.538281200000025 ], [ 73.85348220000003, 18.538226500000064 ], [ 73.853482600000063, 18.538168800000047 ], [ 73.853463800000043, 18.538113800000076 ], [ 73.853424500000074, 18.538064200000058 ], [ 73.853369900000089, 18.538030100000064 ], [ 73.853306300000057, 18.53801530000004 ] ] ] } },
{ "type": "Feature", "properties": { }, "geometry": { "type": "Polygon", "coordinates": [ [ [ 73.853557800000033, 18.538513 ], [ 73.853542200000049, 18.538516700000052 ], [ 73.853529300000048, 18.538525900000018 ], [ 73.85352110000008, 18.538539 ], [ 73.853518800000074, 18.538554100000059 ], [ 73.853522700000042, 18.53856890000003 ], [ 73.853532400000063, 18.538581100000048 ], [ 73.853546200000054, 18.538588900000036 ], [ 73.853562100000033, 18.538591100000076 ], [ 73.853577700000073, 18.53858740000004 ], [ 73.853590600000075, 18.538578200000071 ], [ 73.853598900000065, 18.538565100000024 ], [ 73.853601200000071, 18.53855 ], [ 73.853597200000081, 18.538535200000066 ], [ 73.853587600000083, 18.538523 ], [ 73.853573800000049, 18.538515200000059 ], [ 73.853557800000033, 18.538513 ] ] ] } },
{ "type": "Feature", "properties": { }, "geometry": { "type": "Polygon", "coordinates": [ [ [ 73.818133800000055, 18.529848100000034 ], [ 73.818153900000084, 18.529850300000074 ], [ 73.818169500000067, 18.529841500000035 ], [ 73.818176700000038, 18.529834200000028 ], [ 73.81819130000008, 18.529812100000076 ], [ 73.81819930000006, 18.529795500000031 ], [ 73.818199600000071, 18.52978290000004 ], [ 73.818197500000053, 18.529763900000034 ], [ 73.818190100000038, 18.529746100000065 ], [ 73.818186700000069, 18.529729600000049 ], [ 73.818186500000081, 18.529710300000037 ], [ 73.818183100000056, 18.529683800000043 ], [ 73.81817570000004, 18.529670900000038 ], [ 73.818159500000036, 18.529661400000069 ], [ 73.818134300000054, 18.529666 ], [ 73.818117900000061, 18.529675500000053 ], [ 73.818105800000069, 18.52969040000005 ], [ 73.818106600000078, 18.529708400000054 ], [ 73.818092, 18.529719100000023 ], [ 73.818074, 18.529732500000023 ], [ 73.818058600000029, 18.529755800000032 ], [ 73.81805090000006, 18.529770500000041 ], [ 73.818047800000045, 18.529783100000031 ], [ 73.818056, 18.529796700000077 ], [ 73.818068400000072, 18.529809900000028 ], [ 73.818075, 18.52982570000006 ], [ 73.81807450000008, 18.529838400000074 ], [ 73.818065500000046, 18.529850300000074 ], [ 73.818057600000031, 18.529864700000072 ], [ 73.818056800000079, 18.529874900000038 ], [ 73.81805630000008, 18.529888300000039 ], [ 73.818068100000076, 18.529900200000043 ], [ 73.81808140000004, 18.529904600000066 ], [ 73.818103800000074, 18.529906800000049 ], [ 73.81811330000005, 18.529874200000048 ], [ 73.818127400000037, 18.529854 ], [ 73.818133800000055, 18.529848100000034 ] ] ] } },
{ "type": "Feature", "properties": { }, "geometry": { "type": "Polygon", "coordinates": [ [ [ 73.817250800000068, 18.530589800000026 ], [ 73.817220200000079, 18.530598800000064 ], [ 73.817211900000075, 18.530606 ], [ 73.817199200000061, 18.530651800000044 ], [ 73.817199200000061, 18.53066350000006 ], [ 73.817205400000034, 18.530683100000029 ], [ 73.817205400000034, 18.530702100000042 ], [ 73.817205, 18.530708600000025 ], [ 73.817202800000075, 18.53071790000007 ], [ 73.817185, 18.530722700000066 ], [ 73.817180300000075, 18.530746500000081 ], [ 73.817185800000061, 18.530771600000037 ], [ 73.817192700000078, 18.530793 ], [ 73.817203500000062, 18.530801600000071 ], [ 73.817228600000078, 18.530805700000027 ], [ 73.817244200000061, 18.530805700000027 ], [ 73.817264900000055, 18.530805700000027 ], [ 73.817291100000034, 18.530803 ], [ 73.817311, 18.530797100000029 ], [ 73.817331700000068, 18.530787800000041 ], [ 73.817347300000051, 18.530784400000073 ], [ 73.81736, 18.530759600000067 ], [ 73.817363300000068, 18.530734100000071 ], [ 73.817361900000037, 18.530716200000022 ], [ 73.817347, 18.530691700000027 ], [ 73.817336400000045, 18.530678 ], [ 73.817302700000084, 18.530646600000065 ], [ 73.817291800000078, 18.530603300000053 ], [ 73.817272200000048, 18.530596700000039 ], [ 73.817250800000068, 18.530589800000026 ] ] ] } },
{ "type": "Feature", "properties": { }, "geometry": { "type": "Polygon", "coordinates": [ [ [ 73.817760600000042, 18.531062600000038 ], [ 73.817790400000035, 18.531072200000036 ], [ 73.81783340000004, 18.531074800000052 ], [ 73.817903200000046, 18.531066600000027 ], [ 73.817926900000032, 18.531094900000028 ], [ 73.817952600000069, 18.531107900000052 ], [ 73.817955300000051, 18.531146600000056 ], [ 73.817942600000038, 18.531185600000072 ], [ 73.817939300000035, 18.531215800000041 ], [ 73.817985200000066, 18.531259300000045 ], [ 73.818010300000097, 18.531287 ], [ 73.818030600000043, 18.531306900000061 ], [ 73.818051600000047, 18.531320400000027 ], [ 73.81807740000005, 18.531317800000068 ], [ 73.818109200000038, 18.531308200000073 ], [ 73.818134300000054, 18.531284400000057 ], [ 73.81816880000008, 18.531259300000045 ], [ 73.818207400000063, 18.531242 ], [ 73.818238600000029, 18.531215700000072 ], [ 73.818242400000045, 18.531144400000073 ], [ 73.818240100000082, 18.531097700000029 ], [ 73.818231200000071, 18.531055700000024 ], [ 73.818230500000084, 18.531001700000047 ], [ 73.81819930000006, 18.530967 ], [ 73.818156, 18.530921400000071 ], [ 73.818134300000054, 18.530898300000047 ], [ 73.818092300000046, 18.530873900000067 ], [ 73.818039400000032, 18.530834 ], [ 73.818011, 18.53080390000002 ], [ 73.817997400000081, 18.530771700000059 ], [ 73.818021800000054, 18.530712 ], [ 73.818012300000078, 18.530679900000049 ], [ 73.817992, 18.530625300000054 ], [ 73.817995400000029, 18.530561700000078 ], [ 73.817996, 18.530537200000023 ], [ 73.817981800000041, 18.530490300000057 ], [ 73.817973, 18.530458900000042 ], [ 73.817947300000071, 18.530426100000053 ], [ 73.817926900000032, 18.53039590000003 ], [ 73.817898500000069, 18.530360600000044 ], [ 73.817860500000052, 18.530324600000032 ], [ 73.817809700000055, 18.530295700000064 ], [ 73.817795500000045, 18.530279600000028 ], [ 73.817804800000033, 18.530244 ], [ 73.81783740000003, 18.530212200000047 ], [ 73.817842900000073, 18.530176800000049 ], [ 73.817815800000062, 18.530155 ], [ 73.817796800000053, 18.530120300000078 ], [ 73.817800900000066, 18.530086200000028 ], [ 73.81776670000005, 18.530072 ], [ 73.817736700000069, 18.530083 ], [ 73.817735800000037, 18.530092500000023 ], [ 73.817722500000059, 18.530161300000039 ], [ 73.817680100000075, 18.530136700000071 ], [ 73.817627600000037, 18.530129400000082 ], [ 73.817541, 18.530126100000075 ], [ 73.817474400000037, 18.530103700000037 ], [ 73.817397500000084, 18.530088 ], [ 73.817345200000034, 18.530113400000062 ], [ 73.817302300000051, 18.530163 ], [ 73.817342500000052, 18.530215100000078 ], [ 73.817389500000047, 18.530225300000041 ], [ 73.817405600000029, 18.530264700000028 ], [ 73.81744440000007, 18.530246900000066 ], [ 73.81751150000008, 18.530243100000064 ], [ 73.817564800000071, 18.530277600000034 ], [ 73.817595700000084, 18.530325100000027 ], [ 73.817626500000088, 18.530330600000063 ], [ 73.817662400000074, 18.530336900000066 ], [ 73.817690800000037, 18.530337700000075 ], [ 73.817728300000056, 18.530344800000019 ], [ 73.817743300000075, 18.530358300000046 ], [ 73.817727500000046, 18.53037570000004 ], [ 73.817714100000046, 18.530389100000043 ], [ 73.817656600000078, 18.53039230000007 ], [ 73.817655700000046, 18.530417600000078 ], [ 73.817649900000049, 18.530443700000035 ], [ 73.817620700000077, 18.530457900000044 ], [ 73.817589, 18.530458700000057 ], [ 73.817544, 18.530469 ], [ 73.817531400000064, 18.53048090000004 ], [ 73.817532300000039, 18.530501400000048 ], [ 73.817538900000045, 18.530574200000046 ], [ 73.817560600000036, 18.530593200000055 ], [ 73.817584800000077, 18.530638300000074 ], [ 73.817602300000033, 18.53067070000003 ], [ 73.817627400000049, 18.530722100000048 ], [ 73.817622400000062, 18.530743500000032 ], [ 73.817579800000033, 18.530759300000057 ], [ 73.817527300000052, 18.530772 ], [ 73.817501400000083, 18.530790100000047 ], [ 73.817503900000077, 18.530824900000027 ], [ 73.817524500000047, 18.530861700000063 ], [ 73.817538100000036, 18.530886300000077 ], [ 73.817548200000033, 18.530899700000074 ], [ 73.817561100000034, 18.530909 ], [ 73.817576700000075, 18.530913300000069 ], [ 73.81760330000003, 18.530908300000071 ], [ 73.81763710000007, 18.530919300000047 ], [ 73.817638900000077, 18.530952600000028 ], [ 73.817593800000054, 18.530965100000056 ], [ 73.817569200000037, 18.530994600000039 ], [ 73.817608100000029, 18.531040400000048 ], [ 73.817587900000035, 18.531111600000031 ], [ 73.81762150000003, 18.531162400000028 ], [ 73.817660400000079, 18.531265400000049 ], [ 73.817722, 18.531364700000037 ], [ 73.817750200000035, 18.531363300000063 ], [ 73.817794500000048, 18.531344300000054 ], [ 73.817801200000076, 18.53129210000003 ], [ 73.817775700000084, 18.531251400000031 ], [ 73.817760900000053, 18.531214600000052 ], [ 73.817760900000053, 18.531181500000059 ], [ 73.817755600000055, 18.531159900000034 ], [ 73.817735500000083, 18.531149700000071 ], [ 73.817718, 18.531107800000029 ], [ 73.817732100000057, 18.531068300000076 ], [ 73.817760600000042, 18.531062600000038 ] ] ] } },
{ "type": "Feature", "properties": { }, "geometry": { "type": "Polygon", "coordinates": [ [ [ 73.817207300000064, 18.53098610000006 ], [ 73.817229200000043, 18.530987800000048 ], [ 73.81724440000005, 18.530992900000058 ], [ 73.817266300000028, 18.530998800000077 ], [ 73.817298900000083, 18.530998800000077 ], [ 73.817312300000083, 18.530995500000071 ], [ 73.81732930000004, 18.530987400000068 ], [ 73.817334200000062, 18.53097090000006 ], [ 73.817334200000062, 18.530960300000054 ], [ 73.817352500000084, 18.530921300000045 ], [ 73.817339100000083, 18.530908100000033 ], [ 73.817274800000064, 18.530878500000028 ], [ 73.81725640000009, 18.53087510000006 ], [ 73.817220200000079, 18.530870800000052 ], [ 73.817192100000057, 18.530875500000032 ], [ 73.817167500000039, 18.530884400000051 ], [ 73.817142, 18.53088990000003 ], [ 73.817109400000049, 18.530924200000065 ], [ 73.817072200000041, 18.530923800000039 ], [ 73.817042300000082, 18.530916600000062 ], [ 73.817030700000032, 18.530934800000075 ], [ 73.817024, 18.530946300000039 ], [ 73.816990400000066, 18.531037 ], [ 73.816988700000081, 18.531075600000065 ], [ 73.817000300000075, 18.531110300000019 ], [ 73.81702260000003, 18.531144700000027 ], [ 73.817101300000047, 18.531145500000033 ], [ 73.817136600000083, 18.531132400000047 ], [ 73.817171500000029, 18.531120500000043 ], [ 73.817187100000069, 18.531106500000082 ], [ 73.817201400000044, 18.531101800000041 ], [ 73.817205900000033, 18.531078500000035 ], [ 73.817159900000036, 18.531037400000059 ], [ 73.817173700000069, 18.531003500000054 ], [ 73.817192900000066, 18.530990800000041 ], [ 73.817207300000064, 18.53098610000006 ] ] ] } },
{ "type": "Feature", "properties": { }, "geometry": { "type": "Polygon", "coordinates": [ [ [ 73.817503500000043, 18.531510800000031 ], [ 73.817562500000065, 18.531531200000071 ], [ 73.817606700000056, 18.531517200000049 ], [ 73.817642900000067, 18.531500700000038 ], [ 73.817661700000031, 18.531476500000053 ], [ 73.817667100000051, 18.531439600000056 ], [ 73.817614800000058, 18.531430700000048 ], [ 73.817589300000066, 18.531448500000067 ], [ 73.817549, 18.531472700000052 ], [ 73.81751950000006, 18.531461300000043 ], [ 73.817482, 18.531442200000072 ], [ 73.817451100000085, 18.53142060000005 ], [ 73.817402900000047, 18.531400200000064 ], [ 73.817381400000045, 18.531376100000045 ], [ 73.817347900000073, 18.531351900000057 ], [ 73.81731330000008, 18.531377 ], [ 73.817300900000077, 18.531377300000035 ], [ 73.81728770000008, 18.531372900000061 ], [ 73.817268100000035, 18.531359400000046 ], [ 73.817248600000084, 18.531349400000067 ], [ 73.817207100000076, 18.531339100000025 ], [ 73.81715070000007, 18.531323900000071 ], [ 73.817091700000049, 18.531308700000071 ], [ 73.817000500000063, 18.531287 ], [ 73.81694820000007, 18.531279400000077 ], [ 73.816914700000055, 18.531289600000036 ], [ 73.816889200000048, 18.531311200000058 ], [ 73.816834200000073, 18.53130230000005 ], [ 73.816839600000037, 18.531334100000038 ], [ 73.816869100000076, 18.531369700000027 ], [ 73.816851700000029, 18.531402800000023 ], [ 73.816853600000059, 18.531456 ], [ 73.816873100000066, 18.531488 ], [ 73.816982100000075, 18.531484100000053 ], [ 73.817003900000032, 18.531493 ], [ 73.817003600000078, 18.531512200000069 ], [ 73.816978500000062, 18.531543200000044 ], [ 73.816972300000032, 18.53158 ], [ 73.816977400000056, 18.531623600000046 ], [ 73.817005900000083, 18.531641800000045 ], [ 73.817041500000073, 18.531644 ], [ 73.817089100000032, 18.531627400000051 ], [ 73.817155, 18.531603700000058 ], [ 73.817263400000058, 18.53158470000005 ], [ 73.81728430000004, 18.53157050000004 ], [ 73.817351, 18.531558600000036 ], [ 73.817408800000067, 18.531552500000032 ], [ 73.81744440000007, 18.53151970000005 ], [ 73.817503500000043, 18.531510800000031 ] ] ] } },
{ "type": "Feature", "properties": { }, "geometry": { "type": "Polygon", "coordinates": [ [ [ 73.815758500000072, 18.531560200000062 ], [ 73.815836300000058, 18.531578 ], [ 73.815841700000078, 18.531509300000039 ], [ 73.815796100000057, 18.531415200000019 ], [ 73.815667300000044, 18.531318600000077 ], [ 73.815621700000065, 18.531372 ], [ 73.815527900000063, 18.531415200000026 ], [ 73.815592200000083, 18.531440600000053 ], [ 73.815629800000067, 18.531481300000053 ], [ 73.815699500000051, 18.531499100000079 ], [ 73.815729, 18.531595800000051 ], [ 73.815758500000072, 18.531560200000062 ] ] ] } },
{ "type": "Feature", "properties": { }, "geometry": { "type": "Polygon", "coordinates": [ [ [ 73.815123, 18.531971400000032 ], [ 73.81553, 18.532088900000076 ], [ 73.815568900000073, 18.532122400000052 ], [ 73.815576, 18.531991600000026 ], [ 73.815547700000081, 18.531894300000033 ], [ 73.815140700000029, 18.531770100000074 ], [ 73.815059300000044, 18.531874100000039 ], [ 73.815080500000079, 18.531917700000058 ], [ 73.814956, 18.532028800000035 ], [ 73.814857500000073, 18.532132500000046 ], [ 73.814967200000069, 18.532142600000039 ], [ 73.815041600000029, 18.532072100000047 ], [ 73.815123, 18.531971400000032 ] ] ] } },
{ "type": "Feature", "properties": { }, "geometry": { "type": "Polygon", "coordinates": [ [ [ 73.78994490000008, 18.53333 ], [ 73.789638800000034, 18.533280700000034 ], [ 73.789585300000056, 18.53331930000007 ], [ 73.789521100000073, 18.533335500000078 ], [ 73.789458100000047, 18.533284400000067 ], [ 73.789433700000075, 18.533259800000046 ], [ 73.789402700000039, 18.533269100000041 ], [ 73.789316500000055, 18.533203100000037 ], [ 73.789234400000055, 18.53315960000003 ], [ 73.789237600000035, 18.533116200000052 ], [ 73.789120800000035, 18.532894700000043 ], [ 73.788990600000034, 18.532676700000025 ], [ 73.78892970000004, 18.532348500000069 ], [ 73.78888690000008, 18.531691100000042 ], [ 73.788879100000031, 18.531156600000028 ], [ 73.788840500000049, 18.531052 ], [ 73.78877, 18.530874600000057 ], [ 73.788622600000053, 18.530759300000057 ], [ 73.788449, 18.530726500000071 ], [ 73.788217, 18.530776600000028 ], [ 73.788039900000058, 18.530987700000026 ], [ 73.788065600000039, 18.531040500000074 ], [ 73.78817040000007, 18.531109400000052 ], [ 73.788082700000075, 18.531172300000037 ], [ 73.787977800000078, 18.531190600000055 ], [ 73.787793400000055, 18.531138100000078 ], [ 73.787586500000032, 18.531030300000054 ], [ 73.787496700000077, 18.530819300000076 ], [ 73.787394, 18.530778700000035 ], [ 73.787304100000028, 18.530803 ], [ 73.787150100000076, 18.530864400000038 ], [ 73.786957500000028, 18.53091720000003 ], [ 73.786865400000067, 18.530898900000071 ], [ 73.78644810000003, 18.530673200000024 ], [ 73.786195600000042, 18.530539300000033 ], [ 73.786122500000033, 18.530504500000067 ], [ 73.786056200000075, 18.530441600000074 ], [ 73.785994100000039, 18.530445600000064 ], [ 73.785955600000079, 18.530524800000023 ], [ 73.785987700000078, 18.530583600000057 ], [ 73.785953500000062, 18.530674900000065 ], [ 73.785876400000063, 18.530664800000068 ], [ 73.78584010000003, 18.53058360000006 ], [ 73.785759100000064, 18.530571700000053 ], [ 73.785689900000079, 18.530545100000037 ], [ 73.785614200000055, 18.530622500000042 ], [ 73.785547700000052, 18.530691400000016 ], [ 73.785453900000064, 18.530674200000082 ], [ 73.785423600000058, 18.530754500000061 ], [ 73.785335800000041, 18.530751600000034 ], [ 73.785290400000079, 18.530682800000022 ], [ 73.785117900000046, 18.530757400000027 ], [ 73.784887900000058, 18.530800400000032 ], [ 73.784654900000078, 18.530789 ], [ 73.784573200000068, 18.530777500000056 ], [ 73.784549, 18.530849200000034 ], [ 73.784482400000059, 18.530849200000031 ], [ 73.784424900000033, 18.530809 ], [ 73.784385600000064, 18.53074590000006 ], [ 73.78421910000003, 18.530754500000057 ], [ 73.784122300000035, 18.530751600000034 ], [ 73.783995200000049, 18.530714300000056 ], [ 73.78390440000004, 18.530806200000029 ], [ 73.783783300000039, 18.530869300000056 ], [ 73.783748600000081, 18.530986800000051 ], [ 73.783671600000048, 18.531092300000068 ], [ 73.783594500000049, 18.531084200000059 ], [ 73.783456500000057, 18.531110300000019 ], [ 73.78324710000004, 18.531052100000068 ], [ 73.783071600000085, 18.53090190000006 ], [ 73.782900400000074, 18.530816700000052 ], [ 73.782669300000066, 18.531027700000038 ], [ 73.782502400000055, 18.531023700000048 ], [ 73.782165, 18.53077670000005 ], [ 73.781991700000049, 18.530366 ], [ 73.781782, 18.529976400000063 ], [ 73.781486700000073, 18.529651800000067 ], [ 73.781319800000063, 18.529416400000056 ], [ 73.781204200000047, 18.529241900000045 ], [ 73.78097740000004, 18.529335200000048 ], [ 73.780801900000029, 18.529087700000048 ], [ 73.780772, 18.528917300000046 ], [ 73.780622200000039, 18.528775200000041 ], [ 73.780399600000067, 18.528621 ], [ 73.780168500000059, 18.528519600000042 ], [ 73.780001600000048, 18.528568300000067 ], [ 73.779847500000074, 18.528487100000056 ], [ 73.779466600000049, 18.528170600000067 ], [ 73.778914600000064, 18.527562800000055 ], [ 73.778221200000075, 18.528016400000073 ], [ 73.778508, 18.528272100000034 ], [ 73.778683400000034, 18.528475 ], [ 73.779107100000033, 18.529140500000036 ], [ 73.77956080000007, 18.530122500000058 ], [ 73.779924600000072, 18.53097060000005 ], [ 73.780052, 18.531277700000032 ], [ 73.780232700000056, 18.531713200000073 ], [ 73.780455300000028, 18.532102700000053 ], [ 73.780737700000032, 18.532427400000071 ], [ 73.781027300000062, 18.532668800000071 ], [ 73.781361100000083, 18.532827 ], [ 73.781823300000042, 18.533001500000069 ], [ 73.782174200000043, 18.533224700000062 ], [ 73.782435300000031, 18.533496600000031 ], [ 73.78257270000006, 18.53390980000006 ], [ 73.782722900000067, 18.534306500000071 ], [ 73.78287320000004, 18.534703200000024 ], [ 73.783087700000067, 18.53525250000007 ], [ 73.783360300000083, 18.536265200000059 ], [ 73.783349600000065, 18.536376800000021 ], [ 73.783392400000082, 18.536486400000058 ], [ 73.783493, 18.536533100000042 ], [ 73.783606400000053, 18.536549300000047 ], [ 73.783742300000029, 18.536555800000031 ], [ 73.785859600000038, 18.536657 ], [ 73.786307500000078, 18.536645600000039 ], [ 73.786595800000043, 18.536614200000031 ], [ 73.78686440000007, 18.536525 ], [ 73.787334100000066, 18.536283500000021 ], [ 73.787784300000055, 18.53602 ], [ 73.78800190000004, 18.535880600000041 ], [ 73.789000900000076, 18.535130600000059 ], [ 73.789266400000031, 18.53486730000003 ], [ 73.789324200000067, 18.534711100000038 ], [ 73.789382, 18.53460560000007 ], [ 73.789476100000073, 18.534514300000072 ], [ 73.789536100000078, 18.534416900000053 ], [ 73.789672800000062, 18.534315700000036 ], [ 73.789904100000058, 18.53401110000004 ], [ 73.790272, 18.533500800000073 ], [ 73.790231500000061, 18.533487700000023 ], [ 73.790222, 18.533441700000029 ], [ 73.790197400000068, 18.533431500000059 ], [ 73.790073200000052, 18.533365900000028 ], [ 73.78994490000008, 18.53333 ] ], [ [ 73.785800100000074, 18.53158540000004 ], [ 73.785838600000034, 18.53160570000005 ], [ 73.785849300000052, 18.531646300000034 ], [ 73.785875, 18.531682800000052 ], [ 73.785915600000067, 18.531703100000072 ], [ 73.785926300000028, 18.531743700000042 ], [ 73.785939100000064, 18.531871500000015 ], [ 73.785939100000064, 18.532127200000048 ], [ 73.785904900000048, 18.532376700000043 ], [ 73.785870700000032, 18.532407200000019 ], [ 73.785785100000055, 18.532382800000047 ], [ 73.785605300000043, 18.532368600000041 ], [ 73.785554, 18.53238280000005 ], [ 73.785434100000032, 18.532443700000044 ], [ 73.78534, 18.53245180000005 ], [ 73.785194500000046, 18.532553200000052 ], [ 73.785149500000045, 18.532549200000062 ], [ 73.785113100000046, 18.532429500000035 ], [ 73.785132400000066, 18.532390900000053 ], [ 73.785170900000082, 18.532376700000039 ], [ 73.785211600000082, 18.532372700000053 ], [ 73.785292900000059, 18.532384800000045 ], [ 73.785316400000056, 18.532350400000038 ], [ 73.78532290000004, 18.532224600000063 ], [ 73.785303600000077, 18.532182 ], [ 73.785267200000078, 18.532161700000074 ], [ 73.785211600000082, 18.532046 ], [ 73.785168800000065, 18.532031800000027 ], [ 73.785128100000065, 18.532052100000044 ], [ 73.785100300000067, 18.532090600000053 ], [ 73.785059600000068, 18.532115 ], [ 73.785034, 18.532151500000055 ], [ 73.784967600000073, 18.532265100000068 ], [ 73.784954800000037, 18.532307700000043 ], [ 73.784989, 18.53233820000003 ], [ 73.78505750000005, 18.532445700000039 ], [ 73.78507680000007, 18.53252690000005 ], [ 73.785059600000068, 18.53269320000004 ], [ 73.784963400000038, 18.532973200000065 ], [ 73.78482850000006, 18.533088900000049 ], [ 73.784787900000083, 18.533113200000059 ], [ 73.784704400000066, 18.533151800000038 ], [ 73.784616700000072, 18.533168 ], [ 73.784475500000042, 18.533151800000038 ], [ 73.784439100000043, 18.533127400000069 ], [ 73.784280700000068, 18.532916400000033 ], [ 73.784240100000034, 18.532794700000068 ], [ 73.784235800000033, 18.532626300000061 ], [ 73.784245400000032, 18.532563400000072 ], [ 73.784261500000071, 18.532522800000034 ], [ 73.784276400000067, 18.532476100000057 ], [ 73.78441550000008, 18.532297600000049 ], [ 73.784492600000078, 18.532257 ], [ 73.784661600000049, 18.532192100000032 ], [ 73.784832800000061, 18.532169800000077 ], [ 73.784839200000079, 18.532127200000048 ], [ 73.784875600000078, 18.532054100000035 ], [ 73.784933400000057, 18.531991200000043 ], [ 73.785004, 18.531944600000031 ], [ 73.785170900000082, 18.531895900000052 ], [ 73.785307900000078, 18.531881700000039 ], [ 73.785348500000055, 18.531869500000028 ], [ 73.785384900000054, 18.531845100000051 ], [ 73.785438400000032, 18.531776200000024 ], [ 73.785549700000047, 18.531713300000039 ], [ 73.78567170000008, 18.531674700000046 ], [ 73.785720900000058, 18.531607800000071 ], [ 73.785757300000057, 18.531589500000052 ], [ 73.785800100000074, 18.53158540000004 ] ], [ [ 73.787115800000038, 18.531881 ], [ 73.787055300000077, 18.53184780000004 ], [ 73.786972500000061, 18.531808500000068 ], [ 73.786918600000035, 18.531851400000043 ], [ 73.786837200000036, 18.531888 ], [ 73.786698400000034, 18.531914300000036 ], [ 73.786564600000077, 18.531856900000033 ], [ 73.78646580000003, 18.531826600000048 ], [ 73.786367, 18.531865900000067 ], [ 73.78630650000008, 18.531672900000046 ], [ 73.786259500000028, 18.531502500000048 ], [ 73.786272300000064, 18.531461900000071 ], [ 73.786456300000054, 18.531461900000071 ], [ 73.786623200000065, 18.531478100000069 ], [ 73.786704600000064, 18.531506500000035 ], [ 73.786781600000054, 18.531539 ], [ 73.786858600000073, 18.531575500000031 ], [ 73.78694420000005, 18.531603900000054 ], [ 73.787021300000049, 18.53164850000007 ], [ 73.787332500000048, 18.53193240000007 ], [ 73.787179600000059, 18.531917300000032 ], [ 73.787115800000038, 18.531881 ] ] ] } },
{ "type": "Feature", "properties": { }, "geometry": { "type": "Polygon", "coordinates": [ [ [ 73.820388600000058, 18.541372600000045 ], [ 73.820333300000073, 18.541655600000073 ], [ 73.820520700000031, 18.541693700000053 ], [ 73.82057960000003, 18.54140910000007 ], [ 73.820388600000058, 18.541372600000045 ] ] ] } },
{ "type": "Feature", "properties": { }, "geometry": { "type": "Polygon", "coordinates": [ [ [ 73.78201880000006, 18.54615 ], [ 73.781930200000033, 18.546155100000075 ], [ 73.781801500000029, 18.546157700000041 ], [ 73.781798800000047, 18.54626960000007 ], [ 73.781855200000052, 18.546363600000067 ], [ 73.781986600000039, 18.546439900000053 ], [ 73.782101900000043, 18.546406800000057 ], [ 73.782189500000072, 18.546353200000055 ], [ 73.782219, 18.546259100000043 ], [ 73.78201880000006, 18.54615 ] ] ] } },
{ "type": "Feature", "properties": { }, "geometry": { "type": "Polygon", "coordinates": [ [ [ 73.78164060000006, 18.546170400000051 ], [ 73.781544, 18.546119500000028 ], [ 73.781450100000029, 18.546139800000052 ], [ 73.781412600000067, 18.546183100000068 ], [ 73.781246300000078, 18.546193200000058 ], [ 73.781141700000035, 18.546132200000038 ], [ 73.781077300000064, 18.546157700000041 ], [ 73.781112200000052, 18.546218600000032 ], [ 73.781144400000073, 18.546272100000067 ], [ 73.781147, 18.546335700000043 ], [ 73.781208700000036, 18.546389100000052 ], [ 73.781281100000058, 18.546434800000043 ], [ 73.781350900000064, 18.546503500000028 ], [ 73.78144750000007, 18.546577200000055 ], [ 73.781509100000051, 18.546607800000057 ], [ 73.781584300000077, 18.546584900000024 ], [ 73.781666500000028, 18.54646 ], [ 73.781780100000049, 18.546363600000063 ], [ 73.781747900000084, 18.546272100000067 ], [ 73.78164060000006, 18.546170400000051 ] ] ] } },
{ "type": "Feature", "properties": { }, "geometry": { "type": "Polygon", "coordinates": [ [ [ 73.829717600000038, 18.549495800000045 ], [ 73.829693300000031, 18.549923600000053 ], [ 73.829979300000048, 18.549938300000061 ], [ 73.830003700000077, 18.549510400000027 ], [ 73.829717600000038, 18.549495800000045 ] ] ] } },
{ "type": "Feature", "properties": { }, "geometry": { "type": "Polygon", "coordinates": [ [ [ 73.82978090000006, 18.550143400000024 ], [ 73.829772600000069, 18.55038 ], [ 73.830034, 18.550388200000047 ], [ 73.830042300000059, 18.550151700000068 ], [ 73.82978090000006, 18.550143400000024 ] ] ] } },
{ "type": "Feature", "properties": { }, "geometry": { "type": "Polygon", "coordinates": [ [ [ 73.803959200000065, 18.550669900000063 ], [ 73.803936800000031, 18.550671400000056 ], [ 73.803899600000079, 18.550666700000026 ], [ 73.80388140000008, 18.550647200000064 ], [ 73.803864900000065, 18.550612700000041 ], [ 73.803840100000059, 18.550568 ], [ 73.803796200000079, 18.550531900000063 ], [ 73.803736700000059, 18.550522500000056 ], [ 73.803684600000054, 18.550533500000029 ], [ 73.803651600000094, 18.550561700000067 ], [ 73.803641800000037, 18.550573700000029 ], [ 73.803637500000036, 18.550592300000062 ], [ 73.803639700000076, 18.550608 ], [ 73.803645800000083, 18.550623600000051 ], [ 73.803655500000048, 18.550636400000023 ], [ 73.803672200000051, 18.550642400000068 ], [ 73.803697, 18.550643200000025 ], [ 73.803730100000053, 18.550638500000044 ], [ 73.803756600000042, 18.550637 ], [ 73.803778900000069, 18.550635400000033 ], [ 73.803814400000078, 18.550643200000025 ], [ 73.80384250000003, 18.550666 ], [ 73.803867300000036, 18.550698100000034 ], [ 73.803876400000036, 18.550735700000079 ], [ 73.803874800000074, 18.550763900000046 ], [ 73.803881100000069, 18.550782 ], [ 73.803892200000064, 18.5508 ], [ 73.803914100000043, 18.55080850000007 ], [ 73.803936, 18.550813300000065 ], [ 73.803970800000059, 18.550813100000028 ], [ 73.803997500000037, 18.550806900000055 ], [ 73.804025300000035, 18.550795300000061 ], [ 73.804032, 18.550782300000034 ], [ 73.804036, 18.550768600000026 ], [ 73.804040400000076, 18.550749 ], [ 73.804040100000066, 18.550729400000026 ], [ 73.804029, 18.55070980000005 ], [ 73.804010400000038, 18.550692600000048 ], [ 73.803999700000077, 18.550682400000031 ], [ 73.80398230000003, 18.550672200000061 ], [ 73.803959200000065, 18.550669900000063 ] ] ] } },
{ "type": "Feature", "properties": { }, "geometry": { "type": "Polygon", "coordinates": [ [ [ 73.833622400000081, 18.560011400000064 ], [ 73.833647, 18.559964800000046 ], [ 73.833683, 18.559907400000043 ], [ 73.833735900000079, 18.559853600000054 ], [ 73.833839900000044, 18.559878700000063 ], [ 73.833917500000041, 18.559921700000078 ], [ 73.833985500000054, 18.559930700000049 ], [ 73.834004400000083, 18.559873300000049 ], [ 73.833913700000039, 18.559805200000028 ], [ 73.833856900000058, 18.559742500000024 ], [ 73.833881500000075, 18.559713800000047 ], [ 73.834000700000047, 18.55967430000004 ], [ 73.834042300000092, 18.559658200000058 ], [ 73.83404790000003, 18.559629500000032 ], [ 73.833909900000037, 18.559602600000066 ], [ 73.833807800000045, 18.559550600000019 ], [ 73.833728300000075, 18.559522 ], [ 73.833654600000045, 18.559538100000054 ], [ 73.83357710000007, 18.559597300000064 ], [ 73.833546800000093, 18.559602600000062 ], [ 73.833565700000065, 18.559661800000072 ], [ 73.833493900000065, 18.559728100000029 ], [ 73.833423900000071, 18.559708400000037 ], [ 73.833372800000063, 18.559717400000064 ], [ 73.833340700000065, 18.559753200000042 ], [ 73.833374700000036, 18.559830300000041 ], [ 73.833397400000081, 18.559873300000049 ], [ 73.83336150000008, 18.559882300000027 ], [ 73.833323700000051, 18.55985 ], [ 73.833270700000085, 18.559808800000038 ], [ 73.833231, 18.559812400000059 ], [ 73.833246100000054, 18.559889500000054 ], [ 73.833244200000081, 18.559986300000045 ], [ 73.833406900000057, 18.560045400000035 ], [ 73.833452200000067, 18.560032900000067 ], [ 73.833526, 18.560072300000055 ], [ 73.833582700000079, 18.560049 ], [ 73.833622400000081, 18.560011400000064 ] ] ] } },
{ "type": "Feature", "properties": { }, "geometry": { "type": "Polygon", "coordinates": [ [ [ 73.854713400000037, 18.542339 ], [ 73.854722500000037, 18.541057500000019 ], [ 73.854740700000036, 18.53969 ], [ 73.854967400000078, 18.536361500000055 ], [ 73.855167, 18.534968200000037 ], [ 73.855402900000058, 18.534151100000027 ], [ 73.856101400000057, 18.533015700000078 ], [ 73.856709200000068, 18.532344800000029 ], [ 73.857090200000073, 18.532105400000034 ], [ 73.857779200000039, 18.531904200000039 ], [ 73.859017100000074, 18.531741200000056 ], [ 73.859738900000082, 18.531897100000037 ], [ 73.85978190000003, 18.53092840000005 ], [ 73.859624900000028, 18.530950100000041 ], [ 73.859439800000075, 18.530922100000055 ], [ 73.859270800000047, 18.530858500000022 ], [ 73.85908070000005, 18.530859900000046 ], [ 73.858736700000065, 18.530723500000022 ], [ 73.857834, 18.530809500000032 ], [ 73.856600300000082, 18.531269700000053 ], [ 73.855888200000052, 18.531768600000078 ], [ 73.855366600000082, 18.53219 ], [ 73.854572800000028, 18.533377 ], [ 73.854141900000059, 18.534357500000059 ], [ 73.853833500000064, 18.535484200000042 ], [ 73.853679300000081, 18.536903400000032 ], [ 73.853643, 18.539371800000023 ], [ 73.853543200000047, 18.54092850000006 ], [ 73.853516, 18.542046600000052 ], [ 73.853742800000077, 18.543121700000032 ], [ 73.854042100000072, 18.544317200000023 ], [ 73.854504800000029, 18.54549540000005 ], [ 73.854885800000034, 18.546725300000041 ], [ 73.855284900000072, 18.547679900000048 ], [ 73.855684100000076, 18.548746400000027 ], [ 73.856092300000057, 18.54972680000003 ], [ 73.856518700000038, 18.550664200000025 ], [ 73.856556508996249, 18.5507117400157 ], [ 73.85678, 18.55059 ], [ 73.85637, 18.54996 ], [ 73.85609, 18.54918 ], [ 73.85581, 18.54818 ], [ 73.85544, 18.54732 ], [ 73.85435, 18.54414 ], [ 73.85395, 18.54236 ], [ 73.854722044096448, 18.542376968284078 ], [ 73.854713400000037, 18.542339 ] ] ] } },
{ "type": "Feature", "properties": { }, "geometry": { "type": "Polygon", "coordinates": [ [ [ 73.875514200000055, 18.554966300000043 ], [ 73.875583400000039, 18.555062300000028 ], [ 73.876240300000063, 18.554863400000045 ], [ 73.876116800000034, 18.554572100000026 ], [ 73.875876100000085, 18.55357 ], [ 73.874671100000057, 18.55374420000004 ], [ 73.874945900000057, 18.554663 ], [ 73.875092700000039, 18.555092500000057 ], [ 73.875514200000055, 18.554966300000043 ] ] ] } },
{ "type": "Feature", "properties": { }, "geometry": { "type": "Polygon", "coordinates": [ [ [ 73.873591600000054, 18.568056600000034 ], [ 73.873301300000037, 18.567497600000028 ], [ 73.873034, 18.565952300000049 ], [ 73.872963500000083, 18.565046200000037 ], [ 73.872957, 18.564486800000054 ], [ 73.87298270000008, 18.563702400000068 ], [ 73.873027600000057, 18.563471300000057 ], [ 73.87298270000008, 18.563209800000035 ], [ 73.873207200000081, 18.562322 ], [ 73.873335500000053, 18.56161660000004 ], [ 73.873303400000054, 18.560978200000022 ], [ 73.873418900000047, 18.560333600000032 ], [ 73.873585700000035, 18.559689 ], [ 73.873637, 18.558989700000041 ], [ 73.873675500000047, 18.55846670000005 ], [ 73.873768945712243, 18.558273807517779 ], [ 73.873011070888154, 18.558445151137853 ], [ 73.87298450000003, 18.558523 ], [ 73.872785, 18.558987400000031 ], [ 73.872630700000059, 18.559606600000055 ], [ 73.872576300000048, 18.560277400000075 ], [ 73.872721500000068, 18.560509600000042 ], [ 73.87254, 18.560870800000028 ], [ 73.872585700000059, 18.561419 ], [ 73.872535800000037, 18.561683400000049 ], [ 73.872526700000037, 18.561881200000077 ], [ 73.872524500000054, 18.562040300000039 ], [ 73.872431500000062, 18.562218800000039 ], [ 73.872442800000044, 18.562360700000056 ], [ 73.872481400000083, 18.56247030000003 ], [ 73.872406500000068, 18.562584200000057 ], [ 73.872377100000051, 18.562835800000073 ], [ 73.872383900000045, 18.563020700000038 ], [ 73.872336200000063, 18.563390500000022 ], [ 73.872336200000063, 18.563846200000057 ], [ 73.872222800000046, 18.563996700000072 ], [ 73.87212530000005, 18.563992400000071 ], [ 73.87208, 18.564112800000032 ], [ 73.872068600000034, 18.564517 ], [ 73.871939400000031, 18.564749200000051 ], [ 73.871725702872084, 18.564960205191859 ], [ 73.87158, 18.56532 ], [ 73.87142, 18.56602 ], [ 73.8719, 18.56795 ], [ 73.872001524538106, 18.568236115149908 ], [ 73.872102700000084, 18.56828140000005 ], [ 73.872148, 18.568363100000052 ], [ 73.872161600000084, 18.568438300000022 ], [ 73.872129900000061, 18.568509300000073 ], [ 73.872108183199387, 18.56853669821836 ], [ 73.87212, 18.56857 ], [ 73.87229, 18.56879 ], [ 73.87231399787413, 18.568885992224534 ], [ 73.872415600000068, 18.568853200000035 ], [ 73.872458800000061, 18.568774100000038 ], [ 73.872484900000075, 18.568710100000025 ], [ 73.872425900000053, 18.568576800000077 ], [ 73.872271700000056, 18.56830170000007 ], [ 73.872004100000083, 18.567772800000053 ], [ 73.871790900000079, 18.567274 ], [ 73.871686600000032, 18.566715100000067 ], [ 73.871559600000069, 18.566388300000028 ], [ 73.871532400000035, 18.565614400000069 ], [ 73.871650300000056, 18.565274700000025 ], [ 73.871963300000075, 18.564879100000041 ], [ 73.872221800000034, 18.564685600000075 ], [ 73.872267100000045, 18.564870500000037 ], [ 73.872271700000056, 18.565098400000071 ], [ 73.872285300000044, 18.565231700000023 ], [ 73.872462200000029, 18.565218800000022 ], [ 73.872385100000031, 18.565369300000043 ], [ 73.872389600000076, 18.565623 ], [ 73.872457600000075, 18.566151800000053 ], [ 73.872557400000062, 18.566427 ], [ 73.872607300000084, 18.566826900000027 ], [ 73.872693500000082, 18.567261100000053 ], [ 73.872766100000035, 18.567678200000042 ], [ 73.872974700000057, 18.568151200000042 ], [ 73.873591600000054, 18.568056600000034 ] ] ] } },
{ "type": "Feature", "properties": { }, "geometry": { "type": "Polygon", "coordinates": [ [ [ 73.872974700000057, 18.568151200000042 ], [ 73.873094300000048, 18.568521 ], [ 73.873299600000053, 18.569104700000029 ], [ 73.873299600000053, 18.56968240000003 ], [ 73.873325300000033, 18.570466800000073 ], [ 73.873408700000084, 18.570989700000041 ], [ 73.873293200000035, 18.571330200000034 ], [ 73.873030200000073, 18.571543 ], [ 73.872850600000049, 18.572072 ], [ 73.87283130000003, 18.572528100000056 ], [ 73.872722300000078, 18.573306400000032 ], [ 73.87249780000009, 18.573786700000028 ], [ 73.872279700000036, 18.574133300000032 ], [ 73.872125700000083, 18.574309600000053 ], [ 73.872100100000068, 18.574558900000056 ], [ 73.872356700000068, 18.574461600000063 ], [ 73.872529900000075, 18.574248800000078 ], [ 73.872671, 18.573835400000068 ], [ 73.872895500000084, 18.573573900000039 ], [ 73.872966100000042, 18.573306400000032 ], [ 73.873152100000084, 18.573318500000028 ], [ 73.873062300000072, 18.573713700000038 ], [ 73.872908300000063, 18.573950900000057 ], [ 73.872818500000051, 18.574242700000074 ], [ 73.872645300000045, 18.574522400000035 ], [ 73.872504200000037, 18.574747400000039 ], [ 73.872510600000069, 18.57495420000004 ], [ 73.872119300000065, 18.575233900000054 ], [ 73.871824300000071, 18.575537900000025 ], [ 73.871542, 18.57557440000005 ], [ 73.871926900000062, 18.576139800000075 ], [ 73.872209100000077, 18.576097300000068 ], [ 73.872645300000045, 18.575914900000043 ], [ 73.872760800000037, 18.575665600000033 ], [ 73.872709500000042, 18.575440600000032 ], [ 73.872940400000061, 18.575100100000039 ], [ 73.87308790000003, 18.574741300000024 ], [ 73.873286800000074, 18.574309600000046 ], [ 73.873492, 18.574109 ], [ 73.873620300000084, 18.573859700000067 ], [ 73.873838400000068, 18.573403600000063 ], [ 73.873960300000078, 18.573190800000074 ], [ 73.87422330000004, 18.573142200000067 ], [ 73.87460180000005, 18.573057100000028 ], [ 73.874691600000062, 18.572856400000031 ], [ 73.87473650000004, 18.572424700000056 ], [ 73.874524800000074, 18.57176190000007 ], [ 73.874518400000056, 18.571378800000048 ], [ 73.87457610000007, 18.57095930000003 ], [ 73.874287400000071, 18.57037560000003 ], [ 73.874062900000069, 18.569664100000065 ], [ 73.873998800000038, 18.569323600000079 ], [ 73.873947500000043, 18.56904390000005 ], [ 73.873806400000035, 18.568508800000075 ], [ 73.873591600000054, 18.568056600000034 ], [ 73.872974700000057, 18.568151200000042 ] ], [ [ 73.873441300000081, 18.568787900000075 ], [ 73.873380100000077, 18.568712600000026 ], [ 73.873400500000059, 18.568650300000062 ], [ 73.873355100000083, 18.568603 ], [ 73.873325600000044, 18.568540700000028 ], [ 73.873284800000079, 18.568459 ], [ 73.873359700000037, 18.56843960000003 ], [ 73.873450400000081, 18.568424600000068 ], [ 73.873547900000062, 18.568499800000033 ], [ 73.873597800000084, 18.568596600000038 ], [ 73.873627300000066, 18.568684700000066 ], [ 73.873585800000058, 18.568787500000045 ], [ 73.873441300000081, 18.568787900000075 ] ], [ [ 73.873562400000083, 18.57033830000006 ], [ 73.873510300000078, 18.570248 ], [ 73.873489900000038, 18.57017060000004 ], [ 73.873483100000044, 18.570099600000049 ], [ 73.873430900000088, 18.569981400000074 ], [ 73.87339460000004, 18.569869600000061 ], [ 73.873376500000063, 18.569783600000051 ], [ 73.873362900000075, 18.569714800000042 ], [ 73.873365100000058, 18.569613800000067 ], [ 73.873371900000052, 18.569549300000066 ], [ 73.873442200000056, 18.569523500000056 ], [ 73.87345810000005, 18.569605200000066 ], [ 73.873494400000084, 18.569714800000042 ], [ 73.873496700000032, 18.569813700000054 ], [ 73.873526200000072, 18.569934100000069 ], [ 73.873562400000083, 18.570054500000026 ], [ 73.873564700000031, 18.570202800000057 ], [ 73.873580600000082, 18.570299600000055 ], [ 73.873562400000083, 18.57033830000006 ] ], [ [ 73.87381970000007, 18.572280300000038 ], [ 73.87381970000007, 18.572327600000044 ], [ 73.873756200000059, 18.572366300000056 ], [ 73.873715300000072, 18.572443700000068 ], [ 73.873638200000073, 18.572486700000074 ], [ 73.873470400000031, 18.572576900000055 ], [ 73.873429600000065, 18.572684400000071 ], [ 73.873420500000066, 18.572761800000023 ], [ 73.873343400000067, 18.572779 ], [ 73.873148400000048, 18.572826300000028 ], [ 73.87310750000006, 18.572787600000026 ], [ 73.873148400000048, 18.572542500000058 ], [ 73.87324360000008, 18.572482400000073 ], [ 73.87326180000008, 18.572426500000056 ], [ 73.873266300000068, 18.572314700000046 ], [ 73.87318010000007, 18.572344800000046 ], [ 73.873143800000037, 18.572409300000061 ], [ 73.87311660000006, 18.572357700000055 ], [ 73.873130200000048, 18.572284600000046 ], [ 73.873216400000047, 18.57218140000003 ], [ 73.873302600000045, 18.572065300000073 ], [ 73.87326180000008, 18.571953500000063 ], [ 73.873248200000035, 18.571803 ], [ 73.873366100000055, 18.571643900000026 ], [ 73.873533900000041, 18.571549300000065 ], [ 73.873606500000051, 18.571506400000032 ], [ 73.873688100000038, 18.571441900000028 ], [ 73.87380150000007, 18.571454800000026 ], [ 73.87387410000008, 18.571596600000081 ], [ 73.873869600000049, 18.571708400000027 ], [ 73.873928500000034, 18.571785800000047 ], [ 73.873924, 18.571854600000048 ], [ 73.873860500000035, 18.571901900000054 ], [ 73.873778800000082, 18.571936300000058 ], [ 73.873692700000049, 18.571957800000057 ], [ 73.873660900000061, 18.572026600000065 ], [ 73.873633700000084, 18.572177100000033 ], [ 73.873751600000048, 18.57223730000004 ], [ 73.87381970000007, 18.572280300000038 ] ], [ [ 73.873870800000077, 18.572344700000034 ], [ 73.87394450000005, 18.572347800000042 ], [ 73.874015100000065, 18.572363 ], [ 73.874050400000044, 18.572402500000059 ], [ 73.874092100000041, 18.572378200000056 ], [ 73.874120900000037, 18.572347800000049 ], [ 73.874159400000067, 18.572283900000059 ], [ 73.874204300000031, 18.572256500000041 ], [ 73.87423, 18.572305200000073 ], [ 73.874246, 18.572381200000056 ], [ 73.874262100000067, 18.572442 ], [ 73.874313400000062, 18.572463300000038 ], [ 73.874364700000058, 18.57252410000007 ], [ 73.874416, 18.572527100000059 ], [ 73.874515400000064, 18.572478500000045 ], [ 73.874586, 18.572521100000071 ], [ 73.874566700000059, 18.57266390000007 ], [ 73.874544300000082, 18.572779500000021 ], [ 73.874476900000047, 18.572843300000045 ], [ 73.874409600000035, 18.572864600000059 ], [ 73.874393600000076, 18.572837200000038 ], [ 73.874374300000056, 18.572743 ], [ 73.874300500000061, 18.572758200000067 ], [ 73.874278100000083, 18.572825100000049 ], [ 73.874342200000058, 18.572873700000052 ], [ 73.874351900000079, 18.572961900000053 ], [ 73.874316600000043, 18.572964900000045 ], [ 73.874252400000046, 18.57292840000002 ], [ 73.874271700000065, 18.572870700000063 ], [ 73.874207500000068, 18.572879800000067 ], [ 73.874153, 18.572910200000027 ], [ 73.874120900000037, 18.572968 ], [ 73.873992600000065, 18.572971 ], [ 73.873857900000075, 18.572964900000045 ], [ 73.873774600000047, 18.572940600000035 ], [ 73.873704, 18.572858500000056 ], [ 73.873688, 18.572746 ], [ 73.873736100000031, 18.572566700000039 ], [ 73.873813, 18.57243290000002 ], [ 73.873832300000061, 18.572381200000049 ], [ 73.873870800000077, 18.572344700000034 ] ] ] } },
{ "type": "Feature", "properties": { }, "geometry": { "type": "Polygon", "coordinates": [ [ [ 73.843586600000037, 18.572462100000052 ], [ 73.842015100000083, 18.573033600000031 ], [ 73.840283100000093, 18.573818 ], [ 73.83878210000006, 18.574450400000043 ], [ 73.83821770000003, 18.574663200000032 ], [ 73.837550500000077, 18.574803 ], [ 73.836896300000035, 18.574748300000071 ], [ 73.835953300000028, 18.574517300000021 ], [ 73.835145100000034, 18.574280100000063 ], [ 73.834317600000077, 18.573927500000021 ], [ 73.833650500000033, 18.573538300000052 ], [ 73.833369099768817, 18.573970611979064 ], [ 73.83452, 18.57461 ], [ 73.83554, 18.57516 ], [ 73.83641, 18.57537 ], [ 73.83714, 18.57538 ], [ 73.83773, 18.57528 ], [ 73.83849, 18.57501 ], [ 73.84082, 18.57399 ], [ 73.84279, 18.57317 ], [ 73.84413, 18.57273 ], [ 73.844041401279085, 18.572268357564433 ], [ 73.843586600000037, 18.572462100000052 ] ] ] } },
{ "type": "Feature", "properties": { }, "geometry": { "type": "Polygon", "coordinates": [ [ [ 73.871542, 18.57557440000005 ], [ 73.871030700000063, 18.575820700000065 ], [ 73.870695, 18.576310800000041 ], [ 73.870305, 18.57636240000005 ], [ 73.869914900000083, 18.576715 ], [ 73.869808055766555, 18.576752981265965 ], [ 73.868977532801296, 18.577526375880268 ], [ 73.86877190000007, 18.57803060000003 ], [ 73.867928200000051, 18.578744300000039 ], [ 73.866476800000044, 18.58024910000006 ], [ 73.866065422225006, 18.580735331228396 ], [ 73.865515713670916, 18.581575162994152 ], [ 73.86533380000003, 18.581943 ], [ 73.864671500000043, 18.58260510000002 ], [ 73.864246999476933, 18.582795726979022 ], [ 73.86423, 18.58281 ], [ 73.864163893500333, 18.582833046534816 ], [ 73.863809700000047, 18.582992100000066 ], [ 73.863346105056507, 18.58311814748593 ], [ 73.86314, 18.58319 ], [ 73.863073271832846, 18.583192327867856 ], [ 73.862703, 18.583293 ], [ 73.861342300000047, 18.583353200000026 ], [ 73.860941058732308, 18.583309617319234 ], [ 73.860763557581549, 18.584288566612162 ], [ 73.860979400000076, 18.584333400000052 ], [ 73.863084, 18.584453800000063 ], [ 73.864526400000045, 18.584195900000054 ], [ 73.865506100000061, 18.583525200000054 ], [ 73.86628630000007, 18.582785700000041 ], [ 73.866513100000077, 18.582046200000036 ], [ 73.867093600000032, 18.581031600000074 ], [ 73.867692400000081, 18.580326500000066 ], [ 73.868844400000057, 18.579389200000037 ], [ 73.870023700000047, 18.578572300000076 ], [ 73.870549900000071, 18.578219800000056 ], [ 73.870495500000061, 18.577583500000056 ], [ 73.870840200000032, 18.576973 ], [ 73.871520500000031, 18.576422600000054 ], [ 73.871926900000062, 18.576139800000075 ], [ 73.871542, 18.57557440000005 ] ] ] } },
{ "type": "Feature", "properties": { }, "geometry": { "type": "Polygon", "coordinates": [ [ [ 73.866805100000079, 18.586442600000055 ], [ 73.866577100000029, 18.586450200000051 ], [ 73.866542300000049, 18.586363800000072 ], [ 73.866877600000066, 18.586297700000042 ], [ 73.866783700000042, 18.585672300000052 ], [ 73.866668300000072, 18.585377400000034 ], [ 73.866545, 18.585268 ], [ 73.866362600000059, 18.585189200000055 ], [ 73.866032700000062, 18.585296 ], [ 73.86576180000003, 18.585468900000023 ], [ 73.865694700000063, 18.585608700000027 ], [ 73.865702700000043, 18.585715500000049 ], [ 73.865804700000069, 18.585944300000051 ], [ 73.865946800000074, 18.586117200000043 ], [ 73.866199, 18.586307900000065 ], [ 73.866384, 18.586653600000034 ], [ 73.866378700000041, 18.586935800000049 ], [ 73.866585200000031, 18.586991700000056 ], [ 73.866746100000057, 18.586857 ], [ 73.866671, 18.586740100000043 ], [ 73.866805100000079, 18.586442600000055 ] ] ] } },
{ "type": "Feature", "properties": { }, "geometry": { "type": "MultiPolygon", "coordinates": [ [ [ [ 73.832685900000058, 18.572989100000026 ], [ 73.832211200000074, 18.572460100000065 ], [ 73.831742900000052, 18.571633100000049 ], [ 73.831163100000083, 18.570434800000044 ], [ 73.83103090000003, 18.570161600000063 ], [ 73.830383, 18.56928 ], [ 73.829305400000067, 18.568258400000051 ], [ 73.82817, 18.567778 ], [ 73.826684500000056, 18.567977100000061 ], [ 73.82328890000008, 18.568873300000067 ], [ 73.821910100000082, 18.569079700000032 ], [ 73.820449500000052, 18.569045300000028 ], [ 73.819008200000042, 18.568754700000053 ], [ 73.81784250000004, 18.568608500000039 ], [ 73.817017, 18.568513900000024 ], [ 73.816173400000082, 18.56834190000006 ], [ 73.815425, 18.568178500000041 ], [ 73.814944600000047, 18.568082300000075 ], [ 73.814577100000065, 18.568041300000061 ], [ 73.814370600000075, 18.568049200000075 ], [ 73.814161400000046, 18.568064500000045 ], [ 73.814051400000039, 18.568105200000044 ], [ 73.813962900000035, 18.568088600000067 ], [ 73.81384630000008, 18.568109 ], [ 73.813760400000035, 18.568121700000059 ], [ 73.813666300000079, 18.568117100000055 ], [ 73.813626300000067, 18.568102600000032 ], [ 73.813603600000079, 18.56806420000003 ], [ 73.813611600000058, 18.567966600000034 ], [ 73.81357, 18.567899200000053 ], [ 73.813522200000079, 18.567826200000074 ], [ 73.813384900000074, 18.567712300000039 ], [ 73.813217300000076, 18.567685600000065 ], [ 73.81307780000003, 18.567678 ], [ 73.812962500000083, 18.567680600000074 ], [ 73.812836400000037, 18.567689400000067 ], [ 73.812569500000052, 18.567642400000068 ], [ 73.812120700000037, 18.56754380000007 ], [ 73.81192580000004, 18.567530500000032 ], [ 73.811735400000032, 18.567538200000058 ], [ 73.81137190000004, 18.567550900000064 ], [ 73.81038570000004, 18.567602400000055 ], [ 73.810272200000043, 18.567632400000029 ], [ 73.810242, 18.567661600000065 ], [ 73.810209900000075, 18.567722300000074 ], [ 73.810138100000074, 18.567728900000077 ], [ 73.810065800000075, 18.567760500000077 ], [ 73.809938400000078, 18.567688800000038 ], [ 73.809783100000061, 18.567651700000049 ], [ 73.808593200000089, 18.567801300000038 ], [ 73.808487200000059, 18.567825500000026 ], [ 73.808389300000044, 18.567868700000076 ], [ 73.808274, 18.567892900000061 ], [ 73.808244500000058, 18.567932300000052 ], [ 73.808168, 18.56791190000007 ], [ 73.808121100000051, 18.567920800000021 ], [ 73.808078200000068, 18.567941200000064 ], [ 73.808028500000034, 18.567980600000055 ], [ 73.807997700000044, 18.568027600000047 ], [ 73.807408500000079, 18.568168800000024 ], [ 73.807238600000062, 18.568172500000063 ], [ 73.807064300000036, 18.568205600000056 ], [ 73.806911400000047, 18.568289500000049 ], [ 73.806731700000057, 18.568340400000068 ], [ 73.806353500000057, 18.568355600000068 ], [ 73.806007500000078, 18.568434400000058 ], [ 73.805880800000068, 18.568491400000028 ], [ 73.80583850000005, 18.568627700000032 ], [ 73.805685600000061, 18.568714100000019 ], [ 73.805020400000046, 18.568884500000024 ], [ 73.804634400000054, 18.568883700000068 ], [ 73.804513500000041, 18.568920100000074 ], [ 73.80435790000007, 18.569016700000077 ], [ 73.804256, 18.569105700000016 ], [ 73.803792, 18.569184500000063 ], [ 73.803556, 18.569199700000066 ], [ 73.803137600000085, 18.56922760000003 ], [ 73.802590400000042, 18.569291300000028 ], [ 73.80203240000003, 18.56928280000005 ], [ 73.801689100000033, 18.569212500000049 ], [ 73.80142230000007, 18.569227700000056 ], [ 73.801295500000037, 18.569236300000057 ], [ 73.800472100000036, 18.569017 ], [ 73.79960340000008, 18.56876480000005 ], [ 73.798694800000078, 18.568170700000053 ], [ 73.798364500000048, 18.567974200000034 ], [ 73.798078900000064, 18.567817900000016 ], [ 73.797907200000054, 18.567778400000062 ], [ 73.79786770000004, 18.56779310000007 ], [ 73.797877700000072, 18.567822900000067 ], [ 73.797857600000043, 18.567844500000028 ], [ 73.797530400000085, 18.567733900000061 ], [ 73.797373, 18.567603200000061 ], [ 73.79702750000007, 18.567399600000044 ], [ 73.796694900000034, 18.56714450000004 ], [ 73.796513800000071, 18.56707410000007 ], [ 73.796421300000077, 18.567063300000026 ], [ 73.796263, 18.566940700000028 ], [ 73.796203400000081, 18.566884700000053 ], [ 73.79617120000006, 18.566877700000074 ], [ 73.79610880000007, 18.566786800000045 ], [ 73.796080600000039, 18.566781700000035 ], [ 73.796026, 18.566738800000056 ], [ 73.795844600000066, 18.566550400000043 ], [ 73.795800400000076, 18.566569400000049 ], [ 73.795754800000054, 18.566574500000058 ], [ 73.795622, 18.566413100000034 ], [ 73.795620600000063, 18.566367900000046 ], [ 73.795608600000037, 18.56631260000006 ], [ 73.795442300000047, 18.566083800000055 ], [ 73.795403400000055, 18.565935100000036 ], [ 73.795336300000031, 18.56582190000006 ], [ 73.795324300000075, 18.56578880000006 ], [ 73.795314200000064, 18.56577110000006 ], [ 73.795299100000079, 18.565762200000048 ], [ 73.795272, 18.56570750000003 ], [ 73.795267900000056, 18.565657900000073 ], [ 73.795241100000069, 18.565574 ], [ 73.795169400000077, 18.56550030000005 ], [ 73.795173400000067, 18.565453200000039 ], [ 73.795165300000065, 18.565417600000043 ], [ 73.795147200000031, 18.565413800000044 ], [ 73.795131800000036, 18.565422100000028 ], [ 73.795115700000053, 18.565441100000037 ], [ 73.795101, 18.565455800000052 ], [ 73.795080200000029, 18.565446900000033 ], [ 73.794869900000037, 18.565252300000054 ], [ 73.794420400000035, 18.564874800000041 ], [ 73.794293800000048, 18.564779200000032 ], [ 73.794286300000067, 18.564809300000032 ], [ 73.794260800000075, 18.564832200000062 ], [ 73.794238, 18.564841700000049 ], [ 73.794216441412232, 18.564860052850754 ], [ 73.79444, 18.56501 ], [ 73.79502, 18.56574 ], [ 73.79578, 18.56662 ], [ 73.79685, 18.5674 ], [ 73.79816, 18.56826 ], [ 73.79864, 18.56852 ], [ 73.80013, 18.5692 ], [ 73.80136, 18.56944 ], [ 73.8028, 18.56939 ], [ 73.80425, 18.56919 ], [ 73.80579, 18.56878 ], [ 73.80714, 18.56844 ], [ 73.80874, 18.56801 ], [ 73.81013, 18.56786 ], [ 73.81148, 18.56786 ], [ 73.81271, 18.56789 ], [ 73.8133, 18.56805 ], [ 73.81425, 18.56836 ], [ 73.81772, 18.56886 ], [ 73.82112, 18.56932 ], [ 73.82213, 18.56937 ], [ 73.82311, 18.56916 ], [ 73.82505, 18.56862 ], [ 73.82666, 18.56819 ], [ 73.82732, 18.56811 ], [ 73.82798, 18.5681 ], [ 73.82874, 18.56838 ], [ 73.82934, 18.56868 ], [ 73.82999, 18.56936 ], [ 73.83047, 18.57009 ], [ 73.83122, 18.57195 ], [ 73.83188, 18.57299 ], [ 73.83237, 18.57342 ], [ 73.83317, 18.57386 ], [ 73.833369099768817, 18.573970611979064 ], [ 73.833650500000033, 18.573538300000052 ], [ 73.832685900000058, 18.572989100000026 ] ] ], [ [ [ 73.794035500000064, 18.564728600000024 ], [ 73.793883200000039, 18.564576 ], [ 73.793803500000081, 18.564531500000044 ], [ 73.793708200000083, 18.564507400000025 ], [ 73.793296600000076, 18.564117300000081 ], [ 73.793257600000061, 18.564090400000058 ], [ 73.793245600000034, 18.564023 ], [ 73.79321740000006, 18.563969600000057 ], [ 73.793216, 18.563932700000063 ], [ 73.79324820000005, 18.563903500000034 ], [ 73.793265700000063, 18.563870400000042 ], [ 73.793272400000035, 18.563831 ], [ 73.793264700000066, 18.563793200000077 ], [ 73.793241500000079, 18.563764900000024 ], [ 73.793177200000059, 18.56367460000007 ], [ 73.793094500000052, 18.563516100000069 ], [ 73.793100700000082, 18.563448300000061 ], [ 73.793120800000054, 18.56332760000004 ], [ 73.793031, 18.563232200000073 ], [ 73.792765400000064, 18.563166100000043 ], [ 73.792012900000032, 18.563263600000028 ], [ 73.790633100000036, 18.563534800000067 ], [ 73.790389, 18.563613600000046 ], [ 73.78995180000004, 18.563707700000066 ], [ 73.789968500000043, 18.563766700000031 ], [ 73.78993840000004, 18.563806900000031 ], [ 73.789498500000036, 18.563911100000041 ], [ 73.789420700000051, 18.563900900000075 ], [ 73.789377800000068, 18.563878100000068 ], [ 73.789348300000029, 18.563832300000058 ], [ 73.78915040000004, 18.563888200000058 ], [ 73.789193306546096, 18.564005007608632 ], [ 73.79026, 18.56373 ], [ 73.79245, 18.56328 ], [ 73.79281, 18.56336 ], [ 73.79298, 18.56353 ], [ 73.793016169433969, 18.563638508417672 ], [ 73.793039, 18.563674600000066 ], [ 73.793054516265997, 18.563753548893207 ], [ 73.79308, 18.56383 ], [ 73.793052406633379, 18.563973485622803 ], [ 73.793087300000082, 18.564025500000064 ], [ 73.793127822603068, 18.564151346609972 ], [ 73.79362, 18.56446 ], [ 73.794073337746752, 18.56476406885356 ], [ 73.794035500000064, 18.564728600000024 ] ] ] ] } },
{ "type": "Feature", "properties": { }, "geometry": { "type": "MultiPolygon", "coordinates": [ [ [ [ 73.78915040000004, 18.563888200000058 ], [ 73.789080100000035, 18.563837400000068 ], [ 73.78900770000007, 18.563860300000044 ], [ 73.788991600000031, 18.563941600000074 ], [ 73.789069400000074, 18.564025500000067 ], [ 73.789059089682794, 18.564039609984423 ], [ 73.789193306546096, 18.564005007608632 ], [ 73.78915040000004, 18.563888200000058 ] ] ], [ [ [ 73.788911100000078, 18.564086600000053 ], [ 73.788841400000081, 18.564099300000066 ], [ 73.788548400000082, 18.564413 ], [ 73.788469300000031, 18.564473700000061 ], [ 73.788460205392497, 18.564493162681568 ], [ 73.788932940859837, 18.564099216151462 ], [ 73.788911100000078, 18.564086600000053 ] ] ], [ [ [ 73.787991100000056, 18.565263800000029 ], [ 73.787965600000064, 18.565282900000053 ], [ 73.78796430000007, 18.565321 ], [ 73.787973700000066, 18.565342600000061 ], [ 73.787977700000056, 18.565363 ], [ 73.787960300000066, 18.565373100000041 ], [ 73.787936100000081, 18.565379500000063 ], [ 73.787944200000084, 18.565404900000029 ], [ 73.787932100000035, 18.565464700000064 ], [ 73.787949500000082, 18.565511700000052 ], [ 73.787922700000081, 18.565575300000035 ], [ 73.787912, 18.565616 ], [ 73.787891900000048, 18.565628700000051 ], [ 73.787902600000052, 18.565655400000026 ], [ 73.787909300000081, 18.565696 ], [ 73.787878500000033, 18.565759600000035 ], [ 73.787875800000052, 18.565823200000068 ], [ 73.787864800000079, 18.565908200000024 ], [ 73.787897200000032, 18.566064700000027 ], [ 73.787902600000052, 18.566161300000029 ], [ 73.787934800000073, 18.566217300000059 ], [ 73.787902600000052, 18.566242700000029 ], [ 73.78788650000007, 18.566275800000025 ], [ 73.787897200000032, 18.566373700000046 ], [ 73.787926700000071, 18.566430900000054 ], [ 73.787928100000059, 18.566456300000031 ], [ 73.787912, 18.566469 ], [ 73.787996500000077, 18.56662660000006 ], [ 73.787987100000066, 18.566644400000026 ], [ 73.787987100000066, 18.566688900000035 ], [ 73.787991100000056, 18.566785600000056 ], [ 73.788013900000067, 18.566842800000074 ], [ 73.787983100000076, 18.567069100000023 ], [ 73.787985700000036, 18.567208900000026 ], [ 73.788026800000068, 18.567336500000067 ], [ 73.788227600000084, 18.567738500000075 ], [ 73.788337100000035, 18.567831800000018 ], [ 73.788339800000074, 18.567931 ], [ 73.788331700000072, 18.568022500000037 ], [ 73.788441700000078, 18.568152200000043 ], [ 73.788641100000063, 18.568261900000035 ], [ 73.788790400000039, 18.568292 ], [ 73.789005, 18.568360700000028 ], [ 73.789155200000039, 18.568426800000054 ], [ 73.78932, 18.568514800000063 ], [ 73.789447500000051, 18.568668300000073 ], [ 73.789514600000075, 18.568747200000079 ], [ 73.789536302565196, 18.568781903876445 ], [ 73.78942, 18.56847 ], [ 73.78908, 18.56834 ], [ 73.78878, 18.56824 ], [ 73.78857, 18.56804 ], [ 73.78807, 18.56679 ], [ 73.78798, 18.566 ], [ 73.787996969441394, 18.565261830648787 ], [ 73.787991100000056, 18.565263800000029 ] ] ], [ [ [ 73.78956560000006, 18.568940400000031 ], [ 73.789579, 18.569047200000053 ], [ 73.789632600000061, 18.56912090000003 ], [ 73.789665735663959, 18.569129020327498 ], [ 73.789559307093427, 18.5688435980123 ], [ 73.78956560000006, 18.568940400000031 ] ] ], [ [ [ 73.789703, 18.570037900000045 ], [ 73.789484900000062, 18.571205400000057 ], [ 73.788946100000032, 18.571898600000051 ], [ 73.786803600000042, 18.573370100000034 ], [ 73.785597700000039, 18.574087500000079 ], [ 73.784045400000082, 18.575413100000048 ], [ 73.782608500000038, 18.576495400000059 ], [ 73.78109470000004, 18.577711400000048 ], [ 73.78056870000006, 18.578745100000045 ], [ 73.78024030000006, 18.579962500000015 ], [ 73.780337660650318, 18.57999760468147 ], [ 73.78066, 18.57895 ], [ 73.78098, 18.5782 ], [ 73.78121, 18.57788 ], [ 73.78194, 18.57725 ], [ 73.7833, 18.57619 ], [ 73.78665, 18.57356 ], [ 73.78758, 18.57303 ], [ 73.78855, 18.57244 ], [ 73.78928, 18.57199 ], [ 73.7898, 18.57093 ], [ 73.78986, 18.56965 ], [ 73.78973617820894, 18.569317934073521 ], [ 73.789703, 18.570037900000045 ] ] ] ] } },
{ "type": "Feature", "properties": { }, "geometry": { "type": "Polygon", "coordinates": [ [ [ 73.886663, 18.556762400000022 ], [ 73.886627, 18.556725300000039 ], [ 73.886596300000065, 18.556697200000027 ], [ 73.886568800000077, 18.556664100000035 ], [ 73.886550800000066, 18.556631 ], [ 73.886541300000047, 18.55659490000005 ], [ 73.886552900000083, 18.556548700000064 ], [ 73.88656990000004, 18.556510600000021 ], [ 73.886563500000079, 18.556488500000061 ], [ 73.886545500000068, 18.556477400000059 ], [ 73.886511600000063, 18.556476400000061 ], [ 73.886480900000038, 18.556476400000065 ], [ 73.886427, 18.556475400000068 ], [ 73.886385700000062, 18.556475400000068 ], [ 73.886359200000072, 18.556475400000068 ], [ 73.886355, 18.556487500000063 ], [ 73.886348600000076, 18.556506500000065 ], [ 73.886328500000047, 18.556510600000024 ], [ 73.886298900000043, 18.556510600000021 ], [ 73.886271400000055, 18.556511600000022 ], [ 73.886249100000043, 18.556512600000076 ], [ 73.886222700000076, 18.556512600000072 ], [ 73.886202600000047, 18.55651260000008 ], [ 73.88618770000005, 18.556511600000018 ], [ 73.886174, 18.556505500000071 ], [ 73.886156, 18.55649150000005 ], [ 73.886136900000054, 18.556478500000026 ], [ 73.886113700000067, 18.556468400000028 ], [ 73.886099900000033, 18.556473400000069 ], [ 73.886092500000075, 18.556487500000056 ], [ 73.886094600000035, 18.556500500000027 ], [ 73.886105200000031, 18.556518600000057 ], [ 73.886134800000036, 18.556536700000041 ], [ 73.88614860000007, 18.55656880000004 ], [ 73.886153900000068, 18.55658980000004 ], [ 73.886154900000065, 18.556615900000054 ], [ 73.886157100000048, 18.556642 ], [ 73.886156, 18.556667100000023 ], [ 73.886156, 18.556701200000074 ], [ 73.886168700000042, 18.556724300000042 ], [ 73.886177200000077, 18.556755400000039 ], [ 73.886194100000068, 18.556773500000073 ], [ 73.886216300000058, 18.556789500000036 ], [ 73.886240700000045, 18.556795500000078 ], [ 73.886264, 18.556792500000029 ], [ 73.886286200000029, 18.556792500000029 ], [ 73.886310500000036, 18.556791500000031 ], [ 73.886328500000047, 18.556796500000075 ], [ 73.886352900000077, 18.556812600000058 ], [ 73.886371900000029, 18.556829700000037 ], [ 73.886382500000082, 18.556842700000061 ], [ 73.88638780000008, 18.55687880000005 ], [ 73.886398400000076, 18.556909900000054 ], [ 73.88641320000005, 18.556931 ], [ 73.886435400000039, 18.556950100000055 ], [ 73.886458700000048, 18.556970100000054 ], [ 73.886493600000051, 18.556988200000031 ], [ 73.886526500000059, 18.556997200000065 ], [ 73.886548700000048, 18.557001200000055 ], [ 73.886572, 18.557010300000059 ], [ 73.886605800000041, 18.55701530000005 ], [ 73.886633400000051, 18.557016300000043 ], [ 73.886657700000058, 18.557016300000047 ], [ 73.886689500000045, 18.556992200000028 ], [ 73.88671590000007, 18.556953100000047 ], [ 73.886710600000086, 18.556894900000028 ], [ 73.88669260000006, 18.556849700000043 ], [ 73.886677800000029, 18.55680860000006 ], [ 73.886663, 18.556762400000022 ] ] ] } },
{ "type": "Feature", "properties": { }, "geometry": { "type": "Polygon", "coordinates": [ [ [ 73.88857930000006, 18.557981100000067 ], [ 73.888585300000045, 18.557970400000038 ], [ 73.888589300000035, 18.557960400000066 ], [ 73.888590700000066, 18.557947 ], [ 73.888596100000029, 18.557930300000066 ], [ 73.888608100000056, 18.55792990000003 ], [ 73.888617500000066, 18.557939200000074 ], [ 73.888619200000051, 18.557953800000064 ], [ 73.888635700000066, 18.557965700000068 ], [ 73.88864760000007, 18.557974 ], [ 73.888676500000031, 18.557976300000067 ], [ 73.888682700000061, 18.557965100000047 ], [ 73.888679, 18.557948400000043 ], [ 73.888670800000071, 18.557933 ], [ 73.888674, 18.557916300000041 ], [ 73.888685900000041, 18.557916300000041 ], [ 73.888705300000083, 18.557919300000037 ], [ 73.888721, 18.557926400000039 ], [ 73.888738500000045, 18.557930600000077 ], [ 73.888752900000043, 18.557930600000073 ], [ 73.888764800000061, 18.557919900000059 ], [ 73.88877610000003, 18.557905 ], [ 73.888786500000037, 18.557890500000045 ], [ 73.888784800000053, 18.557862900000025 ], [ 73.888784200000032, 18.55785080000004 ], [ 73.888782500000048, 18.557836700000053 ], [ 73.888782900000081, 18.557822800000046 ], [ 73.888783500000045, 18.557798600000069 ], [ 73.888790100000051, 18.557774900000023 ], [ 73.888799100000028, 18.557774600000069 ], [ 73.888800700000047, 18.557765400000051 ], [ 73.888797, 18.557758100000065 ], [ 73.888787500000035, 18.557748300000068 ], [ 73.888777400000038, 18.557743800000022 ], [ 73.888769100000047, 18.557747900000038 ], [ 73.888761200000033, 18.55776 ], [ 73.888743200000079, 18.557773900000029 ], [ 73.888717500000041, 18.557781300000041 ], [ 73.888698200000093, 18.557779100000062 ], [ 73.888679600000046, 18.557773400000034 ], [ 73.88865880000003, 18.557765700000061 ], [ 73.888652400000069, 18.557747600000027 ], [ 73.888664700000049, 18.557727200000045 ], [ 73.888662300000078, 18.557710900000071 ], [ 73.888644, 18.557705800000065 ], [ 73.888611, 18.557706600000078 ], [ 73.888604900000075, 18.557716800000037 ], [ 73.88859750000006, 18.557729300000062 ], [ 73.88858220000003, 18.557747300000074 ], [ 73.888571800000079, 18.557760700000067 ], [ 73.888561400000071, 18.557777 ], [ 73.888553100000081, 18.557796800000059 ], [ 73.888548600000036, 18.557817300000064 ], [ 73.888542600000065, 18.557835700000055 ], [ 73.888538200000085, 18.557856200000057 ], [ 73.888533700000039, 18.557869700000023 ], [ 73.888537400000075, 18.557879600000039 ], [ 73.88854340000006, 18.557890900000071 ], [ 73.888544900000056, 18.55791140000002 ], [ 73.888547100000039, 18.557929800000064 ], [ 73.888531500000056, 18.557944700000068 ], [ 73.888519500000029, 18.557941900000063 ], [ 73.88850380000008, 18.557934800000051 ], [ 73.88849040000008, 18.557937600000052 ], [ 73.888479300000029, 18.557948400000043 ], [ 73.888476900000057, 18.557967500000075 ], [ 73.888484100000085, 18.557978700000035 ], [ 73.888497200000074, 18.557988800000036 ], [ 73.888509400000032, 18.557992700000053 ], [ 73.888532600000076, 18.557991300000026 ], [ 73.888552700000048, 18.557991600000037 ], [ 73.888570800000082, 18.558004300000054 ], [ 73.888580600000068, 18.558001900000022 ], [ 73.888578100000075, 18.557995400000035 ], [ 73.88857930000006, 18.557981100000067 ] ] ] } },
{ "type": "Feature", "properties": { }, "geometry": { "type": "Polygon", "coordinates": [ [ [ 73.898835900000051, 18.558014700000051 ], [ 73.898892300000057, 18.558018200000049 ], [ 73.898957800000062, 18.558022300000058 ], [ 73.898981900000081, 18.557735 ], [ 73.898812900000053, 18.557729900000023 ], [ 73.898794200000054, 18.55813680000006 ], [ 73.898829, 18.558136800000053 ], [ 73.898835900000051, 18.558014700000051 ] ] ] } },
{ "type": "Feature", "properties": { }, "geometry": { "type": "Polygon", "coordinates": [ [ [ 73.88301030000008, 18.579420600000049 ], [ 73.883037400000035, 18.579423 ], [ 73.883058100000085, 18.579440100000056 ], [ 73.883083900000031, 18.579443800000035 ], [ 73.883163800000034, 18.57944260000005 ], [ 73.883265700000038, 18.579463400000062 ], [ 73.883318600000052, 18.579463400000062 ], [ 73.88336890000005, 18.579456 ], [ 73.883392100000037, 18.579468300000027 ], [ 73.88341790000004, 18.579474400000038 ], [ 73.883439800000076, 18.579460900000072 ], [ 73.883522400000061, 18.579462200000023 ], [ 73.883546900000056, 18.57945850000004 ], [ 73.883565, 18.579440100000053 ], [ 73.883577900000034, 18.579418100000055 ], [ 73.883630700000083, 18.579387600000079 ], [ 73.883657800000037, 18.57937540000006 ], [ 73.883733900000038, 18.579361900000034 ], [ 73.883758400000033, 18.579353300000037 ], [ 73.883779100000083, 18.579338700000047 ], [ 73.88381, 18.579299600000066 ], [ 73.883821600000033, 18.57927630000006 ], [ 73.883839700000067, 18.579226200000047 ], [ 73.88385, 18.579177300000026 ], [ 73.883852600000083, 18.579101500000032 ], [ 73.883846100000085, 18.579052600000072 ], [ 73.883842300000083, 18.579023200000051 ], [ 73.883821600000033, 18.578975600000035 ], [ 73.883837100000051, 18.578956 ], [ 73.883884800000033, 18.578931600000036 ], [ 73.883887400000049, 18.578907100000038 ], [ 73.883861600000046, 18.578859400000052 ], [ 73.883855200000085, 18.578833700000075 ], [ 73.88386550000007, 18.578783600000065 ], [ 73.883875800000055, 18.578760400000018 ], [ 73.883882200000073, 18.578709 ], [ 73.88394420000003, 18.578594100000032 ], [ 73.883948, 18.578569700000063 ], [ 73.883942900000079, 18.578467 ], [ 73.883902900000066, 18.578386300000034 ], [ 73.883859, 18.57835690000007 ], [ 73.88380740000008, 18.578298200000063 ], [ 73.883799700000054, 18.578272600000044 ], [ 73.883799700000054, 18.578245700000021 ], [ 73.88381650000008, 18.57822730000003 ], [ 73.883868100000029, 18.578250600000043 ], [ 73.88389, 18.57823830000007 ], [ 73.883878400000071, 18.578215100000023 ], [ 73.883866800000078, 18.578165 ], [ 73.883838400000059, 18.578090400000068 ], [ 73.883779100000083, 18.57804150000004 ], [ 73.883724900000061, 18.57802810000004 ], [ 73.883646200000044, 18.578021900000063 ], [ 73.883563700000082, 18.577996300000052 ], [ 73.883512100000075, 18.577996300000049 ], [ 73.883488900000032, 18.578012200000042 ], [ 73.883463100000029, 18.578020700000025 ], [ 73.883433400000058, 18.578021900000063 ], [ 73.883408900000063, 18.578012200000046 ], [ 73.883353400000033, 18.578007300000021 ], [ 73.883299300000033, 18.578023200000075 ], [ 73.883227, 18.578059800000059 ], [ 73.883172900000034, 18.578072100000043 ], [ 73.883116100000052, 18.578075700000049 ], [ 73.883056800000077, 18.578069600000049 ], [ 73.882947100000081, 18.578042700000022 ], [ 73.882840100000067, 18.578046400000066 ], [ 73.882813, 18.578040300000051 ], [ 73.882743300000072, 18.578002400000056 ], [ 73.882717600000035, 18.577993800000055 ], [ 73.882602800000029, 18.57799140000003 ], [ 73.882577, 18.577999900000062 ], [ 73.882558900000049, 18.578020700000021 ], [ 73.882537, 18.578035400000033 ], [ 73.882508600000051, 18.578037800000068 ], [ 73.882489300000032, 18.578055 ], [ 73.882462200000077, 18.578062300000056 ], [ 73.882445400000051, 18.578042700000029 ], [ 73.882436400000074, 18.577992600000069 ], [ 73.882444100000043, 18.57791920000005 ], [ 73.882423500000073, 18.577899700000049 ], [ 73.882396400000061, 18.577893600000039 ], [ 73.88238350000006, 18.577872800000026 ], [ 73.882375800000034, 18.577847100000039 ], [ 73.882374500000083, 18.577797 ], [ 73.882379600000036, 18.577746900000022 ], [ 73.882359, 18.577731 ], [ 73.882303500000035, 18.577712600000041 ], [ 73.882255800000053, 18.577688200000068 ], [ 73.882214500000032, 18.577652700000048 ], [ 73.88216680000005, 18.577627 ], [ 73.882135800000071, 18.577586700000037 ], [ 73.882086800000081, 18.577554900000049 ], [ 73.882075200000031, 18.577532900000051 ], [ 73.882075200000031, 18.577506 ], [ 73.88205460000006, 18.57746080000004 ], [ 73.882043, 18.577413100000058 ], [ 73.881987500000037, 18.577323800000045 ], [ 73.881981100000075, 18.57729820000003 ], [ 73.881982400000084, 18.577273700000035 ], [ 73.882003, 18.577227300000061 ], [ 73.882003, 18.577122100000054 ], [ 73.881987500000037, 18.577073200000033 ], [ 73.881973300000084, 18.576998600000017 ], [ 73.881961700000033, 18.576897200000076 ], [ 73.881966900000066, 18.576872700000024 ], [ 73.882032700000082, 18.576789600000037 ], [ 73.882043, 18.576766300000031 ], [ 73.882035200000075, 18.576741900000059 ], [ 73.882036500000083, 18.576717400000064 ], [ 73.882053300000052, 18.576697900000056 ], [ 73.882064900000046, 18.576673400000058 ], [ 73.882064900000046, 18.576625700000026 ], [ 73.882045600000083, 18.576446 ], [ 73.882045600000083, 18.576397100000065 ], [ 73.881996500000071, 18.57624670000007 ], [ 73.881956500000058, 18.576145 ], [ 73.88192040000007, 18.576072900000039 ], [ 73.881904900000052, 18.57601910000005 ], [ 73.881934500000071, 18.57591890000003 ], [ 73.881913900000029, 18.575872400000037 ], [ 73.881893300000058, 18.57585650000004 ], [ 73.881881700000065, 18.575833300000053 ], [ 73.881886800000075, 18.575808800000061 ], [ 73.88190620000006, 18.575761100000019 ], [ 73.881965500000035, 18.575695100000075 ], [ 73.882014500000082, 18.575667 ], [ 73.882028700000035, 18.575645 ], [ 73.882055800000046, 18.575571600000046 ], [ 73.882095800000059, 18.575528800000033 ], [ 73.88212290000007, 18.575475 ], [ 73.882205400000032, 18.575341800000047 ], [ 73.882215700000074, 18.575289200000039 ], [ 73.882227300000068, 18.575165700000067 ], [ 73.882200200000057, 18.57503 ], [ 73.882189900000071, 18.574926100000024 ], [ 73.882161500000052, 18.574795300000066 ], [ 73.882144800000049, 18.574746400000034 ], [ 73.882120300000054, 18.574697500000074 ], [ 73.882048, 18.574668100000057 ], [ 73.881941, 18.574666900000064 ], [ 73.881790100000046, 18.574629 ], [ 73.881708800000069, 18.574636300000066 ], [ 73.881603100000063, 18.574636300000062 ], [ 73.881551500000057, 18.574641200000034 ], [ 73.881462500000055, 18.574659600000075 ], [ 73.881272900000056, 18.574665700000025 ], [ 73.881195500000047, 18.574688900000062 ], [ 73.881124500000055, 18.574720700000057 ], [ 73.881017500000041, 18.574798900000083 ], [ 73.880976200000077, 18.574858800000072 ], [ 73.880954300000042, 18.574872300000038 ], [ 73.880940100000032, 18.574894300000039 ], [ 73.880964600000084, 18.57499330000007 ], [ 73.88094140000004, 18.575038600000028 ], [ 73.880919500000061, 18.575186500000033 ], [ 73.880896200000052, 18.575230500000028 ], [ 73.880830500000059, 18.575316100000062 ], [ 73.880811100000074, 18.575352800000076 ], [ 73.880798200000072, 18.575402900000025 ], [ 73.880784, 18.575479900000065 ], [ 73.880781500000069, 18.575580200000051 ], [ 73.880798200000072, 18.575753800000022 ], [ 73.880781500000069, 18.575824700000055 ], [ 73.880749200000082, 18.575899300000057 ], [ 73.880744, 18.575953100000046 ], [ 73.880746700000032, 18.576005900000037 ], [ 73.880781600000034, 18.57604740000005 ], [ 73.880802200000062, 18.576095100000035 ], [ 73.880830600000081, 18.576247900000055 ], [ 73.880873100000031, 18.576312700000074 ], [ 73.880896300000074, 18.576360400000056 ], [ 73.88094540000003, 18.57642160000006 ], [ 73.880958300000032, 18.576444800000047 ], [ 73.880982800000083, 18.576519400000048 ], [ 73.881000800000038, 18.576699100000042 ], [ 73.881058900000085, 18.576843400000033 ], [ 73.88106010000007, 18.576867800000056 ], [ 73.881040800000051, 18.576960700000029 ], [ 73.881038200000035, 18.577090300000062 ], [ 73.881044700000075, 18.577114800000064 ], [ 73.881079500000055, 18.57715150000007 ], [ 73.881105300000058, 18.577197900000044 ], [ 73.881114300000036, 18.577248 ], [ 73.881116900000052, 18.577301800000047 ], [ 73.881113, 18.577353200000061 ], [ 73.881144, 18.577436300000045 ], [ 73.881144, 18.577487700000063 ], [ 73.881131100000061, 18.577539 ], [ 73.881128500000045, 18.577589100000061 ], [ 73.881142700000055, 18.577611200000039 ], [ 73.881165900000042, 18.57762340000005 ], [ 73.881171100000074, 18.57767350000006 ], [ 73.881185300000084, 18.577722400000027 ], [ 73.881231700000058, 18.577786 ], [ 73.881245900000067, 18.577886200000027 ], [ 73.881254900000044, 18.577909500000032 ], [ 73.881284600000072, 18.577953500000035 ], [ 73.881300100000033, 18.578002400000063 ], [ 73.881318100000044, 18.578020700000025 ], [ 73.881354200000033, 18.57809160000005 ], [ 73.881360700000073, 18.578117300000027 ], [ 73.881365800000083, 18.578217600000077 ], [ 73.88138, 18.578271400000062 ], [ 73.881392900000037, 18.578353300000057 ], [ 73.881400700000029, 18.578429100000051 ], [ 73.881400700000029, 18.578531800000064 ], [ 73.881456100000037, 18.578590400000053 ], [ 73.88148840000008, 18.578661400000044 ], [ 73.881497400000057, 18.57871270000004 ], [ 73.881503800000075, 18.578813 ], [ 73.881520600000044, 18.578833700000075 ], [ 73.881583800000044, 18.578883900000044 ], [ 73.881604400000072, 18.578930300000021 ], [ 73.881617300000073, 18.579004900000029 ], [ 73.881629, 18.579026900000027 ], [ 73.881647, 18.579045300000075 ], [ 73.881668900000079, 18.579057500000037 ], [ 73.881748900000048, 18.57906110000005 ], [ 73.881849500000044, 18.579091700000053 ], [ 73.88195660000008, 18.579113700000047 ], [ 73.88200820000003, 18.579134500000063 ], [ 73.88205460000006, 18.579163800000057 ], [ 73.882072600000072, 18.579185900000024 ], [ 73.88212290000007, 18.579277500000039 ], [ 73.882130700000062, 18.579300800000059 ], [ 73.882148700000073, 18.579320300000063 ], [ 73.882174500000076, 18.57933010000005 ], [ 73.88227390000003, 18.579349700000023 ], [ 73.882298400000082, 18.579361900000034 ], [ 73.882359, 18.579409600000069 ], [ 73.882406700000047, 18.579436500000035 ], [ 73.882499600000074, 18.579487800000038 ], [ 73.88255120000008, 18.579506200000022 ], [ 73.882596300000046, 18.579534300000034 ], [ 73.882622100000049, 18.579544100000078 ], [ 73.88264920000006, 18.579549 ], [ 73.882675, 18.579547700000031 ], [ 73.882749800000056, 18.579527 ], [ 73.882771700000035, 18.579515900000047 ], [ 73.882806500000072, 18.579479300000056 ], [ 73.882856900000036, 18.579448700000057 ], [ 73.882882600000073, 18.579440100000056 ], [ 73.882957500000032, 18.57943280000006 ], [ 73.88301030000008, 18.579420600000049 ] ] ] } },
{ "type": "Feature", "properties": { }, "geometry": { "type": "Polygon", "coordinates": [ [ [ 73.901438100000064, 18.585371500000058 ], [ 73.901634300000069, 18.585412800000029 ], [ 73.902149300000076, 18.585315200000021 ], [ 73.902242800000067, 18.585249500000035 ], [ 73.902264200000047, 18.585158 ], [ 73.902275, 18.585066500000039 ], [ 73.902232100000049, 18.584812200000044 ], [ 73.902135500000043, 18.584619 ], [ 73.902081900000042, 18.584456300000056 ], [ 73.901985300000035, 18.584395300000043 ], [ 73.901910200000032, 18.584425800000073 ], [ 73.901684900000078, 18.58439530000004 ], [ 73.90172780000006, 18.58426310000004 ], [ 73.901609800000088, 18.584232600000067 ], [ 73.901427400000046, 18.584141 ], [ 73.901180600000032, 18.584151200000061 ], [ 73.900966100000062, 18.58426310000004 ], [ 73.900815900000055, 18.584354600000044 ], [ 73.900733100000082, 18.584501600000067 ], [ 73.900547600000039, 18.584964800000023 ], [ 73.900561400000072, 18.585136200000019 ], [ 73.900751500000069, 18.585412200000068 ], [ 73.900947700000074, 18.585477900000054 ], [ 73.901438100000064, 18.585371500000058 ] ] ] } },
{ "type": "Feature", "properties": { }, "geometry": { "type": "Polygon", "coordinates": [ [ [ 73.902109200000041, 18.586184800000062 ], [ 73.902123, 18.586123500000035 ], [ 73.902103700000055, 18.586051600000072 ], [ 73.902102300000081, 18.585982400000031 ], [ 73.902107900000033, 18.585926300000036 ], [ 73.902078900000049, 18.585883200000069 ], [ 73.902019700000039, 18.585876600000063 ], [ 73.901948, 18.585847900000029 ], [ 73.901881900000035, 18.585795700000059 ], [ 73.90183920000004, 18.585729100000041 ], [ 73.901819900000078, 18.585642900000035 ], [ 73.901773100000071, 18.585710800000072 ], [ 73.90172350000006, 18.585759100000072 ], [ 73.901653200000055, 18.585798300000018 ], [ 73.901618700000029, 18.585833500000032 ], [ 73.901582900000051, 18.585887100000033 ], [ 73.90154160000003, 18.585938 ], [ 73.901536100000044, 18.585991600000053 ], [ 73.901537500000074, 18.586063400000054 ], [ 73.901559500000076, 18.58613 ], [ 73.901616, 18.586203100000031 ], [ 73.901719300000082, 18.586241 ], [ 73.901858500000074, 18.586271 ], [ 73.901913600000057, 18.58626710000004 ], [ 73.901946700000053, 18.586379400000052 ], [ 73.901981100000057, 18.586406800000077 ], [ 73.902026600000056, 18.586402900000053 ], [ 73.902055500000074, 18.586378100000044 ], [ 73.902083100000084, 18.586268400000055 ], [ 73.902109200000041, 18.586184800000062 ] ] ] } },
{ "type": "Feature", "properties": { }, "geometry": { "type": "Polygon", "coordinates": [ [ [ 73.881343, 18.598619900000077 ], [ 73.881514300000049, 18.599330500000061 ], [ 73.881899900000064, 18.59925950000007 ], [ 73.881974900000046, 18.598670700000071 ], [ 73.881343, 18.598619900000077 ] ] ] } },
{ "type": "Feature", "properties": { }, "geometry": { "type": "Polygon", "coordinates": [ [ [ 73.907179300000053, 18.60838840000002 ], [ 73.907126300000073, 18.60852240000003 ], [ 73.907112600000062, 18.608673100000033 ], [ 73.907407, 18.608728900000074 ], [ 73.907440400000041, 18.608434900000077 ], [ 73.907415600000036, 18.608430500000054 ], [ 73.907179300000053, 18.60838840000002 ] ] ] } },
{ "type": "Feature", "properties": { }, "geometry": { "type": "Polygon", "coordinates": [ [ [ 73.751939500000049, 18.551098100000047 ], [ 73.751918100000069, 18.550955700000031 ], [ 73.751961, 18.550833600000033 ], [ 73.752057600000057, 18.550782800000029 ], [ 73.752175600000044, 18.550731900000073 ], [ 73.752197, 18.550599700000078 ], [ 73.752111200000073, 18.550518300000022 ], [ 73.75197170000007, 18.550599700000074 ], [ 73.751982500000054, 18.550691200000074 ], [ 73.751864400000045, 18.55072170000005 ], [ 73.751714200000038, 18.550640400000077 ], [ 73.751692800000058, 18.550447100000042 ], [ 73.751451400000064, 18.55039320000003 ], [ 73.751306500000055, 18.550375900000066 ], [ 73.751049, 18.550426800000025 ], [ 73.751049, 18.550498 ], [ 73.750909600000057, 18.550559 ], [ 73.750845200000072, 18.550681100000073 ], [ 73.750845200000072, 18.550792900000033 ], [ 73.750834500000067, 18.550894700000072 ], [ 73.750941800000078, 18.550996400000027 ], [ 73.750898800000073, 18.551118400000064 ], [ 73.751070500000083, 18.551148900000044 ], [ 73.751199300000053, 18.551148900000044 ], [ 73.75137090000004, 18.551199800000063 ], [ 73.751574800000071, 18.551148900000044 ], [ 73.751660600000037, 18.551271 ], [ 73.751810800000044, 18.551220100000027 ], [ 73.751939500000049, 18.551098100000047 ] ] ] } },
{ "type": "Feature", "properties": { }, "geometry": { "type": "Polygon", "coordinates": [ [ [ 73.746978800000079, 18.563759800000071 ], [ 73.746959200000049, 18.563845 ], [ 73.747068600000034, 18.564002300000027 ], [ 73.747177900000054, 18.564111500000024 ], [ 73.747201400000051, 18.564231800000069 ], [ 73.747152500000084, 18.564291100000045 ], [ 73.747109600000044, 18.56448360000007 ], [ 73.747111500000074, 18.564750200000052 ], [ 73.747304900000074, 18.564750200000049 ], [ 73.747500100000082, 18.564583600000049 ], [ 73.747560700000065, 18.564283700000033 ], [ 73.747504, 18.564046700000063 ], [ 73.747242400000061, 18.563856100000063 ], [ 73.746978800000079, 18.563759800000071 ] ] ] } },
{ "type": "Feature", "properties": { }, "geometry": { "type": "Polygon", "coordinates": [ [ [ 73.758996100000047, 18.573802200000038 ], [ 73.758942700000034, 18.573814700000074 ], [ 73.758926900000063, 18.573829600000067 ], [ 73.758921600000065, 18.573848700000045 ], [ 73.758912, 18.573867 ], [ 73.758898, 18.573880300000038 ], [ 73.758890100000031, 18.573896900000022 ], [ 73.758883100000048, 18.573961600000072 ], [ 73.758884900000055, 18.573977400000047 ], [ 73.758917300000064, 18.574032200000033 ], [ 73.758926900000063, 18.57404710000003 ], [ 73.758997, 18.574086100000045 ], [ 73.759018900000058, 18.574089500000071 ], [ 73.759102, 18.574067 ], [ 73.759119600000076, 18.574049600000023 ], [ 73.759167700000049, 18.573981500000059 ], [ 73.759176500000081, 18.573957500000063 ], [ 73.759174700000074, 18.573935 ], [ 73.759142300000065, 18.573867800000073 ], [ 73.759129200000075, 18.573847900000032 ], [ 73.759045100000037, 18.573806400000016 ], [ 73.758996100000047, 18.573802200000038 ] ] ] } },
{ "type": "Feature", "properties": { }, "geometry": { "type": "MultiPolygon", "coordinates": [ [ [ [ 73.75316994297674, 18.578280899203261 ], [ 73.75322, 18.5784 ], [ 73.75346, 18.57903 ], [ 73.753509089770219, 18.579122288983768 ], [ 73.753714800000068, 18.579036400000064 ], [ 73.75316994297674, 18.578280899203261 ] ] ], [ [ [ 73.751182400000062, 18.575071200000025 ], [ 73.751008893395465, 18.574884713133624 ], [ 73.7511, 18.57513 ], [ 73.75138, 18.57548 ], [ 73.751487776868956, 18.575551851483397 ], [ 73.751182400000062, 18.575071200000025 ] ] ], [ [ [ 73.750503400000071, 18.574341400000037 ], [ 73.748906900000065, 18.573679300000038 ], [ 73.747283, 18.573180500000035 ], [ 73.745768100000078, 18.572965500000066 ], [ 73.744398300000057, 18.573292300000052 ], [ 73.743656800000053, 18.573659800000026 ], [ 73.7436, 18.573687900000039 ], [ 73.742711, 18.573756700000047 ], [ 73.741568, 18.573533100000077 ], [ 73.739608500000031, 18.573051500000073 ], [ 73.738420200000064, 18.572372200000078 ], [ 73.737704861871975, 18.571829724232927 ], [ 73.73788, 18.57218 ], [ 73.7384, 18.57257 ], [ 73.73933, 18.5731 ], [ 73.7397, 18.57342 ], [ 73.739799039007551, 18.573657693621296 ], [ 73.739811362824952, 18.573663408857723 ], [ 73.7401, 18.57375 ], [ 73.74037, 18.57386 ], [ 73.74069, 18.57393 ], [ 73.7409, 18.57398 ], [ 73.740999202071279, 18.574040383930235 ], [ 73.741573276666017, 18.574179103563608 ], [ 73.74158, 18.57418 ], [ 73.741582818451192, 18.574181409228274 ], [ 73.741604300000063, 18.574186600000072 ], [ 73.74366, 18.574439400000077 ], [ 73.743772400000069, 18.574453200000054 ], [ 73.744337300000041, 18.574366100000077 ], [ 73.744706700000052, 18.574255400000027 ], [ 73.745421104832772, 18.574175969152314 ], [ 73.74561, 18.57412 ], [ 73.74603, 18.57406 ], [ 73.74661, 18.57395 ], [ 73.74701, 18.57396 ], [ 73.74731, 18.57396 ], [ 73.74751, 18.57404 ], [ 73.747554046348867, 18.574077569031537 ], [ 73.747818300000063, 18.574074800000066 ], [ 73.748852400000033, 18.574307 ], [ 73.748890230159148, 18.574323221995641 ], [ 73.74942, 18.5744 ], [ 73.7499, 18.57452 ], [ 73.75052, 18.57476 ], [ 73.750908944310623, 18.574777286476881 ], [ 73.750503400000071, 18.574341400000037 ] ], [ [ 73.744961400000079, 18.573432200000074 ], [ 73.745474500000057, 18.573310600000067 ], [ 73.746141600000058, 18.573310600000067 ], [ 73.746789500000034, 18.573371400000042 ], [ 73.746930600000042, 18.573414 ], [ 73.746789500000034, 18.573523400000056 ], [ 73.746263500000055, 18.573724100000049 ], [ 73.745756800000038, 18.573839600000039 ], [ 73.745115300000066, 18.573839600000039 ], [ 73.744615, 18.573784900000078 ], [ 73.744961400000079, 18.573432200000074 ] ] ] ] } },
{ "type": "Feature", "properties": { }, "geometry": { "type": "Polygon", "coordinates": [ [ [ 73.758759600000076, 18.577361200000045 ], [ 73.758752100000038, 18.577347100000054 ], [ 73.75873050000007, 18.577319600000067 ], [ 73.758723700000075, 18.577296100000073 ], [ 73.758719900000074, 18.577233900000067 ], [ 73.758719900000074, 18.577211 ], [ 73.758724900000061, 18.577193900000047 ], [ 73.75876020000004, 18.57712 ], [ 73.758773200000064, 18.577103 ], [ 73.758855600000061, 18.577044300000068 ], [ 73.758867900000041, 18.577026600000071 ], [ 73.758872300000064, 18.577013100000048 ], [ 73.758866700000056, 18.57698380000005 ], [ 73.758863, 18.576962100000056 ], [ 73.758864800000083, 18.576931 ], [ 73.758867300000077, 18.576900400000056 ], [ 73.75886550000007, 18.576886900000034 ], [ 73.758858600000053, 18.576871100000059 ], [ 73.758793600000047, 18.576805900000064 ], [ 73.758772, 18.576794200000055 ], [ 73.758749, 18.57679360000003 ], [ 73.758729800000083, 18.576797700000043 ], [ 73.75868150000008, 18.576816500000056 ], [ 73.758663, 18.57682 ], [ 73.758648100000073, 18.576817100000028 ], [ 73.758628900000076, 18.576810600000041 ], [ 73.758545300000037, 18.576761300000044 ], [ 73.758489600000075, 18.576754900000029 ], [ 73.758438200000057, 18.576756600000056 ], [ 73.758387400000061, 18.576767800000027 ], [ 73.758347800000081, 18.576786 ], [ 73.758324200000061, 18.57680240000008 ], [ 73.758300100000042, 18.576827100000056 ], [ 73.758287100000075, 18.57685 ], [ 73.758280900000045, 18.576874600000057 ], [ 73.758280300000081, 18.576912800000059 ], [ 73.758287100000075, 18.57695150000006 ], [ 73.758293900000069, 18.57697440000004 ], [ 73.758337200000028, 18.57702660000006 ], [ 73.758354600000075, 18.57704660000007 ], [ 73.758365100000049, 18.577061300000025 ], [ 73.758376200000043, 18.577144600000057 ], [ 73.758371900000043, 18.577171 ], [ 73.75835520000004, 18.577218 ], [ 73.758299500000078, 18.577313700000044 ], [ 73.758404700000028, 18.577388200000023 ], [ 73.758414600000037, 18.57739 ], [ 73.758429500000034, 18.577380600000023 ], [ 73.758445, 18.577371800000037 ], [ 73.758475300000043, 18.577364200000034 ], [ 73.758499500000084, 18.577364200000027 ], [ 73.758524300000033, 18.577373 ], [ 73.758543400000065, 18.577386500000042 ], [ 73.758571300000028, 18.577387100000067 ], [ 73.758599200000049, 18.577391200000022 ], [ 73.758617100000038, 18.577398200000061 ], [ 73.758626400000082, 18.577405800000061 ], [ 73.758640700000058, 18.57740820000004 ], [ 73.758655500000032, 18.577413500000031 ], [ 73.758665400000055, 18.577432300000055 ], [ 73.758676, 18.577441100000041 ], [ 73.758689600000082, 18.577440500000023 ], [ 73.758707600000037, 18.577428100000077 ], [ 73.758741600000064, 18.57740410000002 ], [ 73.758751500000088, 18.577392300000039 ], [ 73.758752100000038, 18.57737590000005 ], [ 73.758759600000076, 18.577361200000045 ] ], [ [ 73.758533400000033, 18.577084900000049 ], [ 73.758553300000074, 18.577087200000047 ], [ 73.75857620000005, 18.577096600000061 ], [ 73.758589800000038, 18.577112500000059 ], [ 73.758589200000074, 18.577135400000031 ], [ 73.758578600000078, 18.577174100000033 ], [ 73.758565600000054, 18.577185900000078 ], [ 73.758545200000071, 18.577176500000061 ], [ 73.758523500000081, 18.577170600000045 ], [ 73.758500600000048, 18.577154800000077 ], [ 73.758492600000068, 18.577136600000074 ], [ 73.75849130000006, 18.577116 ], [ 73.758498100000054, 18.577094900000077 ], [ 73.758533400000033, 18.577084900000049 ] ] ] } },
{ "type": "Feature", "properties": { }, "geometry": { "type": "MultiPolygon", "coordinates": [ [ [ [ 73.78024030000006, 18.579962500000015 ], [ 73.779842600000052, 18.58114810000006 ], [ 73.779528300000038, 18.582345900000053 ], [ 73.778739300000041, 18.584224700000053 ], [ 73.777963100000079, 18.585623100000078 ], [ 73.777770700000076, 18.586170300000045 ], [ 73.777411500000085, 18.586790400000041 ], [ 73.776680200000044, 18.587398400000037 ], [ 73.775390900000048, 18.587872700000041 ], [ 73.774249100000077, 18.58784230000003 ], [ 73.772921300000064, 18.587471400000027 ], [ 73.771267900000055, 18.587161500000033 ], [ 73.769670100000042, 18.586818300000061 ], [ 73.767667800000083, 18.586875600000042 ], [ 73.76647470000006, 18.587191700000059 ], [ 73.765069900000071, 18.587653800000052 ], [ 73.76371, 18.587860500000033 ], [ 73.762760600000036, 18.587951700000076 ], [ 73.761618800000065, 18.587805800000073 ], [ 73.760098600000049, 18.58721 ], [ 73.758899100000065, 18.586340500000066 ], [ 73.757853500000067, 18.585404200000021 ], [ 73.756961900000078, 18.584413200000029 ], [ 73.75644230000006, 18.583416 ], [ 73.756359388568725, 18.583302704378703 ], [ 73.75641, 18.58341 ], [ 73.75665, 18.5841 ], [ 73.75685, 18.58434 ], [ 73.75711, 18.58461 ], [ 73.75733, 18.58492 ], [ 73.75763, 18.58539 ], [ 73.75798, 18.58586 ], [ 73.7583, 18.58627 ], [ 73.76097, 18.58814 ], [ 73.762, 18.58852 ], [ 73.76313, 18.58852 ], [ 73.76417, 18.58837 ], [ 73.76541, 18.5881 ], [ 73.76612, 18.58793 ], [ 73.76721, 18.58756 ], [ 73.76799, 18.58735 ], [ 73.76868, 18.58726 ], [ 73.76956, 18.58721 ], [ 73.77032, 18.58729 ], [ 73.77117, 18.58745 ], [ 73.77207, 18.58772 ], [ 73.77289, 18.58798 ], [ 73.77374, 18.58826 ], [ 73.77435, 18.5884 ], [ 73.77505, 18.5884 ], [ 73.77577, 18.58831 ], [ 73.77635, 18.58798 ], [ 73.77725, 18.58724 ], [ 73.77799, 18.58646 ], [ 73.77844, 18.58565 ], [ 73.77899, 18.58432 ], [ 73.77943, 18.58297 ], [ 73.77984, 18.58154 ], [ 73.78026, 18.58025 ], [ 73.780337660650318, 18.57999760468147 ], [ 73.78024030000006, 18.579962500000015 ] ] ], [ [ [ 73.755249200000037, 18.581494700000064 ], [ 73.755205600000068, 18.581117700000043 ], [ 73.754423, 18.579986800000025 ], [ 73.753714800000068, 18.579036400000064 ], [ 73.753509089770219, 18.579122288983768 ], [ 73.75371, 18.5795 ], [ 73.75402, 18.57962 ], [ 73.75444, 18.5803 ], [ 73.75488, 18.58114 ], [ 73.75525, 18.58164 ], [ 73.755404756847199, 18.581771998678587 ], [ 73.755249200000037, 18.581494700000064 ] ] ] ] } }
]
}
