{"type": "FeatureCollection", "features": [{"type": "Feature", "geometry": {"type": "Point", "coordinates": [73.93658, 18.424735]}, "properties": {"depth": 12.86}}, {"type": "Feature", "geometry": {"type": "Point", "coordinates": [73.841533, 18.439818]}, "properties": {"depth": 9.12}}, {"type": "Feature", "geometry": {"type": "Point", "coordinates": [73.841267, 18.439859]}, "properties": {"depth": 7.21}}, {"type": "Feature", "geometry": {"type": "Point", "coordinates": [73.841044, 18.441135]}, "properties": {"depth": 0.8}}, {"type": "Feature", "geometry": {"type": "Point", "coordinates": [73.844317, 18.440122]}, "properties": {"depth": 5.36}}, {"type": "Feature", "geometry": {"type": "Point", "coordinates": [73.843588, 18.440141]}, "properties": {"depth": 13.92}}, {"type": "Feature", "geometry": {"type": "Point", "coordinates": [73.843903, 18.440151]}, "properties": {"depth": 11.72}}, {"type": "Feature", "geometry": {"type": "Point", "coordinates": [73.84478, 18.440114]}, "properties": {"depth": 2.49}}, {"type": "Feature", "geometry": {"type": "Point", "coordinates": [73.846353, 18.440316]}, "properties": {"depth": 0.82}}, {"type": "Feature", "geometry": {"type": "Point", "coordinates": [73.84617, 18.440373]}, "properties": {"depth": 1.7}}, {"type": "Feature", "geometry": {"type": "Point", "coordinates": [73.84607, 18.440386]}, "properties": {"depth": 1.7}}, {"type": "Feature", "geometry": {"type": "Point", "coordinates": [73.846534, 18.440425]}, "properties": {"depth": 0.68}}, {"type": "Feature", "geometry": {"type": "Point", "coordinates": [73.846195, 18.440438]}, "properties": {"depth": 3.35}}, {"type": "Feature", "geometry": {"type": "Point", "coordinates": [73.846386, 18.440462]}, "properties": {"depth": 1.31}}, {"type": "Feature", "geometry": {"type": "Point", "coordinates": [73.846073, 18.440482]}, "properties": {"depth": 3.35}}, {"type": "Feature", "geometry": {"type": "Point", "coordinates": [73.84625, 18.440556]}, "properties": {"depth": 3.35}}, {"type": "Feature", "geometry": {"type": "Point", "coordinates": [73.844686, 18.440121]}, "properties": {"depth": 2.49}}, {"type": "Feature", "geometry": {"type": "Point", "coordinates": [73.844607, 18.440138]}, "properties": {"depth": 2.49}}, {"type": "Feature", "geometry": {"type": "Point", "coordinates": [73.844477, 18.440154]}, "properties": {"depth": 5.4}}, {"type": "Feature", "geometry": {"type": "Point", "coordinates": [73.844572, 18.441477]}, "properties": {"depth": 12.7}}, {"type": "Feature", "geometry": {"type": "Point", "coordinates": [73.844217, 18.440212]}, "properties": {"depth": 7.18}}, {"type": "Feature", "geometry": {"type": "Point", "coordinates": [73.844334, 18.440273]}, "properties": {"depth": 5.4}}, {"type": "Feature", "geometry": {"type": "Point", "coordinates": [73.844089, 18.440325]}, "properties": {"depth": 7.18}}, {"type": "Feature", "geometry": {"type": "Point", "coordinates": [73.843655, 18.440406]}, "properties": {"depth": 13.92}}, {"type": "Feature", "geometry": {"type": "Point", "coordinates": [73.846121, 18.44059]}, "properties": {"depth": 3.35}}, {"type": "Feature", "geometry": {"type": "Point", "coordinates": [73.846398, 18.441058]}, "properties": {"depth": 0.04}}, {"type": "Feature", "geometry": {"type": "Point", "coordinates": [73.845732, 18.44141]}, "properties": {"depth": 0.18}}, {"type": "Feature", "geometry": {"type": "Point", "coordinates": [73.862595, 18.445665]}, "properties": {"depth": 1.55}}, {"type": "Feature", "geometry": {"type": "Point", "coordinates": [73.862417, 18.446087]}, "properties": {"depth": 2.89}}, {"type": "Feature", "geometry": {"type": "Point", "coordinates": [73.862353, 18.446222]}, "properties": {"depth": 2.19}}, {"type": "Feature", "geometry": {"type": "Point", "coordinates": [73.862805, 18.446284]}, "properties": {"depth": 1.09}}, {"type": "Feature", "geometry": {"type": "Point", "coordinates": [73.862298, 18.446356]}, "properties": {"depth": 3.51}}, {"type": "Feature", "geometry": {"type": "Point", "coordinates": [73.861821, 18.445014]}, "properties": {"depth": 0.74}}, {"type": "Feature", "geometry": {"type": "Point", "coordinates": [73.86171, 18.445144]}, "properties": {"depth": 0.64}}, {"type": "Feature", "geometry": {"type": "Point", "coordinates": [73.86157, 18.445159]}, "properties": {"depth": 0.64}}, {"type": "Feature", "geometry": {"type": "Point", "coordinates": [73.861635, 18.44517]}, "properties": {"depth": 0.64}}, {"type": "Feature", "geometry": {"type": "Point", "coordinates": [73.861689, 18.445189]}, "properties": {"depth": 0.64}}, {"type": "Feature", "geometry": {"type": "Point", "coordinates": [73.861762, 18.445194]}, "properties": {"depth": 0.64}}, {"type": "Feature", "geometry": {"type": "Point", "coordinates": [73.86197, 18.445196]}, "properties": {"depth": 0.29}}, {"type": "Feature", "geometry": {"type": "Point", "coordinates": [73.861806, 18.445202]}, "properties": {"depth": 0.29}}, {"type": "Feature", "geometry": {"type": "Point", "coordinates": [73.862026, 18.445234]}, "properties": {"depth": 0.29}}, {"type": "Feature", "geometry": {"type": "Point", "coordinates": [73.861627, 18.445247]}, "properties": {"depth": 0.64}}, {"type": "Feature", "geometry": {"type": "Point", "coordinates": [73.861749, 18.445264]}, "properties": {"depth": 0.64}}, {"type": "Feature", "geometry": {"type": "Point", "coordinates": [73.861943, 18.445276]}, "properties": {"depth": 0.29}}, {"type": "Feature", "geometry": {"type": "Point", "coordinates": [73.861992, 18.445283]}, "properties": {"depth": 0.29}}, {"type": "Feature", "geometry": {"type": "Point", "coordinates": [73.861844, 18.445295]}, "properties": {"depth": 0.29}}, {"type": "Feature", "geometry": {"type": "Point", "coordinates": [73.8621, 18.445297]}, "properties": {"depth": 1.17}}, {"type": "Feature", "geometry": {"type": "Point", "coordinates": [73.861612, 18.445327]}, "properties": {"depth": 0.64}}, {"type": "Feature", "geometry": {"type": "Point", "coordinates": [73.861907, 18.44533]}, "properties": {"depth": 0.29}}, {"type": "Feature", "geometry": {"type": "Point", "coordinates": [73.86169, 18.445341]}, "properties": {"depth": 0.64}}, {"type": "Feature", "geometry": {"type": "Point", "coordinates": [73.861792, 18.445369]}, "properties": {"depth": 0.64}}, {"type": "Feature", "geometry": {"type": "Point", "coordinates": [73.861683, 18.445381]}, "properties": {"depth": 0.64}}, {"type": "Feature", "geometry": {"type": "Point", "coordinates": [73.861599, 18.445383]}, "properties": {"depth": 0.64}}, {"type": "Feature", "geometry": {"type": "Point", "coordinates": [73.861885, 18.445404]}, "properties": {"depth": 0.29}}, {"type": "Feature", "geometry": {"type": "Point", "coordinates": [73.861674, 18.445421]}, "properties": {"depth": 2.22}}, {"type": "Feature", "geometry": {"type": "Point", "coordinates": [73.861952, 18.445433]}, "properties": {"depth": 2.29}}, {"type": "Feature", "geometry": {"type": "Point", "coordinates": [73.861814, 18.445444]}, "properties": {"depth": 2.29}}, {"type": "Feature", "geometry": {"type": "Point", "coordinates": [73.861584, 18.445452]}, "properties": {"depth": 2.22}}, {"type": "Feature", "geometry": {"type": "Point", "coordinates": [73.861857, 18.445486]}, "properties": {"depth": 2.29}}, {"type": "Feature", "geometry": {"type": "Point", "coordinates": [73.861659, 18.445516]}, "properties": {"depth": 2.22}}, {"type": "Feature", "geometry": {"type": "Point", "coordinates": [73.861855, 18.445522]}, "properties": {"depth": 2.29}}, {"type": "Feature", "geometry": {"type": "Point", "coordinates": [73.861947, 18.445532]}, "properties": {"depth": 2.29}}, {"type": "Feature", "geometry": {"type": "Point", "coordinates": [73.861561, 18.445542]}, "properties": {"depth": 2.22}}, {"type": "Feature", "geometry": {"type": "Point", "coordinates": [73.861776, 18.445544]}, "properties": {"depth": 2.22}}, {"type": "Feature", "geometry": {"type": "Point", "coordinates": [73.861635, 18.445587]}, "properties": {"depth": 2.22}}, {"type": "Feature", "geometry": {"type": "Point", "coordinates": [73.861845, 18.445589]}, "properties": {"depth": 2.29}}, {"type": "Feature", "geometry": {"type": "Point", "coordinates": [73.861542, 18.44559]}, "properties": {"depth": 2.22}}, {"type": "Feature", "geometry": {"type": "Point", "coordinates": [73.86176, 18.445598]}, "properties": {"depth": 2.22}}, {"type": "Feature", "geometry": {"type": "Point", "coordinates": [73.861834, 18.445657]}, "properties": {"depth": 2.29}}, {"type": "Feature", "geometry": {"type": "Point", "coordinates": [73.861605, 18.445681]}, "properties": {"depth": 2.22}}, {"type": "Feature", "geometry": {"type": "Point", "coordinates": [73.861921, 18.445707]}, "properties": {"depth": 3.34}}, {"type": "Feature", "geometry": {"type": "Point", "coordinates": [73.861817, 18.445712]}, "properties": {"depth": 3.34}}, {"type": "Feature", "geometry": {"type": "Point", "coordinates": [73.861605, 18.445757]}, "properties": {"depth": 2.33}}, {"type": "Feature", "geometry": {"type": "Point", "coordinates": [73.861844, 18.445772]}, "properties": {"depth": 3.34}}, {"type": "Feature", "geometry": {"type": "Point", "coordinates": [73.861589, 18.445789]}, "properties": {"depth": 2.33}}, {"type": "Feature", "geometry": {"type": "Point", "coordinates": [73.861595, 18.445829]}, "properties": {"depth": 2.33}}, {"type": "Feature", "geometry": {"type": "Point", "coordinates": [73.861733, 18.445835]}, "properties": {"depth": 2.33}}, {"type": "Feature", "geometry": {"type": "Point", "coordinates": [73.861876, 18.445837]}, "properties": {"depth": 3.34}}, {"type": "Feature", "geometry": {"type": "Point", "coordinates": [73.861575, 18.44586]}, "properties": {"depth": 2.33}}, {"type": "Feature", "geometry": {"type": "Point", "coordinates": [73.861773, 18.445901]}, "properties": {"depth": 2.33}}, {"type": "Feature", "geometry": {"type": "Point", "coordinates": [73.861559, 18.445904]}, "properties": {"depth": 2.33}}, {"type": "Feature", "geometry": {"type": "Point", "coordinates": [73.861825, 18.445912]}, "properties": {"depth": 3.34}}, {"type": "Feature", "geometry": {"type": "Point", "coordinates": [73.862102, 18.445929]}, "properties": {"depth": 3.29}}, {"type": "Feature", "geometry": {"type": "Point", "coordinates": [73.861686, 18.445939]}, "properties": {"depth": 2.33}}, {"type": "Feature", "geometry": {"type": "Point", "coordinates": [73.861541, 18.44597]}, "properties": {"depth": 2.33}}, {"type": "Feature", "geometry": {"type": "Point", "coordinates": [73.841438, 18.43985]}, "properties": {"depth": 7.21}}, {"type": "Feature", "geometry": {"type": "Point", "coordinates": [73.841493, 18.440336]}, "properties": {"depth": 4.34}}, {"type": "Feature", "geometry": {"type": "Point", "coordinates": [73.841397, 18.441115]}, "properties": {"depth": 1.0}}, {"type": "Feature", "geometry": {"type": "Point", "coordinates": [73.861322, 18.446099]}, "properties": {"depth": 0.33}}, {"type": "Feature", "geometry": {"type": "Point", "coordinates": [73.861325, 18.44617]}, "properties": {"depth": 0.33}}, {"type": "Feature", "geometry": {"type": "Point", "coordinates": [73.861304, 18.446217]}, "properties": {"depth": 0.33}}, {"type": "Feature", "geometry": {"type": "Point", "coordinates": [73.861386, 18.446231]}, "properties": {"depth": 0.33}}, {"type": "Feature", "geometry": {"type": "Point", "coordinates": [73.861305, 18.446297]}, "properties": {"depth": 0.78}}, {"type": "Feature", "geometry": {"type": "Point", "coordinates": [73.86138, 18.446316]}, "properties": {"depth": 0.78}}, {"type": "Feature", "geometry": {"type": "Point", "coordinates": [73.861307, 18.446354]}, "properties": {"depth": 0.78}}, {"type": "Feature", "geometry": {"type": "Point", "coordinates": [73.861386, 18.446357]}, "properties": {"depth": 0.78}}, {"type": "Feature", "geometry": {"type": "Point", "coordinates": [73.861303, 18.446456]}, "properties": {"depth": 0.78}}, {"type": "Feature", "geometry": {"type": "Point", "coordinates": [73.861292, 18.446518]}, "properties": {"depth": 0.78}}, {"type": "Feature", "geometry": {"type": "Point", "coordinates": [73.861278, 18.446557]}, "properties": {"depth": 0.19}}, {"type": "Feature", "geometry": {"type": "Point", "coordinates": [73.861278, 18.446623]}, "properties": {"depth": 0.19}}, {"type": "Feature", "geometry": {"type": "Point", "coordinates": [73.861764, 18.445991]}, "properties": {"depth": 4.2}}, {"type": "Feature", "geometry": {"type": "Point", "coordinates": [73.861837, 18.446016]}, "properties": {"depth": 4.66}}, {"type": "Feature", "geometry": {"type": "Point", "coordinates": [73.862056, 18.446035]}, "properties": {"depth": 4.66}}, {"type": "Feature", "geometry": {"type": "Point", "coordinates": [73.861534, 18.446034]}, "properties": {"depth": 4.2}}, {"type": "Feature", "geometry": {"type": "Point", "coordinates": [73.861666, 18.446049]}, "properties": {"depth": 4.2}}, {"type": "Feature", "geometry": {"type": "Point", "coordinates": [73.862277, 18.446081]}, "properties": {"depth": 2.19}}, {"type": "Feature", "geometry": {"type": "Point", "coordinates": [73.861406, 18.446077]}, "properties": {"depth": 0.33}}, {"type": "Feature", "geometry": {"type": "Point", "coordinates": [73.861732, 18.446106]}, "properties": {"depth": 4.2}}, {"type": "Feature", "geometry": {"type": "Point", "coordinates": [73.861793, 18.446129]}, "properties": {"depth": 4.2}}, {"type": "Feature", "geometry": {"type": "Point", "coordinates": [73.861401, 18.446142]}, "properties": {"depth": 0.33}}, {"type": "Feature", "geometry": {"type": "Point", "coordinates": [73.8615, 18.446152]}, "properties": {"depth": 0.33}}, {"type": "Feature", "geometry": {"type": "Point", "coordinates": [73.861625, 18.44617]}, "properties": {"depth": 4.2}}, {"type": "Feature", "geometry": {"type": "Point", "coordinates": [73.861716, 18.446187]}, "properties": {"depth": 4.2}}, {"type": "Feature", "geometry": {"type": "Point", "coordinates": [73.861411, 18.446186]}, "properties": {"depth": 0.33}}, {"type": "Feature", "geometry": {"type": "Point", "coordinates": [73.861485, 18.446192]}, "properties": {"depth": 0.33}}, {"type": "Feature", "geometry": {"type": "Point", "coordinates": [73.861476, 18.446228]}, "properties": {"depth": 0.33}}, {"type": "Feature", "geometry": {"type": "Point", "coordinates": [73.861698, 18.446234]}, "properties": {"depth": 4.2}}, {"type": "Feature", "geometry": {"type": "Point", "coordinates": [73.861609, 18.446257]}, "properties": {"depth": 3.53}}, {"type": "Feature", "geometry": {"type": "Point", "coordinates": [73.861679, 18.446274]}, "properties": {"depth": 3.53}}, {"type": "Feature", "geometry": {"type": "Point", "coordinates": [73.86145, 18.446301]}, "properties": {"depth": 0.78}}, {"type": "Feature", "geometry": {"type": "Point", "coordinates": [73.861592, 18.446334]}, "properties": {"depth": 3.53}}, {"type": "Feature", "geometry": {"type": "Point", "coordinates": [73.861395, 18.446402]}, "properties": {"depth": 0.78}}, {"type": "Feature", "geometry": {"type": "Point", "coordinates": [73.861422, 18.446536]}, "properties": {"depth": 0.19}}, {"type": "Feature", "geometry": {"type": "Point", "coordinates": [73.861415, 18.446574]}, "properties": {"depth": 0.19}}, {"type": "Feature", "geometry": {"type": "Point", "coordinates": [73.861417, 18.446605]}, "properties": {"depth": 0.19}}, {"type": "Feature", "geometry": {"type": "Point", "coordinates": [73.861468, 18.446641]}, "properties": {"depth": 0.19}}, {"type": "Feature", "geometry": {"type": "Point", "coordinates": [73.861621, 18.446702]}, "properties": {"depth": 4.55}}, {"type": "Feature", "geometry": {"type": "Point", "coordinates": [73.861502, 18.446791]}, "properties": {"depth": 0.19}}, {"type": "Feature", "geometry": {"type": "Point", "coordinates": [73.861427, 18.446859]}, "properties": {"depth": 0.95}}, {"type": "Feature", "geometry": {"type": "Point", "coordinates": [73.861551, 18.446877]}, "properties": {"depth": 6.77}}, {"type": "Feature", "geometry": {"type": "Point", "coordinates": [73.861371, 18.446699]}, "properties": {"depth": 0.19}}, {"type": "Feature", "geometry": {"type": "Point", "coordinates": [73.861272, 18.446707]}, "properties": {"depth": 0.19}}, {"type": "Feature", "geometry": {"type": "Point", "coordinates": [73.861365, 18.446795]}, "properties": {"depth": 0.19}}, {"type": "Feature", "geometry": {"type": "Point", "coordinates": [73.861342, 18.446847]}, "properties": {"depth": 0.95}}, {"type": "Feature", "geometry": {"type": "Point", "coordinates": [73.861264, 18.446851]}, "properties": {"depth": 0.95}}, {"type": "Feature", "geometry": {"type": "Point", "coordinates": [73.861339, 18.446888]}, "properties": {"depth": 0.95}}, {"type": "Feature", "geometry": {"type": "Point", "coordinates": [73.861259, 18.446976]}, "properties": {"depth": 0.95}}, {"type": "Feature", "geometry": {"type": "Point", "coordinates": [73.861296, 18.446982]}, "properties": {"depth": 0.95}}, {"type": "Feature", "geometry": {"type": "Point", "coordinates": [73.86133, 18.446989]}, "properties": {"depth": 0.95}}, {"type": "Feature", "geometry": {"type": "Point", "coordinates": [73.861583, 18.44693]}, "properties": {"depth": 6.77}}, {"type": "Feature", "geometry": {"type": "Point", "coordinates": [73.86146, 18.446931]}, "properties": {"depth": 0.95}}, {"type": "Feature", "geometry": {"type": "Point", "coordinates": [73.861733, 18.446968]}, "properties": {"depth": 6.77}}, {"type": "Feature", "geometry": {"type": "Point", "coordinates": [73.861527, 18.447025]}, "properties": {"depth": 0.95}}, {"type": "Feature", "geometry": {"type": "Point", "coordinates": [73.861617, 18.447032]}, "properties": {"depth": 6.77}}, {"type": "Feature", "geometry": {"type": "Point", "coordinates": [73.861411, 18.447075]}, "properties": {"depth": 0.95}}, {"type": "Feature", "geometry": {"type": "Point", "coordinates": [73.86148, 18.447102]}, "properties": {"depth": 3.98}}, {"type": "Feature", "geometry": {"type": "Point", "coordinates": [73.861785, 18.447105]}, "properties": {"depth": 6.52}}, {"type": "Feature", "geometry": {"type": "Point", "coordinates": [73.861535, 18.44711]}, "properties": {"depth": 6.52}}, {"type": "Feature", "geometry": {"type": "Point", "coordinates": [73.86158, 18.447118]}, "properties": {"depth": 6.52}}, {"type": "Feature", "geometry": {"type": "Point", "coordinates": [73.861629, 18.447131]}, "properties": {"depth": 6.52}}, {"type": "Feature", "geometry": {"type": "Point", "coordinates": [73.861403, 18.447182]}, "properties": {"depth": 3.98}}, {"type": "Feature", "geometry": {"type": "Point", "coordinates": [73.861523, 18.447209]}, "properties": {"depth": 3.98}}, {"type": "Feature", "geometry": {"type": "Point", "coordinates": [73.861638, 18.44724]}, "properties": {"depth": 6.52}}, {"type": "Feature", "geometry": {"type": "Point", "coordinates": [73.861768, 18.447258]}, "properties": {"depth": 6.52}}, {"type": "Feature", "geometry": {"type": "Point", "coordinates": [73.861466, 18.447292]}, "properties": {"depth": 3.98}}, {"type": "Feature", "geometry": {"type": "Point", "coordinates": [73.861634, 18.447326]}, "properties": {"depth": 6.52}}, {"type": "Feature", "geometry": {"type": "Point", "coordinates": [73.861322, 18.44736]}, "properties": {"depth": 3.98}}, {"type": "Feature", "geometry": {"type": "Point", "coordinates": [73.861827, 18.447508]}, "properties": {"depth": 7.51}}, {"type": "Feature", "geometry": {"type": "Point", "coordinates": [73.861999, 18.457667]}, "properties": {"depth": 6.38}}, {"type": "Feature", "geometry": {"type": "Point", "coordinates": [73.862754, 18.457371]}, "properties": {"depth": 6.62}}, {"type": "Feature", "geometry": {"type": "Point", "coordinates": [73.863201, 18.457702]}, "properties": {"depth": 3.2}}, {"type": "Feature", "geometry": {"type": "Point", "coordinates": [73.862582, 18.457977]}, "properties": {"depth": 8.48}}, {"type": "Feature", "geometry": {"type": "Point", "coordinates": [73.863311, 18.458046]}, "properties": {"depth": 3.11}}, {"type": "Feature", "geometry": {"type": "Point", "coordinates": [73.861342, 18.447071]}, "properties": {"depth": 0.95}}, {"type": "Feature", "geometry": {"type": "Point", "coordinates": [73.861254, 18.447153]}, "properties": {"depth": 3.98}}, {"type": "Feature", "geometry": {"type": "Point", "coordinates": [73.861311, 18.447162]}, "properties": {"depth": 3.98}}, {"type": "Feature", "geometry": {"type": "Point", "coordinates": [73.861321, 18.44723]}, "properties": {"depth": 3.98}}, {"type": "Feature", "geometry": {"type": "Point", "coordinates": [73.863375, 18.45737]}, "properties": {"depth": 1.67}}, {"type": "Feature", "geometry": {"type": "Point", "coordinates": [73.863028, 18.458292]}, "properties": {"depth": 0.42}}, {"type": "Feature", "geometry": {"type": "Point", "coordinates": [73.86227, 18.458431]}, "properties": {"depth": 9.04}}, {"type": "Feature", "geometry": {"type": "Point", "coordinates": [73.863016, 18.45861]}, "properties": {"depth": 1.53}}, {"type": "Feature", "geometry": {"type": "Point", "coordinates": [73.966945, 18.48603]}, "properties": {"depth": 0.27}}, {"type": "Feature", "geometry": {"type": "Point", "coordinates": [73.92526, 18.498202]}, "properties": {"depth": 0.43}}, {"type": "Feature", "geometry": {"type": "Point", "coordinates": [73.925963, 18.498236]}, "properties": {"depth": 0.56}}, {"type": "Feature", "geometry": {"type": "Point", "coordinates": [73.925861, 18.498314]}, "properties": {"depth": 0.56}}, {"type": "Feature", "geometry": {"type": "Point", "coordinates": [73.925837, 18.498411]}, "properties": {"depth": 0.56}}, {"type": "Feature", "geometry": {"type": "Point", "coordinates": [73.92595, 18.498419]}, "properties": {"depth": 0.56}}, {"type": "Feature", "geometry": {"type": "Point", "coordinates": [73.925254, 18.498413]}, "properties": {"depth": 0.43}}, {"type": "Feature", "geometry": {"type": "Point", "coordinates": [73.924903, 18.49909]}, "properties": {"depth": 1.41}}, {"type": "Feature", "geometry": {"type": "Point", "coordinates": [73.924965, 18.499413]}, "properties": {"depth": 0.8}}, {"type": "Feature", "geometry": {"type": "Point", "coordinates": [73.924391, 18.500159]}, "properties": {"depth": 2.41}}, {"type": "Feature", "geometry": {"type": "Point", "coordinates": [73.9247, 18.500277]}, "properties": {"depth": 1.99}}, {"type": "Feature", "geometry": {"type": "Point", "coordinates": [73.924769, 18.500805]}, "properties": {"depth": 0.16}}, {"type": "Feature", "geometry": {"type": "Point", "coordinates": [73.926557, 18.498493]}, "properties": {"depth": 0.03}}, {"type": "Feature", "geometry": {"type": "Point", "coordinates": [73.924198, 18.501711]}, "properties": {"depth": 0.99}}, {"type": "Feature", "geometry": {"type": "Point", "coordinates": [73.925237, 18.501949]}, "properties": {"depth": 1.4}}, {"type": "Feature", "geometry": {"type": "Point", "coordinates": [73.92435, 18.501987]}, "properties": {"depth": 1.11}}, {"type": "Feature", "geometry": {"type": "Point", "coordinates": [73.924337, 18.502105]}, "properties": {"depth": 1.18}}, {"type": "Feature", "geometry": {"type": "Point", "coordinates": [73.907178, 18.500426]}, "properties": {"depth": 0.88}}, {"type": "Feature", "geometry": {"type": "Point", "coordinates": [73.906978, 18.500459]}, "properties": {"depth": 2.19}}, {"type": "Feature", "geometry": {"type": "Point", "coordinates": [73.906817, 18.500468]}, "properties": {"depth": 2.19}}, {"type": "Feature", "geometry": {"type": "Point", "coordinates": [73.90665, 18.500478]}, "properties": {"depth": 2.31}}, {"type": "Feature", "geometry": {"type": "Point", "coordinates": [73.907389, 18.50049]}, "properties": {"depth": 2.54}}, {"type": "Feature", "geometry": {"type": "Point", "coordinates": [73.907689, 18.500886]}, "properties": {"depth": 3.16}}, {"type": "Feature", "geometry": {"type": "Point", "coordinates": [73.90738, 18.501089]}, "properties": {"depth": 2.14}}, {"type": "Feature", "geometry": {"type": "Point", "coordinates": [73.908094, 18.502848]}, "properties": {"depth": 5.17}}, {"type": "Feature", "geometry": {"type": "Point", "coordinates": [73.908575, 18.502931]}, "properties": {"depth": 3.61}}, {"type": "Feature", "geometry": {"type": "Point", "coordinates": [73.908082, 18.502947]}, "properties": {"depth": 6.32}}, {"type": "Feature", "geometry": {"type": "Point", "coordinates": [73.907659, 18.502958]}, "properties": {"depth": 5.18}}, {"type": "Feature", "geometry": {"type": "Point", "coordinates": [73.908051, 18.503081]}, "properties": {"depth": 6.32}}, {"type": "Feature", "geometry": {"type": "Point", "coordinates": [73.90806, 18.503442]}, "properties": {"depth": 6.41}}, {"type": "Feature", "geometry": {"type": "Point", "coordinates": [73.908676, 18.503467]}, "properties": {"depth": 3.42}}, {"type": "Feature", "geometry": {"type": "Point", "coordinates": [73.908597, 18.503805]}, "properties": {"depth": 5.28}}, {"type": "Feature", "geometry": {"type": "Point", "coordinates": [73.907769, 18.503925]}, "properties": {"depth": 8.11}}, {"type": "Feature", "geometry": {"type": "Point", "coordinates": [73.90798, 18.504011]}, "properties": {"depth": 7.78}}, {"type": "Feature", "geometry": {"type": "Point", "coordinates": [73.907781, 18.504134]}, "properties": {"depth": 4.51}}, {"type": "Feature", "geometry": {"type": "Point", "coordinates": [73.907772, 18.504362]}, "properties": {"depth": 3.74}}, {"type": "Feature", "geometry": {"type": "Point", "coordinates": [73.907918, 18.504373]}, "properties": {"depth": 2.89}}, {"type": "Feature", "geometry": {"type": "Point", "coordinates": [73.905773, 18.500483]}, "properties": {"depth": 3.56}}, {"type": "Feature", "geometry": {"type": "Point", "coordinates": [73.906501, 18.500489]}, "properties": {"depth": 3.28}}, {"type": "Feature", "geometry": {"type": "Point", "coordinates": [73.906354, 18.500497]}, "properties": {"depth": 3.28}}, {"type": "Feature", "geometry": {"type": "Point", "coordinates": [73.906207, 18.500509]}, "properties": {"depth": 3.71}}, {"type": "Feature", "geometry": {"type": "Point", "coordinates": [73.906062, 18.500527]}, "properties": {"depth": 3.71}}, {"type": "Feature", "geometry": {"type": "Point", "coordinates": [73.907022, 18.501063]}, "properties": {"depth": 3.51}}, {"type": "Feature", "geometry": {"type": "Point", "coordinates": [73.905827, 18.501059]}, "properties": {"depth": 4.45}}, {"type": "Feature", "geometry": {"type": "Point", "coordinates": [73.907192, 18.501098]}, "properties": {"depth": 0.53}}, {"type": "Feature", "geometry": {"type": "Point", "coordinates": [73.90687, 18.501129]}, "properties": {"depth": 3.51}}, {"type": "Feature", "geometry": {"type": "Point", "coordinates": [73.906123, 18.501158]}, "properties": {"depth": 4.31}}, {"type": "Feature", "geometry": {"type": "Point", "coordinates": [73.906417, 18.50127]}, "properties": {"depth": 1.42}}, {"type": "Feature", "geometry": {"type": "Point", "coordinates": [73.905568, 18.501308]}, "properties": {"depth": 5.45}}, {"type": "Feature", "geometry": {"type": "Point", "coordinates": [73.905851, 18.501579]}, "properties": {"depth": 2.69}}, {"type": "Feature", "geometry": {"type": "Point", "coordinates": [73.907325, 18.501648]}, "properties": {"depth": 6.25}}, {"type": "Feature", "geometry": {"type": "Point", "coordinates": [73.907219, 18.501663]}, "properties": {"depth": 6.25}}, {"type": "Feature", "geometry": {"type": "Point", "coordinates": [73.907015, 18.50168]}, "properties": {"depth": 2.78}}, {"type": "Feature", "geometry": {"type": "Point", "coordinates": [73.905629, 18.501819]}, "properties": {"depth": 3.38}}, {"type": "Feature", "geometry": {"type": "Point", "coordinates": [73.906882, 18.501955]}, "properties": {"depth": 6.2}}, {"type": "Feature", "geometry": {"type": "Point", "coordinates": [73.907265, 18.501971]}, "properties": {"depth": 5.29}}, {"type": "Feature", "geometry": {"type": "Point", "coordinates": [73.906922, 18.503368]}, "properties": {"depth": 7.52}}, {"type": "Feature", "geometry": {"type": "Point", "coordinates": [73.903808, 18.503827]}, "properties": {"depth": 3.47}}, {"type": "Feature", "geometry": {"type": "Point", "coordinates": [73.905365, 18.500435]}, "properties": {"depth": 0.84}}, {"type": "Feature", "geometry": {"type": "Point", "coordinates": [73.905388, 18.500724]}, "properties": {"depth": 1.94}}, {"type": "Feature", "geometry": {"type": "Point", "coordinates": [73.905336, 18.501308]}, "properties": {"depth": 6.26}}, {"type": "Feature", "geometry": {"type": "Point", "coordinates": [73.905378, 18.501784]}, "properties": {"depth": 6.42}}, {"type": "Feature", "geometry": {"type": "Point", "coordinates": [73.906934, 18.503505]}, "properties": {"depth": 7.93}}, {"type": "Feature", "geometry": {"type": "Point", "coordinates": [73.907084, 18.50374]}, "properties": {"depth": 7.45}}, {"type": "Feature", "geometry": {"type": "Point", "coordinates": [73.92556, 18.502615]}, "properties": {"depth": 2.58}}, {"type": "Feature", "geometry": {"type": "Point", "coordinates": [73.924084, 18.518655]}, "properties": {"depth": 2.11}}, {"type": "Feature", "geometry": {"type": "Point", "coordinates": [73.924098, 18.519008]}, "properties": {"depth": 2.08}}, {"type": "Feature", "geometry": {"type": "Point", "coordinates": [73.926048, 18.51866]}, "properties": {"depth": 2.37}}, {"type": "Feature", "geometry": {"type": "Point", "coordinates": [73.926789, 18.518959]}, "properties": {"depth": 1.12}}, {"type": "Feature", "geometry": {"type": "Point", "coordinates": [73.925225, 18.519569]}, "properties": {"depth": 2.91}}, {"type": "Feature", "geometry": {"type": "Point", "coordinates": [73.924184, 18.519658]}, "properties": {"depth": 4.74}}, {"type": "Feature", "geometry": {"type": "Point", "coordinates": [73.924942, 18.519787]}, "properties": {"depth": 7.4}}, {"type": "Feature", "geometry": {"type": "Point", "coordinates": [73.925487, 18.519848]}, "properties": {"depth": 6.56}}, {"type": "Feature", "geometry": {"type": "Point", "coordinates": [73.924843, 18.520697]}, "properties": {"depth": 3.58}}, {"type": "Feature", "geometry": {"type": "Point", "coordinates": [73.927017, 18.519258]}, "properties": {"depth": 3.03}}, {"type": "Feature", "geometry": {"type": "Point", "coordinates": [73.92599, 18.519626]}, "properties": {"depth": 5.48}}, {"type": "Feature", "geometry": {"type": "Point", "coordinates": [73.926311, 18.519708]}, "properties": {"depth": 8.25}}, {"type": "Feature", "geometry": {"type": "Point", "coordinates": [73.926144, 18.519729]}, "properties": {"depth": 5.48}}, {"type": "Feature", "geometry": {"type": "Point", "coordinates": [73.926872, 18.51978]}, "properties": {"depth": 5.33}}, {"type": "Feature", "geometry": {"type": "Point", "coordinates": [73.925966, 18.519888]}, "properties": {"depth": 4.98}}, {"type": "Feature", "geometry": {"type": "Point", "coordinates": [73.926771, 18.520521]}, "properties": {"depth": 4.12}}, {"type": "Feature", "geometry": {"type": "Point", "coordinates": [73.925809, 18.520935]}, "properties": {"depth": 0.77}}, {"type": "Feature", "geometry": {"type": "Point", "coordinates": [73.926269, 18.521058]}, "properties": {"depth": 2.29}}, {"type": "Feature", "geometry": {"type": "Point", "coordinates": [73.926005, 18.521444]}, "properties": {"depth": 2.82}}, {"type": "Feature", "geometry": {"type": "Point", "coordinates": [73.926462, 18.521459]}, "properties": {"depth": 5.11}}, {"type": "Feature", "geometry": {"type": "Point", "coordinates": [73.92692, 18.521823]}, "properties": {"depth": 3.48}}, {"type": "Feature", "geometry": {"type": "Point", "coordinates": [73.926363, 18.522153]}, "properties": {"depth": 4.25}}, {"type": "Feature", "geometry": {"type": "Point", "coordinates": [73.925703, 18.52221]}, "properties": {"depth": 7.81}}, {"type": "Feature", "geometry": {"type": "Point", "coordinates": [73.92456, 18.520972]}, "properties": {"depth": 4.83}}, {"type": "Feature", "geometry": {"type": "Point", "coordinates": [73.924691, 18.521106]}, "properties": {"depth": 8.32}}, {"type": "Feature", "geometry": {"type": "Point", "coordinates": [73.924928, 18.521179]}, "properties": {"depth": 2.95}}, {"type": "Feature", "geometry": {"type": "Point", "coordinates": [73.925417, 18.52129]}, "properties": {"depth": 3.31}}, {"type": "Feature", "geometry": {"type": "Point", "coordinates": [73.924463, 18.521368]}, "properties": {"depth": 5.1}}, {"type": "Feature", "geometry": {"type": "Point", "coordinates": [73.925334, 18.521645]}, "properties": {"depth": 5.08}}, {"type": "Feature", "geometry": {"type": "Point", "coordinates": [73.923624, 18.520497]}, "properties": {"depth": 5.1}}, {"type": "Feature", "geometry": {"type": "Point", "coordinates": [73.923155, 18.520496]}, "properties": {"depth": 3.32}}, {"type": "Feature", "geometry": {"type": "Point", "coordinates": [73.923812, 18.521125]}, "properties": {"depth": 5.85}}, {"type": "Feature", "geometry": {"type": "Point", "coordinates": [73.922995, 18.521349]}, "properties": {"depth": 4.21}}, {"type": "Feature", "geometry": {"type": "Point", "coordinates": [73.923322, 18.51845]}, "properties": {"depth": 0.95}}, {"type": "Feature", "geometry": {"type": "Point", "coordinates": [73.923341, 18.518853]}, "properties": {"depth": 2.9}}, {"type": "Feature", "geometry": {"type": "Point", "coordinates": [73.923305, 18.520241]}, "properties": {"depth": 3.54}}, {"type": "Feature", "geometry": {"type": "Point", "coordinates": [73.872591, 18.520951]}, "properties": {"depth": 2.35}}, {"type": "Feature", "geometry": {"type": "Point", "coordinates": [73.875266, 18.519333]}, "properties": {"depth": 1.37}}, {"type": "Feature", "geometry": {"type": "Point", "coordinates": [73.873788, 18.520371]}, "properties": {"depth": 0.81}}, {"type": "Feature", "geometry": {"type": "Point", "coordinates": [73.872878, 18.520615]}, "properties": {"depth": 0.97}}, {"type": "Feature", "geometry": {"type": "Point", "coordinates": [73.873187, 18.520857]}, "properties": {"depth": 0.8}}, {"type": "Feature", "geometry": {"type": "Point", "coordinates": [73.873621, 18.521146]}, "properties": {"depth": 1.18}}, {"type": "Feature", "geometry": {"type": "Point", "coordinates": [73.875627, 18.519737]}, "properties": {"depth": 2.73}}, {"type": "Feature", "geometry": {"type": "Point", "coordinates": [73.875075, 18.52102]}, "properties": {"depth": 0.36}}, {"type": "Feature", "geometry": {"type": "Point", "coordinates": [73.874604, 18.519357]}, "properties": {"depth": 2.67}}, {"type": "Feature", "geometry": {"type": "Point", "coordinates": [73.873943, 18.520293]}, "properties": {"depth": 0.81}}, {"type": "Feature", "geometry": {"type": "Point", "coordinates": [73.873441, 18.521246]}, "properties": {"depth": 0.51}}, {"type": "Feature", "geometry": {"type": "Point", "coordinates": [73.875677, 18.522486]}, "properties": {"depth": 0.79}}, {"type": "Feature", "geometry": {"type": "Point", "coordinates": [73.875148, 18.522907]}, "properties": {"depth": 1.62}}, {"type": "Feature", "geometry": {"type": "Point", "coordinates": [73.875018, 18.5231]}, "properties": {"depth": 2.55}}, {"type": "Feature", "geometry": {"type": "Point", "coordinates": [73.851178, 18.500143]}, "properties": {"depth": 3.95}}, {"type": "Feature", "geometry": {"type": "Point", "coordinates": [73.851089, 18.500255]}, "properties": {"depth": 3.95}}, {"type": "Feature", "geometry": {"type": "Point", "coordinates": [73.853, 18.500875]}, "properties": {"depth": 1.98}}, {"type": "Feature", "geometry": {"type": "Point", "coordinates": [73.85254, 18.502887]}, "properties": {"depth": 3.05}}, {"type": "Feature", "geometry": {"type": "Point", "coordinates": [73.852569, 18.503377]}, "properties": {"depth": 2.01}}, {"type": "Feature", "geometry": {"type": "Point", "coordinates": [73.852687, 18.503961]}, "properties": {"depth": 4.53}}, {"type": "Feature", "geometry": {"type": "Point", "coordinates": [73.849816, 18.500539]}, "properties": {"depth": 1.79}}, {"type": "Feature", "geometry": {"type": "Point", "coordinates": [73.849666, 18.500785]}, "properties": {"depth": 3.64}}, {"type": "Feature", "geometry": {"type": "Point", "coordinates": [73.849466, 18.500959]}, "properties": {"depth": 0.69}}, {"type": "Feature", "geometry": {"type": "Point", "coordinates": [73.849678, 18.501254]}, "properties": {"depth": 3.22}}, {"type": "Feature", "geometry": {"type": "Point", "coordinates": [73.849557, 18.501312]}, "properties": {"depth": 0.86}}, {"type": "Feature", "geometry": {"type": "Point", "coordinates": [73.850068, 18.500637]}, "properties": {"depth": 0.73}}, {"type": "Feature", "geometry": {"type": "Point", "coordinates": [73.850525, 18.501174]}, "properties": {"depth": 7.09}}, {"type": "Feature", "geometry": {"type": "Point", "coordinates": [73.850367, 18.501475]}, "properties": {"depth": 5.38}}, {"type": "Feature", "geometry": {"type": "Point", "coordinates": [73.85018, 18.501744]}, "properties": {"depth": 3.4}}, {"type": "Feature", "geometry": {"type": "Point", "coordinates": [73.850611, 18.501819]}, "properties": {"depth": 3.52}}, {"type": "Feature", "geometry": {"type": "Point", "coordinates": [73.850496, 18.502151]}, "properties": {"depth": 0.28}}, {"type": "Feature", "geometry": {"type": "Point", "coordinates": [73.850296, 18.50233]}, "properties": {"depth": 0.3}}, {"type": "Feature", "geometry": {"type": "Point", "coordinates": [73.852017, 18.502998]}, "properties": {"depth": 0.09}}, {"type": "Feature", "geometry": {"type": "Point", "coordinates": [73.852136, 18.503442]}, "properties": {"depth": 1.37}}, {"type": "Feature", "geometry": {"type": "Point", "coordinates": [73.851937, 18.503453]}, "properties": {"depth": 1.49}}, {"type": "Feature", "geometry": {"type": "Point", "coordinates": [73.849423, 18.501353]}, "properties": {"depth": 0.86}}, {"type": "Feature", "geometry": {"type": "Point", "coordinates": [73.849561, 18.501572]}, "properties": {"depth": 0.31}}, {"type": "Feature", "geometry": {"type": "Point", "coordinates": [73.850005, 18.502012]}, "properties": {"depth": 2.19}}, {"type": "Feature", "geometry": {"type": "Point", "coordinates": [73.849901, 18.502365]}, "properties": {"depth": 2.28}}, {"type": "Feature", "geometry": {"type": "Point", "coordinates": [73.849992, 18.502531]}, "properties": {"depth": 2.28}}, {"type": "Feature", "geometry": {"type": "Point", "coordinates": [73.849878, 18.502532]}, "properties": {"depth": 2.28}}, {"type": "Feature", "geometry": {"type": "Point", "coordinates": [73.849732, 18.50279]}, "properties": {"depth": 4.42}}, {"type": "Feature", "geometry": {"type": "Point", "coordinates": [73.849497, 18.502803]}, "properties": {"depth": 5.38}}, {"type": "Feature", "geometry": {"type": "Point", "coordinates": [73.849573, 18.503036]}, "properties": {"depth": 5.54}}, {"type": "Feature", "geometry": {"type": "Point", "coordinates": [73.849387, 18.503032]}, "properties": {"depth": 5.54}}, {"type": "Feature", "geometry": {"type": "Point", "coordinates": [73.85071, 18.501539]}, "properties": {"depth": 1.73}}, {"type": "Feature", "geometry": {"type": "Point", "coordinates": [73.850663, 18.502142]}, "properties": {"depth": 0.28}}, {"type": "Feature", "geometry": {"type": "Point", "coordinates": [73.851242, 18.503126]}, "properties": {"depth": 0.81}}, {"type": "Feature", "geometry": {"type": "Point", "coordinates": [73.851244, 18.503319]}, "properties": {"depth": 0.99}}, {"type": "Feature", "geometry": {"type": "Point", "coordinates": [73.850972, 18.503488]}, "properties": {"depth": 4.23}}, {"type": "Feature", "geometry": {"type": "Point", "coordinates": [73.85093, 18.503957]}, "properties": {"depth": 1.89}}, {"type": "Feature", "geometry": {"type": "Point", "coordinates": [73.851184, 18.504155]}, "properties": {"depth": 0.39}}, {"type": "Feature", "geometry": {"type": "Point", "coordinates": [73.851017, 18.504159]}, "properties": {"depth": 0.39}}, {"type": "Feature", "geometry": {"type": "Point", "coordinates": [73.850146, 18.502337]}, "properties": {"depth": 0.3}}, {"type": "Feature", "geometry": {"type": "Point", "coordinates": [73.850022, 18.502363]}, "properties": {"depth": 2.28}}, {"type": "Feature", "geometry": {"type": "Point", "coordinates": [73.85049, 18.50245]}, "properties": {"depth": 1.68}}, {"type": "Feature", "geometry": {"type": "Point", "coordinates": [73.850645, 18.502468]}, "properties": {"depth": 1.68}}, {"type": "Feature", "geometry": {"type": "Point", "coordinates": [73.850294, 18.502512]}, "properties": {"depth": 3.0}}, {"type": "Feature", "geometry": {"type": "Point", "coordinates": [73.850146, 18.502528]}, "properties": {"depth": 3.0}}, {"type": "Feature", "geometry": {"type": "Point", "coordinates": [73.85002, 18.502785]}, "properties": {"depth": 4.59}}, {"type": "Feature", "geometry": {"type": "Point", "coordinates": [73.850448, 18.502893]}, "properties": {"depth": 3.48}}, {"type": "Feature", "geometry": {"type": "Point", "coordinates": [73.85024, 18.503351]}, "properties": {"depth": 4.42}}, {"type": "Feature", "geometry": {"type": "Point", "coordinates": [73.850533, 18.503373]}, "properties": {"depth": 4.48}}, {"type": "Feature", "geometry": {"type": "Point", "coordinates": [73.850003, 18.503071]}, "properties": {"depth": 7.89}}, {"type": "Feature", "geometry": {"type": "Point", "coordinates": [73.849646, 18.503335]}, "properties": {"depth": 9.73}}, {"type": "Feature", "geometry": {"type": "Point", "coordinates": [73.849942, 18.503449]}, "properties": {"depth": 8.27}}, {"type": "Feature", "geometry": {"type": "Point", "coordinates": [73.849717, 18.503759]}, "properties": {"depth": 9.47}}, {"type": "Feature", "geometry": {"type": "Point", "coordinates": [73.849964, 18.503782]}, "properties": {"depth": 8.97}}, {"type": "Feature", "geometry": {"type": "Point", "coordinates": [73.849413, 18.503884]}, "properties": {"depth": 7.63}}, {"type": "Feature", "geometry": {"type": "Point", "coordinates": [73.84997, 18.504122]}, "properties": {"depth": 7.39}}, {"type": "Feature", "geometry": {"type": "Point", "coordinates": [73.849721, 18.504508]}, "properties": {"depth": 3.94}}, {"type": "Feature", "geometry": {"type": "Point", "coordinates": [73.849947, 18.504529]}, "properties": {"depth": 3.61}}, {"type": "Feature", "geometry": {"type": "Point", "coordinates": [73.850229, 18.50347]}, "properties": {"depth": 4.42}}, {"type": "Feature", "geometry": {"type": "Point", "coordinates": [73.850526, 18.5035]}, "properties": {"depth": 4.31}}, {"type": "Feature", "geometry": {"type": "Point", "coordinates": [73.85024, 18.503599]}, "properties": {"depth": 6.54}}, {"type": "Feature", "geometry": {"type": "Point", "coordinates": [73.850532, 18.503645]}, "properties": {"depth": 4.31}}, {"type": "Feature", "geometry": {"type": "Point", "coordinates": [73.850226, 18.503716]}, "properties": {"depth": 6.54}}, {"type": "Feature", "geometry": {"type": "Point", "coordinates": [73.850532, 18.503816]}, "properties": {"depth": 2.64}}, {"type": "Feature", "geometry": {"type": "Point", "coordinates": [73.850214, 18.503836]}, "properties": {"depth": 4.69}}, {"type": "Feature", "geometry": {"type": "Point", "coordinates": [73.850206, 18.503969]}, "properties": {"depth": 4.69}}, {"type": "Feature", "geometry": {"type": "Point", "coordinates": [73.850489, 18.504181]}, "properties": {"depth": 3.24}}, {"type": "Feature", "geometry": {"type": "Point", "coordinates": [73.850193, 18.504182]}, "properties": {"depth": 4.07}}, {"type": "Feature", "geometry": {"type": "Point", "coordinates": [73.851841, 18.50405]}, "properties": {"depth": 0.54}}, {"type": "Feature", "geometry": {"type": "Point", "coordinates": [73.851051, 18.504498]}, "properties": {"depth": 3.01}}, {"type": "Feature", "geometry": {"type": "Point", "coordinates": [73.850786, 18.504515]}, "properties": {"depth": 5.24}}, {"type": "Feature", "geometry": {"type": "Point", "coordinates": [73.850496, 18.504521]}, "properties": {"depth": 3.7}}, {"type": "Feature", "geometry": {"type": "Point", "coordinates": [73.850292, 18.504554]}, "properties": {"depth": 3.97}}, {"type": "Feature", "geometry": {"type": "Point", "coordinates": [73.850082, 18.504567]}, "properties": {"depth": 3.61}}, {"type": "Feature", "geometry": {"type": "Point", "coordinates": [73.879641, 18.553363]}, "properties": {"depth": 1.41}}, {"type": "Feature", "geometry": {"type": "Point", "coordinates": [73.941448, 18.515999]}, "properties": {"depth": 2.74}}, {"type": "Feature", "geometry": {"type": "Point", "coordinates": [73.94104, 18.516319]}, "properties": {"depth": 1.45}}, {"type": "Feature", "geometry": {"type": "Point", "coordinates": [73.94156, 18.516421]}, "properties": {"depth": 4.63}}, {"type": "Feature", "geometry": {"type": "Point", "coordinates": [73.941142, 18.516975]}, "properties": {"depth": 2.03}}, {"type": "Feature", "geometry": {"type": "Point", "coordinates": [73.941852, 18.518578]}, "properties": {"depth": 0.39}}, {"type": "Feature", "geometry": {"type": "Point", "coordinates": [73.94055, 18.517659]}, "properties": {"depth": 4.01}}, {"type": "Feature", "geometry": {"type": "Point", "coordinates": [73.938985, 18.535143]}, "properties": {"depth": 0.2}}, {"type": "Feature", "geometry": {"type": "Point", "coordinates": [73.949081, 18.543295]}, "properties": {"depth": 1.17}}, {"type": "Feature", "geometry": {"type": "Point", "coordinates": [73.949533, 18.544106]}, "properties": {"depth": 1.86}}, {"type": "Feature", "geometry": {"type": "Point", "coordinates": [73.949162, 18.544126]}, "properties": {"depth": 1.94}}, {"type": "Feature", "geometry": {"type": "Point", "coordinates": [73.948766, 18.544107]}, "properties": {"depth": 2.54}}, {"type": "Feature", "geometry": {"type": "Point", "coordinates": [73.93312, 18.537393]}, "properties": {"depth": 2.99}}, {"type": "Feature", "geometry": {"type": "Point", "coordinates": [73.933021, 18.537402]}, "properties": {"depth": 2.99}}, {"type": "Feature", "geometry": {"type": "Point", "coordinates": [73.933041, 18.537483]}, "properties": {"depth": 2.99}}, {"type": "Feature", "geometry": {"type": "Point", "coordinates": [73.933144, 18.537501]}, "properties": {"depth": 2.99}}, {"type": "Feature", "geometry": {"type": "Point", "coordinates": [73.932748, 18.537503]}, "properties": {"depth": 0.48}}, {"type": "Feature", "geometry": {"type": "Point", "coordinates": [73.932954, 18.537545]}, "properties": {"depth": 2.99}}, {"type": "Feature", "geometry": {"type": "Point", "coordinates": [73.932661, 18.537562]}, "properties": {"depth": 0.48}}, {"type": "Feature", "geometry": {"type": "Point", "coordinates": [73.932857, 18.537563]}, "properties": {"depth": 0.48}}, {"type": "Feature", "geometry": {"type": "Point", "coordinates": [73.933056, 18.537568]}, "properties": {"depth": 2.99}}, {"type": "Feature", "geometry": {"type": "Point", "coordinates": [73.932306, 18.537572]}, "properties": {"depth": 1.48}}, {"type": "Feature", "geometry": {"type": "Point", "coordinates": [73.932233, 18.537584]}, "properties": {"depth": 1.48}}, {"type": "Feature", "geometry": {"type": "Point", "coordinates": [73.932763, 18.537587]}, "properties": {"depth": 0.48}}, {"type": "Feature", "geometry": {"type": "Point", "coordinates": [73.932147, 18.537605]}, "properties": {"depth": 1.48}}, {"type": "Feature", "geometry": {"type": "Point", "coordinates": [73.933163, 18.537615]}, "properties": {"depth": 2.99}}, {"type": "Feature", "geometry": {"type": "Point", "coordinates": [73.931878, 18.537674]}, "properties": {"depth": 1.2}}, {"type": "Feature", "geometry": {"type": "Point", "coordinates": [73.932744, 18.537706]}, "properties": {"depth": 2.55}}, {"type": "Feature", "geometry": {"type": "Point", "coordinates": [73.932606, 18.53772]}, "properties": {"depth": 2.39}}, {"type": "Feature", "geometry": {"type": "Point", "coordinates": [73.932671, 18.537721]}, "properties": {"depth": 2.55}}, {"type": "Feature", "geometry": {"type": "Point", "coordinates": [73.932445, 18.537736]}, "properties": {"depth": 2.39}}, {"type": "Feature", "geometry": {"type": "Point", "coordinates": [73.931614, 18.537627]}, "properties": {"depth": 4.87}}, {"type": "Feature", "geometry": {"type": "Point", "coordinates": [73.931337, 18.537645]}, "properties": {"depth": 2.14}}, {"type": "Feature", "geometry": {"type": "Point", "coordinates": [73.93143, 18.537647]}, "properties": {"depth": 2.14}}, {"type": "Feature", "geometry": {"type": "Point", "coordinates": [73.931536, 18.53765]}, "properties": {"depth": 1.59}}, {"type": "Feature", "geometry": {"type": "Point", "coordinates": [73.931277, 18.537658]}, "properties": {"depth": 2.14}}, {"type": "Feature", "geometry": {"type": "Point", "coordinates": [73.931796, 18.537699]}, "properties": {"depth": 1.59}}, {"type": "Feature", "geometry": {"type": "Point", "coordinates": [73.931694, 18.537708]}, "properties": {"depth": 1.59}}, {"type": "Feature", "geometry": {"type": "Point", "coordinates": [73.931611, 18.537718]}, "properties": {"depth": 1.59}}, {"type": "Feature", "geometry": {"type": "Point", "coordinates": [73.931028, 18.537719]}, "properties": {"depth": 3.22}}, {"type": "Feature", "geometry": {"type": "Point", "coordinates": [73.931524, 18.537727]}, "properties": {"depth": 2.14}}, {"type": "Feature", "geometry": {"type": "Point", "coordinates": [73.932531, 18.537737]}, "properties": {"depth": 2.39}}, {"type": "Feature", "geometry": {"type": "Point", "coordinates": [73.93238, 18.537741]}, "properties": {"depth": 2.39}}, {"type": "Feature", "geometry": {"type": "Point", "coordinates": [73.932147, 18.537757]}, "properties": {"depth": 0.11}}, {"type": "Feature", "geometry": {"type": "Point", "coordinates": [73.932743, 18.537761]}, "properties": {"depth": 2.55}}, {"type": "Feature", "geometry": {"type": "Point", "coordinates": [73.932907, 18.537763]}, "properties": {"depth": 2.55}}, {"type": "Feature", "geometry": {"type": "Point", "coordinates": [73.932217, 18.537761]}, "properties": {"depth": 0.11}}, {"type": "Feature", "geometry": {"type": "Point", "coordinates": [73.932296, 18.537765]}, "properties": {"depth": 0.11}}, {"type": "Feature", "geometry": {"type": "Point", "coordinates": [73.932083, 18.537775]}, "properties": {"depth": 1.2}}, {"type": "Feature", "geometry": {"type": "Point", "coordinates": [73.933182, 18.537782]}, "properties": {"depth": 2.07}}, {"type": "Feature", "geometry": {"type": "Point", "coordinates": [73.932006, 18.537782]}, "properties": {"depth": 1.2}}, {"type": "Feature", "geometry": {"type": "Point", "coordinates": [73.933449, 18.537736]}, "properties": {"depth": 0.18}}, {"type": "Feature", "geometry": {"type": "Point", "coordinates": [73.933327, 18.53775]}, "properties": {"depth": 0.18}}, {"type": "Feature", "geometry": {"type": "Point", "coordinates": [73.933387, 18.537863]}, "properties": {"depth": 0.18}}, {"type": "Feature", "geometry": {"type": "Point", "coordinates": [73.933063, 18.5378]}, "properties": {"depth": 2.07}}, {"type": "Feature", "geometry": {"type": "Point", "coordinates": [73.93264, 18.537814]}, "properties": {"depth": 2.55}}, {"type": "Feature", "geometry": {"type": "Point", "coordinates": [73.932758, 18.537827]}, "properties": {"depth": 2.55}}, {"type": "Feature", "geometry": {"type": "Point", "coordinates": [73.932535, 18.537832]}, "properties": {"depth": 2.39}}, {"type": "Feature", "geometry": {"type": "Point", "coordinates": [73.932446, 18.537831]}, "properties": {"depth": 2.39}}, {"type": "Feature", "geometry": {"type": "Point", "coordinates": [73.932374, 18.537829]}, "properties": {"depth": 2.39}}, {"type": "Feature", "geometry": {"type": "Point", "coordinates": [73.93187, 18.537831]}, "properties": {"depth": 1.2}}, {"type": "Feature", "geometry": {"type": "Point", "coordinates": [73.932263, 18.53785]}, "properties": {"depth": 0.11}}, {"type": "Feature", "geometry": {"type": "Point", "coordinates": [73.93238, 18.537971]}, "properties": {"depth": 0.61}}, {"type": "Feature", "geometry": {"type": "Point", "coordinates": [73.931739, 18.537545]}, "properties": {"depth": 4.87}}, {"type": "Feature", "geometry": {"type": "Point", "coordinates": [73.931521, 18.537556]}, "properties": {"depth": 5.56}}, {"type": "Feature", "geometry": {"type": "Point", "coordinates": [73.931418, 18.537556]}, "properties": {"depth": 5.56}}, {"type": "Feature", "geometry": {"type": "Point", "coordinates": [73.930705, 18.537782]}, "properties": {"depth": 2.94}}, {"type": "Feature", "geometry": {"type": "Point", "coordinates": [73.930593, 18.537796]}, "properties": {"depth": 4.22}}, {"type": "Feature", "geometry": {"type": "Point", "coordinates": [73.930485, 18.537822]}, "properties": {"depth": 4.22}}, {"type": "Feature", "geometry": {"type": "Point", "coordinates": [73.930713, 18.537949]}, "properties": {"depth": 1.45}}, {"type": "Feature", "geometry": {"type": "Point", "coordinates": [73.930733, 18.538015]}, "properties": {"depth": 1.45}}, {"type": "Feature", "geometry": {"type": "Point", "coordinates": [73.931452, 18.537729]}, "properties": {"depth": 2.14}}, {"type": "Feature", "geometry": {"type": "Point", "coordinates": [73.93137, 18.537729]}, "properties": {"depth": 2.14}}, {"type": "Feature", "geometry": {"type": "Point", "coordinates": [73.931306, 18.537734]}, "properties": {"depth": 2.14}}, {"type": "Feature", "geometry": {"type": "Point", "coordinates": [73.93121, 18.537743]}, "properties": {"depth": 3.22}}, {"type": "Feature", "geometry": {"type": "Point", "coordinates": [73.930803, 18.53775]}, "properties": {"depth": 2.94}}, {"type": "Feature", "geometry": {"type": "Point", "coordinates": [73.930897, 18.537777]}, "properties": {"depth": 2.94}}, {"type": "Feature", "geometry": {"type": "Point", "coordinates": [73.931046, 18.53778]}, "properties": {"depth": 3.22}}, {"type": "Feature", "geometry": {"type": "Point", "coordinates": [73.931563, 18.537872]}, "properties": {"depth": 1.59}}, {"type": "Feature", "geometry": {"type": "Point", "coordinates": [73.93139, 18.537878]}, "properties": {"depth": 2.14}}, {"type": "Feature", "geometry": {"type": "Point", "coordinates": [73.931489, 18.537889]}, "properties": {"depth": 2.14}}, {"type": "Feature", "geometry": {"type": "Point", "coordinates": [73.930846, 18.537922]}, "properties": {"depth": 1.45}}, {"type": "Feature", "geometry": {"type": "Point", "coordinates": [73.931413, 18.537947]}, "properties": {"depth": 1.77}}, {"type": "Feature", "geometry": {"type": "Point", "coordinates": [73.930864, 18.537992]}, "properties": {"depth": 1.45}}, {"type": "Feature", "geometry": {"type": "Point", "coordinates": [73.931051, 18.537997]}, "properties": {"depth": 1.34}}, {"type": "Feature", "geometry": {"type": "Point", "coordinates": [73.931823, 18.538002]}, "properties": {"depth": 2.11}}, {"type": "Feature", "geometry": {"type": "Point", "coordinates": [73.931167, 18.537999]}, "properties": {"depth": 1.34}}, {"type": "Feature", "geometry": {"type": "Point", "coordinates": [73.931624, 18.538008]}, "properties": {"depth": 2.03}}, {"type": "Feature", "geometry": {"type": "Point", "coordinates": [73.931709, 18.538009]}, "properties": {"depth": 2.03}}, {"type": "Feature", "geometry": {"type": "Point", "coordinates": [73.931522, 18.538013]}, "properties": {"depth": 1.77}}, {"type": "Feature", "geometry": {"type": "Point", "coordinates": [73.931432, 18.538027]}, "properties": {"depth": 1.77}}, {"type": "Feature", "geometry": {"type": "Point", "coordinates": [73.931356, 18.538037]}, "properties": {"depth": 1.77}}, {"type": "Feature", "geometry": {"type": "Point", "coordinates": [73.931276, 18.538056]}, "properties": {"depth": 1.77}}, {"type": "Feature", "geometry": {"type": "Point", "coordinates": [73.931064, 18.538084]}, "properties": {"depth": 1.34}}, {"type": "Feature", "geometry": {"type": "Point", "coordinates": [73.931182, 18.538086]}, "properties": {"depth": 1.34}}, {"type": "Feature", "geometry": {"type": "Point", "coordinates": [73.930897, 18.538092]}, "properties": {"depth": 1.45}}, {"type": "Feature", "geometry": {"type": "Point", "coordinates": [73.930812, 18.538105]}, "properties": {"depth": 1.45}}, {"type": "Feature", "geometry": {"type": "Point", "coordinates": [73.93168, 18.53815]}, "properties": {"depth": 2.03}}, {"type": "Feature", "geometry": {"type": "Point", "coordinates": [73.931596, 18.538151]}, "properties": {"depth": 2.03}}, {"type": "Feature", "geometry": {"type": "Point", "coordinates": [73.93182, 18.538156]}, "properties": {"depth": 2.11}}, {"type": "Feature", "geometry": {"type": "Point", "coordinates": [73.93141, 18.53818]}, "properties": {"depth": 1.77}}, {"type": "Feature", "geometry": {"type": "Point", "coordinates": [73.930023, 18.538108]}, "properties": {"depth": 3.41}}, {"type": "Feature", "geometry": {"type": "Point", "coordinates": [73.93076, 18.538114]}, "properties": {"depth": 1.45}}, {"type": "Feature", "geometry": {"type": "Point", "coordinates": [73.930707, 18.538125]}, "properties": {"depth": 1.45}}, {"type": "Feature", "geometry": {"type": "Point", "coordinates": [73.929875, 18.538139]}, "properties": {"depth": 3.41}}, {"type": "Feature", "geometry": {"type": "Point", "coordinates": [73.930288, 18.538179]}, "properties": {"depth": 2.77}}, {"type": "Feature", "geometry": {"type": "Point", "coordinates": [73.930207, 18.538189]}, "properties": {"depth": 2.77}}, {"type": "Feature", "geometry": {"type": "Point", "coordinates": [73.93036, 18.538192]}, "properties": {"depth": 2.77}}, {"type": "Feature", "geometry": {"type": "Point", "coordinates": [73.930052, 18.538216]}, "properties": {"depth": 0.98}}, {"type": "Feature", "geometry": {"type": "Point", "coordinates": [73.930444, 18.538218]}, "properties": {"depth": 0.1}}, {"type": "Feature", "geometry": {"type": "Point", "coordinates": [73.930748, 18.538328]}, "properties": {"depth": 1.88}}, {"type": "Feature", "geometry": {"type": "Point", "coordinates": [73.931137, 18.538341]}, "properties": {"depth": 1.32}}, {"type": "Feature", "geometry": {"type": "Point", "coordinates": [73.931086, 18.53835]}, "properties": {"depth": 1.32}}, {"type": "Feature", "geometry": {"type": "Point", "coordinates": [73.931426, 18.538369]}, "properties": {"depth": 0.8}}, {"type": "Feature", "geometry": {"type": "Point", "coordinates": [73.930778, 18.538423]}, "properties": {"depth": 1.88}}, {"type": "Feature", "geometry": {"type": "Point", "coordinates": [73.931415, 18.538428]}, "properties": {"depth": 0.8}}, {"type": "Feature", "geometry": {"type": "Point", "coordinates": [73.931235, 18.538427]}, "properties": {"depth": 1.32}}, {"type": "Feature", "geometry": {"type": "Point", "coordinates": [73.931142, 18.538438]}, "properties": {"depth": 1.32}}, {"type": "Feature", "geometry": {"type": "Point", "coordinates": [73.930664, 18.538383]}, "properties": {"depth": 0.1}}, {"type": "Feature", "geometry": {"type": "Point", "coordinates": [73.930576, 18.538389]}, "properties": {"depth": 0.1}}, {"type": "Feature", "geometry": {"type": "Point", "coordinates": [73.930516, 18.538394]}, "properties": {"depth": 0.1}}, {"type": "Feature", "geometry": {"type": "Point", "coordinates": [73.92999, 18.538398]}, "properties": {"depth": 0.98}}, {"type": "Feature", "geometry": {"type": "Point", "coordinates": [73.930278, 18.538404]}, "properties": {"depth": 1.42}}, {"type": "Feature", "geometry": {"type": "Point", "coordinates": [73.929654, 18.538437]}, "properties": {"depth": 1.44}}, {"type": "Feature", "geometry": {"type": "Point", "coordinates": [73.930489, 18.53847]}, "properties": {"depth": 0.1}}, {"type": "Feature", "geometry": {"type": "Point", "coordinates": [73.93039, 18.538478]}, "properties": {"depth": 0.38}}, {"type": "Feature", "geometry": {"type": "Point", "coordinates": [73.930285, 18.538496]}, "properties": {"depth": 0.38}}, {"type": "Feature", "geometry": {"type": "Point", "coordinates": [73.930701, 18.538557]}, "properties": {"depth": 0.46}}, {"type": "Feature", "geometry": {"type": "Point", "coordinates": [73.931883, 18.537987]}, "properties": {"depth": 2.11}}, {"type": "Feature", "geometry": {"type": "Point", "coordinates": [73.932205, 18.538053]}, "properties": {"depth": 1.04}}, {"type": "Feature", "geometry": {"type": "Point", "coordinates": [73.932064, 18.53806]}, "properties": {"depth": 2.11}}, {"type": "Feature", "geometry": {"type": "Point", "coordinates": [73.93248, 18.538065]}, "properties": {"depth": 0.61}}, {"type": "Feature", "geometry": {"type": "Point", "coordinates": [73.932558, 18.538071]}, "properties": {"depth": 0.61}}, {"type": "Feature", "geometry": {"type": "Point", "coordinates": [73.932387, 18.538082]}, "properties": {"depth": 0.61}}, {"type": "Feature", "geometry": {"type": "Point", "coordinates": [73.932309, 18.538095]}, "properties": {"depth": 1.04}}, {"type": "Feature", "geometry": {"type": "Point", "coordinates": [73.931498, 18.538198]}, "properties": {"depth": 0.8}}, {"type": "Feature", "geometry": {"type": "Point", "coordinates": [73.931403, 18.538248]}, "properties": {"depth": 0.8}}, {"type": "Feature", "geometry": {"type": "Point", "coordinates": [73.931519, 18.538254]}, "properties": {"depth": 0.8}}, {"type": "Feature", "geometry": {"type": "Point", "coordinates": [73.93117, 18.538275]}, "properties": {"depth": 1.32}}, {"type": "Feature", "geometry": {"type": "Point", "coordinates": [73.930867, 18.538299]}, "properties": {"depth": 1.88}}, {"type": "Feature", "geometry": {"type": "Point", "coordinates": [73.931448, 18.538313]}, "properties": {"depth": 0.8}}, {"type": "Feature", "geometry": {"type": "Point", "coordinates": [73.931002, 18.538469]}, "properties": {"depth": 1.32}}, {"type": "Feature", "geometry": {"type": "Point", "coordinates": [73.930956, 18.538524]}, "properties": {"depth": 0.46}}, {"type": "Feature", "geometry": {"type": "Point", "coordinates": [73.930806, 18.538547]}, "properties": {"depth": 0.46}}, {"type": "Feature", "geometry": {"type": "Point", "coordinates": [73.930062, 18.538572]}, "properties": {"depth": 0.73}}, {"type": "Feature", "geometry": {"type": "Point", "coordinates": [73.930281, 18.538578]}, "properties": {"depth": 0.38}}, {"type": "Feature", "geometry": {"type": "Point", "coordinates": [73.9304, 18.538609]}, "properties": {"depth": 0.38}}, {"type": "Feature", "geometry": {"type": "Point", "coordinates": [73.929612, 18.538606]}, "properties": {"depth": 0.01}}, {"type": "Feature", "geometry": {"type": "Point", "coordinates": [73.930058, 18.538653]}, "properties": {"depth": 0.73}}, {"type": "Feature", "geometry": {"type": "Point", "coordinates": [73.930295, 18.538675]}, "properties": {"depth": 0.38}}, {"type": "Feature", "geometry": {"type": "Point", "coordinates": [73.930537, 18.538835]}, "properties": {"depth": 0.05}}, {"type": "Feature", "geometry": {"type": "Point", "coordinates": [73.785077, 18.462096]}, "properties": {"depth": 0.2}}, {"type": "Feature", "geometry": {"type": "Point", "coordinates": [73.784327, 18.461858]}, "properties": {"depth": 0.2}}, {"type": "Feature", "geometry": {"type": "Point", "coordinates": [73.830051, 18.468783]}, "properties": {"depth": 28.47}}, {"type": "Feature", "geometry": {"type": "Point", "coordinates": [73.830355, 18.46889]}, "properties": {"depth": 26.7}}, {"type": "Feature", "geometry": {"type": "Point", "coordinates": [73.829901, 18.468895]}, "properties": {"depth": 28.47}}, {"type": "Feature", "geometry": {"type": "Point", "coordinates": [73.831484, 18.468803]}, "properties": {"depth": 23.34}}, {"type": "Feature", "geometry": {"type": "Point", "coordinates": [73.83131, 18.468825]}, "properties": {"depth": 23.34}}, {"type": "Feature", "geometry": {"type": "Point", "coordinates": [73.831161, 18.468876]}, "properties": {"depth": 23.91}}, {"type": "Feature", "geometry": {"type": "Point", "coordinates": [73.831013, 18.468952]}, "properties": {"depth": 23.91}}, {"type": "Feature", "geometry": {"type": "Point", "coordinates": [73.831304, 18.468987]}, "properties": {"depth": 23.34}}, {"type": "Feature", "geometry": {"type": "Point", "coordinates": [73.831153, 18.468996]}, "properties": {"depth": 23.91}}, {"type": "Feature", "geometry": {"type": "Point", "coordinates": [73.829695, 18.468823]}, "properties": {"depth": 29.1}}, {"type": "Feature", "geometry": {"type": "Point", "coordinates": [73.829623, 18.469004]}, "properties": {"depth": 29.1}}, {"type": "Feature", "geometry": {"type": "Point", "coordinates": [73.829335, 18.469052]}, "properties": {"depth": 29.17}}, {"type": "Feature", "geometry": {"type": "Point", "coordinates": [73.82966, 18.469109]}, "properties": {"depth": 31.61}}, {"type": "Feature", "geometry": {"type": "Point", "coordinates": [73.829596, 18.469117]}, "properties": {"depth": 31.61}}, {"type": "Feature", "geometry": {"type": "Point", "coordinates": [73.82951, 18.469132]}, "properties": {"depth": 29.17}}, {"type": "Feature", "geometry": {"type": "Point", "coordinates": [73.829381, 18.469166]}, "properties": {"depth": 29.17}}, {"type": "Feature", "geometry": {"type": "Point", "coordinates": [73.829416, 18.469322]}, "properties": {"depth": 28.29}}, {"type": "Feature", "geometry": {"type": "Point", "coordinates": [73.829574, 18.469347]}, "properties": {"depth": 28.29}}, {"type": "Feature", "geometry": {"type": "Point", "coordinates": [73.829446, 18.469441]}, "properties": {"depth": 28.29}}, {"type": "Feature", "geometry": {"type": "Point", "coordinates": [73.830055, 18.468898]}, "properties": {"depth": 28.47}}, {"type": "Feature", "geometry": {"type": "Point", "coordinates": [73.830855, 18.468905]}, "properties": {"depth": 24.58}}, {"type": "Feature", "geometry": {"type": "Point", "coordinates": [73.830815, 18.469342]}, "properties": {"depth": 17.62}}, {"type": "Feature", "geometry": {"type": "Point", "coordinates": [73.830346, 18.469378]}, "properties": {"depth": 25.16}}, {"type": "Feature", "geometry": {"type": "Point", "coordinates": [73.829779, 18.469415]}, "properties": {"depth": 30.41}}, {"type": "Feature", "geometry": {"type": "Point", "coordinates": [73.830522, 18.469778]}, "properties": {"depth": 24.46}}, {"type": "Feature", "geometry": {"type": "Point", "coordinates": [73.829796, 18.469838]}, "properties": {"depth": 30.98}}, {"type": "Feature", "geometry": {"type": "Point", "coordinates": [73.829979, 18.470107]}, "properties": {"depth": 22.31}}, {"type": "Feature", "geometry": {"type": "Point", "coordinates": [73.831471, 18.469053]}, "properties": {"depth": 22.15}}, {"type": "Feature", "geometry": {"type": "Point", "coordinates": [73.83116, 18.469081]}, "properties": {"depth": 21.08}}, {"type": "Feature", "geometry": {"type": "Point", "coordinates": [73.83131, 18.469096]}, "properties": {"depth": 22.15}}, {"type": "Feature", "geometry": {"type": "Point", "coordinates": [73.83187, 18.469211]}, "properties": {"depth": 16.85}}, {"type": "Feature", "geometry": {"type": "Point", "coordinates": [73.831725, 18.469239]}, "properties": {"depth": 17.9}}, {"type": "Feature", "geometry": {"type": "Point", "coordinates": [73.831203, 18.469237]}, "properties": {"depth": 21.08}}, {"type": "Feature", "geometry": {"type": "Point", "coordinates": [73.83148, 18.469316]}, "properties": {"depth": 22.1}}, {"type": "Feature", "geometry": {"type": "Point", "coordinates": [73.831194, 18.469464]}, "properties": {"depth": 16.35}}, {"type": "Feature", "geometry": {"type": "Point", "coordinates": [73.772969, 18.458734]}, "properties": {"depth": 0.2}}, {"type": "Feature", "geometry": {"type": "Point", "coordinates": [73.773211, 18.458929]}, "properties": {"depth": 0.2}}, {"type": "Feature", "geometry": {"type": "Point", "coordinates": [73.773238, 18.459002]}, "properties": {"depth": 0.2}}, {"type": "Feature", "geometry": {"type": "Point", "coordinates": [73.752098, 18.551905]}, "properties": {"depth": 2.45}}, {"type": "Feature", "geometry": {"type": "Point", "coordinates": [73.752479, 18.551979]}, "properties": {"depth": 2.29}}, {"type": "Feature", "geometry": {"type": "Point", "coordinates": [73.750905, 18.552518]}, "properties": {"depth": 1.81}}, {"type": "Feature", "geometry": {"type": "Point", "coordinates": [73.749043, 18.56374]}, "properties": {"depth": 0.5}}, {"type": "Feature", "geometry": {"type": "Point", "coordinates": [73.816191, 18.481602]}, "properties": {"depth": 0.79}}, {"type": "Feature", "geometry": {"type": "Point", "coordinates": [73.816339, 18.481674]}, "properties": {"depth": 1.3}}, {"type": "Feature", "geometry": {"type": "Point", "coordinates": [73.816451, 18.481789]}, "properties": {"depth": 1.3}}, {"type": "Feature", "geometry": {"type": "Point", "coordinates": [73.821338, 18.481709]}, "properties": {"depth": 0.44}}, {"type": "Feature", "geometry": {"type": "Point", "coordinates": [73.821558, 18.481753]}, "properties": {"depth": 0.57}}, {"type": "Feature", "geometry": {"type": "Point", "coordinates": [73.825651, 18.483627]}, "properties": {"depth": 2.52}}, {"type": "Feature", "geometry": {"type": "Point", "coordinates": [73.835516, 18.491801]}, "properties": {"depth": 2.55}}, {"type": "Feature", "geometry": {"type": "Point", "coordinates": [73.849163, 18.501416]}, "properties": {"depth": 0.31}}, {"type": "Feature", "geometry": {"type": "Point", "coordinates": [73.849338, 18.501634]}, "properties": {"depth": 0.31}}, {"type": "Feature", "geometry": {"type": "Point", "coordinates": [73.849129, 18.50167]}, "properties": {"depth": 0.71}}, {"type": "Feature", "geometry": {"type": "Point", "coordinates": [73.849249, 18.501993]}, "properties": {"depth": 1.15}}, {"type": "Feature", "geometry": {"type": "Point", "coordinates": [73.849029, 18.502024]}, "properties": {"depth": 1.15}}, {"type": "Feature", "geometry": {"type": "Point", "coordinates": [73.849302, 18.502851]}, "properties": {"depth": 6.65}}, {"type": "Feature", "geometry": {"type": "Point", "coordinates": [73.849157, 18.503049]}, "properties": {"depth": 3.77}}, {"type": "Feature", "geometry": {"type": "Point", "coordinates": [73.84904, 18.503331]}, "properties": {"depth": 7.05}}, {"type": "Feature", "geometry": {"type": "Point", "coordinates": [73.849345, 18.503334]}, "properties": {"depth": 7.65}}, {"type": "Feature", "geometry": {"type": "Point", "coordinates": [73.849129, 18.50355]}, "properties": {"depth": 9.25}}, {"type": "Feature", "geometry": {"type": "Point", "coordinates": [73.835786, 18.50113]}, "properties": {"depth": 0.48}}, {"type": "Feature", "geometry": {"type": "Point", "coordinates": [73.836147, 18.501868]}, "properties": {"depth": 0.92}}, {"type": "Feature", "geometry": {"type": "Point", "coordinates": [73.835491, 18.502142]}, "properties": {"depth": 0.7}}, {"type": "Feature", "geometry": {"type": "Point", "coordinates": [73.835947, 18.503856]}, "properties": {"depth": 1.5}}, {"type": "Feature", "geometry": {"type": "Point", "coordinates": [73.835424, 18.506044]}, "properties": {"depth": 3.82}}, {"type": "Feature", "geometry": {"type": "Point", "coordinates": [73.849309, 18.50418]}, "properties": {"depth": 5.6}}, {"type": "Feature", "geometry": {"type": "Point", "coordinates": [73.787813, 18.536558]}, "properties": {"depth": 6.19}}, {"type": "Feature", "geometry": {"type": "Point", "coordinates": [73.791269, 18.535209]}, "properties": {"depth": 0.25}}, {"type": "Feature", "geometry": {"type": "Point", "coordinates": [73.790108, 18.537324]}, "properties": {"depth": 1.85}}, {"type": "Feature", "geometry": {"type": "Point", "coordinates": [73.789992, 18.537382]}, "properties": {"depth": 2.88}}, {"type": "Feature", "geometry": {"type": "Point", "coordinates": [73.78973, 18.53741]}, "properties": {"depth": 8.14}}, {"type": "Feature", "geometry": {"type": "Point", "coordinates": [73.789825, 18.537827]}, "properties": {"depth": 5.28}}, {"type": "Feature", "geometry": {"type": "Point", "coordinates": [73.789776, 18.537916]}, "properties": {"depth": 5.28}}, {"type": "Feature", "geometry": {"type": "Point", "coordinates": [73.788006, 18.536584]}, "properties": {"depth": 5.1}}, {"type": "Feature", "geometry": {"type": "Point", "coordinates": [73.78824, 18.536989]}, "properties": {"depth": 5.27}}, {"type": "Feature", "geometry": {"type": "Point", "coordinates": [73.787581, 18.536563]}, "properties": {"depth": 4.52}}, {"type": "Feature", "geometry": {"type": "Point", "coordinates": [73.786447, 18.538079]}, "properties": {"depth": 0.46}}, {"type": "Feature", "geometry": {"type": "Point", "coordinates": [73.786972, 18.538206]}, "properties": {"depth": 2.15}}, {"type": "Feature", "geometry": {"type": "Point", "coordinates": [73.786773, 18.538234]}, "properties": {"depth": 1.58}}, {"type": "Feature", "geometry": {"type": "Point", "coordinates": [73.785825, 18.537857]}, "properties": {"depth": 1.7}}, {"type": "Feature", "geometry": {"type": "Point", "coordinates": [73.786285, 18.538074]}, "properties": {"depth": 0.46}}, {"type": "Feature", "geometry": {"type": "Point", "coordinates": [73.785873, 18.53817]}, "properties": {"depth": 1.1}}, {"type": "Feature", "geometry": {"type": "Point", "coordinates": [73.785575, 18.538203]}, "properties": {"depth": 0.92}}, {"type": "Feature", "geometry": {"type": "Point", "coordinates": [73.786266, 18.538282]}, "properties": {"depth": 1.37}}, {"type": "Feature", "geometry": {"type": "Point", "coordinates": [73.786185, 18.538291]}, "properties": {"depth": 1.51}}, {"type": "Feature", "geometry": {"type": "Point", "coordinates": [73.785734, 18.538363]}, "properties": {"depth": 0.68}}, {"type": "Feature", "geometry": {"type": "Point", "coordinates": [73.785631, 18.538365]}, "properties": {"depth": 0.92}}, {"type": "Feature", "geometry": {"type": "Point", "coordinates": [73.785525, 18.538382]}, "properties": {"depth": 0.92}}, {"type": "Feature", "geometry": {"type": "Point", "coordinates": [73.786446, 18.538259]}, "properties": {"depth": 1.37}}, {"type": "Feature", "geometry": {"type": "Point", "coordinates": [73.786351, 18.538265]}, "properties": {"depth": 1.37}}, {"type": "Feature", "geometry": {"type": "Point", "coordinates": [73.787443, 18.538362]}, "properties": {"depth": 0.44}}, {"type": "Feature", "geometry": {"type": "Point", "coordinates": [73.836038, 18.5072]}, "properties": {"depth": 0.13}}, {"type": "Feature", "geometry": {"type": "Point", "coordinates": [73.813623, 18.530391]}, "properties": {"depth": 22.29}}, {"type": "Feature", "geometry": {"type": "Point", "coordinates": [73.814221, 18.530463]}, "properties": {"depth": 38.78}}, {"type": "Feature", "geometry": {"type": "Point", "coordinates": [73.813928, 18.530471]}, "properties": {"depth": 20.34}}, {"type": "Feature", "geometry": {"type": "Point", "coordinates": [73.813678, 18.530571]}, "properties": {"depth": 22.18}}, {"type": "Feature", "geometry": {"type": "Point", "coordinates": [73.813702, 18.530695]}, "properties": {"depth": 21.8}}, {"type": "Feature", "geometry": {"type": "Point", "coordinates": [73.813712, 18.530872]}, "properties": {"depth": 21.8}}, {"type": "Feature", "geometry": {"type": "Point", "coordinates": [73.842046, 18.528479]}, "properties": {"depth": 0.2}}, {"type": "Feature", "geometry": {"type": "Point", "coordinates": [73.84379, 18.528313]}, "properties": {"depth": 2.26}}, {"type": "Feature", "geometry": {"type": "Point", "coordinates": [73.842839, 18.528911]}, "properties": {"depth": 1.6}}, {"type": "Feature", "geometry": {"type": "Point", "coordinates": [73.843702, 18.528994]}, "properties": {"depth": 3.12}}, {"type": "Feature", "geometry": {"type": "Point", "coordinates": [73.844572, 18.528188]}, "properties": {"depth": 2.48}}, {"type": "Feature", "geometry": {"type": "Point", "coordinates": [73.844421, 18.528203]}, "properties": {"depth": 3.27}}, {"type": "Feature", "geometry": {"type": "Point", "coordinates": [73.844498, 18.52838]}, "properties": {"depth": 3.27}}, {"type": "Feature", "geometry": {"type": "Point", "coordinates": [73.844295, 18.528387]}, "properties": {"depth": 2.64}}, {"type": "Feature", "geometry": {"type": "Point", "coordinates": [73.844027, 18.528585]}, "properties": {"depth": 3.88}}, {"type": "Feature", "geometry": {"type": "Point", "coordinates": [73.844271, 18.528765]}, "properties": {"depth": 2.49}}, {"type": "Feature", "geometry": {"type": "Point", "coordinates": [73.813557, 18.529878]}, "properties": {"depth": 38.86}}, {"type": "Feature", "geometry": {"type": "Point", "coordinates": [73.81352, 18.529978]}, "properties": {"depth": 38.86}}, {"type": "Feature", "geometry": {"type": "Point", "coordinates": [73.813497, 18.530102]}, "properties": {"depth": 38.86}}, {"type": "Feature", "geometry": {"type": "Point", "coordinates": [73.813489, 18.530217]}, "properties": {"depth": 22.29}}, {"type": "Feature", "geometry": {"type": "Point", "coordinates": [73.813251, 18.530239]}, "properties": {"depth": 21.09}}, {"type": "Feature", "geometry": {"type": "Point", "coordinates": [73.813418, 18.530393]}, "properties": {"depth": 21.09}}, {"type": "Feature", "geometry": {"type": "Point", "coordinates": [73.813239, 18.530404]}, "properties": {"depth": 21.09}}, {"type": "Feature", "geometry": {"type": "Point", "coordinates": [73.813501, 18.530589]}, "properties": {"depth": 22.18}}, {"type": "Feature", "geometry": {"type": "Point", "coordinates": [73.813261, 18.530599]}, "properties": {"depth": 23.77}}, {"type": "Feature", "geometry": {"type": "Point", "coordinates": [73.813517, 18.530722]}, "properties": {"depth": 21.8}}, {"type": "Feature", "geometry": {"type": "Point", "coordinates": [73.81328, 18.530792]}, "properties": {"depth": 24.63}}, {"type": "Feature", "geometry": {"type": "Point", "coordinates": [73.813527, 18.530905]}, "properties": {"depth": 21.8}}, {"type": "Feature", "geometry": {"type": "Point", "coordinates": [73.8133, 18.530979]}, "properties": {"depth": 24.41}}, {"type": "Feature", "geometry": {"type": "Point", "coordinates": [73.813544, 18.531032]}, "properties": {"depth": 21.71}}, {"type": "Feature", "geometry": {"type": "Point", "coordinates": [73.813319, 18.531189]}, "properties": {"depth": 24.41}}, {"type": "Feature", "geometry": {"type": "Point", "coordinates": [73.813582, 18.531242]}, "properties": {"depth": 21.71}}, {"type": "Feature", "geometry": {"type": "Point", "coordinates": [73.813238, 18.531383]}, "properties": {"depth": 24.77}}, {"type": "Feature", "geometry": {"type": "Point", "coordinates": [73.813516, 18.531585]}, "properties": {"depth": 15.71}}, {"type": "Feature", "geometry": {"type": "Point", "coordinates": [73.813346, 18.531666]}, "properties": {"depth": 22.68}}, {"type": "Feature", "geometry": {"type": "Point", "coordinates": [73.813495, 18.531802]}, "properties": {"depth": 15.71}}, {"type": "Feature", "geometry": {"type": "Point", "coordinates": [73.814091, 18.530886]}, "properties": {"depth": 16.53}}, {"type": "Feature", "geometry": {"type": "Point", "coordinates": [73.814474, 18.530967]}, "properties": {"depth": 30.53}}, {"type": "Feature", "geometry": {"type": "Point", "coordinates": [73.813731, 18.531008]}, "properties": {"depth": 21.71}}, {"type": "Feature", "geometry": {"type": "Point", "coordinates": [73.814314, 18.531131]}, "properties": {"depth": 13.76}}, {"type": "Feature", "geometry": {"type": "Point", "coordinates": [73.813735, 18.531192]}, "properties": {"depth": 21.71}}, {"type": "Feature", "geometry": {"type": "Point", "coordinates": [73.814105, 18.531258]}, "properties": {"depth": 15.54}}, {"type": "Feature", "geometry": {"type": "Point", "coordinates": [73.813843, 18.531424]}, "properties": {"depth": 20.3}}, {"type": "Feature", "geometry": {"type": "Point", "coordinates": [73.813685, 18.531504]}, "properties": {"depth": 23.21}}, {"type": "Feature", "geometry": {"type": "Point", "coordinates": [73.813851, 18.531959]}, "properties": {"depth": 9.2}}, {"type": "Feature", "geometry": {"type": "Point", "coordinates": [73.813513, 18.532217]}, "properties": {"depth": 10.63}}, {"type": "Feature", "geometry": {"type": "Point", "coordinates": [73.81482, 18.530535]}, "properties": {"depth": 32.46}}, {"type": "Feature", "geometry": {"type": "Point", "coordinates": [73.745179, 18.565874]}, "properties": {"depth": 2.23}}, {"type": "Feature", "geometry": {"type": "Point", "coordinates": [73.745198, 18.565969]}, "properties": {"depth": 2.23}}, {"type": "Feature", "geometry": {"type": "Point", "coordinates": [73.745192, 18.566038]}, "properties": {"depth": 4.31}}, {"type": "Feature", "geometry": {"type": "Point", "coordinates": [73.745159, 18.566233]}, "properties": {"depth": 4.31}}, {"type": "Feature", "geometry": {"type": "Point", "coordinates": [73.757085, 18.574916]}, "properties": {"depth": 0.45}}, {"type": "Feature", "geometry": {"type": "Point", "coordinates": [73.757804, 18.57494]}, "properties": {"depth": 1.78}}, {"type": "Feature", "geometry": {"type": "Point", "coordinates": [73.75712, 18.575227]}, "properties": {"depth": 1.09}}, {"type": "Feature", "geometry": {"type": "Point", "coordinates": [73.758007, 18.574977]}, "properties": {"depth": 0.65}}, {"type": "Feature", "geometry": {"type": "Point", "coordinates": [73.756552, 18.5758]}, "properties": {"depth": 0.0}}, {"type": "Feature", "geometry": {"type": "Point", "coordinates": [73.756599, 18.576324]}, "properties": {"depth": 1.36}}, {"type": "Feature", "geometry": {"type": "Point", "coordinates": [73.756739, 18.577135]}, "properties": {"depth": 2.82}}, {"type": "Feature", "geometry": {"type": "Point", "coordinates": [73.75693, 18.577204]}, "properties": {"depth": 1.99}}, {"type": "Feature", "geometry": {"type": "Point", "coordinates": [73.756464, 18.577287]}, "properties": {"depth": 3.2}}, {"type": "Feature", "geometry": {"type": "Point", "coordinates": [73.75688, 18.578119]}, "properties": {"depth": 5.6}}, {"type": "Feature", "geometry": {"type": "Point", "coordinates": [73.756738, 18.578243]}, "properties": {"depth": 3.64}}, {"type": "Feature", "geometry": {"type": "Point", "coordinates": [73.756499, 18.578317]}, "properties": {"depth": 6.48}}, {"type": "Feature", "geometry": {"type": "Point", "coordinates": [73.757198, 18.578371]}, "properties": {"depth": 2.66}}, {"type": "Feature", "geometry": {"type": "Point", "coordinates": [73.757078, 18.578425]}, "properties": {"depth": 4.04}}, {"type": "Feature", "geometry": {"type": "Point", "coordinates": [73.756836, 18.578497]}, "properties": {"depth": 3.32}}, {"type": "Feature", "geometry": {"type": "Point", "coordinates": [73.757132, 18.578529]}, "properties": {"depth": 2.02}}, {"type": "Feature", "geometry": {"type": "Point", "coordinates": [73.757173, 18.578657]}, "properties": {"depth": 2.02}}, {"type": "Feature", "geometry": {"type": "Point", "coordinates": [73.975061, 18.580237]}, "properties": {"depth": 3.3}}, {"type": "Feature", "geometry": {"type": "Point", "coordinates": [73.97487, 18.580147]}, "properties": {"depth": 3.3}}, {"type": "Feature", "geometry": {"type": "Point", "coordinates": [73.97523, 18.580351]}, "properties": {"depth": 3.8}}, {"type": "Feature", "geometry": {"type": "Point", "coordinates": [73.975984, 18.580793]}, "properties": {"depth": 1.01}}, {"type": "Feature", "geometry": {"type": "Point", "coordinates": [73.976204, 18.581192]}, "properties": {"depth": 2.45}}, {"type": "Feature", "geometry": {"type": "Point", "coordinates": [73.975008, 18.581322]}, "properties": {"depth": 5.73}}, {"type": "Feature", "geometry": {"type": "Point", "coordinates": [73.975004, 18.581558]}, "properties": {"depth": 4.9}}, {"type": "Feature", "geometry": {"type": "Point", "coordinates": [73.975109, 18.581592]}, "properties": {"depth": 4.9}}, {"type": "Feature", "geometry": {"type": "Point", "coordinates": [73.975217, 18.581617]}, "properties": {"depth": 4.0}}, {"type": "Feature", "geometry": {"type": "Point", "coordinates": [73.976418, 18.581709]}, "properties": {"depth": 2.1}}, {"type": "Feature", "geometry": {"type": "Point", "coordinates": [73.976735, 18.581846]}, "properties": {"depth": 0.5}}, {"type": "Feature", "geometry": {"type": "Point", "coordinates": [73.975575, 18.581846]}, "properties": {"depth": 3.45}}, {"type": "Feature", "geometry": {"type": "Point", "coordinates": [73.977319, 18.581856]}, "properties": {"depth": 0.34}}, {"type": "Feature", "geometry": {"type": "Point", "coordinates": [73.977028, 18.5819]}, "properties": {"depth": 1.11}}, {"type": "Feature", "geometry": {"type": "Point", "coordinates": [73.975658, 18.581962]}, "properties": {"depth": 3.45}}, {"type": "Feature", "geometry": {"type": "Point", "coordinates": [73.976747, 18.581976]}, "properties": {"depth": 0.5}}, {"type": "Feature", "geometry": {"type": "Point", "coordinates": [73.977126, 18.582053]}, "properties": {"depth": 0.34}}, {"type": "Feature", "geometry": {"type": "Point", "coordinates": [73.975743, 18.582075]}, "properties": {"depth": 2.76}}, {"type": "Feature", "geometry": {"type": "Point", "coordinates": [73.975455, 18.582104]}, "properties": {"depth": 4.41}}, {"type": "Feature", "geometry": {"type": "Point", "coordinates": [73.975021, 18.582156]}, "properties": {"depth": 2.91}}, {"type": "Feature", "geometry": {"type": "Point", "coordinates": [73.975818, 18.582191]}, "properties": {"depth": 2.3}}, {"type": "Feature", "geometry": {"type": "Point", "coordinates": [73.976703, 18.582216]}, "properties": {"depth": 0.12}}, {"type": "Feature", "geometry": {"type": "Point", "coordinates": [73.975408, 18.582237]}, "properties": {"depth": 3.92}}, {"type": "Feature", "geometry": {"type": "Point", "coordinates": [73.976273, 18.582278]}, "properties": {"depth": 0.07}}, {"type": "Feature", "geometry": {"type": "Point", "coordinates": [73.975904, 18.582307]}, "properties": {"depth": 2.3}}, {"type": "Feature", "geometry": {"type": "Point", "coordinates": [73.975363, 18.582376]}, "properties": {"depth": 4.37}}, {"type": "Feature", "geometry": {"type": "Point", "coordinates": [73.975985, 18.582419]}, "properties": {"depth": 0.38}}, {"type": "Feature", "geometry": {"type": "Point", "coordinates": [73.975563, 18.582419]}, "properties": {"depth": 4.34}}, {"type": "Feature", "geometry": {"type": "Point", "coordinates": [73.975723, 18.582477]}, "properties": {"depth": 3.98}}, {"type": "Feature", "geometry": {"type": "Point", "coordinates": [73.977242, 18.582508]}, "properties": {"depth": 2.61}}, {"type": "Feature", "geometry": {"type": "Point", "coordinates": [73.97505, 18.582513]}, "properties": {"depth": 2.17}}, {"type": "Feature", "geometry": {"type": "Point", "coordinates": [73.976643, 18.582519]}, "properties": {"depth": 0.07}}, {"type": "Feature", "geometry": {"type": "Point", "coordinates": [73.976214, 18.582556]}, "properties": {"depth": 0.38}}, {"type": "Feature", "geometry": {"type": "Point", "coordinates": [73.976045, 18.582571]}, "properties": {"depth": 0.38}}, {"type": "Feature", "geometry": {"type": "Point", "coordinates": [73.975396, 18.582706]}, "properties": {"depth": 2.55}}, {"type": "Feature", "geometry": {"type": "Point", "coordinates": [73.975616, 18.582718]}, "properties": {"depth": 3.16}}, {"type": "Feature", "geometry": {"type": "Point", "coordinates": [73.974933, 18.582506]}, "properties": {"depth": 2.17}}, {"type": "Feature", "geometry": {"type": "Point", "coordinates": [73.974967, 18.582714]}, "properties": {"depth": 3.91}}, {"type": "Feature", "geometry": {"type": "Point", "coordinates": [73.975233, 18.582762]}, "properties": {"depth": 2.55}}, {"type": "Feature", "geometry": {"type": "Point", "coordinates": [73.975934, 18.582829]}, "properties": {"depth": 3.44}}, {"type": "Feature", "geometry": {"type": "Point", "coordinates": [73.976127, 18.582895]}, "properties": {"depth": 0.72}}, {"type": "Feature", "geometry": {"type": "Point", "coordinates": [73.975903, 18.582927]}, "properties": {"depth": 2.19}}, {"type": "Feature", "geometry": {"type": "Point", "coordinates": [73.975657, 18.583002]}, "properties": {"depth": 2.68}}, {"type": "Feature", "geometry": {"type": "Point", "coordinates": [73.978386, 18.582993]}, "properties": {"depth": 1.77}}, {"type": "Feature", "geometry": {"type": "Point", "coordinates": [73.974908, 18.5829]}, "properties": {"depth": 3.91}}, {"type": "Feature", "geometry": {"type": "Point", "coordinates": [73.977622, 18.583073]}, "properties": {"depth": 0.65}}, {"type": "Feature", "geometry": {"type": "Point", "coordinates": [73.976121, 18.583138]}, "properties": {"depth": 0.99}}, {"type": "Feature", "geometry": {"type": "Point", "coordinates": [73.977991, 18.583226]}, "properties": {"depth": 2.31}}, {"type": "Feature", "geometry": {"type": "Point", "coordinates": [73.975994, 18.58332]}, "properties": {"depth": 0.3}}, {"type": "Feature", "geometry": {"type": "Point", "coordinates": [73.976223, 18.583422]}, "properties": {"depth": 0.3}}, {"type": "Feature", "geometry": {"type": "Point", "coordinates": [73.97518, 18.58345]}, "properties": {"depth": 2.73}}, {"type": "Feature", "geometry": {"type": "Point", "coordinates": [73.976662, 18.584068]}, "properties": {"depth": 3.86}}, {"type": "Feature", "geometry": {"type": "Point", "coordinates": [73.9769, 18.584389]}, "properties": {"depth": 0.26}}, {"type": "Feature", "geometry": {"type": "Point", "coordinates": [73.976747, 18.584889]}, "properties": {"depth": 0.05}}, {"type": "Feature", "geometry": {"type": "Point", "coordinates": [73.976723, 18.584966]}, "properties": {"depth": 0.05}}, {"type": "Feature", "geometry": {"type": "Point", "coordinates": [73.974814, 18.584734]}, "properties": {"depth": 4.36}}, {"type": "Feature", "geometry": {"type": "Point", "coordinates": [73.974953, 18.584747]}, "properties": {"depth": 4.07}}, {"type": "Feature", "geometry": {"type": "Point", "coordinates": [73.974416, 18.584802]}, "properties": {"depth": 4.23}}, {"type": "Feature", "geometry": {"type": "Point", "coordinates": [73.974554, 18.584808]}, "properties": {"depth": 4.23}}, {"type": "Feature", "geometry": {"type": "Point", "coordinates": [73.975182, 18.585061]}, "properties": {"depth": 6.94}}, {"type": "Feature", "geometry": {"type": "Point", "coordinates": [73.975709, 18.585196]}, "properties": {"depth": 1.88}}, {"type": "Feature", "geometry": {"type": "Point", "coordinates": [73.976333, 18.585261]}, "properties": {"depth": 0.2}}, {"type": "Feature", "geometry": {"type": "Point", "coordinates": [73.974397, 18.585227]}, "properties": {"depth": 0.65}}, {"type": "Feature", "geometry": {"type": "Point", "coordinates": [73.974533, 18.585239]}, "properties": {"depth": 0.65}}, {"type": "Feature", "geometry": {"type": "Point", "coordinates": [73.974783, 18.585247]}, "properties": {"depth": 3.59}}, {"type": "Feature", "geometry": {"type": "Point", "coordinates": [73.974925, 18.585261]}, "properties": {"depth": 2.6}}, {"type": "Feature", "geometry": {"type": "Point", "coordinates": [73.976401, 18.585431]}, "properties": {"depth": 1.75}}, {"type": "Feature", "geometry": {"type": "Point", "coordinates": [73.976039, 18.585485]}, "properties": {"depth": 2.61}}, {"type": "Feature", "geometry": {"type": "Point", "coordinates": [73.97628, 18.585517]}, "properties": {"depth": 1.75}}, {"type": "Feature", "geometry": {"type": "Point", "coordinates": [73.976419, 18.585562]}, "properties": {"depth": 1.75}}, {"type": "Feature", "geometry": {"type": "Point", "coordinates": [73.976202, 18.585587]}, "properties": {"depth": 2.61}}, {"type": "Feature", "geometry": {"type": "Point", "coordinates": [73.976065, 18.585588]}, "properties": {"depth": 2.61}}, {"type": "Feature", "geometry": {"type": "Point", "coordinates": [73.97578, 18.585577]}, "properties": {"depth": 2.76}}, {"type": "Feature", "geometry": {"type": "Point", "coordinates": [73.976705, 18.58575]}, "properties": {"depth": 0.21}}, {"type": "Feature", "geometry": {"type": "Point", "coordinates": [73.976521, 18.585755]}, "properties": {"depth": 3.01}}, {"type": "Feature", "geometry": {"type": "Point", "coordinates": [73.9765, 18.585936]}, "properties": {"depth": 3.01}}, {"type": "Feature", "geometry": {"type": "Point", "coordinates": [73.976668, 18.585967]}, "properties": {"depth": 0.21}}, {"type": "Feature", "geometry": {"type": "Point", "coordinates": [73.974637, 18.58566]}, "properties": {"depth": 0.37}}, {"type": "Feature", "geometry": {"type": "Point", "coordinates": [73.974402, 18.585636]}, "properties": {"depth": 0.53}}, {"type": "Feature", "geometry": {"type": "Point", "coordinates": [73.976515, 18.586016]}, "properties": {"depth": 0.99}}, {"type": "Feature", "geometry": {"type": "Point", "coordinates": [73.976522, 18.586082]}, "properties": {"depth": 0.99}}, {"type": "Feature", "geometry": {"type": "Point", "coordinates": [73.976524, 18.586125]}, "properties": {"depth": 0.99}}, {"type": "Feature", "geometry": {"type": "Point", "coordinates": [73.976512, 18.586162]}, "properties": {"depth": 0.99}}, {"type": "Feature", "geometry": {"type": "Point", "coordinates": [73.976505, 18.586244]}, "properties": {"depth": 0.99}}, {"type": "Feature", "geometry": {"type": "Point", "coordinates": [73.890132, 18.552104]}, "properties": {"depth": 8.02}}, {"type": "Feature", "geometry": {"type": "Point", "coordinates": [73.887207, 18.557989]}, "properties": {"depth": 3.89}}, {"type": "Feature", "geometry": {"type": "Point", "coordinates": [73.887623, 18.558146]}, "properties": {"depth": 2.51}}, {"type": "Feature", "geometry": {"type": "Point", "coordinates": [73.88619, 18.557948]}, "properties": {"depth": 2.83}}, {"type": "Feature", "geometry": {"type": "Point", "coordinates": [73.886019, 18.558369]}, "properties": {"depth": 3.04}}, {"type": "Feature", "geometry": {"type": "Point", "coordinates": [73.898283, 18.557503]}, "properties": {"depth": 0.86}}, {"type": "Feature", "geometry": {"type": "Point", "coordinates": [73.897681, 18.557684]}, "properties": {"depth": 0.55}}, {"type": "Feature", "geometry": {"type": "Point", "coordinates": [73.897544, 18.557758]}, "properties": {"depth": 0.47}}, {"type": "Feature", "geometry": {"type": "Point", "coordinates": [73.898332, 18.557952]}, "properties": {"depth": 1.35}}, {"type": "Feature", "geometry": {"type": "Point", "coordinates": [73.89759, 18.557986]}, "properties": {"depth": 0.43}}, {"type": "Feature", "geometry": {"type": "Point", "coordinates": [73.898333, 18.558753]}, "properties": {"depth": 0.84}}, {"type": "Feature", "geometry": {"type": "Point", "coordinates": [73.899473, 18.559579]}, "properties": {"depth": 2.52}}, {"type": "Feature", "geometry": {"type": "Point", "coordinates": [73.879761, 18.553498]}, "properties": {"depth": 1.46}}, {"type": "Feature", "geometry": {"type": "Point", "coordinates": [73.879643, 18.553579]}, "properties": {"depth": 1.46}}, {"type": "Feature", "geometry": {"type": "Point", "coordinates": [73.879874, 18.553607]}, "properties": {"depth": 2.49}}, {"type": "Feature", "geometry": {"type": "Point", "coordinates": [73.879728, 18.553684]}, "properties": {"depth": 1.46}}, {"type": "Feature", "geometry": {"type": "Point", "coordinates": [73.87985, 18.553786]}, "properties": {"depth": 1.85}}, {"type": "Feature", "geometry": {"type": "Point", "coordinates": [73.880228, 18.554019]}, "properties": {"depth": 1.43}}, {"type": "Feature", "geometry": {"type": "Point", "coordinates": [73.879726, 18.554089]}, "properties": {"depth": 1.68}}, {"type": "Feature", "geometry": {"type": "Point", "coordinates": [73.879716, 18.554171]}, "properties": {"depth": 1.68}}, {"type": "Feature", "geometry": {"type": "Point", "coordinates": [73.880341, 18.554191]}, "properties": {"depth": 1.98}}, {"type": "Feature", "geometry": {"type": "Point", "coordinates": [73.8802, 18.554245]}, "properties": {"depth": 1.98}}, {"type": "Feature", "geometry": {"type": "Point", "coordinates": [73.879668, 18.554248]}, "properties": {"depth": 1.68}}, {"type": "Feature", "geometry": {"type": "Point", "coordinates": [73.880341, 18.55442]}, "properties": {"depth": 0.75}}, {"type": "Feature", "geometry": {"type": "Point", "coordinates": [73.879661, 18.554459]}, "properties": {"depth": 2.06}}, {"type": "Feature", "geometry": {"type": "Point", "coordinates": [73.880424, 18.554556]}, "properties": {"depth": 0.02}}, {"type": "Feature", "geometry": {"type": "Point", "coordinates": [73.88627, 18.556448]}, "properties": {"depth": 0.2}}, {"type": "Feature", "geometry": {"type": "Point", "coordinates": [73.880751, 18.554787]}, "properties": {"depth": 2.67}}, {"type": "Feature", "geometry": {"type": "Point", "coordinates": [73.880915, 18.554978]}, "properties": {"depth": 2.27}}, {"type": "Feature", "geometry": {"type": "Point", "coordinates": [73.884318, 18.556804]}, "properties": {"depth": 1.6}}, {"type": "Feature", "geometry": {"type": "Point", "coordinates": [73.884561, 18.557185]}, "properties": {"depth": 3.36}}, {"type": "Feature", "geometry": {"type": "Point", "coordinates": [73.884195, 18.55732]}, "properties": {"depth": 4.32}}, {"type": "Feature", "geometry": {"type": "Point", "coordinates": [73.885425, 18.558223]}, "properties": {"depth": 2.16}}, {"type": "Feature", "geometry": {"type": "Point", "coordinates": [73.88521, 18.558961]}, "properties": {"depth": 6.21}}, {"type": "Feature", "geometry": {"type": "Point", "coordinates": [73.853243, 18.537419]}, "properties": {"depth": 1.22}}, {"type": "Feature", "geometry": {"type": "Point", "coordinates": [73.853502, 18.53745]}, "properties": {"depth": 4.28}}, {"type": "Feature", "geometry": {"type": "Point", "coordinates": [73.853421, 18.537576]}, "properties": {"depth": 1.22}}, {"type": "Feature", "geometry": {"type": "Point", "coordinates": [73.853344, 18.537605]}, "properties": {"depth": 1.22}}, {"type": "Feature", "geometry": {"type": "Point", "coordinates": [73.853225, 18.537676]}, "properties": {"depth": 0.2}}, {"type": "Feature", "geometry": {"type": "Point", "coordinates": [73.853538, 18.538252]}, "properties": {"depth": 1.9}}, {"type": "Feature", "geometry": {"type": "Point", "coordinates": [73.853566, 18.538432]}, "properties": {"depth": 1.9}}, {"type": "Feature", "geometry": {"type": "Point", "coordinates": [73.853195, 18.537591]}, "properties": {"depth": 1.22}}, {"type": "Feature", "geometry": {"type": "Point", "coordinates": [73.853007, 18.537743]}, "properties": {"depth": 0.02}}, {"type": "Feature", "geometry": {"type": "Point", "coordinates": [73.853013, 18.537891]}, "properties": {"depth": 0.02}}, {"type": "Feature", "geometry": {"type": "Point", "coordinates": [73.853413, 18.538476]}, "properties": {"depth": 1.43}}, {"type": "Feature", "geometry": {"type": "Point", "coordinates": [73.853488, 18.53851]}, "properties": {"depth": 2.24}}, {"type": "Feature", "geometry": {"type": "Point", "coordinates": [73.853434, 18.538609]}, "properties": {"depth": 1.43}}, {"type": "Feature", "geometry": {"type": "Point", "coordinates": [73.866774, 18.584591]}, "properties": {"depth": 0.35}}, {"type": "Feature", "geometry": {"type": "Point", "coordinates": [73.865902, 18.586548]}, "properties": {"depth": 0.4}}, {"type": "Feature", "geometry": {"type": "Point", "coordinates": [73.865597, 18.587361]}, "properties": {"depth": 1.57}}, {"type": "Feature", "geometry": {"type": "Point", "coordinates": [73.866119, 18.587842]}, "properties": {"depth": 0.01}}, {"type": "Feature", "geometry": {"type": "Point", "coordinates": [73.908193, 18.606557]}, "properties": {"depth": 3.12}}, {"type": "Feature", "geometry": {"type": "Point", "coordinates": [73.907567, 18.608214]}, "properties": {"depth": 1.32}}, {"type": "Feature", "geometry": {"type": "Point", "coordinates": [73.907085, 18.609154]}, "properties": {"depth": 1.7}}, {"type": "Feature", "geometry": {"type": "Point", "coordinates": [73.906877, 18.60975]}, "properties": {"depth": 0.12}}, {"type": "Feature", "geometry": {"type": "Point", "coordinates": [73.908996, 18.609185]}, "properties": {"depth": 1.18}}, {"type": "Feature", "geometry": {"type": "Point", "coordinates": [73.935078, 18.605202]}, "properties": {"depth": 1.27}}, {"type": "Feature", "geometry": {"type": "Point", "coordinates": [73.935235, 18.605209]}, "properties": {"depth": 1.45}}, {"type": "Feature", "geometry": {"type": "Point", "coordinates": [73.934969, 18.605227]}, "properties": {"depth": 1.27}}, {"type": "Feature", "geometry": {"type": "Point", "coordinates": [73.935085, 18.605277]}, "properties": {"depth": 1.27}}, {"type": "Feature", "geometry": {"type": "Point", "coordinates": [73.934957, 18.605296]}, "properties": {"depth": 1.27}}, {"type": "Feature", "geometry": {"type": "Point", "coordinates": [73.93536, 18.605334]}, "properties": {"depth": 1.45}}, {"type": "Feature", "geometry": {"type": "Point", "coordinates": [73.935244, 18.605404]}, "properties": {"depth": 1.45}}, {"type": "Feature", "geometry": {"type": "Point", "coordinates": [73.9351, 18.605431]}, "properties": {"depth": 1.06}}, {"type": "Feature", "geometry": {"type": "Point", "coordinates": [73.935253, 18.6055]}, "properties": {"depth": 0.96}}, {"type": "Feature", "geometry": {"type": "Point", "coordinates": [73.934982, 18.605514]}, "properties": {"depth": 1.06}}, {"type": "Feature", "geometry": {"type": "Point", "coordinates": [73.935675, 18.60553]}, "properties": {"depth": 2.41}}, {"type": "Feature", "geometry": {"type": "Point", "coordinates": [73.935112, 18.605537]}, "properties": {"depth": 1.06}}, {"type": "Feature", "geometry": {"type": "Point", "coordinates": [73.935368, 18.605561]}, "properties": {"depth": 0.96}}, {"type": "Feature", "geometry": {"type": "Point", "coordinates": [73.935548, 18.605577]}, "properties": {"depth": 2.41}}, {"type": "Feature", "geometry": {"type": "Point", "coordinates": [73.935279, 18.605687]}, "properties": {"depth": 0.96}}, {"type": "Feature", "geometry": {"type": "Point", "coordinates": [73.93569, 18.605716]}, "properties": {"depth": 1.36}}, {"type": "Feature", "geometry": {"type": "Point", "coordinates": [73.935571, 18.605748]}, "properties": {"depth": 1.36}}, {"type": "Feature", "geometry": {"type": "Point", "coordinates": [73.934254, 18.605976]}, "properties": {"depth": 0.33}}, {"type": "Feature", "geometry": {"type": "Point", "coordinates": [73.934168, 18.606032]}, "properties": {"depth": 0.33}}, {"type": "Feature", "geometry": {"type": "Point", "coordinates": [73.935402, 18.605755]}, "properties": {"depth": 1.83}}, {"type": "Feature", "geometry": {"type": "Point", "coordinates": [73.934818, 18.605795]}, "properties": {"depth": 0.2}}, {"type": "Feature", "geometry": {"type": "Point", "coordinates": [73.935719, 18.605865]}, "properties": {"depth": 1.19}}, {"type": "Feature", "geometry": {"type": "Point", "coordinates": [73.93482, 18.605865]}, "properties": {"depth": 0.2}}, {"type": "Feature", "geometry": {"type": "Point", "coordinates": [73.935434, 18.605941]}, "properties": {"depth": 1.36}}, {"type": "Feature", "geometry": {"type": "Point", "coordinates": [73.934718, 18.606111]}, "properties": {"depth": 0.21}}, {"type": "Feature", "geometry": {"type": "Point", "coordinates": [73.934854, 18.606127]}, "properties": {"depth": 0.21}}, {"type": "Feature", "geometry": {"type": "Point", "coordinates": [73.935773, 18.606152]}, "properties": {"depth": 1.56}}, {"type": "Feature", "geometry": {"type": "Point", "coordinates": [73.935638, 18.606176]}, "properties": {"depth": 0.31}}, {"type": "Feature", "geometry": {"type": "Point", "coordinates": [73.935151, 18.606182]}, "properties": {"depth": 0.17}}, {"type": "Feature", "geometry": {"type": "Point", "coordinates": [73.93547, 18.606183]}, "properties": {"depth": 0.31}}, {"type": "Feature", "geometry": {"type": "Point", "coordinates": [73.934734, 18.606214]}, "properties": {"depth": 0.21}}, {"type": "Feature", "geometry": {"type": "Point", "coordinates": [73.935029, 18.606223]}, "properties": {"depth": 1.56}}, {"type": "Feature", "geometry": {"type": "Point", "coordinates": [73.934846, 18.606228]}, "properties": {"depth": 0.21}}, {"type": "Feature", "geometry": {"type": "Point", "coordinates": [73.93534, 18.606242]}, "properties": {"depth": 0.17}}, {"type": "Feature", "geometry": {"type": "Point", "coordinates": [73.935657, 18.606301]}, "properties": {"depth": 2.29}}, {"type": "Feature", "geometry": {"type": "Point", "coordinates": [73.935174, 18.606304]}, "properties": {"depth": 2.03}}, {"type": "Feature", "geometry": {"type": "Point", "coordinates": [73.934144, 18.60634]}, "properties": {"depth": 0.2}}, {"type": "Feature", "geometry": {"type": "Point", "coordinates": [73.934149, 18.606391]}, "properties": {"depth": 0.2}}, {"type": "Feature", "geometry": {"type": "Point", "coordinates": [73.934156, 18.606498]}, "properties": {"depth": 0.2}}, {"type": "Feature", "geometry": {"type": "Point", "coordinates": [73.934285, 18.606592]}, "properties": {"depth": 0.56}}, {"type": "Feature", "geometry": {"type": "Point", "coordinates": [73.934866, 18.606338]}, "properties": {"depth": 2.24}}, {"type": "Feature", "geometry": {"type": "Point", "coordinates": [73.934734, 18.60639]}, "properties": {"depth": 0.56}}, {"type": "Feature", "geometry": {"type": "Point", "coordinates": [73.935675, 18.6064]}, "properties": {"depth": 2.29}}, {"type": "Feature", "geometry": {"type": "Point", "coordinates": [73.934619, 18.606406]}, "properties": {"depth": 0.56}}, {"type": "Feature", "geometry": {"type": "Point", "coordinates": [73.935506, 18.606447]}, "properties": {"depth": 2.29}}, {"type": "Feature", "geometry": {"type": "Point", "coordinates": [73.934742, 18.606477]}, "properties": {"depth": 0.56}}, {"type": "Feature", "geometry": {"type": "Point", "coordinates": [73.934623, 18.606512]}, "properties": {"depth": 0.56}}, {"type": "Feature", "geometry": {"type": "Point", "coordinates": [73.93446, 18.606529]}, "properties": {"depth": 2.78}}, {"type": "Feature", "geometry": {"type": "Point", "coordinates": [73.935182, 18.606569]}, "properties": {"depth": 4.21}}, {"type": "Feature", "geometry": {"type": "Point", "coordinates": [73.934761, 18.606653]}, "properties": {"depth": 3.18}}, {"type": "Feature", "geometry": {"type": "Point", "coordinates": [73.934466, 18.606688]}, "properties": {"depth": 2.78}}, {"type": "Feature", "geometry": {"type": "Point", "coordinates": [73.935556, 18.607588]}, "properties": {"depth": 6.37}}, {"type": "Feature", "geometry": {"type": "Point", "coordinates": [73.935483, 18.607851]}, "properties": {"depth": 7.05}}, {"type": "Feature", "geometry": {"type": "Point", "coordinates": [73.935569, 18.607994]}, "properties": {"depth": 7.52}}, {"type": "Feature", "geometry": {"type": "Point", "coordinates": [73.935653, 18.608143]}, "properties": {"depth": 7.52}}, {"type": "Feature", "geometry": {"type": "Point", "coordinates": [73.935872, 18.605459]}, "properties": {"depth": 2.02}}, {"type": "Feature", "geometry": {"type": "Point", "coordinates": [73.936233, 18.605706]}, "properties": {"depth": 3.32}}, {"type": "Feature", "geometry": {"type": "Point", "coordinates": [73.936063, 18.605821]}, "properties": {"depth": 3.32}}, {"type": "Feature", "geometry": {"type": "Point", "coordinates": [73.936067, 18.605931]}, "properties": {"depth": 3.32}}, {"type": "Feature", "geometry": {"type": "Point", "coordinates": [73.935948, 18.605968]}, "properties": {"depth": 1.19}}, {"type": "Feature", "geometry": {"type": "Point", "coordinates": [73.936281, 18.606008]}, "properties": {"depth": 4.86}}, {"type": "Feature", "geometry": {"type": "Point", "coordinates": [73.935915, 18.606016]}, "properties": {"depth": 1.56}}, {"type": "Feature", "geometry": {"type": "Point", "coordinates": [73.936423, 18.606016]}, "properties": {"depth": 4.86}}, {"type": "Feature", "geometry": {"type": "Point", "coordinates": [73.936088, 18.606019]}, "properties": {"depth": 2.42}}, {"type": "Feature", "geometry": {"type": "Point", "coordinates": [73.935946, 18.606112]}, "properties": {"depth": 1.56}}, {"type": "Feature", "geometry": {"type": "Point", "coordinates": [73.936327, 18.606127]}, "properties": {"depth": 4.86}}, {"type": "Feature", "geometry": {"type": "Point", "coordinates": [73.936109, 18.606173]}, "properties": {"depth": 2.42}}, {"type": "Feature", "geometry": {"type": "Point", "coordinates": [73.936117, 18.606234]}, "properties": {"depth": 2.42}}, {"type": "Feature", "geometry": {"type": "Point", "coordinates": [73.93614, 18.606368]}, "properties": {"depth": 3.28}}, {"type": "Feature", "geometry": {"type": "Point", "coordinates": [73.935994, 18.606371]}, "properties": {"depth": 3.28}}, {"type": "Feature", "geometry": {"type": "Point", "coordinates": [73.935858, 18.606781]}, "properties": {"depth": 4.45}}, {"type": "Feature", "geometry": {"type": "Point", "coordinates": [73.936378, 18.607624]}, "properties": {"depth": 9.92}}, {"type": "Feature", "geometry": {"type": "Point", "coordinates": [73.935859, 18.607808]}, "properties": {"depth": 8.2}}, {"type": "Feature", "geometry": {"type": "Point", "coordinates": [73.935908, 18.607992]}, "properties": {"depth": 8.34}}, {"type": "Feature", "geometry": {"type": "Point", "coordinates": [73.935855, 18.608167]}, "properties": {"depth": 8.34}}, {"type": "Feature", "geometry": {"type": "Point", "coordinates": [73.935887, 18.608351]}, "properties": {"depth": 6.34}}, {"type": "Feature", "geometry": {"type": "Point", "coordinates": [73.941859, 18.613448]}, "properties": {"depth": 1.05}}, {"type": "Feature", "geometry": {"type": "Point", "coordinates": [73.942267, 18.613626]}, "properties": {"depth": 3.35}}, {"type": "Feature", "geometry": {"type": "Point", "coordinates": [73.94197, 18.613678]}, "properties": {"depth": 4.15}}, {"type": "Feature", "geometry": {"type": "Point", "coordinates": [73.942196, 18.613796]}, "properties": {"depth": 6.79}}, {"type": "Feature", "geometry": {"type": "Point", "coordinates": [73.942351, 18.613833]}, "properties": {"depth": 6.79}}, {"type": "Feature", "geometry": {"type": "Point", "coordinates": [73.941369, 18.613674]}, "properties": {"depth": 4.17}}, {"type": "Feature", "geometry": {"type": "Point", "coordinates": [73.941444, 18.613706]}, "properties": {"depth": 4.17}}, {"type": "Feature", "geometry": {"type": "Point", "coordinates": [73.941537, 18.613731]}, "properties": {"depth": 3.82}}, {"type": "Feature", "geometry": {"type": "Point", "coordinates": [73.941708, 18.613818]}, "properties": {"depth": 5.45}}, {"type": "Feature", "geometry": {"type": "Point", "coordinates": [73.941292, 18.613838]}, "properties": {"depth": 3.58}}, {"type": "Feature", "geometry": {"type": "Point", "coordinates": [73.94144, 18.615095]}, "properties": {"depth": 12.77}}, {"type": "Feature", "geometry": {"type": "Point", "coordinates": [73.942114, 18.613966]}, "properties": {"depth": 6.79}}, {"type": "Feature", "geometry": {"type": "Point", "coordinates": [73.938904, 18.613334]}, "properties": {"depth": 2.48}}, {"type": "Feature", "geometry": {"type": "Point", "coordinates": [73.93966, 18.613897]}, "properties": {"depth": 5.6}}, {"type": "Feature", "geometry": {"type": "Point", "coordinates": [73.958637, 18.604884]}, "properties": {"depth": 3.24}}, {"type": "Feature", "geometry": {"type": "Point", "coordinates": [73.958204, 18.605076]}, "properties": {"depth": 1.75}}, {"type": "Feature", "geometry": {"type": "Point", "coordinates": [73.957473, 18.606372]}, "properties": {"depth": 5.03}}, {"type": "Feature", "geometry": {"type": "Point", "coordinates": [73.957445, 18.606553]}, "properties": {"depth": 5.01}}, {"type": "Feature", "geometry": {"type": "Point", "coordinates": [73.958375, 18.606594]}, "properties": {"depth": 1.62}}, {"type": "Feature", "geometry": {"type": "Point", "coordinates": [73.957454, 18.606613]}, "properties": {"depth": 5.01}}, {"type": "Feature", "geometry": {"type": "Point", "coordinates": [73.957458, 18.606672]}, "properties": {"depth": 5.01}}, {"type": "Feature", "geometry": {"type": "Point", "coordinates": [73.958392, 18.606727]}, "properties": {"depth": 1.62}}, {"type": "Feature", "geometry": {"type": "Point", "coordinates": [73.957462, 18.606752]}, "properties": {"depth": 5.01}}, {"type": "Feature", "geometry": {"type": "Point", "coordinates": [73.957476, 18.606834]}, "properties": {"depth": 2.13}}, {"type": "Feature", "geometry": {"type": "Point", "coordinates": [73.957488, 18.60691]}, "properties": {"depth": 2.13}}, {"type": "Feature", "geometry": {"type": "Point", "coordinates": [73.934057, 18.606613]}, "properties": {"depth": 0.56}}, {"type": "Feature", "geometry": {"type": "Point", "coordinates": [73.934261, 18.606728]}, "properties": {"depth": 0.56}}, {"type": "Feature", "geometry": {"type": "Point", "coordinates": [73.933163, 18.607388]}, "properties": {"depth": 1.22}}, {"type": "Feature", "geometry": {"type": "Point", "coordinates": [73.932961, 18.607407]}, "properties": {"depth": 1.22}}]}