{"type": "FeatureCollection", "features": [{"type": "Feature", "geometry": {"type": "Point", "coordinates": [73.93658, 18.424735]}, "properties": {"depth": 12.86}}, {"type": "Feature", "geometry": {"type": "Point", "coordinates": [73.841533, 18.439818]}, "properties": {"depth": 9.12}}, {"type": "Feature", "geometry": {"type": "Point", "coordinates": [73.841267, 18.439859]}, "properties": {"depth": 7.21}}, {"type": "Feature", "geometry": {"type": "Point", "coordinates": [73.841044, 18.441135]}, "properties": {"depth": 0.8}}, {"type": "Feature", "geometry": {"type": "Point", "coordinates": [73.844317, 18.440122]}, "properties": {"depth": 5.36}}, {"type": "Feature", "geometry": {"type": "Point", "coordinates": [73.843588, 18.440141]}, "properties": {"depth": 13.92}}, {"type": "Feature", "geometry": {"type": "Point", "coordinates": [73.843903, 18.440151]}, "properties": {"depth": 11.72}}, {"type": "Feature", "geometry": {"type": "Point", "coordinates": [73.84478, 18.440114]}, "properties": {"depth": 2.49}}, {"type": "Feature", "geometry": {"type": "Point", "coordinates": [73.846353, 18.440316]}, "properties": {"depth": 0.82}}, {"type": "Feature", "geometry": {"type": "Point", "coordinates": [73.84617, 18.440373]}, "properties": {"depth": 1.7}}, {"type": "Feature", "geometry": {"type": "Point", "coordinates": [73.84607, 18.440386]}, "properties": {"depth": 1.7}}, {"type": "Feature", "geometry": {"type": "Point", "coordinates": [73.846534, 18.440425]}, "properties": {"depth": 0.68}}, {"type": "Feature", "geometry": {"type": "Point", "coordinates": [73.846195, 18.440438]}, "properties": {"depth": 3.35}}, {"type": "Feature", "geometry": {"type": "Point", "coordinates": [73.846386, 18.440462]}, "properties": {"depth": 1.31}}, {"type": "Feature", "geometry": {"type": "Point", "coordinates": [73.846073, 18.440482]}, "properties": {"depth": 3.35}}, {"type": "Feature", "geometry": {"type": "Point", "coordinates": [73.84625, 18.440556]}, "properties": {"depth": 3.35}}, {"type": "Feature", "geometry": {"type": "Point", "coordinates": [73.844686, 18.440121]}, "properties": {"depth": 2.49}}, {"type": "Feature", "geometry": {"type": "Point", "coordinates": [73.844607, 18.440138]}, "properties": {"depth": 2.49}}, {"type": "Feature", "geometry": {"type": "Point", "coordinates": [73.844477, 18.440154]}, "properties": {"depth": 5.4}}, {"type": "Feature", "geometry": {"type": "Point", "coordinates": [73.844572, 18.441477]}, "properties": {"depth": 12.7}}, {"type": "Feature", "geometry": {"type": "Point", "coordinates": [73.845133, 18.441913]}, "properties": {"depth": 3.42}}, {"type": "Feature", "geometry": {"type": "Point", "coordinates": [73.844456, 18.44331]}, "properties": {"depth": 1.84}}, {"type": "Feature", "geometry": {"type": "Point", "coordinates": [73.844217, 18.440212]}, "properties": {"depth": 7.18}}, {"type": "Feature", "geometry": {"type": "Point", "coordinates": [73.844334, 18.440273]}, "properties": {"depth": 5.4}}, {"type": "Feature", "geometry": {"type": "Point", "coordinates": [73.844089, 18.440325]}, "properties": {"depth": 7.18}}, {"type": "Feature", "geometry": {"type": "Point", "coordinates": [73.843655, 18.440406]}, "properties": {"depth": 13.92}}, {"type": "Feature", "geometry": {"type": "Point", "coordinates": [73.844275, 18.441736]}, "properties": {"depth": 11.44}}, {"type": "Feature", "geometry": {"type": "Point", "coordinates": [73.844424, 18.442031]}, "properties": {"depth": 9.93}}, {"type": "Feature", "geometry": {"type": "Point", "coordinates": [73.843501, 18.442421]}, "properties": {"depth": 11.55}}, {"type": "Feature", "geometry": {"type": "Point", "coordinates": [73.844269, 18.442532]}, "properties": {"depth": 10.96}}, {"type": "Feature", "geometry": {"type": "Point", "coordinates": [73.844255, 18.443429]}, "properties": {"depth": 5.03}}, {"type": "Feature", "geometry": {"type": "Point", "coordinates": [73.846121, 18.44059]}, "properties": {"depth": 3.35}}, {"type": "Feature", "geometry": {"type": "Point", "coordinates": [73.846398, 18.441058]}, "properties": {"depth": 0.04}}, {"type": "Feature", "geometry": {"type": "Point", "coordinates": [73.845732, 18.44141]}, "properties": {"depth": 0.18}}, {"type": "Feature", "geometry": {"type": "Point", "coordinates": [73.843936, 18.443923]}, "properties": {"depth": 10.56}}, {"type": "Feature", "geometry": {"type": "Point", "coordinates": [73.844006, 18.444774]}, "properties": {"depth": 6.53}}, {"type": "Feature", "geometry": {"type": "Point", "coordinates": [73.843811, 18.444784]}, "properties": {"depth": 6.53}}, {"type": "Feature", "geometry": {"type": "Point", "coordinates": [73.843582, 18.444798]}, "properties": {"depth": 7.93}}, {"type": "Feature", "geometry": {"type": "Point", "coordinates": [73.843536, 18.44486]}, "properties": {"depth": 7.93}}, {"type": "Feature", "geometry": {"type": "Point", "coordinates": [73.844443, 18.44487]}, "properties": {"depth": 0.87}}, {"type": "Feature", "geometry": {"type": "Point", "coordinates": [73.843912, 18.444873]}, "properties": {"depth": 4.37}}, {"type": "Feature", "geometry": {"type": "Point", "coordinates": [73.84383, 18.444927]}, "properties": {"depth": 4.37}}, {"type": "Feature", "geometry": {"type": "Point", "coordinates": [73.843903, 18.444957]}, "properties": {"depth": 4.37}}, {"type": "Feature", "geometry": {"type": "Point", "coordinates": [73.844724, 18.44488]}, "properties": {"depth": 0.38}}, {"type": "Feature", "geometry": {"type": "Point", "coordinates": [73.844427, 18.444985]}, "properties": {"depth": 0.87}}, {"type": "Feature", "geometry": {"type": "Point", "coordinates": [73.8439, 18.445058]}, "properties": {"depth": 4.37}}, {"type": "Feature", "geometry": {"type": "Point", "coordinates": [73.843882, 18.445136]}, "properties": {"depth": 4.37}}, {"type": "Feature", "geometry": {"type": "Point", "coordinates": [73.844404, 18.44514]}, "properties": {"depth": 0.13}}, {"type": "Feature", "geometry": {"type": "Point", "coordinates": [73.8441, 18.445221]}, "properties": {"depth": 1.28}}, {"type": "Feature", "geometry": {"type": "Point", "coordinates": [73.844243, 18.445234]}, "properties": {"depth": 1.28}}, {"type": "Feature", "geometry": {"type": "Point", "coordinates": [73.844093, 18.445335]}, "properties": {"depth": 1.28}}, {"type": "Feature", "geometry": {"type": "Point", "coordinates": [73.843843, 18.445348]}, "properties": {"depth": 2.95}}, {"type": "Feature", "geometry": {"type": "Point", "coordinates": [73.844047, 18.445409]}, "properties": {"depth": 1.28}}, {"type": "Feature", "geometry": {"type": "Point", "coordinates": [73.843787, 18.445593]}, "properties": {"depth": 1.6}}, {"type": "Feature", "geometry": {"type": "Point", "coordinates": [73.843877, 18.445609]}, "properties": {"depth": 1.6}}, {"type": "Feature", "geometry": {"type": "Point", "coordinates": [73.843955, 18.445622]}, "properties": {"depth": 1.6}}, {"type": "Feature", "geometry": {"type": "Point", "coordinates": [73.843659, 18.445701]}, "properties": {"depth": 2.32}}, {"type": "Feature", "geometry": {"type": "Point", "coordinates": [73.862595, 18.445665]}, "properties": {"depth": 1.55}}, {"type": "Feature", "geometry": {"type": "Point", "coordinates": [73.862417, 18.446087]}, "properties": {"depth": 2.89}}, {"type": "Feature", "geometry": {"type": "Point", "coordinates": [73.862353, 18.446222]}, "properties": {"depth": 2.19}}, {"type": "Feature", "geometry": {"type": "Point", "coordinates": [73.862805, 18.446284]}, "properties": {"depth": 1.09}}, {"type": "Feature", "geometry": {"type": "Point", "coordinates": [73.862298, 18.446356]}, "properties": {"depth": 3.51}}, {"type": "Feature", "geometry": {"type": "Point", "coordinates": [73.861821, 18.445014]}, "properties": {"depth": 0.74}}, {"type": "Feature", "geometry": {"type": "Point", "coordinates": [73.86171, 18.445144]}, "properties": {"depth": 0.64}}, {"type": "Feature", "geometry": {"type": "Point", "coordinates": [73.86157, 18.445159]}, "properties": {"depth": 0.64}}, {"type": "Feature", "geometry": {"type": "Point", "coordinates": [73.861635, 18.44517]}, "properties": {"depth": 0.64}}, {"type": "Feature", "geometry": {"type": "Point", "coordinates": [73.861689, 18.445189]}, "properties": {"depth": 0.64}}, {"type": "Feature", "geometry": {"type": "Point", "coordinates": [73.861762, 18.445194]}, "properties": {"depth": 0.64}}, {"type": "Feature", "geometry": {"type": "Point", "coordinates": [73.86197, 18.445196]}, "properties": {"depth": 0.29}}, {"type": "Feature", "geometry": {"type": "Point", "coordinates": [73.861806, 18.445202]}, "properties": {"depth": 0.29}}, {"type": "Feature", "geometry": {"type": "Point", "coordinates": [73.862026, 18.445234]}, "properties": {"depth": 0.29}}, {"type": "Feature", "geometry": {"type": "Point", "coordinates": [73.861627, 18.445247]}, "properties": {"depth": 0.64}}, {"type": "Feature", "geometry": {"type": "Point", "coordinates": [73.861749, 18.445264]}, "properties": {"depth": 0.64}}, {"type": "Feature", "geometry": {"type": "Point", "coordinates": [73.861943, 18.445276]}, "properties": {"depth": 0.29}}, {"type": "Feature", "geometry": {"type": "Point", "coordinates": [73.861992, 18.445283]}, "properties": {"depth": 0.29}}, {"type": "Feature", "geometry": {"type": "Point", "coordinates": [73.861844, 18.445295]}, "properties": {"depth": 0.29}}, {"type": "Feature", "geometry": {"type": "Point", "coordinates": [73.8621, 18.445297]}, "properties": {"depth": 1.17}}, {"type": "Feature", "geometry": {"type": "Point", "coordinates": [73.861612, 18.445327]}, "properties": {"depth": 0.64}}, {"type": "Feature", "geometry": {"type": "Point", "coordinates": [73.861907, 18.44533]}, "properties": {"depth": 0.29}}, {"type": "Feature", "geometry": {"type": "Point", "coordinates": [73.86169, 18.445341]}, "properties": {"depth": 0.64}}, {"type": "Feature", "geometry": {"type": "Point", "coordinates": [73.861792, 18.445369]}, "properties": {"depth": 0.64}}, {"type": "Feature", "geometry": {"type": "Point", "coordinates": [73.861683, 18.445381]}, "properties": {"depth": 0.64}}, {"type": "Feature", "geometry": {"type": "Point", "coordinates": [73.861599, 18.445383]}, "properties": {"depth": 0.64}}, {"type": "Feature", "geometry": {"type": "Point", "coordinates": [73.861885, 18.445404]}, "properties": {"depth": 0.29}}, {"type": "Feature", "geometry": {"type": "Point", "coordinates": [73.861674, 18.445421]}, "properties": {"depth": 2.22}}, {"type": "Feature", "geometry": {"type": "Point", "coordinates": [73.861952, 18.445433]}, "properties": {"depth": 2.29}}, {"type": "Feature", "geometry": {"type": "Point", "coordinates": [73.861814, 18.445444]}, "properties": {"depth": 2.29}}, {"type": "Feature", "geometry": {"type": "Point", "coordinates": [73.861584, 18.445452]}, "properties": {"depth": 2.22}}, {"type": "Feature", "geometry": {"type": "Point", "coordinates": [73.861857, 18.445486]}, "properties": {"depth": 2.29}}, {"type": "Feature", "geometry": {"type": "Point", "coordinates": [73.861659, 18.445516]}, "properties": {"depth": 2.22}}, {"type": "Feature", "geometry": {"type": "Point", "coordinates": [73.861855, 18.445522]}, "properties": {"depth": 2.29}}, {"type": "Feature", "geometry": {"type": "Point", "coordinates": [73.861947, 18.445532]}, "properties": {"depth": 2.29}}, {"type": "Feature", "geometry": {"type": "Point", "coordinates": [73.861561, 18.445542]}, "properties": {"depth": 2.22}}, {"type": "Feature", "geometry": {"type": "Point", "coordinates": [73.861776, 18.445544]}, "properties": {"depth": 2.22}}, {"type": "Feature", "geometry": {"type": "Point", "coordinates": [73.861635, 18.445587]}, "properties": {"depth": 2.22}}, {"type": "Feature", "geometry": {"type": "Point", "coordinates": [73.861845, 18.445589]}, "properties": {"depth": 2.29}}, {"type": "Feature", "geometry": {"type": "Point", "coordinates": [73.861542, 18.44559]}, "properties": {"depth": 2.22}}, {"type": "Feature", "geometry": {"type": "Point", "coordinates": [73.86176, 18.445598]}, "properties": {"depth": 2.22}}, {"type": "Feature", "geometry": {"type": "Point", "coordinates": [73.861834, 18.445657]}, "properties": {"depth": 2.29}}, {"type": "Feature", "geometry": {"type": "Point", "coordinates": [73.861605, 18.445681]}, "properties": {"depth": 2.22}}, {"type": "Feature", "geometry": {"type": "Point", "coordinates": [73.861921, 18.445707]}, "properties": {"depth": 3.34}}, {"type": "Feature", "geometry": {"type": "Point", "coordinates": [73.861817, 18.445712]}, "properties": {"depth": 3.34}}, {"type": "Feature", "geometry": {"type": "Point", "coordinates": [73.861605, 18.445757]}, "properties": {"depth": 2.33}}, {"type": "Feature", "geometry": {"type": "Point", "coordinates": [73.861844, 18.445772]}, "properties": {"depth": 3.34}}, {"type": "Feature", "geometry": {"type": "Point", "coordinates": [73.861589, 18.445789]}, "properties": {"depth": 2.33}}, {"type": "Feature", "geometry": {"type": "Point", "coordinates": [73.861595, 18.445829]}, "properties": {"depth": 2.33}}, {"type": "Feature", "geometry": {"type": "Point", "coordinates": [73.861733, 18.445835]}, "properties": {"depth": 2.33}}, {"type": "Feature", "geometry": {"type": "Point", "coordinates": [73.861876, 18.445837]}, "properties": {"depth": 3.34}}, {"type": "Feature", "geometry": {"type": "Point", "coordinates": [73.861575, 18.44586]}, "properties": {"depth": 2.33}}, {"type": "Feature", "geometry": {"type": "Point", "coordinates": [73.861773, 18.445901]}, "properties": {"depth": 2.33}}, {"type": "Feature", "geometry": {"type": "Point", "coordinates": [73.861559, 18.445904]}, "properties": {"depth": 2.33}}, {"type": "Feature", "geometry": {"type": "Point", "coordinates": [73.861825, 18.445912]}, "properties": {"depth": 3.34}}, {"type": "Feature", "geometry": {"type": "Point", "coordinates": [73.862102, 18.445929]}, "properties": {"depth": 3.29}}, {"type": "Feature", "geometry": {"type": "Point", "coordinates": [73.861686, 18.445939]}, "properties": {"depth": 2.33}}, {"type": "Feature", "geometry": {"type": "Point", "coordinates": [73.861541, 18.44597]}, "properties": {"depth": 2.33}}, {"type": "Feature", "geometry": {"type": "Point", "coordinates": [73.841438, 18.43985]}, "properties": {"depth": 7.21}}, {"type": "Feature", "geometry": {"type": "Point", "coordinates": [73.841493, 18.440336]}, "properties": {"depth": 4.34}}, {"type": "Feature", "geometry": {"type": "Point", "coordinates": [73.841397, 18.441115]}, "properties": {"depth": 1.0}}, {"type": "Feature", "geometry": {"type": "Point", "coordinates": [73.841403, 18.441733]}, "properties": {"depth": 1.75}}, {"type": "Feature", "geometry": {"type": "Point", "coordinates": [73.841316, 18.44206]}, "properties": {"depth": 1.66}}, {"type": "Feature", "geometry": {"type": "Point", "coordinates": [73.841325, 18.442144]}, "properties": {"depth": 3.41}}, {"type": "Feature", "geometry": {"type": "Point", "coordinates": [73.841316, 18.442221]}, "properties": {"depth": 3.41}}, {"type": "Feature", "geometry": {"type": "Point", "coordinates": [73.84269, 18.445378]}, "properties": {"depth": 12.85}}, {"type": "Feature", "geometry": {"type": "Point", "coordinates": [73.842594, 18.445647]}, "properties": {"depth": 11.54}}, {"type": "Feature", "geometry": {"type": "Point", "coordinates": [73.842906, 18.44574]}, "properties": {"depth": 11.29}}, {"type": "Feature", "geometry": {"type": "Point", "coordinates": [73.840029, 18.44531]}, "properties": {"depth": 2.03}}, {"type": "Feature", "geometry": {"type": "Point", "coordinates": [73.840116, 18.445378]}, "properties": {"depth": 2.03}}, {"type": "Feature", "geometry": {"type": "Point", "coordinates": [73.839923, 18.445396]}, "properties": {"depth": 2.03}}, {"type": "Feature", "geometry": {"type": "Point", "coordinates": [73.840268, 18.445428]}, "properties": {"depth": 6.93}}, {"type": "Feature", "geometry": {"type": "Point", "coordinates": [73.839984, 18.445465]}, "properties": {"depth": 3.81}}, {"type": "Feature", "geometry": {"type": "Point", "coordinates": [73.839815, 18.445464]}, "properties": {"depth": 1.04}}, {"type": "Feature", "geometry": {"type": "Point", "coordinates": [73.840152, 18.445492]}, "properties": {"depth": 6.93}}, {"type": "Feature", "geometry": {"type": "Point", "coordinates": [73.839586, 18.44552]}, "properties": {"depth": 1.04}}, {"type": "Feature", "geometry": {"type": "Point", "coordinates": [73.839873, 18.445523]}, "properties": {"depth": 3.81}}, {"type": "Feature", "geometry": {"type": "Point", "coordinates": [73.840023, 18.445564]}, "properties": {"depth": 3.81}}, {"type": "Feature", "geometry": {"type": "Point", "coordinates": [73.839631, 18.44564]}, "properties": {"depth": 1.04}}, {"type": "Feature", "geometry": {"type": "Point", "coordinates": [73.840616, 18.445731]}, "properties": {"depth": 12.29}}, {"type": "Feature", "geometry": {"type": "Point", "coordinates": [73.839796, 18.445741]}, "properties": {"depth": 4.25}}, {"type": "Feature", "geometry": {"type": "Point", "coordinates": [73.83957, 18.445799]}, "properties": {"depth": 1.41}}, {"type": "Feature", "geometry": {"type": "Point", "coordinates": [73.839944, 18.445975]}, "properties": {"depth": 9.27}}, {"type": "Feature", "geometry": {"type": "Point", "coordinates": [73.840413, 18.446029]}, "properties": {"depth": 10.19}}, {"type": "Feature", "geometry": {"type": "Point", "coordinates": [73.840241, 18.446062]}, "properties": {"depth": 10.19}}, {"type": "Feature", "geometry": {"type": "Point", "coordinates": [73.839774, 18.446121]}, "properties": {"depth": 7.33}}, {"type": "Feature", "geometry": {"type": "Point", "coordinates": [73.840207, 18.446155]}, "properties": {"depth": 10.19}}, {"type": "Feature", "geometry": {"type": "Point", "coordinates": [73.840114, 18.446245]}, "properties": {"depth": 9.27}}, {"type": "Feature", "geometry": {"type": "Point", "coordinates": [73.843153, 18.445765]}, "properties": {"depth": 8.81}}, {"type": "Feature", "geometry": {"type": "Point", "coordinates": [73.861322, 18.446099]}, "properties": {"depth": 0.33}}, {"type": "Feature", "geometry": {"type": "Point", "coordinates": [73.861325, 18.44617]}, "properties": {"depth": 0.33}}, {"type": "Feature", "geometry": {"type": "Point", "coordinates": [73.861304, 18.446217]}, "properties": {"depth": 0.33}}, {"type": "Feature", "geometry": {"type": "Point", "coordinates": [73.861386, 18.446231]}, "properties": {"depth": 0.33}}, {"type": "Feature", "geometry": {"type": "Point", "coordinates": [73.861305, 18.446297]}, "properties": {"depth": 0.78}}, {"type": "Feature", "geometry": {"type": "Point", "coordinates": [73.86138, 18.446316]}, "properties": {"depth": 0.78}}, {"type": "Feature", "geometry": {"type": "Point", "coordinates": [73.861307, 18.446354]}, "properties": {"depth": 0.78}}, {"type": "Feature", "geometry": {"type": "Point", "coordinates": [73.861386, 18.446357]}, "properties": {"depth": 0.78}}, {"type": "Feature", "geometry": {"type": "Point", "coordinates": [73.861303, 18.446456]}, "properties": {"depth": 0.78}}, {"type": "Feature", "geometry": {"type": "Point", "coordinates": [73.861292, 18.446518]}, "properties": {"depth": 0.78}}, {"type": "Feature", "geometry": {"type": "Point", "coordinates": [73.861278, 18.446557]}, "properties": {"depth": 0.19}}, {"type": "Feature", "geometry": {"type": "Point", "coordinates": [73.861278, 18.446623]}, "properties": {"depth": 0.19}}, {"type": "Feature", "geometry": {"type": "Point", "coordinates": [73.861764, 18.445991]}, "properties": {"depth": 4.2}}, {"type": "Feature", "geometry": {"type": "Point", "coordinates": [73.861837, 18.446016]}, "properties": {"depth": 4.66}}, {"type": "Feature", "geometry": {"type": "Point", "coordinates": [73.862056, 18.446035]}, "properties": {"depth": 4.66}}, {"type": "Feature", "geometry": {"type": "Point", "coordinates": [73.861534, 18.446034]}, "properties": {"depth": 4.2}}, {"type": "Feature", "geometry": {"type": "Point", "coordinates": [73.861666, 18.446049]}, "properties": {"depth": 4.2}}, {"type": "Feature", "geometry": {"type": "Point", "coordinates": [73.862277, 18.446081]}, "properties": {"depth": 2.19}}, {"type": "Feature", "geometry": {"type": "Point", "coordinates": [73.861406, 18.446077]}, "properties": {"depth": 0.33}}, {"type": "Feature", "geometry": {"type": "Point", "coordinates": [73.861732, 18.446106]}, "properties": {"depth": 4.2}}, {"type": "Feature", "geometry": {"type": "Point", "coordinates": [73.861793, 18.446129]}, "properties": {"depth": 4.2}}, {"type": "Feature", "geometry": {"type": "Point", "coordinates": [73.861401, 18.446142]}, "properties": {"depth": 0.33}}, {"type": "Feature", "geometry": {"type": "Point", "coordinates": [73.8615, 18.446152]}, "properties": {"depth": 0.33}}, {"type": "Feature", "geometry": {"type": "Point", "coordinates": [73.861625, 18.44617]}, "properties": {"depth": 4.2}}, {"type": "Feature", "geometry": {"type": "Point", "coordinates": [73.861716, 18.446187]}, "properties": {"depth": 4.2}}, {"type": "Feature", "geometry": {"type": "Point", "coordinates": [73.861411, 18.446186]}, "properties": {"depth": 0.33}}, {"type": "Feature", "geometry": {"type": "Point", "coordinates": [73.861485, 18.446192]}, "properties": {"depth": 0.33}}, {"type": "Feature", "geometry": {"type": "Point", "coordinates": [73.861476, 18.446228]}, "properties": {"depth": 0.33}}, {"type": "Feature", "geometry": {"type": "Point", "coordinates": [73.861698, 18.446234]}, "properties": {"depth": 4.2}}, {"type": "Feature", "geometry": {"type": "Point", "coordinates": [73.861609, 18.446257]}, "properties": {"depth": 3.53}}, {"type": "Feature", "geometry": {"type": "Point", "coordinates": [73.861679, 18.446274]}, "properties": {"depth": 3.53}}, {"type": "Feature", "geometry": {"type": "Point", "coordinates": [73.86145, 18.446301]}, "properties": {"depth": 0.78}}, {"type": "Feature", "geometry": {"type": "Point", "coordinates": [73.861592, 18.446334]}, "properties": {"depth": 3.53}}, {"type": "Feature", "geometry": {"type": "Point", "coordinates": [73.861395, 18.446402]}, "properties": {"depth": 0.78}}, {"type": "Feature", "geometry": {"type": "Point", "coordinates": [73.861422, 18.446536]}, "properties": {"depth": 0.19}}, {"type": "Feature", "geometry": {"type": "Point", "coordinates": [73.861415, 18.446574]}, "properties": {"depth": 0.19}}, {"type": "Feature", "geometry": {"type": "Point", "coordinates": [73.861417, 18.446605]}, "properties": {"depth": 0.19}}, {"type": "Feature", "geometry": {"type": "Point", "coordinates": [73.861468, 18.446641]}, "properties": {"depth": 0.19}}, {"type": "Feature", "geometry": {"type": "Point", "coordinates": [73.861621, 18.446702]}, "properties": {"depth": 4.55}}, {"type": "Feature", "geometry": {"type": "Point", "coordinates": [73.861502, 18.446791]}, "properties": {"depth": 0.19}}, {"type": "Feature", "geometry": {"type": "Point", "coordinates": [73.861427, 18.446859]}, "properties": {"depth": 0.95}}, {"type": "Feature", "geometry": {"type": "Point", "coordinates": [73.861551, 18.446877]}, "properties": {"depth": 6.77}}, {"type": "Feature", "geometry": {"type": "Point", "coordinates": [73.861371, 18.446699]}, "properties": {"depth": 0.19}}, {"type": "Feature", "geometry": {"type": "Point", "coordinates": [73.861272, 18.446707]}, "properties": {"depth": 0.19}}, {"type": "Feature", "geometry": {"type": "Point", "coordinates": [73.861365, 18.446795]}, "properties": {"depth": 0.19}}, {"type": "Feature", "geometry": {"type": "Point", "coordinates": [73.861215, 18.446841]}, "properties": {"depth": 0.99}}, {"type": "Feature", "geometry": {"type": "Point", "coordinates": [73.861342, 18.446847]}, "properties": {"depth": 0.95}}, {"type": "Feature", "geometry": {"type": "Point", "coordinates": [73.861264, 18.446851]}, "properties": {"depth": 0.95}}, {"type": "Feature", "geometry": {"type": "Point", "coordinates": [73.861339, 18.446888]}, "properties": {"depth": 0.95}}, {"type": "Feature", "geometry": {"type": "Point", "coordinates": [73.861244, 18.446918]}, "properties": {"depth": 0.99}}, {"type": "Feature", "geometry": {"type": "Point", "coordinates": [73.861193, 18.446957]}, "properties": {"depth": 0.99}}, {"type": "Feature", "geometry": {"type": "Point", "coordinates": [73.861259, 18.446976]}, "properties": {"depth": 0.95}}, {"type": "Feature", "geometry": {"type": "Point", "coordinates": [73.861296, 18.446982]}, "properties": {"depth": 0.95}}, {"type": "Feature", "geometry": {"type": "Point", "coordinates": [73.86133, 18.446989]}, "properties": {"depth": 0.95}}, {"type": "Feature", "geometry": {"type": "Point", "coordinates": [73.861583, 18.44693]}, "properties": {"depth": 6.77}}, {"type": "Feature", "geometry": {"type": "Point", "coordinates": [73.86146, 18.446931]}, "properties": {"depth": 0.95}}, {"type": "Feature", "geometry": {"type": "Point", "coordinates": [73.861733, 18.446968]}, "properties": {"depth": 6.77}}, {"type": "Feature", "geometry": {"type": "Point", "coordinates": [73.861527, 18.447025]}, "properties": {"depth": 0.95}}, {"type": "Feature", "geometry": {"type": "Point", "coordinates": [73.861617, 18.447032]}, "properties": {"depth": 6.77}}, {"type": "Feature", "geometry": {"type": "Point", "coordinates": [73.861411, 18.447075]}, "properties": {"depth": 0.95}}, {"type": "Feature", "geometry": {"type": "Point", "coordinates": [73.86148, 18.447102]}, "properties": {"depth": 3.98}}, {"type": "Feature", "geometry": {"type": "Point", "coordinates": [73.861785, 18.447105]}, "properties": {"depth": 6.52}}, {"type": "Feature", "geometry": {"type": "Point", "coordinates": [73.861535, 18.44711]}, "properties": {"depth": 6.52}}, {"type": "Feature", "geometry": {"type": "Point", "coordinates": [73.86158, 18.447118]}, "properties": {"depth": 6.52}}, {"type": "Feature", "geometry": {"type": "Point", "coordinates": [73.861629, 18.447131]}, "properties": {"depth": 6.52}}, {"type": "Feature", "geometry": {"type": "Point", "coordinates": [73.861403, 18.447182]}, "properties": {"depth": 3.98}}, {"type": "Feature", "geometry": {"type": "Point", "coordinates": [73.861523, 18.447209]}, "properties": {"depth": 3.98}}, {"type": "Feature", "geometry": {"type": "Point", "coordinates": [73.861638, 18.44724]}, "properties": {"depth": 6.52}}, {"type": "Feature", "geometry": {"type": "Point", "coordinates": [73.861768, 18.447258]}, "properties": {"depth": 6.52}}, {"type": "Feature", "geometry": {"type": "Point", "coordinates": [73.861466, 18.447292]}, "properties": {"depth": 3.98}}, {"type": "Feature", "geometry": {"type": "Point", "coordinates": [73.861634, 18.447326]}, "properties": {"depth": 6.52}}, {"type": "Feature", "geometry": {"type": "Point", "coordinates": [73.861798, 18.447387]}, "properties": {"depth": 5.58}}, {"type": "Feature", "geometry": {"type": "Point", "coordinates": [73.861485, 18.447389]}, "properties": {"depth": 3.85}}, {"type": "Feature", "geometry": {"type": "Point", "coordinates": [73.861558, 18.447402]}, "properties": {"depth": 5.58}}, {"type": "Feature", "geometry": {"type": "Point", "coordinates": [73.861322, 18.44736]}, "properties": {"depth": 3.98}}, {"type": "Feature", "geometry": {"type": "Point", "coordinates": [73.860906, 18.447381]}, "properties": {"depth": 0.47}}, {"type": "Feature", "geometry": {"type": "Point", "coordinates": [73.860825, 18.447388]}, "properties": {"depth": 0.47}}, {"type": "Feature", "geometry": {"type": "Point", "coordinates": [73.861002, 18.447402]}, "properties": {"depth": 1.62}}, {"type": "Feature", "geometry": {"type": "Point", "coordinates": [73.861069, 18.447411]}, "properties": {"depth": 1.62}}, {"type": "Feature", "geometry": {"type": "Point", "coordinates": [73.861126, 18.447426]}, "properties": {"depth": 1.62}}, {"type": "Feature", "geometry": {"type": "Point", "coordinates": [73.861179, 18.447435]}, "properties": {"depth": 1.62}}, {"type": "Feature", "geometry": {"type": "Point", "coordinates": [73.861269, 18.447452]}, "properties": {"depth": 3.85}}, {"type": "Feature", "geometry": {"type": "Point", "coordinates": [73.861681, 18.447424]}, "properties": {"depth": 5.58}}, {"type": "Feature", "geometry": {"type": "Point", "coordinates": [73.86179, 18.447446]}, "properties": {"depth": 5.58}}, {"type": "Feature", "geometry": {"type": "Point", "coordinates": [73.861473, 18.447474]}, "properties": {"depth": 3.85}}, {"type": "Feature", "geometry": {"type": "Point", "coordinates": [73.86155, 18.447482]}, "properties": {"depth": 5.58}}, {"type": "Feature", "geometry": {"type": "Point", "coordinates": [73.861654, 18.447503]}, "properties": {"depth": 5.58}}, {"type": "Feature", "geometry": {"type": "Point", "coordinates": [73.861781, 18.447507]}, "properties": {"depth": 5.58}}, {"type": "Feature", "geometry": {"type": "Point", "coordinates": [73.861827, 18.447508]}, "properties": {"depth": 7.51}}, {"type": "Feature", "geometry": {"type": "Point", "coordinates": [73.861999, 18.457667]}, "properties": {"depth": 6.38}}, {"type": "Feature", "geometry": {"type": "Point", "coordinates": [73.862754, 18.457371]}, "properties": {"depth": 6.62}}, {"type": "Feature", "geometry": {"type": "Point", "coordinates": [73.863201, 18.457702]}, "properties": {"depth": 3.2}}, {"type": "Feature", "geometry": {"type": "Point", "coordinates": [73.862582, 18.457977]}, "properties": {"depth": 8.48}}, {"type": "Feature", "geometry": {"type": "Point", "coordinates": [73.863311, 18.458046]}, "properties": {"depth": 3.11}}, {"type": "Feature", "geometry": {"type": "Point", "coordinates": [73.886925, 18.432698]}, "properties": {"depth": 11.62}}, {"type": "Feature", "geometry": {"type": "Point", "coordinates": [73.88732, 18.433999]}, "properties": {"depth": 14.02}}, {"type": "Feature", "geometry": {"type": "Point", "coordinates": [73.888943, 18.434243]}, "properties": {"depth": 7.54}}, {"type": "Feature", "geometry": {"type": "Point", "coordinates": [73.88869, 18.434281]}, "properties": {"depth": 8.54}}, {"type": "Feature", "geometry": {"type": "Point", "coordinates": [73.888136, 18.434412]}, "properties": {"depth": 12.13}}, {"type": "Feature", "geometry": {"type": "Point", "coordinates": [73.889075, 18.434452]}, "properties": {"depth": 8.64}}, {"type": "Feature", "geometry": {"type": "Point", "coordinates": [73.888726, 18.434484]}, "properties": {"depth": 9.18}}, {"type": "Feature", "geometry": {"type": "Point", "coordinates": [73.88931, 18.434499]}, "properties": {"depth": 8.05}}, {"type": "Feature", "geometry": {"type": "Point", "coordinates": [73.888526, 18.434545]}, "properties": {"depth": 9.18}}, {"type": "Feature", "geometry": {"type": "Point", "coordinates": [73.888891, 18.434562]}, "properties": {"depth": 9.35}}, {"type": "Feature", "geometry": {"type": "Point", "coordinates": [73.888357, 18.434625]}, "properties": {"depth": 12.44}}, {"type": "Feature", "geometry": {"type": "Point", "coordinates": [73.889617, 18.434291]}, "properties": {"depth": 5.04}}, {"type": "Feature", "geometry": {"type": "Point", "coordinates": [73.889895, 18.434707]}, "properties": {"depth": 4.71}}, {"type": "Feature", "geometry": {"type": "Point", "coordinates": [73.889653, 18.434848]}, "properties": {"depth": 7.57}}, {"type": "Feature", "geometry": {"type": "Point", "coordinates": [73.889975, 18.43487]}, "properties": {"depth": 5.25}}, {"type": "Feature", "geometry": {"type": "Point", "coordinates": [73.889842, 18.434905]}, "properties": {"depth": 8.19}}, {"type": "Feature", "geometry": {"type": "Point", "coordinates": [73.889763, 18.434949]}, "properties": {"depth": 8.19}}, {"type": "Feature", "geometry": {"type": "Point", "coordinates": [73.890957, 18.435022]}, "properties": {"depth": 6.68}}, {"type": "Feature", "geometry": {"type": "Point", "coordinates": [73.890337, 18.435096]}, "properties": {"depth": 5.5}}, {"type": "Feature", "geometry": {"type": "Point", "coordinates": [73.890472, 18.435145]}, "properties": {"depth": 4.58}}, {"type": "Feature", "geometry": {"type": "Point", "coordinates": [73.888083, 18.434709]}, "properties": {"depth": 11.68}}, {"type": "Feature", "geometry": {"type": "Point", "coordinates": [73.889375, 18.434769]}, "properties": {"depth": 10.48}}, {"type": "Feature", "geometry": {"type": "Point", "coordinates": [73.888004, 18.43488]}, "properties": {"depth": 12.7}}, {"type": "Feature", "geometry": {"type": "Point", "coordinates": [73.888094, 18.434887]}, "properties": {"depth": 12.7}}, {"type": "Feature", "geometry": {"type": "Point", "coordinates": [73.888194, 18.434894]}, "properties": {"depth": 12.7}}, {"type": "Feature", "geometry": {"type": "Point", "coordinates": [73.889412, 18.434935]}, "properties": {"depth": 11.33}}, {"type": "Feature", "geometry": {"type": "Point", "coordinates": [73.887811, 18.435079]}, "properties": {"depth": 13.72}}, {"type": "Feature", "geometry": {"type": "Point", "coordinates": [73.88892, 18.435111]}, "properties": {"depth": 12.99}}, {"type": "Feature", "geometry": {"type": "Point", "coordinates": [73.888233, 18.435124]}, "properties": {"depth": 13.06}}, {"type": "Feature", "geometry": {"type": "Point", "coordinates": [73.889496, 18.435346]}, "properties": {"depth": 12.13}}, {"type": "Feature", "geometry": {"type": "Point", "coordinates": [73.889846, 18.435145]}, "properties": {"depth": 9.44}}, {"type": "Feature", "geometry": {"type": "Point", "coordinates": [73.890228, 18.435154]}, "properties": {"depth": 5.03}}, {"type": "Feature", "geometry": {"type": "Point", "coordinates": [73.889508, 18.435172]}, "properties": {"depth": 12.13}}, {"type": "Feature", "geometry": {"type": "Point", "coordinates": [73.890006, 18.435176]}, "properties": {"depth": 7.3}}, {"type": "Feature", "geometry": {"type": "Point", "coordinates": [73.890483, 18.435227]}, "properties": {"depth": 4.58}}, {"type": "Feature", "geometry": {"type": "Point", "coordinates": [73.890708, 18.435314]}, "properties": {"depth": 4.7}}, {"type": "Feature", "geometry": {"type": "Point", "coordinates": [73.890478, 18.435322]}, "properties": {"depth": 4.58}}, {"type": "Feature", "geometry": {"type": "Point", "coordinates": [73.889922, 18.435353]}, "properties": {"depth": 7.3}}, {"type": "Feature", "geometry": {"type": "Point", "coordinates": [73.890707, 18.435401]}, "properties": {"depth": 4.7}}, {"type": "Feature", "geometry": {"type": "Point", "coordinates": [73.890469, 18.435435]}, "properties": {"depth": 4.49}}, {"type": "Feature", "geometry": {"type": "Point", "coordinates": [73.890949, 18.435451]}, "properties": {"depth": 3.84}}, {"type": "Feature", "geometry": {"type": "Point", "coordinates": [73.889965, 18.435536]}, "properties": {"depth": 8.18}}, {"type": "Feature", "geometry": {"type": "Point", "coordinates": [73.890406, 18.435545]}, "properties": {"depth": 5.5}}, {"type": "Feature", "geometry": {"type": "Point", "coordinates": [73.889775, 18.435562]}, "properties": {"depth": 9.76}}, {"type": "Feature", "geometry": {"type": "Point", "coordinates": [73.890091, 18.435578]}, "properties": {"depth": 8.18}}, {"type": "Feature", "geometry": {"type": "Point", "coordinates": [73.890871, 18.435623]}, "properties": {"depth": 3.84}}, {"type": "Feature", "geometry": {"type": "Point", "coordinates": [73.890766, 18.435631]}, "properties": {"depth": 3.84}}, {"type": "Feature", "geometry": {"type": "Point", "coordinates": [73.890958, 18.435645]}, "properties": {"depth": 3.84}}, {"type": "Feature", "geometry": {"type": "Point", "coordinates": [73.890507, 18.435677]}, "properties": {"depth": 4.49}}, {"type": "Feature", "geometry": {"type": "Point", "coordinates": [73.890964, 18.435757]}, "properties": {"depth": 4.11}}, {"type": "Feature", "geometry": {"type": "Point", "coordinates": [73.889148, 18.435442]}, "properties": {"depth": 13.44}}, {"type": "Feature", "geometry": {"type": "Point", "coordinates": [73.888656, 18.43547]}, "properties": {"depth": 13.61}}, {"type": "Feature", "geometry": {"type": "Point", "coordinates": [73.888519, 18.435494]}, "properties": {"depth": 13.61}}, {"type": "Feature", "geometry": {"type": "Point", "coordinates": [73.888674, 18.435599]}, "properties": {"depth": 13.61}}, {"type": "Feature", "geometry": {"type": "Point", "coordinates": [73.888845, 18.435615]}, "properties": {"depth": 13.67}}, {"type": "Feature", "geometry": {"type": "Point", "coordinates": [73.888971, 18.435623]}, "properties": {"depth": 13.67}}, {"type": "Feature", "geometry": {"type": "Point", "coordinates": [73.889397, 18.435658]}, "properties": {"depth": 11.87}}, {"type": "Feature", "geometry": {"type": "Point", "coordinates": [73.888858, 18.435752]}, "properties": {"depth": 15.14}}, {"type": "Feature", "geometry": {"type": "Point", "coordinates": [73.889106, 18.435791]}, "properties": {"depth": 13.61}}, {"type": "Feature", "geometry": {"type": "Point", "coordinates": [73.88927, 18.435794]}, "properties": {"depth": 13.61}}, {"type": "Feature", "geometry": {"type": "Point", "coordinates": [73.890621, 18.435806]}, "properties": {"depth": 5.38}}, {"type": "Feature", "geometry": {"type": "Point", "coordinates": [73.889578, 18.435807]}, "properties": {"depth": 11.63}}, {"type": "Feature", "geometry": {"type": "Point", "coordinates": [73.889843, 18.435823]}, "properties": {"depth": 8.49}}, {"type": "Feature", "geometry": {"type": "Point", "coordinates": [73.890824, 18.435889]}, "properties": {"depth": 4.11}}, {"type": "Feature", "geometry": {"type": "Point", "coordinates": [73.889867, 18.435965]}, "properties": {"depth": 8.78}}, {"type": "Feature", "geometry": {"type": "Point", "coordinates": [73.890429, 18.435973]}, "properties": {"depth": 5.85}}, {"type": "Feature", "geometry": {"type": "Point", "coordinates": [73.890633, 18.436037]}, "properties": {"depth": 5.85}}, {"type": "Feature", "geometry": {"type": "Point", "coordinates": [73.890415, 18.436081]}, "properties": {"depth": 8.07}}, {"type": "Feature", "geometry": {"type": "Point", "coordinates": [73.89069, 18.43621]}, "properties": {"depth": 5.85}}, {"type": "Feature", "geometry": {"type": "Point", "coordinates": [73.885965, 18.435643]}, "properties": {"depth": 11.33}}, {"type": "Feature", "geometry": {"type": "Point", "coordinates": [73.885886, 18.436055]}, "properties": {"depth": 1.53}}, {"type": "Feature", "geometry": {"type": "Point", "coordinates": [73.887599, 18.438592]}, "properties": {"depth": 7.42}}, {"type": "Feature", "geometry": {"type": "Point", "coordinates": [73.898908, 18.430341]}, "properties": {"depth": 12.96}}, {"type": "Feature", "geometry": {"type": "Point", "coordinates": [73.898381, 18.431836]}, "properties": {"depth": 11.75}}, {"type": "Feature", "geometry": {"type": "Point", "coordinates": [73.899402, 18.432064]}, "properties": {"depth": 8.22}}, {"type": "Feature", "geometry": {"type": "Point", "coordinates": [73.890418, 18.436223]}, "properties": {"depth": 5.85}}, {"type": "Feature", "geometry": {"type": "Point", "coordinates": [73.890866, 18.436249]}, "properties": {"depth": 1.86}}, {"type": "Feature", "geometry": {"type": "Point", "coordinates": [73.890635, 18.436361]}, "properties": {"depth": 6.81}}, {"type": "Feature", "geometry": {"type": "Point", "coordinates": [73.89005, 18.436683]}, "properties": {"depth": 12.45}}, {"type": "Feature", "geometry": {"type": "Point", "coordinates": [73.890522, 18.436856]}, "properties": {"depth": 8.9}}, {"type": "Feature", "geometry": {"type": "Point", "coordinates": [73.887679, 18.434743]}, "properties": {"depth": 12.96}}, {"type": "Feature", "geometry": {"type": "Point", "coordinates": [73.887155, 18.435672]}, "properties": {"depth": 15.73}}, {"type": "Feature", "geometry": {"type": "Point", "coordinates": [73.886755, 18.435805]}, "properties": {"depth": 14.38}}, {"type": "Feature", "geometry": {"type": "Point", "coordinates": [73.886615, 18.436227]}, "properties": {"depth": 12.25}}, {"type": "Feature", "geometry": {"type": "Point", "coordinates": [73.887126, 18.437497]}, "properties": {"depth": 7.07}}, {"type": "Feature", "geometry": {"type": "Point", "coordinates": [73.887532, 18.438224]}, "properties": {"depth": 6.43}}, {"type": "Feature", "geometry": {"type": "Point", "coordinates": [73.888617, 18.435794]}, "properties": {"depth": 15.82}}, {"type": "Feature", "geometry": {"type": "Point", "coordinates": [73.889425, 18.435805]}, "properties": {"depth": 11.63}}, {"type": "Feature", "geometry": {"type": "Point", "coordinates": [73.888454, 18.436011]}, "properties": {"depth": 15.13}}, {"type": "Feature", "geometry": {"type": "Point", "coordinates": [73.889174, 18.436021]}, "properties": {"depth": 14.75}}, {"type": "Feature", "geometry": {"type": "Point", "coordinates": [73.889454, 18.436431]}, "properties": {"depth": 15.73}}, {"type": "Feature", "geometry": {"type": "Point", "coordinates": [73.88846, 18.43841]}, "properties": {"depth": 13.6}}, {"type": "Feature", "geometry": {"type": "Point", "coordinates": [73.888432, 18.438743]}, "properties": {"depth": 13.77}}, {"type": "Feature", "geometry": {"type": "Point", "coordinates": [73.916706, 18.432988]}, "properties": {"depth": 13.81}}, {"type": "Feature", "geometry": {"type": "Point", "coordinates": [73.917018, 18.433293]}, "properties": {"depth": 13.5}}, {"type": "Feature", "geometry": {"type": "Point", "coordinates": [73.916361, 18.433354]}, "properties": {"depth": 10.88}}, {"type": "Feature", "geometry": {"type": "Point", "coordinates": [73.916726, 18.433793]}, "properties": {"depth": 10.69}}, {"type": "Feature", "geometry": {"type": "Point", "coordinates": [73.916703, 18.433897]}, "properties": {"depth": 10.69}}, {"type": "Feature", "geometry": {"type": "Point", "coordinates": [73.916818, 18.433903]}, "properties": {"depth": 11.79}}, {"type": "Feature", "geometry": {"type": "Point", "coordinates": [73.917317, 18.433095]}, "properties": {"depth": 17.65}}, {"type": "Feature", "geometry": {"type": "Point", "coordinates": [73.917709, 18.43323]}, "properties": {"depth": 1.83}}, {"type": "Feature", "geometry": {"type": "Point", "coordinates": [73.917888, 18.433309]}, "properties": {"depth": 1.83}}, {"type": "Feature", "geometry": {"type": "Point", "coordinates": [73.917823, 18.434153]}, "properties": {"depth": 19.54}}, {"type": "Feature", "geometry": {"type": "Point", "coordinates": [73.9175, 18.434198]}, "properties": {"depth": 15.51}}, {"type": "Feature", "geometry": {"type": "Point", "coordinates": [73.918168, 18.434217]}, "properties": {"depth": 0.3}}, {"type": "Feature", "geometry": {"type": "Point", "coordinates": [73.917263, 18.434222]}, "properties": {"depth": 12.36}}, {"type": "Feature", "geometry": {"type": "Point", "coordinates": [73.918032, 18.43424]}, "properties": {"depth": 0.3}}, {"type": "Feature", "geometry": {"type": "Point", "coordinates": [73.917924, 18.434318]}, "properties": {"depth": 18.85}}, {"type": "Feature", "geometry": {"type": "Point", "coordinates": [73.91807, 18.434364]}, "properties": {"depth": 18.85}}, {"type": "Feature", "geometry": {"type": "Point", "coordinates": [73.915597, 18.43398]}, "properties": {"depth": 9.69}}, {"type": "Feature", "geometry": {"type": "Point", "coordinates": [73.915618, 18.434135]}, "properties": {"depth": 9.15}}, {"type": "Feature", "geometry": {"type": "Point", "coordinates": [73.915762, 18.434861]}, "properties": {"depth": 9.96}}, {"type": "Feature", "geometry": {"type": "Point", "coordinates": [73.917306, 18.434371]}, "properties": {"depth": 10.84}}, {"type": "Feature", "geometry": {"type": "Point", "coordinates": [73.917241, 18.434409]}, "properties": {"depth": 10.84}}, {"type": "Feature", "geometry": {"type": "Point", "coordinates": [73.918082, 18.434466]}, "properties": {"depth": 18.85}}, {"type": "Feature", "geometry": {"type": "Point", "coordinates": [73.917603, 18.434499]}, "properties": {"depth": 13.04}}, {"type": "Feature", "geometry": {"type": "Point", "coordinates": [73.918095, 18.434574]}, "properties": {"depth": 18.85}}, {"type": "Feature", "geometry": {"type": "Point", "coordinates": [73.917226, 18.434644]}, "properties": {"depth": 10.1}}, {"type": "Feature", "geometry": {"type": "Point", "coordinates": [73.917566, 18.434694]}, "properties": {"depth": 13.61}}, {"type": "Feature", "geometry": {"type": "Point", "coordinates": [73.917903, 18.43475]}, "properties": {"depth": 16.87}}, {"type": "Feature", "geometry": {"type": "Point", "coordinates": [73.913821, 18.433825]}, "properties": {"depth": 12.4}}, {"type": "Feature", "geometry": {"type": "Point", "coordinates": [73.914265, 18.433931]}, "properties": {"depth": 11.07}}, {"type": "Feature", "geometry": {"type": "Point", "coordinates": [73.914328, 18.43398]}, "properties": {"depth": 10.07}}, {"type": "Feature", "geometry": {"type": "Point", "coordinates": [73.912139, 18.43469]}, "properties": {"depth": 17.58}}, {"type": "Feature", "geometry": {"type": "Point", "coordinates": [73.911292, 18.43438]}, "properties": {"depth": 15.21}}, {"type": "Feature", "geometry": {"type": "Point", "coordinates": [73.861342, 18.447071]}, "properties": {"depth": 0.95}}, {"type": "Feature", "geometry": {"type": "Point", "coordinates": [73.861032, 18.44709]}, "properties": {"depth": 2.39}}, {"type": "Feature", "geometry": {"type": "Point", "coordinates": [73.861148, 18.447121]}, "properties": {"depth": 2.39}}, {"type": "Feature", "geometry": {"type": "Point", "coordinates": [73.861254, 18.447153]}, "properties": {"depth": 3.98}}, {"type": "Feature", "geometry": {"type": "Point", "coordinates": [73.861311, 18.447162]}, "properties": {"depth": 3.98}}, {"type": "Feature", "geometry": {"type": "Point", "coordinates": [73.861032, 18.447167]}, "properties": {"depth": 2.39}}, {"type": "Feature", "geometry": {"type": "Point", "coordinates": [73.861161, 18.447202]}, "properties": {"depth": 2.39}}, {"type": "Feature", "geometry": {"type": "Point", "coordinates": [73.861321, 18.44723]}, "properties": {"depth": 3.98}}, {"type": "Feature", "geometry": {"type": "Point", "coordinates": [73.861003, 18.447238]}, "properties": {"depth": 2.39}}, {"type": "Feature", "geometry": {"type": "Point", "coordinates": [73.860999, 18.447316]}, "properties": {"depth": 2.39}}, {"type": "Feature", "geometry": {"type": "Point", "coordinates": [73.86106, 18.447319]}, "properties": {"depth": 2.39}}, {"type": "Feature", "geometry": {"type": "Point", "coordinates": [73.861179, 18.44734]}, "properties": {"depth": 2.39}}, {"type": "Feature", "geometry": {"type": "Point", "coordinates": [73.861131, 18.447343]}, "properties": {"depth": 2.39}}, {"type": "Feature", "geometry": {"type": "Point", "coordinates": [73.865054, 18.457205]}, "properties": {"depth": 0.62}}, {"type": "Feature", "geometry": {"type": "Point", "coordinates": [73.865059, 18.457245]}, "properties": {"depth": 0.62}}, {"type": "Feature", "geometry": {"type": "Point", "coordinates": [73.865113, 18.457251]}, "properties": {"depth": 0.62}}, {"type": "Feature", "geometry": {"type": "Point", "coordinates": [73.865061, 18.45728]}, "properties": {"depth": 0.62}}, {"type": "Feature", "geometry": {"type": "Point", "coordinates": [73.865109, 18.457325]}, "properties": {"depth": 0.62}}, {"type": "Feature", "geometry": {"type": "Point", "coordinates": [73.863375, 18.45737]}, "properties": {"depth": 1.67}}, {"type": "Feature", "geometry": {"type": "Point", "coordinates": [73.864548, 18.4575]}, "properties": {"depth": 0.62}}, {"type": "Feature", "geometry": {"type": "Point", "coordinates": [73.864447, 18.457563]}, "properties": {"depth": 0.62}}, {"type": "Feature", "geometry": {"type": "Point", "coordinates": [73.864311, 18.457811]}, "properties": {"depth": 1.01}}, {"type": "Feature", "geometry": {"type": "Point", "coordinates": [73.863816, 18.45839]}, "properties": {"depth": 0.0}}, {"type": "Feature", "geometry": {"type": "Point", "coordinates": [73.864656, 18.458701]}, "properties": {"depth": 2.83}}, {"type": "Feature", "geometry": {"type": "Point", "coordinates": [73.863028, 18.458292]}, "properties": {"depth": 0.42}}, {"type": "Feature", "geometry": {"type": "Point", "coordinates": [73.86227, 18.458431]}, "properties": {"depth": 9.04}}, {"type": "Feature", "geometry": {"type": "Point", "coordinates": [73.863016, 18.45861]}, "properties": {"depth": 1.53}}, {"type": "Feature", "geometry": {"type": "Point", "coordinates": [73.863039, 18.458901]}, "properties": {"depth": 10.24}}, {"type": "Feature", "geometry": {"type": "Point", "coordinates": [73.862499, 18.459007]}, "properties": {"depth": 3.6}}, {"type": "Feature", "geometry": {"type": "Point", "coordinates": [73.862562, 18.459259]}, "properties": {"depth": 3.59}}, {"type": "Feature", "geometry": {"type": "Point", "coordinates": [73.862538, 18.45967]}, "properties": {"depth": 3.54}}, {"type": "Feature", "geometry": {"type": "Point", "coordinates": [73.862378, 18.459676]}, "properties": {"depth": 3.54}}, {"type": "Feature", "geometry": {"type": "Point", "coordinates": [73.863048, 18.459856]}, "properties": {"depth": 10.16}}, {"type": "Feature", "geometry": {"type": "Point", "coordinates": [73.863835, 18.458702]}, "properties": {"depth": 1.42}}, {"type": "Feature", "geometry": {"type": "Point", "coordinates": [73.864601, 18.458934]}, "properties": {"depth": 4.49}}, {"type": "Feature", "geometry": {"type": "Point", "coordinates": [73.863652, 18.459]}, "properties": {"depth": 2.69}}, {"type": "Feature", "geometry": {"type": "Point", "coordinates": [73.863369, 18.459025]}, "properties": {"depth": 4.76}}, {"type": "Feature", "geometry": {"type": "Point", "coordinates": [73.863903, 18.459249]}, "properties": {"depth": 5.55}}, {"type": "Feature", "geometry": {"type": "Point", "coordinates": [73.864387, 18.459904]}, "properties": {"depth": 1.17}}, {"type": "Feature", "geometry": {"type": "Point", "coordinates": [73.864151, 18.459989]}, "properties": {"depth": 1.85}}, {"type": "Feature", "geometry": {"type": "Point", "coordinates": [73.864584, 18.46001]}, "properties": {"depth": 0.13}}, {"type": "Feature", "geometry": {"type": "Point", "coordinates": [73.863728, 18.460009]}, "properties": {"depth": 0.91}}, {"type": "Feature", "geometry": {"type": "Point", "coordinates": [73.862795, 18.459878]}, "properties": {"depth": 5.63}}, {"type": "Feature", "geometry": {"type": "Point", "coordinates": [73.862641, 18.459908]}, "properties": {"depth": 5.63}}, {"type": "Feature", "geometry": {"type": "Point", "coordinates": [73.862404, 18.459958]}, "properties": {"depth": 1.83}}, {"type": "Feature", "geometry": {"type": "Point", "coordinates": [73.862735, 18.46012]}, "properties": {"depth": 5.63}}, {"type": "Feature", "geometry": {"type": "Point", "coordinates": [73.862423, 18.460126]}, "properties": {"depth": 1.83}}, {"type": "Feature", "geometry": {"type": "Point", "coordinates": [73.862937, 18.460317]}, "properties": {"depth": 1.72}}, {"type": "Feature", "geometry": {"type": "Point", "coordinates": [73.862671, 18.460342]}, "properties": {"depth": 1.7}}, {"type": "Feature", "geometry": {"type": "Point", "coordinates": [73.862397, 18.4604]}, "properties": {"depth": 0.4}}, {"type": "Feature", "geometry": {"type": "Point", "coordinates": [73.86269, 18.460575]}, "properties": {"depth": 2.77}}, {"type": "Feature", "geometry": {"type": "Point", "coordinates": [73.862381, 18.460592]}, "properties": {"depth": 0.67}}, {"type": "Feature", "geometry": {"type": "Point", "coordinates": [73.863172, 18.460636]}, "properties": {"depth": 6.75}}, {"type": "Feature", "geometry": {"type": "Point", "coordinates": [73.86267, 18.460765]}, "properties": {"depth": 1.88}}, {"type": "Feature", "geometry": {"type": "Point", "coordinates": [73.862438, 18.460821]}, "properties": {"depth": 2.01}}, {"type": "Feature", "geometry": {"type": "Point", "coordinates": [73.863151, 18.460894]}, "properties": {"depth": 6.57}}, {"type": "Feature", "geometry": {"type": "Point", "coordinates": [73.862681, 18.46095]}, "properties": {"depth": 1.88}}, {"type": "Feature", "geometry": {"type": "Point", "coordinates": [73.864851, 18.458119]}, "properties": {"depth": 3.38}}, {"type": "Feature", "geometry": {"type": "Point", "coordinates": [73.864848, 18.458264]}, "properties": {"depth": 3.29}}, {"type": "Feature", "geometry": {"type": "Point", "coordinates": [73.864816, 18.45856]}, "properties": {"depth": 2.83}}, {"type": "Feature", "geometry": {"type": "Point", "coordinates": [73.864916, 18.459688]}, "properties": {"depth": 1.25}}, {"type": "Feature", "geometry": {"type": "Point", "coordinates": [73.864867, 18.460069]}, "properties": {"depth": 3.51}}, {"type": "Feature", "geometry": {"type": "Point", "coordinates": [73.864885, 18.460294]}, "properties": {"depth": 1.71}}, {"type": "Feature", "geometry": {"type": "Point", "coordinates": [73.862708, 18.461076]}, "properties": {"depth": 1.26}}, {"type": "Feature", "geometry": {"type": "Point", "coordinates": [73.862717, 18.46122]}, "properties": {"depth": 1.26}}, {"type": "Feature", "geometry": {"type": "Point", "coordinates": [73.86292, 18.461256]}, "properties": {"depth": 2.52}}, {"type": "Feature", "geometry": {"type": "Point", "coordinates": [73.863174, 18.461264]}, "properties": {"depth": 2.52}}, {"type": "Feature", "geometry": {"type": "Point", "coordinates": [73.862721, 18.461344]}, "properties": {"depth": 2.19}}, {"type": "Feature", "geometry": {"type": "Point", "coordinates": [73.864266, 18.460757]}, "properties": {"depth": 3.36}}, {"type": "Feature", "geometry": {"type": "Point", "coordinates": [73.863397, 18.462198]}, "properties": {"depth": 5.22}}, {"type": "Feature", "geometry": {"type": "Point", "coordinates": [73.863341, 18.462316]}, "properties": {"depth": 5.22}}, {"type": "Feature", "geometry": {"type": "Point", "coordinates": [73.863321, 18.462435]}, "properties": {"depth": 3.57}}, {"type": "Feature", "geometry": {"type": "Point", "coordinates": [73.86333, 18.462532]}, "properties": {"depth": 3.57}}, {"type": "Feature", "geometry": {"type": "Point", "coordinates": [73.863046, 18.46159]}, "properties": {"depth": 4.7}}, {"type": "Feature", "geometry": {"type": "Point", "coordinates": [73.86287, 18.461782]}, "properties": {"depth": 2.08}}, {"type": "Feature", "geometry": {"type": "Point", "coordinates": [73.862918, 18.461928]}, "properties": {"depth": 5.39}}, {"type": "Feature", "geometry": {"type": "Point", "coordinates": [73.862711, 18.461946]}, "properties": {"depth": 2.02}}, {"type": "Feature", "geometry": {"type": "Point", "coordinates": [73.862795, 18.461954]}, "properties": {"depth": 2.02}}, {"type": "Feature", "geometry": {"type": "Point", "coordinates": [73.862662, 18.462036]}, "properties": {"depth": 2.02}}, {"type": "Feature", "geometry": {"type": "Point", "coordinates": [73.863287, 18.462046]}, "properties": {"depth": 4.68}}, {"type": "Feature", "geometry": {"type": "Point", "coordinates": [73.862885, 18.462052]}, "properties": {"depth": 2.02}}, {"type": "Feature", "geometry": {"type": "Point", "coordinates": [73.862815, 18.462054]}, "properties": {"depth": 2.02}}, {"type": "Feature", "geometry": {"type": "Point", "coordinates": [73.863029, 18.462066]}, "properties": {"depth": 5.39}}, {"type": "Feature", "geometry": {"type": "Point", "coordinates": [73.862751, 18.462169]}, "properties": {"depth": 3.08}}, {"type": "Feature", "geometry": {"type": "Point", "coordinates": [73.862933, 18.462177]}, "properties": {"depth": 5.43}}, {"type": "Feature", "geometry": {"type": "Point", "coordinates": [73.863212, 18.462206]}, "properties": {"depth": 5.22}}, {"type": "Feature", "geometry": {"type": "Point", "coordinates": [73.862712, 18.462248]}, "properties": {"depth": 3.08}}, {"type": "Feature", "geometry": {"type": "Point", "coordinates": [73.862898, 18.462263]}, "properties": {"depth": 3.08}}, {"type": "Feature", "geometry": {"type": "Point", "coordinates": [73.863038, 18.462295]}, "properties": {"depth": 5.43}}, {"type": "Feature", "geometry": {"type": "Point", "coordinates": [73.863181, 18.462413]}, "properties": {"depth": 7.45}}, {"type": "Feature", "geometry": {"type": "Point", "coordinates": [73.8628, 18.462601]}, "properties": {"depth": 3.17}}, {"type": "Feature", "geometry": {"type": "Point", "coordinates": [73.863183, 18.46263]}, "properties": {"depth": 7.45}}, {"type": "Feature", "geometry": {"type": "Point", "coordinates": [73.863177, 18.462721]}, "properties": {"depth": 5.67}}, {"type": "Feature", "geometry": {"type": "Point", "coordinates": [73.863142, 18.462815]}, "properties": {"depth": 5.67}}, {"type": "Feature", "geometry": {"type": "Point", "coordinates": [73.863119, 18.462886]}, "properties": {"depth": 5.67}}, {"type": "Feature", "geometry": {"type": "Point", "coordinates": [73.862823, 18.46295]}, "properties": {"depth": 3.62}}, {"type": "Feature", "geometry": {"type": "Point", "coordinates": [73.863317, 18.462605]}, "properties": {"depth": 3.57}}, {"type": "Feature", "geometry": {"type": "Point", "coordinates": [73.863329, 18.462673]}, "properties": {"depth": 3.55}}, {"type": "Feature", "geometry": {"type": "Point", "coordinates": [73.863296, 18.462919]}, "properties": {"depth": 2.65}}, {"type": "Feature", "geometry": {"type": "Point", "coordinates": [73.863309, 18.463034]}, "properties": {"depth": 2.65}}, {"type": "Feature", "geometry": {"type": "Point", "coordinates": [73.863309, 18.463135]}, "properties": {"depth": 2.65}}, {"type": "Feature", "geometry": {"type": "Point", "coordinates": [73.863142, 18.46299]}, "properties": {"depth": 5.66}}, {"type": "Feature", "geometry": {"type": "Point", "coordinates": [73.86276, 18.463022]}, "properties": {"depth": 3.62}}, {"type": "Feature", "geometry": {"type": "Point", "coordinates": [73.862875, 18.463054]}, "properties": {"depth": 3.62}}, {"type": "Feature", "geometry": {"type": "Point", "coordinates": [73.863122, 18.463087]}, "properties": {"depth": 5.66}}, {"type": "Feature", "geometry": {"type": "Point", "coordinates": [73.862683, 18.463096]}, "properties": {"depth": 3.62}}, {"type": "Feature", "geometry": {"type": "Point", "coordinates": [73.862656, 18.463182]}, "properties": {"depth": 3.62}}, {"type": "Feature", "geometry": {"type": "Point", "coordinates": [73.862635, 18.463268]}, "properties": {"depth": 2.14}}, {"type": "Feature", "geometry": {"type": "Point", "coordinates": [73.86247, 18.463337]}, "properties": {"depth": 2.14}}, {"type": "Feature", "geometry": {"type": "Point", "coordinates": [73.862637, 18.463376]}, "properties": {"depth": 2.14}}, {"type": "Feature", "geometry": {"type": "Point", "coordinates": [73.862446, 18.463434]}, "properties": {"depth": 2.14}}, {"type": "Feature", "geometry": {"type": "Point", "coordinates": [73.863018, 18.463443]}, "properties": {"depth": 5.27}}, {"type": "Feature", "geometry": {"type": "Point", "coordinates": [73.863311, 18.463362]}, "properties": {"depth": 2.36}}, {"type": "Feature", "geometry": {"type": "Point", "coordinates": [73.966945, 18.48603]}, "properties": {"depth": 0.27}}, {"type": "Feature", "geometry": {"type": "Point", "coordinates": [73.92526, 18.498202]}, "properties": {"depth": 0.43}}, {"type": "Feature", "geometry": {"type": "Point", "coordinates": [73.925963, 18.498236]}, "properties": {"depth": 0.56}}, {"type": "Feature", "geometry": {"type": "Point", "coordinates": [73.925861, 18.498314]}, "properties": {"depth": 0.56}}, {"type": "Feature", "geometry": {"type": "Point", "coordinates": [73.925837, 18.498411]}, "properties": {"depth": 0.56}}, {"type": "Feature", "geometry": {"type": "Point", "coordinates": [73.92595, 18.498419]}, "properties": {"depth": 0.56}}, {"type": "Feature", "geometry": {"type": "Point", "coordinates": [73.925254, 18.498413]}, "properties": {"depth": 0.43}}, {"type": "Feature", "geometry": {"type": "Point", "coordinates": [73.924903, 18.49909]}, "properties": {"depth": 1.41}}, {"type": "Feature", "geometry": {"type": "Point", "coordinates": [73.924965, 18.499413]}, "properties": {"depth": 0.8}}, {"type": "Feature", "geometry": {"type": "Point", "coordinates": [73.924391, 18.500159]}, "properties": {"depth": 2.41}}, {"type": "Feature", "geometry": {"type": "Point", "coordinates": [73.9247, 18.500277]}, "properties": {"depth": 1.99}}, {"type": "Feature", "geometry": {"type": "Point", "coordinates": [73.924769, 18.500805]}, "properties": {"depth": 0.16}}, {"type": "Feature", "geometry": {"type": "Point", "coordinates": [73.926557, 18.498493]}, "properties": {"depth": 0.03}}, {"type": "Feature", "geometry": {"type": "Point", "coordinates": [73.924198, 18.501711]}, "properties": {"depth": 0.99}}, {"type": "Feature", "geometry": {"type": "Point", "coordinates": [73.925237, 18.501949]}, "properties": {"depth": 1.4}}, {"type": "Feature", "geometry": {"type": "Point", "coordinates": [73.92435, 18.501987]}, "properties": {"depth": 1.11}}, {"type": "Feature", "geometry": {"type": "Point", "coordinates": [73.924337, 18.502105]}, "properties": {"depth": 1.18}}, {"type": "Feature", "geometry": {"type": "Point", "coordinates": [73.92773, 18.500349]}, "properties": {"depth": 4.28}}, {"type": "Feature", "geometry": {"type": "Point", "coordinates": [73.927945, 18.502887]}, "properties": {"depth": 3.19}}, {"type": "Feature", "geometry": {"type": "Point", "coordinates": [73.927211, 18.502933]}, "properties": {"depth": 1.44}}, {"type": "Feature", "geometry": {"type": "Point", "coordinates": [73.927276, 18.503625]}, "properties": {"depth": 1.37}}, {"type": "Feature", "geometry": {"type": "Point", "coordinates": [73.928352, 18.503012]}, "properties": {"depth": 3.86}}, {"type": "Feature", "geometry": {"type": "Point", "coordinates": [73.928506, 18.503772]}, "properties": {"depth": 1.74}}, {"type": "Feature", "geometry": {"type": "Point", "coordinates": [73.927253, 18.50408]}, "properties": {"depth": 1.99}}, {"type": "Feature", "geometry": {"type": "Point", "coordinates": [73.929866, 18.504662]}, "properties": {"depth": 0.55}}, {"type": "Feature", "geometry": {"type": "Point", "coordinates": [73.906703, 18.499188]}, "properties": {"depth": 0.65}}, {"type": "Feature", "geometry": {"type": "Point", "coordinates": [73.906566, 18.49919]}, "properties": {"depth": 0.65}}, {"type": "Feature", "geometry": {"type": "Point", "coordinates": [73.902673, 18.499617]}, "properties": {"depth": 1.63}}, {"type": "Feature", "geometry": {"type": "Point", "coordinates": [73.902835, 18.499858]}, "properties": {"depth": 1.63}}, {"type": "Feature", "geometry": {"type": "Point", "coordinates": [73.907057, 18.499532]}, "properties": {"depth": 1.43}}, {"type": "Feature", "geometry": {"type": "Point", "coordinates": [73.906895, 18.499548]}, "properties": {"depth": 1.43}}, {"type": "Feature", "geometry": {"type": "Point", "coordinates": [73.906729, 18.499557]}, "properties": {"depth": 0.59}}, {"type": "Feature", "geometry": {"type": "Point", "coordinates": [73.90642, 18.499563]}, "properties": {"depth": 0.84}}, {"type": "Feature", "geometry": {"type": "Point", "coordinates": [73.906571, 18.49957]}, "properties": {"depth": 0.59}}, {"type": "Feature", "geometry": {"type": "Point", "coordinates": [73.906695, 18.500027]}, "properties": {"depth": 2.26}}, {"type": "Feature", "geometry": {"type": "Point", "coordinates": [73.907178, 18.500426]}, "properties": {"depth": 0.88}}, {"type": "Feature", "geometry": {"type": "Point", "coordinates": [73.906978, 18.500459]}, "properties": {"depth": 2.19}}, {"type": "Feature", "geometry": {"type": "Point", "coordinates": [73.906817, 18.500468]}, "properties": {"depth": 2.19}}, {"type": "Feature", "geometry": {"type": "Point", "coordinates": [73.90665, 18.500478]}, "properties": {"depth": 2.31}}, {"type": "Feature", "geometry": {"type": "Point", "coordinates": [73.907389, 18.50049]}, "properties": {"depth": 2.54}}, {"type": "Feature", "geometry": {"type": "Point", "coordinates": [73.907689, 18.500886]}, "properties": {"depth": 3.16}}, {"type": "Feature", "geometry": {"type": "Point", "coordinates": [73.90738, 18.501089]}, "properties": {"depth": 2.14}}, {"type": "Feature", "geometry": {"type": "Point", "coordinates": [73.908094, 18.502848]}, "properties": {"depth": 5.17}}, {"type": "Feature", "geometry": {"type": "Point", "coordinates": [73.908575, 18.502931]}, "properties": {"depth": 3.61}}, {"type": "Feature", "geometry": {"type": "Point", "coordinates": [73.908082, 18.502947]}, "properties": {"depth": 6.32}}, {"type": "Feature", "geometry": {"type": "Point", "coordinates": [73.907659, 18.502958]}, "properties": {"depth": 5.18}}, {"type": "Feature", "geometry": {"type": "Point", "coordinates": [73.909798, 18.503335]}, "properties": {"depth": 1.24}}, {"type": "Feature", "geometry": {"type": "Point", "coordinates": [73.909351, 18.503442]}, "properties": {"depth": 2.34}}, {"type": "Feature", "geometry": {"type": "Point", "coordinates": [73.908051, 18.503081]}, "properties": {"depth": 6.32}}, {"type": "Feature", "geometry": {"type": "Point", "coordinates": [73.909003, 18.503245]}, "properties": {"depth": 4.07}}, {"type": "Feature", "geometry": {"type": "Point", "coordinates": [73.90806, 18.503442]}, "properties": {"depth": 6.41}}, {"type": "Feature", "geometry": {"type": "Point", "coordinates": [73.908676, 18.503467]}, "properties": {"depth": 3.42}}, {"type": "Feature", "geometry": {"type": "Point", "coordinates": [73.908597, 18.503805]}, "properties": {"depth": 5.28}}, {"type": "Feature", "geometry": {"type": "Point", "coordinates": [73.907769, 18.503925]}, "properties": {"depth": 8.11}}, {"type": "Feature", "geometry": {"type": "Point", "coordinates": [73.90798, 18.504011]}, "properties": {"depth": 7.78}}, {"type": "Feature", "geometry": {"type": "Point", "coordinates": [73.907781, 18.504134]}, "properties": {"depth": 4.51}}, {"type": "Feature", "geometry": {"type": "Point", "coordinates": [73.907772, 18.504362]}, "properties": {"depth": 3.74}}, {"type": "Feature", "geometry": {"type": "Point", "coordinates": [73.907918, 18.504373]}, "properties": {"depth": 2.89}}, {"type": "Feature", "geometry": {"type": "Point", "coordinates": [73.905773, 18.500483]}, "properties": {"depth": 3.56}}, {"type": "Feature", "geometry": {"type": "Point", "coordinates": [73.906501, 18.500489]}, "properties": {"depth": 3.28}}, {"type": "Feature", "geometry": {"type": "Point", "coordinates": [73.906354, 18.500497]}, "properties": {"depth": 3.28}}, {"type": "Feature", "geometry": {"type": "Point", "coordinates": [73.906207, 18.500509]}, "properties": {"depth": 3.71}}, {"type": "Feature", "geometry": {"type": "Point", "coordinates": [73.906062, 18.500527]}, "properties": {"depth": 3.71}}, {"type": "Feature", "geometry": {"type": "Point", "coordinates": [73.907022, 18.501063]}, "properties": {"depth": 3.51}}, {"type": "Feature", "geometry": {"type": "Point", "coordinates": [73.905827, 18.501059]}, "properties": {"depth": 4.45}}, {"type": "Feature", "geometry": {"type": "Point", "coordinates": [73.907192, 18.501098]}, "properties": {"depth": 0.53}}, {"type": "Feature", "geometry": {"type": "Point", "coordinates": [73.90687, 18.501129]}, "properties": {"depth": 3.51}}, {"type": "Feature", "geometry": {"type": "Point", "coordinates": [73.906123, 18.501158]}, "properties": {"depth": 4.31}}, {"type": "Feature", "geometry": {"type": "Point", "coordinates": [73.906417, 18.50127]}, "properties": {"depth": 1.42}}, {"type": "Feature", "geometry": {"type": "Point", "coordinates": [73.905568, 18.501308]}, "properties": {"depth": 5.45}}, {"type": "Feature", "geometry": {"type": "Point", "coordinates": [73.905851, 18.501579]}, "properties": {"depth": 2.69}}, {"type": "Feature", "geometry": {"type": "Point", "coordinates": [73.907325, 18.501648]}, "properties": {"depth": 6.25}}, {"type": "Feature", "geometry": {"type": "Point", "coordinates": [73.907219, 18.501663]}, "properties": {"depth": 6.25}}, {"type": "Feature", "geometry": {"type": "Point", "coordinates": [73.907015, 18.50168]}, "properties": {"depth": 2.78}}, {"type": "Feature", "geometry": {"type": "Point", "coordinates": [73.905629, 18.501819]}, "properties": {"depth": 3.38}}, {"type": "Feature", "geometry": {"type": "Point", "coordinates": [73.906882, 18.501955]}, "properties": {"depth": 6.2}}, {"type": "Feature", "geometry": {"type": "Point", "coordinates": [73.907265, 18.501971]}, "properties": {"depth": 5.29}}, {"type": "Feature", "geometry": {"type": "Point", "coordinates": [73.906922, 18.503368]}, "properties": {"depth": 7.52}}, {"type": "Feature", "geometry": {"type": "Point", "coordinates": [73.902566, 18.500888]}, "properties": {"depth": 0.3}}, {"type": "Feature", "geometry": {"type": "Point", "coordinates": [73.902379, 18.501579]}, "properties": {"depth": 0.91}}, {"type": "Feature", "geometry": {"type": "Point", "coordinates": [73.903808, 18.503827]}, "properties": {"depth": 3.47}}, {"type": "Feature", "geometry": {"type": "Point", "coordinates": [73.905321, 18.499686]}, "properties": {"depth": 2.89}}, {"type": "Feature", "geometry": {"type": "Point", "coordinates": [73.905365, 18.500435]}, "properties": {"depth": 0.84}}, {"type": "Feature", "geometry": {"type": "Point", "coordinates": [73.905388, 18.500724]}, "properties": {"depth": 1.94}}, {"type": "Feature", "geometry": {"type": "Point", "coordinates": [73.905336, 18.501308]}, "properties": {"depth": 6.26}}, {"type": "Feature", "geometry": {"type": "Point", "coordinates": [73.905378, 18.501784]}, "properties": {"depth": 6.42}}, {"type": "Feature", "geometry": {"type": "Point", "coordinates": [73.904351, 18.506165]}, "properties": {"depth": 3.63}}, {"type": "Feature", "geometry": {"type": "Point", "coordinates": [73.908563, 18.504389]}, "properties": {"depth": 3.73}}, {"type": "Feature", "geometry": {"type": "Point", "coordinates": [73.908905, 18.506586]}, "properties": {"depth": 2.18}}, {"type": "Feature", "geometry": {"type": "Point", "coordinates": [73.907684, 18.506811]}, "properties": {"depth": 2.96}}, {"type": "Feature", "geometry": {"type": "Point", "coordinates": [73.908784, 18.506976]}, "properties": {"depth": 0.42}}, {"type": "Feature", "geometry": {"type": "Point", "coordinates": [73.908578, 18.507063]}, "properties": {"depth": 1.38}}, {"type": "Feature", "geometry": {"type": "Point", "coordinates": [73.907605, 18.507084]}, "properties": {"depth": 0.32}}, {"type": "Feature", "geometry": {"type": "Point", "coordinates": [73.907312, 18.507097]}, "properties": {"depth": 3.72}}, {"type": "Feature", "geometry": {"type": "Point", "coordinates": [73.907868, 18.507211]}, "properties": {"depth": 1.92}}, {"type": "Feature", "geometry": {"type": "Point", "coordinates": [73.907619, 18.507269]}, "properties": {"depth": 0.32}}, {"type": "Feature", "geometry": {"type": "Point", "coordinates": [73.910123, 18.506623]}, "properties": {"depth": 0.15}}, {"type": "Feature", "geometry": {"type": "Point", "coordinates": [73.909892, 18.506632]}, "properties": {"depth": 0.15}}, {"type": "Feature", "geometry": {"type": "Point", "coordinates": [73.910149, 18.506824]}, "properties": {"depth": 0.62}}, {"type": "Feature", "geometry": {"type": "Point", "coordinates": [73.910329, 18.506854]}, "properties": {"depth": 0.62}}, {"type": "Feature", "geometry": {"type": "Point", "coordinates": [73.91, 18.506866]}, "properties": {"depth": 2.19}}, {"type": "Feature", "geometry": {"type": "Point", "coordinates": [73.909831, 18.506878]}, "properties": {"depth": 3.16}}, {"type": "Feature", "geometry": {"type": "Point", "coordinates": [73.91011, 18.507238]}, "properties": {"depth": 0.03}}, {"type": "Feature", "geometry": {"type": "Point", "coordinates": [73.909317, 18.507523]}, "properties": {"depth": 1.49}}, {"type": "Feature", "geometry": {"type": "Point", "coordinates": [73.90847, 18.50733]}, "properties": {"depth": 1.96}}, {"type": "Feature", "geometry": {"type": "Point", "coordinates": [73.908213, 18.507348]}, "properties": {"depth": 1.96}}, {"type": "Feature", "geometry": {"type": "Point", "coordinates": [73.907668, 18.507454]}, "properties": {"depth": 0.51}}, {"type": "Feature", "geometry": {"type": "Point", "coordinates": [73.907359, 18.507475]}, "properties": {"depth": 2.59}}, {"type": "Feature", "geometry": {"type": "Point", "coordinates": [73.908276, 18.507521]}, "properties": {"depth": 1.06}}, {"type": "Feature", "geometry": {"type": "Point", "coordinates": [73.908484, 18.507522]}, "properties": {"depth": 1.51}}, {"type": "Feature", "geometry": {"type": "Point", "coordinates": [73.90793, 18.507533]}, "properties": {"depth": 0.42}}, {"type": "Feature", "geometry": {"type": "Point", "coordinates": [73.907338, 18.507681]}, "properties": {"depth": 0.74}}, {"type": "Feature", "geometry": {"type": "Point", "coordinates": [73.906934, 18.503505]}, "properties": {"depth": 7.93}}, {"type": "Feature", "geometry": {"type": "Point", "coordinates": [73.907084, 18.50374]}, "properties": {"depth": 7.45}}, {"type": "Feature", "geometry": {"type": "Point", "coordinates": [73.92556, 18.502615]}, "properties": {"depth": 2.58}}, {"type": "Feature", "geometry": {"type": "Point", "coordinates": [73.927808, 18.516319]}, "properties": {"depth": 0.2}}, {"type": "Feature", "geometry": {"type": "Point", "coordinates": [73.92759, 18.517145]}, "properties": {"depth": 0.71}}, {"type": "Feature", "geometry": {"type": "Point", "coordinates": [73.927431, 18.51769]}, "properties": {"depth": 0.22}}, {"type": "Feature", "geometry": {"type": "Point", "coordinates": [73.927437, 18.518292]}, "properties": {"depth": 0.38}}, {"type": "Feature", "geometry": {"type": "Point", "coordinates": [73.9298, 18.518981]}, "properties": {"depth": 0.81}}, {"type": "Feature", "geometry": {"type": "Point", "coordinates": [73.923877, 18.518156]}, "properties": {"depth": 3.61}}, {"type": "Feature", "geometry": {"type": "Point", "coordinates": [73.924084, 18.518655]}, "properties": {"depth": 2.11}}, {"type": "Feature", "geometry": {"type": "Point", "coordinates": [73.924098, 18.519008]}, "properties": {"depth": 2.08}}, {"type": "Feature", "geometry": {"type": "Point", "coordinates": [73.926649, 18.517786]}, "properties": {"depth": 1.72}}, {"type": "Feature", "geometry": {"type": "Point", "coordinates": [73.92666, 18.517922]}, "properties": {"depth": 3.41}}, {"type": "Feature", "geometry": {"type": "Point", "coordinates": [73.926663, 18.518067]}, "properties": {"depth": 3.41}}, {"type": "Feature", "geometry": {"type": "Point", "coordinates": [73.926223, 18.518066]}, "properties": {"depth": 3.73}}, {"type": "Feature", "geometry": {"type": "Point", "coordinates": [73.926683, 18.518198]}, "properties": {"depth": 7.23}}, {"type": "Feature", "geometry": {"type": "Point", "coordinates": [73.926751, 18.51842]}, "properties": {"depth": 7.23}}, {"type": "Feature", "geometry": {"type": "Point", "coordinates": [73.926048, 18.51866]}, "properties": {"depth": 2.37}}, {"type": "Feature", "geometry": {"type": "Point", "coordinates": [73.926789, 18.518959]}, "properties": {"depth": 1.12}}, {"type": "Feature", "geometry": {"type": "Point", "coordinates": [73.925225, 18.519569]}, "properties": {"depth": 2.91}}, {"type": "Feature", "geometry": {"type": "Point", "coordinates": [73.924184, 18.519658]}, "properties": {"depth": 4.74}}, {"type": "Feature", "geometry": {"type": "Point", "coordinates": [73.924942, 18.519787]}, "properties": {"depth": 7.4}}, {"type": "Feature", "geometry": {"type": "Point", "coordinates": [73.925487, 18.519848]}, "properties": {"depth": 6.56}}, {"type": "Feature", "geometry": {"type": "Point", "coordinates": [73.924843, 18.520697]}, "properties": {"depth": 3.58}}, {"type": "Feature", "geometry": {"type": "Point", "coordinates": [73.927017, 18.519258]}, "properties": {"depth": 3.03}}, {"type": "Feature", "geometry": {"type": "Point", "coordinates": [73.92599, 18.519626]}, "properties": {"depth": 5.48}}, {"type": "Feature", "geometry": {"type": "Point", "coordinates": [73.926311, 18.519708]}, "properties": {"depth": 8.25}}, {"type": "Feature", "geometry": {"type": "Point", "coordinates": [73.926144, 18.519729]}, "properties": {"depth": 5.48}}, {"type": "Feature", "geometry": {"type": "Point", "coordinates": [73.926872, 18.51978]}, "properties": {"depth": 5.33}}, {"type": "Feature", "geometry": {"type": "Point", "coordinates": [73.925966, 18.519888]}, "properties": {"depth": 4.98}}, {"type": "Feature", "geometry": {"type": "Point", "coordinates": [73.926771, 18.520521]}, "properties": {"depth": 4.12}}, {"type": "Feature", "geometry": {"type": "Point", "coordinates": [73.925809, 18.520935]}, "properties": {"depth": 0.77}}, {"type": "Feature", "geometry": {"type": "Point", "coordinates": [73.926269, 18.521058]}, "properties": {"depth": 2.29}}, {"type": "Feature", "geometry": {"type": "Point", "coordinates": [73.926005, 18.521444]}, "properties": {"depth": 2.82}}, {"type": "Feature", "geometry": {"type": "Point", "coordinates": [73.926462, 18.521459]}, "properties": {"depth": 5.11}}, {"type": "Feature", "geometry": {"type": "Point", "coordinates": [73.92692, 18.521823]}, "properties": {"depth": 3.48}}, {"type": "Feature", "geometry": {"type": "Point", "coordinates": [73.926363, 18.522153]}, "properties": {"depth": 4.25}}, {"type": "Feature", "geometry": {"type": "Point", "coordinates": [73.925703, 18.52221]}, "properties": {"depth": 7.81}}, {"type": "Feature", "geometry": {"type": "Point", "coordinates": [73.926528, 18.522216]}, "properties": {"depth": 4.44}}, {"type": "Feature", "geometry": {"type": "Point", "coordinates": [73.926373, 18.522552]}, "properties": {"depth": 5.83}}, {"type": "Feature", "geometry": {"type": "Point", "coordinates": [73.926471, 18.522568]}, "properties": {"depth": 5.83}}, {"type": "Feature", "geometry": {"type": "Point", "coordinates": [73.926139, 18.52304]}, "properties": {"depth": 7.69}}, {"type": "Feature", "geometry": {"type": "Point", "coordinates": [73.92456, 18.520972]}, "properties": {"depth": 4.83}}, {"type": "Feature", "geometry": {"type": "Point", "coordinates": [73.924691, 18.521106]}, "properties": {"depth": 8.32}}, {"type": "Feature", "geometry": {"type": "Point", "coordinates": [73.924928, 18.521179]}, "properties": {"depth": 2.95}}, {"type": "Feature", "geometry": {"type": "Point", "coordinates": [73.925417, 18.52129]}, "properties": {"depth": 3.31}}, {"type": "Feature", "geometry": {"type": "Point", "coordinates": [73.924463, 18.521368]}, "properties": {"depth": 5.1}}, {"type": "Feature", "geometry": {"type": "Point", "coordinates": [73.925334, 18.521645]}, "properties": {"depth": 5.08}}, {"type": "Feature", "geometry": {"type": "Point", "coordinates": [73.924801, 18.52259]}, "properties": {"depth": 6.69}}, {"type": "Feature", "geometry": {"type": "Point", "coordinates": [73.923624, 18.520497]}, "properties": {"depth": 5.1}}, {"type": "Feature", "geometry": {"type": "Point", "coordinates": [73.923155, 18.520496]}, "properties": {"depth": 3.32}}, {"type": "Feature", "geometry": {"type": "Point", "coordinates": [73.923812, 18.521125]}, "properties": {"depth": 5.85}}, {"type": "Feature", "geometry": {"type": "Point", "coordinates": [73.922995, 18.521349]}, "properties": {"depth": 4.21}}, {"type": "Feature", "geometry": {"type": "Point", "coordinates": [73.922454, 18.521609]}, "properties": {"depth": 1.93}}, {"type": "Feature", "geometry": {"type": "Point", "coordinates": [73.926301, 18.523055]}, "properties": {"depth": 5.88}}, {"type": "Feature", "geometry": {"type": "Point", "coordinates": [73.926207, 18.523292]}, "properties": {"depth": 7.31}}, {"type": "Feature", "geometry": {"type": "Point", "coordinates": [73.926412, 18.523295]}, "properties": {"depth": 7.1}}, {"type": "Feature", "geometry": {"type": "Point", "coordinates": [73.926031, 18.524196]}, "properties": {"depth": 3.98}}, {"type": "Feature", "geometry": {"type": "Point", "coordinates": [73.926009, 18.524298]}, "properties": {"depth": 3.98}}, {"type": "Feature", "geometry": {"type": "Point", "coordinates": [73.926817, 18.524323]}, "properties": {"depth": 3.36}}, {"type": "Feature", "geometry": {"type": "Point", "coordinates": [73.926256, 18.524367]}, "properties": {"depth": 3.07}}, {"type": "Feature", "geometry": {"type": "Point", "coordinates": [73.926213, 18.524568]}, "properties": {"depth": 3.85}}, {"type": "Feature", "geometry": {"type": "Point", "coordinates": [73.929337, 18.518206]}, "properties": {"depth": 0.51}}, {"type": "Feature", "geometry": {"type": "Point", "coordinates": [73.928427, 18.518874]}, "properties": {"depth": 4.51}}, {"type": "Feature", "geometry": {"type": "Point", "coordinates": [73.929186, 18.519003]}, "properties": {"depth": 2.54}}, {"type": "Feature", "geometry": {"type": "Point", "coordinates": [73.928445, 18.519223]}, "properties": {"depth": 0.3}}, {"type": "Feature", "geometry": {"type": "Point", "coordinates": [73.929388, 18.520229]}, "properties": {"depth": 0.71}}, {"type": "Feature", "geometry": {"type": "Point", "coordinates": [73.929083, 18.520408]}, "properties": {"depth": 1.63}}, {"type": "Feature", "geometry": {"type": "Point", "coordinates": [73.927626, 18.518926]}, "properties": {"depth": 0.62}}, {"type": "Feature", "geometry": {"type": "Point", "coordinates": [73.927568, 18.519327]}, "properties": {"depth": 2.54}}, {"type": "Feature", "geometry": {"type": "Point", "coordinates": [73.927897, 18.519364]}, "properties": {"depth": 1.39}}, {"type": "Feature", "geometry": {"type": "Point", "coordinates": [73.927267, 18.521887]}, "properties": {"depth": 3.61}}, {"type": "Feature", "geometry": {"type": "Point", "coordinates": [73.927688, 18.522013]}, "properties": {"depth": 3.99}}, {"type": "Feature", "geometry": {"type": "Point", "coordinates": [73.928, 18.522139]}, "properties": {"depth": 5.49}}, {"type": "Feature", "geometry": {"type": "Point", "coordinates": [73.927201, 18.522304]}, "properties": {"depth": 1.53}}, {"type": "Feature", "geometry": {"type": "Point", "coordinates": [73.928393, 18.520762]}, "properties": {"depth": 1.59}}, {"type": "Feature", "geometry": {"type": "Point", "coordinates": [73.92928, 18.521813]}, "properties": {"depth": 5.28}}, {"type": "Feature", "geometry": {"type": "Point", "coordinates": [73.92853, 18.52228]}, "properties": {"depth": 1.77}}, {"type": "Feature", "geometry": {"type": "Point", "coordinates": [73.92911, 18.522395]}, "properties": {"depth": 6.93}}, {"type": "Feature", "geometry": {"type": "Point", "coordinates": [73.929258, 18.522883]}, "properties": {"depth": 0.07}}, {"type": "Feature", "geometry": {"type": "Point", "coordinates": [73.928927, 18.525435]}, "properties": {"depth": 0.85}}, {"type": "Feature", "geometry": {"type": "Point", "coordinates": [73.930038, 18.522113]}, "properties": {"depth": 1.91}}, {"type": "Feature", "geometry": {"type": "Point", "coordinates": [73.929756, 18.522481]}, "properties": {"depth": 3.32}}, {"type": "Feature", "geometry": {"type": "Point", "coordinates": [73.928621, 18.525572]}, "properties": {"depth": 1.65}}, {"type": "Feature", "geometry": {"type": "Point", "coordinates": [73.928639, 18.525789]}, "properties": {"depth": 1.28}}, {"type": "Feature", "geometry": {"type": "Point", "coordinates": [73.929084, 18.525942]}, "properties": {"depth": 0.48}}, {"type": "Feature", "geometry": {"type": "Point", "coordinates": [73.922488, 18.517766]}, "properties": {"depth": 0.27}}, {"type": "Feature", "geometry": {"type": "Point", "coordinates": [73.922431, 18.518002]}, "properties": {"depth": 1.83}}, {"type": "Feature", "geometry": {"type": "Point", "coordinates": [73.923322, 18.51845]}, "properties": {"depth": 0.95}}, {"type": "Feature", "geometry": {"type": "Point", "coordinates": [73.922884, 18.518647]}, "properties": {"depth": 2.46}}, {"type": "Feature", "geometry": {"type": "Point", "coordinates": [73.923341, 18.518853]}, "properties": {"depth": 2.9}}, {"type": "Feature", "geometry": {"type": "Point", "coordinates": [73.923305, 18.520241]}, "properties": {"depth": 3.54}}, {"type": "Feature", "geometry": {"type": "Point", "coordinates": [73.872591, 18.520951]}, "properties": {"depth": 2.35}}, {"type": "Feature", "geometry": {"type": "Point", "coordinates": [73.875266, 18.519333]}, "properties": {"depth": 1.37}}, {"type": "Feature", "geometry": {"type": "Point", "coordinates": [73.873788, 18.520371]}, "properties": {"depth": 0.81}}, {"type": "Feature", "geometry": {"type": "Point", "coordinates": [73.872878, 18.520615]}, "properties": {"depth": 0.97}}, {"type": "Feature", "geometry": {"type": "Point", "coordinates": [73.873187, 18.520857]}, "properties": {"depth": 0.8}}, {"type": "Feature", "geometry": {"type": "Point", "coordinates": [73.873621, 18.521146]}, "properties": {"depth": 1.18}}, {"type": "Feature", "geometry": {"type": "Point", "coordinates": [73.875627, 18.519737]}, "properties": {"depth": 2.73}}, {"type": "Feature", "geometry": {"type": "Point", "coordinates": [73.875075, 18.52102]}, "properties": {"depth": 0.36}}, {"type": "Feature", "geometry": {"type": "Point", "coordinates": [73.874604, 18.519357]}, "properties": {"depth": 2.67}}, {"type": "Feature", "geometry": {"type": "Point", "coordinates": [73.873943, 18.520293]}, "properties": {"depth": 0.81}}, {"type": "Feature", "geometry": {"type": "Point", "coordinates": [73.873441, 18.521246]}, "properties": {"depth": 0.51}}, {"type": "Feature", "geometry": {"type": "Point", "coordinates": [73.875677, 18.522486]}, "properties": {"depth": 0.79}}, {"type": "Feature", "geometry": {"type": "Point", "coordinates": [73.875148, 18.522907]}, "properties": {"depth": 1.62}}, {"type": "Feature", "geometry": {"type": "Point", "coordinates": [73.875018, 18.5231]}, "properties": {"depth": 2.55}}, {"type": "Feature", "geometry": {"type": "Point", "coordinates": [73.851178, 18.500143]}, "properties": {"depth": 3.95}}, {"type": "Feature", "geometry": {"type": "Point", "coordinates": [73.851089, 18.500255]}, "properties": {"depth": 3.95}}, {"type": "Feature", "geometry": {"type": "Point", "coordinates": [73.854022, 18.504452]}, "properties": {"depth": 0.49}}, {"type": "Feature", "geometry": {"type": "Point", "coordinates": [73.853, 18.500875]}, "properties": {"depth": 1.98}}, {"type": "Feature", "geometry": {"type": "Point", "coordinates": [73.85254, 18.502887]}, "properties": {"depth": 3.05}}, {"type": "Feature", "geometry": {"type": "Point", "coordinates": [73.852569, 18.503377]}, "properties": {"depth": 2.01}}, {"type": "Feature", "geometry": {"type": "Point", "coordinates": [73.852687, 18.503961]}, "properties": {"depth": 4.53}}, {"type": "Feature", "geometry": {"type": "Point", "coordinates": [73.853356, 18.504617]}, "properties": {"depth": 1.46}}, {"type": "Feature", "geometry": {"type": "Point", "coordinates": [73.853249, 18.50546]}, "properties": {"depth": 1.59}}, {"type": "Feature", "geometry": {"type": "Point", "coordinates": [73.849961, 18.500373]}, "properties": {"depth": 1.06}}, {"type": "Feature", "geometry": {"type": "Point", "coordinates": [73.849816, 18.500539]}, "properties": {"depth": 1.79}}, {"type": "Feature", "geometry": {"type": "Point", "coordinates": [73.84951, 18.500656]}, "properties": {"depth": 2.4}}, {"type": "Feature", "geometry": {"type": "Point", "coordinates": [73.849666, 18.500785]}, "properties": {"depth": 3.64}}, {"type": "Feature", "geometry": {"type": "Point", "coordinates": [73.849466, 18.500959]}, "properties": {"depth": 0.69}}, {"type": "Feature", "geometry": {"type": "Point", "coordinates": [73.849678, 18.501254]}, "properties": {"depth": 3.22}}, {"type": "Feature", "geometry": {"type": "Point", "coordinates": [73.849557, 18.501312]}, "properties": {"depth": 0.86}}, {"type": "Feature", "geometry": {"type": "Point", "coordinates": [73.850392, 18.500035]}, "properties": {"depth": 1.24}}, {"type": "Feature", "geometry": {"type": "Point", "coordinates": [73.850068, 18.500637]}, "properties": {"depth": 0.73}}, {"type": "Feature", "geometry": {"type": "Point", "coordinates": [73.850525, 18.501174]}, "properties": {"depth": 7.09}}, {"type": "Feature", "geometry": {"type": "Point", "coordinates": [73.850367, 18.501475]}, "properties": {"depth": 5.38}}, {"type": "Feature", "geometry": {"type": "Point", "coordinates": [73.85018, 18.501744]}, "properties": {"depth": 3.4}}, {"type": "Feature", "geometry": {"type": "Point", "coordinates": [73.850611, 18.501819]}, "properties": {"depth": 3.52}}, {"type": "Feature", "geometry": {"type": "Point", "coordinates": [73.850496, 18.502151]}, "properties": {"depth": 0.28}}, {"type": "Feature", "geometry": {"type": "Point", "coordinates": [73.850296, 18.50233]}, "properties": {"depth": 0.3}}, {"type": "Feature", "geometry": {"type": "Point", "coordinates": [73.851832, 18.49852]}, "properties": {"depth": 1.79}}, {"type": "Feature", "geometry": {"type": "Point", "coordinates": [73.852017, 18.502998]}, "properties": {"depth": 0.09}}, {"type": "Feature", "geometry": {"type": "Point", "coordinates": [73.852136, 18.503442]}, "properties": {"depth": 1.37}}, {"type": "Feature", "geometry": {"type": "Point", "coordinates": [73.851937, 18.503453]}, "properties": {"depth": 1.49}}, {"type": "Feature", "geometry": {"type": "Point", "coordinates": [73.849423, 18.501353]}, "properties": {"depth": 0.86}}, {"type": "Feature", "geometry": {"type": "Point", "coordinates": [73.849561, 18.501572]}, "properties": {"depth": 0.31}}, {"type": "Feature", "geometry": {"type": "Point", "coordinates": [73.850005, 18.502012]}, "properties": {"depth": 2.19}}, {"type": "Feature", "geometry": {"type": "Point", "coordinates": [73.849901, 18.502365]}, "properties": {"depth": 2.28}}, {"type": "Feature", "geometry": {"type": "Point", "coordinates": [73.849992, 18.502531]}, "properties": {"depth": 2.28}}, {"type": "Feature", "geometry": {"type": "Point", "coordinates": [73.849878, 18.502532]}, "properties": {"depth": 2.28}}, {"type": "Feature", "geometry": {"type": "Point", "coordinates": [73.849732, 18.50279]}, "properties": {"depth": 4.42}}, {"type": "Feature", "geometry": {"type": "Point", "coordinates": [73.849497, 18.502803]}, "properties": {"depth": 5.38}}, {"type": "Feature", "geometry": {"type": "Point", "coordinates": [73.849573, 18.503036]}, "properties": {"depth": 5.54}}, {"type": "Feature", "geometry": {"type": "Point", "coordinates": [73.849387, 18.503032]}, "properties": {"depth": 5.54}}, {"type": "Feature", "geometry": {"type": "Point", "coordinates": [73.85071, 18.501539]}, "properties": {"depth": 1.73}}, {"type": "Feature", "geometry": {"type": "Point", "coordinates": [73.850663, 18.502142]}, "properties": {"depth": 0.28}}, {"type": "Feature", "geometry": {"type": "Point", "coordinates": [73.851242, 18.503126]}, "properties": {"depth": 0.81}}, {"type": "Feature", "geometry": {"type": "Point", "coordinates": [73.851244, 18.503319]}, "properties": {"depth": 0.99}}, {"type": "Feature", "geometry": {"type": "Point", "coordinates": [73.850972, 18.503488]}, "properties": {"depth": 4.23}}, {"type": "Feature", "geometry": {"type": "Point", "coordinates": [73.85093, 18.503957]}, "properties": {"depth": 1.89}}, {"type": "Feature", "geometry": {"type": "Point", "coordinates": [73.851184, 18.504155]}, "properties": {"depth": 0.39}}, {"type": "Feature", "geometry": {"type": "Point", "coordinates": [73.851017, 18.504159]}, "properties": {"depth": 0.39}}, {"type": "Feature", "geometry": {"type": "Point", "coordinates": [73.850146, 18.502337]}, "properties": {"depth": 0.3}}, {"type": "Feature", "geometry": {"type": "Point", "coordinates": [73.850022, 18.502363]}, "properties": {"depth": 2.28}}, {"type": "Feature", "geometry": {"type": "Point", "coordinates": [73.85049, 18.50245]}, "properties": {"depth": 1.68}}, {"type": "Feature", "geometry": {"type": "Point", "coordinates": [73.850645, 18.502468]}, "properties": {"depth": 1.68}}, {"type": "Feature", "geometry": {"type": "Point", "coordinates": [73.850294, 18.502512]}, "properties": {"depth": 3.0}}, {"type": "Feature", "geometry": {"type": "Point", "coordinates": [73.850146, 18.502528]}, "properties": {"depth": 3.0}}, {"type": "Feature", "geometry": {"type": "Point", "coordinates": [73.85002, 18.502785]}, "properties": {"depth": 4.59}}, {"type": "Feature", "geometry": {"type": "Point", "coordinates": [73.850448, 18.502893]}, "properties": {"depth": 3.48}}, {"type": "Feature", "geometry": {"type": "Point", "coordinates": [73.85024, 18.503351]}, "properties": {"depth": 4.42}}, {"type": "Feature", "geometry": {"type": "Point", "coordinates": [73.850533, 18.503373]}, "properties": {"depth": 4.48}}, {"type": "Feature", "geometry": {"type": "Point", "coordinates": [73.850003, 18.503071]}, "properties": {"depth": 7.89}}, {"type": "Feature", "geometry": {"type": "Point", "coordinates": [73.849646, 18.503335]}, "properties": {"depth": 9.73}}, {"type": "Feature", "geometry": {"type": "Point", "coordinates": [73.849942, 18.503449]}, "properties": {"depth": 8.27}}, {"type": "Feature", "geometry": {"type": "Point", "coordinates": [73.849717, 18.503759]}, "properties": {"depth": 9.47}}, {"type": "Feature", "geometry": {"type": "Point", "coordinates": [73.849964, 18.503782]}, "properties": {"depth": 8.97}}, {"type": "Feature", "geometry": {"type": "Point", "coordinates": [73.849413, 18.503884]}, "properties": {"depth": 7.63}}, {"type": "Feature", "geometry": {"type": "Point", "coordinates": [73.84997, 18.504122]}, "properties": {"depth": 7.39}}, {"type": "Feature", "geometry": {"type": "Point", "coordinates": [73.849721, 18.504508]}, "properties": {"depth": 3.94}}, {"type": "Feature", "geometry": {"type": "Point", "coordinates": [73.849947, 18.504529]}, "properties": {"depth": 3.61}}, {"type": "Feature", "geometry": {"type": "Point", "coordinates": [73.84937, 18.504529]}, "properties": {"depth": 2.96}}, {"type": "Feature", "geometry": {"type": "Point", "coordinates": [73.850229, 18.50347]}, "properties": {"depth": 4.42}}, {"type": "Feature", "geometry": {"type": "Point", "coordinates": [73.850526, 18.5035]}, "properties": {"depth": 4.31}}, {"type": "Feature", "geometry": {"type": "Point", "coordinates": [73.85024, 18.503599]}, "properties": {"depth": 6.54}}, {"type": "Feature", "geometry": {"type": "Point", "coordinates": [73.850532, 18.503645]}, "properties": {"depth": 4.31}}, {"type": "Feature", "geometry": {"type": "Point", "coordinates": [73.850226, 18.503716]}, "properties": {"depth": 6.54}}, {"type": "Feature", "geometry": {"type": "Point", "coordinates": [73.850532, 18.503816]}, "properties": {"depth": 2.64}}, {"type": "Feature", "geometry": {"type": "Point", "coordinates": [73.850214, 18.503836]}, "properties": {"depth": 4.69}}, {"type": "Feature", "geometry": {"type": "Point", "coordinates": [73.850206, 18.503969]}, "properties": {"depth": 4.69}}, {"type": "Feature", "geometry": {"type": "Point", "coordinates": [73.850489, 18.504181]}, "properties": {"depth": 3.24}}, {"type": "Feature", "geometry": {"type": "Point", "coordinates": [73.850193, 18.504182]}, "properties": {"depth": 4.07}}, {"type": "Feature", "geometry": {"type": "Point", "coordinates": [73.851841, 18.50405]}, "properties": {"depth": 0.54}}, {"type": "Feature", "geometry": {"type": "Point", "coordinates": [73.851051, 18.504498]}, "properties": {"depth": 3.01}}, {"type": "Feature", "geometry": {"type": "Point", "coordinates": [73.850786, 18.504515]}, "properties": {"depth": 5.24}}, {"type": "Feature", "geometry": {"type": "Point", "coordinates": [73.851142, 18.504715]}, "properties": {"depth": 0.62}}, {"type": "Feature", "geometry": {"type": "Point", "coordinates": [73.850496, 18.504521]}, "properties": {"depth": 3.7}}, {"type": "Feature", "geometry": {"type": "Point", "coordinates": [73.850292, 18.504554]}, "properties": {"depth": 3.97}}, {"type": "Feature", "geometry": {"type": "Point", "coordinates": [73.850082, 18.504567]}, "properties": {"depth": 3.61}}, {"type": "Feature", "geometry": {"type": "Point", "coordinates": [73.850201, 18.505495]}, "properties": {"depth": 0.94}}, {"type": "Feature", "geometry": {"type": "Point", "coordinates": [73.849662, 18.50466]}, "properties": {"depth": 3.74}}, {"type": "Feature", "geometry": {"type": "Point", "coordinates": [73.849939, 18.504795]}, "properties": {"depth": 1.45}}, {"type": "Feature", "geometry": {"type": "Point", "coordinates": [73.849639, 18.504808]}, "properties": {"depth": 3.74}}, {"type": "Feature", "geometry": {"type": "Point", "coordinates": [73.849484, 18.505879]}, "properties": {"depth": 1.81}}, {"type": "Feature", "geometry": {"type": "Point", "coordinates": [73.849674, 18.505924]}, "properties": {"depth": 0.07}}, {"type": "Feature", "geometry": {"type": "Point", "coordinates": [73.850189, 18.505709]}, "properties": {"depth": 2.8}}, {"type": "Feature", "geometry": {"type": "Point", "coordinates": [73.853285, 18.522713]}, "properties": {"depth": 1.47}}, {"type": "Feature", "geometry": {"type": "Point", "coordinates": [73.879743, 18.552467]}, "properties": {"depth": 0.2}}, {"type": "Feature", "geometry": {"type": "Point", "coordinates": [73.879814, 18.552612]}, "properties": {"depth": 0.2}}, {"type": "Feature", "geometry": {"type": "Point", "coordinates": [73.879031, 18.553038]}, "properties": {"depth": 2.02}}, {"type": "Feature", "geometry": {"type": "Point", "coordinates": [73.879281, 18.553093]}, "properties": {"depth": 2.02}}, {"type": "Feature", "geometry": {"type": "Point", "coordinates": [73.879336, 18.553103]}, "properties": {"depth": 0.96}}, {"type": "Feature", "geometry": {"type": "Point", "coordinates": [73.878946, 18.553029]}, "properties": {"depth": 0.85}}, {"type": "Feature", "geometry": {"type": "Point", "coordinates": [73.878769, 18.553119]}, "properties": {"depth": 0.85}}, {"type": "Feature", "geometry": {"type": "Point", "coordinates": [73.878854, 18.553129]}, "properties": {"depth": 0.85}}, {"type": "Feature", "geometry": {"type": "Point", "coordinates": [73.878947, 18.553141]}, "properties": {"depth": 0.85}}, {"type": "Feature", "geometry": {"type": "Point", "coordinates": [73.87941, 18.553107]}, "properties": {"depth": 0.96}}, {"type": "Feature", "geometry": {"type": "Point", "coordinates": [73.879395, 18.553137]}, "properties": {"depth": 0.96}}, {"type": "Feature", "geometry": {"type": "Point", "coordinates": [73.879369, 18.553177]}, "properties": {"depth": 0.96}}, {"type": "Feature", "geometry": {"type": "Point", "coordinates": [73.879234, 18.553195]}, "properties": {"depth": 1.95}}, {"type": "Feature", "geometry": {"type": "Point", "coordinates": [73.87954, 18.553231]}, "properties": {"depth": 1.7}}, {"type": "Feature", "geometry": {"type": "Point", "coordinates": [73.879205, 18.55323]}, "properties": {"depth": 1.95}}, {"type": "Feature", "geometry": {"type": "Point", "coordinates": [73.87918, 18.553287]}, "properties": {"depth": 1.95}}, {"type": "Feature", "geometry": {"type": "Point", "coordinates": [73.879309, 18.553326]}, "properties": {"depth": 1.7}}, {"type": "Feature", "geometry": {"type": "Point", "coordinates": [73.879641, 18.553363]}, "properties": {"depth": 1.41}}, {"type": "Feature", "geometry": {"type": "Point", "coordinates": [73.879523, 18.553427]}, "properties": {"depth": 1.7}}, {"type": "Feature", "geometry": {"type": "Point", "coordinates": [73.878764, 18.553314]}, "properties": {"depth": 1.51}}, {"type": "Feature", "geometry": {"type": "Point", "coordinates": [73.87893, 18.553318]}, "properties": {"depth": 1.51}}, {"type": "Feature", "geometry": {"type": "Point", "coordinates": [73.878761, 18.553427]}, "properties": {"depth": 1.51}}, {"type": "Feature", "geometry": {"type": "Point", "coordinates": [73.941448, 18.515999]}, "properties": {"depth": 2.74}}, {"type": "Feature", "geometry": {"type": "Point", "coordinates": [73.94104, 18.516319]}, "properties": {"depth": 1.45}}, {"type": "Feature", "geometry": {"type": "Point", "coordinates": [73.94156, 18.516421]}, "properties": {"depth": 4.63}}, {"type": "Feature", "geometry": {"type": "Point", "coordinates": [73.941142, 18.516975]}, "properties": {"depth": 2.03}}, {"type": "Feature", "geometry": {"type": "Point", "coordinates": [73.941852, 18.518578]}, "properties": {"depth": 0.39}}, {"type": "Feature", "geometry": {"type": "Point", "coordinates": [73.94055, 18.517659]}, "properties": {"depth": 4.01}}, {"type": "Feature", "geometry": {"type": "Point", "coordinates": [73.938985, 18.535143]}, "properties": {"depth": 0.2}}, {"type": "Feature", "geometry": {"type": "Point", "coordinates": [73.949081, 18.543295]}, "properties": {"depth": 1.17}}, {"type": "Feature", "geometry": {"type": "Point", "coordinates": [73.949533, 18.544106]}, "properties": {"depth": 1.86}}, {"type": "Feature", "geometry": {"type": "Point", "coordinates": [73.949162, 18.544126]}, "properties": {"depth": 1.94}}, {"type": "Feature", "geometry": {"type": "Point", "coordinates": [73.948766, 18.544107]}, "properties": {"depth": 2.54}}, {"type": "Feature", "geometry": {"type": "Point", "coordinates": [73.93312, 18.537393]}, "properties": {"depth": 2.99}}, {"type": "Feature", "geometry": {"type": "Point", "coordinates": [73.933021, 18.537402]}, "properties": {"depth": 2.99}}, {"type": "Feature", "geometry": {"type": "Point", "coordinates": [73.933041, 18.537483]}, "properties": {"depth": 2.99}}, {"type": "Feature", "geometry": {"type": "Point", "coordinates": [73.933144, 18.537501]}, "properties": {"depth": 2.99}}, {"type": "Feature", "geometry": {"type": "Point", "coordinates": [73.932748, 18.537503]}, "properties": {"depth": 0.48}}, {"type": "Feature", "geometry": {"type": "Point", "coordinates": [73.932954, 18.537545]}, "properties": {"depth": 2.99}}, {"type": "Feature", "geometry": {"type": "Point", "coordinates": [73.932661, 18.537562]}, "properties": {"depth": 0.48}}, {"type": "Feature", "geometry": {"type": "Point", "coordinates": [73.932857, 18.537563]}, "properties": {"depth": 0.48}}, {"type": "Feature", "geometry": {"type": "Point", "coordinates": [73.933056, 18.537568]}, "properties": {"depth": 2.99}}, {"type": "Feature", "geometry": {"type": "Point", "coordinates": [73.932306, 18.537572]}, "properties": {"depth": 1.48}}, {"type": "Feature", "geometry": {"type": "Point", "coordinates": [73.932233, 18.537584]}, "properties": {"depth": 1.48}}, {"type": "Feature", "geometry": {"type": "Point", "coordinates": [73.932763, 18.537587]}, "properties": {"depth": 0.48}}, {"type": "Feature", "geometry": {"type": "Point", "coordinates": [73.932147, 18.537605]}, "properties": {"depth": 1.48}}, {"type": "Feature", "geometry": {"type": "Point", "coordinates": [73.933163, 18.537615]}, "properties": {"depth": 2.99}}, {"type": "Feature", "geometry": {"type": "Point", "coordinates": [73.931878, 18.537674]}, "properties": {"depth": 1.2}}, {"type": "Feature", "geometry": {"type": "Point", "coordinates": [73.932744, 18.537706]}, "properties": {"depth": 2.55}}, {"type": "Feature", "geometry": {"type": "Point", "coordinates": [73.932606, 18.53772]}, "properties": {"depth": 2.39}}, {"type": "Feature", "geometry": {"type": "Point", "coordinates": [73.932671, 18.537721]}, "properties": {"depth": 2.55}}, {"type": "Feature", "geometry": {"type": "Point", "coordinates": [73.932445, 18.537736]}, "properties": {"depth": 2.39}}, {"type": "Feature", "geometry": {"type": "Point", "coordinates": [73.931614, 18.537627]}, "properties": {"depth": 4.87}}, {"type": "Feature", "geometry": {"type": "Point", "coordinates": [73.931337, 18.537645]}, "properties": {"depth": 2.14}}, {"type": "Feature", "geometry": {"type": "Point", "coordinates": [73.93143, 18.537647]}, "properties": {"depth": 2.14}}, {"type": "Feature", "geometry": {"type": "Point", "coordinates": [73.931536, 18.53765]}, "properties": {"depth": 1.59}}, {"type": "Feature", "geometry": {"type": "Point", "coordinates": [73.931277, 18.537658]}, "properties": {"depth": 2.14}}, {"type": "Feature", "geometry": {"type": "Point", "coordinates": [73.931796, 18.537699]}, "properties": {"depth": 1.59}}, {"type": "Feature", "geometry": {"type": "Point", "coordinates": [73.931694, 18.537708]}, "properties": {"depth": 1.59}}, {"type": "Feature", "geometry": {"type": "Point", "coordinates": [73.931611, 18.537718]}, "properties": {"depth": 1.59}}, {"type": "Feature", "geometry": {"type": "Point", "coordinates": [73.931028, 18.537719]}, "properties": {"depth": 3.22}}, {"type": "Feature", "geometry": {"type": "Point", "coordinates": [73.931524, 18.537727]}, "properties": {"depth": 2.14}}, {"type": "Feature", "geometry": {"type": "Point", "coordinates": [73.932531, 18.537737]}, "properties": {"depth": 2.39}}, {"type": "Feature", "geometry": {"type": "Point", "coordinates": [73.93238, 18.537741]}, "properties": {"depth": 2.39}}, {"type": "Feature", "geometry": {"type": "Point", "coordinates": [73.932147, 18.537757]}, "properties": {"depth": 0.11}}, {"type": "Feature", "geometry": {"type": "Point", "coordinates": [73.932743, 18.537761]}, "properties": {"depth": 2.55}}, {"type": "Feature", "geometry": {"type": "Point", "coordinates": [73.932907, 18.537763]}, "properties": {"depth": 2.55}}, {"type": "Feature", "geometry": {"type": "Point", "coordinates": [73.932217, 18.537761]}, "properties": {"depth": 0.11}}, {"type": "Feature", "geometry": {"type": "Point", "coordinates": [73.932296, 18.537765]}, "properties": {"depth": 0.11}}, {"type": "Feature", "geometry": {"type": "Point", "coordinates": [73.932083, 18.537775]}, "properties": {"depth": 1.2}}, {"type": "Feature", "geometry": {"type": "Point", "coordinates": [73.933182, 18.537782]}, "properties": {"depth": 2.07}}, {"type": "Feature", "geometry": {"type": "Point", "coordinates": [73.932006, 18.537782]}, "properties": {"depth": 1.2}}, {"type": "Feature", "geometry": {"type": "Point", "coordinates": [73.933449, 18.537736]}, "properties": {"depth": 0.18}}, {"type": "Feature", "geometry": {"type": "Point", "coordinates": [73.933327, 18.53775]}, "properties": {"depth": 0.18}}, {"type": "Feature", "geometry": {"type": "Point", "coordinates": [73.933387, 18.537863]}, "properties": {"depth": 0.18}}, {"type": "Feature", "geometry": {"type": "Point", "coordinates": [73.933063, 18.5378]}, "properties": {"depth": 2.07}}, {"type": "Feature", "geometry": {"type": "Point", "coordinates": [73.93264, 18.537814]}, "properties": {"depth": 2.55}}, {"type": "Feature", "geometry": {"type": "Point", "coordinates": [73.932758, 18.537827]}, "properties": {"depth": 2.55}}, {"type": "Feature", "geometry": {"type": "Point", "coordinates": [73.932535, 18.537832]}, "properties": {"depth": 2.39}}, {"type": "Feature", "geometry": {"type": "Point", "coordinates": [73.932446, 18.537831]}, "properties": {"depth": 2.39}}, {"type": "Feature", "geometry": {"type": "Point", "coordinates": [73.932374, 18.537829]}, "properties": {"depth": 2.39}}, {"type": "Feature", "geometry": {"type": "Point", "coordinates": [73.93187, 18.537831]}, "properties": {"depth": 1.2}}, {"type": "Feature", "geometry": {"type": "Point", "coordinates": [73.932263, 18.53785]}, "properties": {"depth": 0.11}}, {"type": "Feature", "geometry": {"type": "Point", "coordinates": [73.93238, 18.537971]}, "properties": {"depth": 0.61}}, {"type": "Feature", "geometry": {"type": "Point", "coordinates": [73.931739, 18.537545]}, "properties": {"depth": 4.87}}, {"type": "Feature", "geometry": {"type": "Point", "coordinates": [73.931521, 18.537556]}, "properties": {"depth": 5.56}}, {"type": "Feature", "geometry": {"type": "Point", "coordinates": [73.931418, 18.537556]}, "properties": {"depth": 5.56}}, {"type": "Feature", "geometry": {"type": "Point", "coordinates": [73.930705, 18.537782]}, "properties": {"depth": 2.94}}, {"type": "Feature", "geometry": {"type": "Point", "coordinates": [73.930593, 18.537796]}, "properties": {"depth": 4.22}}, {"type": "Feature", "geometry": {"type": "Point", "coordinates": [73.930485, 18.537822]}, "properties": {"depth": 4.22}}, {"type": "Feature", "geometry": {"type": "Point", "coordinates": [73.930713, 18.537949]}, "properties": {"depth": 1.45}}, {"type": "Feature", "geometry": {"type": "Point", "coordinates": [73.930733, 18.538015]}, "properties": {"depth": 1.45}}, {"type": "Feature", "geometry": {"type": "Point", "coordinates": [73.931452, 18.537729]}, "properties": {"depth": 2.14}}, {"type": "Feature", "geometry": {"type": "Point", "coordinates": [73.93137, 18.537729]}, "properties": {"depth": 2.14}}, {"type": "Feature", "geometry": {"type": "Point", "coordinates": [73.931306, 18.537734]}, "properties": {"depth": 2.14}}, {"type": "Feature", "geometry": {"type": "Point", "coordinates": [73.93121, 18.537743]}, "properties": {"depth": 3.22}}, {"type": "Feature", "geometry": {"type": "Point", "coordinates": [73.930803, 18.53775]}, "properties": {"depth": 2.94}}, {"type": "Feature", "geometry": {"type": "Point", "coordinates": [73.930897, 18.537777]}, "properties": {"depth": 2.94}}, {"type": "Feature", "geometry": {"type": "Point", "coordinates": [73.931046, 18.53778]}, "properties": {"depth": 3.22}}, {"type": "Feature", "geometry": {"type": "Point", "coordinates": [73.931563, 18.537872]}, "properties": {"depth": 1.59}}, {"type": "Feature", "geometry": {"type": "Point", "coordinates": [73.93139, 18.537878]}, "properties": {"depth": 2.14}}, {"type": "Feature", "geometry": {"type": "Point", "coordinates": [73.931489, 18.537889]}, "properties": {"depth": 2.14}}, {"type": "Feature", "geometry": {"type": "Point", "coordinates": [73.930846, 18.537922]}, "properties": {"depth": 1.45}}, {"type": "Feature", "geometry": {"type": "Point", "coordinates": [73.931413, 18.537947]}, "properties": {"depth": 1.77}}, {"type": "Feature", "geometry": {"type": "Point", "coordinates": [73.930864, 18.537992]}, "properties": {"depth": 1.45}}, {"type": "Feature", "geometry": {"type": "Point", "coordinates": [73.931051, 18.537997]}, "properties": {"depth": 1.34}}, {"type": "Feature", "geometry": {"type": "Point", "coordinates": [73.931823, 18.538002]}, "properties": {"depth": 2.11}}, {"type": "Feature", "geometry": {"type": "Point", "coordinates": [73.931167, 18.537999]}, "properties": {"depth": 1.34}}, {"type": "Feature", "geometry": {"type": "Point", "coordinates": [73.931624, 18.538008]}, "properties": {"depth": 2.03}}, {"type": "Feature", "geometry": {"type": "Point", "coordinates": [73.931709, 18.538009]}, "properties": {"depth": 2.03}}, {"type": "Feature", "geometry": {"type": "Point", "coordinates": [73.931522, 18.538013]}, "properties": {"depth": 1.77}}, {"type": "Feature", "geometry": {"type": "Point", "coordinates": [73.931432, 18.538027]}, "properties": {"depth": 1.77}}, {"type": "Feature", "geometry": {"type": "Point", "coordinates": [73.931356, 18.538037]}, "properties": {"depth": 1.77}}, {"type": "Feature", "geometry": {"type": "Point", "coordinates": [73.931276, 18.538056]}, "properties": {"depth": 1.77}}, {"type": "Feature", "geometry": {"type": "Point", "coordinates": [73.931064, 18.538084]}, "properties": {"depth": 1.34}}, {"type": "Feature", "geometry": {"type": "Point", "coordinates": [73.931182, 18.538086]}, "properties": {"depth": 1.34}}, {"type": "Feature", "geometry": {"type": "Point", "coordinates": [73.930897, 18.538092]}, "properties": {"depth": 1.45}}, {"type": "Feature", "geometry": {"type": "Point", "coordinates": [73.930812, 18.538105]}, "properties": {"depth": 1.45}}, {"type": "Feature", "geometry": {"type": "Point", "coordinates": [73.93168, 18.53815]}, "properties": {"depth": 2.03}}, {"type": "Feature", "geometry": {"type": "Point", "coordinates": [73.931596, 18.538151]}, "properties": {"depth": 2.03}}, {"type": "Feature", "geometry": {"type": "Point", "coordinates": [73.93182, 18.538156]}, "properties": {"depth": 2.11}}, {"type": "Feature", "geometry": {"type": "Point", "coordinates": [73.93141, 18.53818]}, "properties": {"depth": 1.77}}, {"type": "Feature", "geometry": {"type": "Point", "coordinates": [73.930023, 18.538108]}, "properties": {"depth": 3.41}}, {"type": "Feature", "geometry": {"type": "Point", "coordinates": [73.93076, 18.538114]}, "properties": {"depth": 1.45}}, {"type": "Feature", "geometry": {"type": "Point", "coordinates": [73.930707, 18.538125]}, "properties": {"depth": 1.45}}, {"type": "Feature", "geometry": {"type": "Point", "coordinates": [73.929875, 18.538139]}, "properties": {"depth": 3.41}}, {"type": "Feature", "geometry": {"type": "Point", "coordinates": [73.930288, 18.538179]}, "properties": {"depth": 2.77}}, {"type": "Feature", "geometry": {"type": "Point", "coordinates": [73.930207, 18.538189]}, "properties": {"depth": 2.77}}, {"type": "Feature", "geometry": {"type": "Point", "coordinates": [73.93036, 18.538192]}, "properties": {"depth": 2.77}}, {"type": "Feature", "geometry": {"type": "Point", "coordinates": [73.930052, 18.538216]}, "properties": {"depth": 0.98}}, {"type": "Feature", "geometry": {"type": "Point", "coordinates": [73.930444, 18.538218]}, "properties": {"depth": 0.1}}, {"type": "Feature", "geometry": {"type": "Point", "coordinates": [73.930748, 18.538328]}, "properties": {"depth": 1.88}}, {"type": "Feature", "geometry": {"type": "Point", "coordinates": [73.931137, 18.538341]}, "properties": {"depth": 1.32}}, {"type": "Feature", "geometry": {"type": "Point", "coordinates": [73.931086, 18.53835]}, "properties": {"depth": 1.32}}, {"type": "Feature", "geometry": {"type": "Point", "coordinates": [73.931426, 18.538369]}, "properties": {"depth": 0.8}}, {"type": "Feature", "geometry": {"type": "Point", "coordinates": [73.930778, 18.538423]}, "properties": {"depth": 1.88}}, {"type": "Feature", "geometry": {"type": "Point", "coordinates": [73.931415, 18.538428]}, "properties": {"depth": 0.8}}, {"type": "Feature", "geometry": {"type": "Point", "coordinates": [73.931235, 18.538427]}, "properties": {"depth": 1.32}}, {"type": "Feature", "geometry": {"type": "Point", "coordinates": [73.931142, 18.538438]}, "properties": {"depth": 1.32}}, {"type": "Feature", "geometry": {"type": "Point", "coordinates": [73.930664, 18.538383]}, "properties": {"depth": 0.1}}, {"type": "Feature", "geometry": {"type": "Point", "coordinates": [73.930576, 18.538389]}, "properties": {"depth": 0.1}}, {"type": "Feature", "geometry": {"type": "Point", "coordinates": [73.930516, 18.538394]}, "properties": {"depth": 0.1}}, {"type": "Feature", "geometry": {"type": "Point", "coordinates": [73.92999, 18.538398]}, "properties": {"depth": 0.98}}, {"type": "Feature", "geometry": {"type": "Point", "coordinates": [73.930278, 18.538404]}, "properties": {"depth": 1.42}}, {"type": "Feature", "geometry": {"type": "Point", "coordinates": [73.929654, 18.538437]}, "properties": {"depth": 1.44}}, {"type": "Feature", "geometry": {"type": "Point", "coordinates": [73.930489, 18.53847]}, "properties": {"depth": 0.1}}, {"type": "Feature", "geometry": {"type": "Point", "coordinates": [73.93039, 18.538478]}, "properties": {"depth": 0.38}}, {"type": "Feature", "geometry": {"type": "Point", "coordinates": [73.930285, 18.538496]}, "properties": {"depth": 0.38}}, {"type": "Feature", "geometry": {"type": "Point", "coordinates": [73.930701, 18.538557]}, "properties": {"depth": 0.46}}, {"type": "Feature", "geometry": {"type": "Point", "coordinates": [73.931883, 18.537987]}, "properties": {"depth": 2.11}}, {"type": "Feature", "geometry": {"type": "Point", "coordinates": [73.932205, 18.538053]}, "properties": {"depth": 1.04}}, {"type": "Feature", "geometry": {"type": "Point", "coordinates": [73.932064, 18.53806]}, "properties": {"depth": 2.11}}, {"type": "Feature", "geometry": {"type": "Point", "coordinates": [73.93248, 18.538065]}, "properties": {"depth": 0.61}}, {"type": "Feature", "geometry": {"type": "Point", "coordinates": [73.932558, 18.538071]}, "properties": {"depth": 0.61}}, {"type": "Feature", "geometry": {"type": "Point", "coordinates": [73.932387, 18.538082]}, "properties": {"depth": 0.61}}, {"type": "Feature", "geometry": {"type": "Point", "coordinates": [73.932309, 18.538095]}, "properties": {"depth": 1.04}}, {"type": "Feature", "geometry": {"type": "Point", "coordinates": [73.931498, 18.538198]}, "properties": {"depth": 0.8}}, {"type": "Feature", "geometry": {"type": "Point", "coordinates": [73.931403, 18.538248]}, "properties": {"depth": 0.8}}, {"type": "Feature", "geometry": {"type": "Point", "coordinates": [73.931519, 18.538254]}, "properties": {"depth": 0.8}}, {"type": "Feature", "geometry": {"type": "Point", "coordinates": [73.93117, 18.538275]}, "properties": {"depth": 1.32}}, {"type": "Feature", "geometry": {"type": "Point", "coordinates": [73.930867, 18.538299]}, "properties": {"depth": 1.88}}, {"type": "Feature", "geometry": {"type": "Point", "coordinates": [73.931448, 18.538313]}, "properties": {"depth": 0.8}}, {"type": "Feature", "geometry": {"type": "Point", "coordinates": [73.931002, 18.538469]}, "properties": {"depth": 1.32}}, {"type": "Feature", "geometry": {"type": "Point", "coordinates": [73.930956, 18.538524]}, "properties": {"depth": 0.46}}, {"type": "Feature", "geometry": {"type": "Point", "coordinates": [73.921148, 18.540125]}, "properties": {"depth": 2.2}}, {"type": "Feature", "geometry": {"type": "Point", "coordinates": [73.921735, 18.539981]}, "properties": {"depth": 2.03}}, {"type": "Feature", "geometry": {"type": "Point", "coordinates": [73.930806, 18.538547]}, "properties": {"depth": 0.46}}, {"type": "Feature", "geometry": {"type": "Point", "coordinates": [73.930062, 18.538572]}, "properties": {"depth": 0.73}}, {"type": "Feature", "geometry": {"type": "Point", "coordinates": [73.930281, 18.538578]}, "properties": {"depth": 0.38}}, {"type": "Feature", "geometry": {"type": "Point", "coordinates": [73.9304, 18.538609]}, "properties": {"depth": 0.38}}, {"type": "Feature", "geometry": {"type": "Point", "coordinates": [73.929612, 18.538606]}, "properties": {"depth": 0.01}}, {"type": "Feature", "geometry": {"type": "Point", "coordinates": [73.930058, 18.538653]}, "properties": {"depth": 0.73}}, {"type": "Feature", "geometry": {"type": "Point", "coordinates": [73.930295, 18.538675]}, "properties": {"depth": 0.38}}, {"type": "Feature", "geometry": {"type": "Point", "coordinates": [73.930537, 18.538835]}, "properties": {"depth": 0.05}}, {"type": "Feature", "geometry": {"type": "Point", "coordinates": [73.929569, 18.538878]}, "properties": {"depth": 0.94}}, {"type": "Feature", "geometry": {"type": "Point", "coordinates": [73.929832, 18.538899]}, "properties": {"depth": 0.07}}, {"type": "Feature", "geometry": {"type": "Point", "coordinates": [73.929789, 18.538987]}, "properties": {"depth": 0.07}}, {"type": "Feature", "geometry": {"type": "Point", "coordinates": [73.929499, 18.539009]}, "properties": {"depth": 0.94}}, {"type": "Feature", "geometry": {"type": "Point", "coordinates": [73.921976, 18.540062]}, "properties": {"depth": 1.4}}, {"type": "Feature", "geometry": {"type": "Point", "coordinates": [73.782805, 18.457043]}, "properties": {"depth": 4.39}}, {"type": "Feature", "geometry": {"type": "Point", "coordinates": [73.782953, 18.45748]}, "properties": {"depth": 2.64}}, {"type": "Feature", "geometry": {"type": "Point", "coordinates": [73.781458, 18.456728]}, "properties": {"depth": 2.84}}, {"type": "Feature", "geometry": {"type": "Point", "coordinates": [73.782163, 18.457181]}, "properties": {"depth": 6.36}}, {"type": "Feature", "geometry": {"type": "Point", "coordinates": [73.782206, 18.457269]}, "properties": {"depth": 6.36}}, {"type": "Feature", "geometry": {"type": "Point", "coordinates": [73.782129, 18.457364]}, "properties": {"depth": 7.42}}, {"type": "Feature", "geometry": {"type": "Point", "coordinates": [73.781861, 18.458708]}, "properties": {"depth": 9.34}}, {"type": "Feature", "geometry": {"type": "Point", "coordinates": [73.782153, 18.458949]}, "properties": {"depth": 3.51}}, {"type": "Feature", "geometry": {"type": "Point", "coordinates": [73.781801, 18.459108]}, "properties": {"depth": 6.6}}, {"type": "Feature", "geometry": {"type": "Point", "coordinates": [73.781912, 18.459111]}, "properties": {"depth": 6.06}}, {"type": "Feature", "geometry": {"type": "Point", "coordinates": [73.781289, 18.462147]}, "properties": {"depth": 4.98}}, {"type": "Feature", "geometry": {"type": "Point", "coordinates": [73.783898, 18.458047]}, "properties": {"depth": 0.18}}, {"type": "Feature", "geometry": {"type": "Point", "coordinates": [73.783529, 18.458974]}, "properties": {"depth": 4.85}}, {"type": "Feature", "geometry": {"type": "Point", "coordinates": [73.783838, 18.459036]}, "properties": {"depth": 5.03}}, {"type": "Feature", "geometry": {"type": "Point", "coordinates": [73.783509, 18.459065]}, "properties": {"depth": 4.43}}, {"type": "Feature", "geometry": {"type": "Point", "coordinates": [73.783817, 18.459111]}, "properties": {"depth": 5.03}}, {"type": "Feature", "geometry": {"type": "Point", "coordinates": [73.783499, 18.459164]}, "properties": {"depth": 4.43}}, {"type": "Feature", "geometry": {"type": "Point", "coordinates": [73.783797, 18.45918]}, "properties": {"depth": 5.03}}, {"type": "Feature", "geometry": {"type": "Point", "coordinates": [73.783455, 18.459306]}, "properties": {"depth": 2.68}}, {"type": "Feature", "geometry": {"type": "Point", "coordinates": [73.783757, 18.459313]}, "properties": {"depth": 5.45}}, {"type": "Feature", "geometry": {"type": "Point", "coordinates": [73.782747, 18.457522]}, "properties": {"depth": 5.64}}, {"type": "Feature", "geometry": {"type": "Point", "coordinates": [73.783265, 18.457602]}, "properties": {"depth": 2.59}}, {"type": "Feature", "geometry": {"type": "Point", "coordinates": [73.782703, 18.457824]}, "properties": {"depth": 4.75}}, {"type": "Feature", "geometry": {"type": "Point", "coordinates": [73.782989, 18.458743]}, "properties": {"depth": 4.15}}, {"type": "Feature", "geometry": {"type": "Point", "coordinates": [73.783069, 18.458766]}, "properties": {"depth": 3.23}}, {"type": "Feature", "geometry": {"type": "Point", "coordinates": [73.783224, 18.458837]}, "properties": {"depth": 4.09}}, {"type": "Feature", "geometry": {"type": "Point", "coordinates": [73.783363, 18.458909]}, "properties": {"depth": 4.09}}, {"type": "Feature", "geometry": {"type": "Point", "coordinates": [73.782964, 18.45895]}, "properties": {"depth": 3.23}}, {"type": "Feature", "geometry": {"type": "Point", "coordinates": [73.783187, 18.459051]}, "properties": {"depth": 3.24}}, {"type": "Feature", "geometry": {"type": "Point", "coordinates": [73.783297, 18.459104]}, "properties": {"depth": 2.89}}, {"type": "Feature", "geometry": {"type": "Point", "coordinates": [73.780147, 18.462058]}, "properties": {"depth": 4.59}}, {"type": "Feature", "geometry": {"type": "Point", "coordinates": [73.779843, 18.462082]}, "properties": {"depth": 0.73}}, {"type": "Feature", "geometry": {"type": "Point", "coordinates": [73.779783, 18.462487]}, "properties": {"depth": 3.54}}, {"type": "Feature", "geometry": {"type": "Point", "coordinates": [73.780206, 18.462568]}, "properties": {"depth": 3.52}}, {"type": "Feature", "geometry": {"type": "Point", "coordinates": [73.781059, 18.462458]}, "properties": {"depth": 2.03}}, {"type": "Feature", "geometry": {"type": "Point", "coordinates": [73.780716, 18.462479]}, "properties": {"depth": 1.35}}, {"type": "Feature", "geometry": {"type": "Point", "coordinates": [73.78061, 18.462694]}, "properties": {"depth": 3.02}}, {"type": "Feature", "geometry": {"type": "Point", "coordinates": [73.781367, 18.462869]}, "properties": {"depth": 1.86}}, {"type": "Feature", "geometry": {"type": "Point", "coordinates": [73.781314, 18.463076]}, "properties": {"depth": 0.9}}, {"type": "Feature", "geometry": {"type": "Point", "coordinates": [73.780874, 18.463095]}, "properties": {"depth": 2.78}}, {"type": "Feature", "geometry": {"type": "Point", "coordinates": [73.780784, 18.463337]}, "properties": {"depth": 2.2}}, {"type": "Feature", "geometry": {"type": "Point", "coordinates": [73.780573, 18.463423]}, "properties": {"depth": 2.33}}, {"type": "Feature", "geometry": {"type": "Point", "coordinates": [73.780695, 18.463462]}, "properties": {"depth": 2.2}}, {"type": "Feature", "geometry": {"type": "Point", "coordinates": [73.777612, 18.462937]}, "properties": {"depth": 0.59}}, {"type": "Feature", "geometry": {"type": "Point", "coordinates": [73.777738, 18.463008]}, "properties": {"depth": 0.48}}, {"type": "Feature", "geometry": {"type": "Point", "coordinates": [73.777473, 18.46304]}, "properties": {"depth": 0.59}}, {"type": "Feature", "geometry": {"type": "Point", "coordinates": [73.777588, 18.463101]}, "properties": {"depth": 0.59}}, {"type": "Feature", "geometry": {"type": "Point", "coordinates": [73.777696, 18.463134]}, "properties": {"depth": 0.48}}, {"type": "Feature", "geometry": {"type": "Point", "coordinates": [73.779689, 18.462731]}, "properties": {"depth": 2.88}}, {"type": "Feature", "geometry": {"type": "Point", "coordinates": [73.780559, 18.462968]}, "properties": {"depth": 2.76}}, {"type": "Feature", "geometry": {"type": "Point", "coordinates": [73.780216, 18.463265]}, "properties": {"depth": 1.53}}, {"type": "Feature", "geometry": {"type": "Point", "coordinates": [73.780283, 18.463393]}, "properties": {"depth": 1.53}}, {"type": "Feature", "geometry": {"type": "Point", "coordinates": [73.780444, 18.463429]}, "properties": {"depth": 2.33}}, {"type": "Feature", "geometry": {"type": "Point", "coordinates": [73.780279, 18.463496]}, "properties": {"depth": 1.29}}, {"type": "Feature", "geometry": {"type": "Point", "coordinates": [73.7804, 18.463528]}, "properties": {"depth": 1.29}}, {"type": "Feature", "geometry": {"type": "Point", "coordinates": [73.780433, 18.46359]}, "properties": {"depth": 1.38}}, {"type": "Feature", "geometry": {"type": "Point", "coordinates": [73.780371, 18.463653]}, "properties": {"depth": 1.29}}, {"type": "Feature", "geometry": {"type": "Point", "coordinates": [73.780789, 18.46348]}, "properties": {"depth": 1.28}}, {"type": "Feature", "geometry": {"type": "Point", "coordinates": [73.78058, 18.463532]}, "properties": {"depth": 1.38}}, {"type": "Feature", "geometry": {"type": "Point", "coordinates": [73.780791, 18.463541]}, "properties": {"depth": 1.28}}, {"type": "Feature", "geometry": {"type": "Point", "coordinates": [73.780862, 18.463657]}, "properties": {"depth": 1.28}}, {"type": "Feature", "geometry": {"type": "Point", "coordinates": [73.780126, 18.464154]}, "properties": {"depth": 0.74}}, {"type": "Feature", "geometry": {"type": "Point", "coordinates": [73.780073, 18.464484]}, "properties": {"depth": 0.51}}, {"type": "Feature", "geometry": {"type": "Point", "coordinates": [73.782187, 18.459127]}, "properties": {"depth": 4.57}}, {"type": "Feature", "geometry": {"type": "Point", "coordinates": [73.782243, 18.459255]}, "properties": {"depth": 4.57}}, {"type": "Feature", "geometry": {"type": "Point", "coordinates": [73.781765, 18.459258]}, "properties": {"depth": 6.6}}, {"type": "Feature", "geometry": {"type": "Point", "coordinates": [73.782101, 18.459261]}, "properties": {"depth": 4.57}}, {"type": "Feature", "geometry": {"type": "Point", "coordinates": [73.782156, 18.459276]}, "properties": {"depth": 4.57}}, {"type": "Feature", "geometry": {"type": "Point", "coordinates": [73.781933, 18.459276]}, "properties": {"depth": 6.06}}, {"type": "Feature", "geometry": {"type": "Point", "coordinates": [73.782106, 18.459344]}, "properties": {"depth": 4.54}}, {"type": "Feature", "geometry": {"type": "Point", "coordinates": [73.781938, 18.459354]}, "properties": {"depth": 4.81}}, {"type": "Feature", "geometry": {"type": "Point", "coordinates": [73.781746, 18.459386]}, "properties": {"depth": 6.58}}, {"type": "Feature", "geometry": {"type": "Point", "coordinates": [73.78213, 18.459425]}, "properties": {"depth": 4.54}}, {"type": "Feature", "geometry": {"type": "Point", "coordinates": [73.783134, 18.459118]}, "properties": {"depth": 3.24}}, {"type": "Feature", "geometry": {"type": "Point", "coordinates": [73.782929, 18.459142]}, "properties": {"depth": 3.24}}, {"type": "Feature", "geometry": {"type": "Point", "coordinates": [73.783113, 18.4592]}, "properties": {"depth": 3.24}}, {"type": "Feature", "geometry": {"type": "Point", "coordinates": [73.78327, 18.459223]}, "properties": {"depth": 2.89}}, {"type": "Feature", "geometry": {"type": "Point", "coordinates": [73.783167, 18.459323]}, "properties": {"depth": 3.46}}, {"type": "Feature", "geometry": {"type": "Point", "coordinates": [73.782491, 18.459361]}, "properties": {"depth": 4.54}}, {"type": "Feature", "geometry": {"type": "Point", "coordinates": [73.783414, 18.459381]}, "properties": {"depth": 2.68}}, {"type": "Feature", "geometry": {"type": "Point", "coordinates": [73.782859, 18.459407]}, "properties": {"depth": 4.57}}, {"type": "Feature", "geometry": {"type": "Point", "coordinates": [73.783182, 18.459413]}, "properties": {"depth": 3.46}}, {"type": "Feature", "geometry": {"type": "Point", "coordinates": [73.783194, 18.459509]}, "properties": {"depth": 3.46}}, {"type": "Feature", "geometry": {"type": "Point", "coordinates": [73.781744, 18.459476]}, "properties": {"depth": 6.58}}, {"type": "Feature", "geometry": {"type": "Point", "coordinates": [73.78238, 18.459489]}, "properties": {"depth": 4.54}}, {"type": "Feature", "geometry": {"type": "Point", "coordinates": [73.781984, 18.459501]}, "properties": {"depth": 4.81}}, {"type": "Feature", "geometry": {"type": "Point", "coordinates": [73.781948, 18.459561]}, "properties": {"depth": 4.81}}, {"type": "Feature", "geometry": {"type": "Point", "coordinates": [73.78242, 18.459567]}, "properties": {"depth": 4.54}}, {"type": "Feature", "geometry": {"type": "Point", "coordinates": [73.781747, 18.459568]}, "properties": {"depth": 6.58}}, {"type": "Feature", "geometry": {"type": "Point", "coordinates": [73.782311, 18.459598]}, "properties": {"depth": 6.33}}, {"type": "Feature", "geometry": {"type": "Point", "coordinates": [73.782205, 18.459667]}, "properties": {"depth": 6.33}}, {"type": "Feature", "geometry": {"type": "Point", "coordinates": [73.781905, 18.459666]}, "properties": {"depth": 3.55}}, {"type": "Feature", "geometry": {"type": "Point", "coordinates": [73.78172, 18.459706]}, "properties": {"depth": 6.02}}, {"type": "Feature", "geometry": {"type": "Point", "coordinates": [73.783038, 18.459532]}, "properties": {"depth": 3.46}}, {"type": "Feature", "geometry": {"type": "Point", "coordinates": [73.783394, 18.459565]}, "properties": {"depth": 2.68}}, {"type": "Feature", "geometry": {"type": "Point", "coordinates": [73.782837, 18.459581]}, "properties": {"depth": 4.57}}, {"type": "Feature", "geometry": {"type": "Point", "coordinates": [73.782531, 18.45958]}, "properties": {"depth": 4.54}}, {"type": "Feature", "geometry": {"type": "Point", "coordinates": [73.78272, 18.459711]}, "properties": {"depth": 2.11}}, {"type": "Feature", "geometry": {"type": "Point", "coordinates": [73.783069, 18.459726]}, "properties": {"depth": 1.71}}, {"type": "Feature", "geometry": {"type": "Point", "coordinates": [73.782885, 18.45973]}, "properties": {"depth": 2.11}}, {"type": "Feature", "geometry": {"type": "Point", "coordinates": [73.782979, 18.459742]}, "properties": {"depth": 1.71}}, {"type": "Feature", "geometry": {"type": "Point", "coordinates": [73.782605, 18.459759]}, "properties": {"depth": 3.34}}, {"type": "Feature", "geometry": {"type": "Point", "coordinates": [73.783359, 18.45981]}, "properties": {"depth": 1.53}}, {"type": "Feature", "geometry": {"type": "Point", "coordinates": [73.784211, 18.459441]}, "properties": {"depth": 5.01}}, {"type": "Feature", "geometry": {"type": "Point", "coordinates": [73.783712, 18.459443]}, "properties": {"depth": 5.55}}, {"type": "Feature", "geometry": {"type": "Point", "coordinates": [73.78369, 18.459513]}, "properties": {"depth": 5.55}}, {"type": "Feature", "geometry": {"type": "Point", "coordinates": [73.783974, 18.459694]}, "properties": {"depth": 6.94}}, {"type": "Feature", "geometry": {"type": "Point", "coordinates": [73.783616, 18.459712]}, "properties": {"depth": 4.21}}, {"type": "Feature", "geometry": {"type": "Point", "coordinates": [73.783578, 18.459914]}, "properties": {"depth": 2.38}}, {"type": "Feature", "geometry": {"type": "Point", "coordinates": [73.783483, 18.460089]}, "properties": {"depth": 2.38}}, {"type": "Feature", "geometry": {"type": "Point", "coordinates": [73.783893, 18.460111]}, "properties": {"depth": 5.43}}, {"type": "Feature", "geometry": {"type": "Point", "coordinates": [73.784007, 18.460118]}, "properties": {"depth": 5.43}}, {"type": "Feature", "geometry": {"type": "Point", "coordinates": [73.783633, 18.460118]}, "properties": {"depth": 2.38}}, {"type": "Feature", "geometry": {"type": "Point", "coordinates": [73.78265, 18.459899]}, "properties": {"depth": 3.69}}, {"type": "Feature", "geometry": {"type": "Point", "coordinates": [73.782835, 18.459926]}, "properties": {"depth": 3.69}}, {"type": "Feature", "geometry": {"type": "Point", "coordinates": [73.782457, 18.459929]}, "properties": {"depth": 7.6}}, {"type": "Feature", "geometry": {"type": "Point", "coordinates": [73.78264, 18.460018]}, "properties": {"depth": 3.69}}, {"type": "Feature", "geometry": {"type": "Point", "coordinates": [73.78287, 18.460058]}, "properties": {"depth": 3.69}}, {"type": "Feature", "geometry": {"type": "Point", "coordinates": [73.782409, 18.459795]}, "properties": {"depth": 3.34}}, {"type": "Feature", "geometry": {"type": "Point", "coordinates": [73.781917, 18.459824]}, "properties": {"depth": 3.55}}, {"type": "Feature", "geometry": {"type": "Point", "coordinates": [73.781732, 18.459839]}, "properties": {"depth": 6.02}}, {"type": "Feature", "geometry": {"type": "Point", "coordinates": [73.782164, 18.459866]}, "properties": {"depth": 7.22}}, {"type": "Feature", "geometry": {"type": "Point", "coordinates": [73.782077, 18.459904]}, "properties": {"depth": 6.65}}, {"type": "Feature", "geometry": {"type": "Point", "coordinates": [73.781725, 18.459945]}, "properties": {"depth": 9.35}}, {"type": "Feature", "geometry": {"type": "Point", "coordinates": [73.781986, 18.459982]}, "properties": {"depth": 6.65}}, {"type": "Feature", "geometry": {"type": "Point", "coordinates": [73.782375, 18.460044]}, "properties": {"depth": 7.6}}, {"type": "Feature", "geometry": {"type": "Point", "coordinates": [73.782032, 18.460149]}, "properties": {"depth": 14.59}}, {"type": "Feature", "geometry": {"type": "Point", "coordinates": [73.781701, 18.460142]}, "properties": {"depth": 13.39}}, {"type": "Feature", "geometry": {"type": "Point", "coordinates": [73.782611, 18.460179]}, "properties": {"depth": 6.82}}, {"type": "Feature", "geometry": {"type": "Point", "coordinates": [73.783075, 18.46022]}, "properties": {"depth": 1.72}}, {"type": "Feature", "geometry": {"type": "Point", "coordinates": [73.782937, 18.460222]}, "properties": {"depth": 1.72}}, {"type": "Feature", "geometry": {"type": "Point", "coordinates": [73.783249, 18.460237]}, "properties": {"depth": 1.87}}, {"type": "Feature", "geometry": {"type": "Point", "coordinates": [73.783164, 18.46025]}, "properties": {"depth": 1.72}}, {"type": "Feature", "geometry": {"type": "Point", "coordinates": [73.78275, 18.460252]}, "properties": {"depth": 5.15}}, {"type": "Feature", "geometry": {"type": "Point", "coordinates": [73.782828, 18.460253]}, "properties": {"depth": 5.15}}, {"type": "Feature", "geometry": {"type": "Point", "coordinates": [73.783349, 18.460273]}, "properties": {"depth": 1.87}}, {"type": "Feature", "geometry": {"type": "Point", "coordinates": [73.783065, 18.46032]}, "properties": {"depth": 1.72}}, {"type": "Feature", "geometry": {"type": "Point", "coordinates": [73.783738, 18.460122]}, "properties": {"depth": 2.38}}, {"type": "Feature", "geometry": {"type": "Point", "coordinates": [73.784106, 18.460178]}, "properties": {"depth": 6.0}}, {"type": "Feature", "geometry": {"type": "Point", "coordinates": [73.784305, 18.460224]}, "properties": {"depth": 6.0}}, {"type": "Feature", "geometry": {"type": "Point", "coordinates": [73.78356, 18.460301]}, "properties": {"depth": 4.63}}, {"type": "Feature", "geometry": {"type": "Point", "coordinates": [73.783721, 18.460324]}, "properties": {"depth": 4.63}}, {"type": "Feature", "geometry": {"type": "Point", "coordinates": [73.783813, 18.460333]}, "properties": {"depth": 5.17}}, {"type": "Feature", "geometry": {"type": "Point", "coordinates": [73.783775, 18.460473]}, "properties": {"depth": 6.12}}, {"type": "Feature", "geometry": {"type": "Point", "coordinates": [73.783609, 18.460523]}, "properties": {"depth": 4.03}}, {"type": "Feature", "geometry": {"type": "Point", "coordinates": [73.783742, 18.460557]}, "properties": {"depth": 4.03}}, {"type": "Feature", "geometry": {"type": "Point", "coordinates": [73.783914, 18.460548]}, "properties": {"depth": 6.12}}, {"type": "Feature", "geometry": {"type": "Point", "coordinates": [73.782959, 18.46032]}, "properties": {"depth": 1.72}}, {"type": "Feature", "geometry": {"type": "Point", "coordinates": [73.783196, 18.460343]}, "properties": {"depth": 1.87}}, {"type": "Feature", "geometry": {"type": "Point", "coordinates": [73.782562, 18.460353]}, "properties": {"depth": 6.82}}, {"type": "Feature", "geometry": {"type": "Point", "coordinates": [73.78245, 18.46038]}, "properties": {"depth": 6.82}}, {"type": "Feature", "geometry": {"type": "Point", "coordinates": [73.783091, 18.460461]}, "properties": {"depth": 2.18}}, {"type": "Feature", "geometry": {"type": "Point", "coordinates": [73.783221, 18.460477]}, "properties": {"depth": 2.5}}, {"type": "Feature", "geometry": {"type": "Point", "coordinates": [73.782581, 18.460474]}, "properties": {"depth": 4.46}}, {"type": "Feature", "geometry": {"type": "Point", "coordinates": [73.783285, 18.460484]}, "properties": {"depth": 2.5}}, {"type": "Feature", "geometry": {"type": "Point", "coordinates": [73.7828, 18.460527]}, "properties": {"depth": 5.93}}, {"type": "Feature", "geometry": {"type": "Point", "coordinates": [73.782576, 18.460528]}, "properties": {"depth": 4.46}}, {"type": "Feature", "geometry": {"type": "Point", "coordinates": [73.796, 18.457928]}, "properties": {"depth": 2.94}}, {"type": "Feature", "geometry": {"type": "Point", "coordinates": [73.794385, 18.457699]}, "properties": {"depth": 1.79}}, {"type": "Feature", "geometry": {"type": "Point", "coordinates": [73.793764, 18.457818]}, "properties": {"depth": 0.85}}, {"type": "Feature", "geometry": {"type": "Point", "coordinates": [73.796975, 18.461772]}, "properties": {"depth": 5.16}}, {"type": "Feature", "geometry": {"type": "Point", "coordinates": [73.793085, 18.458314]}, "properties": {"depth": 0.61}}, {"type": "Feature", "geometry": {"type": "Point", "coordinates": [73.792591, 18.458499]}, "properties": {"depth": 5.71}}, {"type": "Feature", "geometry": {"type": "Point", "coordinates": [73.792921, 18.45868]}, "properties": {"depth": 2.79}}, {"type": "Feature", "geometry": {"type": "Point", "coordinates": [73.789689, 18.458275]}, "properties": {"depth": 0.8}}, {"type": "Feature", "geometry": {"type": "Point", "coordinates": [73.790597, 18.458332]}, "properties": {"depth": 0.27}}, {"type": "Feature", "geometry": {"type": "Point", "coordinates": [73.789705, 18.458808]}, "properties": {"depth": 2.96}}, {"type": "Feature", "geometry": {"type": "Point", "coordinates": [73.790925, 18.458884]}, "properties": {"depth": 0.66}}, {"type": "Feature", "geometry": {"type": "Point", "coordinates": [73.792326, 18.458487]}, "properties": {"depth": 1.99}}, {"type": "Feature", "geometry": {"type": "Point", "coordinates": [73.792092, 18.458878]}, "properties": {"depth": 0.16}}, {"type": "Feature", "geometry": {"type": "Point", "coordinates": [73.788657, 18.458958]}, "properties": {"depth": 3.01}}, {"type": "Feature", "geometry": {"type": "Point", "coordinates": [73.789213, 18.459035]}, "properties": {"depth": 3.8}}, {"type": "Feature", "geometry": {"type": "Point", "coordinates": [73.788609, 18.460449]}, "properties": {"depth": 7.25}}, {"type": "Feature", "geometry": {"type": "Point", "coordinates": [73.789026, 18.461023]}, "properties": {"depth": 11.05}}, {"type": "Feature", "geometry": {"type": "Point", "coordinates": [73.789303, 18.461062]}, "properties": {"depth": 10.6}}, {"type": "Feature", "geometry": {"type": "Point", "coordinates": [73.788984, 18.464058]}, "properties": {"depth": 3.53}}, {"type": "Feature", "geometry": {"type": "Point", "coordinates": [73.789303, 18.464161]}, "properties": {"depth": 4.21}}, {"type": "Feature", "geometry": {"type": "Point", "coordinates": [73.78889, 18.464329]}, "properties": {"depth": 4.43}}, {"type": "Feature", "geometry": {"type": "Point", "coordinates": [73.789266, 18.464366]}, "properties": {"depth": 3.55}}, {"type": "Feature", "geometry": {"type": "Point", "coordinates": [73.788614, 18.464473]}, "properties": {"depth": 5.62}}, {"type": "Feature", "geometry": {"type": "Point", "coordinates": [73.793166, 18.458696]}, "properties": {"depth": 2.79}}, {"type": "Feature", "geometry": {"type": "Point", "coordinates": [73.792682, 18.458751]}, "properties": {"depth": 5.84}}, {"type": "Feature", "geometry": {"type": "Point", "coordinates": [73.793049, 18.458901]}, "properties": {"depth": 2.34}}, {"type": "Feature", "geometry": {"type": "Point", "coordinates": [73.793055, 18.459074]}, "properties": {"depth": 1.46}}, {"type": "Feature", "geometry": {"type": "Point", "coordinates": [73.792905, 18.459238]}, "properties": {"depth": 1.31}}, {"type": "Feature", "geometry": {"type": "Point", "coordinates": [73.793182, 18.459288]}, "properties": {"depth": 1.46}}, {"type": "Feature", "geometry": {"type": "Point", "coordinates": [73.793043, 18.459468]}, "properties": {"depth": 2.2}}, {"type": "Feature", "geometry": {"type": "Point", "coordinates": [73.792688, 18.461093]}, "properties": {"depth": 7.55}}, {"type": "Feature", "geometry": {"type": "Point", "coordinates": [73.793289, 18.461431]}, "properties": {"depth": 9.62}}, {"type": "Feature", "geometry": {"type": "Point", "coordinates": [73.792841, 18.465793]}, "properties": {"depth": 1.24}}, {"type": "Feature", "geometry": {"type": "Point", "coordinates": [73.792439, 18.459402]}, "properties": {"depth": 3.28}}, {"type": "Feature", "geometry": {"type": "Point", "coordinates": [73.791515, 18.459432]}, "properties": {"depth": 2.56}}, {"type": "Feature", "geometry": {"type": "Point", "coordinates": [73.79198, 18.461264]}, "properties": {"depth": 9.7}}, {"type": "Feature", "geometry": {"type": "Point", "coordinates": [73.79123, 18.465331]}, "properties": {"depth": 2.33}}, {"type": "Feature", "geometry": {"type": "Point", "coordinates": [73.792247, 18.466036]}, "properties": {"depth": 1.83}}, {"type": "Feature", "geometry": {"type": "Point", "coordinates": [73.790536, 18.459401]}, "properties": {"depth": 1.64}}, {"type": "Feature", "geometry": {"type": "Point", "coordinates": [73.789785, 18.460655]}, "properties": {"depth": 5.46}}, {"type": "Feature", "geometry": {"type": "Point", "coordinates": [73.790578, 18.461323]}, "properties": {"depth": 9.69}}, {"type": "Feature", "geometry": {"type": "Point", "coordinates": [73.790804, 18.464511]}, "properties": {"depth": 5.82}}, {"type": "Feature", "geometry": {"type": "Point", "coordinates": [73.790091, 18.464561]}, "properties": {"depth": 1.53}}, {"type": "Feature", "geometry": {"type": "Point", "coordinates": [73.789625, 18.464631]}, "properties": {"depth": 0.54}}, {"type": "Feature", "geometry": {"type": "Point", "coordinates": [73.790274, 18.46488]}, "properties": {"depth": 4.67}}, {"type": "Feature", "geometry": {"type": "Point", "coordinates": [73.789988, 18.465007]}, "properties": {"depth": 3.78}}, {"type": "Feature", "geometry": {"type": "Point", "coordinates": [73.788555, 18.464747]}, "properties": {"depth": 5.73}}, {"type": "Feature", "geometry": {"type": "Point", "coordinates": [73.789598, 18.46479]}, "properties": {"depth": 0.54}}, {"type": "Feature", "geometry": {"type": "Point", "coordinates": [73.788439, 18.465009]}, "properties": {"depth": 4.28}}, {"type": "Feature", "geometry": {"type": "Point", "coordinates": [73.788457, 18.465139]}, "properties": {"depth": 1.15}}, {"type": "Feature", "geometry": {"type": "Point", "coordinates": [73.788569, 18.465164]}, "properties": {"depth": 1.4}}, {"type": "Feature", "geometry": {"type": "Point", "coordinates": [73.788734, 18.465204]}, "properties": {"depth": 1.4}}, {"type": "Feature", "geometry": {"type": "Point", "coordinates": [73.788843, 18.465232]}, "properties": {"depth": 1.84}}, {"type": "Feature", "geometry": {"type": "Point", "coordinates": [73.788948, 18.465397]}, "properties": {"depth": 1.84}}, {"type": "Feature", "geometry": {"type": "Point", "coordinates": [73.788421, 18.465451]}, "properties": {"depth": 0.16}}, {"type": "Feature", "geometry": {"type": "Point", "coordinates": [73.788659, 18.465476]}, "properties": {"depth": 0.05}}, {"type": "Feature", "geometry": {"type": "Point", "coordinates": [73.799227, 18.464007]}, "properties": {"depth": 11.51}}, {"type": "Feature", "geometry": {"type": "Point", "coordinates": [73.799307, 18.464272]}, "properties": {"depth": 11.14}}, {"type": "Feature", "geometry": {"type": "Point", "coordinates": [73.799406, 18.464994]}, "properties": {"depth": 12.66}}, {"type": "Feature", "geometry": {"type": "Point", "coordinates": [73.800014, 18.468239]}, "properties": {"depth": 1.73}}, {"type": "Feature", "geometry": {"type": "Point", "coordinates": [73.795098, 18.457951]}, "properties": {"depth": 2.14}}, {"type": "Feature", "geometry": {"type": "Point", "coordinates": [73.795651, 18.458519]}, "properties": {"depth": 0.34}}, {"type": "Feature", "geometry": {"type": "Point", "coordinates": [73.794913, 18.458603]}, "properties": {"depth": 4.94}}, {"type": "Feature", "geometry": {"type": "Point", "coordinates": [73.795357, 18.458781]}, "properties": {"depth": 4.24}}, {"type": "Feature", "geometry": {"type": "Point", "coordinates": [73.795403, 18.458806]}, "properties": {"depth": 4.24}}, {"type": "Feature", "geometry": {"type": "Point", "coordinates": [73.795475, 18.458829]}, "properties": {"depth": 3.13}}, {"type": "Feature", "geometry": {"type": "Point", "coordinates": [73.794759, 18.458873]}, "properties": {"depth": 5.0}}, {"type": "Feature", "geometry": {"type": "Point", "coordinates": [73.795671, 18.458885]}, "properties": {"depth": 3.13}}, {"type": "Feature", "geometry": {"type": "Point", "coordinates": [73.794864, 18.45893]}, "properties": {"depth": 4.45}}, {"type": "Feature", "geometry": {"type": "Point", "coordinates": [73.794818, 18.45903]}, "properties": {"depth": 5.94}}, {"type": "Feature", "geometry": {"type": "Point", "coordinates": [73.794646, 18.458294]}, "properties": {"depth": 3.73}}, {"type": "Feature", "geometry": {"type": "Point", "coordinates": [73.793744, 18.458327]}, "properties": {"depth": 2.86}}, {"type": "Feature", "geometry": {"type": "Point", "coordinates": [73.794629, 18.458592]}, "properties": {"depth": 4.81}}, {"type": "Feature", "geometry": {"type": "Point", "coordinates": [73.793727, 18.45863]}, "properties": {"depth": 4.1}}, {"type": "Feature", "geometry": {"type": "Point", "coordinates": [73.794575, 18.458806]}, "properties": {"depth": 4.34}}, {"type": "Feature", "geometry": {"type": "Point", "coordinates": [73.794685, 18.458957]}, "properties": {"depth": 5.0}}, {"type": "Feature", "geometry": {"type": "Point", "coordinates": [73.794545, 18.45966]}, "properties": {"depth": 5.67}}, {"type": "Feature", "geometry": {"type": "Point", "coordinates": [73.794538, 18.459871]}, "properties": {"depth": 4.71}}, {"type": "Feature", "geometry": {"type": "Point", "coordinates": [73.794324, 18.45998]}, "properties": {"depth": 4.71}}, {"type": "Feature", "geometry": {"type": "Point", "coordinates": [73.794518, 18.460088]}, "properties": {"depth": 4.71}}, {"type": "Feature", "geometry": {"type": "Point", "coordinates": [73.795114, 18.459034]}, "properties": {"depth": 5.83}}, {"type": "Feature", "geometry": {"type": "Point", "coordinates": [73.794908, 18.459082]}, "properties": {"depth": 5.83}}, {"type": "Feature", "geometry": {"type": "Point", "coordinates": [73.795703, 18.459208]}, "properties": {"depth": 4.15}}, {"type": "Feature", "geometry": {"type": "Point", "coordinates": [73.795696, 18.459471]}, "properties": {"depth": 7.32}}, {"type": "Feature", "geometry": {"type": "Point", "coordinates": [73.795176, 18.459508]}, "properties": {"depth": 7.26}}, {"type": "Feature", "geometry": {"type": "Point", "coordinates": [73.795118, 18.459749]}, "properties": {"depth": 7.43}}, {"type": "Feature", "geometry": {"type": "Point", "coordinates": [73.795065, 18.459935]}, "properties": {"depth": 8.45}}, {"type": "Feature", "geometry": {"type": "Point", "coordinates": [73.795442, 18.459939]}, "properties": {"depth": 10.38}}, {"type": "Feature", "geometry": {"type": "Point", "coordinates": [73.795371, 18.460178]}, "properties": {"depth": 9.27}}, {"type": "Feature", "geometry": {"type": "Point", "coordinates": [73.794921, 18.461376]}, "properties": {"depth": 6.51}}, {"type": "Feature", "geometry": {"type": "Point", "coordinates": [73.794443, 18.461121]}, "properties": {"depth": 7.41}}, {"type": "Feature", "geometry": {"type": "Point", "coordinates": [73.793967, 18.461389]}, "properties": {"depth": 4.81}}, {"type": "Feature", "geometry": {"type": "Point", "coordinates": [73.794328, 18.466933]}, "properties": {"depth": 0.66}}, {"type": "Feature", "geometry": {"type": "Point", "coordinates": [73.794632, 18.467047]}, "properties": {"depth": 1.65}}, {"type": "Feature", "geometry": {"type": "Point", "coordinates": [73.79515, 18.461842]}, "properties": {"depth": 9.97}}, {"type": "Feature", "geometry": {"type": "Point", "coordinates": [73.795279, 18.466175]}, "properties": {"depth": 4.75}}, {"type": "Feature", "geometry": {"type": "Point", "coordinates": [73.795097, 18.466636]}, "properties": {"depth": 2.5}}, {"type": "Feature", "geometry": {"type": "Point", "coordinates": [73.795458, 18.466925]}, "properties": {"depth": 3.09}}, {"type": "Feature", "geometry": {"type": "Point", "coordinates": [73.795522, 18.467262]}, "properties": {"depth": 1.73}}, {"type": "Feature", "geometry": {"type": "Point", "coordinates": [73.795041, 18.467346]}, "properties": {"depth": 2.32}}, {"type": "Feature", "geometry": {"type": "Point", "coordinates": [73.796467, 18.467446]}, "properties": {"depth": 0.7}}, {"type": "Feature", "geometry": {"type": "Point", "coordinates": [73.798955, 18.45979]}, "properties": {"depth": 0.61}}, {"type": "Feature", "geometry": {"type": "Point", "coordinates": [73.798243, 18.460326]}, "properties": {"depth": 1.57}}, {"type": "Feature", "geometry": {"type": "Point", "coordinates": [73.798936, 18.460492]}, "properties": {"depth": 1.46}}, {"type": "Feature", "geometry": {"type": "Point", "coordinates": [73.798229, 18.461646]}, "properties": {"depth": 6.26}}, {"type": "Feature", "geometry": {"type": "Point", "coordinates": [73.798634, 18.461893]}, "properties": {"depth": 6.71}}, {"type": "Feature", "geometry": {"type": "Point", "coordinates": [73.79577, 18.458551]}, "properties": {"depth": 1.71}}, {"type": "Feature", "geometry": {"type": "Point", "coordinates": [73.795867, 18.458564]}, "properties": {"depth": 1.71}}, {"type": "Feature", "geometry": {"type": "Point", "coordinates": [73.795867, 18.458936]}, "properties": {"depth": 3.88}}, {"type": "Feature", "geometry": {"type": "Point", "coordinates": [73.795801, 18.459233]}, "properties": {"depth": 4.15}}, {"type": "Feature", "geometry": {"type": "Point", "coordinates": [73.796048, 18.459667]}, "properties": {"depth": 5.72}}, {"type": "Feature", "geometry": {"type": "Point", "coordinates": [73.796572, 18.45998]}, "properties": {"depth": 6.11}}, {"type": "Feature", "geometry": {"type": "Point", "coordinates": [73.796497, 18.460242]}, "properties": {"depth": 6.67}}, {"type": "Feature", "geometry": {"type": "Point", "coordinates": [73.79652, 18.460415]}, "properties": {"depth": 6.67}}, {"type": "Feature", "geometry": {"type": "Point", "coordinates": [73.796787, 18.461429]}, "properties": {"depth": 8.37}}, {"type": "Feature", "geometry": {"type": "Point", "coordinates": [73.798575, 18.462608]}, "properties": {"depth": 9.05}}, {"type": "Feature", "geometry": {"type": "Point", "coordinates": [73.798034, 18.463198]}, "properties": {"depth": 10.39}}, {"type": "Feature", "geometry": {"type": "Point", "coordinates": [73.798645, 18.463405]}, "properties": {"depth": 10.5}}, {"type": "Feature", "geometry": {"type": "Point", "coordinates": [73.79883, 18.463472]}, "properties": {"depth": 10.75}}, {"type": "Feature", "geometry": {"type": "Point", "coordinates": [73.798424, 18.463619]}, "properties": {"depth": 10.67}}, {"type": "Feature", "geometry": {"type": "Point", "coordinates": [73.798686, 18.463686]}, "properties": {"depth": 11.09}}, {"type": "Feature", "geometry": {"type": "Point", "coordinates": [73.799004, 18.46379]}, "properties": {"depth": 10.75}}, {"type": "Feature", "geometry": {"type": "Point", "coordinates": [73.798214, 18.46381]}, "properties": {"depth": 11.36}}, {"type": "Feature", "geometry": {"type": "Point", "coordinates": [73.798024, 18.463992]}, "properties": {"depth": 11.21}}, {"type": "Feature", "geometry": {"type": "Point", "coordinates": [73.799061, 18.464046]}, "properties": {"depth": 11.5}}, {"type": "Feature", "geometry": {"type": "Point", "coordinates": [73.795974, 18.461564]}, "properties": {"depth": 9.08}}, {"type": "Feature", "geometry": {"type": "Point", "coordinates": [73.796315, 18.46191]}, "properties": {"depth": 9.2}}, {"type": "Feature", "geometry": {"type": "Point", "coordinates": [73.795887, 18.46641]}, "properties": {"depth": 4.33}}, {"type": "Feature", "geometry": {"type": "Point", "coordinates": [73.796049, 18.466591]}, "properties": {"depth": 2.7}}, {"type": "Feature", "geometry": {"type": "Point", "coordinates": [73.795775, 18.466602]}, "properties": {"depth": 4.18}}, {"type": "Feature", "geometry": {"type": "Point", "coordinates": [73.79624, 18.466868]}, "properties": {"depth": 0.28}}, {"type": "Feature", "geometry": {"type": "Point", "coordinates": [73.796594, 18.466988]}, "properties": {"depth": 2.13}}, {"type": "Feature", "geometry": {"type": "Point", "coordinates": [73.796221, 18.46704]}, "properties": {"depth": 0.28}}, {"type": "Feature", "geometry": {"type": "Point", "coordinates": [73.795898, 18.467066]}, "properties": {"depth": 1.69}}, {"type": "Feature", "geometry": {"type": "Point", "coordinates": [73.796511, 18.467253]}, "properties": {"depth": 2.15}}, {"type": "Feature", "geometry": {"type": "Point", "coordinates": [73.796801, 18.462318]}, "properties": {"depth": 8.51}}, {"type": "Feature", "geometry": {"type": "Point", "coordinates": [73.797794, 18.462367]}, "properties": {"depth": 8.88}}, {"type": "Feature", "geometry": {"type": "Point", "coordinates": [73.797545, 18.463224]}, "properties": {"depth": 9.5}}, {"type": "Feature", "geometry": {"type": "Point", "coordinates": [73.797176, 18.466936]}, "properties": {"depth": 4.27}}, {"type": "Feature", "geometry": {"type": "Point", "coordinates": [73.797081, 18.467032]}, "properties": {"depth": 2.42}}, {"type": "Feature", "geometry": {"type": "Point", "coordinates": [73.796998, 18.467392]}, "properties": {"depth": 0.56}}, {"type": "Feature", "geometry": {"type": "Point", "coordinates": [73.797262, 18.467403]}, "properties": {"depth": 2.13}}, {"type": "Feature", "geometry": {"type": "Point", "coordinates": [73.797494, 18.467453]}, "properties": {"depth": 3.43}}, {"type": "Feature", "geometry": {"type": "Point", "coordinates": [73.799128, 18.464942]}, "properties": {"depth": 12.68}}, {"type": "Feature", "geometry": {"type": "Point", "coordinates": [73.796953, 18.467464]}, "properties": {"depth": 0.56}}, {"type": "Feature", "geometry": {"type": "Point", "coordinates": [73.797792, 18.467485]}, "properties": {"depth": 2.92}}, {"type": "Feature", "geometry": {"type": "Point", "coordinates": [73.796853, 18.467546]}, "properties": {"depth": 0.56}}, {"type": "Feature", "geometry": {"type": "Point", "coordinates": [73.797716, 18.467687]}, "properties": {"depth": 2.34}}, {"type": "Feature", "geometry": {"type": "Point", "coordinates": [73.797161, 18.467707]}, "properties": {"depth": 1.68}}, {"type": "Feature", "geometry": {"type": "Point", "coordinates": [73.79742, 18.467727]}, "properties": {"depth": 2.18}}, {"type": "Feature", "geometry": {"type": "Point", "coordinates": [73.797664, 18.46785]}, "properties": {"depth": 2.34}}, {"type": "Feature", "geometry": {"type": "Point", "coordinates": [73.788791, 18.465509]}, "properties": {"depth": 0.66}}, {"type": "Feature", "geometry": {"type": "Point", "coordinates": [73.789026, 18.465562]}, "properties": {"depth": 0.66}}, {"type": "Feature", "geometry": {"type": "Point", "coordinates": [73.789344, 18.465658]}, "properties": {"depth": 0.69}}, {"type": "Feature", "geometry": {"type": "Point", "coordinates": [73.792468, 18.46609]}, "properties": {"depth": 2.27}}, {"type": "Feature", "geometry": {"type": "Point", "coordinates": [73.792302, 18.466216]}, "properties": {"depth": 1.83}}, {"type": "Feature", "geometry": {"type": "Point", "coordinates": [73.792206, 18.466376]}, "properties": {"depth": 0.98}}, {"type": "Feature", "geometry": {"type": "Point", "coordinates": [73.792435, 18.46642]}, "properties": {"depth": 1.9}}, {"type": "Feature", "geometry": {"type": "Point", "coordinates": [73.791679, 18.466485]}, "properties": {"depth": 3.99}}, {"type": "Feature", "geometry": {"type": "Point", "coordinates": [73.791314, 18.466491]}, "properties": {"depth": 3.18}}, {"type": "Feature", "geometry": {"type": "Point", "coordinates": [73.792363, 18.466603]}, "properties": {"depth": 0.38}}, {"type": "Feature", "geometry": {"type": "Point", "coordinates": [73.791602, 18.466714]}, "properties": {"depth": 3.1}}, {"type": "Feature", "geometry": {"type": "Point", "coordinates": [73.792823, 18.465983]}, "properties": {"depth": 1.74}}, {"type": "Feature", "geometry": {"type": "Point", "coordinates": [73.792786, 18.466177]}, "properties": {"depth": 1.74}}, {"type": "Feature", "geometry": {"type": "Point", "coordinates": [73.792754, 18.466341]}, "properties": {"depth": 1.64}}, {"type": "Feature", "geometry": {"type": "Point", "coordinates": [73.792724, 18.466488]}, "properties": {"depth": 1.64}}, {"type": "Feature", "geometry": {"type": "Point", "coordinates": [73.792693, 18.466611]}, "properties": {"depth": 1.34}}, {"type": "Feature", "geometry": {"type": "Point", "coordinates": [73.79266, 18.466735]}, "properties": {"depth": 1.34}}, {"type": "Feature", "geometry": {"type": "Point", "coordinates": [73.790988, 18.466837]}, "properties": {"depth": 1.34}}, {"type": "Feature", "geometry": {"type": "Point", "coordinates": [73.791071, 18.467073]}, "properties": {"depth": 1.34}}, {"type": "Feature", "geometry": {"type": "Point", "coordinates": [73.791144, 18.466887]}, "properties": {"depth": 1.34}}, {"type": "Feature", "geometry": {"type": "Point", "coordinates": [73.791436, 18.467069]}, "properties": {"depth": 1.45}}, {"type": "Feature", "geometry": {"type": "Point", "coordinates": [73.785265, 18.457972]}, "properties": {"depth": 2.92}}, {"type": "Feature", "geometry": {"type": "Point", "coordinates": [73.784522, 18.458471]}, "properties": {"depth": 5.54}}, {"type": "Feature", "geometry": {"type": "Point", "coordinates": [73.785331, 18.458701]}, "properties": {"depth": 1.92}}, {"type": "Feature", "geometry": {"type": "Point", "coordinates": [73.784931, 18.459441]}, "properties": {"depth": 4.88}}, {"type": "Feature", "geometry": {"type": "Point", "coordinates": [73.784739, 18.459518]}, "properties": {"depth": 5.49}}, {"type": "Feature", "geometry": {"type": "Point", "coordinates": [73.784731, 18.459624]}, "properties": {"depth": 5.17}}, {"type": "Feature", "geometry": {"type": "Point", "coordinates": [73.784699, 18.45971]}, "properties": {"depth": 5.17}}, {"type": "Feature", "geometry": {"type": "Point", "coordinates": [73.78469, 18.45981]}, "properties": {"depth": 5.17}}, {"type": "Feature", "geometry": {"type": "Point", "coordinates": [73.787238, 18.458472]}, "properties": {"depth": 0.41}}, {"type": "Feature", "geometry": {"type": "Point", "coordinates": [73.786951, 18.458776]}, "properties": {"depth": 0.11}}, {"type": "Feature", "geometry": {"type": "Point", "coordinates": [73.788088, 18.458856]}, "properties": {"depth": 2.45}}, {"type": "Feature", "geometry": {"type": "Point", "coordinates": [73.786912, 18.458894]}, "properties": {"depth": 0.11}}, {"type": "Feature", "geometry": {"type": "Point", "coordinates": [73.787227, 18.459018]}, "properties": {"depth": 2.2}}, {"type": "Feature", "geometry": {"type": "Point", "coordinates": [73.787481, 18.459021]}, "properties": {"depth": 2.27}}, {"type": "Feature", "geometry": {"type": "Point", "coordinates": [73.784642, 18.459909]}, "properties": {"depth": 3.06}}, {"type": "Feature", "geometry": {"type": "Point", "coordinates": [73.784617, 18.460001]}, "properties": {"depth": 3.06}}, {"type": "Feature", "geometry": {"type": "Point", "coordinates": [73.784586, 18.460104]}, "properties": {"depth": 3.06}}, {"type": "Feature", "geometry": {"type": "Point", "coordinates": [73.784625, 18.460264]}, "properties": {"depth": 6.07}}, {"type": "Feature", "geometry": {"type": "Point", "coordinates": [73.784612, 18.460335]}, "properties": {"depth": 6.07}}, {"type": "Feature", "geometry": {"type": "Point", "coordinates": [73.784548, 18.460612]}, "properties": {"depth": 6.75}}, {"type": "Feature", "geometry": {"type": "Point", "coordinates": [73.785475, 18.460739]}, "properties": {"depth": 6.81}}, {"type": "Feature", "geometry": {"type": "Point", "coordinates": [73.785617, 18.460838]}, "properties": {"depth": 6.81}}, {"type": "Feature", "geometry": {"type": "Point", "coordinates": [73.784558, 18.460838]}, "properties": {"depth": 7.24}}, {"type": "Feature", "geometry": {"type": "Point", "coordinates": [73.786433, 18.458352]}, "properties": {"depth": 6.3}}, {"type": "Feature", "geometry": {"type": "Point", "coordinates": [73.786012, 18.458822]}, "properties": {"depth": 2.58}}, {"type": "Feature", "geometry": {"type": "Point", "coordinates": [73.786346, 18.460198]}, "properties": {"depth": 3.98}}, {"type": "Feature", "geometry": {"type": "Point", "coordinates": [73.786289, 18.460443]}, "properties": {"depth": 6.18}}, {"type": "Feature", "geometry": {"type": "Point", "coordinates": [73.785713, 18.460847]}, "properties": {"depth": 7.07}}, {"type": "Feature", "geometry": {"type": "Point", "coordinates": [73.786207, 18.460895]}, "properties": {"depth": 5.54}}, {"type": "Feature", "geometry": {"type": "Point", "coordinates": [73.785855, 18.460997]}, "properties": {"depth": 8.4}}, {"type": "Feature", "geometry": {"type": "Point", "coordinates": [73.786615, 18.46377]}, "properties": {"depth": 2.77}}, {"type": "Feature", "geometry": {"type": "Point", "coordinates": [73.785076, 18.460882]}, "properties": {"depth": 6.83}}, {"type": "Feature", "geometry": {"type": "Point", "coordinates": [73.784875, 18.46089]}, "properties": {"depth": 6.83}}, {"type": "Feature", "geometry": {"type": "Point", "coordinates": [73.785369, 18.46092]}, "properties": {"depth": 6.5}}, {"type": "Feature", "geometry": {"type": "Point", "coordinates": [73.784793, 18.460992]}, "properties": {"depth": 8.32}}, {"type": "Feature", "geometry": {"type": "Point", "coordinates": [73.784517, 18.461017]}, "properties": {"depth": 8.07}}, {"type": "Feature", "geometry": {"type": "Point", "coordinates": [73.784929, 18.461032]}, "properties": {"depth": 8.08}}, {"type": "Feature", "geometry": {"type": "Point", "coordinates": [73.784783, 18.461061]}, "properties": {"depth": 8.32}}, {"type": "Feature", "geometry": {"type": "Point", "coordinates": [73.784509, 18.461117]}, "properties": {"depth": 8.07}}, {"type": "Feature", "geometry": {"type": "Point", "coordinates": [73.784957, 18.461162]}, "properties": {"depth": 8.08}}, {"type": "Feature", "geometry": {"type": "Point", "coordinates": [73.784735, 18.46128]}, "properties": {"depth": 6.41}}, {"type": "Feature", "geometry": {"type": "Point", "coordinates": [73.784578, 18.461302]}, "properties": {"depth": 7.19}}, {"type": "Feature", "geometry": {"type": "Point", "coordinates": [73.784808, 18.461331]}, "properties": {"depth": 6.41}}, {"type": "Feature", "geometry": {"type": "Point", "coordinates": [73.784526, 18.461404]}, "properties": {"depth": 7.19}}, {"type": "Feature", "geometry": {"type": "Point", "coordinates": [73.784627, 18.461429]}, "properties": {"depth": 6.41}}, {"type": "Feature", "geometry": {"type": "Point", "coordinates": [73.784691, 18.461443]}, "properties": {"depth": 6.41}}, {"type": "Feature", "geometry": {"type": "Point", "coordinates": [73.784521, 18.461516]}, "properties": {"depth": 7.19}}, {"type": "Feature", "geometry": {"type": "Point", "coordinates": [73.78465, 18.461538]}, "properties": {"depth": 7.27}}, {"type": "Feature", "geometry": {"type": "Point", "coordinates": [73.784681, 18.4616]}, "properties": {"depth": 7.27}}, {"type": "Feature", "geometry": {"type": "Point", "coordinates": [73.784589, 18.46165]}, "properties": {"depth": 7.27}}, {"type": "Feature", "geometry": {"type": "Point", "coordinates": [73.785404, 18.461664]}, "properties": {"depth": 4.67}}, {"type": "Feature", "geometry": {"type": "Point", "coordinates": [73.787077, 18.459074]}, "properties": {"depth": 2.2}}, {"type": "Feature", "geometry": {"type": "Point", "coordinates": [73.787428, 18.459188]}, "properties": {"depth": 3.91}}, {"type": "Feature", "geometry": {"type": "Point", "coordinates": [73.787032, 18.459251]}, "properties": {"depth": 2.2}}, {"type": "Feature", "geometry": {"type": "Point", "coordinates": [73.787649, 18.460369]}, "properties": {"depth": 7.3}}, {"type": "Feature", "geometry": {"type": "Point", "coordinates": [73.787832, 18.460678]}, "properties": {"depth": 8.4}}, {"type": "Feature", "geometry": {"type": "Point", "coordinates": [73.787774, 18.461138]}, "properties": {"depth": 9.51}}, {"type": "Feature", "geometry": {"type": "Point", "coordinates": [73.787826, 18.464455]}, "properties": {"depth": 5.83}}, {"type": "Feature", "geometry": {"type": "Point", "coordinates": [73.787485, 18.464704]}, "properties": {"depth": 3.0}}, {"type": "Feature", "geometry": {"type": "Point", "coordinates": [73.787946, 18.464758]}, "properties": {"depth": 6.51}}, {"type": "Feature", "geometry": {"type": "Point", "coordinates": [73.787544, 18.46486]}, "properties": {"depth": 3.0}}, {"type": "Feature", "geometry": {"type": "Point", "coordinates": [73.785079, 18.461723]}, "properties": {"depth": 6.86}}, {"type": "Feature", "geometry": {"type": "Point", "coordinates": [73.784643, 18.461723]}, "properties": {"depth": 7.27}}, {"type": "Feature", "geometry": {"type": "Point", "coordinates": [73.784756, 18.461781]}, "properties": {"depth": 7.27}}, {"type": "Feature", "geometry": {"type": "Point", "coordinates": [73.785582, 18.461811]}, "properties": {"depth": 8.62}}, {"type": "Feature", "geometry": {"type": "Point", "coordinates": [73.785077, 18.462096]}, "properties": {"depth": 0.2}}, {"type": "Feature", "geometry": {"type": "Point", "coordinates": [73.784668, 18.463957]}, "properties": {"depth": 2.03}}, {"type": "Feature", "geometry": {"type": "Point", "coordinates": [73.784849, 18.464252]}, "properties": {"depth": 3.01}}, {"type": "Feature", "geometry": {"type": "Point", "coordinates": [73.785029, 18.464315]}, "properties": {"depth": 5.3}}, {"type": "Feature", "geometry": {"type": "Point", "coordinates": [73.785434, 18.464335]}, "properties": {"depth": 4.65}}, {"type": "Feature", "geometry": {"type": "Point", "coordinates": [73.786624, 18.464056]}, "properties": {"depth": 3.56}}, {"type": "Feature", "geometry": {"type": "Point", "coordinates": [73.786243, 18.464153]}, "properties": {"depth": 6.17}}, {"type": "Feature", "geometry": {"type": "Point", "coordinates": [73.786551, 18.464251]}, "properties": {"depth": 3.56}}, {"type": "Feature", "geometry": {"type": "Point", "coordinates": [73.786729, 18.464266]}, "properties": {"depth": 3.56}}, {"type": "Feature", "geometry": {"type": "Point", "coordinates": [73.786294, 18.464357]}, "properties": {"depth": 3.67}}, {"type": "Feature", "geometry": {"type": "Point", "coordinates": [73.785885, 18.464358]}, "properties": {"depth": 1.68}}, {"type": "Feature", "geometry": {"type": "Point", "coordinates": [73.786561, 18.464374]}, "properties": {"depth": 4.29}}, {"type": "Feature", "geometry": {"type": "Point", "coordinates": [73.786373, 18.464507]}, "properties": {"depth": 3.67}}, {"type": "Feature", "geometry": {"type": "Point", "coordinates": [73.786102, 18.464533]}, "properties": {"depth": 3.82}}, {"type": "Feature", "geometry": {"type": "Point", "coordinates": [73.786582, 18.464593]}, "properties": {"depth": 5.89}}, {"type": "Feature", "geometry": {"type": "Point", "coordinates": [73.784815, 18.464413]}, "properties": {"depth": 2.84}}, {"type": "Feature", "geometry": {"type": "Point", "coordinates": [73.785005, 18.464458]}, "properties": {"depth": 5.3}}, {"type": "Feature", "geometry": {"type": "Point", "coordinates": [73.785176, 18.464506]}, "properties": {"depth": 5.78}}, {"type": "Feature", "geometry": {"type": "Point", "coordinates": [73.78538, 18.464531]}, "properties": {"depth": 5.78}}, {"type": "Feature", "geometry": {"type": "Point", "coordinates": [73.784778, 18.464536]}, "properties": {"depth": 2.84}}, {"type": "Feature", "geometry": {"type": "Point", "coordinates": [73.784977, 18.464555]}, "properties": {"depth": 5.3}}, {"type": "Feature", "geometry": {"type": "Point", "coordinates": [73.784748, 18.464652]}, "properties": {"depth": 2.45}}, {"type": "Feature", "geometry": {"type": "Point", "coordinates": [73.784933, 18.464712]}, "properties": {"depth": 4.79}}, {"type": "Feature", "geometry": {"type": "Point", "coordinates": [73.784718, 18.464748]}, "properties": {"depth": 2.45}}, {"type": "Feature", "geometry": {"type": "Point", "coordinates": [73.783631, 18.460587]}, "properties": {"depth": 4.03}}, {"type": "Feature", "geometry": {"type": "Point", "coordinates": [73.784164, 18.460602]}, "properties": {"depth": 6.54}}, {"type": "Feature", "geometry": {"type": "Point", "coordinates": [73.784045, 18.460601]}, "properties": {"depth": 6.54}}, {"type": "Feature", "geometry": {"type": "Point", "coordinates": [73.783768, 18.460682]}, "properties": {"depth": 6.12}}, {"type": "Feature", "geometry": {"type": "Point", "coordinates": [73.783993, 18.460687]}, "properties": {"depth": 6.12}}, {"type": "Feature", "geometry": {"type": "Point", "coordinates": [73.784132, 18.460698]}, "properties": {"depth": 5.23}}, {"type": "Feature", "geometry": {"type": "Point", "coordinates": [73.784406, 18.460709]}, "properties": {"depth": 7.24}}, {"type": "Feature", "geometry": {"type": "Point", "coordinates": [73.783572, 18.460731]}, "properties": {"depth": 4.05}}, {"type": "Feature", "geometry": {"type": "Point", "coordinates": [73.784205, 18.460804]}, "properties": {"depth": 5.23}}, {"type": "Feature", "geometry": {"type": "Point", "coordinates": [73.783978, 18.460843]}, "properties": {"depth": 5.13}}, {"type": "Feature", "geometry": {"type": "Point", "coordinates": [73.784225, 18.460912]}, "properties": {"depth": 5.23}}, {"type": "Feature", "geometry": {"type": "Point", "coordinates": [73.78397, 18.460935]}, "properties": {"depth": 5.13}}, {"type": "Feature", "geometry": {"type": "Point", "coordinates": [73.784153, 18.461106]}, "properties": {"depth": 8.57}}, {"type": "Feature", "geometry": {"type": "Point", "coordinates": [73.783784, 18.461117]}, "properties": {"depth": 6.51}}, {"type": "Feature", "geometry": {"type": "Point", "coordinates": [73.783513, 18.461119]}, "properties": {"depth": 3.87}}, {"type": "Feature", "geometry": {"type": "Point", "coordinates": [73.783603, 18.461126]}, "properties": {"depth": 3.87}}, {"type": "Feature", "geometry": {"type": "Point", "coordinates": [73.784382, 18.461142]}, "properties": {"depth": 8.07}}, {"type": "Feature", "geometry": {"type": "Point", "coordinates": [73.783852, 18.461195]}, "properties": {"depth": 6.51}}, {"type": "Feature", "geometry": {"type": "Point", "coordinates": [73.784133, 18.461204]}, "properties": {"depth": 8.57}}, {"type": "Feature", "geometry": {"type": "Point", "coordinates": [73.784269, 18.461208]}, "properties": {"depth": 8.57}}, {"type": "Feature", "geometry": {"type": "Point", "coordinates": [73.782429, 18.460169]}, "properties": {"depth": 6.82}}, {"type": "Feature", "geometry": {"type": "Point", "coordinates": [73.782298, 18.460196]}, "properties": {"depth": 8.61}}, {"type": "Feature", "geometry": {"type": "Point", "coordinates": [73.782176, 18.460306]}, "properties": {"depth": 8.61}}, {"type": "Feature", "geometry": {"type": "Point", "coordinates": [73.78236, 18.460344]}, "properties": {"depth": 8.61}}, {"type": "Feature", "geometry": {"type": "Point", "coordinates": [73.782362, 18.460444]}, "properties": {"depth": 4.46}}, {"type": "Feature", "geometry": {"type": "Point", "coordinates": [73.782214, 18.460524]}, "properties": {"depth": 5.41}}, {"type": "Feature", "geometry": {"type": "Point", "coordinates": [73.78227, 18.460533]}, "properties": {"depth": 5.41}}, {"type": "Feature", "geometry": {"type": "Point", "coordinates": [73.782164, 18.460543]}, "properties": {"depth": 5.41}}, {"type": "Feature", "geometry": {"type": "Point", "coordinates": [73.782393, 18.460588]}, "properties": {"depth": 4.46}}, {"type": "Feature", "geometry": {"type": "Point", "coordinates": [73.781526, 18.462113]}, "properties": {"depth": 4.98}}, {"type": "Feature", "geometry": {"type": "Point", "coordinates": [73.78299, 18.460623]}, "properties": {"depth": 2.18}}, {"type": "Feature", "geometry": {"type": "Point", "coordinates": [73.782645, 18.460712]}, "properties": {"depth": 3.94}}, {"type": "Feature", "geometry": {"type": "Point", "coordinates": [73.782971, 18.46073]}, "properties": {"depth": 0.36}}, {"type": "Feature", "geometry": {"type": "Point", "coordinates": [73.783063, 18.460747]}, "properties": {"depth": 0.36}}, {"type": "Feature", "geometry": {"type": "Point", "coordinates": [73.782763, 18.460754]}, "properties": {"depth": 3.94}}, {"type": "Feature", "geometry": {"type": "Point", "coordinates": [73.782468, 18.460777]}, "properties": {"depth": 6.49}}, {"type": "Feature", "geometry": {"type": "Point", "coordinates": [73.783041, 18.46085]}, "properties": {"depth": 0.36}}, {"type": "Feature", "geometry": {"type": "Point", "coordinates": [73.783365, 18.460893]}, "properties": {"depth": 0.97}}, {"type": "Feature", "geometry": {"type": "Point", "coordinates": [73.783187, 18.46092]}, "properties": {"depth": 0.36}}, {"type": "Feature", "geometry": {"type": "Point", "coordinates": [73.782535, 18.462618]}, "properties": {"depth": 8.79}}, {"type": "Feature", "geometry": {"type": "Point", "coordinates": [73.784123, 18.461259]}, "properties": {"depth": 6.13}}, {"type": "Feature", "geometry": {"type": "Point", "coordinates": [73.784213, 18.461302]}, "properties": {"depth": 6.13}}, {"type": "Feature", "geometry": {"type": "Point", "coordinates": [73.784294, 18.461307]}, "properties": {"depth": 6.13}}, {"type": "Feature", "geometry": {"type": "Point", "coordinates": [73.784116, 18.461314]}, "properties": {"depth": 6.13}}, {"type": "Feature", "geometry": {"type": "Point", "coordinates": [73.783954, 18.461401]}, "properties": {"depth": 8.27}}, {"type": "Feature", "geometry": {"type": "Point", "coordinates": [73.7842, 18.461434]}, "properties": {"depth": 6.13}}, {"type": "Feature", "geometry": {"type": "Point", "coordinates": [73.784037, 18.461446]}, "properties": {"depth": 6.13}}, {"type": "Feature", "geometry": {"type": "Point", "coordinates": [73.784119, 18.461591]}, "properties": {"depth": 11.68}}, {"type": "Feature", "geometry": {"type": "Point", "coordinates": [73.784327, 18.461858]}, "properties": {"depth": 0.2}}, {"type": "Feature", "geometry": {"type": "Point", "coordinates": [73.783806, 18.463173]}, "properties": {"depth": 10.96}}, {"type": "Feature", "geometry": {"type": "Point", "coordinates": [73.781718, 18.462346]}, "properties": {"depth": 3.82}}, {"type": "Feature", "geometry": {"type": "Point", "coordinates": [73.781702, 18.462385]}, "properties": {"depth": 4.46}}, {"type": "Feature", "geometry": {"type": "Point", "coordinates": [73.781851, 18.462422]}, "properties": {"depth": 5.26}}, {"type": "Feature", "geometry": {"type": "Point", "coordinates": [73.781691, 18.462433]}, "properties": {"depth": 4.46}}, {"type": "Feature", "geometry": {"type": "Point", "coordinates": [73.781692, 18.462474]}, "properties": {"depth": 4.46}}, {"type": "Feature", "geometry": {"type": "Point", "coordinates": [73.781693, 18.462512]}, "properties": {"depth": 4.46}}, {"type": "Feature", "geometry": {"type": "Point", "coordinates": [73.781779, 18.462519]}, "properties": {"depth": 4.46}}, {"type": "Feature", "geometry": {"type": "Point", "coordinates": [73.781553, 18.462527]}, "properties": {"depth": 4.46}}, {"type": "Feature", "geometry": {"type": "Point", "coordinates": [73.781691, 18.462545]}, "properties": {"depth": 4.46}}, {"type": "Feature", "geometry": {"type": "Point", "coordinates": [73.781966, 18.462589]}, "properties": {"depth": 5.26}}, {"type": "Feature", "geometry": {"type": "Point", "coordinates": [73.782108, 18.462609]}, "properties": {"depth": 5.67}}, {"type": "Feature", "geometry": {"type": "Point", "coordinates": [73.781854, 18.462625]}, "properties": {"depth": 5.26}}, {"type": "Feature", "geometry": {"type": "Point", "coordinates": [73.781674, 18.462637]}, "properties": {"depth": 4.46}}, {"type": "Feature", "geometry": {"type": "Point", "coordinates": [73.781555, 18.462647]}, "properties": {"depth": 2.74}}, {"type": "Feature", "geometry": {"type": "Point", "coordinates": [73.781741, 18.46266]}, "properties": {"depth": 2.74}}, {"type": "Feature", "geometry": {"type": "Point", "coordinates": [73.781946, 18.462695]}, "properties": {"depth": 2.45}}, {"type": "Feature", "geometry": {"type": "Point", "coordinates": [73.782191, 18.462712]}, "properties": {"depth": 3.09}}, {"type": "Feature", "geometry": {"type": "Point", "coordinates": [73.781616, 18.4628]}, "properties": {"depth": 2.74}}, {"type": "Feature", "geometry": {"type": "Point", "coordinates": [73.782123, 18.462822]}, "properties": {"depth": 3.09}}, {"type": "Feature", "geometry": {"type": "Point", "coordinates": [73.782354, 18.462847]}, "properties": {"depth": 3.09}}, {"type": "Feature", "geometry": {"type": "Point", "coordinates": [73.781605, 18.462899]}, "properties": {"depth": 2.74}}, {"type": "Feature", "geometry": {"type": "Point", "coordinates": [73.782371, 18.462922]}, "properties": {"depth": 3.84}}, {"type": "Feature", "geometry": {"type": "Point", "coordinates": [73.781712, 18.462945]}, "properties": {"depth": 1.62}}, {"type": "Feature", "geometry": {"type": "Point", "coordinates": [73.781609, 18.462973]}, "properties": {"depth": 1.62}}, {"type": "Feature", "geometry": {"type": "Point", "coordinates": [73.782355, 18.462992]}, "properties": {"depth": 0.85}}, {"type": "Feature", "geometry": {"type": "Point", "coordinates": [73.782253, 18.462997]}, "properties": {"depth": 0.85}}, {"type": "Feature", "geometry": {"type": "Point", "coordinates": [73.782084, 18.463089]}, "properties": {"depth": 0.85}}, {"type": "Feature", "geometry": {"type": "Point", "coordinates": [73.78257, 18.46294]}, "properties": {"depth": 3.84}}, {"type": "Feature", "geometry": {"type": "Point", "coordinates": [73.782462, 18.462946]}, "properties": {"depth": 3.84}}, {"type": "Feature", "geometry": {"type": "Point", "coordinates": [73.78245, 18.463138]}, "properties": {"depth": 3.84}}, {"type": "Feature", "geometry": {"type": "Point", "coordinates": [73.783213, 18.463291]}, "properties": {"depth": 7.85}}, {"type": "Feature", "geometry": {"type": "Point", "coordinates": [73.782468, 18.463345]}, "properties": {"depth": 2.01}}, {"type": "Feature", "geometry": {"type": "Point", "coordinates": [73.78274, 18.463522]}, "properties": {"depth": 4.33}}, {"type": "Feature", "geometry": {"type": "Point", "coordinates": [73.78261, 18.463584]}, "properties": {"depth": 4.01}}, {"type": "Feature", "geometry": {"type": "Point", "coordinates": [73.782516, 18.463623]}, "properties": {"depth": 4.01}}, {"type": "Feature", "geometry": {"type": "Point", "coordinates": [73.78301, 18.463676]}, "properties": {"depth": 3.57}}, {"type": "Feature", "geometry": {"type": "Point", "coordinates": [73.783386, 18.463682]}, "properties": {"depth": 7.06}}, {"type": "Feature", "geometry": {"type": "Point", "coordinates": [73.782233, 18.463124]}, "properties": {"depth": 0.85}}, {"type": "Feature", "geometry": {"type": "Point", "coordinates": [73.781929, 18.463197]}, "properties": {"depth": 2.2}}, {"type": "Feature", "geometry": {"type": "Point", "coordinates": [73.782038, 18.463241]}, "properties": {"depth": 2.2}}, {"type": "Feature", "geometry": {"type": "Point", "coordinates": [73.782175, 18.463244]}, "properties": {"depth": 2.2}}, {"type": "Feature", "geometry": {"type": "Point", "coordinates": [73.782351, 18.463237]}, "properties": {"depth": 2.2}}, {"type": "Feature", "geometry": {"type": "Point", "coordinates": [73.782166, 18.463344]}, "properties": {"depth": 2.2}}, {"type": "Feature", "geometry": {"type": "Point", "coordinates": [73.782322, 18.46336]}, "properties": {"depth": 2.2}}, {"type": "Feature", "geometry": {"type": "Point", "coordinates": [73.782191, 18.463482]}, "properties": {"depth": 3.42}}, {"type": "Feature", "geometry": {"type": "Point", "coordinates": [73.78233, 18.463513]}, "properties": {"depth": 3.42}}, {"type": "Feature", "geometry": {"type": "Point", "coordinates": [73.782177, 18.463543]}, "properties": {"depth": 3.42}}, {"type": "Feature", "geometry": {"type": "Point", "coordinates": [73.784011, 18.463219]}, "properties": {"depth": 6.06}}, {"type": "Feature", "geometry": {"type": "Point", "coordinates": [73.783724, 18.463397]}, "properties": {"depth": 8.37}}, {"type": "Feature", "geometry": {"type": "Point", "coordinates": [73.783872, 18.463399]}, "properties": {"depth": 6.06}}, {"type": "Feature", "geometry": {"type": "Point", "coordinates": [73.783714, 18.463449]}, "properties": {"depth": 8.37}}, {"type": "Feature", "geometry": {"type": "Point", "coordinates": [73.783702, 18.463499]}, "properties": {"depth": 7.89}}, {"type": "Feature", "geometry": {"type": "Point", "coordinates": [73.783845, 18.463546]}, "properties": {"depth": 5.09}}, {"type": "Feature", "geometry": {"type": "Point", "coordinates": [73.783849, 18.463658]}, "properties": {"depth": 5.09}}, {"type": "Feature", "geometry": {"type": "Point", "coordinates": [73.783694, 18.463662]}, "properties": {"depth": 7.89}}, {"type": "Feature", "geometry": {"type": "Point", "coordinates": [73.783961, 18.463665]}, "properties": {"depth": 5.09}}, {"type": "Feature", "geometry": {"type": "Point", "coordinates": [73.784364, 18.463746]}, "properties": {"depth": 5.04}}, {"type": "Feature", "geometry": {"type": "Point", "coordinates": [73.782177, 18.463665]}, "properties": {"depth": 3.42}}, {"type": "Feature", "geometry": {"type": "Point", "coordinates": [73.78238, 18.46367]}, "properties": {"depth": 4.01}}, {"type": "Feature", "geometry": {"type": "Point", "coordinates": [73.781949, 18.463691]}, "properties": {"depth": 2.42}}, {"type": "Feature", "geometry": {"type": "Point", "coordinates": [73.781826, 18.463913]}, "properties": {"depth": 1.05}}, {"type": "Feature", "geometry": {"type": "Point", "coordinates": [73.782298, 18.464021]}, "properties": {"depth": 1.49}}, {"type": "Feature", "geometry": {"type": "Point", "coordinates": [73.782266, 18.464367]}, "properties": {"depth": 1.29}}, {"type": "Feature", "geometry": {"type": "Point", "coordinates": [73.78368, 18.463767]}, "properties": {"depth": 6.01}}, {"type": "Feature", "geometry": {"type": "Point", "coordinates": [73.783669, 18.463819]}, "properties": {"depth": 6.01}}, {"type": "Feature", "geometry": {"type": "Point", "coordinates": [73.783867, 18.463863]}, "properties": {"depth": 5.5}}, {"type": "Feature", "geometry": {"type": "Point", "coordinates": [73.783837, 18.463979]}, "properties": {"depth": 5.5}}, {"type": "Feature", "geometry": {"type": "Point", "coordinates": [73.783807, 18.46411]}, "properties": {"depth": 1.4}}, {"type": "Feature", "geometry": {"type": "Point", "coordinates": [73.783782, 18.46418]}, "properties": {"depth": 1.4}}, {"type": "Feature", "geometry": {"type": "Point", "coordinates": [73.783447, 18.464235]}, "properties": {"depth": 3.64}}, {"type": "Feature", "geometry": {"type": "Point", "coordinates": [73.783762, 18.46426]}, "properties": {"depth": 1.4}}, {"type": "Feature", "geometry": {"type": "Point", "coordinates": [73.783362, 18.463886]}, "properties": {"depth": 6.39}}, {"type": "Feature", "geometry": {"type": "Point", "coordinates": [73.782936, 18.464189]}, "properties": {"depth": 0.94}}, {"type": "Feature", "geometry": {"type": "Point", "coordinates": [73.783225, 18.464213]}, "properties": {"depth": 3.64}}, {"type": "Feature", "geometry": {"type": "Point", "coordinates": [73.783193, 18.46455]}, "properties": {"depth": 1.79}}, {"type": "Feature", "geometry": {"type": "Point", "coordinates": [73.783396, 18.464571]}, "properties": {"depth": 4.66}}, {"type": "Feature", "geometry": {"type": "Point", "coordinates": [73.782939, 18.464723]}, "properties": {"depth": 3.0}}, {"type": "Feature", "geometry": {"type": "Point", "coordinates": [73.783163, 18.46483]}, "properties": {"depth": 3.0}}, {"type": "Feature", "geometry": {"type": "Point", "coordinates": [73.783344, 18.464907]}, "properties": {"depth": 2.23}}, {"type": "Feature", "geometry": {"type": "Point", "coordinates": [73.783747, 18.464358]}, "properties": {"depth": 4.24}}, {"type": "Feature", "geometry": {"type": "Point", "coordinates": [73.783881, 18.464379]}, "properties": {"depth": 0.34}}, {"type": "Feature", "geometry": {"type": "Point", "coordinates": [73.783735, 18.464472]}, "properties": {"depth": 4.24}}, {"type": "Feature", "geometry": {"type": "Point", "coordinates": [73.783718, 18.464538]}, "properties": {"depth": 4.24}}, {"type": "Feature", "geometry": {"type": "Point", "coordinates": [73.783701, 18.464612]}, "properties": {"depth": 3.34}}, {"type": "Feature", "geometry": {"type": "Point", "coordinates": [73.783851, 18.464768]}, "properties": {"depth": 0.87}}, {"type": "Feature", "geometry": {"type": "Point", "coordinates": [73.783662, 18.464792]}, "properties": {"depth": 3.34}}, {"type": "Feature", "geometry": {"type": "Point", "coordinates": [73.783651, 18.464877]}, "properties": {"depth": 2.63}}, {"type": "Feature", "geometry": {"type": "Point", "coordinates": [73.78443, 18.465341]}, "properties": {"depth": 0.95}}, {"type": "Feature", "geometry": {"type": "Point", "coordinates": [73.783995, 18.465358]}, "properties": {"depth": 0.76}}, {"type": "Feature", "geometry": {"type": "Point", "coordinates": [73.783738, 18.465402]}, "properties": {"depth": 1.42}}, {"type": "Feature", "geometry": {"type": "Point", "coordinates": [73.78361, 18.464968]}, "properties": {"depth": 2.63}}, {"type": "Feature", "geometry": {"type": "Point", "coordinates": [73.783603, 18.465051]}, "properties": {"depth": 2.63}}, {"type": "Feature", "geometry": {"type": "Point", "coordinates": [73.783598, 18.465141]}, "properties": {"depth": 1.42}}, {"type": "Feature", "geometry": {"type": "Point", "coordinates": [73.783753, 18.465155]}, "properties": {"depth": 0.76}}, {"type": "Feature", "geometry": {"type": "Point", "coordinates": [73.783582, 18.465227]}, "properties": {"depth": 1.42}}, {"type": "Feature", "geometry": {"type": "Point", "coordinates": [73.783994, 18.465282]}, "properties": {"depth": 0.76}}, {"type": "Feature", "geometry": {"type": "Point", "coordinates": [73.783564, 18.465319]}, "properties": {"depth": 1.42}}, {"type": "Feature", "geometry": {"type": "Point", "coordinates": [73.784898, 18.464858]}, "properties": {"depth": 4.79}}, {"type": "Feature", "geometry": {"type": "Point", "coordinates": [73.784689, 18.464887]}, "properties": {"depth": 1.9}}, {"type": "Feature", "geometry": {"type": "Point", "coordinates": [73.784655, 18.465056]}, "properties": {"depth": 1.9}}, {"type": "Feature", "geometry": {"type": "Point", "coordinates": [73.785064, 18.465068]}, "properties": {"depth": 2.44}}, {"type": "Feature", "geometry": {"type": "Point", "coordinates": [73.784623, 18.465182]}, "properties": {"depth": 2.26}}, {"type": "Feature", "geometry": {"type": "Point", "coordinates": [73.784638, 18.465484]}, "properties": {"depth": 1.76}}, {"type": "Feature", "geometry": {"type": "Point", "coordinates": [73.785252, 18.465559]}, "properties": {"depth": 0.05}}, {"type": "Feature", "geometry": {"type": "Point", "coordinates": [73.785208, 18.465675]}, "properties": {"depth": 0.05}}, {"type": "Feature", "geometry": {"type": "Point", "coordinates": [73.787974, 18.465037]}, "properties": {"depth": 5.64}}, {"type": "Feature", "geometry": {"type": "Point", "coordinates": [73.787682, 18.46505]}, "properties": {"depth": 4.34}}, {"type": "Feature", "geometry": {"type": "Point", "coordinates": [73.785963, 18.464841]}, "properties": {"depth": 3.49}}, {"type": "Feature", "geometry": {"type": "Point", "coordinates": [73.785591, 18.464906]}, "properties": {"depth": 1.01}}, {"type": "Feature", "geometry": {"type": "Point", "coordinates": [73.786019, 18.465705]}, "properties": {"depth": 0.58}}, {"type": "Feature", "geometry": {"type": "Point", "coordinates": [73.774425, 18.460565]}, "properties": {"depth": 2.17}}, {"type": "Feature", "geometry": {"type": "Point", "coordinates": [73.773972, 18.460567]}, "properties": {"depth": 1.15}}, {"type": "Feature", "geometry": {"type": "Point", "coordinates": [73.774507, 18.460572]}, "properties": {"depth": 2.17}}, {"type": "Feature", "geometry": {"type": "Point", "coordinates": [73.774038, 18.460572]}, "properties": {"depth": 0.94}}, {"type": "Feature", "geometry": {"type": "Point", "coordinates": [73.774124, 18.460587]}, "properties": {"depth": 0.94}}, {"type": "Feature", "geometry": {"type": "Point", "coordinates": [73.774252, 18.460593]}, "properties": {"depth": 0.94}}, {"type": "Feature", "geometry": {"type": "Point", "coordinates": [73.773845, 18.460596]}, "properties": {"depth": 1.15}}, {"type": "Feature", "geometry": {"type": "Point", "coordinates": [73.774405, 18.460612]}, "properties": {"depth": 2.17}}, {"type": "Feature", "geometry": {"type": "Point", "coordinates": [73.774654, 18.460621]}, "properties": {"depth": 5.14}}, {"type": "Feature", "geometry": {"type": "Point", "coordinates": [73.77378, 18.460624]}, "properties": {"depth": 1.15}}, {"type": "Feature", "geometry": {"type": "Point", "coordinates": [73.774717, 18.460654]}, "properties": {"depth": 5.14}}, {"type": "Feature", "geometry": {"type": "Point", "coordinates": [73.773835, 18.460669]}, "properties": {"depth": 1.15}}, {"type": "Feature", "geometry": {"type": "Point", "coordinates": [73.774246, 18.460688]}, "properties": {"depth": 0.94}}, {"type": "Feature", "geometry": {"type": "Point", "coordinates": [73.774003, 18.460717]}, "properties": {"depth": 1.37}}, {"type": "Feature", "geometry": {"type": "Point", "coordinates": [73.773798, 18.460818]}, "properties": {"depth": 1.37}}, {"type": "Feature", "geometry": {"type": "Point", "coordinates": [73.775211, 18.460752]}, "properties": {"depth": 6.03}}, {"type": "Feature", "geometry": {"type": "Point", "coordinates": [73.775276, 18.460773]}, "properties": {"depth": 6.03}}, {"type": "Feature", "geometry": {"type": "Point", "coordinates": [73.775101, 18.46078]}, "properties": {"depth": 3.8}}, {"type": "Feature", "geometry": {"type": "Point", "coordinates": [73.775519, 18.460826]}, "properties": {"depth": 6.58}}, {"type": "Feature", "geometry": {"type": "Point", "coordinates": [73.775175, 18.46083]}, "properties": {"depth": 6.03}}, {"type": "Feature", "geometry": {"type": "Point", "coordinates": [73.775342, 18.460831]}, "properties": {"depth": 6.03}}, {"type": "Feature", "geometry": {"type": "Point", "coordinates": [73.775042, 18.460846]}, "properties": {"depth": 3.8}}, {"type": "Feature", "geometry": {"type": "Point", "coordinates": [73.775634, 18.46085]}, "properties": {"depth": 6.58}}, {"type": "Feature", "geometry": {"type": "Point", "coordinates": [73.775227, 18.460861]}, "properties": {"depth": 6.03}}, {"type": "Feature", "geometry": {"type": "Point", "coordinates": [73.775105, 18.460901]}, "properties": {"depth": 3.8}}, {"type": "Feature", "geometry": {"type": "Point", "coordinates": [73.77532, 18.460906]}, "properties": {"depth": 6.03}}, {"type": "Feature", "geometry": {"type": "Point", "coordinates": [73.775531, 18.460923]}, "properties": {"depth": 6.58}}, {"type": "Feature", "geometry": {"type": "Point", "coordinates": [73.775837, 18.460945]}, "properties": {"depth": 8.09}}, {"type": "Feature", "geometry": {"type": "Point", "coordinates": [73.775305, 18.460953]}, "properties": {"depth": 6.03}}, {"type": "Feature", "geometry": {"type": "Point", "coordinates": [73.775457, 18.460968]}, "properties": {"depth": 6.58}}, {"type": "Feature", "geometry": {"type": "Point", "coordinates": [73.774931, 18.460994]}, "properties": {"depth": 2.35}}, {"type": "Feature", "geometry": {"type": "Point", "coordinates": [73.775569, 18.460999]}, "properties": {"depth": 0.09}}, {"type": "Feature", "geometry": {"type": "Point", "coordinates": [73.775511, 18.461004]}, "properties": {"depth": 0.09}}, {"type": "Feature", "geometry": {"type": "Point", "coordinates": [73.775127, 18.461036]}, "properties": {"depth": 2.35}}, {"type": "Feature", "geometry": {"type": "Point", "coordinates": [73.775731, 18.461051]}, "properties": {"depth": 0.93}}, {"type": "Feature", "geometry": {"type": "Point", "coordinates": [73.775814, 18.46107]}, "properties": {"depth": 0.93}}, {"type": "Feature", "geometry": {"type": "Point", "coordinates": [73.775273, 18.461075]}, "properties": {"depth": 2.21}}, {"type": "Feature", "geometry": {"type": "Point", "coordinates": [73.775487, 18.461086]}, "properties": {"depth": 0.09}}, {"type": "Feature", "geometry": {"type": "Point", "coordinates": [73.77561, 18.461145]}, "properties": {"depth": 0.09}}, {"type": "Feature", "geometry": {"type": "Point", "coordinates": [73.775447, 18.461169]}, "properties": {"depth": 0.09}}, {"type": "Feature", "geometry": {"type": "Point", "coordinates": [73.775689, 18.461171]}, "properties": {"depth": 0.09}}, {"type": "Feature", "geometry": {"type": "Point", "coordinates": [73.775535, 18.46119]}, "properties": {"depth": 0.09}}, {"type": "Feature", "geometry": {"type": "Point", "coordinates": [73.775847, 18.461199]}, "properties": {"depth": 0.93}}, {"type": "Feature", "geometry": {"type": "Point", "coordinates": [73.776124, 18.461189]}, "properties": {"depth": 4.63}}, {"type": "Feature", "geometry": {"type": "Point", "coordinates": [73.776197, 18.461204]}, "properties": {"depth": 4.63}}, {"type": "Feature", "geometry": {"type": "Point", "coordinates": [73.776433, 18.461328]}, "properties": {"depth": 1.47}}, {"type": "Feature", "geometry": {"type": "Point", "coordinates": [73.776283, 18.461511]}, "properties": {"depth": 1.47}}, {"type": "Feature", "geometry": {"type": "Point", "coordinates": [73.776699, 18.461582]}, "properties": {"depth": 2.82}}, {"type": "Feature", "geometry": {"type": "Point", "coordinates": [73.776657, 18.461765]}, "properties": {"depth": 2.82}}, {"type": "Feature", "geometry": {"type": "Point", "coordinates": [73.775945, 18.461878]}, "properties": {"depth": 1.08}}, {"type": "Feature", "geometry": {"type": "Point", "coordinates": [73.775786, 18.461838]}, "properties": {"depth": 1.08}}, {"type": "Feature", "geometry": {"type": "Point", "coordinates": [73.775759, 18.461961]}, "properties": {"depth": 1.08}}, {"type": "Feature", "geometry": {"type": "Point", "coordinates": [73.775716, 18.462076]}, "properties": {"depth": 1.08}}, {"type": "Feature", "geometry": {"type": "Point", "coordinates": [73.776462, 18.461902]}, "properties": {"depth": 2.66}}, {"type": "Feature", "geometry": {"type": "Point", "coordinates": [73.776235, 18.461917]}, "properties": {"depth": 1.94}}, {"type": "Feature", "geometry": {"type": "Point", "coordinates": [73.776362, 18.461949]}, "properties": {"depth": 2.66}}, {"type": "Feature", "geometry": {"type": "Point", "coordinates": [73.776405, 18.462243]}, "properties": {"depth": 2.7}}, {"type": "Feature", "geometry": {"type": "Point", "coordinates": [73.776551, 18.462298]}, "properties": {"depth": 2.5}}, {"type": "Feature", "geometry": {"type": "Point", "coordinates": [73.776636, 18.462359]}, "properties": {"depth": 2.5}}, {"type": "Feature", "geometry": {"type": "Point", "coordinates": [73.778153, 18.462494]}, "properties": {"depth": 4.61}}, {"type": "Feature", "geometry": {"type": "Point", "coordinates": [73.777563, 18.462556]}, "properties": {"depth": 0.62}}, {"type": "Feature", "geometry": {"type": "Point", "coordinates": [73.77817, 18.46277]}, "properties": {"depth": 2.59}}, {"type": "Feature", "geometry": {"type": "Point", "coordinates": [73.777748, 18.462847]}, "properties": {"depth": 1.6}}, {"type": "Feature", "geometry": {"type": "Point", "coordinates": [73.77787, 18.463227]}, "properties": {"depth": 5.27}}, {"type": "Feature", "geometry": {"type": "Point", "coordinates": [73.778107, 18.463368]}, "properties": {"depth": 3.68}}, {"type": "Feature", "geometry": {"type": "Point", "coordinates": [73.778202, 18.463369]}, "properties": {"depth": 4.39}}, {"type": "Feature", "geometry": {"type": "Point", "coordinates": [73.778157, 18.463369]}, "properties": {"depth": 3.68}}, {"type": "Feature", "geometry": {"type": "Point", "coordinates": [73.778167, 18.463547]}, "properties": {"depth": 2.78}}, {"type": "Feature", "geometry": {"type": "Point", "coordinates": [73.778122, 18.463829]}, "properties": {"depth": 1.2}}, {"type": "Feature", "geometry": {"type": "Point", "coordinates": [73.777793, 18.463845]}, "properties": {"depth": 0.58}}, {"type": "Feature", "geometry": {"type": "Point", "coordinates": [73.777813, 18.464063]}, "properties": {"depth": 0.36}}, {"type": "Feature", "geometry": {"type": "Point", "coordinates": [73.77813, 18.46418]}, "properties": {"depth": 0.36}}, {"type": "Feature", "geometry": {"type": "Point", "coordinates": [73.777746, 18.46429]}, "properties": {"depth": 0.36}}, {"type": "Feature", "geometry": {"type": "Point", "coordinates": [73.805078, 18.465901]}, "properties": {"depth": 8.7}}, {"type": "Feature", "geometry": {"type": "Point", "coordinates": [73.805165, 18.465929]}, "properties": {"depth": 7.82}}, {"type": "Feature", "geometry": {"type": "Point", "coordinates": [73.80611, 18.466617]}, "properties": {"depth": 1.66}}, {"type": "Feature", "geometry": {"type": "Point", "coordinates": [73.806202, 18.466706]}, "properties": {"depth": 1.66}}, {"type": "Feature", "geometry": {"type": "Point", "coordinates": [73.806322, 18.466778]}, "properties": {"depth": 2.18}}, {"type": "Feature", "geometry": {"type": "Point", "coordinates": [73.805756, 18.46688]}, "properties": {"depth": 5.02}}, {"type": "Feature", "geometry": {"type": "Point", "coordinates": [73.805937, 18.467003]}, "properties": {"depth": 5.02}}, {"type": "Feature", "geometry": {"type": "Point", "coordinates": [73.807744, 18.46865]}, "properties": {"depth": 2.92}}, {"type": "Feature", "geometry": {"type": "Point", "coordinates": [73.807847, 18.468697]}, "properties": {"depth": 2.92}}, {"type": "Feature", "geometry": {"type": "Point", "coordinates": [73.807282, 18.468858]}, "properties": {"depth": 5.2}}, {"type": "Feature", "geometry": {"type": "Point", "coordinates": [73.807188, 18.468896]}, "properties": {"depth": 5.2}}, {"type": "Feature", "geometry": {"type": "Point", "coordinates": [73.807376, 18.468992]}, "properties": {"depth": 5.55}}, {"type": "Feature", "geometry": {"type": "Point", "coordinates": [73.807717, 18.469001]}, "properties": {"depth": 2.28}}, {"type": "Feature", "geometry": {"type": "Point", "coordinates": [73.807767, 18.469028]}, "properties": {"depth": 4.69}}, {"type": "Feature", "geometry": {"type": "Point", "coordinates": [73.807802, 18.469056]}, "properties": {"depth": 4.69}}, {"type": "Feature", "geometry": {"type": "Point", "coordinates": [73.807595, 18.469144]}, "properties": {"depth": 4.69}}, {"type": "Feature", "geometry": {"type": "Point", "coordinates": [73.807679, 18.469146]}, "properties": {"depth": 4.69}}, {"type": "Feature", "geometry": {"type": "Point", "coordinates": [73.80696, 18.467743]}, "properties": {"depth": 5.63}}, {"type": "Feature", "geometry": {"type": "Point", "coordinates": [73.806904, 18.467873]}, "properties": {"depth": 5.63}}, {"type": "Feature", "geometry": {"type": "Point", "coordinates": [73.805538, 18.467922]}, "properties": {"depth": 6.87}}, {"type": "Feature", "geometry": {"type": "Point", "coordinates": [73.806954, 18.468197]}, "properties": {"depth": 6.46}}, {"type": "Feature", "geometry": {"type": "Point", "coordinates": [73.806396, 18.468884]}, "properties": {"depth": 7.84}}, {"type": "Feature", "geometry": {"type": "Point", "coordinates": [73.80598, 18.469136]}, "properties": {"depth": 9.69}}, {"type": "Feature", "geometry": {"type": "Point", "coordinates": [73.806253, 18.469651]}, "properties": {"depth": 12.6}}, {"type": "Feature", "geometry": {"type": "Point", "coordinates": [73.806262, 18.473181]}, "properties": {"depth": 1.41}}, {"type": "Feature", "geometry": {"type": "Point", "coordinates": [73.806394, 18.473202]}, "properties": {"depth": 1.82}}, {"type": "Feature", "geometry": {"type": "Point", "coordinates": [73.825, 18.466058]}, "properties": {"depth": 7.65}}, {"type": "Feature", "geometry": {"type": "Point", "coordinates": [73.82512, 18.466096]}, "properties": {"depth": 7.65}}, {"type": "Feature", "geometry": {"type": "Point", "coordinates": [73.82528, 18.466182]}, "properties": {"depth": 3.95}}, {"type": "Feature", "geometry": {"type": "Point", "coordinates": [73.825376, 18.466388]}, "properties": {"depth": 8.59}}, {"type": "Feature", "geometry": {"type": "Point", "coordinates": [73.825534, 18.465973]}, "properties": {"depth": 1.87}}, {"type": "Feature", "geometry": {"type": "Point", "coordinates": [73.825493, 18.466225]}, "properties": {"depth": 1.87}}, {"type": "Feature", "geometry": {"type": "Point", "coordinates": [73.826322, 18.466507]}, "properties": {"depth": 8.37}}, {"type": "Feature", "geometry": {"type": "Point", "coordinates": [73.825689, 18.466589]}, "properties": {"depth": 16.45}}, {"type": "Feature", "geometry": {"type": "Point", "coordinates": [73.828748, 18.466892]}, "properties": {"depth": 2.91}}, {"type": "Feature", "geometry": {"type": "Point", "coordinates": [73.829335, 18.467106]}, "properties": {"depth": 5.89}}, {"type": "Feature", "geometry": {"type": "Point", "coordinates": [73.827613, 18.466727]}, "properties": {"depth": 3.53}}, {"type": "Feature", "geometry": {"type": "Point", "coordinates": [73.827832, 18.466807]}, "properties": {"depth": 9.16}}, {"type": "Feature", "geometry": {"type": "Point", "coordinates": [73.828288, 18.46683]}, "properties": {"depth": 6.36}}, {"type": "Feature", "geometry": {"type": "Point", "coordinates": [73.827796, 18.466845]}, "properties": {"depth": 9.16}}, {"type": "Feature", "geometry": {"type": "Point", "coordinates": [73.828133, 18.466875]}, "properties": {"depth": 8.23}}, {"type": "Feature", "geometry": {"type": "Point", "coordinates": [73.827784, 18.466907]}, "properties": {"depth": 9.16}}, {"type": "Feature", "geometry": {"type": "Point", "coordinates": [73.827941, 18.46693]}, "properties": {"depth": 8.23}}, {"type": "Feature", "geometry": {"type": "Point", "coordinates": [73.829519, 18.467126]}, "properties": {"depth": 5.89}}, {"type": "Feature", "geometry": {"type": "Point", "coordinates": [73.829616, 18.467128]}, "properties": {"depth": 0.65}}, {"type": "Feature", "geometry": {"type": "Point", "coordinates": [73.828793, 18.467149]}, "properties": {"depth": 7.5}}, {"type": "Feature", "geometry": {"type": "Point", "coordinates": [73.828589, 18.46717]}, "properties": {"depth": 11.03}}, {"type": "Feature", "geometry": {"type": "Point", "coordinates": [73.82949, 18.467209]}, "properties": {"depth": 5.89}}, {"type": "Feature", "geometry": {"type": "Point", "coordinates": [73.829151, 18.467248]}, "properties": {"depth": 8.36}}, {"type": "Feature", "geometry": {"type": "Point", "coordinates": [73.829245, 18.467278]}, "properties": {"depth": 8.36}}, {"type": "Feature", "geometry": {"type": "Point", "coordinates": [73.828634, 18.467307]}, "properties": {"depth": 11.03}}, {"type": "Feature", "geometry": {"type": "Point", "coordinates": [73.828716, 18.467338]}, "properties": {"depth": 11.03}}, {"type": "Feature", "geometry": {"type": "Point", "coordinates": [73.829326, 18.467358]}, "properties": {"depth": 5.89}}, {"type": "Feature", "geometry": {"type": "Point", "coordinates": [73.829419, 18.467393]}, "properties": {"depth": 11.87}}, {"type": "Feature", "geometry": {"type": "Point", "coordinates": [73.829071, 18.467475]}, "properties": {"depth": 17.58}}, {"type": "Feature", "geometry": {"type": "Point", "coordinates": [73.828537, 18.467477]}, "properties": {"depth": 19.0}}, {"type": "Feature", "geometry": {"type": "Point", "coordinates": [73.828655, 18.46752]}, "properties": {"depth": 19.0}}, {"type": "Feature", "geometry": {"type": "Point", "coordinates": [73.829026, 18.467534]}, "properties": {"depth": 17.77}}, {"type": "Feature", "geometry": {"type": "Point", "coordinates": [73.828833, 18.467549]}, "properties": {"depth": 17.77}}, {"type": "Feature", "geometry": {"type": "Point", "coordinates": [73.828951, 18.467594]}, "properties": {"depth": 17.77}}, {"type": "Feature", "geometry": {"type": "Point", "coordinates": [73.829234, 18.467618]}, "properties": {"depth": 17.58}}, {"type": "Feature", "geometry": {"type": "Point", "coordinates": [73.82972, 18.467761]}, "properties": {"depth": 18.19}}, {"type": "Feature", "geometry": {"type": "Point", "coordinates": [73.828594, 18.467756]}, "properties": {"depth": 24.9}}, {"type": "Feature", "geometry": {"type": "Point", "coordinates": [73.827004, 18.466262]}, "properties": {"depth": 6.13}}, {"type": "Feature", "geometry": {"type": "Point", "coordinates": [73.826726, 18.466397]}, "properties": {"depth": 8.15}}, {"type": "Feature", "geometry": {"type": "Point", "coordinates": [73.826809, 18.466458]}, "properties": {"depth": 6.13}}, {"type": "Feature", "geometry": {"type": "Point", "coordinates": [73.826871, 18.466488]}, "properties": {"depth": 6.13}}, {"type": "Feature", "geometry": {"type": "Point", "coordinates": [73.826491, 18.46651]}, "properties": {"depth": 8.37}}, {"type": "Feature", "geometry": {"type": "Point", "coordinates": [73.826681, 18.466524]}, "properties": {"depth": 8.15}}, {"type": "Feature", "geometry": {"type": "Point", "coordinates": [73.827332, 18.466541]}, "properties": {"depth": 8.5}}, {"type": "Feature", "geometry": {"type": "Point", "coordinates": [73.827082, 18.466579]}, "properties": {"depth": 14.29}}, {"type": "Feature", "geometry": {"type": "Point", "coordinates": [73.827303, 18.466584]}, "properties": {"depth": 8.5}}, {"type": "Feature", "geometry": {"type": "Point", "coordinates": [73.826771, 18.466587]}, "properties": {"depth": 16.25}}, {"type": "Feature", "geometry": {"type": "Point", "coordinates": [73.826877, 18.466616]}, "properties": {"depth": 14.29}}, {"type": "Feature", "geometry": {"type": "Point", "coordinates": [73.826854, 18.466695]}, "properties": {"depth": 14.29}}, {"type": "Feature", "geometry": {"type": "Point", "coordinates": [73.827033, 18.4667]}, "properties": {"depth": 14.29}}, {"type": "Feature", "geometry": {"type": "Point", "coordinates": [73.827479, 18.466627]}, "properties": {"depth": 3.53}}, {"type": "Feature", "geometry": {"type": "Point", "coordinates": [73.825129, 18.466469]}, "properties": {"depth": 11.4}}, {"type": "Feature", "geometry": {"type": "Point", "coordinates": [73.825288, 18.466514]}, "properties": {"depth": 8.59}}, {"type": "Feature", "geometry": {"type": "Point", "coordinates": [73.825386, 18.466543]}, "properties": {"depth": 16.06}}, {"type": "Feature", "geometry": {"type": "Point", "coordinates": [73.825089, 18.466568]}, "properties": {"depth": 13.8}}, {"type": "Feature", "geometry": {"type": "Point", "coordinates": [73.825262, 18.46663]}, "properties": {"depth": 16.06}}, {"type": "Feature", "geometry": {"type": "Point", "coordinates": [73.825352, 18.466662]}, "properties": {"depth": 16.06}}, {"type": "Feature", "geometry": {"type": "Point", "coordinates": [73.826491, 18.466704]}, "properties": {"depth": 16.11}}, {"type": "Feature", "geometry": {"type": "Point", "coordinates": [73.826552, 18.46671]}, "properties": {"depth": 16.25}}, {"type": "Feature", "geometry": {"type": "Point", "coordinates": [73.826622, 18.466737]}, "properties": {"depth": 16.25}}, {"type": "Feature", "geometry": {"type": "Point", "coordinates": [73.82714, 18.466759]}, "properties": {"depth": 8.5}}, {"type": "Feature", "geometry": {"type": "Point", "coordinates": [73.827013, 18.466803]}, "properties": {"depth": 14.29}}, {"type": "Feature", "geometry": {"type": "Point", "coordinates": [73.826499, 18.4668]}, "properties": {"depth": 16.11}}, {"type": "Feature", "geometry": {"type": "Point", "coordinates": [73.826724, 18.466806]}, "properties": {"depth": 18.64}}, {"type": "Feature", "geometry": {"type": "Point", "coordinates": [73.826566, 18.466813]}, "properties": {"depth": 18.64}}, {"type": "Feature", "geometry": {"type": "Point", "coordinates": [73.827083, 18.466834]}, "properties": {"depth": 19.52}}, {"type": "Feature", "geometry": {"type": "Point", "coordinates": [73.827136, 18.46686]}, "properties": {"depth": 16.5}}, {"type": "Feature", "geometry": {"type": "Point", "coordinates": [73.825543, 18.466593]}, "properties": {"depth": 16.45}}, {"type": "Feature", "geometry": {"type": "Point", "coordinates": [73.825827, 18.466629]}, "properties": {"depth": 15.79}}, {"type": "Feature", "geometry": {"type": "Point", "coordinates": [73.826412, 18.466788]}, "properties": {"depth": 16.11}}, {"type": "Feature", "geometry": {"type": "Point", "coordinates": [73.826299, 18.466802]}, "properties": {"depth": 16.11}}, {"type": "Feature", "geometry": {"type": "Point", "coordinates": [73.826203, 18.466834]}, "properties": {"depth": 19.28}}, {"type": "Feature", "geometry": {"type": "Point", "coordinates": [73.825537, 18.466843]}, "properties": {"depth": 20.06}}, {"type": "Feature", "geometry": {"type": "Point", "coordinates": [73.82607, 18.466859]}, "properties": {"depth": 19.28}}, {"type": "Feature", "geometry": {"type": "Point", "coordinates": [73.826262, 18.467069]}, "properties": {"depth": 17.82}}, {"type": "Feature", "geometry": {"type": "Point", "coordinates": [73.826133, 18.467075]}, "properties": {"depth": 19.28}}, {"type": "Feature", "geometry": {"type": "Point", "coordinates": [73.825882, 18.467162]}, "properties": {"depth": 19.9}}, {"type": "Feature", "geometry": {"type": "Point", "coordinates": [73.826643, 18.466872]}, "properties": {"depth": 18.64}}, {"type": "Feature", "geometry": {"type": "Point", "coordinates": [73.827219, 18.466891]}, "properties": {"depth": 16.5}}, {"type": "Feature", "geometry": {"type": "Point", "coordinates": [73.826747, 18.466929]}, "properties": {"depth": 18.64}}, {"type": "Feature", "geometry": {"type": "Point", "coordinates": [73.827392, 18.466991]}, "properties": {"depth": 12.55}}, {"type": "Feature", "geometry": {"type": "Point", "coordinates": [73.826915, 18.466994]}, "properties": {"depth": 19.52}}, {"type": "Feature", "geometry": {"type": "Point", "coordinates": [73.826495, 18.46705]}, "properties": {"depth": 17.82}}, {"type": "Feature", "geometry": {"type": "Point", "coordinates": [73.827052, 18.46707]}, "properties": {"depth": 19.52}}, {"type": "Feature", "geometry": {"type": "Point", "coordinates": [73.826651, 18.467103]}, "properties": {"depth": 19.69}}, {"type": "Feature", "geometry": {"type": "Point", "coordinates": [73.827242, 18.46718]}, "properties": {"depth": 20.49}}, {"type": "Feature", "geometry": {"type": "Point", "coordinates": [73.82678, 18.467215]}, "properties": {"depth": 19.69}}, {"type": "Feature", "geometry": {"type": "Point", "coordinates": [73.828384, 18.467005]}, "properties": {"depth": 6.36}}, {"type": "Feature", "geometry": {"type": "Point", "coordinates": [73.827489, 18.467078]}, "properties": {"depth": 12.55}}, {"type": "Feature", "geometry": {"type": "Point", "coordinates": [73.828453, 18.467102]}, "properties": {"depth": 16.41}}, {"type": "Feature", "geometry": {"type": "Point", "coordinates": [73.828224, 18.467121]}, "properties": {"depth": 16.41}}, {"type": "Feature", "geometry": {"type": "Point", "coordinates": [73.828054, 18.467131]}, "properties": {"depth": 17.85}}, {"type": "Feature", "geometry": {"type": "Point", "coordinates": [73.82844, 18.467167]}, "properties": {"depth": 16.41}}, {"type": "Feature", "geometry": {"type": "Point", "coordinates": [73.828205, 18.467181]}, "properties": {"depth": 16.41}}, {"type": "Feature", "geometry": {"type": "Point", "coordinates": [73.828103, 18.467184]}, "properties": {"depth": 17.85}}, {"type": "Feature", "geometry": {"type": "Point", "coordinates": [73.827775, 18.467185]}, "properties": {"depth": 18.55}}, {"type": "Feature", "geometry": {"type": "Point", "coordinates": [73.82839, 18.467227]}, "properties": {"depth": 16.41}}, {"type": "Feature", "geometry": {"type": "Point", "coordinates": [73.825069, 18.466909]}, "properties": {"depth": 16.26}}, {"type": "Feature", "geometry": {"type": "Point", "coordinates": [73.824693, 18.467177]}, "properties": {"depth": 16.99}}, {"type": "Feature", "geometry": {"type": "Point", "coordinates": [73.825273, 18.467244]}, "properties": {"depth": 20.61}}, {"type": "Feature", "geometry": {"type": "Point", "coordinates": [73.825375, 18.467267]}, "properties": {"depth": 20.61}}, {"type": "Feature", "geometry": {"type": "Point", "coordinates": [73.82488, 18.467348]}, "properties": {"depth": 19.08}}, {"type": "Feature", "geometry": {"type": "Point", "coordinates": [73.824789, 18.467362]}, "properties": {"depth": 20.25}}, {"type": "Feature", "geometry": {"type": "Point", "coordinates": [73.831282, 18.468567]}, "properties": {"depth": 22.21}}, {"type": "Feature", "geometry": {"type": "Point", "coordinates": [73.831458, 18.468601]}, "properties": {"depth": 22.21}}, {"type": "Feature", "geometry": {"type": "Point", "coordinates": [73.831158, 18.468615]}, "properties": {"depth": 19.98}}, {"type": "Feature", "geometry": {"type": "Point", "coordinates": [73.830131, 18.467115]}, "properties": {"depth": 1.05}}, {"type": "Feature", "geometry": {"type": "Point", "coordinates": [73.829855, 18.467172]}, "properties": {"depth": 0.65}}, {"type": "Feature", "geometry": {"type": "Point", "coordinates": [73.829761, 18.467864]}, "properties": {"depth": 18.19}}, {"type": "Feature", "geometry": {"type": "Point", "coordinates": [73.830487, 18.468009]}, "properties": {"depth": 17.46}}, {"type": "Feature", "geometry": {"type": "Point", "coordinates": [73.82979, 18.468184]}, "properties": {"depth": 22.96}}, {"type": "Feature", "geometry": {"type": "Point", "coordinates": [73.829994, 18.468301]}, "properties": {"depth": 23.53}}, {"type": "Feature", "geometry": {"type": "Point", "coordinates": [73.830184, 18.468335]}, "properties": {"depth": 23.85}}, {"type": "Feature", "geometry": {"type": "Point", "coordinates": [73.829855, 18.468479]}, "properties": {"depth": 24.74}}, {"type": "Feature", "geometry": {"type": "Point", "coordinates": [73.828293, 18.467707]}, "properties": {"depth": 24.86}}, {"type": "Feature", "geometry": {"type": "Point", "coordinates": [73.828448, 18.467755]}, "properties": {"depth": 24.86}}, {"type": "Feature", "geometry": {"type": "Point", "coordinates": [73.827625, 18.467808]}, "properties": {"depth": 23.28}}, {"type": "Feature", "geometry": {"type": "Point", "coordinates": [73.827862, 18.467822]}, "properties": {"depth": 24.77}}, {"type": "Feature", "geometry": {"type": "Point", "coordinates": [73.82805, 18.467832]}, "properties": {"depth": 23.59}}, {"type": "Feature", "geometry": {"type": "Point", "coordinates": [73.828277, 18.467887]}, "properties": {"depth": 24.86}}, {"type": "Feature", "geometry": {"type": "Point", "coordinates": [73.827848, 18.467917]}, "properties": {"depth": 25.93}}, {"type": "Feature", "geometry": {"type": "Point", "coordinates": [73.827608, 18.467935]}, "properties": {"depth": 27.44}}, {"type": "Feature", "geometry": {"type": "Point", "coordinates": [73.828259, 18.467968]}, "properties": {"depth": 27.72}}, {"type": "Feature", "geometry": {"type": "Point", "coordinates": [73.82843, 18.467976]}, "properties": {"depth": 27.72}}, {"type": "Feature", "geometry": {"type": "Point", "coordinates": [73.829561, 18.467837]}, "properties": {"depth": 18.03}}, {"type": "Feature", "geometry": {"type": "Point", "coordinates": [73.828724, 18.467867]}, "properties": {"depth": 24.9}}, {"type": "Feature", "geometry": {"type": "Point", "coordinates": [73.828855, 18.467884]}, "properties": {"depth": 22.62}}, {"type": "Feature", "geometry": {"type": "Point", "coordinates": [73.828669, 18.468001]}, "properties": {"depth": 26.22}}, {"type": "Feature", "geometry": {"type": "Point", "coordinates": [73.828558, 18.468021]}, "properties": {"depth": 26.22}}, {"type": "Feature", "geometry": {"type": "Point", "coordinates": [73.829181, 18.468034]}, "properties": {"depth": 22.66}}, {"type": "Feature", "geometry": {"type": "Point", "coordinates": [73.828929, 18.468123]}, "properties": {"depth": 24.51}}, {"type": "Feature", "geometry": {"type": "Point", "coordinates": [73.829622, 18.468158]}, "properties": {"depth": 22.96}}, {"type": "Feature", "geometry": {"type": "Point", "coordinates": [73.828677, 18.46819]}, "properties": {"depth": 26.22}}, {"type": "Feature", "geometry": {"type": "Point", "coordinates": [73.828554, 18.468198]}, "properties": {"depth": 26.53}}, {"type": "Feature", "geometry": {"type": "Point", "coordinates": [73.827843, 18.467977]}, "properties": {"depth": 25.93}}, {"type": "Feature", "geometry": {"type": "Point", "coordinates": [73.827841, 18.46805]}, "properties": {"depth": 25.93}}, {"type": "Feature", "geometry": {"type": "Point", "coordinates": [73.827823, 18.468165]}, "properties": {"depth": 25.93}}, {"type": "Feature", "geometry": {"type": "Point", "coordinates": [73.828421, 18.468209]}, "properties": {"depth": 26.3}}, {"type": "Feature", "geometry": {"type": "Point", "coordinates": [73.828259, 18.468222]}, "properties": {"depth": 26.3}}, {"type": "Feature", "geometry": {"type": "Point", "coordinates": [73.827571, 18.468398]}, "properties": {"depth": 27.15}}, {"type": "Feature", "geometry": {"type": "Point", "coordinates": [73.827714, 18.468412]}, "properties": {"depth": 25.93}}, {"type": "Feature", "geometry": {"type": "Point", "coordinates": [73.827884, 18.468445]}, "properties": {"depth": 25.93}}, {"type": "Feature", "geometry": {"type": "Point", "coordinates": [73.828017, 18.468455]}, "properties": {"depth": 26.75}}, {"type": "Feature", "geometry": {"type": "Point", "coordinates": [73.828151, 18.468481]}, "properties": {"depth": 26.32}}, {"type": "Feature", "geometry": {"type": "Point", "coordinates": [73.829184, 18.468206]}, "properties": {"depth": 25.52}}, {"type": "Feature", "geometry": {"type": "Point", "coordinates": [73.829509, 18.468235]}, "properties": {"depth": 25.53}}, {"type": "Feature", "geometry": {"type": "Point", "coordinates": [73.829342, 18.468284]}, "properties": {"depth": 25.53}}, {"type": "Feature", "geometry": {"type": "Point", "coordinates": [73.828951, 18.468287]}, "properties": {"depth": 27.58}}, {"type": "Feature", "geometry": {"type": "Point", "coordinates": [73.829214, 18.468352]}, "properties": {"depth": 25.52}}, {"type": "Feature", "geometry": {"type": "Point", "coordinates": [73.829333, 18.468355]}, "properties": {"depth": 25.53}}, {"type": "Feature", "geometry": {"type": "Point", "coordinates": [73.82952, 18.468402]}, "properties": {"depth": 25.53}}, {"type": "Feature", "geometry": {"type": "Point", "coordinates": [73.829661, 18.468409]}, "properties": {"depth": 23.25}}, {"type": "Feature", "geometry": {"type": "Point", "coordinates": [73.829336, 18.468436]}, "properties": {"depth": 25.53}}, {"type": "Feature", "geometry": {"type": "Point", "coordinates": [73.829223, 18.468461]}, "properties": {"depth": 25.52}}, {"type": "Feature", "geometry": {"type": "Point", "coordinates": [73.828369, 18.468512]}, "properties": {"depth": 26.42}}, {"type": "Feature", "geometry": {"type": "Point", "coordinates": [73.828527, 18.468521]}, "properties": {"depth": 26.49}}, {"type": "Feature", "geometry": {"type": "Point", "coordinates": [73.828251, 18.468524]}, "properties": {"depth": 26.42}}, {"type": "Feature", "geometry": {"type": "Point", "coordinates": [73.827521, 18.468575]}, "properties": {"depth": 30.12}}, {"type": "Feature", "geometry": {"type": "Point", "coordinates": [73.827802, 18.468605]}, "properties": {"depth": 28.52}}, {"type": "Feature", "geometry": {"type": "Point", "coordinates": [73.827681, 18.46861]}, "properties": {"depth": 28.52}}, {"type": "Feature", "geometry": {"type": "Point", "coordinates": [73.827879, 18.468615]}, "properties": {"depth": 28.52}}, {"type": "Feature", "geometry": {"type": "Point", "coordinates": [73.828015, 18.46864]}, "properties": {"depth": 26.32}}, {"type": "Feature", "geometry": {"type": "Point", "coordinates": [73.828157, 18.468657]}, "properties": {"depth": 26.32}}, {"type": "Feature", "geometry": {"type": "Point", "coordinates": [73.828291, 18.468678]}, "properties": {"depth": 26.42}}, {"type": "Feature", "geometry": {"type": "Point", "coordinates": [73.828825, 18.468501]}, "properties": {"depth": 27.74}}, {"type": "Feature", "geometry": {"type": "Point", "coordinates": [73.829353, 18.468532]}, "properties": {"depth": 27.2}}, {"type": "Feature", "geometry": {"type": "Point", "coordinates": [73.828656, 18.468542]}, "properties": {"depth": 26.49}}, {"type": "Feature", "geometry": {"type": "Point", "coordinates": [73.829573, 18.468571]}, "properties": {"depth": 27.2}}, {"type": "Feature", "geometry": {"type": "Point", "coordinates": [73.828987, 18.468594]}, "properties": {"depth": 27.74}}, {"type": "Feature", "geometry": {"type": "Point", "coordinates": [73.828758, 18.468591]}, "properties": {"depth": 27.74}}, {"type": "Feature", "geometry": {"type": "Point", "coordinates": [73.829364, 18.468628]}, "properties": {"depth": 27.2}}, {"type": "Feature", "geometry": {"type": "Point", "coordinates": [73.829253, 18.468629]}, "properties": {"depth": 29.24}}, {"type": "Feature", "geometry": {"type": "Point", "coordinates": [73.829694, 18.468645]}, "properties": {"depth": 24.74}}, {"type": "Feature", "geometry": {"type": "Point", "coordinates": [73.82956, 18.468708]}, "properties": {"depth": 27.2}}, {"type": "Feature", "geometry": {"type": "Point", "coordinates": [73.83067, 18.468506]}, "properties": {"depth": 27.27}}, {"type": "Feature", "geometry": {"type": "Point", "coordinates": [73.830018, 18.46854]}, "properties": {"depth": 26.5}}, {"type": "Feature", "geometry": {"type": "Point", "coordinates": [73.830303, 18.468548]}, "properties": {"depth": 25.5}}, {"type": "Feature", "geometry": {"type": "Point", "coordinates": [73.830326, 18.468696]}, "properties": {"depth": 25.5}}, {"type": "Feature", "geometry": {"type": "Point", "coordinates": [73.830203, 18.468715]}, "properties": {"depth": 25.5}}, {"type": "Feature", "geometry": {"type": "Point", "coordinates": [73.83066, 18.468721]}, "properties": {"depth": 27.27}}, {"type": "Feature", "geometry": {"type": "Point", "coordinates": [73.829874, 18.468743]}, "properties": {"depth": 26.5}}, {"type": "Feature", "geometry": {"type": "Point", "coordinates": [73.830051, 18.468783]}, "properties": {"depth": 28.47}}, {"type": "Feature", "geometry": {"type": "Point", "coordinates": [73.830355, 18.46889]}, "properties": {"depth": 26.7}}, {"type": "Feature", "geometry": {"type": "Point", "coordinates": [73.829901, 18.468895]}, "properties": {"depth": 28.47}}, {"type": "Feature", "geometry": {"type": "Point", "coordinates": [73.830937, 18.468619]}, "properties": {"depth": 20.77}}, {"type": "Feature", "geometry": {"type": "Point", "coordinates": [73.831461, 18.468703]}, "properties": {"depth": 22.21}}, {"type": "Feature", "geometry": {"type": "Point", "coordinates": [73.831298, 18.468705]}, "properties": {"depth": 22.21}}, {"type": "Feature", "geometry": {"type": "Point", "coordinates": [73.830974, 18.468734]}, "properties": {"depth": 19.98}}, {"type": "Feature", "geometry": {"type": "Point", "coordinates": [73.831484, 18.468803]}, "properties": {"depth": 23.34}}, {"type": "Feature", "geometry": {"type": "Point", "coordinates": [73.83131, 18.468825]}, "properties": {"depth": 23.34}}, {"type": "Feature", "geometry": {"type": "Point", "coordinates": [73.831161, 18.468876]}, "properties": {"depth": 23.91}}, {"type": "Feature", "geometry": {"type": "Point", "coordinates": [73.831013, 18.468952]}, "properties": {"depth": 23.91}}, {"type": "Feature", "geometry": {"type": "Point", "coordinates": [73.831304, 18.468987]}, "properties": {"depth": 23.34}}, {"type": "Feature", "geometry": {"type": "Point", "coordinates": [73.831153, 18.468996]}, "properties": {"depth": 23.91}}, {"type": "Feature", "geometry": {"type": "Point", "coordinates": [73.82864, 18.468738]}, "properties": {"depth": 26.49}}, {"type": "Feature", "geometry": {"type": "Point", "coordinates": [73.828866, 18.468738]}, "properties": {"depth": 27.74}}, {"type": "Feature", "geometry": {"type": "Point", "coordinates": [73.829038, 18.468774]}, "properties": {"depth": 30.79}}, {"type": "Feature", "geometry": {"type": "Point", "coordinates": [73.829376, 18.468795]}, "properties": {"depth": 30.19}}, {"type": "Feature", "geometry": {"type": "Point", "coordinates": [73.829269, 18.468798]}, "properties": {"depth": 30.79}}, {"type": "Feature", "geometry": {"type": "Point", "coordinates": [73.829695, 18.468823]}, "properties": {"depth": 29.1}}, {"type": "Feature", "geometry": {"type": "Point", "coordinates": [73.829623, 18.469004]}, "properties": {"depth": 29.1}}, {"type": "Feature", "geometry": {"type": "Point", "coordinates": [73.829335, 18.469052]}, "properties": {"depth": 29.17}}, {"type": "Feature", "geometry": {"type": "Point", "coordinates": [73.82966, 18.469109]}, "properties": {"depth": 31.61}}, {"type": "Feature", "geometry": {"type": "Point", "coordinates": [73.829596, 18.469117]}, "properties": {"depth": 31.61}}, {"type": "Feature", "geometry": {"type": "Point", "coordinates": [73.826847, 18.467216]}, "properties": {"depth": 20.91}}, {"type": "Feature", "geometry": {"type": "Point", "coordinates": [73.826449, 18.4673]}, "properties": {"depth": 21.22}}, {"type": "Feature", "geometry": {"type": "Point", "coordinates": [73.827419, 18.467309]}, "properties": {"depth": 20.53}}, {"type": "Feature", "geometry": {"type": "Point", "coordinates": [73.826731, 18.467347]}, "properties": {"depth": 19.69}}, {"type": "Feature", "geometry": {"type": "Point", "coordinates": [73.827131, 18.467441]}, "properties": {"depth": 22.75}}, {"type": "Feature", "geometry": {"type": "Point", "coordinates": [73.827197, 18.46746]}, "properties": {"depth": 22.75}}, {"type": "Feature", "geometry": {"type": "Point", "coordinates": [73.826545, 18.467468]}, "properties": {"depth": 24.38}}, {"type": "Feature", "geometry": {"type": "Point", "coordinates": [73.827276, 18.46748]}, "properties": {"depth": 22.75}}, {"type": "Feature", "geometry": {"type": "Point", "coordinates": [73.827378, 18.46754]}, "properties": {"depth": 22.73}}, {"type": "Feature", "geometry": {"type": "Point", "coordinates": [73.827148, 18.467587]}, "properties": {"depth": 22.75}}, {"type": "Feature", "geometry": {"type": "Point", "coordinates": [73.825762, 18.467235]}, "properties": {"depth": 19.9}}, {"type": "Feature", "geometry": {"type": "Point", "coordinates": [73.825485, 18.467242]}, "properties": {"depth": 20.73}}, {"type": "Feature", "geometry": {"type": "Point", "coordinates": [73.82615, 18.467246]}, "properties": {"depth": 20.1}}, {"type": "Feature", "geometry": {"type": "Point", "coordinates": [73.826048, 18.467328]}, "properties": {"depth": 20.1}}, {"type": "Feature", "geometry": {"type": "Point", "coordinates": [73.825504, 18.467377]}, "properties": {"depth": 22.71}}, {"type": "Feature", "geometry": {"type": "Point", "coordinates": [73.825562, 18.467443]}, "properties": {"depth": 22.71}}, {"type": "Feature", "geometry": {"type": "Point", "coordinates": [73.825828, 18.467547]}, "properties": {"depth": 21.97}}, {"type": "Feature", "geometry": {"type": "Point", "coordinates": [73.825474, 18.467546]}, "properties": {"depth": 22.71}}, {"type": "Feature", "geometry": {"type": "Point", "coordinates": [73.825573, 18.467573]}, "properties": {"depth": 22.71}}, {"type": "Feature", "geometry": {"type": "Point", "coordinates": [73.826029, 18.46762]}, "properties": {"depth": 25.02}}, {"type": "Feature", "geometry": {"type": "Point", "coordinates": [73.828085, 18.467231]}, "properties": {"depth": 17.85}}, {"type": "Feature", "geometry": {"type": "Point", "coordinates": [73.827917, 18.467256]}, "properties": {"depth": 17.85}}, {"type": "Feature", "geometry": {"type": "Point", "coordinates": [73.828463, 18.467303]}, "properties": {"depth": 16.41}}, {"type": "Feature", "geometry": {"type": "Point", "coordinates": [73.828037, 18.467302]}, "properties": {"depth": 17.85}}, {"type": "Feature", "geometry": {"type": "Point", "coordinates": [73.828168, 18.467343]}, "properties": {"depth": 17.85}}, {"type": "Feature", "geometry": {"type": "Point", "coordinates": [73.82754, 18.467379]}, "properties": {"depth": 22.73}}, {"type": "Feature", "geometry": {"type": "Point", "coordinates": [73.827855, 18.467553]}, "properties": {"depth": 24.58}}, {"type": "Feature", "geometry": {"type": "Point", "coordinates": [73.828069, 18.467582]}, "properties": {"depth": 23.25}}, {"type": "Feature", "geometry": {"type": "Point", "coordinates": [73.828065, 18.467664]}, "properties": {"depth": 23.59}}, {"type": "Feature", "geometry": {"type": "Point", "coordinates": [73.827482, 18.467662]}, "properties": {"depth": 23.28}}, {"type": "Feature", "geometry": {"type": "Point", "coordinates": [73.824672, 18.467401]}, "properties": {"depth": 20.25}}, {"type": "Feature", "geometry": {"type": "Point", "coordinates": [73.825077, 18.467414]}, "properties": {"depth": 19.98}}, {"type": "Feature", "geometry": {"type": "Point", "coordinates": [73.82489, 18.467508]}, "properties": {"depth": 19.98}}, {"type": "Feature", "geometry": {"type": "Point", "coordinates": [73.824902, 18.467594]}, "properties": {"depth": 19.98}}, {"type": "Feature", "geometry": {"type": "Point", "coordinates": [73.82511, 18.467681]}, "properties": {"depth": 22.29}}, {"type": "Feature", "geometry": {"type": "Point", "coordinates": [73.824875, 18.467693]}, "properties": {"depth": 22.29}}, {"type": "Feature", "geometry": {"type": "Point", "coordinates": [73.824721, 18.467698]}, "properties": {"depth": 23.45}}, {"type": "Feature", "geometry": {"type": "Point", "coordinates": [73.825383, 18.467738]}, "properties": {"depth": 23.47}}, {"type": "Feature", "geometry": {"type": "Point", "coordinates": [73.826474, 18.467586]}, "properties": {"depth": 25.29}}, {"type": "Feature", "geometry": {"type": "Point", "coordinates": [73.827277, 18.46767]}, "properties": {"depth": 24.83}}, {"type": "Feature", "geometry": {"type": "Point", "coordinates": [73.82714, 18.4677]}, "properties": {"depth": 24.83}}, {"type": "Feature", "geometry": {"type": "Point", "coordinates": [73.826551, 18.467784]}, "properties": {"depth": 24.25}}, {"type": "Feature", "geometry": {"type": "Point", "coordinates": [73.826688, 18.467785]}, "properties": {"depth": 24.25}}, {"type": "Feature", "geometry": {"type": "Point", "coordinates": [73.826808, 18.4678]}, "properties": {"depth": 25.84}}, {"type": "Feature", "geometry": {"type": "Point", "coordinates": [73.827073, 18.467802]}, "properties": {"depth": 25.84}}, {"type": "Feature", "geometry": {"type": "Point", "coordinates": [73.82691, 18.467812]}, "properties": {"depth": 25.84}}, {"type": "Feature", "geometry": {"type": "Point", "coordinates": [73.827161, 18.467868]}, "properties": {"depth": 24.83}}, {"type": "Feature", "geometry": {"type": "Point", "coordinates": [73.827047, 18.467889]}, "properties": {"depth": 25.84}}, {"type": "Feature", "geometry": {"type": "Point", "coordinates": [73.825548, 18.467712]}, "properties": {"depth": 24.62}}, {"type": "Feature", "geometry": {"type": "Point", "coordinates": [73.825823, 18.467731]}, "properties": {"depth": 22.04}}, {"type": "Feature", "geometry": {"type": "Point", "coordinates": [73.826031, 18.467744]}, "properties": {"depth": 23.67}}, {"type": "Feature", "geometry": {"type": "Point", "coordinates": [73.826269, 18.467778]}, "properties": {"depth": 25.16}}, {"type": "Feature", "geometry": {"type": "Point", "coordinates": [73.826182, 18.467789]}, "properties": {"depth": 23.67}}, {"type": "Feature", "geometry": {"type": "Point", "coordinates": [73.826034, 18.467898]}, "properties": {"depth": 23.67}}, {"type": "Feature", "geometry": {"type": "Point", "coordinates": [73.825818, 18.467904]}, "properties": {"depth": 22.04}}, {"type": "Feature", "geometry": {"type": "Point", "coordinates": [73.826252, 18.467954]}, "properties": {"depth": 26.32}}, {"type": "Feature", "geometry": {"type": "Point", "coordinates": [73.825588, 18.468141]}, "properties": {"depth": 24.35}}, {"type": "Feature", "geometry": {"type": "Point", "coordinates": [73.825813, 18.468161]}, "properties": {"depth": 25.54}}, {"type": "Feature", "geometry": {"type": "Point", "coordinates": [73.824863, 18.467778]}, "properties": {"depth": 22.29}}, {"type": "Feature", "geometry": {"type": "Point", "coordinates": [73.824804, 18.46787]}, "properties": {"depth": 23.45}}, {"type": "Feature", "geometry": {"type": "Point", "coordinates": [73.824911, 18.467877]}, "properties": {"depth": 22.29}}, {"type": "Feature", "geometry": {"type": "Point", "coordinates": [73.824692, 18.46788]}, "properties": {"depth": 23.45}}, {"type": "Feature", "geometry": {"type": "Point", "coordinates": [73.825369, 18.467894]}, "properties": {"depth": 23.47}}, {"type": "Feature", "geometry": {"type": "Point", "coordinates": [73.825412, 18.468134]}, "properties": {"depth": 23.52}}, {"type": "Feature", "geometry": {"type": "Point", "coordinates": [73.825149, 18.46814]}, "properties": {"depth": 23.52}}, {"type": "Feature", "geometry": {"type": "Point", "coordinates": [73.824764, 18.468209]}, "properties": {"depth": 26.77}}, {"type": "Feature", "geometry": {"type": "Point", "coordinates": [73.825169, 18.468467]}, "properties": {"depth": 26.83}}, {"type": "Feature", "geometry": {"type": "Point", "coordinates": [73.827307, 18.467915]}, "properties": {"depth": 24.83}}, {"type": "Feature", "geometry": {"type": "Point", "coordinates": [73.826833, 18.468017]}, "properties": {"depth": 29.36}}, {"type": "Feature", "geometry": {"type": "Point", "coordinates": [73.827203, 18.46802]}, "properties": {"depth": 29.23}}, {"type": "Feature", "geometry": {"type": "Point", "coordinates": [73.827287, 18.468028]}, "properties": {"depth": 29.23}}, {"type": "Feature", "geometry": {"type": "Point", "coordinates": [73.827423, 18.468083]}, "properties": {"depth": 27.44}}, {"type": "Feature", "geometry": {"type": "Point", "coordinates": [73.826605, 18.468128]}, "properties": {"depth": 26.46}}, {"type": "Feature", "geometry": {"type": "Point", "coordinates": [73.827124, 18.468309]}, "properties": {"depth": 26.91}}, {"type": "Feature", "geometry": {"type": "Point", "coordinates": [73.826539, 18.468321]}, "properties": {"depth": 30.74}}, {"type": "Feature", "geometry": {"type": "Point", "coordinates": [73.827347, 18.468372]}, "properties": {"depth": 26.91}}, {"type": "Feature", "geometry": {"type": "Point", "coordinates": [73.827355, 18.468555]}, "properties": {"depth": 31.76}}, {"type": "Feature", "geometry": {"type": "Point", "coordinates": [73.827081, 18.468595]}, "properties": {"depth": 33.8}}, {"type": "Feature", "geometry": {"type": "Point", "coordinates": [73.826966, 18.468775]}, "properties": {"depth": 34.86}}, {"type": "Feature", "geometry": {"type": "Point", "coordinates": [73.827342, 18.469105]}, "properties": {"depth": 33.25}}, {"type": "Feature", "geometry": {"type": "Point", "coordinates": [73.827296, 18.469198]}, "properties": {"depth": 33.25}}, {"type": "Feature", "geometry": {"type": "Point", "coordinates": [73.827296, 18.469319]}, "properties": {"depth": 34.96}}, {"type": "Feature", "geometry": {"type": "Point", "coordinates": [73.827434, 18.46955]}, "properties": {"depth": 33.61}}, {"type": "Feature", "geometry": {"type": "Point", "coordinates": [73.827259, 18.469772]}, "properties": {"depth": 30.28}}, {"type": "Feature", "geometry": {"type": "Point", "coordinates": [73.827411, 18.47008]}, "properties": {"depth": 27.47}}, {"type": "Feature", "geometry": {"type": "Point", "coordinates": [73.827283, 18.470383]}, "properties": {"depth": 35.93}}, {"type": "Feature", "geometry": {"type": "Point", "coordinates": [73.82725, 18.470641]}, "properties": {"depth": 34.77}}, {"type": "Feature", "geometry": {"type": "Point", "coordinates": [73.825982, 18.468198]}, "properties": {"depth": 27.42}}, {"type": "Feature", "geometry": {"type": "Point", "coordinates": [73.826146, 18.4682]}, "properties": {"depth": 27.42}}, {"type": "Feature", "geometry": {"type": "Point", "coordinates": [73.826317, 18.46822]}, "properties": {"depth": 30.31}}, {"type": "Feature", "geometry": {"type": "Point", "coordinates": [73.825693, 18.468574]}, "properties": {"depth": 28.98}}, {"type": "Feature", "geometry": {"type": "Point", "coordinates": [73.826104, 18.468974]}, "properties": {"depth": 34.34}}, {"type": "Feature", "geometry": {"type": "Point", "coordinates": [73.82577, 18.47042]}, "properties": {"depth": 36.31}}, {"type": "Feature", "geometry": {"type": "Point", "coordinates": [73.825474, 18.470419]}, "properties": {"depth": 34.71}}, {"type": "Feature", "geometry": {"type": "Point", "coordinates": [73.825619, 18.471283]}, "properties": {"depth": 35.23}}, {"type": "Feature", "geometry": {"type": "Point", "coordinates": [73.82635, 18.472066]}, "properties": {"depth": 31.28}}, {"type": "Feature", "geometry": {"type": "Point", "coordinates": [73.826326, 18.47226]}, "properties": {"depth": 30.58}}, {"type": "Feature", "geometry": {"type": "Point", "coordinates": [73.832284, 18.473122]}, "properties": {"depth": 4.35}}, {"type": "Feature", "geometry": {"type": "Point", "coordinates": [73.832235, 18.473559]}, "properties": {"depth": 16.34}}, {"type": "Feature", "geometry": {"type": "Point", "coordinates": [73.828504, 18.468716]}, "properties": {"depth": 26.49}}, {"type": "Feature", "geometry": {"type": "Point", "coordinates": [73.828199, 18.468892]}, "properties": {"depth": 30.37}}, {"type": "Feature", "geometry": {"type": "Point", "coordinates": [73.828482, 18.468899]}, "properties": {"depth": 32.2}}, {"type": "Feature", "geometry": {"type": "Point", "coordinates": [73.82805, 18.468931]}, "properties": {"depth": 29.4}}, {"type": "Feature", "geometry": {"type": "Point", "coordinates": [73.827649, 18.468928]}, "properties": {"depth": 31.72}}, {"type": "Feature", "geometry": {"type": "Point", "coordinates": [73.828344, 18.468979]}, "properties": {"depth": 30.37}}, {"type": "Feature", "geometry": {"type": "Point", "coordinates": [73.828173, 18.469019]}, "properties": {"depth": 29.4}}, {"type": "Feature", "geometry": {"type": "Point", "coordinates": [73.828457, 18.469041]}, "properties": {"depth": 33.08}}, {"type": "Feature", "geometry": {"type": "Point", "coordinates": [73.827605, 18.469086]}, "properties": {"depth": 28.26}}, {"type": "Feature", "geometry": {"type": "Point", "coordinates": [73.82774, 18.469172]}, "properties": {"depth": 32.32}}, {"type": "Feature", "geometry": {"type": "Point", "coordinates": [73.82806, 18.469239]}, "properties": {"depth": 31.79}}, {"type": "Feature", "geometry": {"type": "Point", "coordinates": [73.82824, 18.469246]}, "properties": {"depth": 33.08}}, {"type": "Feature", "geometry": {"type": "Point", "coordinates": [73.827479, 18.469303]}, "properties": {"depth": 28.26}}, {"type": "Feature", "geometry": {"type": "Point", "coordinates": [73.827632, 18.469314]}, "properties": {"depth": 33.61}}, {"type": "Feature", "geometry": {"type": "Point", "coordinates": [73.827753, 18.46932]}, "properties": {"depth": 31.82}}, {"type": "Feature", "geometry": {"type": "Point", "coordinates": [73.828275, 18.469387]}, "properties": {"depth": 34.02}}, {"type": "Feature", "geometry": {"type": "Point", "coordinates": [73.828499, 18.469386]}, "properties": {"depth": 34.73}}, {"type": "Feature", "geometry": {"type": "Point", "coordinates": [73.828019, 18.469387]}, "properties": {"depth": 32.18}}, {"type": "Feature", "geometry": {"type": "Point", "coordinates": [73.827911, 18.469405]}, "properties": {"depth": 31.82}}, {"type": "Feature", "geometry": {"type": "Point", "coordinates": [73.827736, 18.469662]}, "properties": {"depth": 29.66}}, {"type": "Feature", "geometry": {"type": "Point", "coordinates": [73.827929, 18.46972]}, "properties": {"depth": 31.77}}, {"type": "Feature", "geometry": {"type": "Point", "coordinates": [73.828499, 18.469752]}, "properties": {"depth": 34.89}}, {"type": "Feature", "geometry": {"type": "Point", "coordinates": [73.827483, 18.469795]}, "properties": {"depth": 30.17}}, {"type": "Feature", "geometry": {"type": "Point", "coordinates": [73.827911, 18.470088]}, "properties": {"depth": 29.81}}, {"type": "Feature", "geometry": {"type": "Point", "coordinates": [73.827882, 18.47034]}, "properties": {"depth": 29.89}}, {"type": "Feature", "geometry": {"type": "Point", "coordinates": [73.82778, 18.470619]}, "properties": {"depth": 26.93}}, {"type": "Feature", "geometry": {"type": "Point", "coordinates": [73.8276, 18.47154]}, "properties": {"depth": 29.39}}, {"type": "Feature", "geometry": {"type": "Point", "coordinates": [73.827591, 18.47187]}, "properties": {"depth": 24.99}}, {"type": "Feature", "geometry": {"type": "Point", "coordinates": [73.827668, 18.471939]}, "properties": {"depth": 23.19}}, {"type": "Feature", "geometry": {"type": "Point", "coordinates": [73.827648, 18.472035]}, "properties": {"depth": 23.19}}, {"type": "Feature", "geometry": {"type": "Point", "coordinates": [73.82951, 18.469132]}, "properties": {"depth": 29.17}}, {"type": "Feature", "geometry": {"type": "Point", "coordinates": [73.829381, 18.469166]}, "properties": {"depth": 29.17}}, {"type": "Feature", "geometry": {"type": "Point", "coordinates": [73.828523, 18.46925]}, "properties": {"depth": 34.91}}, {"type": "Feature", "geometry": {"type": "Point", "coordinates": [73.829416, 18.469322]}, "properties": {"depth": 28.29}}, {"type": "Feature", "geometry": {"type": "Point", "coordinates": [73.829574, 18.469347]}, "properties": {"depth": 28.29}}, {"type": "Feature", "geometry": {"type": "Point", "coordinates": [73.828923, 18.469371]}, "properties": {"depth": 33.53}}, {"type": "Feature", "geometry": {"type": "Point", "coordinates": [73.829446, 18.469441]}, "properties": {"depth": 28.29}}, {"type": "Feature", "geometry": {"type": "Point", "coordinates": [73.829097, 18.470146]}, "properties": {"depth": 24.36}}, {"type": "Feature", "geometry": {"type": "Point", "coordinates": [73.828622, 18.470461]}, "properties": {"depth": 33.21}}, {"type": "Feature", "geometry": {"type": "Point", "coordinates": [73.830055, 18.468898]}, "properties": {"depth": 28.47}}, {"type": "Feature", "geometry": {"type": "Point", "coordinates": [73.830855, 18.468905]}, "properties": {"depth": 24.58}}, {"type": "Feature", "geometry": {"type": "Point", "coordinates": [73.830815, 18.469342]}, "properties": {"depth": 17.62}}, {"type": "Feature", "geometry": {"type": "Point", "coordinates": [73.830346, 18.469378]}, "properties": {"depth": 25.16}}, {"type": "Feature", "geometry": {"type": "Point", "coordinates": [73.829779, 18.469415]}, "properties": {"depth": 30.41}}, {"type": "Feature", "geometry": {"type": "Point", "coordinates": [73.830522, 18.469778]}, "properties": {"depth": 24.46}}, {"type": "Feature", "geometry": {"type": "Point", "coordinates": [73.829796, 18.469838]}, "properties": {"depth": 30.98}}, {"type": "Feature", "geometry": {"type": "Point", "coordinates": [73.829979, 18.470107]}, "properties": {"depth": 22.31}}, {"type": "Feature", "geometry": {"type": "Point", "coordinates": [73.830796, 18.473242]}, "properties": {"depth": 2.01}}, {"type": "Feature", "geometry": {"type": "Point", "coordinates": [73.830816, 18.473558]}, "properties": {"depth": 12.49}}, {"type": "Feature", "geometry": {"type": "Point", "coordinates": [73.831471, 18.469053]}, "properties": {"depth": 22.15}}, {"type": "Feature", "geometry": {"type": "Point", "coordinates": [73.83116, 18.469081]}, "properties": {"depth": 21.08}}, {"type": "Feature", "geometry": {"type": "Point", "coordinates": [73.83131, 18.469096]}, "properties": {"depth": 22.15}}, {"type": "Feature", "geometry": {"type": "Point", "coordinates": [73.83187, 18.469211]}, "properties": {"depth": 16.85}}, {"type": "Feature", "geometry": {"type": "Point", "coordinates": [73.831725, 18.469239]}, "properties": {"depth": 17.9}}, {"type": "Feature", "geometry": {"type": "Point", "coordinates": [73.831203, 18.469237]}, "properties": {"depth": 21.08}}, {"type": "Feature", "geometry": {"type": "Point", "coordinates": [73.83148, 18.469316]}, "properties": {"depth": 22.1}}, {"type": "Feature", "geometry": {"type": "Point", "coordinates": [73.831194, 18.469464]}, "properties": {"depth": 16.35}}, {"type": "Feature", "geometry": {"type": "Point", "coordinates": [73.832109, 18.47322]}, "properties": {"depth": 11.7}}, {"type": "Feature", "geometry": {"type": "Point", "coordinates": [73.831813, 18.473427]}, "properties": {"depth": 8.67}}, {"type": "Feature", "geometry": {"type": "Point", "coordinates": [73.827454, 18.47204]}, "properties": {"depth": 24.99}}, {"type": "Feature", "geometry": {"type": "Point", "coordinates": [73.828173, 18.472792]}, "properties": {"depth": 1.73}}, {"type": "Feature", "geometry": {"type": "Point", "coordinates": [73.827599, 18.473405]}, "properties": {"depth": 7.91}}, {"type": "Feature", "geometry": {"type": "Point", "coordinates": [73.827698, 18.47345]}, "properties": {"depth": 1.89}}, {"type": "Feature", "geometry": {"type": "Point", "coordinates": [73.827622, 18.473872]}, "properties": {"depth": 9.47}}, {"type": "Feature", "geometry": {"type": "Point", "coordinates": [73.828101, 18.473954]}, "properties": {"depth": 4.27}}, {"type": "Feature", "geometry": {"type": "Point", "coordinates": [73.827881, 18.473955]}, "properties": {"depth": 7.68}}, {"type": "Feature", "geometry": {"type": "Point", "coordinates": [73.828035, 18.47399]}, "properties": {"depth": 4.27}}, {"type": "Feature", "geometry": {"type": "Point", "coordinates": [73.827486, 18.473989]}, "properties": {"depth": 9.47}}, {"type": "Feature", "geometry": {"type": "Point", "coordinates": [73.832196, 18.473434]}, "properties": {"depth": 11.7}}, {"type": "Feature", "geometry": {"type": "Point", "coordinates": [73.831054, 18.473668]}, "properties": {"depth": 14.45}}, {"type": "Feature", "geometry": {"type": "Point", "coordinates": [73.831484, 18.473708]}, "properties": {"depth": 8.36}}, {"type": "Feature", "geometry": {"type": "Point", "coordinates": [73.831965, 18.473789]}, "properties": {"depth": 13.86}}, {"type": "Feature", "geometry": {"type": "Point", "coordinates": [73.83107, 18.473785]}, "properties": {"depth": 19.62}}, {"type": "Feature", "geometry": {"type": "Point", "coordinates": [73.831732, 18.473817]}, "properties": {"depth": 10.49}}, {"type": "Feature", "geometry": {"type": "Point", "coordinates": [73.830905, 18.474129]}, "properties": {"depth": 18.77}}, {"type": "Feature", "geometry": {"type": "Point", "coordinates": [73.83135, 18.474152]}, "properties": {"depth": 10.22}}, {"type": "Feature", "geometry": {"type": "Point", "coordinates": [73.830954, 18.474305]}, "properties": {"depth": 18.77}}, {"type": "Feature", "geometry": {"type": "Point", "coordinates": [73.831847, 18.474478]}, "properties": {"depth": 19.14}}, {"type": "Feature", "geometry": {"type": "Point", "coordinates": [73.830842, 18.473676]}, "properties": {"depth": 12.49}}, {"type": "Feature", "geometry": {"type": "Point", "coordinates": [73.830844, 18.473759]}, "properties": {"depth": 18.31}}, {"type": "Feature", "geometry": {"type": "Point", "coordinates": [73.830137, 18.473926]}, "properties": {"depth": 13.08}}, {"type": "Feature", "geometry": {"type": "Point", "coordinates": [73.830882, 18.473937]}, "properties": {"depth": 18.31}}, {"type": "Feature", "geometry": {"type": "Point", "coordinates": [73.830495, 18.473976]}, "properties": {"depth": 16.41}}, {"type": "Feature", "geometry": {"type": "Point", "coordinates": [73.830651, 18.474185]}, "properties": {"depth": 20.37}}, {"type": "Feature", "geometry": {"type": "Point", "coordinates": [73.83052, 18.474335]}, "properties": {"depth": 21.84}}, {"type": "Feature", "geometry": {"type": "Point", "coordinates": [73.830445, 18.474569]}, "properties": {"depth": 21.84}}, {"type": "Feature", "geometry": {"type": "Point", "coordinates": [73.830547, 18.474624]}, "properties": {"depth": 23.49}}, {"type": "Feature", "geometry": {"type": "Point", "coordinates": [73.830458, 18.474662]}, "properties": {"depth": 23.49}}, {"type": "Feature", "geometry": {"type": "Point", "coordinates": [73.827572, 18.474009]}, "properties": {"depth": 9.47}}, {"type": "Feature", "geometry": {"type": "Point", "coordinates": [73.827921, 18.474032]}, "properties": {"depth": 13.49}}, {"type": "Feature", "geometry": {"type": "Point", "coordinates": [73.82778, 18.474123]}, "properties": {"depth": 14.73}}, {"type": "Feature", "geometry": {"type": "Point", "coordinates": [73.828446, 18.47419]}, "properties": {"depth": 14.38}}, {"type": "Feature", "geometry": {"type": "Point", "coordinates": [73.828412, 18.474303]}, "properties": {"depth": 14.38}}, {"type": "Feature", "geometry": {"type": "Point", "coordinates": [73.828385, 18.474367]}, "properties": {"depth": 21.15}}, {"type": "Feature", "geometry": {"type": "Point", "coordinates": [73.828276, 18.474538]}, "properties": {"depth": 21.15}}, {"type": "Feature", "geometry": {"type": "Point", "coordinates": [73.828431, 18.474566]}, "properties": {"depth": 21.15}}, {"type": "Feature", "geometry": {"type": "Point", "coordinates": [73.828243, 18.474601]}, "properties": {"depth": 24.18}}, {"type": "Feature", "geometry": {"type": "Point", "coordinates": [73.827626, 18.474645]}, "properties": {"depth": 26.86}}, {"type": "Feature", "geometry": {"type": "Point", "coordinates": [73.82661, 18.471429]}, "properties": {"depth": 35.28}}, {"type": "Feature", "geometry": {"type": "Point", "coordinates": [73.826564, 18.471508]}, "properties": {"depth": 35.28}}, {"type": "Feature", "geometry": {"type": "Point", "coordinates": [73.827416, 18.471536]}, "properties": {"depth": 29.39}}, {"type": "Feature", "geometry": {"type": "Point", "coordinates": [73.827242, 18.471574]}, "properties": {"depth": 30.31}}, {"type": "Feature", "geometry": {"type": "Point", "coordinates": [73.826622, 18.471741]}, "properties": {"depth": 30.07}}, {"type": "Feature", "geometry": {"type": "Point", "coordinates": [73.827201, 18.471812]}, "properties": {"depth": 28.86}}, {"type": "Feature", "geometry": {"type": "Point", "coordinates": [73.827148, 18.471832]}, "properties": {"depth": 28.86}}, {"type": "Feature", "geometry": {"type": "Point", "coordinates": [73.82707, 18.471879]}, "properties": {"depth": 30.26}}, {"type": "Feature", "geometry": {"type": "Point", "coordinates": [73.827001, 18.471909]}, "properties": {"depth": 30.26}}, {"type": "Feature", "geometry": {"type": "Point", "coordinates": [73.827253, 18.471974]}, "properties": {"depth": 28.86}}, {"type": "Feature", "geometry": {"type": "Point", "coordinates": [73.827298, 18.471978]}, "properties": {"depth": 28.86}}, {"type": "Feature", "geometry": {"type": "Point", "coordinates": [73.826424, 18.471999]}, "properties": {"depth": 31.28}}, {"type": "Feature", "geometry": {"type": "Point", "coordinates": [73.826636, 18.472005]}, "properties": {"depth": 30.2}}, {"type": "Feature", "geometry": {"type": "Point", "coordinates": [73.826508, 18.472026]}, "properties": {"depth": 31.28}}, {"type": "Feature", "geometry": {"type": "Point", "coordinates": [73.827405, 18.472033]}, "properties": {"depth": 24.99}}, {"type": "Feature", "geometry": {"type": "Point", "coordinates": [73.827322, 18.47208]}, "properties": {"depth": 28.86}}, {"type": "Feature", "geometry": {"type": "Point", "coordinates": [73.826545, 18.472234]}, "properties": {"depth": 29.4}}, {"type": "Feature", "geometry": {"type": "Point", "coordinates": [73.826974, 18.472279]}, "properties": {"depth": 27.83}}, {"type": "Feature", "geometry": {"type": "Point", "coordinates": [73.826856, 18.472306]}, "properties": {"depth": 27.83}}, {"type": "Feature", "geometry": {"type": "Point", "coordinates": [73.827068, 18.472342]}, "properties": {"depth": 27.83}}, {"type": "Feature", "geometry": {"type": "Point", "coordinates": [73.826975, 18.472365]}, "properties": {"depth": 26.38}}, {"type": "Feature", "geometry": {"type": "Point", "coordinates": [73.827273, 18.472382]}, "properties": {"depth": 22.6}}, {"type": "Feature", "geometry": {"type": "Point", "coordinates": [73.827248, 18.472443]}, "properties": {"depth": 22.6}}, {"type": "Feature", "geometry": {"type": "Point", "coordinates": [73.827302, 18.472514]}, "properties": {"depth": 22.6}}, {"type": "Feature", "geometry": {"type": "Point", "coordinates": [73.827185, 18.472545]}, "properties": {"depth": 22.6}}, {"type": "Feature", "geometry": {"type": "Point", "coordinates": [73.826934, 18.472544]}, "properties": {"depth": 26.38}}, {"type": "Feature", "geometry": {"type": "Point", "coordinates": [73.827363, 18.472558]}, "properties": {"depth": 18.52}}, {"type": "Feature", "geometry": {"type": "Point", "coordinates": [73.827233, 18.472573]}, "properties": {"depth": 22.6}}, {"type": "Feature", "geometry": {"type": "Point", "coordinates": [73.826693, 18.472596]}, "properties": {"depth": 27.49}}, {"type": "Feature", "geometry": {"type": "Point", "coordinates": [73.826642, 18.472603]}, "properties": {"depth": 27.49}}, {"type": "Feature", "geometry": {"type": "Point", "coordinates": [73.826432, 18.472651]}, "properties": {"depth": 27.15}}, {"type": "Feature", "geometry": {"type": "Point", "coordinates": [73.827307, 18.472706]}, "properties": {"depth": 19.54}}, {"type": "Feature", "geometry": {"type": "Point", "coordinates": [73.826498, 18.472747]}, "properties": {"depth": 27.15}}, {"type": "Feature", "geometry": {"type": "Point", "coordinates": [73.82729, 18.472787]}, "properties": {"depth": 19.54}}, {"type": "Feature", "geometry": {"type": "Point", "coordinates": [73.826644, 18.472809]}, "properties": {"depth": 25.36}}, {"type": "Feature", "geometry": {"type": "Point", "coordinates": [73.82652, 18.472822]}, "properties": {"depth": 27.15}}, {"type": "Feature", "geometry": {"type": "Point", "coordinates": [73.827021, 18.472875]}, "properties": {"depth": 24.22}}, {"type": "Feature", "geometry": {"type": "Point", "coordinates": [73.82643, 18.472932]}, "properties": {"depth": 26.26}}, {"type": "Feature", "geometry": {"type": "Point", "coordinates": [73.826983, 18.472999]}, "properties": {"depth": 20.58}}, {"type": "Feature", "geometry": {"type": "Point", "coordinates": [73.827055, 18.473023]}, "properties": {"depth": 20.58}}, {"type": "Feature", "geometry": {"type": "Point", "coordinates": [73.826268, 18.472527]}, "properties": {"depth": 28.83}}, {"type": "Feature", "geometry": {"type": "Point", "coordinates": [73.826085, 18.472676]}, "properties": {"depth": 28.84}}, {"type": "Feature", "geometry": {"type": "Point", "coordinates": [73.826192, 18.472681]}, "properties": {"depth": 28.84}}, {"type": "Feature", "geometry": {"type": "Point", "coordinates": [73.826138, 18.472681]}, "properties": {"depth": 28.84}}, {"type": "Feature", "geometry": {"type": "Point", "coordinates": [73.826199, 18.472724]}, "properties": {"depth": 28.84}}, {"type": "Feature", "geometry": {"type": "Point", "coordinates": [73.826153, 18.472727]}, "properties": {"depth": 28.84}}, {"type": "Feature", "geometry": {"type": "Point", "coordinates": [73.826246, 18.472765]}, "properties": {"depth": 28.84}}, {"type": "Feature", "geometry": {"type": "Point", "coordinates": [73.826051, 18.472891]}, "properties": {"depth": 28.84}}, {"type": "Feature", "geometry": {"type": "Point", "coordinates": [73.826347, 18.473097]}, "properties": {"depth": 26.26}}, {"type": "Feature", "geometry": {"type": "Point", "coordinates": [73.82606, 18.473311]}, "properties": {"depth": 28.56}}, {"type": "Feature", "geometry": {"type": "Point", "coordinates": [73.826866, 18.47303]}, "properties": {"depth": 20.58}}, {"type": "Feature", "geometry": {"type": "Point", "coordinates": [73.826525, 18.473034]}, "properties": {"depth": 26.26}}, {"type": "Feature", "geometry": {"type": "Point", "coordinates": [73.826651, 18.473036]}, "properties": {"depth": 23.94}}, {"type": "Feature", "geometry": {"type": "Point", "coordinates": [73.826751, 18.473047]}, "properties": {"depth": 23.94}}, {"type": "Feature", "geometry": {"type": "Point", "coordinates": [73.826434, 18.473074]}, "properties": {"depth": 26.26}}, {"type": "Feature", "geometry": {"type": "Point", "coordinates": [73.827224, 18.473235]}, "properties": {"depth": 12.81}}, {"type": "Feature", "geometry": {"type": "Point", "coordinates": [73.827281, 18.47324]}, "properties": {"depth": 12.81}}, {"type": "Feature", "geometry": {"type": "Point", "coordinates": [73.827108, 18.473257]}, "properties": {"depth": 12.81}}, {"type": "Feature", "geometry": {"type": "Point", "coordinates": [73.827288, 18.473293]}, "properties": {"depth": 12.81}}, {"type": "Feature", "geometry": {"type": "Point", "coordinates": [73.827249, 18.473294]}, "properties": {"depth": 12.81}}, {"type": "Feature", "geometry": {"type": "Point", "coordinates": [73.827104, 18.473308]}, "properties": {"depth": 12.81}}, {"type": "Feature", "geometry": {"type": "Point", "coordinates": [73.827025, 18.473322]}, "properties": {"depth": 17.05}}, {"type": "Feature", "geometry": {"type": "Point", "coordinates": [73.827289, 18.473381]}, "properties": {"depth": 12.81}}, {"type": "Feature", "geometry": {"type": "Point", "coordinates": [73.827228, 18.473384]}, "properties": {"depth": 12.81}}, {"type": "Feature", "geometry": {"type": "Point", "coordinates": [73.827009, 18.473412]}, "properties": {"depth": 17.05}}, {"type": "Feature", "geometry": {"type": "Point", "coordinates": [73.827314, 18.47347]}, "properties": {"depth": 12.81}}, {"type": "Feature", "geometry": {"type": "Point", "coordinates": [73.826659, 18.473467]}, "properties": {"depth": 22.04}}, {"type": "Feature", "geometry": {"type": "Point", "coordinates": [73.826766, 18.473478]}, "properties": {"depth": 20.92}}, {"type": "Feature", "geometry": {"type": "Point", "coordinates": [73.82732, 18.473515]}, "properties": {"depth": 13.84}}, {"type": "Feature", "geometry": {"type": "Point", "coordinates": [73.826496, 18.473515]}, "properties": {"depth": 24.23}}, {"type": "Feature", "geometry": {"type": "Point", "coordinates": [73.826737, 18.473576]}, "properties": {"depth": 20.92}}, {"type": "Feature", "geometry": {"type": "Point", "coordinates": [73.826685, 18.473578]}, "properties": {"depth": 20.92}}, {"type": "Feature", "geometry": {"type": "Point", "coordinates": [73.826522, 18.473674]}, "properties": {"depth": 24.23}}, {"type": "Feature", "geometry": {"type": "Point", "coordinates": [73.826659, 18.473696]}, "properties": {"depth": 20.92}}, {"type": "Feature", "geometry": {"type": "Point", "coordinates": [73.826493, 18.473801]}, "properties": {"depth": 24.2}}, {"type": "Feature", "geometry": {"type": "Point", "coordinates": [73.827065, 18.473881]}, "properties": {"depth": 19.9}}, {"type": "Feature", "geometry": {"type": "Point", "coordinates": [73.826988, 18.473881]}, "properties": {"depth": 19.9}}, {"type": "Feature", "geometry": {"type": "Point", "coordinates": [73.827399, 18.474026]}, "properties": {"depth": 9.47}}, {"type": "Feature", "geometry": {"type": "Point", "coordinates": [73.826806, 18.474052]}, "properties": {"depth": 21.3}}, {"type": "Feature", "geometry": {"type": "Point", "coordinates": [73.826594, 18.474057]}, "properties": {"depth": 21.89}}, {"type": "Feature", "geometry": {"type": "Point", "coordinates": [73.826966, 18.474077]}, "properties": {"depth": 21.3}}, {"type": "Feature", "geometry": {"type": "Point", "coordinates": [73.827064, 18.474088]}, "properties": {"depth": 21.3}}, {"type": "Feature", "geometry": {"type": "Point", "coordinates": [73.827296, 18.474142]}, "properties": {"depth": 17.35}}, {"type": "Feature", "geometry": {"type": "Point", "coordinates": [73.826479, 18.474166]}, "properties": {"depth": 20.97}}, {"type": "Feature", "geometry": {"type": "Point", "coordinates": [73.826596, 18.474222]}, "properties": {"depth": 21.89}}, {"type": "Feature", "geometry": {"type": "Point", "coordinates": [73.827088, 18.474249]}, "properties": {"depth": 17.35}}, {"type": "Feature", "geometry": {"type": "Point", "coordinates": [73.82653, 18.474391]}, "properties": {"depth": 19.27}}, {"type": "Feature", "geometry": {"type": "Point", "coordinates": [73.827268, 18.474509]}, "properties": {"depth": 20.98}}, {"type": "Feature", "geometry": {"type": "Point", "coordinates": [73.826507, 18.474519]}, "properties": {"depth": 24.95}}, {"type": "Feature", "geometry": {"type": "Point", "coordinates": [73.826746, 18.474525]}, "properties": {"depth": 19.27}}, {"type": "Feature", "geometry": {"type": "Point", "coordinates": [73.827384, 18.474542]}, "properties": {"depth": 22.06}}, {"type": "Feature", "geometry": {"type": "Point", "coordinates": [73.827004, 18.474578]}, "properties": {"depth": 21.39}}, {"type": "Feature", "geometry": {"type": "Point", "coordinates": [73.827251, 18.474594]}, "properties": {"depth": 24.89}}, {"type": "Feature", "geometry": {"type": "Point", "coordinates": [73.82722, 18.474755]}, "properties": {"depth": 24.89}}, {"type": "Feature", "geometry": {"type": "Point", "coordinates": [73.827358, 18.474771]}, "properties": {"depth": 24.89}}, {"type": "Feature", "geometry": {"type": "Point", "coordinates": [73.826863, 18.474819]}, "properties": {"depth": 22.31}}, {"type": "Feature", "geometry": {"type": "Point", "coordinates": [73.827047, 18.474848]}, "properties": {"depth": 22.31}}, {"type": "Feature", "geometry": {"type": "Point", "coordinates": [73.826396, 18.475739]}, "properties": {"depth": 28.03}}, {"type": "Feature", "geometry": {"type": "Point", "coordinates": [73.826373, 18.475913]}, "properties": {"depth": 28.03}}, {"type": "Feature", "geometry": {"type": "Point", "coordinates": [73.826371, 18.476034]}, "properties": {"depth": 29.2}}, {"type": "Feature", "geometry": {"type": "Point", "coordinates": [73.824694, 18.471255]}, "properties": {"depth": 24.74}}, {"type": "Feature", "geometry": {"type": "Point", "coordinates": [73.824888, 18.471447]}, "properties": {"depth": 32.78}}, {"type": "Feature", "geometry": {"type": "Point", "coordinates": [73.824659, 18.471511]}, "properties": {"depth": 24.74}}, {"type": "Feature", "geometry": {"type": "Point", "coordinates": [73.824997, 18.471574]}, "properties": {"depth": 32.07}}, {"type": "Feature", "geometry": {"type": "Point", "coordinates": [73.824886, 18.47204]}, "properties": {"depth": 32.68}}, {"type": "Feature", "geometry": {"type": "Point", "coordinates": [73.824703, 18.4724]}, "properties": {"depth": 29.83}}, {"type": "Feature", "geometry": {"type": "Point", "coordinates": [73.824648, 18.472543]}, "properties": {"depth": 29.83}}, {"type": "Feature", "geometry": {"type": "Point", "coordinates": [73.824631, 18.472659]}, "properties": {"depth": 28.02}}, {"type": "Feature", "geometry": {"type": "Point", "coordinates": [73.824593, 18.473056]}, "properties": {"depth": 30.55}}, {"type": "Feature", "geometry": {"type": "Point", "coordinates": [73.824586, 18.474136]}, "properties": {"depth": 28.62}}, {"type": "Feature", "geometry": {"type": "Point", "coordinates": [73.824651, 18.474561]}, "properties": {"depth": 22.62}}, {"type": "Feature", "geometry": {"type": "Point", "coordinates": [73.80827, 18.467423]}, "properties": {"depth": 0.12}}, {"type": "Feature", "geometry": {"type": "Point", "coordinates": [73.808444, 18.467665]}, "properties": {"depth": 0.44}}, {"type": "Feature", "geometry": {"type": "Point", "coordinates": [73.808178, 18.467745]}, "properties": {"depth": 2.18}}, {"type": "Feature", "geometry": {"type": "Point", "coordinates": [73.808405, 18.46775]}, "properties": {"depth": 0.44}}, {"type": "Feature", "geometry": {"type": "Point", "coordinates": [73.808131, 18.467991]}, "properties": {"depth": 2.64}}, {"type": "Feature", "geometry": {"type": "Point", "coordinates": [73.807682, 18.46817]}, "properties": {"depth": 3.88}}, {"type": "Feature", "geometry": {"type": "Point", "coordinates": [73.807627, 18.468406]}, "properties": {"depth": 5.05}}, {"type": "Feature", "geometry": {"type": "Point", "coordinates": [73.807579, 18.468493]}, "properties": {"depth": 4.12}}, {"type": "Feature", "geometry": {"type": "Point", "coordinates": [73.807978, 18.468539]}, "properties": {"depth": 2.08}}, {"type": "Feature", "geometry": {"type": "Point", "coordinates": [73.810466, 18.469874]}, "properties": {"depth": 0.04}}, {"type": "Feature", "geometry": {"type": "Point", "coordinates": [73.810441, 18.470671]}, "properties": {"depth": 1.89}}, {"type": "Feature", "geometry": {"type": "Point", "coordinates": [73.809835, 18.470847]}, "properties": {"depth": 5.66}}, {"type": "Feature", "geometry": {"type": "Point", "coordinates": [73.809879, 18.47092]}, "properties": {"depth": 4.69}}, {"type": "Feature", "geometry": {"type": "Point", "coordinates": [73.80896, 18.468658]}, "properties": {"depth": 0.24}}, {"type": "Feature", "geometry": {"type": "Point", "coordinates": [73.809465, 18.468876]}, "properties": {"depth": 0.02}}, {"type": "Feature", "geometry": {"type": "Point", "coordinates": [73.80885, 18.469751]}, "properties": {"depth": 3.57}}, {"type": "Feature", "geometry": {"type": "Point", "coordinates": [73.808759, 18.469964]}, "properties": {"depth": 4.04}}, {"type": "Feature", "geometry": {"type": "Point", "coordinates": [73.808718, 18.47011]}, "properties": {"depth": 4.43}}, {"type": "Feature", "geometry": {"type": "Point", "coordinates": [73.808652, 18.470182]}, "properties": {"depth": 4.87}}, {"type": "Feature", "geometry": {"type": "Point", "coordinates": [73.80766, 18.469487]}, "properties": {"depth": 4.05}}, {"type": "Feature", "geometry": {"type": "Point", "coordinates": [73.80784, 18.469579]}, "properties": {"depth": 4.05}}, {"type": "Feature", "geometry": {"type": "Point", "coordinates": [73.80801, 18.469671]}, "properties": {"depth": 6.87}}, {"type": "Feature", "geometry": {"type": "Point", "coordinates": [73.807549, 18.469827]}, "properties": {"depth": 7.75}}, {"type": "Feature", "geometry": {"type": "Point", "coordinates": [73.808175, 18.46988]}, "properties": {"depth": 7.57}}, {"type": "Feature", "geometry": {"type": "Point", "coordinates": [73.807682, 18.469929]}, "properties": {"depth": 7.87}}, {"type": "Feature", "geometry": {"type": "Point", "coordinates": [73.808121, 18.469961]}, "properties": {"depth": 7.57}}, {"type": "Feature", "geometry": {"type": "Point", "coordinates": [73.808452, 18.470768]}, "properties": {"depth": 9.35}}, {"type": "Feature", "geometry": {"type": "Point", "coordinates": [73.808205, 18.470789]}, "properties": {"depth": 9.35}}, {"type": "Feature", "geometry": {"type": "Point", "coordinates": [73.80847, 18.470864]}, "properties": {"depth": 9.35}}, {"type": "Feature", "geometry": {"type": "Point", "coordinates": [73.808832, 18.470229]}, "properties": {"depth": 5.03}}, {"type": "Feature", "geometry": {"type": "Point", "coordinates": [73.80902, 18.470356]}, "properties": {"depth": 5.03}}, {"type": "Feature", "geometry": {"type": "Point", "coordinates": [73.808839, 18.470514]}, "properties": {"depth": 6.07}}, {"type": "Feature", "geometry": {"type": "Point", "coordinates": [73.808548, 18.470779]}, "properties": {"depth": 8.24}}, {"type": "Feature", "geometry": {"type": "Point", "coordinates": [73.808749, 18.470811]}, "properties": {"depth": 8.24}}, {"type": "Feature", "geometry": {"type": "Point", "coordinates": [73.809399, 18.470918]}, "properties": {"depth": 7.04}}, {"type": "Feature", "geometry": {"type": "Point", "coordinates": [73.809576, 18.471762]}, "properties": {"depth": 3.66}}, {"type": "Feature", "geometry": {"type": "Point", "coordinates": [73.809338, 18.471922]}, "properties": {"depth": 2.12}}, {"type": "Feature", "geometry": {"type": "Point", "coordinates": [73.809627, 18.471963]}, "properties": {"depth": 0.8}}, {"type": "Feature", "geometry": {"type": "Point", "coordinates": [73.809543, 18.47218]}, "properties": {"depth": 2.87}}, {"type": "Feature", "geometry": {"type": "Point", "coordinates": [73.811294, 18.470413]}, "properties": {"depth": 0.69}}, {"type": "Feature", "geometry": {"type": "Point", "coordinates": [73.811047, 18.470486]}, "properties": {"depth": 3.86}}, {"type": "Feature", "geometry": {"type": "Point", "coordinates": [73.811391, 18.471237]}, "properties": {"depth": 2.26}}, {"type": "Feature", "geometry": {"type": "Point", "coordinates": [73.810889, 18.471248]}, "properties": {"depth": 9.37}}, {"type": "Feature", "geometry": {"type": "Point", "coordinates": [73.811069, 18.471513]}, "properties": {"depth": 2.2}}, {"type": "Feature", "geometry": {"type": "Point", "coordinates": [73.812024, 18.47237]}, "properties": {"depth": 0.15}}, {"type": "Feature", "geometry": {"type": "Point", "coordinates": [73.806514, 18.473666]}, "properties": {"depth": 0.8}}, {"type": "Feature", "geometry": {"type": "Point", "coordinates": [73.806286, 18.473687]}, "properties": {"depth": 0.8}}, {"type": "Feature", "geometry": {"type": "Point", "coordinates": [73.811782, 18.473799]}, "properties": {"depth": 2.77}}, {"type": "Feature", "geometry": {"type": "Point", "coordinates": [73.810939, 18.473853]}, "properties": {"depth": 4.05}}, {"type": "Feature", "geometry": {"type": "Point", "coordinates": [73.811552, 18.47406]}, "properties": {"depth": 0.83}}, {"type": "Feature", "geometry": {"type": "Point", "coordinates": [73.811624, 18.474214]}, "properties": {"depth": 0.83}}, {"type": "Feature", "geometry": {"type": "Point", "coordinates": [73.811729, 18.47424]}, "properties": {"depth": 0.83}}, {"type": "Feature", "geometry": {"type": "Point", "coordinates": [73.811488, 18.474283]}, "properties": {"depth": 1.79}}, {"type": "Feature", "geometry": {"type": "Point", "coordinates": [73.811373, 18.474283]}, "properties": {"depth": 1.79}}, {"type": "Feature", "geometry": {"type": "Point", "coordinates": [73.811186, 18.474295]}, "properties": {"depth": 1.75}}, {"type": "Feature", "geometry": {"type": "Point", "coordinates": [73.810947, 18.474295]}, "properties": {"depth": 4.29}}, {"type": "Feature", "geometry": {"type": "Point", "coordinates": [73.81197, 18.474303]}, "properties": {"depth": 1.66}}, {"type": "Feature", "geometry": {"type": "Point", "coordinates": [73.810102, 18.470938]}, "properties": {"depth": 4.69}}, {"type": "Feature", "geometry": {"type": "Point", "coordinates": [73.810854, 18.471335]}, "properties": {"depth": 5.79}}, {"type": "Feature", "geometry": {"type": "Point", "coordinates": [73.81051, 18.471355]}, "properties": {"depth": 9.11}}, {"type": "Feature", "geometry": {"type": "Point", "coordinates": [73.810758, 18.471387]}, "properties": {"depth": 5.79}}, {"type": "Feature", "geometry": {"type": "Point", "coordinates": [73.81, 18.471794]}, "properties": {"depth": 4.12}}, {"type": "Feature", "geometry": {"type": "Point", "coordinates": [73.810067, 18.472207]}, "properties": {"depth": 1.88}}, {"type": "Feature", "geometry": {"type": "Point", "coordinates": [73.810826, 18.474953]}, "properties": {"depth": 4.18}}, {"type": "Feature", "geometry": {"type": "Point", "coordinates": [73.81071, 18.475752]}, "properties": {"depth": 10.36}}, {"type": "Feature", "geometry": {"type": "Point", "coordinates": [73.809968, 18.47764]}, "properties": {"depth": 2.68}}, {"type": "Feature", "geometry": {"type": "Point", "coordinates": [73.809835, 18.477712]}, "properties": {"depth": 0.52}}, {"type": "Feature", "geometry": {"type": "Point", "coordinates": [73.808546, 18.474523]}, "properties": {"depth": 7.73}}, {"type": "Feature", "geometry": {"type": "Point", "coordinates": [73.808796, 18.474623]}, "properties": {"depth": 8.71}}, {"type": "Feature", "geometry": {"type": "Point", "coordinates": [73.808827, 18.474777]}, "properties": {"depth": 8.71}}, {"type": "Feature", "geometry": {"type": "Point", "coordinates": [73.808515, 18.474937]}, "properties": {"depth": 3.41}}, {"type": "Feature", "geometry": {"type": "Point", "coordinates": [73.809344, 18.477141]}, "properties": {"depth": 5.03}}, {"type": "Feature", "geometry": {"type": "Point", "coordinates": [73.808823, 18.477279]}, "properties": {"depth": 3.3}}, {"type": "Feature", "geometry": {"type": "Point", "coordinates": [73.809287, 18.477293]}, "properties": {"depth": 4.17}}, {"type": "Feature", "geometry": {"type": "Point", "coordinates": [73.809642, 18.477332]}, "properties": {"depth": 5.21}}, {"type": "Feature", "geometry": {"type": "Point", "coordinates": [73.809097, 18.477342]}, "properties": {"depth": 4.17}}, {"type": "Feature", "geometry": {"type": "Point", "coordinates": [73.809496, 18.477373]}, "properties": {"depth": 2.01}}, {"type": "Feature", "geometry": {"type": "Point", "coordinates": [73.811563, 18.474521]}, "properties": {"depth": 0.49}}, {"type": "Feature", "geometry": {"type": "Point", "coordinates": [73.811014, 18.475085]}, "properties": {"depth": 6.8}}, {"type": "Feature", "geometry": {"type": "Point", "coordinates": [73.811536, 18.475157]}, "properties": {"depth": 1.85}}, {"type": "Feature", "geometry": {"type": "Point", "coordinates": [73.811225, 18.475604]}, "properties": {"depth": 7.88}}, {"type": "Feature", "geometry": {"type": "Point", "coordinates": [73.811887, 18.475984]}, "properties": {"depth": 5.67}}, {"type": "Feature", "geometry": {"type": "Point", "coordinates": [73.811818, 18.476382]}, "properties": {"depth": 7.18}}, {"type": "Feature", "geometry": {"type": "Point", "coordinates": [73.809436, 18.477403]}, "properties": {"depth": 2.01}}, {"type": "Feature", "geometry": {"type": "Point", "coordinates": [73.808467, 18.477403]}, "properties": {"depth": 0.51}}, {"type": "Feature", "geometry": {"type": "Point", "coordinates": [73.809631, 18.477432]}, "properties": {"depth": 4.25}}, {"type": "Feature", "geometry": {"type": "Point", "coordinates": [73.809337, 18.477444]}, "properties": {"depth": 2.01}}, {"type": "Feature", "geometry": {"type": "Point", "coordinates": [73.809555, 18.477457]}, "properties": {"depth": 2.01}}, {"type": "Feature", "geometry": {"type": "Point", "coordinates": [73.80925, 18.477462]}, "properties": {"depth": 0.09}}, {"type": "Feature", "geometry": {"type": "Point", "coordinates": [73.809508, 18.477481]}, "properties": {"depth": 2.01}}, {"type": "Feature", "geometry": {"type": "Point", "coordinates": [73.809161, 18.477488]}, "properties": {"depth": 0.09}}, {"type": "Feature", "geometry": {"type": "Point", "coordinates": [73.809434, 18.477509]}, "properties": {"depth": 2.01}}, {"type": "Feature", "geometry": {"type": "Point", "coordinates": [73.809372, 18.477529]}, "properties": {"depth": 2.01}}, {"type": "Feature", "geometry": {"type": "Point", "coordinates": [73.809265, 18.477567]}, "properties": {"depth": 0.09}}, {"type": "Feature", "geometry": {"type": "Point", "coordinates": [73.809159, 18.477603]}, "properties": {"depth": 0.09}}, {"type": "Feature", "geometry": {"type": "Point", "coordinates": [73.808517, 18.477608]}, "properties": {"depth": 0.95}}, {"type": "Feature", "geometry": {"type": "Point", "coordinates": [73.809071, 18.477636]}, "properties": {"depth": 0.09}}, {"type": "Feature", "geometry": {"type": "Point", "coordinates": [73.809337, 18.477718]}, "properties": {"depth": 0.53}}, {"type": "Feature", "geometry": {"type": "Point", "coordinates": [73.809686, 18.477747]}, "properties": {"depth": 0.52}}, {"type": "Feature", "geometry": {"type": "Point", "coordinates": [73.809631, 18.477808]}, "properties": {"depth": 0.52}}, {"type": "Feature", "geometry": {"type": "Point", "coordinates": [73.808014, 18.477539]}, "properties": {"depth": 0.41}}, {"type": "Feature", "geometry": {"type": "Point", "coordinates": [73.809579, 18.477841]}, "properties": {"depth": 0.53}}, {"type": "Feature", "geometry": {"type": "Point", "coordinates": [73.809514, 18.477863]}, "properties": {"depth": 0.53}}, {"type": "Feature", "geometry": {"type": "Point", "coordinates": [73.809439, 18.477893]}, "properties": {"depth": 0.53}}, {"type": "Feature", "geometry": {"type": "Point", "coordinates": [73.809703, 18.477987]}, "properties": {"depth": 0.37}}, {"type": "Feature", "geometry": {"type": "Point", "coordinates": [73.809604, 18.478014]}, "properties": {"depth": 0.37}}, {"type": "Feature", "geometry": {"type": "Point", "coordinates": [73.809783, 18.477751]}, "properties": {"depth": 0.52}}, {"type": "Feature", "geometry": {"type": "Point", "coordinates": [73.810003, 18.477806]}, "properties": {"depth": 2.68}}, {"type": "Feature", "geometry": {"type": "Point", "coordinates": [73.810111, 18.477882]}, "properties": {"depth": 2.68}}, {"type": "Feature", "geometry": {"type": "Point", "coordinates": [73.809786, 18.477916]}, "properties": {"depth": 0.52}}, {"type": "Feature", "geometry": {"type": "Point", "coordinates": [73.809962, 18.477959]}, "properties": {"depth": 1.32}}, {"type": "Feature", "geometry": {"type": "Point", "coordinates": [73.810136, 18.478028]}, "properties": {"depth": 1.32}}, {"type": "Feature", "geometry": {"type": "Point", "coordinates": [73.81005, 18.478057]}, "properties": {"depth": 1.32}}, {"type": "Feature", "geometry": {"type": "Point", "coordinates": [73.809967, 18.478093]}, "properties": {"depth": 1.32}}, {"type": "Feature", "geometry": {"type": "Point", "coordinates": [73.809832, 18.478335]}, "properties": {"depth": 1.78}}, {"type": "Feature", "geometry": {"type": "Point", "coordinates": [73.810102, 18.478396]}, "properties": {"depth": 1.77}}, {"type": "Feature", "geometry": {"type": "Point", "coordinates": [73.809347, 18.478116]}, "properties": {"depth": 0.1}}, {"type": "Feature", "geometry": {"type": "Point", "coordinates": [73.809506, 18.478287]}, "properties": {"depth": 0.49}}, {"type": "Feature", "geometry": {"type": "Point", "coordinates": [73.808184, 18.474967]}, "properties": {"depth": 4.1}}, {"type": "Feature", "geometry": {"type": "Point", "coordinates": [73.808191, 18.475139]}, "properties": {"depth": 4.5}}, {"type": "Feature", "geometry": {"type": "Point", "coordinates": [73.807816, 18.47541]}, "properties": {"depth": 3.67}}, {"type": "Feature", "geometry": {"type": "Point", "coordinates": [73.807117, 18.476041]}, "properties": {"depth": 1.61}}, {"type": "Feature", "geometry": {"type": "Point", "coordinates": [73.807383, 18.476108]}, "properties": {"depth": 2.46}}, {"type": "Feature", "geometry": {"type": "Point", "coordinates": [73.808034, 18.477124]}, "properties": {"depth": 1.61}}, {"type": "Feature", "geometry": {"type": "Point", "coordinates": [73.80819, 18.477467]}, "properties": {"depth": 0.41}}, {"type": "Feature", "geometry": {"type": "Point", "coordinates": [73.812916, 18.475567]}, "properties": {"depth": 2.62}}, {"type": "Feature", "geometry": {"type": "Point", "coordinates": [73.812896, 18.475679]}, "properties": {"depth": 2.62}}, {"type": "Feature", "geometry": {"type": "Point", "coordinates": [73.812876, 18.475893]}, "properties": {"depth": 1.95}}, {"type": "Feature", "geometry": {"type": "Point", "coordinates": [73.812635, 18.475998]}, "properties": {"depth": 3.07}}, {"type": "Feature", "geometry": {"type": "Point", "coordinates": [73.812823, 18.47603]}, "properties": {"depth": 1.46}}, {"type": "Feature", "geometry": {"type": "Point", "coordinates": [73.814001, 18.477165]}, "properties": {"depth": 0.27}}, {"type": "Feature", "geometry": {"type": "Point", "coordinates": [73.812204, 18.476031]}, "properties": {"depth": 4.4}}, {"type": "Feature", "geometry": {"type": "Point", "coordinates": [73.8122, 18.476256]}, "properties": {"depth": 6.32}}, {"type": "Feature", "geometry": {"type": "Point", "coordinates": [73.812863, 18.476259]}, "properties": {"depth": 1.83}}, {"type": "Feature", "geometry": {"type": "Point", "coordinates": [73.812591, 18.476312]}, "properties": {"depth": 2.87}}, {"type": "Feature", "geometry": {"type": "Point", "coordinates": [73.812447, 18.476362]}, "properties": {"depth": 2.87}}, {"type": "Feature", "geometry": {"type": "Point", "coordinates": [73.812812, 18.476507]}, "properties": {"depth": 1.83}}, {"type": "Feature", "geometry": {"type": "Point", "coordinates": [73.812982, 18.4771]}, "properties": {"depth": 1.26}}, {"type": "Feature", "geometry": {"type": "Point", "coordinates": [73.812215, 18.477169]}, "properties": {"depth": 10.53}}, {"type": "Feature", "geometry": {"type": "Point", "coordinates": [73.812796, 18.47748]}, "properties": {"depth": 7.3}}, {"type": "Feature", "geometry": {"type": "Point", "coordinates": [73.813441, 18.477179]}, "properties": {"depth": 2.17}}, {"type": "Feature", "geometry": {"type": "Point", "coordinates": [73.81341, 18.477351]}, "properties": {"depth": 2.17}}, {"type": "Feature", "geometry": {"type": "Point", "coordinates": [73.813921, 18.477444]}, "properties": {"depth": 1.98}}, {"type": "Feature", "geometry": {"type": "Point", "coordinates": [73.813256, 18.477582]}, "properties": {"depth": 4.18}}, {"type": "Feature", "geometry": {"type": "Point", "coordinates": [73.813871, 18.478578]}, "properties": {"depth": 11.79}}, {"type": "Feature", "geometry": {"type": "Point", "coordinates": [73.81334, 18.480479]}, "properties": {"depth": 1.37}}, {"type": "Feature", "geometry": {"type": "Point", "coordinates": [73.813401, 18.480499]}, "properties": {"depth": 1.37}}, {"type": "Feature", "geometry": {"type": "Point", "coordinates": [73.813477, 18.480611]}, "properties": {"depth": 2.63}}, {"type": "Feature", "geometry": {"type": "Point", "coordinates": [73.813644, 18.480687]}, "properties": {"depth": 2.63}}, {"type": "Feature", "geometry": {"type": "Point", "coordinates": [73.814239, 18.477361]}, "properties": {"depth": 3.02}}, {"type": "Feature", "geometry": {"type": "Point", "coordinates": [73.814236, 18.477573]}, "properties": {"depth": 3.02}}, {"type": "Feature", "geometry": {"type": "Point", "coordinates": [73.809692, 18.478329]}, "properties": {"depth": 1.78}}, {"type": "Feature", "geometry": {"type": "Point", "coordinates": [73.810224, 18.478408]}, "properties": {"depth": 0.14}}, {"type": "Feature", "geometry": {"type": "Point", "coordinates": [73.810392, 18.478449]}, "properties": {"depth": 0.14}}, {"type": "Feature", "geometry": {"type": "Point", "coordinates": [73.810454, 18.478635]}, "properties": {"depth": 2.23}}, {"type": "Feature", "geometry": {"type": "Point", "coordinates": [73.810535, 18.478639]}, "properties": {"depth": 2.23}}, {"type": "Feature", "geometry": {"type": "Point", "coordinates": [73.810653, 18.478673]}, "properties": {"depth": 2.23}}, {"type": "Feature", "geometry": {"type": "Point", "coordinates": [73.810541, 18.478772]}, "properties": {"depth": 1.2}}, {"type": "Feature", "geometry": {"type": "Point", "coordinates": [73.81044, 18.478935]}, "properties": {"depth": 1.2}}, {"type": "Feature", "geometry": {"type": "Point", "coordinates": [73.810573, 18.478969]}, "properties": {"depth": 1.2}}, {"type": "Feature", "geometry": {"type": "Point", "coordinates": [73.813057, 18.477997]}, "properties": {"depth": 7.24}}, {"type": "Feature", "geometry": {"type": "Point", "coordinates": [73.770524, 18.45555]}, "properties": {"depth": 1.89}}, {"type": "Feature", "geometry": {"type": "Point", "coordinates": [73.770826, 18.455608]}, "properties": {"depth": 4.15}}, {"type": "Feature", "geometry": {"type": "Point", "coordinates": [73.770621, 18.455619]}, "properties": {"depth": 1.89}}, {"type": "Feature", "geometry": {"type": "Point", "coordinates": [73.77054, 18.455688]}, "properties": {"depth": 1.89}}, {"type": "Feature", "geometry": {"type": "Point", "coordinates": [73.770628, 18.455702]}, "properties": {"depth": 1.51}}, {"type": "Feature", "geometry": {"type": "Point", "coordinates": [73.770742, 18.455704]}, "properties": {"depth": 3.95}}, {"type": "Feature", "geometry": {"type": "Point", "coordinates": [73.7708, 18.455742]}, "properties": {"depth": 3.95}}, {"type": "Feature", "geometry": {"type": "Point", "coordinates": [73.770548, 18.455813]}, "properties": {"depth": 1.51}}, {"type": "Feature", "geometry": {"type": "Point", "coordinates": [73.768941, 18.453033]}, "properties": {"depth": 4.38}}, {"type": "Feature", "geometry": {"type": "Point", "coordinates": [73.768734, 18.45325]}, "properties": {"depth": 2.7}}, {"type": "Feature", "geometry": {"type": "Point", "coordinates": [73.768634, 18.453267]}, "properties": {"depth": 2.7}}, {"type": "Feature", "geometry": {"type": "Point", "coordinates": [73.768673, 18.453654]}, "properties": {"depth": 1.4}}, {"type": "Feature", "geometry": {"type": "Point", "coordinates": [73.767436, 18.453633]}, "properties": {"depth": 1.79}}, {"type": "Feature", "geometry": {"type": "Point", "coordinates": [73.767596, 18.453678]}, "properties": {"depth": 1.79}}, {"type": "Feature", "geometry": {"type": "Point", "coordinates": [73.76798, 18.453703]}, "properties": {"depth": 2.93}}, {"type": "Feature", "geometry": {"type": "Point", "coordinates": [73.767796, 18.453707]}, "properties": {"depth": 3.41}}, {"type": "Feature", "geometry": {"type": "Point", "coordinates": [73.763787, 18.451091]}, "properties": {"depth": 0.89}}, {"type": "Feature", "geometry": {"type": "Point", "coordinates": [73.763851, 18.449989]}, "properties": {"depth": 2.49}}, {"type": "Feature", "geometry": {"type": "Point", "coordinates": [73.764167, 18.450007]}, "properties": {"depth": 3.67}}, {"type": "Feature", "geometry": {"type": "Point", "coordinates": [73.76391, 18.45008]}, "properties": {"depth": 2.49}}, {"type": "Feature", "geometry": {"type": "Point", "coordinates": [73.76504, 18.450123]}, "properties": {"depth": 3.98}}, {"type": "Feature", "geometry": {"type": "Point", "coordinates": [73.764832, 18.450219]}, "properties": {"depth": 1.36}}, {"type": "Feature", "geometry": {"type": "Point", "coordinates": [73.76556, 18.451765]}, "properties": {"depth": 0.24}}, {"type": "Feature", "geometry": {"type": "Point", "coordinates": [73.765779, 18.451895]}, "properties": {"depth": 0.18}}, {"type": "Feature", "geometry": {"type": "Point", "coordinates": [73.764398, 18.450262]}, "properties": {"depth": 1.4}}, {"type": "Feature", "geometry": {"type": "Point", "coordinates": [73.764274, 18.450314]}, "properties": {"depth": 2.44}}, {"type": "Feature", "geometry": {"type": "Point", "coordinates": [73.764567, 18.450339]}, "properties": {"depth": 1.4}}, {"type": "Feature", "geometry": {"type": "Point", "coordinates": [73.765057, 18.450447]}, "properties": {"depth": 0.76}}, {"type": "Feature", "geometry": {"type": "Point", "coordinates": [73.764247, 18.450523]}, "properties": {"depth": 1.91}}, {"type": "Feature", "geometry": {"type": "Point", "coordinates": [73.764306, 18.450546]}, "properties": {"depth": 1.58}}, {"type": "Feature", "geometry": {"type": "Point", "coordinates": [73.764438, 18.450603]}, "properties": {"depth": 1.58}}, {"type": "Feature", "geometry": {"type": "Point", "coordinates": [73.764346, 18.450625]}, "properties": {"depth": 1.58}}, {"type": "Feature", "geometry": {"type": "Point", "coordinates": [73.764639, 18.450664]}, "properties": {"depth": 0.41}}, {"type": "Feature", "geometry": {"type": "Point", "coordinates": [73.764512, 18.450715]}, "properties": {"depth": 2.74}}, {"type": "Feature", "geometry": {"type": "Point", "coordinates": [73.765349, 18.450749]}, "properties": {"depth": 0.09}}, {"type": "Feature", "geometry": {"type": "Point", "coordinates": [73.764601, 18.450748]}, "properties": {"depth": 1.13}}, {"type": "Feature", "geometry": {"type": "Point", "coordinates": [73.765214, 18.45076]}, "properties": {"depth": 0.09}}, {"type": "Feature", "geometry": {"type": "Point", "coordinates": [73.76478, 18.450811]}, "properties": {"depth": 1.13}}, {"type": "Feature", "geometry": {"type": "Point", "coordinates": [73.76501, 18.450911]}, "properties": {"depth": 0.96}}, {"type": "Feature", "geometry": {"type": "Point", "coordinates": [73.765095, 18.450967]}, "properties": {"depth": 0.96}}, {"type": "Feature", "geometry": {"type": "Point", "coordinates": [73.763853, 18.451008]}, "properties": {"depth": 0.89}}, {"type": "Feature", "geometry": {"type": "Point", "coordinates": [73.765818, 18.452143]}, "properties": {"depth": 0.9}}, {"type": "Feature", "geometry": {"type": "Point", "coordinates": [73.766441, 18.452252]}, "properties": {"depth": 0.87}}, {"type": "Feature", "geometry": {"type": "Point", "coordinates": [73.766259, 18.452316]}, "properties": {"depth": 0.87}}, {"type": "Feature", "geometry": {"type": "Point", "coordinates": [73.76645, 18.452382]}, "properties": {"depth": 0.36}}, {"type": "Feature", "geometry": {"type": "Point", "coordinates": [73.766482, 18.452541]}, "properties": {"depth": 0.36}}, {"type": "Feature", "geometry": {"type": "Point", "coordinates": [73.766443, 18.452695]}, "properties": {"depth": 4.14}}, {"type": "Feature", "geometry": {"type": "Point", "coordinates": [73.76612, 18.452854]}, "properties": {"depth": 1.36}}, {"type": "Feature", "geometry": {"type": "Point", "coordinates": [73.766686, 18.452866]}, "properties": {"depth": 1.36}}, {"type": "Feature", "geometry": {"type": "Point", "coordinates": [73.76649, 18.4529]}, "properties": {"depth": 4.14}}, {"type": "Feature", "geometry": {"type": "Point", "coordinates": [73.766647, 18.453004]}, "properties": {"depth": 0.07}}, {"type": "Feature", "geometry": {"type": "Point", "coordinates": [73.765202, 18.451039]}, "properties": {"depth": 1.06}}, {"type": "Feature", "geometry": {"type": "Point", "coordinates": [73.765239, 18.452128]}, "properties": {"depth": 3.74}}, {"type": "Feature", "geometry": {"type": "Point", "coordinates": [73.765203, 18.452296]}, "properties": {"depth": 3.74}}, {"type": "Feature", "geometry": {"type": "Point", "coordinates": [73.764925, 18.452328]}, "properties": {"depth": 3.46}}, {"type": "Feature", "geometry": {"type": "Point", "coordinates": [73.765089, 18.452424]}, "properties": {"depth": 2.25}}, {"type": "Feature", "geometry": {"type": "Point", "coordinates": [73.765018, 18.452518]}, "properties": {"depth": 2.25}}, {"type": "Feature", "geometry": {"type": "Point", "coordinates": [73.769752, 18.454305]}, "properties": {"depth": 4.86}}, {"type": "Feature", "geometry": {"type": "Point", "coordinates": [73.769878, 18.45454]}, "properties": {"depth": 4.18}}, {"type": "Feature", "geometry": {"type": "Point", "coordinates": [73.769862, 18.454993]}, "properties": {"depth": 5.0}}, {"type": "Feature", "geometry": {"type": "Point", "coordinates": [73.770435, 18.455568]}, "properties": {"depth": 1.89}}, {"type": "Feature", "geometry": {"type": "Point", "coordinates": [73.770093, 18.455581]}, "properties": {"depth": 0.36}}, {"type": "Feature", "geometry": {"type": "Point", "coordinates": [73.769993, 18.455604]}, "properties": {"depth": 0.36}}, {"type": "Feature", "geometry": {"type": "Point", "coordinates": [73.769199, 18.455608]}, "properties": {"depth": 0.01}}, {"type": "Feature", "geometry": {"type": "Point", "coordinates": [73.770459, 18.455763]}, "properties": {"depth": 1.51}}, {"type": "Feature", "geometry": {"type": "Point", "coordinates": [73.769125, 18.45526]}, "properties": {"depth": 1.29}}, {"type": "Feature", "geometry": {"type": "Point", "coordinates": [73.76917, 18.455461]}, "properties": {"depth": 0.01}}, {"type": "Feature", "geometry": {"type": "Point", "coordinates": [73.77498, 18.453014]}, "properties": {"depth": 2.85}}, {"type": "Feature", "geometry": {"type": "Point", "coordinates": [73.77531, 18.453116]}, "properties": {"depth": 1.63}}, {"type": "Feature", "geometry": {"type": "Point", "coordinates": [73.775276, 18.453234]}, "properties": {"depth": 1.06}}, {"type": "Feature", "geometry": {"type": "Point", "coordinates": [73.775853, 18.453283]}, "properties": {"depth": 0.56}}, {"type": "Feature", "geometry": {"type": "Point", "coordinates": [73.775248, 18.453352]}, "properties": {"depth": 1.06}}, {"type": "Feature", "geometry": {"type": "Point", "coordinates": [73.775211, 18.453474]}, "properties": {"depth": 2.24}}, {"type": "Feature", "geometry": {"type": "Point", "coordinates": [73.775706, 18.453505]}, "properties": {"depth": 2.07}}, {"type": "Feature", "geometry": {"type": "Point", "coordinates": [73.774831, 18.453514]}, "properties": {"depth": 4.94}}, {"type": "Feature", "geometry": {"type": "Point", "coordinates": [73.776191, 18.453383]}, "properties": {"depth": 0.79}}, {"type": "Feature", "geometry": {"type": "Point", "coordinates": [73.776191, 18.453664]}, "properties": {"depth": 1.69}}, {"type": "Feature", "geometry": {"type": "Point", "coordinates": [73.776384, 18.453738]}, "properties": {"depth": 0.62}}, {"type": "Feature", "geometry": {"type": "Point", "coordinates": [73.777025, 18.453788]}, "properties": {"depth": 0.4}}, {"type": "Feature", "geometry": {"type": "Point", "coordinates": [73.777678, 18.461756]}, "properties": {"depth": 9.34}}, {"type": "Feature", "geometry": {"type": "Point", "coordinates": [73.77765, 18.461851]}, "properties": {"depth": 7.68}}, {"type": "Feature", "geometry": {"type": "Point", "coordinates": [73.778115, 18.46188]}, "properties": {"depth": 3.87}}, {"type": "Feature", "geometry": {"type": "Point", "coordinates": [73.777941, 18.46211]}, "properties": {"depth": 1.37}}, {"type": "Feature", "geometry": {"type": "Point", "coordinates": [73.777436, 18.462404]}, "properties": {"depth": 0.62}}, {"type": "Feature", "geometry": {"type": "Point", "coordinates": [73.774642, 18.4529]}, "properties": {"depth": 3.9}}, {"type": "Feature", "geometry": {"type": "Point", "coordinates": [73.774392, 18.45312]}, "properties": {"depth": 5.09}}, {"type": "Feature", "geometry": {"type": "Point", "coordinates": [73.774209, 18.453241]}, "properties": {"depth": 6.47}}, {"type": "Feature", "geometry": {"type": "Point", "coordinates": [73.774334, 18.453277]}, "properties": {"depth": 6.08}}, {"type": "Feature", "geometry": {"type": "Point", "coordinates": [73.774667, 18.453442]}, "properties": {"depth": 4.98}}, {"type": "Feature", "geometry": {"type": "Point", "coordinates": [73.774256, 18.453533]}, "properties": {"depth": 6.13}}, {"type": "Feature", "geometry": {"type": "Point", "coordinates": [73.77463, 18.453654]}, "properties": {"depth": 4.94}}, {"type": "Feature", "geometry": {"type": "Point", "coordinates": [73.77459, 18.453769]}, "properties": {"depth": 4.19}}, {"type": "Feature", "geometry": {"type": "Point", "coordinates": [73.774545, 18.453869]}, "properties": {"depth": 4.57}}, {"type": "Feature", "geometry": {"type": "Point", "coordinates": [73.774507, 18.453971]}, "properties": {"depth": 4.57}}, {"type": "Feature", "geometry": {"type": "Point", "coordinates": [73.775299, 18.453745]}, "properties": {"depth": 2.24}}, {"type": "Feature", "geometry": {"type": "Point", "coordinates": [73.775578, 18.453819]}, "properties": {"depth": 3.33}}, {"type": "Feature", "geometry": {"type": "Point", "coordinates": [73.7757, 18.453982]}, "properties": {"depth": 3.16}}, {"type": "Feature", "geometry": {"type": "Point", "coordinates": [73.77503, 18.454061]}, "properties": {"depth": 4.7}}, {"type": "Feature", "geometry": {"type": "Point", "coordinates": [73.775661, 18.454083]}, "properties": {"depth": 3.81}}, {"type": "Feature", "geometry": {"type": "Point", "coordinates": [73.775463, 18.45414]}, "properties": {"depth": 3.81}}, {"type": "Feature", "geometry": {"type": "Point", "coordinates": [73.775191, 18.454176]}, "properties": {"depth": 4.05}}, {"type": "Feature", "geometry": {"type": "Point", "coordinates": [73.775629, 18.454189]}, "properties": {"depth": 3.81}}, {"type": "Feature", "geometry": {"type": "Point", "coordinates": [73.774983, 18.454186]}, "properties": {"depth": 4.7}}, {"type": "Feature", "geometry": {"type": "Point", "coordinates": [73.775154, 18.454282]}, "properties": {"depth": 4.05}}, {"type": "Feature", "geometry": {"type": "Point", "coordinates": [73.776015, 18.453796]}, "properties": {"depth": 2.46}}, {"type": "Feature", "geometry": {"type": "Point", "coordinates": [73.776754, 18.453828]}, "properties": {"depth": 0.87}}, {"type": "Feature", "geometry": {"type": "Point", "coordinates": [73.776357, 18.453889]}, "properties": {"depth": 1.37}}, {"type": "Feature", "geometry": {"type": "Point", "coordinates": [73.776996, 18.453909]}, "properties": {"depth": 0.4}}, {"type": "Feature", "geometry": {"type": "Point", "coordinates": [73.77647, 18.453931]}, "properties": {"depth": 1.37}}, {"type": "Feature", "geometry": {"type": "Point", "coordinates": [73.776684, 18.45399]}, "properties": {"depth": 0.87}}, {"type": "Feature", "geometry": {"type": "Point", "coordinates": [73.776578, 18.454205]}, "properties": {"depth": 1.5}}, {"type": "Feature", "geometry": {"type": "Point", "coordinates": [73.776914, 18.454241]}, "properties": {"depth": 0.96}}, {"type": "Feature", "geometry": {"type": "Point", "coordinates": [73.776546, 18.454317]}, "properties": {"depth": 2.54}}, {"type": "Feature", "geometry": {"type": "Point", "coordinates": [73.776878, 18.454358]}, "properties": {"depth": 1.19}}, {"type": "Feature", "geometry": {"type": "Point", "coordinates": [73.775586, 18.45429]}, "properties": {"depth": 3.81}}, {"type": "Feature", "geometry": {"type": "Point", "coordinates": [73.775398, 18.454348]}, "properties": {"depth": 5.5}}, {"type": "Feature", "geometry": {"type": "Point", "coordinates": [73.775564, 18.4544]}, "properties": {"depth": 4.33}}, {"type": "Feature", "geometry": {"type": "Point", "coordinates": [73.77535, 18.454464]}, "properties": {"depth": 5.5}}, {"type": "Feature", "geometry": {"type": "Point", "coordinates": [73.775513, 18.45451]}, "properties": {"depth": 4.33}}, {"type": "Feature", "geometry": {"type": "Point", "coordinates": [73.775777, 18.454565]}, "properties": {"depth": 3.11}}, {"type": "Feature", "geometry": {"type": "Point", "coordinates": [73.775882, 18.454901]}, "properties": {"depth": 5.9}}, {"type": "Feature", "geometry": {"type": "Point", "coordinates": [73.775089, 18.455256]}, "properties": {"depth": 6.8}}, {"type": "Feature", "geometry": {"type": "Point", "coordinates": [73.775764, 18.455359]}, "properties": {"depth": 5.97}}, {"type": "Feature", "geometry": {"type": "Point", "coordinates": [73.775295, 18.455823]}, "properties": {"depth": 6.58}}, {"type": "Feature", "geometry": {"type": "Point", "coordinates": [73.776539, 18.454427]}, "properties": {"depth": 2.54}}, {"type": "Feature", "geometry": {"type": "Point", "coordinates": [73.776511, 18.454531]}, "properties": {"depth": 2.82}}, {"type": "Feature", "geometry": {"type": "Point", "coordinates": [73.77647, 18.454639]}, "properties": {"depth": 3.45}}, {"type": "Feature", "geometry": {"type": "Point", "coordinates": [73.776004, 18.454644]}, "properties": {"depth": 3.53}}, {"type": "Feature", "geometry": {"type": "Point", "coordinates": [73.776331, 18.454733]}, "properties": {"depth": 3.45}}, {"type": "Feature", "geometry": {"type": "Point", "coordinates": [73.776689, 18.454869]}, "properties": {"depth": 4.28}}, {"type": "Feature", "geometry": {"type": "Point", "coordinates": [73.776409, 18.455681]}, "properties": {"depth": 5.28}}, {"type": "Feature", "geometry": {"type": "Point", "coordinates": [73.775866, 18.460883]}, "properties": {"depth": 8.09}}, {"type": "Feature", "geometry": {"type": "Point", "coordinates": [73.775935, 18.461038]}, "properties": {"depth": 0.93}}, {"type": "Feature", "geometry": {"type": "Point", "coordinates": [73.776031, 18.461163]}, "properties": {"depth": 4.63}}, {"type": "Feature", "geometry": {"type": "Point", "coordinates": [73.775864, 18.456011]}, "properties": {"depth": 6.31}}, {"type": "Feature", "geometry": {"type": "Point", "coordinates": [73.774932, 18.460341]}, "properties": {"depth": 10.83}}, {"type": "Feature", "geometry": {"type": "Point", "coordinates": [73.775082, 18.460502]}, "properties": {"depth": 8.85}}, {"type": "Feature", "geometry": {"type": "Point", "coordinates": [73.774772, 18.460529]}, "properties": {"depth": 5.14}}, {"type": "Feature", "geometry": {"type": "Point", "coordinates": [73.774861, 18.460565]}, "properties": {"depth": 8.85}}, {"type": "Feature", "geometry": {"type": "Point", "coordinates": [73.774972, 18.460614]}, "properties": {"depth": 8.85}}, {"type": "Feature", "geometry": {"type": "Point", "coordinates": [73.774862, 18.460687]}, "properties": {"depth": 8.85}}, {"type": "Feature", "geometry": {"type": "Point", "coordinates": [73.774775, 18.460693]}, "properties": {"depth": 5.14}}, {"type": "Feature", "geometry": {"type": "Point", "coordinates": [73.775138, 18.46071]}, "properties": {"depth": 3.8}}, {"type": "Feature", "geometry": {"type": "Point", "coordinates": [73.77512, 18.460744]}, "properties": {"depth": 3.8}}, {"type": "Feature", "geometry": {"type": "Point", "coordinates": [73.774503, 18.460351]}, "properties": {"depth": 5.04}}, {"type": "Feature", "geometry": {"type": "Point", "coordinates": [73.774339, 18.460349]}, "properties": {"depth": 5.04}}, {"type": "Feature", "geometry": {"type": "Point", "coordinates": [73.773817, 18.460362]}, "properties": {"depth": 2.84}}, {"type": "Feature", "geometry": {"type": "Point", "coordinates": [73.773941, 18.460367]}, "properties": {"depth": 2.84}}, {"type": "Feature", "geometry": {"type": "Point", "coordinates": [73.774032, 18.460371]}, "properties": {"depth": 2.89}}, {"type": "Feature", "geometry": {"type": "Point", "coordinates": [73.774115, 18.460387]}, "properties": {"depth": 2.89}}, {"type": "Feature", "geometry": {"type": "Point", "coordinates": [73.774718, 18.460413]}, "properties": {"depth": 7.86}}, {"type": "Feature", "geometry": {"type": "Point", "coordinates": [73.774185, 18.460412]}, "properties": {"depth": 2.89}}, {"type": "Feature", "geometry": {"type": "Point", "coordinates": [73.774571, 18.460425]}, "properties": {"depth": 2.17}}, {"type": "Feature", "geometry": {"type": "Point", "coordinates": [73.774478, 18.460429]}, "properties": {"depth": 2.17}}, {"type": "Feature", "geometry": {"type": "Point", "coordinates": [73.77296, 18.444682]}, "properties": {"depth": 1.2}}, {"type": "Feature", "geometry": {"type": "Point", "coordinates": [73.773409, 18.452558]}, "properties": {"depth": 6.61}}, {"type": "Feature", "geometry": {"type": "Point", "coordinates": [73.773638, 18.452623]}, "properties": {"depth": 4.9}}, {"type": "Feature", "geometry": {"type": "Point", "coordinates": [73.773547, 18.452867]}, "properties": {"depth": 7.7}}, {"type": "Feature", "geometry": {"type": "Point", "coordinates": [73.773665, 18.453022]}, "properties": {"depth": 8.18}}, {"type": "Feature", "geometry": {"type": "Point", "coordinates": [73.77306, 18.454641]}, "properties": {"depth": 10.94}}, {"type": "Feature", "geometry": {"type": "Point", "coordinates": [73.773696, 18.454733]}, "properties": {"depth": 10.25}}, {"type": "Feature", "geometry": {"type": "Point", "coordinates": [73.773163, 18.455017]}, "properties": {"depth": 13.23}}, {"type": "Feature", "geometry": {"type": "Point", "coordinates": [73.772742, 18.458674]}, "properties": {"depth": 5.52}}, {"type": "Feature", "geometry": {"type": "Point", "coordinates": [73.772223, 18.452589]}, "properties": {"depth": 10.95}}, {"type": "Feature", "geometry": {"type": "Point", "coordinates": [73.772405, 18.452643]}, "properties": {"depth": 9.56}}, {"type": "Feature", "geometry": {"type": "Point", "coordinates": [73.772253, 18.45274]}, "properties": {"depth": 11.7}}, {"type": "Feature", "geometry": {"type": "Point", "coordinates": [73.772318, 18.452876]}, "properties": {"depth": 11.7}}, {"type": "Feature", "geometry": {"type": "Point", "coordinates": [73.77238, 18.458595]}, "properties": {"depth": 6.72}}, {"type": "Feature", "geometry": {"type": "Point", "coordinates": [73.772527, 18.458655]}, "properties": {"depth": 6.72}}, {"type": "Feature", "geometry": {"type": "Point", "coordinates": [73.772305, 18.458666]}, "properties": {"depth": 7.05}}, {"type": "Feature", "geometry": {"type": "Point", "coordinates": [73.772227, 18.45874]}, "properties": {"depth": 7.05}}, {"type": "Feature", "geometry": {"type": "Point", "coordinates": [73.771627, 18.458791]}, "properties": {"depth": 2.54}}, {"type": "Feature", "geometry": {"type": "Point", "coordinates": [73.774462, 18.454074]}, "properties": {"depth": 6.72}}, {"type": "Feature", "geometry": {"type": "Point", "coordinates": [73.774647, 18.454106]}, "properties": {"depth": 5.36}}, {"type": "Feature", "geometry": {"type": "Point", "coordinates": [73.774428, 18.45418]}, "properties": {"depth": 6.72}}, {"type": "Feature", "geometry": {"type": "Point", "coordinates": [73.774585, 18.454221]}, "properties": {"depth": 5.36}}, {"type": "Feature", "geometry": {"type": "Point", "coordinates": [73.774397, 18.454289]}, "properties": {"depth": 6.72}}, {"type": "Feature", "geometry": {"type": "Point", "coordinates": [73.774545, 18.454337]}, "properties": {"depth": 6.75}}, {"type": "Feature", "geometry": {"type": "Point", "coordinates": [73.774488, 18.454478]}, "properties": {"depth": 6.75}}, {"type": "Feature", "geometry": {"type": "Point", "coordinates": [73.774054, 18.454839]}, "properties": {"depth": 7.24}}, {"type": "Feature", "geometry": {"type": "Point", "coordinates": [73.773828, 18.455211]}, "properties": {"depth": 9.22}}, {"type": "Feature", "geometry": {"type": "Point", "coordinates": [73.773744, 18.459532]}, "properties": {"depth": 9.18}}, {"type": "Feature", "geometry": {"type": "Point", "coordinates": [73.77137, 18.458091]}, "properties": {"depth": 1.78}}, {"type": "Feature", "geometry": {"type": "Point", "coordinates": [73.771405, 18.458177]}, "properties": {"depth": 1.78}}, {"type": "Feature", "geometry": {"type": "Point", "coordinates": [73.771241, 18.458269]}, "properties": {"depth": 0.25}}, {"type": "Feature", "geometry": {"type": "Point", "coordinates": [73.772657, 18.458678]}, "properties": {"depth": 5.52}}, {"type": "Feature", "geometry": {"type": "Point", "coordinates": [73.772897, 18.458715]}, "properties": {"depth": 5.52}}, {"type": "Feature", "geometry": {"type": "Point", "coordinates": [73.772969, 18.458734]}, "properties": {"depth": 0.2}}, {"type": "Feature", "geometry": {"type": "Point", "coordinates": [73.7728, 18.458745]}, "properties": {"depth": 5.52}}, {"type": "Feature", "geometry": {"type": "Point", "coordinates": [73.772945, 18.458813]}, "properties": {"depth": 1.95}}, {"type": "Feature", "geometry": {"type": "Point", "coordinates": [73.77303, 18.458845]}, "properties": {"depth": 1.95}}, {"type": "Feature", "geometry": {"type": "Point", "coordinates": [73.773, 18.458884]}, "properties": {"depth": 1.95}}, {"type": "Feature", "geometry": {"type": "Point", "coordinates": [73.773097, 18.458888]}, "properties": {"depth": 1.95}}, {"type": "Feature", "geometry": {"type": "Point", "coordinates": [73.772971, 18.458917]}, "properties": {"depth": 1.95}}, {"type": "Feature", "geometry": {"type": "Point", "coordinates": [73.773164, 18.458923]}, "properties": {"depth": 1.95}}, {"type": "Feature", "geometry": {"type": "Point", "coordinates": [73.773211, 18.458929]}, "properties": {"depth": 0.2}}, {"type": "Feature", "geometry": {"type": "Point", "coordinates": [73.773072, 18.458951]}, "properties": {"depth": 1.95}}, {"type": "Feature", "geometry": {"type": "Point", "coordinates": [73.771956, 18.458809]}, "properties": {"depth": 6.35}}, {"type": "Feature", "geometry": {"type": "Point", "coordinates": [73.77161, 18.4591]}, "properties": {"depth": 1.37}}, {"type": "Feature", "geometry": {"type": "Point", "coordinates": [73.771753, 18.459119]}, "properties": {"depth": 1.37}}, {"type": "Feature", "geometry": {"type": "Point", "coordinates": [73.772618, 18.45913]}, "properties": {"depth": 0.55}}, {"type": "Feature", "geometry": {"type": "Point", "coordinates": [73.77211, 18.459176]}, "properties": {"depth": 5.08}}, {"type": "Feature", "geometry": {"type": "Point", "coordinates": [73.77259, 18.45921]}, "properties": {"depth": 0.55}}, {"type": "Feature", "geometry": {"type": "Point", "coordinates": [73.772572, 18.459264]}, "properties": {"depth": 0.55}}, {"type": "Feature", "geometry": {"type": "Point", "coordinates": [73.773134, 18.459004]}, "properties": {"depth": 1.95}}, {"type": "Feature", "geometry": {"type": "Point", "coordinates": [73.773238, 18.459002]}, "properties": {"depth": 0.2}}, {"type": "Feature", "geometry": {"type": "Point", "coordinates": [73.772943, 18.459007]}, "properties": {"depth": 1.95}}, {"type": "Feature", "geometry": {"type": "Point", "coordinates": [73.773027, 18.459022]}, "properties": {"depth": 1.95}}, {"type": "Feature", "geometry": {"type": "Point", "coordinates": [73.772639, 18.459034]}, "properties": {"depth": 0.55}}, {"type": "Feature", "geometry": {"type": "Point", "coordinates": [73.773095, 18.45906]}, "properties": {"depth": 3.14}}, {"type": "Feature", "geometry": {"type": "Point", "coordinates": [73.772978, 18.459094]}, "properties": {"depth": 3.14}}, {"type": "Feature", "geometry": {"type": "Point", "coordinates": [73.773067, 18.459161]}, "properties": {"depth": 3.14}}, {"type": "Feature", "geometry": {"type": "Point", "coordinates": [73.770561, 18.459161]}, "properties": {"depth": 0.05}}, {"type": "Feature", "geometry": {"type": "Point", "coordinates": [73.773368, 18.459368]}, "properties": {"depth": 5.43}}, {"type": "Feature", "geometry": {"type": "Point", "coordinates": [73.773322, 18.459456]}, "properties": {"depth": 5.43}}, {"type": "Feature", "geometry": {"type": "Point", "coordinates": [73.773531, 18.459485]}, "properties": {"depth": 9.18}}, {"type": "Feature", "geometry": {"type": "Point", "coordinates": [73.773666, 18.459499]}, "properties": {"depth": 9.18}}, {"type": "Feature", "geometry": {"type": "Point", "coordinates": [73.770471, 18.455951]}, "properties": {"depth": 1.51}}, {"type": "Feature", "geometry": {"type": "Point", "coordinates": [73.770616, 18.455848]}, "properties": {"depth": 1.51}}, {"type": "Feature", "geometry": {"type": "Point", "coordinates": [73.77083, 18.455852]}, "properties": {"depth": 3.95}}, {"type": "Feature", "geometry": {"type": "Point", "coordinates": [73.771062, 18.455888]}, "properties": {"depth": 11.19}}, {"type": "Feature", "geometry": {"type": "Point", "coordinates": [73.770752, 18.456001]}, "properties": {"depth": 2.88}}, {"type": "Feature", "geometry": {"type": "Point", "coordinates": [73.770671, 18.455993]}, "properties": {"depth": 1.02}}, {"type": "Feature", "geometry": {"type": "Point", "coordinates": [73.770484, 18.456039]}, "properties": {"depth": 1.02}}, {"type": "Feature", "geometry": {"type": "Point", "coordinates": [73.770916, 18.456083]}, "properties": {"depth": 2.88}}, {"type": "Feature", "geometry": {"type": "Point", "coordinates": [73.770489, 18.456113]}, "properties": {"depth": 1.02}}, {"type": "Feature", "geometry": {"type": "Point", "coordinates": [73.770821, 18.456134]}, "properties": {"depth": 2.88}}, {"type": "Feature", "geometry": {"type": "Point", "coordinates": [73.771129, 18.456154]}, "properties": {"depth": 8.91}}, {"type": "Feature", "geometry": {"type": "Point", "coordinates": [73.768803, 18.456293]}, "properties": {"depth": 1.53}}, {"type": "Feature", "geometry": {"type": "Point", "coordinates": [73.768848, 18.456368]}, "properties": {"depth": 1.53}}, {"type": "Feature", "geometry": {"type": "Point", "coordinates": [73.770402, 18.456351]}, "properties": {"depth": 0.11}}, {"type": "Feature", "geometry": {"type": "Point", "coordinates": [73.770284, 18.456359]}, "properties": {"depth": 0.11}}, {"type": "Feature", "geometry": {"type": "Point", "coordinates": [73.770298, 18.456491]}, "properties": {"depth": 0.11}}, {"type": "Feature", "geometry": {"type": "Point", "coordinates": [73.770634, 18.456181]}, "properties": {"depth": 1.02}}, {"type": "Feature", "geometry": {"type": "Point", "coordinates": [73.770489, 18.456188]}, "properties": {"depth": 1.02}}, {"type": "Feature", "geometry": {"type": "Point", "coordinates": [73.770565, 18.456194]}, "properties": {"depth": 1.02}}, {"type": "Feature", "geometry": {"type": "Point", "coordinates": [73.770662, 18.456302]}, "properties": {"depth": 1.28}}, {"type": "Feature", "geometry": {"type": "Point", "coordinates": [73.770549, 18.456336]}, "properties": {"depth": 1.28}}, {"type": "Feature", "geometry": {"type": "Point", "coordinates": [73.770536, 18.456479]}, "properties": {"depth": 1.28}}, {"type": "Feature", "geometry": {"type": "Point", "coordinates": [73.770747, 18.456505]}, "properties": {"depth": 4.03}}, {"type": "Feature", "geometry": {"type": "Point", "coordinates": [73.770928, 18.456645]}, "properties": {"depth": 4.29}}, {"type": "Feature", "geometry": {"type": "Point", "coordinates": [73.770533, 18.456656]}, "properties": {"depth": 3.26}}, {"type": "Feature", "geometry": {"type": "Point", "coordinates": [73.771165, 18.456679]}, "properties": {"depth": 5.95}}, {"type": "Feature", "geometry": {"type": "Point", "coordinates": [73.770379, 18.45656]}, "properties": {"depth": 0.94}}, {"type": "Feature", "geometry": {"type": "Point", "coordinates": [73.769796, 18.45656]}, "properties": {"depth": 0.24}}, {"type": "Feature", "geometry": {"type": "Point", "coordinates": [73.769567, 18.456655]}, "properties": {"depth": 0.91}}, {"type": "Feature", "geometry": {"type": "Point", "coordinates": [73.770281, 18.456687]}, "properties": {"depth": 0.94}}, {"type": "Feature", "geometry": {"type": "Point", "coordinates": [73.769781, 18.456691]}, "properties": {"depth": 0.24}}, {"type": "Feature", "geometry": {"type": "Point", "coordinates": [73.770419, 18.456701]}, "properties": {"depth": 3.26}}, {"type": "Feature", "geometry": {"type": "Point", "coordinates": [73.769833, 18.456701]}, "properties": {"depth": 0.24}}, {"type": "Feature", "geometry": {"type": "Point", "coordinates": [73.770378, 18.456705]}, "properties": {"depth": 0.94}}, {"type": "Feature", "geometry": {"type": "Point", "coordinates": [73.769723, 18.456711]}, "properties": {"depth": 0.24}}, {"type": "Feature", "geometry": {"type": "Point", "coordinates": [73.769582, 18.456727]}, "properties": {"depth": 0.91}}, {"type": "Feature", "geometry": {"type": "Point", "coordinates": [73.770233, 18.456736]}, "properties": {"depth": 0.94}}, {"type": "Feature", "geometry": {"type": "Point", "coordinates": [73.770163, 18.456753]}, "properties": {"depth": 0.94}}, {"type": "Feature", "geometry": {"type": "Point", "coordinates": [73.769758, 18.456758]}, "properties": {"depth": 0.24}}, {"type": "Feature", "geometry": {"type": "Point", "coordinates": [73.769823, 18.456761]}, "properties": {"depth": 0.24}}, {"type": "Feature", "geometry": {"type": "Point", "coordinates": [73.770393, 18.456769]}, "properties": {"depth": 0.94}}, {"type": "Feature", "geometry": {"type": "Point", "coordinates": [73.770307, 18.456777]}, "properties": {"depth": 0.94}}, {"type": "Feature", "geometry": {"type": "Point", "coordinates": [73.769197, 18.456811]}, "properties": {"depth": 1.53}}, {"type": "Feature", "geometry": {"type": "Point", "coordinates": [73.769928, 18.456821]}, "properties": {"depth": 3.42}}, {"type": "Feature", "geometry": {"type": "Point", "coordinates": [73.769858, 18.456825]}, "properties": {"depth": 3.75}}, {"type": "Feature", "geometry": {"type": "Point", "coordinates": [73.77003, 18.456828]}, "properties": {"depth": 3.42}}, {"type": "Feature", "geometry": {"type": "Point", "coordinates": [73.769701, 18.456831]}, "properties": {"depth": 3.75}}, {"type": "Feature", "geometry": {"type": "Point", "coordinates": [73.769804, 18.456851]}, "properties": {"depth": 3.75}}, {"type": "Feature", "geometry": {"type": "Point", "coordinates": [73.770451, 18.456857]}, "properties": {"depth": 4.78}}, {"type": "Feature", "geometry": {"type": "Point", "coordinates": [73.770288, 18.456882]}, "properties": {"depth": 3.3}}, {"type": "Feature", "geometry": {"type": "Point", "coordinates": [73.770359, 18.456893]}, "properties": {"depth": 3.3}}, {"type": "Feature", "geometry": {"type": "Point", "coordinates": [73.770121, 18.456892]}, "properties": {"depth": 3.42}}, {"type": "Feature", "geometry": {"type": "Point", "coordinates": [73.770211, 18.456905]}, "properties": {"depth": 3.3}}, {"type": "Feature", "geometry": {"type": "Point", "coordinates": [73.770034, 18.456904]}, "properties": {"depth": 3.42}}, {"type": "Feature", "geometry": {"type": "Point", "coordinates": [73.769938, 18.456917]}, "properties": {"depth": 3.42}}, {"type": "Feature", "geometry": {"type": "Point", "coordinates": [73.770397, 18.456943]}, "properties": {"depth": 3.3}}, {"type": "Feature", "geometry": {"type": "Point", "coordinates": [73.767941, 18.457056]}, "properties": {"depth": 0.24}}, {"type": "Feature", "geometry": {"type": "Point", "coordinates": [73.769793, 18.456938]}, "properties": {"depth": 3.75}}, {"type": "Feature", "geometry": {"type": "Point", "coordinates": [73.770363, 18.456952]}, "properties": {"depth": 3.3}}, {"type": "Feature", "geometry": {"type": "Point", "coordinates": [73.770272, 18.456972]}, "properties": {"depth": 3.3}}, {"type": "Feature", "geometry": {"type": "Point", "coordinates": [73.769863, 18.456975]}, "properties": {"depth": 3.42}}, {"type": "Feature", "geometry": {"type": "Point", "coordinates": [73.770314, 18.456978]}, "properties": {"depth": 3.3}}, {"type": "Feature", "geometry": {"type": "Point", "coordinates": [73.770233, 18.457012]}, "properties": {"depth": 3.3}}, {"type": "Feature", "geometry": {"type": "Point", "coordinates": [73.769952, 18.457015]}, "properties": {"depth": 3.42}}, {"type": "Feature", "geometry": {"type": "Point", "coordinates": [73.769332, 18.45703]}, "properties": {"depth": 1.58}}, {"type": "Feature", "geometry": {"type": "Point", "coordinates": [73.770045, 18.45703]}, "properties": {"depth": 3.42}}, {"type": "Feature", "geometry": {"type": "Point", "coordinates": [73.770158, 18.457039]}, "properties": {"depth": 3.3}}, {"type": "Feature", "geometry": {"type": "Point", "coordinates": [73.770655, 18.456745]}, "properties": {"depth": 3.26}}, {"type": "Feature", "geometry": {"type": "Point", "coordinates": [73.770593, 18.456797]}, "properties": {"depth": 3.26}}, {"type": "Feature", "geometry": {"type": "Point", "coordinates": [73.770762, 18.457196]}, "properties": {"depth": 4.48}}, {"type": "Feature", "geometry": {"type": "Point", "coordinates": [73.770786, 18.457202]}, "properties": {"depth": 4.48}}, {"type": "Feature", "geometry": {"type": "Point", "coordinates": [73.77078, 18.457201]}, "properties": {"depth": 4.48}}, {"type": "Feature", "geometry": {"type": "Point", "coordinates": [73.770489, 18.457572]}, "properties": {"depth": 3.87}}, {"type": "Feature", "geometry": {"type": "Point", "coordinates": [73.771414, 18.457635]}, "properties": {"depth": 4.84}}, {"type": "Feature", "geometry": {"type": "Point", "coordinates": [73.770559, 18.457643]}, "properties": {"depth": 0.7}}, {"type": "Feature", "geometry": {"type": "Point", "coordinates": [73.768909, 18.456637]}, "properties": {"depth": 1.61}}, {"type": "Feature", "geometry": {"type": "Point", "coordinates": [73.768089, 18.456634]}, "properties": {"depth": 0.16}}, {"type": "Feature", "geometry": {"type": "Point", "coordinates": [73.76899, 18.456651]}, "properties": {"depth": 1.61}}, {"type": "Feature", "geometry": {"type": "Point", "coordinates": [73.769164, 18.456887]}, "properties": {"depth": 1.53}}, {"type": "Feature", "geometry": {"type": "Point", "coordinates": [73.769149, 18.45704]}, "properties": {"depth": 1.53}}, {"type": "Feature", "geometry": {"type": "Point", "coordinates": [73.76882, 18.457419]}, "properties": {"depth": 4.49}}, {"type": "Feature", "geometry": {"type": "Point", "coordinates": [73.768918, 18.457511]}, "properties": {"depth": 4.49}}, {"type": "Feature", "geometry": {"type": "Point", "coordinates": [73.768986, 18.457867]}, "properties": {"depth": 2.29}}, {"type": "Feature", "geometry": {"type": "Point", "coordinates": [73.768887, 18.458048]}, "properties": {"depth": 0.03}}, {"type": "Feature", "geometry": {"type": "Point", "coordinates": [73.769572, 18.45722]}, "properties": {"depth": 2.59}}, {"type": "Feature", "geometry": {"type": "Point", "coordinates": [73.769789, 18.457242]}, "properties": {"depth": 4.33}}, {"type": "Feature", "geometry": {"type": "Point", "coordinates": [73.770195, 18.457438]}, "properties": {"depth": 4.44}}, {"type": "Feature", "geometry": {"type": "Point", "coordinates": [73.770182, 18.457511]}, "properties": {"depth": 4.44}}, {"type": "Feature", "geometry": {"type": "Point", "coordinates": [73.769635, 18.457527]}, "properties": {"depth": 2.69}}, {"type": "Feature", "geometry": {"type": "Point", "coordinates": [73.770048, 18.457539]}, "properties": {"depth": 3.4}}, {"type": "Feature", "geometry": {"type": "Point", "coordinates": [73.770356, 18.457542]}, "properties": {"depth": 4.44}}, {"type": "Feature", "geometry": {"type": "Point", "coordinates": [73.770402, 18.457558]}, "properties": {"depth": 4.44}}, {"type": "Feature", "geometry": {"type": "Point", "coordinates": [73.769433, 18.457554]}, "properties": {"depth": 2.62}}, {"type": "Feature", "geometry": {"type": "Point", "coordinates": [73.769804, 18.457601]}, "properties": {"depth": 2.69}}, {"type": "Feature", "geometry": {"type": "Point", "coordinates": [73.770508, 18.4577]}, "properties": {"depth": 0.7}}, {"type": "Feature", "geometry": {"type": "Point", "coordinates": [73.771442, 18.457748]}, "properties": {"depth": 2.7}}, {"type": "Feature", "geometry": {"type": "Point", "coordinates": [73.770912, 18.45779]}, "properties": {"depth": 0.4}}, {"type": "Feature", "geometry": {"type": "Point", "coordinates": [73.770506, 18.457814]}, "properties": {"depth": 0.7}}, {"type": "Feature", "geometry": {"type": "Point", "coordinates": [73.771253, 18.457827]}, "properties": {"depth": 2.7}}, {"type": "Feature", "geometry": {"type": "Point", "coordinates": [73.771316, 18.457947]}, "properties": {"depth": 1.78}}, {"type": "Feature", "geometry": {"type": "Point", "coordinates": [73.769625, 18.457647]}, "properties": {"depth": 0.08}}, {"type": "Feature", "geometry": {"type": "Point", "coordinates": [73.769464, 18.457676]}, "properties": {"depth": 1.2}}, {"type": "Feature", "geometry": {"type": "Point", "coordinates": [73.76955, 18.457682]}, "properties": {"depth": 1.2}}, {"type": "Feature", "geometry": {"type": "Point", "coordinates": [73.770117, 18.457692]}, "properties": {"depth": 0.08}}, {"type": "Feature", "geometry": {"type": "Point", "coordinates": [73.770312, 18.457693]}, "properties": {"depth": 1.01}}, {"type": "Feature", "geometry": {"type": "Point", "coordinates": [73.769383, 18.457793]}, "properties": {"depth": 1.2}}, {"type": "Feature", "geometry": {"type": "Point", "coordinates": [73.769482, 18.457818]}, "properties": {"depth": 1.2}}, {"type": "Feature", "geometry": {"type": "Point", "coordinates": [73.770254, 18.457863]}, "properties": {"depth": 1.01}}, {"type": "Feature", "geometry": {"type": "Point", "coordinates": [73.770013, 18.457891]}, "properties": {"depth": 0.08}}, {"type": "Feature", "geometry": {"type": "Point", "coordinates": [73.770071, 18.458566]}, "properties": {"depth": 0.39}}, {"type": "Feature", "geometry": {"type": "Point", "coordinates": [73.770385, 18.458712]}, "properties": {"depth": 0.79}}, {"type": "Feature", "geometry": {"type": "Point", "coordinates": [73.76991, 18.458716]}, "properties": {"depth": 0.39}}, {"type": "Feature", "geometry": {"type": "Point", "coordinates": [73.771446, 18.458308]}, "properties": {"depth": 0.35}}, {"type": "Feature", "geometry": {"type": "Point", "coordinates": [73.77148, 18.458399]}, "properties": {"depth": 0.35}}, {"type": "Feature", "geometry": {"type": "Point", "coordinates": [73.771049, 18.458408]}, "properties": {"depth": 0.25}}, {"type": "Feature", "geometry": {"type": "Point", "coordinates": [73.771271, 18.458455]}, "properties": {"depth": 0.35}}, {"type": "Feature", "geometry": {"type": "Point", "coordinates": [73.7712, 18.45882]}, "properties": {"depth": 1.04}}, {"type": "Feature", "geometry": {"type": "Point", "coordinates": [73.770759, 18.458972]}, "properties": {"depth": 1.06}}, {"type": "Feature", "geometry": {"type": "Point", "coordinates": [73.770448, 18.45885]}, "properties": {"depth": 0.94}}, {"type": "Feature", "geometry": {"type": "Point", "coordinates": [73.770209, 18.458964]}, "properties": {"depth": 0.36}}, {"type": "Feature", "geometry": {"type": "Point", "coordinates": [73.772283, 18.459546]}, "properties": {"depth": 0.74}}, {"type": "Feature", "geometry": {"type": "Point", "coordinates": [73.773375, 18.45951]}, "properties": {"depth": 5.43}}, {"type": "Feature", "geometry": {"type": "Point", "coordinates": [73.773179, 18.459526]}, "properties": {"depth": 1.83}}, {"type": "Feature", "geometry": {"type": "Point", "coordinates": [73.773428, 18.459537]}, "properties": {"depth": 5.43}}, {"type": "Feature", "geometry": {"type": "Point", "coordinates": [73.773263, 18.459577]}, "properties": {"depth": 5.43}}, {"type": "Feature", "geometry": {"type": "Point", "coordinates": [73.77345, 18.45958]}, "properties": {"depth": 5.43}}, {"type": "Feature", "geometry": {"type": "Point", "coordinates": [73.773122, 18.459581]}, "properties": {"depth": 1.83}}, {"type": "Feature", "geometry": {"type": "Point", "coordinates": [73.773544, 18.459616]}, "properties": {"depth": 4.41}}, {"type": "Feature", "geometry": {"type": "Point", "coordinates": [73.773787, 18.459552]}, "properties": {"depth": 12.33}}, {"type": "Feature", "geometry": {"type": "Point", "coordinates": [73.773819, 18.459572]}, "properties": {"depth": 12.33}}, {"type": "Feature", "geometry": {"type": "Point", "coordinates": [73.773874, 18.4596]}, "properties": {"depth": 6.9}}, {"type": "Feature", "geometry": {"type": "Point", "coordinates": [73.773741, 18.459618]}, "properties": {"depth": 4.41}}, {"type": "Feature", "geometry": {"type": "Point", "coordinates": [73.773836, 18.459674]}, "properties": {"depth": 6.9}}, {"type": "Feature", "geometry": {"type": "Point", "coordinates": [73.773927, 18.459689]}, "properties": {"depth": 6.9}}, {"type": "Feature", "geometry": {"type": "Point", "coordinates": [73.774013, 18.459688]}, "properties": {"depth": 6.9}}, {"type": "Feature", "geometry": {"type": "Point", "coordinates": [73.773734, 18.45969]}, "properties": {"depth": 4.41}}, {"type": "Feature", "geometry": {"type": "Point", "coordinates": [73.774044, 18.459757]}, "properties": {"depth": 10.9}}, {"type": "Feature", "geometry": {"type": "Point", "coordinates": [73.774128, 18.45978]}, "properties": {"depth": 10.9}}, {"type": "Feature", "geometry": {"type": "Point", "coordinates": [73.773223, 18.45964]}, "properties": {"depth": 2.39}}, {"type": "Feature", "geometry": {"type": "Point", "coordinates": [73.773641, 18.459653]}, "properties": {"depth": 4.41}}, {"type": "Feature", "geometry": {"type": "Point", "coordinates": [73.773337, 18.459687]}, "properties": {"depth": 2.39}}, {"type": "Feature", "geometry": {"type": "Point", "coordinates": [73.773553, 18.459708]}, "properties": {"depth": 4.41}}, {"type": "Feature", "geometry": {"type": "Point", "coordinates": [73.773195, 18.459705]}, "properties": {"depth": 2.39}}, {"type": "Feature", "geometry": {"type": "Point", "coordinates": [73.773617, 18.459736]}, "properties": {"depth": 4.41}}, {"type": "Feature", "geometry": {"type": "Point", "coordinates": [73.77369, 18.459777]}, "properties": {"depth": 4.41}}, {"type": "Feature", "geometry": {"type": "Point", "coordinates": [73.773433, 18.459793]}, "properties": {"depth": 2.39}}, {"type": "Feature", "geometry": {"type": "Point", "coordinates": [73.773301, 18.459814]}, "properties": {"depth": 2.39}}, {"type": "Feature", "geometry": {"type": "Point", "coordinates": [73.773371, 18.459854]}, "properties": {"depth": 2.39}}, {"type": "Feature", "geometry": {"type": "Point", "coordinates": [73.773886, 18.459781]}, "properties": {"depth": 6.9}}, {"type": "Feature", "geometry": {"type": "Point", "coordinates": [73.77379, 18.459788]}, "properties": {"depth": 6.9}}, {"type": "Feature", "geometry": {"type": "Point", "coordinates": [73.773855, 18.459836]}, "properties": {"depth": 6.9}}, {"type": "Feature", "geometry": {"type": "Point", "coordinates": [73.7742, 18.459843]}, "properties": {"depth": 10.9}}, {"type": "Feature", "geometry": {"type": "Point", "coordinates": [73.773964, 18.459852]}, "properties": {"depth": 6.9}}, {"type": "Feature", "geometry": {"type": "Point", "coordinates": [73.774029, 18.459882]}, "properties": {"depth": 4.9}}, {"type": "Feature", "geometry": {"type": "Point", "coordinates": [73.774076, 18.459906]}, "properties": {"depth": 4.9}}, {"type": "Feature", "geometry": {"type": "Point", "coordinates": [73.774365, 18.459908]}, "properties": {"depth": 8.9}}, {"type": "Feature", "geometry": {"type": "Point", "coordinates": [73.77415, 18.45993]}, "properties": {"depth": 4.9}}, {"type": "Feature", "geometry": {"type": "Point", "coordinates": [73.773814, 18.459942]}, "properties": {"depth": 3.9}}, {"type": "Feature", "geometry": {"type": "Point", "coordinates": [73.773502, 18.459865]}, "properties": {"depth": 0.7}}, {"type": "Feature", "geometry": {"type": "Point", "coordinates": [73.773154, 18.459876]}, "properties": {"depth": 0.3}}, {"type": "Feature", "geometry": {"type": "Point", "coordinates": [73.773699, 18.459902]}, "properties": {"depth": 0.7}}, {"type": "Feature", "geometry": {"type": "Point", "coordinates": [73.773569, 18.459915]}, "properties": {"depth": 0.7}}, {"type": "Feature", "geometry": {"type": "Point", "coordinates": [73.773635, 18.459918]}, "properties": {"depth": 0.7}}, {"type": "Feature", "geometry": {"type": "Point", "coordinates": [73.772919, 18.459925]}, "properties": {"depth": 0.3}}, {"type": "Feature", "geometry": {"type": "Point", "coordinates": [73.774253, 18.459958]}, "properties": {"depth": 4.9}}, {"type": "Feature", "geometry": {"type": "Point", "coordinates": [73.773921, 18.45999]}, "properties": {"depth": 3.9}}, {"type": "Feature", "geometry": {"type": "Point", "coordinates": [73.773795, 18.46]}, "properties": {"depth": 3.9}}, {"type": "Feature", "geometry": {"type": "Point", "coordinates": [73.774034, 18.460015]}, "properties": {"depth": 4.9}}, {"type": "Feature", "geometry": {"type": "Point", "coordinates": [73.774318, 18.460028]}, "properties": {"depth": 8.9}}, {"type": "Feature", "geometry": {"type": "Point", "coordinates": [73.774101, 18.460042]}, "properties": {"depth": 4.9}}, {"type": "Feature", "geometry": {"type": "Point", "coordinates": [73.773778, 18.460047]}, "properties": {"depth": 3.9}}, {"type": "Feature", "geometry": {"type": "Point", "coordinates": [73.773903, 18.460076]}, "properties": {"depth": 3.9}}, {"type": "Feature", "geometry": {"type": "Point", "coordinates": [73.774162, 18.460079]}, "properties": {"depth": 4.9}}, {"type": "Feature", "geometry": {"type": "Point", "coordinates": [73.774073, 18.460088]}, "properties": {"depth": 4.9}}, {"type": "Feature", "geometry": {"type": "Point", "coordinates": [73.773681, 18.459961]}, "properties": {"depth": 0.7}}, {"type": "Feature", "geometry": {"type": "Point", "coordinates": [73.773487, 18.460006]}, "properties": {"depth": 0.7}}, {"type": "Feature", "geometry": {"type": "Point", "coordinates": [73.77358, 18.460009]}, "properties": {"depth": 0.7}}, {"type": "Feature", "geometry": {"type": "Point", "coordinates": [73.773188, 18.460036]}, "properties": {"depth": 0.3}}, {"type": "Feature", "geometry": {"type": "Point", "coordinates": [73.773663, 18.460049]}, "properties": {"depth": 0.7}}, {"type": "Feature", "geometry": {"type": "Point", "coordinates": [73.773641, 18.460138]}, "properties": {"depth": 0.7}}, {"type": "Feature", "geometry": {"type": "Point", "coordinates": [73.773506, 18.460182]}, "properties": {"depth": 0.41}}, {"type": "Feature", "geometry": {"type": "Point", "coordinates": [73.773564, 18.460188]}, "properties": {"depth": 0.41}}, {"type": "Feature", "geometry": {"type": "Point", "coordinates": [73.773619, 18.46023]}, "properties": {"depth": 0.41}}, {"type": "Feature", "geometry": {"type": "Point", "coordinates": [73.773769, 18.460094]}, "properties": {"depth": 3.9}}, {"type": "Feature", "geometry": {"type": "Point", "coordinates": [73.773988, 18.460102]}, "properties": {"depth": 3.9}}, {"type": "Feature", "geometry": {"type": "Point", "coordinates": [73.773757, 18.460145]}, "properties": {"depth": 2.84}}, {"type": "Feature", "geometry": {"type": "Point", "coordinates": [73.774243, 18.460157]}, "properties": {"depth": 2.89}}, {"type": "Feature", "geometry": {"type": "Point", "coordinates": [73.774124, 18.460156]}, "properties": {"depth": 2.89}}, {"type": "Feature", "geometry": {"type": "Point", "coordinates": [73.773875, 18.460161]}, "properties": {"depth": 2.84}}, {"type": "Feature", "geometry": {"type": "Point", "coordinates": [73.773967, 18.460178]}, "properties": {"depth": 2.84}}, {"type": "Feature", "geometry": {"type": "Point", "coordinates": [73.77375, 18.460192]}, "properties": {"depth": 2.84}}, {"type": "Feature", "geometry": {"type": "Point", "coordinates": [73.774535, 18.460227]}, "properties": {"depth": 5.04}}, {"type": "Feature", "geometry": {"type": "Point", "coordinates": [73.774015, 18.460244]}, "properties": {"depth": 2.84}}, {"type": "Feature", "geometry": {"type": "Point", "coordinates": [73.773547, 18.460295]}, "properties": {"depth": 0.41}}, {"type": "Feature", "geometry": {"type": "Point", "coordinates": [73.773629, 18.460329]}, "properties": {"depth": 0.41}}, {"type": "Feature", "geometry": {"type": "Point", "coordinates": [73.77383, 18.460244]}, "properties": {"depth": 2.84}}, {"type": "Feature", "geometry": {"type": "Point", "coordinates": [73.774353, 18.460257]}, "properties": {"depth": 5.04}}, {"type": "Feature", "geometry": {"type": "Point", "coordinates": [73.774082, 18.460266]}, "properties": {"depth": 2.89}}, {"type": "Feature", "geometry": {"type": "Point", "coordinates": [73.774534, 18.460284]}, "properties": {"depth": 5.04}}, {"type": "Feature", "geometry": {"type": "Point", "coordinates": [73.774166, 18.460303]}, "properties": {"depth": 2.89}}, {"type": "Feature", "geometry": {"type": "Point", "coordinates": [73.774258, 18.460304]}, "properties": {"depth": 2.89}}, {"type": "Feature", "geometry": {"type": "Point", "coordinates": [73.773739, 18.460312]}, "properties": {"depth": 0.41}}, {"type": "Feature", "geometry": {"type": "Point", "coordinates": [73.774369, 18.460317]}, "properties": {"depth": 5.04}}, {"type": "Feature", "geometry": {"type": "Point", "coordinates": [73.774647, 18.460344]}, "properties": {"depth": 7.86}}, {"type": "Feature", "geometry": {"type": "Point", "coordinates": [73.773893, 18.460343]}, "properties": {"depth": 2.84}}, {"type": "Feature", "geometry": {"type": "Point", "coordinates": [73.773483, 18.460339]}, "properties": {"depth": 0.41}}, {"type": "Feature", "geometry": {"type": "Point", "coordinates": [73.773623, 18.460394]}, "properties": {"depth": 0.41}}, {"type": "Feature", "geometry": {"type": "Point", "coordinates": [73.773884, 18.460429]}, "properties": {"depth": 1.15}}, {"type": "Feature", "geometry": {"type": "Point", "coordinates": [73.774314, 18.460433]}, "properties": {"depth": 2.17}}, {"type": "Feature", "geometry": {"type": "Point", "coordinates": [73.773965, 18.460434]}, "properties": {"depth": 1.15}}, {"type": "Feature", "geometry": {"type": "Point", "coordinates": [73.774002, 18.460443]}, "properties": {"depth": 1.15}}, {"type": "Feature", "geometry": {"type": "Point", "coordinates": [73.774055, 18.460453]}, "properties": {"depth": 0.94}}, {"type": "Feature", "geometry": {"type": "Point", "coordinates": [73.773797, 18.460458]}, "properties": {"depth": 1.15}}, {"type": "Feature", "geometry": {"type": "Point", "coordinates": [73.774638, 18.46047]}, "properties": {"depth": 5.14}}, {"type": "Feature", "geometry": {"type": "Point", "coordinates": [73.773877, 18.460468]}, "properties": {"depth": 1.15}}, {"type": "Feature", "geometry": {"type": "Point", "coordinates": [73.77454, 18.460491]}, "properties": {"depth": 2.17}}, {"type": "Feature", "geometry": {"type": "Point", "coordinates": [73.773951, 18.46049]}, "properties": {"depth": 1.15}}, {"type": "Feature", "geometry": {"type": "Point", "coordinates": [73.774153, 18.460492]}, "properties": {"depth": 0.94}}, {"type": "Feature", "geometry": {"type": "Point", "coordinates": [73.774029, 18.460507]}, "properties": {"depth": 0.94}}, {"type": "Feature", "geometry": {"type": "Point", "coordinates": [73.774442, 18.460518]}, "properties": {"depth": 2.17}}, {"type": "Feature", "geometry": {"type": "Point", "coordinates": [73.774285, 18.460521]}, "properties": {"depth": 0.94}}, {"type": "Feature", "geometry": {"type": "Point", "coordinates": [73.773862, 18.460522]}, "properties": {"depth": 1.15}}, {"type": "Feature", "geometry": {"type": "Point", "coordinates": [73.774094, 18.460525]}, "properties": {"depth": 0.94}}, {"type": "Feature", "geometry": {"type": "Point", "coordinates": [73.773915, 18.46054]}, "properties": {"depth": 1.15}}, {"type": "Feature", "geometry": {"type": "Point", "coordinates": [73.773797, 18.460548]}, "properties": {"depth": 1.15}}, {"type": "Feature", "geometry": {"type": "Point", "coordinates": [73.774593, 18.460559]}, "properties": {"depth": 5.14}}, {"type": "Feature", "geometry": {"type": "Point", "coordinates": [73.752098, 18.551905]}, "properties": {"depth": 2.45}}, {"type": "Feature", "geometry": {"type": "Point", "coordinates": [73.752479, 18.551979]}, "properties": {"depth": 2.29}}, {"type": "Feature", "geometry": {"type": "Point", "coordinates": [73.755253, 18.551388]}, "properties": {"depth": 3.13}}, {"type": "Feature", "geometry": {"type": "Point", "coordinates": [73.755885, 18.551415]}, "properties": {"depth": 0.57}}, {"type": "Feature", "geometry": {"type": "Point", "coordinates": [73.755496, 18.551652]}, "properties": {"depth": 2.52}}, {"type": "Feature", "geometry": {"type": "Point", "coordinates": [73.755603, 18.551659]}, "properties": {"depth": 2.52}}, {"type": "Feature", "geometry": {"type": "Point", "coordinates": [73.755878, 18.551695]}, "properties": {"depth": 2.12}}, {"type": "Feature", "geometry": {"type": "Point", "coordinates": [73.756023, 18.551739]}, "properties": {"depth": 2.09}}, {"type": "Feature", "geometry": {"type": "Point", "coordinates": [73.755601, 18.551787]}, "properties": {"depth": 2.52}}, {"type": "Feature", "geometry": {"type": "Point", "coordinates": [73.756007, 18.551949]}, "properties": {"depth": 3.45}}, {"type": "Feature", "geometry": {"type": "Point", "coordinates": [73.755294, 18.551975]}, "properties": {"depth": 5.32}}, {"type": "Feature", "geometry": {"type": "Point", "coordinates": [73.754575, 18.552035]}, "properties": {"depth": 2.09}}, {"type": "Feature", "geometry": {"type": "Point", "coordinates": [73.755987, 18.552108]}, "properties": {"depth": 5.42}}, {"type": "Feature", "geometry": {"type": "Point", "coordinates": [73.755528, 18.552147]}, "properties": {"depth": 5.69}}, {"type": "Feature", "geometry": {"type": "Point", "coordinates": [73.754944, 18.552215]}, "properties": {"depth": 6.74}}, {"type": "Feature", "geometry": {"type": "Point", "coordinates": [73.754568, 18.552234]}, "properties": {"depth": 3.23}}, {"type": "Feature", "geometry": {"type": "Point", "coordinates": [73.755949, 18.55231]}, "properties": {"depth": 5.28}}, {"type": "Feature", "geometry": {"type": "Point", "coordinates": [73.756575, 18.552376]}, "properties": {"depth": 5.16}}, {"type": "Feature", "geometry": {"type": "Point", "coordinates": [73.755586, 18.552376]}, "properties": {"depth": 4.21}}, {"type": "Feature", "geometry": {"type": "Point", "coordinates": [73.75558, 18.552482]}, "properties": {"depth": 4.21}}, {"type": "Feature", "geometry": {"type": "Point", "coordinates": [73.755291, 18.55252]}, "properties": {"depth": 6.43}}, {"type": "Feature", "geometry": {"type": "Point", "coordinates": [73.756734, 18.552541]}, "properties": {"depth": 5.16}}, {"type": "Feature", "geometry": {"type": "Point", "coordinates": [73.756554, 18.55256]}, "properties": {"depth": 5.16}}, {"type": "Feature", "geometry": {"type": "Point", "coordinates": [73.75638, 18.552593]}, "properties": {"depth": 3.91}}, {"type": "Feature", "geometry": {"type": "Point", "coordinates": [73.755013, 18.552978]}, "properties": {"depth": 4.32}}, {"type": "Feature", "geometry": {"type": "Point", "coordinates": [73.754311, 18.553017]}, "properties": {"depth": 5.27}}, {"type": "Feature", "geometry": {"type": "Point", "coordinates": [73.754194, 18.553053]}, "properties": {"depth": 2.88}}, {"type": "Feature", "geometry": {"type": "Point", "coordinates": [73.754036, 18.553078]}, "properties": {"depth": 2.88}}, {"type": "Feature", "geometry": {"type": "Point", "coordinates": [73.75778, 18.553145]}, "properties": {"depth": 5.07}}, {"type": "Feature", "geometry": {"type": "Point", "coordinates": [73.754526, 18.553249]}, "properties": {"depth": 4.7}}, {"type": "Feature", "geometry": {"type": "Point", "coordinates": [73.754763, 18.553339]}, "properties": {"depth": 4.48}}, {"type": "Feature", "geometry": {"type": "Point", "coordinates": [73.754143, 18.553391]}, "properties": {"depth": 3.53}}, {"type": "Feature", "geometry": {"type": "Point", "coordinates": [73.758454, 18.55322]}, "properties": {"depth": 2.0}}, {"type": "Feature", "geometry": {"type": "Point", "coordinates": [73.750905, 18.552518]}, "properties": {"depth": 1.81}}, {"type": "Feature", "geometry": {"type": "Point", "coordinates": [73.753606, 18.553513]}, "properties": {"depth": 2.43}}, {"type": "Feature", "geometry": {"type": "Point", "coordinates": [73.7538, 18.553515]}, "properties": {"depth": 3.38}}, {"type": "Feature", "geometry": {"type": "Point", "coordinates": [73.751176, 18.554037]}, "properties": {"depth": 7.55}}, {"type": "Feature", "geometry": {"type": "Point", "coordinates": [73.750518, 18.554328]}, "properties": {"depth": 0.75}}, {"type": "Feature", "geometry": {"type": "Point", "coordinates": [73.757876, 18.553473]}, "properties": {"depth": 5.77}}, {"type": "Feature", "geometry": {"type": "Point", "coordinates": [73.754226, 18.553631]}, "properties": {"depth": 3.31}}, {"type": "Feature", "geometry": {"type": "Point", "coordinates": [73.75637, 18.553812]}, "properties": {"depth": 6.25}}, {"type": "Feature", "geometry": {"type": "Point", "coordinates": [73.755261, 18.553949]}, "properties": {"depth": 4.65}}, {"type": "Feature", "geometry": {"type": "Point", "coordinates": [73.755646, 18.553978]}, "properties": {"depth": 5.08}}, {"type": "Feature", "geometry": {"type": "Point", "coordinates": [73.755883, 18.553985]}, "properties": {"depth": 6.36}}, {"type": "Feature", "geometry": {"type": "Point", "coordinates": [73.755452, 18.553996]}, "properties": {"depth": 5.08}}, {"type": "Feature", "geometry": {"type": "Point", "coordinates": [73.75618, 18.554004]}, "properties": {"depth": 5.89}}, {"type": "Feature", "geometry": {"type": "Point", "coordinates": [73.755833, 18.554091]}, "properties": {"depth": 6.84}}, {"type": "Feature", "geometry": {"type": "Point", "coordinates": [73.755554, 18.55413]}, "properties": {"depth": 5.2}}, {"type": "Feature", "geometry": {"type": "Point", "coordinates": [73.749516, 18.554287]}, "properties": {"depth": 2.18}}, {"type": "Feature", "geometry": {"type": "Point", "coordinates": [73.747952, 18.554685]}, "properties": {"depth": 2.06}}, {"type": "Feature", "geometry": {"type": "Point", "coordinates": [73.748336, 18.554712]}, "properties": {"depth": 3.87}}, {"type": "Feature", "geometry": {"type": "Point", "coordinates": [73.748586, 18.555062]}, "properties": {"depth": 3.37}}, {"type": "Feature", "geometry": {"type": "Point", "coordinates": [73.748528, 18.55534]}, "properties": {"depth": 5.94}}, {"type": "Feature", "geometry": {"type": "Point", "coordinates": [73.748083, 18.555351]}, "properties": {"depth": 4.92}}, {"type": "Feature", "geometry": {"type": "Point", "coordinates": [73.746381, 18.555769]}, "properties": {"depth": 1.85}}, {"type": "Feature", "geometry": {"type": "Point", "coordinates": [73.746659, 18.556279]}, "properties": {"depth": 3.04}}, {"type": "Feature", "geometry": {"type": "Point", "coordinates": [73.746287, 18.556531]}, "properties": {"depth": 2.12}}, {"type": "Feature", "geometry": {"type": "Point", "coordinates": [73.749043, 18.56374]}, "properties": {"depth": 0.5}}, {"type": "Feature", "geometry": {"type": "Point", "coordinates": [73.745008, 18.565713]}, "properties": {"depth": 1.64}}, {"type": "Feature", "geometry": {"type": "Point", "coordinates": [73.755394, 18.554139]}, "properties": {"depth": 3.83}}, {"type": "Feature", "geometry": {"type": "Point", "coordinates": [73.755168, 18.554159]}, "properties": {"depth": 3.83}}, {"type": "Feature", "geometry": {"type": "Point", "coordinates": [73.755668, 18.554201]}, "properties": {"depth": 5.2}}, {"type": "Feature", "geometry": {"type": "Point", "coordinates": [73.756043, 18.554219]}, "properties": {"depth": 6.39}}, {"type": "Feature", "geometry": {"type": "Point", "coordinates": [73.755291, 18.554326]}, "properties": {"depth": 4.81}}, {"type": "Feature", "geometry": {"type": "Point", "coordinates": [73.755654, 18.554344]}, "properties": {"depth": 5.59}}, {"type": "Feature", "geometry": {"type": "Point", "coordinates": [73.755163, 18.554378]}, "properties": {"depth": 4.81}}, {"type": "Feature", "geometry": {"type": "Point", "coordinates": [73.755217, 18.554515]}, "properties": {"depth": 4.81}}, {"type": "Feature", "geometry": {"type": "Point", "coordinates": [73.755474, 18.554518]}, "properties": {"depth": 5.59}}, {"type": "Feature", "geometry": {"type": "Point", "coordinates": [73.755788, 18.554577]}, "properties": {"depth": 8.36}}, {"type": "Feature", "geometry": {"type": "Point", "coordinates": [73.755298, 18.554635]}, "properties": {"depth": 5.5}}, {"type": "Feature", "geometry": {"type": "Point", "coordinates": [73.755461, 18.554641]}, "properties": {"depth": 6.6}}, {"type": "Feature", "geometry": {"type": "Point", "coordinates": [73.755633, 18.555002]}, "properties": {"depth": 6.64}}, {"type": "Feature", "geometry": {"type": "Point", "coordinates": [73.755403, 18.555057]}, "properties": {"depth": 7.71}}, {"type": "Feature", "geometry": {"type": "Point", "coordinates": [73.755693, 18.55511]}, "properties": {"depth": 6.64}}, {"type": "Feature", "geometry": {"type": "Point", "coordinates": [73.756341, 18.555177]}, "properties": {"depth": 6.97}}, {"type": "Feature", "geometry": {"type": "Point", "coordinates": [73.756539, 18.555232]}, "properties": {"depth": 6.23}}, {"type": "Feature", "geometry": {"type": "Point", "coordinates": [73.756702, 18.555289]}, "properties": {"depth": 6.23}}, {"type": "Feature", "geometry": {"type": "Point", "coordinates": [73.755387, 18.555316]}, "properties": {"depth": 8.22}}, {"type": "Feature", "geometry": {"type": "Point", "coordinates": [73.755913, 18.55539]}, "properties": {"depth": 8.26}}, {"type": "Feature", "geometry": {"type": "Point", "coordinates": [73.751182, 18.554438]}, "properties": {"depth": 9.56}}, {"type": "Feature", "geometry": {"type": "Point", "coordinates": [73.750428, 18.554731]}, "properties": {"depth": 1.79}}, {"type": "Feature", "geometry": {"type": "Point", "coordinates": [73.753151, 18.5552]}, "properties": {"depth": 7.37}}, {"type": "Feature", "geometry": {"type": "Point", "coordinates": [73.752915, 18.555219]}, "properties": {"depth": 7.66}}, {"type": "Feature", "geometry": {"type": "Point", "coordinates": [73.752543, 18.555265]}, "properties": {"depth": 9.66}}, {"type": "Feature", "geometry": {"type": "Point", "coordinates": [73.753548, 18.555343]}, "properties": {"depth": 5.15}}, {"type": "Feature", "geometry": {"type": "Point", "coordinates": [73.752413, 18.555592]}, "properties": {"depth": 9.44}}, {"type": "Feature", "geometry": {"type": "Point", "coordinates": [73.751763, 18.555593]}, "properties": {"depth": 10.18}}, {"type": "Feature", "geometry": {"type": "Point", "coordinates": [73.752644, 18.555808]}, "properties": {"depth": 8.36}}, {"type": "Feature", "geometry": {"type": "Point", "coordinates": [73.75214, 18.555874]}, "properties": {"depth": 9.26}}, {"type": "Feature", "geometry": {"type": "Point", "coordinates": [73.756827, 18.555418]}, "properties": {"depth": 8.9}}, {"type": "Feature", "geometry": {"type": "Point", "coordinates": [73.756687, 18.555497]}, "properties": {"depth": 8.36}}, {"type": "Feature", "geometry": {"type": "Point", "coordinates": [73.755653, 18.555508]}, "properties": {"depth": 7.14}}, {"type": "Feature", "geometry": {"type": "Point", "coordinates": [73.755661, 18.555603]}, "properties": {"depth": 7.14}}, {"type": "Feature", "geometry": {"type": "Point", "coordinates": [73.755864, 18.555615]}, "properties": {"depth": 7.95}}, {"type": "Feature", "geometry": {"type": "Point", "coordinates": [73.755742, 18.55569]}, "properties": {"depth": 7.95}}, {"type": "Feature", "geometry": {"type": "Point", "coordinates": [73.756309, 18.555777]}, "properties": {"depth": 7.58}}, {"type": "Feature", "geometry": {"type": "Point", "coordinates": [73.755659, 18.555792]}, "properties": {"depth": 8.35}}, {"type": "Feature", "geometry": {"type": "Point", "coordinates": [73.755521, 18.555797]}, "properties": {"depth": 8.35}}, {"type": "Feature", "geometry": {"type": "Point", "coordinates": [73.756472, 18.555817]}, "properties": {"depth": 7.58}}, {"type": "Feature", "geometry": {"type": "Point", "coordinates": [73.756309, 18.555971]}, "properties": {"depth": 7.58}}, {"type": "Feature", "geometry": {"type": "Point", "coordinates": [73.755863, 18.555988]}, "properties": {"depth": 9.29}}, {"type": "Feature", "geometry": {"type": "Point", "coordinates": [73.755871, 18.556095]}, "properties": {"depth": 9.29}}, {"type": "Feature", "geometry": {"type": "Point", "coordinates": [73.755894, 18.556151]}, "properties": {"depth": 9.29}}, {"type": "Feature", "geometry": {"type": "Point", "coordinates": [73.755725, 18.556177]}, "properties": {"depth": 9.29}}, {"type": "Feature", "geometry": {"type": "Point", "coordinates": [73.755894, 18.556201]}, "properties": {"depth": 9.29}}, {"type": "Feature", "geometry": {"type": "Point", "coordinates": [73.755314, 18.5563]}, "properties": {"depth": 5.98}}, {"type": "Feature", "geometry": {"type": "Point", "coordinates": [73.755575, 18.55637]}, "properties": {"depth": 6.94}}, {"type": "Feature", "geometry": {"type": "Point", "coordinates": [73.755273, 18.556431]}, "properties": {"depth": 5.98}}, {"type": "Feature", "geometry": {"type": "Point", "coordinates": [73.755549, 18.556439]}, "properties": {"depth": 6.94}}, {"type": "Feature", "geometry": {"type": "Point", "coordinates": [73.755595, 18.556511]}, "properties": {"depth": 6.94}}, {"type": "Feature", "geometry": {"type": "Point", "coordinates": [73.755295, 18.556514]}, "properties": {"depth": 5.98}}, {"type": "Feature", "geometry": {"type": "Point", "coordinates": [73.755981, 18.556584]}, "properties": {"depth": 8.73}}, {"type": "Feature", "geometry": {"type": "Point", "coordinates": [73.755607, 18.556594]}, "properties": {"depth": 6.49}}, {"type": "Feature", "geometry": {"type": "Point", "coordinates": [73.755301, 18.556594]}, "properties": {"depth": 5.68}}, {"type": "Feature", "geometry": {"type": "Point", "coordinates": [73.75589, 18.5566]}, "properties": {"depth": 6.44}}, {"type": "Feature", "geometry": {"type": "Point", "coordinates": [73.755525, 18.556698]}, "properties": {"depth": 6.49}}, {"type": "Feature", "geometry": {"type": "Point", "coordinates": [73.755728, 18.556708]}, "properties": {"depth": 6.44}}, {"type": "Feature", "geometry": {"type": "Point", "coordinates": [73.755153, 18.556725]}, "properties": {"depth": 5.68}}, {"type": "Feature", "geometry": {"type": "Point", "coordinates": [73.755853, 18.556747]}, "properties": {"depth": 6.44}}, {"type": "Feature", "geometry": {"type": "Point", "coordinates": [73.755293, 18.55676]}, "properties": {"depth": 5.68}}, {"type": "Feature", "geometry": {"type": "Point", "coordinates": [73.755748, 18.556821]}, "properties": {"depth": 8.24}}, {"type": "Feature", "geometry": {"type": "Point", "coordinates": [73.755914, 18.556823]}, "properties": {"depth": 8.24}}, {"type": "Feature", "geometry": {"type": "Point", "coordinates": [73.755521, 18.556886]}, "properties": {"depth": 7.17}}, {"type": "Feature", "geometry": {"type": "Point", "coordinates": [73.755431, 18.556904]}, "properties": {"depth": 7.17}}, {"type": "Feature", "geometry": {"type": "Point", "coordinates": [73.755693, 18.557087]}, "properties": {"depth": 8.08}}, {"type": "Feature", "geometry": {"type": "Point", "coordinates": [73.75481, 18.557765]}, "properties": {"depth": 6.31}}, {"type": "Feature", "geometry": {"type": "Point", "coordinates": [73.754552, 18.557772]}, "properties": {"depth": 5.62}}, {"type": "Feature", "geometry": {"type": "Point", "coordinates": [73.752576, 18.55691]}, "properties": {"depth": 6.8}}, {"type": "Feature", "geometry": {"type": "Point", "coordinates": [73.753218, 18.557148]}, "properties": {"depth": 5.75}}, {"type": "Feature", "geometry": {"type": "Point", "coordinates": [73.752137, 18.566404]}, "properties": {"depth": 0.22}}, {"type": "Feature", "geometry": {"type": "Point", "coordinates": [73.752296, 18.566416]}, "properties": {"depth": 0.22}}, {"type": "Feature", "geometry": {"type": "Point", "coordinates": [73.752132, 18.566485]}, "properties": {"depth": 0.22}}, {"type": "Feature", "geometry": {"type": "Point", "coordinates": [73.752289, 18.566501]}, "properties": {"depth": 0.22}}, {"type": "Feature", "geometry": {"type": "Point", "coordinates": [73.752129, 18.566568]}, "properties": {"depth": 0.01}}, {"type": "Feature", "geometry": {"type": "Point", "coordinates": [73.752281, 18.566588]}, "properties": {"depth": 0.01}}, {"type": "Feature", "geometry": {"type": "Point", "coordinates": [73.752126, 18.566665]}, "properties": {"depth": 0.01}}, {"type": "Feature", "geometry": {"type": "Point", "coordinates": [73.752109, 18.566975]}, "properties": {"depth": 0.15}}, {"type": "Feature", "geometry": {"type": "Point", "coordinates": [73.751907, 18.567429]}, "properties": {"depth": 3.29}}, {"type": "Feature", "geometry": {"type": "Point", "coordinates": [73.751771, 18.56806]}, "properties": {"depth": 4.12}}, {"type": "Feature", "geometry": {"type": "Point", "coordinates": [73.752064, 18.568099]}, "properties": {"depth": 3.39}}, {"type": "Feature", "geometry": {"type": "Point", "coordinates": [73.750015, 18.568467]}, "properties": {"depth": 8.32}}, {"type": "Feature", "geometry": {"type": "Point", "coordinates": [73.81612, 18.479194]}, "properties": {"depth": 4.83}}, {"type": "Feature", "geometry": {"type": "Point", "coordinates": [73.815738, 18.481727]}, "properties": {"depth": 1.83}}, {"type": "Feature", "geometry": {"type": "Point", "coordinates": [73.816191, 18.481602]}, "properties": {"depth": 0.79}}, {"type": "Feature", "geometry": {"type": "Point", "coordinates": [73.816339, 18.481674]}, "properties": {"depth": 1.3}}, {"type": "Feature", "geometry": {"type": "Point", "coordinates": [73.816451, 18.481789]}, "properties": {"depth": 1.3}}, {"type": "Feature", "geometry": {"type": "Point", "coordinates": [73.815842, 18.481821]}, "properties": {"depth": 2.12}}, {"type": "Feature", "geometry": {"type": "Point", "coordinates": [73.815975, 18.481843]}, "properties": {"depth": 2.71}}, {"type": "Feature", "geometry": {"type": "Point", "coordinates": [73.816229, 18.482093]}, "properties": {"depth": 1.71}}, {"type": "Feature", "geometry": {"type": "Point", "coordinates": [73.816582, 18.482412]}, "properties": {"depth": 1.74}}, {"type": "Feature", "geometry": {"type": "Point", "coordinates": [73.816713, 18.482506]}, "properties": {"depth": 1.74}}, {"type": "Feature", "geometry": {"type": "Point", "coordinates": [73.821322, 18.480082]}, "properties": {"depth": 1.09}}, {"type": "Feature", "geometry": {"type": "Point", "coordinates": [73.821939, 18.480296]}, "properties": {"depth": 0.06}}, {"type": "Feature", "geometry": {"type": "Point", "coordinates": [73.822045, 18.480335]}, "properties": {"depth": 0.06}}, {"type": "Feature", "geometry": {"type": "Point", "coordinates": [73.821343, 18.480383]}, "properties": {"depth": 0.67}}, {"type": "Feature", "geometry": {"type": "Point", "coordinates": [73.822021, 18.480409]}, "properties": {"depth": 0.06}}, {"type": "Feature", "geometry": {"type": "Point", "coordinates": [73.822221, 18.48042]}, "properties": {"depth": 1.55}}, {"type": "Feature", "geometry": {"type": "Point", "coordinates": [73.821995, 18.480554]}, "properties": {"depth": 0.94}}, {"type": "Feature", "geometry": {"type": "Point", "coordinates": [73.822084, 18.480556]}, "properties": {"depth": 1.55}}, {"type": "Feature", "geometry": {"type": "Point", "coordinates": [73.821809, 18.48057]}, "properties": {"depth": 0.94}}, {"type": "Feature", "geometry": {"type": "Point", "coordinates": [73.821995, 18.481074]}, "properties": {"depth": 0.92}}, {"type": "Feature", "geometry": {"type": "Point", "coordinates": [73.821997, 18.481123]}, "properties": {"depth": 0.92}}, {"type": "Feature", "geometry": {"type": "Point", "coordinates": [73.82132, 18.481189]}, "properties": {"depth": 0.01}}, {"type": "Feature", "geometry": {"type": "Point", "coordinates": [73.821509, 18.481208]}, "properties": {"depth": 0.01}}, {"type": "Feature", "geometry": {"type": "Point", "coordinates": [73.821824, 18.481218]}, "properties": {"depth": 0.92}}, {"type": "Feature", "geometry": {"type": "Point", "coordinates": [73.821736, 18.481239]}, "properties": {"depth": 0.17}}, {"type": "Feature", "geometry": {"type": "Point", "coordinates": [73.82168, 18.481241]}, "properties": {"depth": 0.17}}, {"type": "Feature", "geometry": {"type": "Point", "coordinates": [73.822325, 18.481277]}, "properties": {"depth": 2.98}}, {"type": "Feature", "geometry": {"type": "Point", "coordinates": [73.822216, 18.481284]}, "properties": {"depth": 2.98}}, {"type": "Feature", "geometry": {"type": "Point", "coordinates": [73.822116, 18.481387]}, "properties": {"depth": 2.98}}, {"type": "Feature", "geometry": {"type": "Point", "coordinates": [73.823574, 18.479847]}, "properties": {"depth": 1.06}}, {"type": "Feature", "geometry": {"type": "Point", "coordinates": [73.822382, 18.480927]}, "properties": {"depth": 2.55}}, {"type": "Feature", "geometry": {"type": "Point", "coordinates": [73.822486, 18.481149]}, "properties": {"depth": 2.46}}, {"type": "Feature", "geometry": {"type": "Point", "coordinates": [73.822086, 18.481538]}, "properties": {"depth": 4.59}}, {"type": "Feature", "geometry": {"type": "Point", "coordinates": [73.821338, 18.481709]}, "properties": {"depth": 0.44}}, {"type": "Feature", "geometry": {"type": "Point", "coordinates": [73.821558, 18.481753]}, "properties": {"depth": 0.57}}, {"type": "Feature", "geometry": {"type": "Point", "coordinates": [73.822201, 18.48176]}, "properties": {"depth": 4.59}}, {"type": "Feature", "geometry": {"type": "Point", "coordinates": [73.821905, 18.481789]}, "properties": {"depth": 3.34}}, {"type": "Feature", "geometry": {"type": "Point", "coordinates": [73.822208, 18.481914]}, "properties": {"depth": 4.31}}, {"type": "Feature", "geometry": {"type": "Point", "coordinates": [73.822057, 18.483451]}, "properties": {"depth": 2.75}}, {"type": "Feature", "geometry": {"type": "Point", "coordinates": [73.821595, 18.483587]}, "properties": {"depth": 1.58}}, {"type": "Feature", "geometry": {"type": "Point", "coordinates": [73.821309, 18.483806]}, "properties": {"depth": 1.81}}, {"type": "Feature", "geometry": {"type": "Point", "coordinates": [73.822029, 18.480859]}, "properties": {"depth": 1.5}}, {"type": "Feature", "geometry": {"type": "Point", "coordinates": [73.821199, 18.480985]}, "properties": {"depth": 0.11}}, {"type": "Feature", "geometry": {"type": "Point", "coordinates": [73.821786, 18.480989]}, "properties": {"depth": 0.17}}, {"type": "Feature", "geometry": {"type": "Point", "coordinates": [73.821513, 18.480996]}, "properties": {"depth": 0.01}}, {"type": "Feature", "geometry": {"type": "Point", "coordinates": [73.822015, 18.480998]}, "properties": {"depth": 0.92}}, {"type": "Feature", "geometry": {"type": "Point", "coordinates": [73.821675, 18.480998]}, "properties": {"depth": 0.17}}, {"type": "Feature", "geometry": {"type": "Point", "coordinates": [73.821883, 18.481019]}, "properties": {"depth": 0.92}}, {"type": "Feature", "geometry": {"type": "Point", "coordinates": [73.819986, 18.483511]}, "properties": {"depth": 0.72}}, {"type": "Feature", "geometry": {"type": "Point", "coordinates": [73.817124, 18.482649]}, "properties": {"depth": 0.02}}, {"type": "Feature", "geometry": {"type": "Point", "coordinates": [73.817171, 18.482784]}, "properties": {"depth": 0.02}}, {"type": "Feature", "geometry": {"type": "Point", "coordinates": [73.817093, 18.482788]}, "properties": {"depth": 0.02}}, {"type": "Feature", "geometry": {"type": "Point", "coordinates": [73.831119, 18.474586]}, "properties": {"depth": 19.05}}, {"type": "Feature", "geometry": {"type": "Point", "coordinates": [73.83097, 18.474659]}, "properties": {"depth": 21.42}}, {"type": "Feature", "geometry": {"type": "Point", "coordinates": [73.831725, 18.474733]}, "properties": {"depth": 20.8}}, {"type": "Feature", "geometry": {"type": "Point", "coordinates": [73.831749, 18.474895]}, "properties": {"depth": 24.19}}, {"type": "Feature", "geometry": {"type": "Point", "coordinates": [73.831522, 18.475158]}, "properties": {"depth": 19.36}}, {"type": "Feature", "geometry": {"type": "Point", "coordinates": [73.831153, 18.475194]}, "properties": {"depth": 21.61}}, {"type": "Feature", "geometry": {"type": "Point", "coordinates": [73.826257, 18.47434]}, "properties": {"depth": 24.95}}, {"type": "Feature", "geometry": {"type": "Point", "coordinates": [73.825389, 18.475468]}, "properties": {"depth": 25.66}}, {"type": "Feature", "geometry": {"type": "Point", "coordinates": [73.82565, 18.47554]}, "properties": {"depth": 25.88}}, {"type": "Feature", "geometry": {"type": "Point", "coordinates": [73.825577, 18.475862]}, "properties": {"depth": 23.63}}, {"type": "Feature", "geometry": {"type": "Point", "coordinates": [73.826049, 18.475847]}, "properties": {"depth": 24.56}}, {"type": "Feature", "geometry": {"type": "Point", "coordinates": [73.8262, 18.476198]}, "properties": {"depth": 26.67}}, {"type": "Feature", "geometry": {"type": "Point", "coordinates": [73.828213, 18.47467]}, "properties": {"depth": 24.18}}, {"type": "Feature", "geometry": {"type": "Point", "coordinates": [73.827866, 18.474721]}, "properties": {"depth": 27.12}}, {"type": "Feature", "geometry": {"type": "Point", "coordinates": [73.828357, 18.474721]}, "properties": {"depth": 24.18}}, {"type": "Feature", "geometry": {"type": "Point", "coordinates": [73.828192, 18.474739]}, "properties": {"depth": 26.34}}, {"type": "Feature", "geometry": {"type": "Point", "coordinates": [73.828449, 18.474746]}, "properties": {"depth": 24.18}}, {"type": "Feature", "geometry": {"type": "Point", "coordinates": [73.828266, 18.474888]}, "properties": {"depth": 28.74}}, {"type": "Feature", "geometry": {"type": "Point", "coordinates": [73.827483, 18.476213]}, "properties": {"depth": 30.68}}, {"type": "Feature", "geometry": {"type": "Point", "coordinates": [73.827638, 18.476227]}, "properties": {"depth": 30.68}}, {"type": "Feature", "geometry": {"type": "Point", "coordinates": [73.826636, 18.476074]}, "properties": {"depth": 28.23}}, {"type": "Feature", "geometry": {"type": "Point", "coordinates": [73.826815, 18.476086]}, "properties": {"depth": 26.51}}, {"type": "Feature", "geometry": {"type": "Point", "coordinates": [73.826393, 18.476188]}, "properties": {"depth": 29.2}}, {"type": "Feature", "geometry": {"type": "Point", "coordinates": [73.825079, 18.47538]}, "properties": {"depth": 28.0}}, {"type": "Feature", "geometry": {"type": "Point", "coordinates": [73.825005, 18.475619]}, "properties": {"depth": 26.33}}, {"type": "Feature", "geometry": {"type": "Point", "coordinates": [73.825326, 18.475817]}, "properties": {"depth": 23.91}}, {"type": "Feature", "geometry": {"type": "Point", "coordinates": [73.824981, 18.475876]}, "properties": {"depth": 26.84}}, {"type": "Feature", "geometry": {"type": "Point", "coordinates": [73.827863, 18.476472]}, "properties": {"depth": 29.27}}, {"type": "Feature", "geometry": {"type": "Point", "coordinates": [73.830271, 18.474666]}, "properties": {"depth": 25.2}}, {"type": "Feature", "geometry": {"type": "Point", "coordinates": [73.830145, 18.474678]}, "properties": {"depth": 25.2}}, {"type": "Feature", "geometry": {"type": "Point", "coordinates": [73.829978, 18.474686]}, "properties": {"depth": 26.76}}, {"type": "Feature", "geometry": {"type": "Point", "coordinates": [73.829891, 18.474717]}, "properties": {"depth": 26.76}}, {"type": "Feature", "geometry": {"type": "Point", "coordinates": [73.829772, 18.474746]}, "properties": {"depth": 27.42}}, {"type": "Feature", "geometry": {"type": "Point", "coordinates": [73.830725, 18.474776]}, "properties": {"depth": 21.42}}, {"type": "Feature", "geometry": {"type": "Point", "coordinates": [73.830568, 18.474851]}, "properties": {"depth": 23.49}}, {"type": "Feature", "geometry": {"type": "Point", "coordinates": [73.830856, 18.474869]}, "properties": {"depth": 24.55}}, {"type": "Feature", "geometry": {"type": "Point", "coordinates": [73.830761, 18.474874]}, "properties": {"depth": 24.55}}, {"type": "Feature", "geometry": {"type": "Point", "coordinates": [73.83067, 18.474886]}, "properties": {"depth": 24.35}}, {"type": "Feature", "geometry": {"type": "Point", "coordinates": [73.830447, 18.474904]}, "properties": {"depth": 24.35}}, {"type": "Feature", "geometry": {"type": "Point", "coordinates": [73.829932, 18.474912]}, "properties": {"depth": 28.52}}, {"type": "Feature", "geometry": {"type": "Point", "coordinates": [73.830191, 18.474917]}, "properties": {"depth": 27.54}}, {"type": "Feature", "geometry": {"type": "Point", "coordinates": [73.829775, 18.474916]}, "properties": {"depth": 28.28}}, {"type": "Feature", "geometry": {"type": "Point", "coordinates": [73.830712, 18.474979]}, "properties": {"depth": 24.55}}, {"type": "Feature", "geometry": {"type": "Point", "coordinates": [73.830847, 18.474999]}, "properties": {"depth": 24.55}}, {"type": "Feature", "geometry": {"type": "Point", "coordinates": [73.830541, 18.475291]}, "properties": {"depth": 19.44}}, {"type": "Feature", "geometry": {"type": "Point", "coordinates": [73.83075, 18.475527]}, "properties": {"depth": 24.67}}, {"type": "Feature", "geometry": {"type": "Point", "coordinates": [73.830858, 18.475578]}, "properties": {"depth": 24.67}}, {"type": "Feature", "geometry": {"type": "Point", "coordinates": [73.830547, 18.475741]}, "properties": {"depth": 30.55}}, {"type": "Feature", "geometry": {"type": "Point", "coordinates": [73.82864, 18.474333]}, "properties": {"depth": 21.77}}, {"type": "Feature", "geometry": {"type": "Point", "coordinates": [73.828576, 18.4745]}, "properties": {"depth": 21.77}}, {"type": "Feature", "geometry": {"type": "Point", "coordinates": [73.828538, 18.474563]}, "properties": {"depth": 21.77}}, {"type": "Feature", "geometry": {"type": "Point", "coordinates": [73.828517, 18.474602]}, "properties": {"depth": 25.48}}, {"type": "Feature", "geometry": {"type": "Point", "coordinates": [73.828666, 18.474805]}, "properties": {"depth": 25.48}}, {"type": "Feature", "geometry": {"type": "Point", "coordinates": [73.828527, 18.474843]}, "properties": {"depth": 25.48}}, {"type": "Feature", "geometry": {"type": "Point", "coordinates": [73.828844, 18.474845]}, "properties": {"depth": 27.1}}, {"type": "Feature", "geometry": {"type": "Point", "coordinates": [73.829663, 18.474941]}, "properties": {"depth": 28.28}}, {"type": "Feature", "geometry": {"type": "Point", "coordinates": [73.828805, 18.476333]}, "properties": {"depth": 22.58}}, {"type": "Feature", "geometry": {"type": "Point", "coordinates": [73.828889, 18.476497]}, "properties": {"depth": 22.58}}, {"type": "Feature", "geometry": {"type": "Point", "coordinates": [73.830705, 18.475949]}, "properties": {"depth": 29.99}}, {"type": "Feature", "geometry": {"type": "Point", "coordinates": [73.830863, 18.476093]}, "properties": {"depth": 30.85}}, {"type": "Feature", "geometry": {"type": "Point", "coordinates": [73.831258, 18.475411]}, "properties": {"depth": 19.36}}, {"type": "Feature", "geometry": {"type": "Point", "coordinates": [73.831481, 18.475613]}, "properties": {"depth": 23.2}}, {"type": "Feature", "geometry": {"type": "Point", "coordinates": [73.825689, 18.481799]}, "properties": {"depth": 1.35}}, {"type": "Feature", "geometry": {"type": "Point", "coordinates": [73.825357, 18.482426]}, "properties": {"depth": 0.48}}, {"type": "Feature", "geometry": {"type": "Point", "coordinates": [73.825683, 18.482516]}, "properties": {"depth": 0.18}}, {"type": "Feature", "geometry": {"type": "Point", "coordinates": [73.825651, 18.483627]}, "properties": {"depth": 2.52}}, {"type": "Feature", "geometry": {"type": "Point", "coordinates": [73.826236, 18.483924]}, "properties": {"depth": 10.15}}, {"type": "Feature", "geometry": {"type": "Point", "coordinates": [73.827148, 18.484616]}, "properties": {"depth": 0.27}}, {"type": "Feature", "geometry": {"type": "Point", "coordinates": [73.834798, 18.490896]}, "properties": {"depth": 0.94}}, {"type": "Feature", "geometry": {"type": "Point", "coordinates": [73.834258, 18.491023]}, "properties": {"depth": 0.97}}, {"type": "Feature", "geometry": {"type": "Point", "coordinates": [73.834968, 18.491168]}, "properties": {"depth": 0.2}}, {"type": "Feature", "geometry": {"type": "Point", "coordinates": [73.834103, 18.491165]}, "properties": {"depth": 0.97}}, {"type": "Feature", "geometry": {"type": "Point", "coordinates": [73.828521, 18.487785]}, "properties": {"depth": 2.77}}, {"type": "Feature", "geometry": {"type": "Point", "coordinates": [73.829207, 18.488832]}, "properties": {"depth": 0.32}}, {"type": "Feature", "geometry": {"type": "Point", "coordinates": [73.829843, 18.489866]}, "properties": {"depth": 5.2}}, {"type": "Feature", "geometry": {"type": "Point", "coordinates": [73.82975, 18.489944]}, "properties": {"depth": 5.2}}, {"type": "Feature", "geometry": {"type": "Point", "coordinates": [73.831464, 18.491183]}, "properties": {"depth": 1.83}}, {"type": "Feature", "geometry": {"type": "Point", "coordinates": [73.83098, 18.491432]}, "properties": {"depth": 1.29}}, {"type": "Feature", "geometry": {"type": "Point", "coordinates": [73.830778, 18.491645]}, "properties": {"depth": 6.17}}, {"type": "Feature", "geometry": {"type": "Point", "coordinates": [73.831288, 18.491734]}, "properties": {"depth": 4.18}}, {"type": "Feature", "geometry": {"type": "Point", "coordinates": [73.831412, 18.491963]}, "properties": {"depth": 4.58}}, {"type": "Feature", "geometry": {"type": "Point", "coordinates": [73.830609, 18.49137]}, "properties": {"depth": 4.09}}, {"type": "Feature", "geometry": {"type": "Point", "coordinates": [73.835516, 18.491801]}, "properties": {"depth": 2.55}}, {"type": "Feature", "geometry": {"type": "Point", "coordinates": [73.833264, 18.491565]}, "properties": {"depth": 1.78}}, {"type": "Feature", "geometry": {"type": "Point", "coordinates": [73.832915, 18.491741]}, "properties": {"depth": 0.16}}, {"type": "Feature", "geometry": {"type": "Point", "coordinates": [73.833255, 18.492154]}, "properties": {"depth": 3.6}}, {"type": "Feature", "geometry": {"type": "Point", "coordinates": [73.832171, 18.492384]}, "properties": {"depth": 1.61}}, {"type": "Feature", "geometry": {"type": "Point", "coordinates": [73.832568, 18.492487]}, "properties": {"depth": 0.51}}, {"type": "Feature", "geometry": {"type": "Point", "coordinates": [73.83308, 18.492483]}, "properties": {"depth": 0.02}}, {"type": "Feature", "geometry": {"type": "Point", "coordinates": [73.833587, 18.492646]}, "properties": {"depth": 3.1}}, {"type": "Feature", "geometry": {"type": "Point", "coordinates": [73.832327, 18.49268]}, "properties": {"depth": 0.16}}, {"type": "Feature", "geometry": {"type": "Point", "coordinates": [73.83403, 18.49242]}, "properties": {"depth": 2.89}}, {"type": "Feature", "geometry": {"type": "Point", "coordinates": [73.834259, 18.492629]}, "properties": {"depth": 2.89}}, {"type": "Feature", "geometry": {"type": "Point", "coordinates": [73.834453, 18.492764]}, "properties": {"depth": 5.43}}, {"type": "Feature", "geometry": {"type": "Point", "coordinates": [73.834495, 18.493154]}, "properties": {"depth": 3.45}}, {"type": "Feature", "geometry": {"type": "Point", "coordinates": [73.834869, 18.493734]}, "properties": {"depth": 5.63}}, {"type": "Feature", "geometry": {"type": "Point", "coordinates": [73.834703, 18.494]}, "properties": {"depth": 0.03}}, {"type": "Feature", "geometry": {"type": "Point", "coordinates": [73.835574, 18.493921]}, "properties": {"depth": 1.02}}, {"type": "Feature", "geometry": {"type": "Point", "coordinates": [73.832723, 18.492999]}, "properties": {"depth": 2.95}}, {"type": "Feature", "geometry": {"type": "Point", "coordinates": [73.832471, 18.493293]}, "properties": {"depth": 0.16}}, {"type": "Feature", "geometry": {"type": "Point", "coordinates": [73.833146, 18.494039]}, "properties": {"depth": 1.29}}, {"type": "Feature", "geometry": {"type": "Point", "coordinates": [73.832571, 18.494182]}, "properties": {"depth": 4.66}}, {"type": "Feature", "geometry": {"type": "Point", "coordinates": [73.832741, 18.494352]}, "properties": {"depth": 2.63}}, {"type": "Feature", "geometry": {"type": "Point", "coordinates": [73.834036, 18.49421]}, "properties": {"depth": 1.37}}, {"type": "Feature", "geometry": {"type": "Point", "coordinates": [73.834726, 18.494738]}, "properties": {"depth": 4.93}}, {"type": "Feature", "geometry": {"type": "Point", "coordinates": [73.834274, 18.495111]}, "properties": {"depth": 2.56}}, {"type": "Feature", "geometry": {"type": "Point", "coordinates": [73.834922, 18.495274]}, "properties": {"depth": 7.11}}, {"type": "Feature", "geometry": {"type": "Point", "coordinates": [73.836037, 18.494554]}, "properties": {"depth": 1.21}}, {"type": "Feature", "geometry": {"type": "Point", "coordinates": [73.836362, 18.494661]}, "properties": {"depth": 3.12}}, {"type": "Feature", "geometry": {"type": "Point", "coordinates": [73.835477, 18.495554]}, "properties": {"depth": 1.18}}, {"type": "Feature", "geometry": {"type": "Point", "coordinates": [73.836588, 18.495713]}, "properties": {"depth": 1.07}}, {"type": "Feature", "geometry": {"type": "Point", "coordinates": [73.835633, 18.495761]}, "properties": {"depth": 0.91}}, {"type": "Feature", "geometry": {"type": "Point", "coordinates": [73.83409, 18.495375]}, "properties": {"depth": 0.07}}, {"type": "Feature", "geometry": {"type": "Point", "coordinates": [73.835111, 18.495551]}, "properties": {"depth": 2.12}}, {"type": "Feature", "geometry": {"type": "Point", "coordinates": [73.834695, 18.495625]}, "properties": {"depth": 6.65}}, {"type": "Feature", "geometry": {"type": "Point", "coordinates": [73.834413, 18.495655]}, "properties": {"depth": 1.93}}, {"type": "Feature", "geometry": {"type": "Point", "coordinates": [73.834095, 18.495731]}, "properties": {"depth": 2.1}}, {"type": "Feature", "geometry": {"type": "Point", "coordinates": [73.834819, 18.495918]}, "properties": {"depth": 6.48}}, {"type": "Feature", "geometry": {"type": "Point", "coordinates": [73.833882, 18.495945]}, "properties": {"depth": 2.82}}, {"type": "Feature", "geometry": {"type": "Point", "coordinates": [73.83153, 18.492161]}, "properties": {"depth": 5.6}}, {"type": "Feature", "geometry": {"type": "Point", "coordinates": [73.831631, 18.49233]}, "properties": {"depth": 5.6}}, {"type": "Feature", "geometry": {"type": "Point", "coordinates": [73.831703, 18.492486]}, "properties": {"depth": 5.99}}, {"type": "Feature", "geometry": {"type": "Point", "coordinates": [73.831442, 18.492608]}, "properties": {"depth": 6.24}}, {"type": "Feature", "geometry": {"type": "Point", "coordinates": [73.836571, 18.496408]}, "properties": {"depth": 3.2}}, {"type": "Feature", "geometry": {"type": "Point", "coordinates": [73.836553, 18.49664]}, "properties": {"depth": 1.01}}, {"type": "Feature", "geometry": {"type": "Point", "coordinates": [73.836723, 18.496661]}, "properties": {"depth": 1.01}}, {"type": "Feature", "geometry": {"type": "Point", "coordinates": [73.836543, 18.496761]}, "properties": {"depth": 1.01}}, {"type": "Feature", "geometry": {"type": "Point", "coordinates": [73.836305, 18.496787]}, "properties": {"depth": 0.81}}, {"type": "Feature", "geometry": {"type": "Point", "coordinates": [73.836132, 18.496802]}, "properties": {"depth": 0.16}}, {"type": "Feature", "geometry": {"type": "Point", "coordinates": [73.837047, 18.496826]}, "properties": {"depth": 3.95}}, {"type": "Feature", "geometry": {"type": "Point", "coordinates": [73.845853, 18.501522]}, "properties": {"depth": 2.63}}, {"type": "Feature", "geometry": {"type": "Point", "coordinates": [73.849169, 18.500848]}, "properties": {"depth": 0.76}}, {"type": "Feature", "geometry": {"type": "Point", "coordinates": [73.849134, 18.501132]}, "properties": {"depth": 0.04}}, {"type": "Feature", "geometry": {"type": "Point", "coordinates": [73.848607, 18.501146]}, "properties": {"depth": 2.19}}, {"type": "Feature", "geometry": {"type": "Point", "coordinates": [73.848763, 18.501149]}, "properties": {"depth": 2.02}}, {"type": "Feature", "geometry": {"type": "Point", "coordinates": [73.848497, 18.501153]}, "properties": {"depth": 2.19}}, {"type": "Feature", "geometry": {"type": "Point", "coordinates": [73.848515, 18.501389]}, "properties": {"depth": 1.53}}, {"type": "Feature", "geometry": {"type": "Point", "coordinates": [73.848207, 18.501212]}, "properties": {"depth": 2.36}}, {"type": "Feature", "geometry": {"type": "Point", "coordinates": [73.847955, 18.501326]}, "properties": {"depth": 4.4}}, {"type": "Feature", "geometry": {"type": "Point", "coordinates": [73.848391, 18.50138]}, "properties": {"depth": 2.6}}, {"type": "Feature", "geometry": {"type": "Point", "coordinates": [73.847776, 18.501546]}, "properties": {"depth": 5.33}}, {"type": "Feature", "geometry": {"type": "Point", "coordinates": [73.847978, 18.501558]}, "properties": {"depth": 3.87}}, {"type": "Feature", "geometry": {"type": "Point", "coordinates": [73.847537, 18.501578]}, "properties": {"depth": 7.72}}, {"type": "Feature", "geometry": {"type": "Point", "coordinates": [73.848046, 18.501906]}, "properties": {"depth": 6.61}}, {"type": "Feature", "geometry": {"type": "Point", "coordinates": [73.8475, 18.501978]}, "properties": {"depth": 7.68}}, {"type": "Feature", "geometry": {"type": "Point", "coordinates": [73.848647, 18.501396]}, "properties": {"depth": 1.53}}, {"type": "Feature", "geometry": {"type": "Point", "coordinates": [73.848776, 18.50141]}, "properties": {"depth": 1.02}}, {"type": "Feature", "geometry": {"type": "Point", "coordinates": [73.849163, 18.501416]}, "properties": {"depth": 0.31}}, {"type": "Feature", "geometry": {"type": "Point", "coordinates": [73.848893, 18.501415]}, "properties": {"depth": 1.02}}, {"type": "Feature", "geometry": {"type": "Point", "coordinates": [73.849338, 18.501634]}, "properties": {"depth": 0.31}}, {"type": "Feature", "geometry": {"type": "Point", "coordinates": [73.849129, 18.50167]}, "properties": {"depth": 0.71}}, {"type": "Feature", "geometry": {"type": "Point", "coordinates": [73.849249, 18.501993]}, "properties": {"depth": 1.15}}, {"type": "Feature", "geometry": {"type": "Point", "coordinates": [73.849029, 18.502024]}, "properties": {"depth": 1.15}}, {"type": "Feature", "geometry": {"type": "Point", "coordinates": [73.848975, 18.502362]}, "properties": {"depth": 6.59}}, {"type": "Feature", "geometry": {"type": "Point", "coordinates": [73.848688, 18.50252]}, "properties": {"depth": 6.27}}, {"type": "Feature", "geometry": {"type": "Point", "coordinates": [73.849302, 18.502851]}, "properties": {"depth": 6.65}}, {"type": "Feature", "geometry": {"type": "Point", "coordinates": [73.849157, 18.503049]}, "properties": {"depth": 3.77}}, {"type": "Feature", "geometry": {"type": "Point", "coordinates": [73.848939, 18.503036]}, "properties": {"depth": 7.1}}, {"type": "Feature", "geometry": {"type": "Point", "coordinates": [73.848674, 18.503277]}, "properties": {"depth": 8.83}}, {"type": "Feature", "geometry": {"type": "Point", "coordinates": [73.84904, 18.503331]}, "properties": {"depth": 7.05}}, {"type": "Feature", "geometry": {"type": "Point", "coordinates": [73.849345, 18.503334]}, "properties": {"depth": 7.65}}, {"type": "Feature", "geometry": {"type": "Point", "coordinates": [73.849129, 18.50355]}, "properties": {"depth": 9.25}}, {"type": "Feature", "geometry": {"type": "Point", "coordinates": [73.837844, 18.499288]}, "properties": {"depth": 1.2}}, {"type": "Feature", "geometry": {"type": "Point", "coordinates": [73.837416, 18.499555]}, "properties": {"depth": 1.83}}, {"type": "Feature", "geometry": {"type": "Point", "coordinates": [73.837647, 18.499567]}, "properties": {"depth": 1.93}}, {"type": "Feature", "geometry": {"type": "Point", "coordinates": [73.837371, 18.499786]}, "properties": {"depth": 3.02}}, {"type": "Feature", "geometry": {"type": "Point", "coordinates": [73.838541, 18.49981]}, "properties": {"depth": 3.07}}, {"type": "Feature", "geometry": {"type": "Point", "coordinates": [73.83819, 18.499811]}, "properties": {"depth": 2.46}}, {"type": "Feature", "geometry": {"type": "Point", "coordinates": [73.837665, 18.499813]}, "properties": {"depth": 2.61}}, {"type": "Feature", "geometry": {"type": "Point", "coordinates": [73.838109, 18.499828]}, "properties": {"depth": 2.46}}, {"type": "Feature", "geometry": {"type": "Point", "coordinates": [73.838053, 18.49983]}, "properties": {"depth": 2.46}}, {"type": "Feature", "geometry": {"type": "Point", "coordinates": [73.837996, 18.499831]}, "properties": {"depth": 2.46}}, {"type": "Feature", "geometry": {"type": "Point", "coordinates": [73.837417, 18.49991]}, "properties": {"depth": 3.19}}, {"type": "Feature", "geometry": {"type": "Point", "coordinates": [73.838421, 18.499956]}, "properties": {"depth": 3.23}}, {"type": "Feature", "geometry": {"type": "Point", "coordinates": [73.838653, 18.499965]}, "properties": {"depth": 2.07}}, {"type": "Feature", "geometry": {"type": "Point", "coordinates": [73.837812, 18.49996]}, "properties": {"depth": 3.84}}, {"type": "Feature", "geometry": {"type": "Point", "coordinates": [73.837974, 18.499964]}, "properties": {"depth": 3.08}}, {"type": "Feature", "geometry": {"type": "Point", "coordinates": [73.838181, 18.499967]}, "properties": {"depth": 3.08}}, {"type": "Feature", "geometry": {"type": "Point", "coordinates": [73.837434, 18.500031]}, "properties": {"depth": 3.19}}, {"type": "Feature", "geometry": {"type": "Point", "coordinates": [73.837498, 18.500145]}, "properties": {"depth": 3.19}}, {"type": "Feature", "geometry": {"type": "Point", "coordinates": [73.837589, 18.500226]}, "properties": {"depth": 3.19}}, {"type": "Feature", "geometry": {"type": "Point", "coordinates": [73.838515, 18.500294]}, "properties": {"depth": 2.58}}, {"type": "Feature", "geometry": {"type": "Point", "coordinates": [73.83969, 18.500176]}, "properties": {"depth": 0.17}}, {"type": "Feature", "geometry": {"type": "Point", "coordinates": [73.839437, 18.500348]}, "properties": {"depth": 0.46}}, {"type": "Feature", "geometry": {"type": "Point", "coordinates": [73.838852, 18.500346]}, "properties": {"depth": 1.33}}, {"type": "Feature", "geometry": {"type": "Point", "coordinates": [73.837583, 18.500352]}, "properties": {"depth": 3.19}}, {"type": "Feature", "geometry": {"type": "Point", "coordinates": [73.83809, 18.500462]}, "properties": {"depth": 2.99}}, {"type": "Feature", "geometry": {"type": "Point", "coordinates": [73.837623, 18.500485]}, "properties": {"depth": 3.88}}, {"type": "Feature", "geometry": {"type": "Point", "coordinates": [73.838625, 18.500515]}, "properties": {"depth": 0.74}}, {"type": "Feature", "geometry": {"type": "Point", "coordinates": [73.83837, 18.500532]}, "properties": {"depth": 1.44}}, {"type": "Feature", "geometry": {"type": "Point", "coordinates": [73.838981, 18.500553]}, "properties": {"depth": 0.3}}, {"type": "Feature", "geometry": {"type": "Point", "coordinates": [73.838118, 18.500567]}, "properties": {"depth": 2.99}}, {"type": "Feature", "geometry": {"type": "Point", "coordinates": [73.838839, 18.500581]}, "properties": {"depth": 0.3}}, {"type": "Feature", "geometry": {"type": "Point", "coordinates": [73.837677, 18.500589]}, "properties": {"depth": 4.25}}, {"type": "Feature", "geometry": {"type": "Point", "coordinates": [73.845064, 18.501061]}, "properties": {"depth": 0.33}}, {"type": "Feature", "geometry": {"type": "Point", "coordinates": [73.844837, 18.502611]}, "properties": {"depth": 3.2}}, {"type": "Feature", "geometry": {"type": "Point", "coordinates": [73.846911, 18.500715]}, "properties": {"depth": 1.94}}, {"type": "Feature", "geometry": {"type": "Point", "coordinates": [73.846914, 18.500824]}, "properties": {"depth": 1.94}}, {"type": "Feature", "geometry": {"type": "Point", "coordinates": [73.846918, 18.500935]}, "properties": {"depth": 1.94}}, {"type": "Feature", "geometry": {"type": "Point", "coordinates": [73.846663, 18.501435]}, "properties": {"depth": 5.88}}, {"type": "Feature", "geometry": {"type": "Point", "coordinates": [73.846553, 18.501503]}, "properties": {"depth": 5.88}}, {"type": "Feature", "geometry": {"type": "Point", "coordinates": [73.847093, 18.501785]}, "properties": {"depth": 7.8}}, {"type": "Feature", "geometry": {"type": "Point", "coordinates": [73.847168, 18.501993]}, "properties": {"depth": 7.49}}, {"type": "Feature", "geometry": {"type": "Point", "coordinates": [73.845859, 18.501841]}, "properties": {"depth": 4.98}}, {"type": "Feature", "geometry": {"type": "Point", "coordinates": [73.846154, 18.502804]}, "properties": {"depth": 5.84}}, {"type": "Feature", "geometry": {"type": "Point", "coordinates": [73.845948, 18.503233]}, "properties": {"depth": 4.35}}, {"type": "Feature", "geometry": {"type": "Point", "coordinates": [73.845706, 18.503656]}, "properties": {"depth": 1.5}}, {"type": "Feature", "geometry": {"type": "Point", "coordinates": [73.845954, 18.503665]}, "properties": {"depth": 1.5}}, {"type": "Feature", "geometry": {"type": "Point", "coordinates": [73.846119, 18.503747]}, "properties": {"depth": 2.47}}, {"type": "Feature", "geometry": {"type": "Point", "coordinates": [73.845868, 18.503982]}, "properties": {"depth": 0.19}}, {"type": "Feature", "geometry": {"type": "Point", "coordinates": [73.846501, 18.502698]}, "properties": {"depth": 7.33}}, {"type": "Feature", "geometry": {"type": "Point", "coordinates": [73.846674, 18.502725]}, "properties": {"depth": 8.62}}, {"type": "Feature", "geometry": {"type": "Point", "coordinates": [73.84664, 18.502813]}, "properties": {"depth": 8.62}}, {"type": "Feature", "geometry": {"type": "Point", "coordinates": [73.846588, 18.503122]}, "properties": {"depth": 8.93}}, {"type": "Feature", "geometry": {"type": "Point", "coordinates": [73.846519, 18.503364]}, "properties": {"depth": 4.43}}, {"type": "Feature", "geometry": {"type": "Point", "coordinates": [73.846422, 18.503502]}, "properties": {"depth": 2.12}}, {"type": "Feature", "geometry": {"type": "Point", "coordinates": [73.846662, 18.503625]}, "properties": {"depth": 2.9}}, {"type": "Feature", "geometry": {"type": "Point", "coordinates": [73.846487, 18.503907]}, "properties": {"depth": 2.77}}, {"type": "Feature", "geometry": {"type": "Point", "coordinates": [73.846425, 18.504027]}, "properties": {"depth": 2.77}}, {"type": "Feature", "geometry": {"type": "Point", "coordinates": [73.839618, 18.500393]}, "properties": {"depth": 0.17}}, {"type": "Feature", "geometry": {"type": "Point", "coordinates": [73.83974, 18.500522]}, "properties": {"depth": 0.18}}, {"type": "Feature", "geometry": {"type": "Point", "coordinates": [73.839267, 18.500699]}, "properties": {"depth": 0.82}}, {"type": "Feature", "geometry": {"type": "Point", "coordinates": [73.839556, 18.500723]}, "properties": {"depth": 0.02}}, {"type": "Feature", "geometry": {"type": "Point", "coordinates": [73.838117, 18.500711]}, "properties": {"depth": 3.04}}, {"type": "Feature", "geometry": {"type": "Point", "coordinates": [73.837994, 18.500728]}, "properties": {"depth": 3.04}}, {"type": "Feature", "geometry": {"type": "Point", "coordinates": [73.838217, 18.50073]}, "properties": {"depth": 2.38}}, {"type": "Feature", "geometry": {"type": "Point", "coordinates": [73.83807, 18.500849]}, "properties": {"depth": 3.04}}, {"type": "Feature", "geometry": {"type": "Point", "coordinates": [73.838008, 18.50085]}, "properties": {"depth": 3.04}}, {"type": "Feature", "geometry": {"type": "Point", "coordinates": [73.838582, 18.500856]}, "properties": {"depth": 0.63}}, {"type": "Feature", "geometry": {"type": "Point", "coordinates": [73.837946, 18.500853]}, "properties": {"depth": 3.04}}, {"type": "Feature", "geometry": {"type": "Point", "coordinates": [73.837847, 18.500862]}, "properties": {"depth": 3.96}}, {"type": "Feature", "geometry": {"type": "Point", "coordinates": [73.838985, 18.501057]}, "properties": {"depth": 1.44}}, {"type": "Feature", "geometry": {"type": "Point", "coordinates": [73.838052, 18.501085]}, "properties": {"depth": 1.97}}, {"type": "Feature", "geometry": {"type": "Point", "coordinates": [73.837808, 18.501088]}, "properties": {"depth": 4.22}}, {"type": "Feature", "geometry": {"type": "Point", "coordinates": [73.838556, 18.501096]}, "properties": {"depth": 1.81}}, {"type": "Feature", "geometry": {"type": "Point", "coordinates": [73.838921, 18.501152]}, "properties": {"depth": 1.44}}, {"type": "Feature", "geometry": {"type": "Point", "coordinates": [73.838286, 18.501194]}, "properties": {"depth": 2.38}}, {"type": "Feature", "geometry": {"type": "Point", "coordinates": [73.838591, 18.501211]}, "properties": {"depth": 1.81}}, {"type": "Feature", "geometry": {"type": "Point", "coordinates": [73.838532, 18.501212]}, "properties": {"depth": 1.81}}, {"type": "Feature", "geometry": {"type": "Point", "coordinates": [73.839346, 18.501307]}, "properties": {"depth": 0.32}}, {"type": "Feature", "geometry": {"type": "Point", "coordinates": [73.83934, 18.501375]}, "properties": {"depth": 0.32}}, {"type": "Feature", "geometry": {"type": "Point", "coordinates": [73.839332, 18.501425]}, "properties": {"depth": 0.32}}, {"type": "Feature", "geometry": {"type": "Point", "coordinates": [73.839067, 18.501451]}, "properties": {"depth": 0.7}}, {"type": "Feature", "geometry": {"type": "Point", "coordinates": [73.839353, 18.501489]}, "properties": {"depth": 0.32}}, {"type": "Feature", "geometry": {"type": "Point", "coordinates": [73.838672, 18.501213]}, "properties": {"depth": 1.81}}, {"type": "Feature", "geometry": {"type": "Point", "coordinates": [73.837991, 18.501209]}, "properties": {"depth": 1.97}}, {"type": "Feature", "geometry": {"type": "Point", "coordinates": [73.838925, 18.501331]}, "properties": {"depth": 1.12}}, {"type": "Feature", "geometry": {"type": "Point", "coordinates": [73.838008, 18.501391]}, "properties": {"depth": 3.69}}, {"type": "Feature", "geometry": {"type": "Point", "coordinates": [73.838669, 18.501403]}, "properties": {"depth": 2.51}}, {"type": "Feature", "geometry": {"type": "Point", "coordinates": [73.838927, 18.501533]}, "properties": {"depth": 0.87}}, {"type": "Feature", "geometry": {"type": "Point", "coordinates": [73.83854, 18.501535]}, "properties": {"depth": 2.2}}, {"type": "Feature", "geometry": {"type": "Point", "coordinates": [73.838655, 18.501539]}, "properties": {"depth": 2.2}}, {"type": "Feature", "geometry": {"type": "Point", "coordinates": [73.83794, 18.501535]}, "properties": {"depth": 4.3}}, {"type": "Feature", "geometry": {"type": "Point", "coordinates": [73.838471, 18.501548]}, "properties": {"depth": 3.71}}, {"type": "Feature", "geometry": {"type": "Point", "coordinates": [73.839343, 18.501553]}, "properties": {"depth": 0.0}}, {"type": "Feature", "geometry": {"type": "Point", "coordinates": [73.839085, 18.501569]}, "properties": {"depth": 1.31}}, {"type": "Feature", "geometry": {"type": "Point", "coordinates": [73.840411, 18.502143]}, "properties": {"depth": 0.37}}, {"type": "Feature", "geometry": {"type": "Point", "coordinates": [73.838692, 18.501694]}, "properties": {"depth": 2.2}}, {"type": "Feature", "geometry": {"type": "Point", "coordinates": [73.838929, 18.50175]}, "properties": {"depth": 0.87}}, {"type": "Feature", "geometry": {"type": "Point", "coordinates": [73.838694, 18.501772]}, "properties": {"depth": 2.2}}, {"type": "Feature", "geometry": {"type": "Point", "coordinates": [73.838571, 18.50183]}, "properties": {"depth": 2.05}}, {"type": "Feature", "geometry": {"type": "Point", "coordinates": [73.838232, 18.501849]}, "properties": {"depth": 2.61}}, {"type": "Feature", "geometry": {"type": "Point", "coordinates": [73.838709, 18.501874]}, "properties": {"depth": 2.05}}, {"type": "Feature", "geometry": {"type": "Point", "coordinates": [73.838919, 18.501916]}, "properties": {"depth": 1.03}}, {"type": "Feature", "geometry": {"type": "Point", "coordinates": [73.838576, 18.502007]}, "properties": {"depth": 2.05}}, {"type": "Feature", "geometry": {"type": "Point", "coordinates": [73.838939, 18.502035]}, "properties": {"depth": 1.03}}, {"type": "Feature", "geometry": {"type": "Point", "coordinates": [73.838699, 18.502073]}, "properties": {"depth": 2.05}}, {"type": "Feature", "geometry": {"type": "Point", "coordinates": [73.841634, 18.501806]}, "properties": {"depth": 2.36}}, {"type": "Feature", "geometry": {"type": "Point", "coordinates": [73.840923, 18.502889]}, "properties": {"depth": 6.74}}, {"type": "Feature", "geometry": {"type": "Point", "coordinates": [73.838563, 18.502075]}, "properties": {"depth": 2.05}}, {"type": "Feature", "geometry": {"type": "Point", "coordinates": [73.838939, 18.502176]}, "properties": {"depth": 1.68}}, {"type": "Feature", "geometry": {"type": "Point", "coordinates": [73.838344, 18.502245]}, "properties": {"depth": 3.16}}, {"type": "Feature", "geometry": {"type": "Point", "coordinates": [73.838243, 18.502374]}, "properties": {"depth": 2.36}}, {"type": "Feature", "geometry": {"type": "Point", "coordinates": [73.838679, 18.502424]}, "properties": {"depth": 2.63}}, {"type": "Feature", "geometry": {"type": "Point", "coordinates": [73.838937, 18.502438]}, "properties": {"depth": 0.62}}, {"type": "Feature", "geometry": {"type": "Point", "coordinates": [73.838254, 18.502448]}, "properties": {"depth": 2.36}}, {"type": "Feature", "geometry": {"type": "Point", "coordinates": [73.837972, 18.502644]}, "properties": {"depth": 2.51}}, {"type": "Feature", "geometry": {"type": "Point", "coordinates": [73.838775, 18.502649]}, "properties": {"depth": 0.9}}, {"type": "Feature", "geometry": {"type": "Point", "coordinates": [73.838663, 18.502649]}, "properties": {"depth": 2.75}}, {"type": "Feature", "geometry": {"type": "Point", "coordinates": [73.838457, 18.502657]}, "properties": {"depth": 2.25}}, {"type": "Feature", "geometry": {"type": "Point", "coordinates": [73.838169, 18.502655]}, "properties": {"depth": 2.51}}, {"type": "Feature", "geometry": {"type": "Point", "coordinates": [73.838358, 18.502673]}, "properties": {"depth": 2.25}}, {"type": "Feature", "geometry": {"type": "Point", "coordinates": [73.838761, 18.502778]}, "properties": {"depth": 0.9}}, {"type": "Feature", "geometry": {"type": "Point", "coordinates": [73.838936, 18.502779]}, "properties": {"depth": 0.9}}, {"type": "Feature", "geometry": {"type": "Point", "coordinates": [73.838287, 18.502804]}, "properties": {"depth": 2.25}}, {"type": "Feature", "geometry": {"type": "Point", "coordinates": [73.838955, 18.502981]}, "properties": {"depth": 2.07}}, {"type": "Feature", "geometry": {"type": "Point", "coordinates": [73.838536, 18.503011]}, "properties": {"depth": 0.94}}, {"type": "Feature", "geometry": {"type": "Point", "coordinates": [73.838492, 18.503131]}, "properties": {"depth": 0.94}}, {"type": "Feature", "geometry": {"type": "Point", "coordinates": [73.839838, 18.502745]}, "properties": {"depth": 0.25}}, {"type": "Feature", "geometry": {"type": "Point", "coordinates": [73.839763, 18.502898]}, "properties": {"depth": 0.25}}, {"type": "Feature", "geometry": {"type": "Point", "coordinates": [73.837932, 18.50332]}, "properties": {"depth": 1.67}}, {"type": "Feature", "geometry": {"type": "Point", "coordinates": [73.838595, 18.503539]}, "properties": {"depth": 1.18}}, {"type": "Feature", "geometry": {"type": "Point", "coordinates": [73.838729, 18.503544]}, "properties": {"depth": 1.18}}, {"type": "Feature", "geometry": {"type": "Point", "coordinates": [73.838248, 18.50355]}, "properties": {"depth": 1.9}}, {"type": "Feature", "geometry": {"type": "Point", "coordinates": [73.838059, 18.503567]}, "properties": {"depth": 2.02}}, {"type": "Feature", "geometry": {"type": "Point", "coordinates": [73.838603, 18.50366]}, "properties": {"depth": 1.18}}, {"type": "Feature", "geometry": {"type": "Point", "coordinates": [73.838751, 18.503736]}, "properties": {"depth": 1.66}}, {"type": "Feature", "geometry": {"type": "Point", "coordinates": [73.837705, 18.503748]}, "properties": {"depth": 3.62}}, {"type": "Feature", "geometry": {"type": "Point", "coordinates": [73.83874, 18.503852]}, "properties": {"depth": 2.76}}, {"type": "Feature", "geometry": {"type": "Point", "coordinates": [73.838267, 18.503872]}, "properties": {"depth": 0.68}}, {"type": "Feature", "geometry": {"type": "Point", "coordinates": [73.838272, 18.503987]}, "properties": {"depth": 0.68}}, {"type": "Feature", "geometry": {"type": "Point", "coordinates": [73.837823, 18.504063]}, "properties": {"depth": 3.62}}, {"type": "Feature", "geometry": {"type": "Point", "coordinates": [73.838012, 18.504203]}, "properties": {"depth": 3.12}}, {"type": "Feature", "geometry": {"type": "Point", "coordinates": [73.83851, 18.504361]}, "properties": {"depth": 4.05}}, {"type": "Feature", "geometry": {"type": "Point", "coordinates": [73.838227, 18.50438]}, "properties": {"depth": 2.02}}, {"type": "Feature", "geometry": {"type": "Point", "coordinates": [73.837644, 18.504401]}, "properties": {"depth": 3.15}}, {"type": "Feature", "geometry": {"type": "Point", "coordinates": [73.838617, 18.504466]}, "properties": {"depth": 4.05}}, {"type": "Feature", "geometry": {"type": "Point", "coordinates": [73.838401, 18.504493]}, "properties": {"depth": 2.02}}, {"type": "Feature", "geometry": {"type": "Point", "coordinates": [73.837472, 18.504511]}, "properties": {"depth": 3.83}}, {"type": "Feature", "geometry": {"type": "Point", "coordinates": [73.837976, 18.504529]}, "properties": {"depth": 2.89}}, {"type": "Feature", "geometry": {"type": "Point", "coordinates": [73.83766, 18.504533]}, "properties": {"depth": 3.15}}, {"type": "Feature", "geometry": {"type": "Point", "coordinates": [73.837748, 18.504798]}, "properties": {"depth": 2.43}}, {"type": "Feature", "geometry": {"type": "Point", "coordinates": [73.837881, 18.504801]}, "properties": {"depth": 2.43}}, {"type": "Feature", "geometry": {"type": "Point", "coordinates": [73.837607, 18.504798]}, "properties": {"depth": 3.24}}, {"type": "Feature", "geometry": {"type": "Point", "coordinates": [73.838002, 18.504806]}, "properties": {"depth": 1.79}}, {"type": "Feature", "geometry": {"type": "Point", "coordinates": [73.837482, 18.504805]}, "properties": {"depth": 3.24}}, {"type": "Feature", "geometry": {"type": "Point", "coordinates": [73.838576, 18.504821]}, "properties": {"depth": 4.2}}, {"type": "Feature", "geometry": {"type": "Point", "coordinates": [73.838455, 18.504985]}, "properties": {"depth": 1.15}}, {"type": "Feature", "geometry": {"type": "Point", "coordinates": [73.837383, 18.497221]}, "properties": {"depth": 2.22}}, {"type": "Feature", "geometry": {"type": "Point", "coordinates": [73.837663, 18.497229]}, "properties": {"depth": 0.47}}, {"type": "Feature", "geometry": {"type": "Point", "coordinates": [73.837414, 18.497447]}, "properties": {"depth": 2.78}}, {"type": "Feature", "geometry": {"type": "Point", "coordinates": [73.83764, 18.497453]}, "properties": {"depth": 0.51}}, {"type": "Feature", "geometry": {"type": "Point", "coordinates": [73.83623, 18.497414]}, "properties": {"depth": 6.47}}, {"type": "Feature", "geometry": {"type": "Point", "coordinates": [73.836902, 18.497426]}, "properties": {"depth": 3.65}}, {"type": "Feature", "geometry": {"type": "Point", "coordinates": [73.837121, 18.497432]}, "properties": {"depth": 2.61}}, {"type": "Feature", "geometry": {"type": "Point", "coordinates": [73.83591, 18.497445]}, "properties": {"depth": 7.3}}, {"type": "Feature", "geometry": {"type": "Point", "coordinates": [73.836019, 18.4976]}, "properties": {"depth": 6.47}}, {"type": "Feature", "geometry": {"type": "Point", "coordinates": [73.837121, 18.497614]}, "properties": {"depth": 2.61}}, {"type": "Feature", "geometry": {"type": "Point", "coordinates": [73.836626, 18.497611]}, "properties": {"depth": 2.87}}, {"type": "Feature", "geometry": {"type": "Point", "coordinates": [73.836868, 18.49762]}, "properties": {"depth": 3.65}}, {"type": "Feature", "geometry": {"type": "Point", "coordinates": [73.836376, 18.497616]}, "properties": {"depth": 4.68}}, {"type": "Feature", "geometry": {"type": "Point", "coordinates": [73.837207, 18.497859]}, "properties": {"depth": 3.83}}, {"type": "Feature", "geometry": {"type": "Point", "coordinates": [73.837714, 18.497454]}, "properties": {"depth": 0.51}}, {"type": "Feature", "geometry": {"type": "Point", "coordinates": [73.837813, 18.497463]}, "properties": {"depth": 0.51}}, {"type": "Feature", "geometry": {"type": "Point", "coordinates": [73.837379, 18.497622]}, "properties": {"depth": 2.78}}, {"type": "Feature", "geometry": {"type": "Point", "coordinates": [73.836769, 18.497876]}, "properties": {"depth": 4.43}}, {"type": "Feature", "geometry": {"type": "Point", "coordinates": [73.836632, 18.497877]}, "properties": {"depth": 4.43}}, {"type": "Feature", "geometry": {"type": "Point", "coordinates": [73.837048, 18.497882]}, "properties": {"depth": 2.44}}, {"type": "Feature", "geometry": {"type": "Point", "coordinates": [73.83692, 18.497883]}, "properties": {"depth": 2.44}}, {"type": "Feature", "geometry": {"type": "Point", "coordinates": [73.8369, 18.498076]}, "properties": {"depth": 6.39}}, {"type": "Feature", "geometry": {"type": "Point", "coordinates": [73.837255, 18.498079]}, "properties": {"depth": 5.82}}, {"type": "Feature", "geometry": {"type": "Point", "coordinates": [73.836726, 18.498078]}, "properties": {"depth": 7.98}}, {"type": "Feature", "geometry": {"type": "Point", "coordinates": [73.837063, 18.498087]}, "properties": {"depth": 6.39}}, {"type": "Feature", "geometry": {"type": "Point", "coordinates": [73.837207, 18.498348]}, "properties": {"depth": 3.91}}, {"type": "Feature", "geometry": {"type": "Point", "coordinates": [73.837034, 18.498348]}, "properties": {"depth": 3.85}}, {"type": "Feature", "geometry": {"type": "Point", "coordinates": [73.83761, 18.498074]}, "properties": {"depth": 5.56}}, {"type": "Feature", "geometry": {"type": "Point", "coordinates": [73.83743, 18.498074]}, "properties": {"depth": 5.56}}, {"type": "Feature", "geometry": {"type": "Point", "coordinates": [73.83798, 18.498079]}, "properties": {"depth": 1.67}}, {"type": "Feature", "geometry": {"type": "Point", "coordinates": [73.8378, 18.498081]}, "properties": {"depth": 2.58}}, {"type": "Feature", "geometry": {"type": "Point", "coordinates": [73.838119, 18.498341]}, "properties": {"depth": 1.56}}, {"type": "Feature", "geometry": {"type": "Point", "coordinates": [73.837943, 18.49834]}, "properties": {"depth": 1.56}}, {"type": "Feature", "geometry": {"type": "Point", "coordinates": [73.837565, 18.498343]}, "properties": {"depth": 3.91}}, {"type": "Feature", "geometry": {"type": "Point", "coordinates": [73.837381, 18.498347]}, "properties": {"depth": 3.91}}, {"type": "Feature", "geometry": {"type": "Point", "coordinates": [73.837744, 18.498351]}, "properties": {"depth": 2.78}}, {"type": "Feature", "geometry": {"type": "Point", "coordinates": [73.83831, 18.498729]}, "properties": {"depth": 2.71}}, {"type": "Feature", "geometry": {"type": "Point", "coordinates": [73.838574, 18.498795]}, "properties": {"depth": 2.06}}, {"type": "Feature", "geometry": {"type": "Point", "coordinates": [73.838096, 18.498808]}, "properties": {"depth": 0.71}}, {"type": "Feature", "geometry": {"type": "Point", "coordinates": [73.83756, 18.498824]}, "properties": {"depth": 0.45}}, {"type": "Feature", "geometry": {"type": "Point", "coordinates": [73.837409, 18.49884]}, "properties": {"depth": 0.45}}, {"type": "Feature", "geometry": {"type": "Point", "coordinates": [73.838315, 18.498965]}, "properties": {"depth": 3.3}}, {"type": "Feature", "geometry": {"type": "Point", "coordinates": [73.838732, 18.499014]}, "properties": {"depth": 2.06}}, {"type": "Feature", "geometry": {"type": "Point", "coordinates": [73.838019, 18.499011]}, "properties": {"depth": 0.71}}, {"type": "Feature", "geometry": {"type": "Point", "coordinates": [73.837347, 18.499266]}, "properties": {"depth": 4.33}}, {"type": "Feature", "geometry": {"type": "Point", "coordinates": [73.835855, 18.49625]}, "properties": {"depth": 4.63}}, {"type": "Feature", "geometry": {"type": "Point", "coordinates": [73.836102, 18.496373]}, "properties": {"depth": 2.06}}, {"type": "Feature", "geometry": {"type": "Point", "coordinates": [73.835503, 18.496373]}, "properties": {"depth": 3.06}}, {"type": "Feature", "geometry": {"type": "Point", "coordinates": [73.836267, 18.496378]}, "properties": {"depth": 0.7}}, {"type": "Feature", "geometry": {"type": "Point", "coordinates": [73.835944, 18.496377]}, "properties": {"depth": 1.89}}, {"type": "Feature", "geometry": {"type": "Point", "coordinates": [73.835655, 18.496377]}, "properties": {"depth": 3.06}}, {"type": "Feature", "geometry": {"type": "Point", "coordinates": [73.835809, 18.496378]}, "properties": {"depth": 1.89}}, {"type": "Feature", "geometry": {"type": "Point", "coordinates": [73.836705, 18.496396]}, "properties": {"depth": 3.2}}, {"type": "Feature", "geometry": {"type": "Point", "coordinates": [73.836424, 18.496394]}, "properties": {"depth": 0.7}}, {"type": "Feature", "geometry": {"type": "Point", "coordinates": [73.835418, 18.49695]}, "properties": {"depth": 4.01}}, {"type": "Feature", "geometry": {"type": "Point", "coordinates": [73.836575, 18.496995]}, "properties": {"depth": 5.79}}, {"type": "Feature", "geometry": {"type": "Point", "coordinates": [73.836975, 18.497049]}, "properties": {"depth": 3.95}}, {"type": "Feature", "geometry": {"type": "Point", "coordinates": [73.835542, 18.497069]}, "properties": {"depth": 4.01}}, {"type": "Feature", "geometry": {"type": "Point", "coordinates": [73.83619, 18.497193]}, "properties": {"depth": 4.18}}, {"type": "Feature", "geometry": {"type": "Point", "coordinates": [73.836384, 18.497199]}, "properties": {"depth": 5.68}}, {"type": "Feature", "geometry": {"type": "Point", "coordinates": [73.835662, 18.497196]}, "properties": {"depth": 3.22}}, {"type": "Feature", "geometry": {"type": "Point", "coordinates": [73.837117, 18.497208]}, "properties": {"depth": 4.47}}, {"type": "Feature", "geometry": {"type": "Point", "coordinates": [73.835789, 18.497325]}, "properties": {"depth": 1.38}}, {"type": "Feature", "geometry": {"type": "Point", "coordinates": [73.836096, 18.497403]}, "properties": {"depth": 6.47}}, {"type": "Feature", "geometry": {"type": "Point", "coordinates": [73.834562, 18.496083]}, "properties": {"depth": 7.33}}, {"type": "Feature", "geometry": {"type": "Point", "coordinates": [73.835051, 18.496158]}, "properties": {"depth": 6.96}}, {"type": "Feature", "geometry": {"type": "Point", "coordinates": [73.834762, 18.496291]}, "properties": {"depth": 9.8}}, {"type": "Feature", "geometry": {"type": "Point", "coordinates": [73.835028, 18.496578]}, "properties": {"depth": 10.14}}, {"type": "Feature", "geometry": {"type": "Point", "coordinates": [73.835164, 18.496712]}, "properties": {"depth": 6.18}}, {"type": "Feature", "geometry": {"type": "Point", "coordinates": [73.835292, 18.496831]}, "properties": {"depth": 6.18}}, {"type": "Feature", "geometry": {"type": "Point", "coordinates": [73.836796, 18.498415]}, "properties": {"depth": 7.49}}, {"type": "Feature", "geometry": {"type": "Point", "coordinates": [73.837026, 18.498565]}, "properties": {"depth": 4.75}}, {"type": "Feature", "geometry": {"type": "Point", "coordinates": [73.837184, 18.498824]}, "properties": {"depth": 1.54}}, {"type": "Feature", "geometry": {"type": "Point", "coordinates": [73.83712, 18.499294]}, "properties": {"depth": 4.33}}, {"type": "Feature", "geometry": {"type": "Point", "coordinates": [73.835786, 18.50113]}, "properties": {"depth": 0.48}}, {"type": "Feature", "geometry": {"type": "Point", "coordinates": [73.836147, 18.501868]}, "properties": {"depth": 0.92}}, {"type": "Feature", "geometry": {"type": "Point", "coordinates": [73.835491, 18.502142]}, "properties": {"depth": 0.7}}, {"type": "Feature", "geometry": {"type": "Point", "coordinates": [73.835947, 18.503856]}, "properties": {"depth": 1.5}}, {"type": "Feature", "geometry": {"type": "Point", "coordinates": [73.835424, 18.506044]}, "properties": {"depth": 3.82}}, {"type": "Feature", "geometry": {"type": "Point", "coordinates": [73.846042, 18.504013]}, "properties": {"depth": 2.2}}, {"type": "Feature", "geometry": {"type": "Point", "coordinates": [73.845493, 18.504283]}, "properties": {"depth": 0.36}}, {"type": "Feature", "geometry": {"type": "Point", "coordinates": [73.84576, 18.504302]}, "properties": {"depth": 0.16}}, {"type": "Feature", "geometry": {"type": "Point", "coordinates": [73.839496, 18.505065]}, "properties": {"depth": 0.47}}, {"type": "Feature", "geometry": {"type": "Point", "coordinates": [73.838586, 18.504989]}, "properties": {"depth": 5.16}}, {"type": "Feature", "geometry": {"type": "Point", "coordinates": [73.837856, 18.504985]}, "properties": {"depth": 2.01}}, {"type": "Feature", "geometry": {"type": "Point", "coordinates": [73.837735, 18.504988]}, "properties": {"depth": 2.01}}, {"type": "Feature", "geometry": {"type": "Point", "coordinates": [73.837614, 18.504987]}, "properties": {"depth": 0.87}}, {"type": "Feature", "geometry": {"type": "Point", "coordinates": [73.838004, 18.50499]}, "properties": {"depth": 0.68}}, {"type": "Feature", "geometry": {"type": "Point", "coordinates": [73.837487, 18.504991]}, "properties": {"depth": 0.87}}, {"type": "Feature", "geometry": {"type": "Point", "coordinates": [73.838321, 18.504999]}, "properties": {"depth": 1.15}}, {"type": "Feature", "geometry": {"type": "Point", "coordinates": [73.837976, 18.505175]}, "properties": {"depth": 2.87}}, {"type": "Feature", "geometry": {"type": "Point", "coordinates": [73.838555, 18.505188]}, "properties": {"depth": 5.54}}, {"type": "Feature", "geometry": {"type": "Point", "coordinates": [73.83829, 18.505188]}, "properties": {"depth": 2.14}}, {"type": "Feature", "geometry": {"type": "Point", "coordinates": [73.839418, 18.505213]}, "properties": {"depth": 0.02}}, {"type": "Feature", "geometry": {"type": "Point", "coordinates": [73.83843, 18.505196]}, "properties": {"depth": 2.14}}, {"type": "Feature", "geometry": {"type": "Point", "coordinates": [73.837744, 18.505194]}, "properties": {"depth": 3.33}}, {"type": "Feature", "geometry": {"type": "Point", "coordinates": [73.837604, 18.505203]}, "properties": {"depth": 4.81}}, {"type": "Feature", "geometry": {"type": "Point", "coordinates": [73.837859, 18.505207]}, "properties": {"depth": 3.33}}, {"type": "Feature", "geometry": {"type": "Point", "coordinates": [73.837476, 18.505207]}, "properties": {"depth": 4.81}}, {"type": "Feature", "geometry": {"type": "Point", "coordinates": [73.838422, 18.505366]}, "properties": {"depth": 2.14}}, {"type": "Feature", "geometry": {"type": "Point", "coordinates": [73.838291, 18.505365]}, "properties": {"depth": 2.14}}, {"type": "Feature", "geometry": {"type": "Point", "coordinates": [73.838568, 18.50537]}, "properties": {"depth": 5.54}}, {"type": "Feature", "geometry": {"type": "Point", "coordinates": [73.837867, 18.50538]}, "properties": {"depth": 3.33}}, {"type": "Feature", "geometry": {"type": "Point", "coordinates": [73.837727, 18.505383]}, "properties": {"depth": 3.33}}, {"type": "Feature", "geometry": {"type": "Point", "coordinates": [73.839222, 18.505323]}, "properties": {"depth": 3.34}}, {"type": "Feature", "geometry": {"type": "Point", "coordinates": [73.839455, 18.505402]}, "properties": {"depth": 0.02}}, {"type": "Feature", "geometry": {"type": "Point", "coordinates": [73.839339, 18.505402]}, "properties": {"depth": 0.02}}, {"type": "Feature", "geometry": {"type": "Point", "coordinates": [73.839928, 18.505499]}, "properties": {"depth": 0.64}}, {"type": "Feature", "geometry": {"type": "Point", "coordinates": [73.840068, 18.505504]}, "properties": {"depth": 0.64}}, {"type": "Feature", "geometry": {"type": "Point", "coordinates": [73.839796, 18.505506]}, "properties": {"depth": 1.69}}, {"type": "Feature", "geometry": {"type": "Point", "coordinates": [73.839663, 18.505511]}, "properties": {"depth": 1.69}}, {"type": "Feature", "geometry": {"type": "Point", "coordinates": [73.838013, 18.505386]}, "properties": {"depth": 2.87}}, {"type": "Feature", "geometry": {"type": "Point", "coordinates": [73.83761, 18.505391]}, "properties": {"depth": 4.81}}, {"type": "Feature", "geometry": {"type": "Point", "coordinates": [73.837496, 18.505396]}, "properties": {"depth": 4.81}}, {"type": "Feature", "geometry": {"type": "Point", "coordinates": [73.838697, 18.505553]}, "properties": {"depth": 3.31}}, {"type": "Feature", "geometry": {"type": "Point", "coordinates": [73.838007, 18.505566]}, "properties": {"depth": 2.6}}, {"type": "Feature", "geometry": {"type": "Point", "coordinates": [73.83846, 18.505587]}, "properties": {"depth": 2.2}}, {"type": "Feature", "geometry": {"type": "Point", "coordinates": [73.838329, 18.505588]}, "properties": {"depth": 2.2}}, {"type": "Feature", "geometry": {"type": "Point", "coordinates": [73.837772, 18.505599]}, "properties": {"depth": 3.25}}, {"type": "Feature", "geometry": {"type": "Point", "coordinates": [73.837582, 18.505611]}, "properties": {"depth": 5.12}}, {"type": "Feature", "geometry": {"type": "Point", "coordinates": [73.838687, 18.505765]}, "properties": {"depth": 5.7}}, {"type": "Feature", "geometry": {"type": "Point", "coordinates": [73.840071, 18.505694]}, "properties": {"depth": 0.59}}, {"type": "Feature", "geometry": {"type": "Point", "coordinates": [73.839945, 18.505694]}, "properties": {"depth": 0.64}}, {"type": "Feature", "geometry": {"type": "Point", "coordinates": [73.839818, 18.505695]}, "properties": {"depth": 1.52}}, {"type": "Feature", "geometry": {"type": "Point", "coordinates": [73.839671, 18.505698]}, "properties": {"depth": 1.52}}, {"type": "Feature", "geometry": {"type": "Point", "coordinates": [73.839463, 18.505736]}, "properties": {"depth": 1.67}}, {"type": "Feature", "geometry": {"type": "Point", "coordinates": [73.839347, 18.505736]}, "properties": {"depth": 1.67}}, {"type": "Feature", "geometry": {"type": "Point", "coordinates": [73.839219, 18.505737]}, "properties": {"depth": 0.32}}, {"type": "Feature", "geometry": {"type": "Point", "coordinates": [73.839483, 18.505897]}, "properties": {"depth": 1.67}}, {"type": "Feature", "geometry": {"type": "Point", "coordinates": [73.840196, 18.505918]}, "properties": {"depth": 0.12}}, {"type": "Feature", "geometry": {"type": "Point", "coordinates": [73.840053, 18.505921]}, "properties": {"depth": 0.59}}, {"type": "Feature", "geometry": {"type": "Point", "coordinates": [73.838321, 18.505766]}, "properties": {"depth": 4.22}}, {"type": "Feature", "geometry": {"type": "Point", "coordinates": [73.83801, 18.505768]}, "properties": {"depth": 4.19}}, {"type": "Feature", "geometry": {"type": "Point", "coordinates": [73.837751, 18.505772]}, "properties": {"depth": 4.3}}, {"type": "Feature", "geometry": {"type": "Point", "coordinates": [73.83763, 18.505778]}, "properties": {"depth": 5.64}}, {"type": "Feature", "geometry": {"type": "Point", "coordinates": [73.837884, 18.505791]}, "properties": {"depth": 4.3}}, {"type": "Feature", "geometry": {"type": "Point", "coordinates": [73.838546, 18.505955]}, "properties": {"depth": 5.7}}, {"type": "Feature", "geometry": {"type": "Point", "coordinates": [73.838408, 18.505959]}, "properties": {"depth": 4.22}}, {"type": "Feature", "geometry": {"type": "Point", "coordinates": [73.838007, 18.505961]}, "properties": {"depth": 4.19}}, {"type": "Feature", "geometry": {"type": "Point", "coordinates": [73.837882, 18.505962]}, "properties": {"depth": 4.3}}, {"type": "Feature", "geometry": {"type": "Point", "coordinates": [73.838277, 18.505966]}, "properties": {"depth": 4.22}}, {"type": "Feature", "geometry": {"type": "Point", "coordinates": [73.840333, 18.505925]}, "properties": {"depth": 0.12}}, {"type": "Feature", "geometry": {"type": "Point", "coordinates": [73.839909, 18.505924]}, "properties": {"depth": 0.59}}, {"type": "Feature", "geometry": {"type": "Point", "coordinates": [73.839771, 18.505936]}, "properties": {"depth": 1.52}}, {"type": "Feature", "geometry": {"type": "Point", "coordinates": [73.839633, 18.505939]}, "properties": {"depth": 1.52}}, {"type": "Feature", "geometry": {"type": "Point", "coordinates": [73.839215, 18.505949]}, "properties": {"depth": 0.32}}, {"type": "Feature", "geometry": {"type": "Point", "coordinates": [73.839369, 18.505959]}, "properties": {"depth": 1.67}}, {"type": "Feature", "geometry": {"type": "Point", "coordinates": [73.839638, 18.50612]}, "properties": {"depth": 0.19}}, {"type": "Feature", "geometry": {"type": "Point", "coordinates": [73.848043, 18.502185]}, "properties": {"depth": 7.56}}, {"type": "Feature", "geometry": {"type": "Point", "coordinates": [73.848409, 18.502365]}, "properties": {"depth": 6.39}}, {"type": "Feature", "geometry": {"type": "Point", "coordinates": [73.848356, 18.503052]}, "properties": {"depth": 12.66}}, {"type": "Feature", "geometry": {"type": "Point", "coordinates": [73.847675, 18.503109]}, "properties": {"depth": 11.39}}, {"type": "Feature", "geometry": {"type": "Point", "coordinates": [73.848412, 18.503224]}, "properties": {"depth": 12.72}}, {"type": "Feature", "geometry": {"type": "Point", "coordinates": [73.847969, 18.503637]}, "properties": {"depth": 8.47}}, {"type": "Feature", "geometry": {"type": "Point", "coordinates": [73.848312, 18.503897]}, "properties": {"depth": 10.28}}, {"type": "Feature", "geometry": {"type": "Point", "coordinates": [73.847954, 18.503908]}, "properties": {"depth": 9.74}}, {"type": "Feature", "geometry": {"type": "Point", "coordinates": [73.847661, 18.504318]}, "properties": {"depth": 4.61}}, {"type": "Feature", "geometry": {"type": "Point", "coordinates": [73.848183, 18.504429]}, "properties": {"depth": 8.1}}, {"type": "Feature", "geometry": {"type": "Point", "coordinates": [73.847055, 18.50448]}, "properties": {"depth": 0.25}}, {"type": "Feature", "geometry": {"type": "Point", "coordinates": [73.847003, 18.504607]}, "properties": {"depth": 0.78}}, {"type": "Feature", "geometry": {"type": "Point", "coordinates": [73.847056, 18.504948]}, "properties": {"depth": 1.76}}, {"type": "Feature", "geometry": {"type": "Point", "coordinates": [73.848672, 18.503588]}, "properties": {"depth": 9.16}}, {"type": "Feature", "geometry": {"type": "Point", "coordinates": [73.848511, 18.503641]}, "properties": {"depth": 9.16}}, {"type": "Feature", "geometry": {"type": "Point", "coordinates": [73.849025, 18.50388]}, "properties": {"depth": 9.17}}, {"type": "Feature", "geometry": {"type": "Point", "coordinates": [73.848663, 18.50392]}, "properties": {"depth": 9.37}}, {"type": "Feature", "geometry": {"type": "Point", "coordinates": [73.848909, 18.504105]}, "properties": {"depth": 8.2}}, {"type": "Feature", "geometry": {"type": "Point", "coordinates": [73.849309, 18.50418]}, "properties": {"depth": 5.6}}, {"type": "Feature", "geometry": {"type": "Point", "coordinates": [73.849215, 18.504515]}, "properties": {"depth": 3.81}}, {"type": "Feature", "geometry": {"type": "Point", "coordinates": [73.849241, 18.504844]}, "properties": {"depth": 3.78}}, {"type": "Feature", "geometry": {"type": "Point", "coordinates": [73.849173, 18.505384]}, "properties": {"depth": 3.6}}, {"type": "Feature", "geometry": {"type": "Point", "coordinates": [73.846914, 18.505268]}, "properties": {"depth": 3.03}}, {"type": "Feature", "geometry": {"type": "Point", "coordinates": [73.847327, 18.505447]}, "properties": {"depth": 1.87}}, {"type": "Feature", "geometry": {"type": "Point", "coordinates": [73.846819, 18.505563]}, "properties": {"depth": 1.61}}, {"type": "Feature", "geometry": {"type": "Point", "coordinates": [73.8464, 18.506243]}, "properties": {"depth": 1.69}}, {"type": "Feature", "geometry": {"type": "Point", "coordinates": [73.847568, 18.50457]}, "properties": {"depth": 3.68}}, {"type": "Feature", "geometry": {"type": "Point", "coordinates": [73.847583, 18.504842]}, "properties": {"depth": 2.39}}, {"type": "Feature", "geometry": {"type": "Point", "coordinates": [73.847423, 18.505106]}, "properties": {"depth": 1.31}}, {"type": "Feature", "geometry": {"type": "Point", "coordinates": [73.847639, 18.507368]}, "properties": {"depth": 1.08}}, {"type": "Feature", "geometry": {"type": "Point", "coordinates": [73.846545, 18.507217]}, "properties": {"depth": 2.45}}, {"type": "Feature", "geometry": {"type": "Point", "coordinates": [73.84641, 18.507381]}, "properties": {"depth": 0.09}}, {"type": "Feature", "geometry": {"type": "Point", "coordinates": [73.846579, 18.507407]}, "properties": {"depth": 1.99}}, {"type": "Feature", "geometry": {"type": "Point", "coordinates": [73.847042, 18.507518]}, "properties": {"depth": 2.42}}, {"type": "Feature", "geometry": {"type": "Point", "coordinates": [73.846394, 18.507546]}, "properties": {"depth": 0.09}}, {"type": "Feature", "geometry": {"type": "Point", "coordinates": [73.846547, 18.507549]}, "properties": {"depth": 1.99}}, {"type": "Feature", "geometry": {"type": "Point", "coordinates": [73.846994, 18.507947]}, "properties": {"depth": 0.45}}, {"type": "Feature", "geometry": {"type": "Point", "coordinates": [73.846346, 18.508252]}, "properties": {"depth": 0.45}}, {"type": "Feature", "geometry": {"type": "Point", "coordinates": [73.846332, 18.508337]}, "properties": {"depth": 0.45}}, {"type": "Feature", "geometry": {"type": "Point", "coordinates": [73.846296, 18.508417]}, "properties": {"depth": 0.45}}, {"type": "Feature", "geometry": {"type": "Point", "coordinates": [73.846015, 18.506145]}, "properties": {"depth": 0.21}}, {"type": "Feature", "geometry": {"type": "Point", "coordinates": [73.837646, 18.505965]}, "properties": {"depth": 4.3}}, {"type": "Feature", "geometry": {"type": "Point", "coordinates": [73.837769, 18.505966]}, "properties": {"depth": 4.3}}, {"type": "Feature", "geometry": {"type": "Point", "coordinates": [73.838491, 18.506149]}, "properties": {"depth": 5.26}}, {"type": "Feature", "geometry": {"type": "Point", "coordinates": [73.837747, 18.506143]}, "properties": {"depth": 2.59}}, {"type": "Feature", "geometry": {"type": "Point", "coordinates": [73.838315, 18.506154]}, "properties": {"depth": 3.27}}, {"type": "Feature", "geometry": {"type": "Point", "coordinates": [73.838027, 18.506152]}, "properties": {"depth": 2.36}}, {"type": "Feature", "geometry": {"type": "Point", "coordinates": [73.837888, 18.506158]}, "properties": {"depth": 2.59}}, {"type": "Feature", "geometry": {"type": "Point", "coordinates": [73.838657, 18.506166]}, "properties": {"depth": 5.26}}, {"type": "Feature", "geometry": {"type": "Point", "coordinates": [73.838799, 18.506344]}, "properties": {"depth": 4.61}}, {"type": "Feature", "geometry": {"type": "Point", "coordinates": [73.838657, 18.506343]}, "properties": {"depth": 2.89}}, {"type": "Feature", "geometry": {"type": "Point", "coordinates": [73.839854, 18.506123]}, "properties": {"depth": 0.19}}, {"type": "Feature", "geometry": {"type": "Point", "coordinates": [73.839748, 18.50613]}, "properties": {"depth": 0.19}}, {"type": "Feature", "geometry": {"type": "Point", "coordinates": [73.839628, 18.506337]}, "properties": {"depth": 4.51}}, {"type": "Feature", "geometry": {"type": "Point", "coordinates": [73.838543, 18.506349]}, "properties": {"depth": 2.89}}, {"type": "Feature", "geometry": {"type": "Point", "coordinates": [73.838431, 18.506354]}, "properties": {"depth": 2.8}}, {"type": "Feature", "geometry": {"type": "Point", "coordinates": [73.83831, 18.506357]}, "properties": {"depth": 2.8}}, {"type": "Feature", "geometry": {"type": "Point", "coordinates": [73.837801, 18.506355]}, "properties": {"depth": 4.25}}, {"type": "Feature", "geometry": {"type": "Point", "coordinates": [73.838043, 18.506365]}, "properties": {"depth": 3.29}}, {"type": "Feature", "geometry": {"type": "Point", "coordinates": [73.837918, 18.506369]}, "properties": {"depth": 3.29}}, {"type": "Feature", "geometry": {"type": "Point", "coordinates": [73.838809, 18.506523]}, "properties": {"depth": 4.61}}, {"type": "Feature", "geometry": {"type": "Point", "coordinates": [73.838299, 18.506528]}, "properties": {"depth": 3.03}}, {"type": "Feature", "geometry": {"type": "Point", "coordinates": [73.838428, 18.506532]}, "properties": {"depth": 3.03}}, {"type": "Feature", "geometry": {"type": "Point", "coordinates": [73.837967, 18.506532]}, "properties": {"depth": 3.42}}, {"type": "Feature", "geometry": {"type": "Point", "coordinates": [73.839829, 18.506338]}, "properties": {"depth": 4.51}}, {"type": "Feature", "geometry": {"type": "Point", "coordinates": [73.839973, 18.50634]}, "properties": {"depth": 1.78}}, {"type": "Feature", "geometry": {"type": "Point", "coordinates": [73.8398, 18.50645]}, "properties": {"depth": 4.51}}, {"type": "Feature", "geometry": {"type": "Point", "coordinates": [73.839629, 18.506454]}, "properties": {"depth": 4.51}}, {"type": "Feature", "geometry": {"type": "Point", "coordinates": [73.839968, 18.506475]}, "properties": {"depth": 1.78}}, {"type": "Feature", "geometry": {"type": "Point", "coordinates": [73.840311, 18.506568]}, "properties": {"depth": 0.66}}, {"type": "Feature", "geometry": {"type": "Point", "coordinates": [73.838637, 18.506732]}, "properties": {"depth": 1.14}}, {"type": "Feature", "geometry": {"type": "Point", "coordinates": [73.838394, 18.506731]}, "properties": {"depth": 3.03}}, {"type": "Feature", "geometry": {"type": "Point", "coordinates": [73.838501, 18.506736]}, "properties": {"depth": 1.14}}, {"type": "Feature", "geometry": {"type": "Point", "coordinates": [73.838265, 18.506737]}, "properties": {"depth": 3.03}}, {"type": "Feature", "geometry": {"type": "Point", "coordinates": [73.838768, 18.506754]}, "properties": {"depth": 5.06}}, {"type": "Feature", "geometry": {"type": "Point", "coordinates": [73.838287, 18.506951]}, "properties": {"depth": 3.17}}, {"type": "Feature", "geometry": {"type": "Point", "coordinates": [73.838588, 18.506957]}, "properties": {"depth": 1.57}}, {"type": "Feature", "geometry": {"type": "Point", "coordinates": [73.838443, 18.506957]}, "properties": {"depth": 3.17}}, {"type": "Feature", "geometry": {"type": "Point", "coordinates": [73.838421, 18.50713]}, "properties": {"depth": 4.26}}, {"type": "Feature", "geometry": {"type": "Point", "coordinates": [73.839632, 18.506569]}, "properties": {"depth": 2.49}}, {"type": "Feature", "geometry": {"type": "Point", "coordinates": [73.8398, 18.506572]}, "properties": {"depth": 2.49}}, {"type": "Feature", "geometry": {"type": "Point", "coordinates": [73.839972, 18.506584]}, "properties": {"depth": 1.01}}, {"type": "Feature", "geometry": {"type": "Point", "coordinates": [73.840135, 18.5066]}, "properties": {"depth": 1.01}}, {"type": "Feature", "geometry": {"type": "Point", "coordinates": [73.787813, 18.536558]}, "properties": {"depth": 6.19}}, {"type": "Feature", "geometry": {"type": "Point", "coordinates": [73.791269, 18.535209]}, "properties": {"depth": 0.25}}, {"type": "Feature", "geometry": {"type": "Point", "coordinates": [73.790714, 18.536335]}, "properties": {"depth": 3.14}}, {"type": "Feature", "geometry": {"type": "Point", "coordinates": [73.791319, 18.537201]}, "properties": {"depth": 6.68}}, {"type": "Feature", "geometry": {"type": "Point", "coordinates": [73.790764, 18.537475]}, "properties": {"depth": 3.4}}, {"type": "Feature", "geometry": {"type": "Point", "coordinates": [73.790108, 18.537324]}, "properties": {"depth": 1.85}}, {"type": "Feature", "geometry": {"type": "Point", "coordinates": [73.789992, 18.537382]}, "properties": {"depth": 2.88}}, {"type": "Feature", "geometry": {"type": "Point", "coordinates": [73.78973, 18.53741]}, "properties": {"depth": 8.14}}, {"type": "Feature", "geometry": {"type": "Point", "coordinates": [73.789825, 18.537827]}, "properties": {"depth": 5.28}}, {"type": "Feature", "geometry": {"type": "Point", "coordinates": [73.790003, 18.537896]}, "properties": {"depth": 7.37}}, {"type": "Feature", "geometry": {"type": "Point", "coordinates": [73.789776, 18.537916]}, "properties": {"depth": 5.28}}, {"type": "Feature", "geometry": {"type": "Point", "coordinates": [73.790001, 18.538072]}, "properties": {"depth": 4.99}}, {"type": "Feature", "geometry": {"type": "Point", "coordinates": [73.789405, 18.538054]}, "properties": {"depth": 4.66}}, {"type": "Feature", "geometry": {"type": "Point", "coordinates": [73.78948, 18.538125]}, "properties": {"depth": 4.66}}, {"type": "Feature", "geometry": {"type": "Point", "coordinates": [73.790337, 18.538257]}, "properties": {"depth": 6.62}}, {"type": "Feature", "geometry": {"type": "Point", "coordinates": [73.789806, 18.538354]}, "properties": {"depth": 5.25}}, {"type": "Feature", "geometry": {"type": "Point", "coordinates": [73.789738, 18.53838]}, "properties": {"depth": 5.25}}, {"type": "Feature", "geometry": {"type": "Point", "coordinates": [73.790478, 18.538403]}, "properties": {"depth": 9.03}}, {"type": "Feature", "geometry": {"type": "Point", "coordinates": [73.789646, 18.538404]}, "properties": {"depth": 5.25}}, {"type": "Feature", "geometry": {"type": "Point", "coordinates": [73.789569, 18.538423]}, "properties": {"depth": 4.52}}, {"type": "Feature", "geometry": {"type": "Point", "coordinates": [73.789509, 18.538428]}, "properties": {"depth": 4.52}}, {"type": "Feature", "geometry": {"type": "Point", "coordinates": [73.790561, 18.538569]}, "properties": {"depth": 6.16}}, {"type": "Feature", "geometry": {"type": "Point", "coordinates": [73.788006, 18.536584]}, "properties": {"depth": 5.1}}, {"type": "Feature", "geometry": {"type": "Point", "coordinates": [73.78824, 18.536989]}, "properties": {"depth": 5.27}}, {"type": "Feature", "geometry": {"type": "Point", "coordinates": [73.7889, 18.539036]}, "properties": {"depth": 5.54}}, {"type": "Feature", "geometry": {"type": "Point", "coordinates": [73.791334, 18.537487]}, "properties": {"depth": 6.61}}, {"type": "Feature", "geometry": {"type": "Point", "coordinates": [73.791266, 18.537585]}, "properties": {"depth": 6.61}}, {"type": "Feature", "geometry": {"type": "Point", "coordinates": [73.790755, 18.538148]}, "properties": {"depth": 2.23}}, {"type": "Feature", "geometry": {"type": "Point", "coordinates": [73.791834, 18.538277]}, "properties": {"depth": 9.65}}, {"type": "Feature", "geometry": {"type": "Point", "coordinates": [73.790822, 18.538508]}, "properties": {"depth": 8.82}}, {"type": "Feature", "geometry": {"type": "Point", "coordinates": [73.791025, 18.538527]}, "properties": {"depth": 9.47}}, {"type": "Feature", "geometry": {"type": "Point", "coordinates": [73.791835, 18.539384]}, "properties": {"depth": 2.33}}, {"type": "Feature", "geometry": {"type": "Point", "coordinates": [73.791589, 18.539495]}, "properties": {"depth": 2.31}}, {"type": "Feature", "geometry": {"type": "Point", "coordinates": [73.789988, 18.538581]}, "properties": {"depth": 5.84}}, {"type": "Feature", "geometry": {"type": "Point", "coordinates": [73.789893, 18.538598]}, "properties": {"depth": 5.84}}, {"type": "Feature", "geometry": {"type": "Point", "coordinates": [73.789796, 18.538607]}, "properties": {"depth": 4.81}}, {"type": "Feature", "geometry": {"type": "Point", "coordinates": [73.789621, 18.538662]}, "properties": {"depth": 4.81}}, {"type": "Feature", "geometry": {"type": "Point", "coordinates": [73.789873, 18.538788]}, "properties": {"depth": 5.16}}, {"type": "Feature", "geometry": {"type": "Point", "coordinates": [73.790111, 18.538906]}, "properties": {"depth": 5.16}}, {"type": "Feature", "geometry": {"type": "Point", "coordinates": [73.790026, 18.538914]}, "properties": {"depth": 5.16}}, {"type": "Feature", "geometry": {"type": "Point", "coordinates": [73.789941, 18.538938]}, "properties": {"depth": 5.16}}, {"type": "Feature", "geometry": {"type": "Point", "coordinates": [73.789855, 18.538951]}, "properties": {"depth": 4.94}}, {"type": "Feature", "geometry": {"type": "Point", "coordinates": [73.789779, 18.538964]}, "properties": {"depth": 4.94}}, {"type": "Feature", "geometry": {"type": "Point", "coordinates": [73.790429, 18.540382]}, "properties": {"depth": 0.59}}, {"type": "Feature", "geometry": {"type": "Point", "coordinates": [73.790537, 18.54041]}, "properties": {"depth": 0.59}}, {"type": "Feature", "geometry": {"type": "Point", "coordinates": [73.792246, 18.537312]}, "properties": {"depth": 3.27}}, {"type": "Feature", "geometry": {"type": "Point", "coordinates": [73.792255, 18.537573]}, "properties": {"depth": 4.68}}, {"type": "Feature", "geometry": {"type": "Point", "coordinates": [73.793347, 18.538442]}, "properties": {"depth": 2.17}}, {"type": "Feature", "geometry": {"type": "Point", "coordinates": [73.793516, 18.538518]}, "properties": {"depth": 0.52}}, {"type": "Feature", "geometry": {"type": "Point", "coordinates": [73.79344, 18.538664]}, "properties": {"depth": 2.23}}, {"type": "Feature", "geometry": {"type": "Point", "coordinates": [73.793199, 18.538714]}, "properties": {"depth": 2.23}}, {"type": "Feature", "geometry": {"type": "Point", "coordinates": [73.792429, 18.537863]}, "properties": {"depth": 0.38}}, {"type": "Feature", "geometry": {"type": "Point", "coordinates": [73.792421, 18.538028]}, "properties": {"depth": 1.55}}, {"type": "Feature", "geometry": {"type": "Point", "coordinates": [73.792599, 18.538104]}, "properties": {"depth": 1.55}}, {"type": "Feature", "geometry": {"type": "Point", "coordinates": [73.792869, 18.538419]}, "properties": {"depth": 5.2}}, {"type": "Feature", "geometry": {"type": "Point", "coordinates": [73.793072, 18.538456]}, "properties": {"depth": 3.55}}, {"type": "Feature", "geometry": {"type": "Point", "coordinates": [73.793149, 18.538813]}, "properties": {"depth": 6.05}}, {"type": "Feature", "geometry": {"type": "Point", "coordinates": [73.792487, 18.539211]}, "properties": {"depth": 5.57}}, {"type": "Feature", "geometry": {"type": "Point", "coordinates": [73.792157, 18.539267]}, "properties": {"depth": 5.33}}, {"type": "Feature", "geometry": {"type": "Point", "coordinates": [73.792801, 18.539443]}, "properties": {"depth": 3.53}}, {"type": "Feature", "geometry": {"type": "Point", "coordinates": [73.792659, 18.539521]}, "properties": {"depth": 3.53}}, {"type": "Feature", "geometry": {"type": "Point", "coordinates": [73.793397, 18.538727]}, "properties": {"depth": 2.23}}, {"type": "Feature", "geometry": {"type": "Point", "coordinates": [73.793376, 18.538795]}, "properties": {"depth": 1.78}}, {"type": "Feature", "geometry": {"type": "Point", "coordinates": [73.793615, 18.538835]}, "properties": {"depth": 0.17}}, {"type": "Feature", "geometry": {"type": "Point", "coordinates": [73.793405, 18.538937]}, "properties": {"depth": 1.78}}, {"type": "Feature", "geometry": {"type": "Point", "coordinates": [73.793553, 18.538964]}, "properties": {"depth": 0.17}}, {"type": "Feature", "geometry": {"type": "Point", "coordinates": [73.793278, 18.538967]}, "properties": {"depth": 1.78}}, {"type": "Feature", "geometry": {"type": "Point", "coordinates": [73.793361, 18.539044]}, "properties": {"depth": 2.59}}, {"type": "Feature", "geometry": {"type": "Point", "coordinates": [73.793243, 18.539047]}, "properties": {"depth": 2.59}}, {"type": "Feature", "geometry": {"type": "Point", "coordinates": [73.793252, 18.539121]}, "properties": {"depth": 2.59}}, {"type": "Feature", "geometry": {"type": "Point", "coordinates": [73.79327, 18.539175]}, "properties": {"depth": 2.59}}, {"type": "Feature", "geometry": {"type": "Point", "coordinates": [73.79329, 18.539235]}, "properties": {"depth": 2.59}}, {"type": "Feature", "geometry": {"type": "Point", "coordinates": [73.79341, 18.539263]}, "properties": {"depth": 2.59}}, {"type": "Feature", "geometry": {"type": "Point", "coordinates": [73.793306, 18.539386]}, "properties": {"depth": 2.6}}, {"type": "Feature", "geometry": {"type": "Point", "coordinates": [73.793428, 18.539396]}, "properties": {"depth": 2.6}}, {"type": "Feature", "geometry": {"type": "Point", "coordinates": [73.793532, 18.539406]}, "properties": {"depth": 1.28}}, {"type": "Feature", "geometry": {"type": "Point", "coordinates": [73.793528, 18.539461]}, "properties": {"depth": 1.28}}, {"type": "Feature", "geometry": {"type": "Point", "coordinates": [73.79361, 18.539482]}, "properties": {"depth": 1.28}}, {"type": "Feature", "geometry": {"type": "Point", "coordinates": [73.793397, 18.539524]}, "properties": {"depth": 2.6}}, {"type": "Feature", "geometry": {"type": "Point", "coordinates": [73.791481, 18.540275]}, "properties": {"depth": 1.67}}, {"type": "Feature", "geometry": {"type": "Point", "coordinates": [73.791792, 18.540438]}, "properties": {"depth": 0.45}}, {"type": "Feature", "geometry": {"type": "Point", "coordinates": [73.79158, 18.540477]}, "properties": {"depth": 0.45}}, {"type": "Feature", "geometry": {"type": "Point", "coordinates": [73.790978, 18.540493]}, "properties": {"depth": 1.84}}, {"type": "Feature", "geometry": {"type": "Point", "coordinates": [73.791645, 18.540551]}, "properties": {"depth": 0.45}}, {"type": "Feature", "geometry": {"type": "Point", "coordinates": [73.791967, 18.540715]}, "properties": {"depth": 0.63}}, {"type": "Feature", "geometry": {"type": "Point", "coordinates": [73.790618, 18.541038]}, "properties": {"depth": 0.95}}, {"type": "Feature", "geometry": {"type": "Point", "coordinates": [73.791971, 18.54084]}, "properties": {"depth": 0.63}}, {"type": "Feature", "geometry": {"type": "Point", "coordinates": [73.792723, 18.540912]}, "properties": {"depth": 0.39}}, {"type": "Feature", "geometry": {"type": "Point", "coordinates": [73.792029, 18.540968]}, "properties": {"depth": 0.63}}, {"type": "Feature", "geometry": {"type": "Point", "coordinates": [73.792566, 18.540975]}, "properties": {"depth": 1.22}}, {"type": "Feature", "geometry": {"type": "Point", "coordinates": [73.79225, 18.541154]}, "properties": {"depth": 0.85}}, {"type": "Feature", "geometry": {"type": "Point", "coordinates": [73.792133, 18.541236]}, "properties": {"depth": 0.85}}, {"type": "Feature", "geometry": {"type": "Point", "coordinates": [73.791996, 18.541333]}, "properties": {"depth": 0.79}}, {"type": "Feature", "geometry": {"type": "Point", "coordinates": [73.791037, 18.541645]}, "properties": {"depth": 0.18}}, {"type": "Feature", "geometry": {"type": "Point", "coordinates": [73.793534, 18.539533]}, "properties": {"depth": 1.28}}, {"type": "Feature", "geometry": {"type": "Point", "coordinates": [73.793422, 18.539643]}, "properties": {"depth": 2.57}}, {"type": "Feature", "geometry": {"type": "Point", "coordinates": [73.79379, 18.539673]}, "properties": {"depth": 1.27}}, {"type": "Feature", "geometry": {"type": "Point", "coordinates": [73.793487, 18.539815]}, "properties": {"depth": 1.57}}, {"type": "Feature", "geometry": {"type": "Point", "coordinates": [73.794172, 18.539826]}, "properties": {"depth": 0.53}}, {"type": "Feature", "geometry": {"type": "Point", "coordinates": [73.793566, 18.539837]}, "properties": {"depth": 1.57}}, {"type": "Feature", "geometry": {"type": "Point", "coordinates": [73.793641, 18.539855]}, "properties": {"depth": 1.57}}, {"type": "Feature", "geometry": {"type": "Point", "coordinates": [73.793726, 18.53986]}, "properties": {"depth": 1.57}}, {"type": "Feature", "geometry": {"type": "Point", "coordinates": [73.794108, 18.540247]}, "properties": {"depth": 1.28}}, {"type": "Feature", "geometry": {"type": "Point", "coordinates": [73.793401, 18.540648]}, "properties": {"depth": 2.02}}, {"type": "Feature", "geometry": {"type": "Point", "coordinates": [73.792786, 18.54062]}, "properties": {"depth": 1.25}}, {"type": "Feature", "geometry": {"type": "Point", "coordinates": [73.792601, 18.540726]}, "properties": {"depth": 0.39}}, {"type": "Feature", "geometry": {"type": "Point", "coordinates": [73.792904, 18.540775]}, "properties": {"depth": 0.39}}, {"type": "Feature", "geometry": {"type": "Point", "coordinates": [73.79208, 18.540798]}, "properties": {"depth": 0.63}}, {"type": "Feature", "geometry": {"type": "Point", "coordinates": [73.787581, 18.536563]}, "properties": {"depth": 4.52}}, {"type": "Feature", "geometry": {"type": "Point", "coordinates": [73.786447, 18.538079]}, "properties": {"depth": 0.46}}, {"type": "Feature", "geometry": {"type": "Point", "coordinates": [73.786972, 18.538206]}, "properties": {"depth": 2.15}}, {"type": "Feature", "geometry": {"type": "Point", "coordinates": [73.786773, 18.538234]}, "properties": {"depth": 1.58}}, {"type": "Feature", "geometry": {"type": "Point", "coordinates": [73.785825, 18.537857]}, "properties": {"depth": 1.7}}, {"type": "Feature", "geometry": {"type": "Point", "coordinates": [73.786285, 18.538074]}, "properties": {"depth": 0.46}}, {"type": "Feature", "geometry": {"type": "Point", "coordinates": [73.785873, 18.53817]}, "properties": {"depth": 1.1}}, {"type": "Feature", "geometry": {"type": "Point", "coordinates": [73.785575, 18.538203]}, "properties": {"depth": 0.92}}, {"type": "Feature", "geometry": {"type": "Point", "coordinates": [73.786266, 18.538282]}, "properties": {"depth": 1.37}}, {"type": "Feature", "geometry": {"type": "Point", "coordinates": [73.786185, 18.538291]}, "properties": {"depth": 1.51}}, {"type": "Feature", "geometry": {"type": "Point", "coordinates": [73.785734, 18.538363]}, "properties": {"depth": 0.68}}, {"type": "Feature", "geometry": {"type": "Point", "coordinates": [73.785631, 18.538365]}, "properties": {"depth": 0.92}}, {"type": "Feature", "geometry": {"type": "Point", "coordinates": [73.785525, 18.538382]}, "properties": {"depth": 0.92}}, {"type": "Feature", "geometry": {"type": "Point", "coordinates": [73.786446, 18.538259]}, "properties": {"depth": 1.37}}, {"type": "Feature", "geometry": {"type": "Point", "coordinates": [73.786351, 18.538265]}, "properties": {"depth": 1.37}}, {"type": "Feature", "geometry": {"type": "Point", "coordinates": [73.787443, 18.538362]}, "properties": {"depth": 0.44}}, {"type": "Feature", "geometry": {"type": "Point", "coordinates": [73.767535, 18.584418]}, "properties": {"depth": 0.01}}, {"type": "Feature", "geometry": {"type": "Point", "coordinates": [73.836038, 18.5072]}, "properties": {"depth": 0.13}}, {"type": "Feature", "geometry": {"type": "Point", "coordinates": [73.842874, 18.512211]}, "properties": {"depth": 2.17}}, {"type": "Feature", "geometry": {"type": "Point", "coordinates": [73.844796, 18.514461]}, "properties": {"depth": 1.71}}, {"type": "Feature", "geometry": {"type": "Point", "coordinates": [73.844362, 18.516343]}, "properties": {"depth": 6.25}}, {"type": "Feature", "geometry": {"type": "Point", "coordinates": [73.844985, 18.517615]}, "properties": {"depth": 0.12}}, {"type": "Feature", "geometry": {"type": "Point", "coordinates": [73.845344, 18.515532]}, "properties": {"depth": 3.32}}, {"type": "Feature", "geometry": {"type": "Point", "coordinates": [73.845674, 18.516021]}, "properties": {"depth": 2.89}}, {"type": "Feature", "geometry": {"type": "Point", "coordinates": [73.845923, 18.516403]}, "properties": {"depth": 2.58}}, {"type": "Feature", "geometry": {"type": "Point", "coordinates": [73.846433, 18.516741]}, "properties": {"depth": 0.04}}, {"type": "Feature", "geometry": {"type": "Point", "coordinates": [73.846393, 18.516844]}, "properties": {"depth": 0.75}}, {"type": "Feature", "geometry": {"type": "Point", "coordinates": [73.846447, 18.516993]}, "properties": {"depth": 0.75}}, {"type": "Feature", "geometry": {"type": "Point", "coordinates": [73.811718, 18.527396]}, "properties": {"depth": 24.8}}, {"type": "Feature", "geometry": {"type": "Point", "coordinates": [73.8119, 18.527625]}, "properties": {"depth": 22.58}}, {"type": "Feature", "geometry": {"type": "Point", "coordinates": [73.811914, 18.527785]}, "properties": {"depth": 26.45}}, {"type": "Feature", "geometry": {"type": "Point", "coordinates": [73.812989, 18.529365]}, "properties": {"depth": 35.07}}, {"type": "Feature", "geometry": {"type": "Point", "coordinates": [73.812819, 18.529401]}, "properties": {"depth": 17.92}}, {"type": "Feature", "geometry": {"type": "Point", "coordinates": [73.813227, 18.529418]}, "properties": {"depth": 34.35}}, {"type": "Feature", "geometry": {"type": "Point", "coordinates": [73.813388, 18.529468]}, "properties": {"depth": 34.35}}, {"type": "Feature", "geometry": {"type": "Point", "coordinates": [73.81298, 18.529471]}, "properties": {"depth": 35.07}}, {"type": "Feature", "geometry": {"type": "Point", "coordinates": [73.812795, 18.529531]}, "properties": {"depth": 17.92}}, {"type": "Feature", "geometry": {"type": "Point", "coordinates": [73.813613, 18.529545]}, "properties": {"depth": 32.09}}, {"type": "Feature", "geometry": {"type": "Point", "coordinates": [73.81319, 18.529545]}, "properties": {"depth": 35.07}}, {"type": "Feature", "geometry": {"type": "Point", "coordinates": [73.812926, 18.529579]}, "properties": {"depth": 35.07}}, {"type": "Feature", "geometry": {"type": "Point", "coordinates": [73.813623, 18.530391]}, "properties": {"depth": 22.29}}, {"type": "Feature", "geometry": {"type": "Point", "coordinates": [73.814221, 18.530463]}, "properties": {"depth": 38.78}}, {"type": "Feature", "geometry": {"type": "Point", "coordinates": [73.813928, 18.530471]}, "properties": {"depth": 20.34}}, {"type": "Feature", "geometry": {"type": "Point", "coordinates": [73.813678, 18.530571]}, "properties": {"depth": 22.18}}, {"type": "Feature", "geometry": {"type": "Point", "coordinates": [73.813702, 18.530695]}, "properties": {"depth": 21.8}}, {"type": "Feature", "geometry": {"type": "Point", "coordinates": [73.813712, 18.530872]}, "properties": {"depth": 21.8}}, {"type": "Feature", "geometry": {"type": "Point", "coordinates": [73.811938, 18.527931]}, "properties": {"depth": 28.94}}, {"type": "Feature", "geometry": {"type": "Point", "coordinates": [73.811733, 18.528013]}, "properties": {"depth": 31.21}}, {"type": "Feature", "geometry": {"type": "Point", "coordinates": [73.81198, 18.528097]}, "properties": {"depth": 28.94}}, {"type": "Feature", "geometry": {"type": "Point", "coordinates": [73.81174, 18.528153]}, "properties": {"depth": 31.21}}, {"type": "Feature", "geometry": {"type": "Point", "coordinates": [73.811723, 18.528217]}, "properties": {"depth": 14.61}}, {"type": "Feature", "geometry": {"type": "Point", "coordinates": [73.812008, 18.528274]}, "properties": {"depth": 31.12}}, {"type": "Feature", "geometry": {"type": "Point", "coordinates": [73.811739, 18.528343]}, "properties": {"depth": 14.61}}, {"type": "Feature", "geometry": {"type": "Point", "coordinates": [73.812015, 18.528369]}, "properties": {"depth": 31.12}}, {"type": "Feature", "geometry": {"type": "Point", "coordinates": [73.812043, 18.528508]}, "properties": {"depth": 16.35}}, {"type": "Feature", "geometry": {"type": "Point", "coordinates": [73.811781, 18.528924]}, "properties": {"depth": 19.45}}, {"type": "Feature", "geometry": {"type": "Point", "coordinates": [73.811475, 18.528099]}, "properties": {"depth": 12.37}}, {"type": "Feature", "geometry": {"type": "Point", "coordinates": [73.811197, 18.528122]}, "properties": {"depth": 11.17}}, {"type": "Feature", "geometry": {"type": "Point", "coordinates": [73.811495, 18.528361]}, "properties": {"depth": 15.27}}, {"type": "Feature", "geometry": {"type": "Point", "coordinates": [73.811182, 18.528408]}, "properties": {"depth": 13.23}}, {"type": "Feature", "geometry": {"type": "Point", "coordinates": [73.811645, 18.528521]}, "properties": {"depth": 16.72}}, {"type": "Feature", "geometry": {"type": "Point", "coordinates": [73.811279, 18.528519]}, "properties": {"depth": 16.52}}, {"type": "Feature", "geometry": {"type": "Point", "coordinates": [73.811504, 18.528531]}, "properties": {"depth": 16.52}}, {"type": "Feature", "geometry": {"type": "Point", "coordinates": [73.811449, 18.528877]}, "properties": {"depth": 17.64}}, {"type": "Feature", "geometry": {"type": "Point", "coordinates": [73.811152, 18.52894]}, "properties": {"depth": 14.94}}, {"type": "Feature", "geometry": {"type": "Point", "coordinates": [73.81108, 18.529116]}, "properties": {"depth": 21.32}}, {"type": "Feature", "geometry": {"type": "Point", "coordinates": [73.84834, 18.519369]}, "properties": {"depth": 3.9}}, {"type": "Feature", "geometry": {"type": "Point", "coordinates": [73.847411, 18.520115]}, "properties": {"depth": 7.34}}, {"type": "Feature", "geometry": {"type": "Point", "coordinates": [73.848812, 18.519593]}, "properties": {"depth": 1.8}}, {"type": "Feature", "geometry": {"type": "Point", "coordinates": [73.844686, 18.527364]}, "properties": {"depth": 1.47}}, {"type": "Feature", "geometry": {"type": "Point", "coordinates": [73.844831, 18.527521]}, "properties": {"depth": 1.47}}, {"type": "Feature", "geometry": {"type": "Point", "coordinates": [73.845331, 18.527447]}, "properties": {"depth": 0.56}}, {"type": "Feature", "geometry": {"type": "Point", "coordinates": [73.845427, 18.527499]}, "properties": {"depth": 1.15}}, {"type": "Feature", "geometry": {"type": "Point", "coordinates": [73.845168, 18.527543]}, "properties": {"depth": 0.56}}, {"type": "Feature", "geometry": {"type": "Point", "coordinates": [73.844689, 18.527532]}, "properties": {"depth": 1.47}}, {"type": "Feature", "geometry": {"type": "Point", "coordinates": [73.844411, 18.52755]}, "properties": {"depth": 0.25}}, {"type": "Feature", "geometry": {"type": "Point", "coordinates": [73.84468, 18.527709]}, "properties": {"depth": 1.33}}, {"type": "Feature", "geometry": {"type": "Point", "coordinates": [73.844719, 18.527992]}, "properties": {"depth": 2.81}}, {"type": "Feature", "geometry": {"type": "Point", "coordinates": [73.844709, 18.528178]}, "properties": {"depth": 2.81}}, {"type": "Feature", "geometry": {"type": "Point", "coordinates": [73.842046, 18.528479]}, "properties": {"depth": 0.2}}, {"type": "Feature", "geometry": {"type": "Point", "coordinates": [73.84379, 18.528313]}, "properties": {"depth": 2.26}}, {"type": "Feature", "geometry": {"type": "Point", "coordinates": [73.842839, 18.528911]}, "properties": {"depth": 1.6}}, {"type": "Feature", "geometry": {"type": "Point", "coordinates": [73.843702, 18.528994]}, "properties": {"depth": 3.12}}, {"type": "Feature", "geometry": {"type": "Point", "coordinates": [73.844572, 18.528188]}, "properties": {"depth": 2.48}}, {"type": "Feature", "geometry": {"type": "Point", "coordinates": [73.844421, 18.528203]}, "properties": {"depth": 3.27}}, {"type": "Feature", "geometry": {"type": "Point", "coordinates": [73.844758, 18.528369]}, "properties": {"depth": 1.76}}, {"type": "Feature", "geometry": {"type": "Point", "coordinates": [73.844498, 18.52838]}, "properties": {"depth": 3.27}}, {"type": "Feature", "geometry": {"type": "Point", "coordinates": [73.844295, 18.528387]}, "properties": {"depth": 2.64}}, {"type": "Feature", "geometry": {"type": "Point", "coordinates": [73.844027, 18.528585]}, "properties": {"depth": 3.88}}, {"type": "Feature", "geometry": {"type": "Point", "coordinates": [73.844702, 18.528722]}, "properties": {"depth": 0.33}}, {"type": "Feature", "geometry": {"type": "Point", "coordinates": [73.844271, 18.528765]}, "properties": {"depth": 2.49}}, {"type": "Feature", "geometry": {"type": "Point", "coordinates": [73.845396, 18.528017]}, "properties": {"depth": 2.8}}, {"type": "Feature", "geometry": {"type": "Point", "coordinates": [73.845361, 18.528151]}, "properties": {"depth": 2.8}}, {"type": "Feature", "geometry": {"type": "Point", "coordinates": [73.845009, 18.528372]}, "properties": {"depth": 1.37}}, {"type": "Feature", "geometry": {"type": "Point", "coordinates": [73.843589, 18.530035]}, "properties": {"depth": 1.31}}, {"type": "Feature", "geometry": {"type": "Point", "coordinates": [73.843625, 18.530291]}, "properties": {"depth": 1.52}}, {"type": "Feature", "geometry": {"type": "Point", "coordinates": [73.844242, 18.530337]}, "properties": {"depth": 1.65}}, {"type": "Feature", "geometry": {"type": "Point", "coordinates": [73.811272, 18.52741]}, "properties": {"depth": 24.39}}, {"type": "Feature", "geometry": {"type": "Point", "coordinates": [73.811437, 18.527408]}, "properties": {"depth": 24.39}}, {"type": "Feature", "geometry": {"type": "Point", "coordinates": [73.811579, 18.527416]}, "properties": {"depth": 24.8}}, {"type": "Feature", "geometry": {"type": "Point", "coordinates": [73.811643, 18.527662]}, "properties": {"depth": 28.49}}, {"type": "Feature", "geometry": {"type": "Point", "coordinates": [73.811406, 18.527669]}, "properties": {"depth": 29.16}}, {"type": "Feature", "geometry": {"type": "Point", "coordinates": [73.811639, 18.527791]}, "properties": {"depth": 28.49}}, {"type": "Feature", "geometry": {"type": "Point", "coordinates": [73.811197, 18.527926]}, "properties": {"depth": 11.17}}, {"type": "Feature", "geometry": {"type": "Point", "coordinates": [73.810972, 18.530277]}, "properties": {"depth": 24.48}}, {"type": "Feature", "geometry": {"type": "Point", "coordinates": [73.811606, 18.530286]}, "properties": {"depth": 21.31}}, {"type": "Feature", "geometry": {"type": "Point", "coordinates": [73.811548, 18.530453]}, "properties": {"depth": 18.9}}, {"type": "Feature", "geometry": {"type": "Point", "coordinates": [73.810828, 18.530519]}, "properties": {"depth": 23.85}}, {"type": "Feature", "geometry": {"type": "Point", "coordinates": [73.810523, 18.530529]}, "properties": {"depth": 22.17}}, {"type": "Feature", "geometry": {"type": "Point", "coordinates": [73.811342, 18.530543]}, "properties": {"depth": 20.51}}, {"type": "Feature", "geometry": {"type": "Point", "coordinates": [73.810935, 18.530757]}, "properties": {"depth": 22.09}}, {"type": "Feature", "geometry": {"type": "Point", "coordinates": [73.810737, 18.530758]}, "properties": {"depth": 22.09}}, {"type": "Feature", "geometry": {"type": "Point", "coordinates": [73.811322, 18.530766]}, "properties": {"depth": 19.82}}, {"type": "Feature", "geometry": {"type": "Point", "coordinates": [73.810573, 18.530781]}, "properties": {"depth": 21.69}}, {"type": "Feature", "geometry": {"type": "Point", "coordinates": [73.810913, 18.530901]}, "properties": {"depth": 22.09}}, {"type": "Feature", "geometry": {"type": "Point", "coordinates": [73.810734, 18.530919]}, "properties": {"depth": 22.09}}, {"type": "Feature", "geometry": {"type": "Point", "coordinates": [73.810563, 18.530955]}, "properties": {"depth": 21.69}}, {"type": "Feature", "geometry": {"type": "Point", "coordinates": [73.810912, 18.531134]}, "properties": {"depth": 24.45}}, {"type": "Feature", "geometry": {"type": "Point", "coordinates": [73.811606, 18.531139]}, "properties": {"depth": 21.62}}, {"type": "Feature", "geometry": {"type": "Point", "coordinates": [73.810581, 18.531146]}, "properties": {"depth": 22.1}}, {"type": "Feature", "geometry": {"type": "Point", "coordinates": [73.811414, 18.531156]}, "properties": {"depth": 22.03}}, {"type": "Feature", "geometry": {"type": "Point", "coordinates": [73.811251, 18.53117]}, "properties": {"depth": 22.03}}, {"type": "Feature", "geometry": {"type": "Point", "coordinates": [73.810934, 18.531302]}, "properties": {"depth": 23.26}}, {"type": "Feature", "geometry": {"type": "Point", "coordinates": [73.811555, 18.531401]}, "properties": {"depth": 22.58}}, {"type": "Feature", "geometry": {"type": "Point", "coordinates": [73.811704, 18.529116]}, "properties": {"depth": 19.4}}, {"type": "Feature", "geometry": {"type": "Point", "coordinates": [73.812661, 18.529204]}, "properties": {"depth": 34.43}}, {"type": "Feature", "geometry": {"type": "Point", "coordinates": [73.811694, 18.529254]}, "properties": {"depth": 19.4}}, {"type": "Feature", "geometry": {"type": "Point", "coordinates": [73.811812, 18.52927]}, "properties": {"depth": 20.09}}, {"type": "Feature", "geometry": {"type": "Point", "coordinates": [73.812466, 18.529318]}, "properties": {"depth": 19.27}}, {"type": "Feature", "geometry": {"type": "Point", "coordinates": [73.812084, 18.529336]}, "properties": {"depth": 21.02}}, {"type": "Feature", "geometry": {"type": "Point", "coordinates": [73.81262, 18.529367]}, "properties": {"depth": 19.27}}, {"type": "Feature", "geometry": {"type": "Point", "coordinates": [73.812413, 18.529415]}, "properties": {"depth": 19.27}}, {"type": "Feature", "geometry": {"type": "Point", "coordinates": [73.811788, 18.529418]}, "properties": {"depth": 21.13}}, {"type": "Feature", "geometry": {"type": "Point", "coordinates": [73.812039, 18.529436]}, "properties": {"depth": 22.45}}, {"type": "Feature", "geometry": {"type": "Point", "coordinates": [73.812196, 18.529469]}, "properties": {"depth": 21.02}}, {"type": "Feature", "geometry": {"type": "Point", "coordinates": [73.812614, 18.529479]}, "properties": {"depth": 19.27}}, {"type": "Feature", "geometry": {"type": "Point", "coordinates": [73.812396, 18.529528]}, "properties": {"depth": 19.27}}, {"type": "Feature", "geometry": {"type": "Point", "coordinates": [73.812012, 18.529543]}, "properties": {"depth": 22.45}}, {"type": "Feature", "geometry": {"type": "Point", "coordinates": [73.811788, 18.529555]}, "properties": {"depth": 21.13}}, {"type": "Feature", "geometry": {"type": "Point", "coordinates": [73.812584, 18.529601]}, "properties": {"depth": 21.04}}, {"type": "Feature", "geometry": {"type": "Point", "coordinates": [73.811988, 18.529643]}, "properties": {"depth": 23.61}}, {"type": "Feature", "geometry": {"type": "Point", "coordinates": [73.812395, 18.529655]}, "properties": {"depth": 21.04}}, {"type": "Feature", "geometry": {"type": "Point", "coordinates": [73.812525, 18.52968]}, "properties": {"depth": 21.04}}, {"type": "Feature", "geometry": {"type": "Point", "coordinates": [73.812159, 18.5297]}, "properties": {"depth": 23.18}}, {"type": "Feature", "geometry": {"type": "Point", "coordinates": [73.81162, 18.529231]}, "properties": {"depth": 19.4}}, {"type": "Feature", "geometry": {"type": "Point", "coordinates": [73.811173, 18.52942]}, "properties": {"depth": 18.14}}, {"type": "Feature", "geometry": {"type": "Point", "coordinates": [73.811309, 18.529548]}, "properties": {"depth": 21.32}}, {"type": "Feature", "geometry": {"type": "Point", "coordinates": [73.810963, 18.529572]}, "properties": {"depth": 19.1}}, {"type": "Feature", "geometry": {"type": "Point", "coordinates": [73.811102, 18.529619]}, "properties": {"depth": 22.6}}, {"type": "Feature", "geometry": {"type": "Point", "coordinates": [73.811296, 18.529691]}, "properties": {"depth": 24.44}}, {"type": "Feature", "geometry": {"type": "Point", "coordinates": [73.811038, 18.529857]}, "properties": {"depth": 22.6}}, {"type": "Feature", "geometry": {"type": "Point", "coordinates": [73.811458, 18.52997]}, "properties": {"depth": 22.32}}, {"type": "Feature", "geometry": {"type": "Point", "coordinates": [73.811192, 18.530015]}, "properties": {"depth": 22.39}}, {"type": "Feature", "geometry": {"type": "Point", "coordinates": [73.811062, 18.530122]}, "properties": {"depth": 22.39}}, {"type": "Feature", "geometry": {"type": "Point", "coordinates": [73.813371, 18.529588]}, "properties": {"depth": 35.25}}, {"type": "Feature", "geometry": {"type": "Point", "coordinates": [73.81278, 18.529648]}, "properties": {"depth": 19.26}}, {"type": "Feature", "geometry": {"type": "Point", "coordinates": [73.81361, 18.529686]}, "properties": {"depth": 35.2}}, {"type": "Feature", "geometry": {"type": "Point", "coordinates": [73.812935, 18.529694]}, "properties": {"depth": 19.52}}, {"type": "Feature", "geometry": {"type": "Point", "coordinates": [73.812756, 18.529761]}, "properties": {"depth": 19.26}}, {"type": "Feature", "geometry": {"type": "Point", "coordinates": [73.813549, 18.529773]}, "properties": {"depth": 35.2}}, {"type": "Feature", "geometry": {"type": "Point", "coordinates": [73.812914, 18.529783]}, "properties": {"depth": 19.26}}, {"type": "Feature", "geometry": {"type": "Point", "coordinates": [73.813557, 18.529878]}, "properties": {"depth": 38.86}}, {"type": "Feature", "geometry": {"type": "Point", "coordinates": [73.812878, 18.529887]}, "properties": {"depth": 22.18}}, {"type": "Feature", "geometry": {"type": "Point", "coordinates": [73.813148, 18.529916]}, "properties": {"depth": 19.85}}, {"type": "Feature", "geometry": {"type": "Point", "coordinates": [73.812349, 18.52975]}, "properties": {"depth": 23.18}}, {"type": "Feature", "geometry": {"type": "Point", "coordinates": [73.811952, 18.52976]}, "properties": {"depth": 23.61}}, {"type": "Feature", "geometry": {"type": "Point", "coordinates": [73.812517, 18.529791]}, "properties": {"depth": 21.04}}, {"type": "Feature", "geometry": {"type": "Point", "coordinates": [73.812136, 18.52981]}, "properties": {"depth": 23.18}}, {"type": "Feature", "geometry": {"type": "Point", "coordinates": [73.812304, 18.529845]}, "properties": {"depth": 23.18}}, {"type": "Feature", "geometry": {"type": "Point", "coordinates": [73.812491, 18.529893]}, "properties": {"depth": 22.27}}, {"type": "Feature", "geometry": {"type": "Point", "coordinates": [73.811701, 18.529889]}, "properties": {"depth": 21.91}}, {"type": "Feature", "geometry": {"type": "Point", "coordinates": [73.811925, 18.529933]}, "properties": {"depth": 23.71}}, {"type": "Feature", "geometry": {"type": "Point", "coordinates": [73.812688, 18.529968]}, "properties": {"depth": 22.18}}, {"type": "Feature", "geometry": {"type": "Point", "coordinates": [73.812072, 18.529969]}, "properties": {"depth": 23.71}}, {"type": "Feature", "geometry": {"type": "Point", "coordinates": [73.813308, 18.529932]}, "properties": {"depth": 20.01}}, {"type": "Feature", "geometry": {"type": "Point", "coordinates": [73.81352, 18.529978]}, "properties": {"depth": 38.86}}, {"type": "Feature", "geometry": {"type": "Point", "coordinates": [73.812871, 18.529995]}, "properties": {"depth": 22.18}}, {"type": "Feature", "geometry": {"type": "Point", "coordinates": [73.813128, 18.530008]}, "properties": {"depth": 19.85}}, {"type": "Feature", "geometry": {"type": "Point", "coordinates": [73.813272, 18.530019]}, "properties": {"depth": 20.01}}, {"type": "Feature", "geometry": {"type": "Point", "coordinates": [73.813497, 18.530102]}, "properties": {"depth": 38.86}}, {"type": "Feature", "geometry": {"type": "Point", "coordinates": [73.812836, 18.5301]}, "properties": {"depth": 22.18}}, {"type": "Feature", "geometry": {"type": "Point", "coordinates": [73.81326, 18.53013]}, "properties": {"depth": 20.01}}, {"type": "Feature", "geometry": {"type": "Point", "coordinates": [73.813489, 18.530217]}, "properties": {"depth": 22.29}}, {"type": "Feature", "geometry": {"type": "Point", "coordinates": [73.813083, 18.530225]}, "properties": {"depth": 21.92}}, {"type": "Feature", "geometry": {"type": "Point", "coordinates": [73.812301, 18.530034]}, "properties": {"depth": 23.84}}, {"type": "Feature", "geometry": {"type": "Point", "coordinates": [73.811659, 18.530031]}, "properties": {"depth": 21.91}}, {"type": "Feature", "geometry": {"type": "Point", "coordinates": [73.811872, 18.530032]}, "properties": {"depth": 23.71}}, {"type": "Feature", "geometry": {"type": "Point", "coordinates": [73.812441, 18.530062]}, "properties": {"depth": 22.27}}, {"type": "Feature", "geometry": {"type": "Point", "coordinates": [73.812652, 18.530075]}, "properties": {"depth": 22.18}}, {"type": "Feature", "geometry": {"type": "Point", "coordinates": [73.812061, 18.530083]}, "properties": {"depth": 23.71}}, {"type": "Feature", "geometry": {"type": "Point", "coordinates": [73.812244, 18.530126]}, "properties": {"depth": 23.84}}, {"type": "Feature", "geometry": {"type": "Point", "coordinates": [73.811896, 18.530145]}, "properties": {"depth": 23.07}}, {"type": "Feature", "geometry": {"type": "Point", "coordinates": [73.812624, 18.53018]}, "properties": {"depth": 24.78}}, {"type": "Feature", "geometry": {"type": "Point", "coordinates": [73.811641, 18.530174]}, "properties": {"depth": 21.31}}, {"type": "Feature", "geometry": {"type": "Point", "coordinates": [73.813251, 18.530239]}, "properties": {"depth": 21.09}}, {"type": "Feature", "geometry": {"type": "Point", "coordinates": [73.813418, 18.530393]}, "properties": {"depth": 21.09}}, {"type": "Feature", "geometry": {"type": "Point", "coordinates": [73.813239, 18.530404]}, "properties": {"depth": 21.09}}, {"type": "Feature", "geometry": {"type": "Point", "coordinates": [73.813501, 18.530589]}, "properties": {"depth": 22.18}}, {"type": "Feature", "geometry": {"type": "Point", "coordinates": [73.813261, 18.530599]}, "properties": {"depth": 23.77}}, {"type": "Feature", "geometry": {"type": "Point", "coordinates": [73.813517, 18.530722]}, "properties": {"depth": 21.8}}, {"type": "Feature", "geometry": {"type": "Point", "coordinates": [73.81328, 18.530792]}, "properties": {"depth": 24.63}}, {"type": "Feature", "geometry": {"type": "Point", "coordinates": [73.813527, 18.530905]}, "properties": {"depth": 21.8}}, {"type": "Feature", "geometry": {"type": "Point", "coordinates": [73.8133, 18.530979]}, "properties": {"depth": 24.41}}, {"type": "Feature", "geometry": {"type": "Point", "coordinates": [73.813544, 18.531032]}, "properties": {"depth": 21.71}}, {"type": "Feature", "geometry": {"type": "Point", "coordinates": [73.812232, 18.530234]}, "properties": {"depth": 23.26}}, {"type": "Feature", "geometry": {"type": "Point", "coordinates": [73.81181, 18.530601]}, "properties": {"depth": 23.17}}, {"type": "Feature", "geometry": {"type": "Point", "coordinates": [73.812559, 18.530942]}, "properties": {"depth": 24.72}}, {"type": "Feature", "geometry": {"type": "Point", "coordinates": [73.812056, 18.530966]}, "properties": {"depth": 23.7}}, {"type": "Feature", "geometry": {"type": "Point", "coordinates": [73.812341, 18.530963]}, "properties": {"depth": 26.34}}, {"type": "Feature", "geometry": {"type": "Point", "coordinates": [73.812056, 18.531086]}, "properties": {"depth": 21.61}}, {"type": "Feature", "geometry": {"type": "Point", "coordinates": [73.811812, 18.531126]}, "properties": {"depth": 21.61}}, {"type": "Feature", "geometry": {"type": "Point", "coordinates": [73.812338, 18.531154]}, "properties": {"depth": 24.53}}, {"type": "Feature", "geometry": {"type": "Point", "coordinates": [73.812072, 18.531229]}, "properties": {"depth": 21.61}}, {"type": "Feature", "geometry": {"type": "Point", "coordinates": [73.812701, 18.531287]}, "properties": {"depth": 25.4}}, {"type": "Feature", "geometry": {"type": "Point", "coordinates": [73.812347, 18.531305]}, "properties": {"depth": 26.67}}, {"type": "Feature", "geometry": {"type": "Point", "coordinates": [73.8121, 18.531362]}, "properties": {"depth": 26.67}}, {"type": "Feature", "geometry": {"type": "Point", "coordinates": [73.811818, 18.53137]}, "properties": {"depth": 23.26}}, {"type": "Feature", "geometry": {"type": "Point", "coordinates": [73.81237, 18.531435]}, "properties": {"depth": 24.56}}, {"type": "Feature", "geometry": {"type": "Point", "coordinates": [73.812657, 18.531468]}, "properties": {"depth": 25.4}}, {"type": "Feature", "geometry": {"type": "Point", "coordinates": [73.812073, 18.53149]}, "properties": {"depth": 23.26}}, {"type": "Feature", "geometry": {"type": "Point", "coordinates": [73.812402, 18.531584]}, "properties": {"depth": 23.63}}, {"type": "Feature", "geometry": {"type": "Point", "coordinates": [73.811872, 18.531595]}, "properties": {"depth": 21.3}}, {"type": "Feature", "geometry": {"type": "Point", "coordinates": [73.812105, 18.531617]}, "properties": {"depth": 23.85}}, {"type": "Feature", "geometry": {"type": "Point", "coordinates": [73.812633, 18.531638]}, "properties": {"depth": 23.63}}, {"type": "Feature", "geometry": {"type": "Point", "coordinates": [73.810147, 18.531211]}, "properties": {"depth": 15.42}}, {"type": "Feature", "geometry": {"type": "Point", "coordinates": [73.810384, 18.531602]}, "properties": {"depth": 24.12}}, {"type": "Feature", "geometry": {"type": "Point", "coordinates": [73.810099, 18.53169]}, "properties": {"depth": 26.18}}, {"type": "Feature", "geometry": {"type": "Point", "coordinates": [73.810116, 18.531859]}, "properties": {"depth": 27.77}}, {"type": "Feature", "geometry": {"type": "Point", "coordinates": [73.810159, 18.532016]}, "properties": {"depth": 28.3}}, {"type": "Feature", "geometry": {"type": "Point", "coordinates": [73.810402, 18.532132]}, "properties": {"depth": 28.17}}, {"type": "Feature", "geometry": {"type": "Point", "coordinates": [73.810192, 18.532199]}, "properties": {"depth": 28.17}}, {"type": "Feature", "geometry": {"type": "Point", "coordinates": [73.810438, 18.532282]}, "properties": {"depth": 27.11}}, {"type": "Feature", "geometry": {"type": "Point", "coordinates": [73.809379, 18.532314]}, "properties": {"depth": 22.19}}, {"type": "Feature", "geometry": {"type": "Point", "coordinates": [73.810227, 18.532351]}, "properties": {"depth": 28.17}}, {"type": "Feature", "geometry": {"type": "Point", "coordinates": [73.811318, 18.531399]}, "properties": {"depth": 23.58}}, {"type": "Feature", "geometry": {"type": "Point", "coordinates": [73.810821, 18.531522]}, "properties": {"depth": 23.26}}, {"type": "Feature", "geometry": {"type": "Point", "coordinates": [73.81161, 18.53162]}, "properties": {"depth": 22.91}}, {"type": "Feature", "geometry": {"type": "Point", "coordinates": [73.810503, 18.531778]}, "properties": {"depth": 21.45}}, {"type": "Feature", "geometry": {"type": "Point", "coordinates": [73.810848, 18.532015]}, "properties": {"depth": 21.23}}, {"type": "Feature", "geometry": {"type": "Point", "coordinates": [73.811444, 18.532022]}, "properties": {"depth": 24.41}}, {"type": "Feature", "geometry": {"type": "Point", "coordinates": [73.810552, 18.53203]}, "properties": {"depth": 27.19}}, {"type": "Feature", "geometry": {"type": "Point", "coordinates": [73.810574, 18.532249]}, "properties": {"depth": 27.11}}, {"type": "Feature", "geometry": {"type": "Point", "coordinates": [73.811405, 18.532374]}, "properties": {"depth": 22.62}}, {"type": "Feature", "geometry": {"type": "Point", "coordinates": [73.811043, 18.532476]}, "properties": {"depth": 24.6}}, {"type": "Feature", "geometry": {"type": "Point", "coordinates": [73.810662, 18.53249]}, "properties": {"depth": 26.4}}, {"type": "Feature", "geometry": {"type": "Point", "coordinates": [73.81049, 18.532531]}, "properties": {"depth": 26.4}}, {"type": "Feature", "geometry": {"type": "Point", "coordinates": [73.811386, 18.532585]}, "properties": {"depth": 22.62}}, {"type": "Feature", "geometry": {"type": "Point", "coordinates": [73.811099, 18.532665]}, "properties": {"depth": 24.51}}, {"type": "Feature", "geometry": {"type": "Point", "coordinates": [73.8114, 18.532788]}, "properties": {"depth": 21.55}}, {"type": "Feature", "geometry": {"type": "Point", "coordinates": [73.810473, 18.532806]}, "properties": {"depth": 26.94}}, {"type": "Feature", "geometry": {"type": "Point", "coordinates": [73.810619, 18.532843]}, "properties": {"depth": 26.94}}, {"type": "Feature", "geometry": {"type": "Point", "coordinates": [73.810799, 18.532862]}, "properties": {"depth": 26.11}}, {"type": "Feature", "geometry": {"type": "Point", "coordinates": [73.810944, 18.532889]}, "properties": {"depth": 26.11}}, {"type": "Feature", "geometry": {"type": "Point", "coordinates": [73.811133, 18.532932]}, "properties": {"depth": 24.78}}, {"type": "Feature", "geometry": {"type": "Point", "coordinates": [73.810265, 18.532502]}, "properties": {"depth": 24.79}}, {"type": "Feature", "geometry": {"type": "Point", "coordinates": [73.809958, 18.532532]}, "properties": {"depth": 21.7}}, {"type": "Feature", "geometry": {"type": "Point", "coordinates": [73.809714, 18.532607]}, "properties": {"depth": 24.26}}, {"type": "Feature", "geometry": {"type": "Point", "coordinates": [73.810277, 18.532675]}, "properties": {"depth": 21.07}}, {"type": "Feature", "geometry": {"type": "Point", "coordinates": [73.809733, 18.532711]}, "properties": {"depth": 26.88}}, {"type": "Feature", "geometry": {"type": "Point", "coordinates": [73.810336, 18.532796]}, "properties": {"depth": 21.07}}, {"type": "Feature", "geometry": {"type": "Point", "coordinates": [73.810013, 18.53283]}, "properties": {"depth": 20.94}}, {"type": "Feature", "geometry": {"type": "Point", "coordinates": [73.809765, 18.532841]}, "properties": {"depth": 26.88}}, {"type": "Feature", "geometry": {"type": "Point", "coordinates": [73.810116, 18.533164]}, "properties": {"depth": 24.1}}, {"type": "Feature", "geometry": {"type": "Point", "coordinates": [73.810398, 18.533217]}, "properties": {"depth": 24.99}}, {"type": "Feature", "geometry": {"type": "Point", "coordinates": [73.81052, 18.532996]}, "properties": {"depth": 24.53}}, {"type": "Feature", "geometry": {"type": "Point", "coordinates": [73.810665, 18.533014]}, "properties": {"depth": 24.53}}, {"type": "Feature", "geometry": {"type": "Point", "coordinates": [73.810824, 18.533052]}, "properties": {"depth": 23.51}}, {"type": "Feature", "geometry": {"type": "Point", "coordinates": [73.810973, 18.533071]}, "properties": {"depth": 24.78}}, {"type": "Feature", "geometry": {"type": "Point", "coordinates": [73.811365, 18.533084]}, "properties": {"depth": 22.74}}, {"type": "Feature", "geometry": {"type": "Point", "coordinates": [73.811128, 18.533103]}, "properties": {"depth": 24.78}}, {"type": "Feature", "geometry": {"type": "Point", "coordinates": [73.811433, 18.533269]}, "properties": {"depth": 24.49}}, {"type": "Feature", "geometry": {"type": "Point", "coordinates": [73.810699, 18.53327]}, "properties": {"depth": 24.39}}, {"type": "Feature", "geometry": {"type": "Point", "coordinates": [73.81084, 18.533287]}, "properties": {"depth": 24.39}}, {"type": "Feature", "geometry": {"type": "Point", "coordinates": [73.811472, 18.533372]}, "properties": {"depth": 24.49}}, {"type": "Feature", "geometry": {"type": "Point", "coordinates": [73.809134, 18.532762]}, "properties": {"depth": 25.5}}, {"type": "Feature", "geometry": {"type": "Point", "coordinates": [73.808484, 18.535377]}, "properties": {"depth": 27.24}}, {"type": "Feature", "geometry": {"type": "Point", "coordinates": [73.80887, 18.535409]}, "properties": {"depth": 28.51}}, {"type": "Feature", "geometry": {"type": "Point", "coordinates": [73.809853, 18.533872]}, "properties": {"depth": 28.25}}, {"type": "Feature", "geometry": {"type": "Point", "coordinates": [73.809831, 18.5341]}, "properties": {"depth": 28.19}}, {"type": "Feature", "geometry": {"type": "Point", "coordinates": [73.809937, 18.537221]}, "properties": {"depth": 40.05}}, {"type": "Feature", "geometry": {"type": "Point", "coordinates": [73.810347, 18.537317]}, "properties": {"depth": 40.06}}, {"type": "Feature", "geometry": {"type": "Point", "coordinates": [73.809845, 18.537566]}, "properties": {"depth": 42.57}}, {"type": "Feature", "geometry": {"type": "Point", "coordinates": [73.810378, 18.537624]}, "properties": {"depth": 41.23}}, {"type": "Feature", "geometry": {"type": "Point", "coordinates": [73.809303, 18.53649]}, "properties": {"depth": 28.27}}, {"type": "Feature", "geometry": {"type": "Point", "coordinates": [73.812711, 18.531129]}, "properties": {"depth": 27.16}}, {"type": "Feature", "geometry": {"type": "Point", "coordinates": [73.813319, 18.531189]}, "properties": {"depth": 24.41}}, {"type": "Feature", "geometry": {"type": "Point", "coordinates": [73.813582, 18.531242]}, "properties": {"depth": 21.71}}, {"type": "Feature", "geometry": {"type": "Point", "coordinates": [73.813238, 18.531383]}, "properties": {"depth": 24.77}}, {"type": "Feature", "geometry": {"type": "Point", "coordinates": [73.813516, 18.531585]}, "properties": {"depth": 15.71}}, {"type": "Feature", "geometry": {"type": "Point", "coordinates": [73.812883, 18.531587]}, "properties": {"depth": 26.73}}, {"type": "Feature", "geometry": {"type": "Point", "coordinates": [73.813346, 18.531666]}, "properties": {"depth": 22.68}}, {"type": "Feature", "geometry": {"type": "Point", "coordinates": [73.813185, 18.531753]}, "properties": {"depth": 25.39}}, {"type": "Feature", "geometry": {"type": "Point", "coordinates": [73.813495, 18.531802]}, "properties": {"depth": 15.71}}, {"type": "Feature", "geometry": {"type": "Point", "coordinates": [73.813036, 18.531834]}, "properties": {"depth": 20.39}}, {"type": "Feature", "geometry": {"type": "Point", "coordinates": [73.8126, 18.531803]}, "properties": {"depth": 23.63}}, {"type": "Feature", "geometry": {"type": "Point", "coordinates": [73.812272, 18.531847]}, "properties": {"depth": 23.45}}, {"type": "Feature", "geometry": {"type": "Point", "coordinates": [73.811775, 18.531923]}, "properties": {"depth": 20.41}}, {"type": "Feature", "geometry": {"type": "Point", "coordinates": [73.812575, 18.531986]}, "properties": {"depth": 23.32}}, {"type": "Feature", "geometry": {"type": "Point", "coordinates": [73.812219, 18.532089]}, "properties": {"depth": 23.52}}, {"type": "Feature", "geometry": {"type": "Point", "coordinates": [73.811849, 18.532118]}, "properties": {"depth": 23.38}}, {"type": "Feature", "geometry": {"type": "Point", "coordinates": [73.811962, 18.532361]}, "properties": {"depth": 23.38}}, {"type": "Feature", "geometry": {"type": "Point", "coordinates": [73.811645, 18.532377]}, "properties": {"depth": 22.71}}, {"type": "Feature", "geometry": {"type": "Point", "coordinates": [73.812229, 18.532407]}, "properties": {"depth": 22.92}}, {"type": "Feature", "geometry": {"type": "Point", "coordinates": [73.812234, 18.53257]}, "properties": {"depth": 22.92}}, {"type": "Feature", "geometry": {"type": "Point", "coordinates": [73.814091, 18.530886]}, "properties": {"depth": 16.53}}, {"type": "Feature", "geometry": {"type": "Point", "coordinates": [73.814474, 18.530967]}, "properties": {"depth": 30.53}}, {"type": "Feature", "geometry": {"type": "Point", "coordinates": [73.813731, 18.531008]}, "properties": {"depth": 21.71}}, {"type": "Feature", "geometry": {"type": "Point", "coordinates": [73.814314, 18.531131]}, "properties": {"depth": 13.76}}, {"type": "Feature", "geometry": {"type": "Point", "coordinates": [73.813735, 18.531192]}, "properties": {"depth": 21.71}}, {"type": "Feature", "geometry": {"type": "Point", "coordinates": [73.814105, 18.531258]}, "properties": {"depth": 15.54}}, {"type": "Feature", "geometry": {"type": "Point", "coordinates": [73.813843, 18.531424]}, "properties": {"depth": 20.3}}, {"type": "Feature", "geometry": {"type": "Point", "coordinates": [73.813685, 18.531504]}, "properties": {"depth": 23.21}}, {"type": "Feature", "geometry": {"type": "Point", "coordinates": [73.813851, 18.531959]}, "properties": {"depth": 9.2}}, {"type": "Feature", "geometry": {"type": "Point", "coordinates": [73.813869, 18.538192]}, "properties": {"depth": 35.68}}, {"type": "Feature", "geometry": {"type": "Point", "coordinates": [73.811988, 18.532579]}, "properties": {"depth": 22.47}}, {"type": "Feature", "geometry": {"type": "Point", "coordinates": [73.811715, 18.532608]}, "properties": {"depth": 22.71}}, {"type": "Feature", "geometry": {"type": "Point", "coordinates": [73.81223, 18.53277]}, "properties": {"depth": 21.3}}, {"type": "Feature", "geometry": {"type": "Point", "coordinates": [73.812012, 18.532797]}, "properties": {"depth": 21.01}}, {"type": "Feature", "geometry": {"type": "Point", "coordinates": [73.811723, 18.532817]}, "properties": {"depth": 20.98}}, {"type": "Feature", "geometry": {"type": "Point", "coordinates": [73.811782, 18.533084]}, "properties": {"depth": 23.54}}, {"type": "Feature", "geometry": {"type": "Point", "coordinates": [73.811684, 18.53309]}, "properties": {"depth": 23.54}}, {"type": "Feature", "geometry": {"type": "Point", "coordinates": [73.812238, 18.533318]}, "properties": {"depth": 17.7}}, {"type": "Feature", "geometry": {"type": "Point", "coordinates": [73.810816, 18.533613]}, "properties": {"depth": 23.72}}, {"type": "Feature", "geometry": {"type": "Point", "coordinates": [73.811512, 18.533653]}, "properties": {"depth": 19.53}}, {"type": "Feature", "geometry": {"type": "Point", "coordinates": [73.810766, 18.533897]}, "properties": {"depth": 22.41}}, {"type": "Feature", "geometry": {"type": "Point", "coordinates": [73.810701, 18.534145]}, "properties": {"depth": 22.84}}, {"type": "Feature", "geometry": {"type": "Point", "coordinates": [73.810915, 18.534906]}, "properties": {"depth": 19.79}}, {"type": "Feature", "geometry": {"type": "Point", "coordinates": [73.81075, 18.536271]}, "properties": {"depth": 42.75}}, {"type": "Feature", "geometry": {"type": "Point", "coordinates": [73.811081, 18.536725]}, "properties": {"depth": 41.72}}, {"type": "Feature", "geometry": {"type": "Point", "coordinates": [73.811102, 18.537744]}, "properties": {"depth": 37.98}}, {"type": "Feature", "geometry": {"type": "Point", "coordinates": [73.811521, 18.53778]}, "properties": {"depth": 35.31}}, {"type": "Feature", "geometry": {"type": "Point", "coordinates": [73.812883, 18.531926]}, "properties": {"depth": 24.39}}, {"type": "Feature", "geometry": {"type": "Point", "coordinates": [73.813513, 18.532217]}, "properties": {"depth": 10.63}}, {"type": "Feature", "geometry": {"type": "Point", "coordinates": [73.81482, 18.530535]}, "properties": {"depth": 32.46}}, {"type": "Feature", "geometry": {"type": "Point", "coordinates": [73.814914, 18.537844]}, "properties": {"depth": 37.94}}, {"type": "Feature", "geometry": {"type": "Point", "coordinates": [73.815209, 18.53786]}, "properties": {"depth": 36.76}}, {"type": "Feature", "geometry": {"type": "Point", "coordinates": [73.814562, 18.537899]}, "properties": {"depth": 38.73}}, {"type": "Feature", "geometry": {"type": "Point", "coordinates": [73.737164, 18.56891]}, "properties": {"depth": 3.32}}, {"type": "Feature", "geometry": {"type": "Point", "coordinates": [73.745179, 18.565874]}, "properties": {"depth": 2.23}}, {"type": "Feature", "geometry": {"type": "Point", "coordinates": [73.745018, 18.565874]}, "properties": {"depth": 1.64}}, {"type": "Feature", "geometry": {"type": "Point", "coordinates": [73.745198, 18.565969]}, "properties": {"depth": 2.23}}, {"type": "Feature", "geometry": {"type": "Point", "coordinates": [73.745018, 18.565989]}, "properties": {"depth": 3.26}}, {"type": "Feature", "geometry": {"type": "Point", "coordinates": [73.745192, 18.566038]}, "properties": {"depth": 4.31}}, {"type": "Feature", "geometry": {"type": "Point", "coordinates": [73.744997, 18.566119]}, "properties": {"depth": 3.26}}, {"type": "Feature", "geometry": {"type": "Point", "coordinates": [73.745159, 18.566233]}, "properties": {"depth": 4.31}}, {"type": "Feature", "geometry": {"type": "Point", "coordinates": [73.745163, 18.566321]}, "properties": {"depth": 5.51}}, {"type": "Feature", "geometry": {"type": "Point", "coordinates": [73.744988, 18.566328]}, "properties": {"depth": 4.3}}, {"type": "Feature", "geometry": {"type": "Point", "coordinates": [73.745162, 18.5664]}, "properties": {"depth": 5.51}}, {"type": "Feature", "geometry": {"type": "Point", "coordinates": [73.744979, 18.566429]}, "properties": {"depth": 4.3}}, {"type": "Feature", "geometry": {"type": "Point", "coordinates": [73.745157, 18.566476]}, "properties": {"depth": 5.51}}, {"type": "Feature", "geometry": {"type": "Point", "coordinates": [73.745141, 18.566543]}, "properties": {"depth": 7.27}}, {"type": "Feature", "geometry": {"type": "Point", "coordinates": [73.744973, 18.566608]}, "properties": {"depth": 6.22}}, {"type": "Feature", "geometry": {"type": "Point", "coordinates": [73.745144, 18.566621]}, "properties": {"depth": 7.27}}, {"type": "Feature", "geometry": {"type": "Point", "coordinates": [73.744963, 18.566737]}, "properties": {"depth": 6.22}}, {"type": "Feature", "geometry": {"type": "Point", "coordinates": [73.744934, 18.566906]}, "properties": {"depth": 7.3}}, {"type": "Feature", "geometry": {"type": "Point", "coordinates": [73.744922, 18.567081]}, "properties": {"depth": 7.3}}, {"type": "Feature", "geometry": {"type": "Point", "coordinates": [73.745118, 18.567194]}, "properties": {"depth": 8.03}}, {"type": "Feature", "geometry": {"type": "Point", "coordinates": [73.744907, 18.567261]}, "properties": {"depth": 8.03}}, {"type": "Feature", "geometry": {"type": "Point", "coordinates": [73.743284, 18.567032]}, "properties": {"depth": 3.58}}, {"type": "Feature", "geometry": {"type": "Point", "coordinates": [73.743078, 18.567113]}, "properties": {"depth": 2.3}}, {"type": "Feature", "geometry": {"type": "Point", "coordinates": [73.743602, 18.567127]}, "properties": {"depth": 5.62}}, {"type": "Feature", "geometry": {"type": "Point", "coordinates": [73.744293, 18.567497]}, "properties": {"depth": 7.25}}, {"type": "Feature", "geometry": {"type": "Point", "coordinates": [73.742255, 18.567582]}, "properties": {"depth": 1.37}}, {"type": "Feature", "geometry": {"type": "Point", "coordinates": [73.74438, 18.567599]}, "properties": {"depth": 7.64}}, {"type": "Feature", "geometry": {"type": "Point", "coordinates": [73.742923, 18.56759]}, "properties": {"depth": 3.6}}, {"type": "Feature", "geometry": {"type": "Point", "coordinates": [73.743604, 18.567688]}, "properties": {"depth": 6.51}}, {"type": "Feature", "geometry": {"type": "Point", "coordinates": [73.7427, 18.567714]}, "properties": {"depth": 5.27}}, {"type": "Feature", "geometry": {"type": "Point", "coordinates": [73.74189, 18.567736]}, "properties": {"depth": 2.37}}, {"type": "Feature", "geometry": {"type": "Point", "coordinates": [73.743782, 18.567753]}, "properties": {"depth": 6.77}}, {"type": "Feature", "geometry": {"type": "Point", "coordinates": [73.743102, 18.567825]}, "properties": {"depth": 5.55}}, {"type": "Feature", "geometry": {"type": "Point", "coordinates": [73.7451, 18.567326]}, "properties": {"depth": 8.03}}, {"type": "Feature", "geometry": {"type": "Point", "coordinates": [73.745032, 18.567437]}, "properties": {"depth": 8.14}}, {"type": "Feature", "geometry": {"type": "Point", "coordinates": [73.745032, 18.56759]}, "properties": {"depth": 8.14}}, {"type": "Feature", "geometry": {"type": "Point", "coordinates": [73.744882, 18.567598]}, "properties": {"depth": 8.14}}, {"type": "Feature", "geometry": {"type": "Point", "coordinates": [73.745061, 18.567726]}, "properties": {"depth": 8.95}}, {"type": "Feature", "geometry": {"type": "Point", "coordinates": [73.744865, 18.56773]}, "properties": {"depth": 8.95}}, {"type": "Feature", "geometry": {"type": "Point", "coordinates": [73.745052, 18.567812]}, "properties": {"depth": 8.95}}, {"type": "Feature", "geometry": {"type": "Point", "coordinates": [73.74532, 18.567843]}, "properties": {"depth": 9.46}}, {"type": "Feature", "geometry": {"type": "Point", "coordinates": [73.748417, 18.567906]}, "properties": {"depth": 11.41}}, {"type": "Feature", "geometry": {"type": "Point", "coordinates": [73.747927, 18.567946]}, "properties": {"depth": 11.4}}, {"type": "Feature", "geometry": {"type": "Point", "coordinates": [73.746895, 18.568091]}, "properties": {"depth": 10.81}}, {"type": "Feature", "geometry": {"type": "Point", "coordinates": [73.744916, 18.568356]}, "properties": {"depth": 10.04}}, {"type": "Feature", "geometry": {"type": "Point", "coordinates": [73.748701, 18.568391]}, "properties": {"depth": 11.33}}, {"type": "Feature", "geometry": {"type": "Point", "coordinates": [73.749428, 18.568513]}, "properties": {"depth": 9.86}}, {"type": "Feature", "geometry": {"type": "Point", "coordinates": [73.746842, 18.568829]}, "properties": {"depth": 10.83}}, {"type": "Feature", "geometry": {"type": "Point", "coordinates": [73.746938, 18.568869]}, "properties": {"depth": 10.83}}, {"type": "Feature", "geometry": {"type": "Point", "coordinates": [73.749355, 18.568986]}, "properties": {"depth": 9.72}}, {"type": "Feature", "geometry": {"type": "Point", "coordinates": [73.749334, 18.569102]}, "properties": {"depth": 9.13}}, {"type": "Feature", "geometry": {"type": "Point", "coordinates": [73.747415, 18.569537]}, "properties": {"depth": 13.13}}, {"type": "Feature", "geometry": {"type": "Point", "coordinates": [73.747387, 18.569639]}, "properties": {"depth": 12.22}}, {"type": "Feature", "geometry": {"type": "Point", "coordinates": [73.750626, 18.568735]}, "properties": {"depth": 7.55}}, {"type": "Feature", "geometry": {"type": "Point", "coordinates": [73.750965, 18.568833]}, "properties": {"depth": 8.19}}, {"type": "Feature", "geometry": {"type": "Point", "coordinates": [73.749594, 18.568857]}, "properties": {"depth": 9.77}}, {"type": "Feature", "geometry": {"type": "Point", "coordinates": [73.751084, 18.568876]}, "properties": {"depth": 8.23}}, {"type": "Feature", "geometry": {"type": "Point", "coordinates": [73.751255, 18.568917]}, "properties": {"depth": 7.69}}, {"type": "Feature", "geometry": {"type": "Point", "coordinates": [73.751353, 18.568953]}, "properties": {"depth": 7.69}}, {"type": "Feature", "geometry": {"type": "Point", "coordinates": [73.752206, 18.568954]}, "properties": {"depth": 0.12}}, {"type": "Feature", "geometry": {"type": "Point", "coordinates": [73.749577, 18.568974]}, "properties": {"depth": 9.72}}, {"type": "Feature", "geometry": {"type": "Point", "coordinates": [73.75203, 18.569081]}, "properties": {"depth": 3.18}}, {"type": "Feature", "geometry": {"type": "Point", "coordinates": [73.750681, 18.569164]}, "properties": {"depth": 8.52}}, {"type": "Feature", "geometry": {"type": "Point", "coordinates": [73.752225, 18.569455]}, "properties": {"depth": 3.62}}, {"type": "Feature", "geometry": {"type": "Point", "coordinates": [73.752558, 18.569542]}, "properties": {"depth": 3.0}}, {"type": "Feature", "geometry": {"type": "Point", "coordinates": [73.751007, 18.569544]}, "properties": {"depth": 7.57}}, {"type": "Feature", "geometry": {"type": "Point", "coordinates": [73.752664, 18.569604]}, "properties": {"depth": 1.73}}, {"type": "Feature", "geometry": {"type": "Point", "coordinates": [73.751294, 18.569693]}, "properties": {"depth": 4.28}}, {"type": "Feature", "geometry": {"type": "Point", "coordinates": [73.75153, 18.569699]}, "properties": {"depth": 5.32}}, {"type": "Feature", "geometry": {"type": "Point", "coordinates": [73.751769, 18.569789]}, "properties": {"depth": 5.32}}, {"type": "Feature", "geometry": {"type": "Point", "coordinates": [73.750998, 18.569935]}, "properties": {"depth": 4.98}}, {"type": "Feature", "geometry": {"type": "Point", "coordinates": [73.75112, 18.56998]}, "properties": {"depth": 4.98}}, {"type": "Feature", "geometry": {"type": "Point", "coordinates": [73.752697, 18.570027]}, "properties": {"depth": 1.91}}, {"type": "Feature", "geometry": {"type": "Point", "coordinates": [73.750838, 18.570173]}, "properties": {"depth": 6.02}}, {"type": "Feature", "geometry": {"type": "Point", "coordinates": [73.752195, 18.5702]}, "properties": {"depth": 3.46}}, {"type": "Feature", "geometry": {"type": "Point", "coordinates": [73.75281, 18.570243]}, "properties": {"depth": 1.92}}, {"type": "Feature", "geometry": {"type": "Point", "coordinates": [73.750273, 18.570524]}, "properties": {"depth": 8.31}}, {"type": "Feature", "geometry": {"type": "Point", "coordinates": [73.753606, 18.571429]}, "properties": {"depth": 0.81}}, {"type": "Feature", "geometry": {"type": "Point", "coordinates": [73.753541, 18.572144]}, "properties": {"depth": 2.14}}, {"type": "Feature", "geometry": {"type": "Point", "coordinates": [73.753535, 18.572541]}, "properties": {"depth": 0.96}}, {"type": "Feature", "geometry": {"type": "Point", "coordinates": [73.752472, 18.572695]}, "properties": {"depth": 4.68}}, {"type": "Feature", "geometry": {"type": "Point", "coordinates": [73.753823, 18.5729]}, "properties": {"depth": 0.16}}, {"type": "Feature", "geometry": {"type": "Point", "coordinates": [73.753869, 18.573163]}, "properties": {"depth": 2.78}}, {"type": "Feature", "geometry": {"type": "Point", "coordinates": [73.75257, 18.572704]}, "properties": {"depth": 4.68}}, {"type": "Feature", "geometry": {"type": "Point", "coordinates": [73.753599, 18.572751]}, "properties": {"depth": 0.37}}, {"type": "Feature", "geometry": {"type": "Point", "coordinates": [73.753425, 18.572813]}, "properties": {"depth": 3.01}}, {"type": "Feature", "geometry": {"type": "Point", "coordinates": [73.752508, 18.573193]}, "properties": {"depth": 5.43}}, {"type": "Feature", "geometry": {"type": "Point", "coordinates": [73.752795, 18.573359]}, "properties": {"depth": 3.42}}, {"type": "Feature", "geometry": {"type": "Point", "coordinates": [73.753383, 18.573463]}, "properties": {"depth": 4.46}}, {"type": "Feature", "geometry": {"type": "Point", "coordinates": [73.752782, 18.573715]}, "properties": {"depth": 5.35}}, {"type": "Feature", "geometry": {"type": "Point", "coordinates": [73.752655, 18.573803]}, "properties": {"depth": 5.83}}, {"type": "Feature", "geometry": {"type": "Point", "coordinates": [73.752427, 18.573831]}, "properties": {"depth": 6.49}}, {"type": "Feature", "geometry": {"type": "Point", "coordinates": [73.753111, 18.574121]}, "properties": {"depth": 7.76}}, {"type": "Feature", "geometry": {"type": "Point", "coordinates": [73.738995, 18.569101]}, "properties": {"depth": 4.03}}, {"type": "Feature", "geometry": {"type": "Point", "coordinates": [73.738609, 18.56933]}, "properties": {"depth": 0.26}}, {"type": "Feature", "geometry": {"type": "Point", "coordinates": [73.740095, 18.569328]}, "properties": {"depth": 5.08}}, {"type": "Feature", "geometry": {"type": "Point", "coordinates": [73.739446, 18.569332]}, "properties": {"depth": 3.85}}, {"type": "Feature", "geometry": {"type": "Point", "coordinates": [73.73839, 18.570175]}, "properties": {"depth": 7.62}}, {"type": "Feature", "geometry": {"type": "Point", "coordinates": [73.739228, 18.570274]}, "properties": {"depth": 7.13}}, {"type": "Feature", "geometry": {"type": "Point", "coordinates": [73.738518, 18.570996]}, "properties": {"depth": 8.93}}, {"type": "Feature", "geometry": {"type": "Point", "coordinates": [73.743081, 18.56808]}, "properties": {"depth": 5.4}}, {"type": "Feature", "geometry": {"type": "Point", "coordinates": [73.7432, 18.568083]}, "properties": {"depth": 5.9}}, {"type": "Feature", "geometry": {"type": "Point", "coordinates": [73.74176, 18.568098]}, "properties": {"depth": 2.49}}, {"type": "Feature", "geometry": {"type": "Point", "coordinates": [73.74185, 18.56811]}, "properties": {"depth": 3.81}}, {"type": "Feature", "geometry": {"type": "Point", "coordinates": [73.741936, 18.568115]}, "properties": {"depth": 3.81}}, {"type": "Feature", "geometry": {"type": "Point", "coordinates": [73.740613, 18.569159]}, "properties": {"depth": 4.85}}, {"type": "Feature", "geometry": {"type": "Point", "coordinates": [73.739126, 18.571112]}, "properties": {"depth": 9.58}}, {"type": "Feature", "geometry": {"type": "Point", "coordinates": [73.736336, 18.568908]}, "properties": {"depth": 4.28}}, {"type": "Feature", "geometry": {"type": "Point", "coordinates": [73.737008, 18.56944]}, "properties": {"depth": 5.39}}, {"type": "Feature", "geometry": {"type": "Point", "coordinates": [73.747361, 18.56972]}, "properties": {"depth": 12.22}}, {"type": "Feature", "geometry": {"type": "Point", "coordinates": [73.748638, 18.570917]}, "properties": {"depth": 10.72}}, {"type": "Feature", "geometry": {"type": "Point", "coordinates": [73.75748, 18.57435]}, "properties": {"depth": 0.01}}, {"type": "Feature", "geometry": {"type": "Point", "coordinates": [73.754033, 18.574376]}, "properties": {"depth": 5.43}}, {"type": "Feature", "geometry": {"type": "Point", "coordinates": [73.754084, 18.574519]}, "properties": {"depth": 5.43}}, {"type": "Feature", "geometry": {"type": "Point", "coordinates": [73.757438, 18.574692]}, "properties": {"depth": 1.12}}, {"type": "Feature", "geometry": {"type": "Point", "coordinates": [73.757085, 18.574916]}, "properties": {"depth": 0.45}}, {"type": "Feature", "geometry": {"type": "Point", "coordinates": [73.757804, 18.57494]}, "properties": {"depth": 1.78}}, {"type": "Feature", "geometry": {"type": "Point", "coordinates": [73.754156, 18.574996]}, "properties": {"depth": 4.44}}, {"type": "Feature", "geometry": {"type": "Point", "coordinates": [73.75712, 18.575227]}, "properties": {"depth": 1.09}}, {"type": "Feature", "geometry": {"type": "Point", "coordinates": [73.751782, 18.574214]}, "properties": {"depth": 8.84}}, {"type": "Feature", "geometry": {"type": "Point", "coordinates": [73.7522, 18.574585]}, "properties": {"depth": 7.86}}, {"type": "Feature", "geometry": {"type": "Point", "coordinates": [73.75132, 18.57506]}, "properties": {"depth": 5.96}}, {"type": "Feature", "geometry": {"type": "Point", "coordinates": [73.752464, 18.575307]}, "properties": {"depth": 0.07}}, {"type": "Feature", "geometry": {"type": "Point", "coordinates": [73.75257, 18.575342]}, "properties": {"depth": 0.07}}, {"type": "Feature", "geometry": {"type": "Point", "coordinates": [73.752992, 18.575449]}, "properties": {"depth": 3.19}}, {"type": "Feature", "geometry": {"type": "Point", "coordinates": [73.75212, 18.575516]}, "properties": {"depth": 0.06}}, {"type": "Feature", "geometry": {"type": "Point", "coordinates": [73.752185, 18.575709]}, "properties": {"depth": 2.17}}, {"type": "Feature", "geometry": {"type": "Point", "coordinates": [73.753625, 18.576108]}, "properties": {"depth": 1.42}}, {"type": "Feature", "geometry": {"type": "Point", "coordinates": [73.758007, 18.574977]}, "properties": {"depth": 0.65}}, {"type": "Feature", "geometry": {"type": "Point", "coordinates": [73.756552, 18.5758]}, "properties": {"depth": 0.0}}, {"type": "Feature", "geometry": {"type": "Point", "coordinates": [73.754175, 18.576078]}, "properties": {"depth": 0.15}}, {"type": "Feature", "geometry": {"type": "Point", "coordinates": [73.756599, 18.576324]}, "properties": {"depth": 1.36}}, {"type": "Feature", "geometry": {"type": "Point", "coordinates": [73.754147, 18.576468]}, "properties": {"depth": 0.44}}, {"type": "Feature", "geometry": {"type": "Point", "coordinates": [73.755217, 18.576929]}, "properties": {"depth": 0.94}}, {"type": "Feature", "geometry": {"type": "Point", "coordinates": [73.754199, 18.576959]}, "properties": {"depth": 1.29}}, {"type": "Feature", "geometry": {"type": "Point", "coordinates": [73.756739, 18.577135]}, "properties": {"depth": 2.82}}, {"type": "Feature", "geometry": {"type": "Point", "coordinates": [73.755835, 18.577138]}, "properties": {"depth": 1.14}}, {"type": "Feature", "geometry": {"type": "Point", "coordinates": [73.755215, 18.577191]}, "properties": {"depth": 0.37}}, {"type": "Feature", "geometry": {"type": "Point", "coordinates": [73.75693, 18.577204]}, "properties": {"depth": 1.99}}, {"type": "Feature", "geometry": {"type": "Point", "coordinates": [73.756464, 18.577287]}, "properties": {"depth": 3.2}}, {"type": "Feature", "geometry": {"type": "Point", "coordinates": [73.754367, 18.577385]}, "properties": {"depth": 2.48}}, {"type": "Feature", "geometry": {"type": "Point", "coordinates": [73.755815, 18.577648]}, "properties": {"depth": 4.3}}, {"type": "Feature", "geometry": {"type": "Point", "coordinates": [73.75383, 18.577677]}, "properties": {"depth": 2.7}}, {"type": "Feature", "geometry": {"type": "Point", "coordinates": [73.755347, 18.577814]}, "properties": {"depth": 3.73}}, {"type": "Feature", "geometry": {"type": "Point", "coordinates": [73.75688, 18.578119]}, "properties": {"depth": 5.6}}, {"type": "Feature", "geometry": {"type": "Point", "coordinates": [73.756034, 18.578172]}, "properties": {"depth": 4.94}}, {"type": "Feature", "geometry": {"type": "Point", "coordinates": [73.756249, 18.57818]}, "properties": {"depth": 4.94}}, {"type": "Feature", "geometry": {"type": "Point", "coordinates": [73.756738, 18.578243]}, "properties": {"depth": 3.64}}, {"type": "Feature", "geometry": {"type": "Point", "coordinates": [73.756499, 18.578317]}, "properties": {"depth": 6.48}}, {"type": "Feature", "geometry": {"type": "Point", "coordinates": [73.755549, 18.578332]}, "properties": {"depth": 5.36}}, {"type": "Feature", "geometry": {"type": "Point", "coordinates": [73.757198, 18.578371]}, "properties": {"depth": 2.66}}, {"type": "Feature", "geometry": {"type": "Point", "coordinates": [73.758571, 18.579911]}, "properties": {"depth": 2.23}}, {"type": "Feature", "geometry": {"type": "Point", "coordinates": [73.758285, 18.580153]}, "properties": {"depth": 3.16}}, {"type": "Feature", "geometry": {"type": "Point", "coordinates": [73.758783, 18.580231]}, "properties": {"depth": 1.68}}, {"type": "Feature", "geometry": {"type": "Point", "coordinates": [73.757838, 18.580255]}, "properties": {"depth": 3.73}}, {"type": "Feature", "geometry": {"type": "Point", "coordinates": [73.758612, 18.580279]}, "properties": {"depth": 2.73}}, {"type": "Feature", "geometry": {"type": "Point", "coordinates": [73.758847, 18.580374]}, "properties": {"depth": 1.68}}, {"type": "Feature", "geometry": {"type": "Point", "coordinates": [73.757078, 18.578425]}, "properties": {"depth": 4.04}}, {"type": "Feature", "geometry": {"type": "Point", "coordinates": [73.756836, 18.578497]}, "properties": {"depth": 3.32}}, {"type": "Feature", "geometry": {"type": "Point", "coordinates": [73.757132, 18.578529]}, "properties": {"depth": 2.02}}, {"type": "Feature", "geometry": {"type": "Point", "coordinates": [73.757173, 18.578657]}, "properties": {"depth": 2.02}}, {"type": "Feature", "geometry": {"type": "Point", "coordinates": [73.756774, 18.578764]}, "properties": {"depth": 3.09}}, {"type": "Feature", "geometry": {"type": "Point", "coordinates": [73.757464, 18.578798]}, "properties": {"depth": 1.7}}, {"type": "Feature", "geometry": {"type": "Point", "coordinates": [73.756634, 18.578857]}, "properties": {"depth": 3.09}}, {"type": "Feature", "geometry": {"type": "Point", "coordinates": [73.757273, 18.582021]}, "properties": {"depth": 4.66}}, {"type": "Feature", "geometry": {"type": "Point", "coordinates": [73.753534, 18.576119]}, "properties": {"depth": 1.42}}, {"type": "Feature", "geometry": {"type": "Point", "coordinates": [73.753446, 18.576118]}, "properties": {"depth": 1.92}}, {"type": "Feature", "geometry": {"type": "Point", "coordinates": [73.753353, 18.576129]}, "properties": {"depth": 1.92}}, {"type": "Feature", "geometry": {"type": "Point", "coordinates": [73.753106, 18.576162]}, "properties": {"depth": 3.3}}, {"type": "Feature", "geometry": {"type": "Point", "coordinates": [73.75889, 18.580499]}, "properties": {"depth": 2.27}}, {"type": "Feature", "geometry": {"type": "Point", "coordinates": [73.758917, 18.580629]}, "properties": {"depth": 2.27}}, {"type": "Feature", "geometry": {"type": "Point", "coordinates": [73.759612, 18.580793]}, "properties": {"depth": 0.69}}, {"type": "Feature", "geometry": {"type": "Point", "coordinates": [73.758892, 18.581244]}, "properties": {"depth": 1.98}}, {"type": "Feature", "geometry": {"type": "Point", "coordinates": [73.759724, 18.583515]}, "properties": {"depth": 0.24}}, {"type": "Feature", "geometry": {"type": "Point", "coordinates": [73.759772, 18.583696]}, "properties": {"depth": 0.24}}, {"type": "Feature", "geometry": {"type": "Point", "coordinates": [73.760794, 18.584724]}, "properties": {"depth": 1.95}}, {"type": "Feature", "geometry": {"type": "Point", "coordinates": [73.760415, 18.585276]}, "properties": {"depth": 3.04}}, {"type": "Feature", "geometry": {"type": "Point", "coordinates": [73.760754, 18.585297]}, "properties": {"depth": 2.49}}, {"type": "Feature", "geometry": {"type": "Point", "coordinates": [73.760226, 18.58584]}, "properties": {"depth": 3.95}}, {"type": "Feature", "geometry": {"type": "Point", "coordinates": [73.760658, 18.585921]}, "properties": {"depth": 4.08}}, {"type": "Feature", "geometry": {"type": "Point", "coordinates": [73.760073, 18.586173]}, "properties": {"depth": 3.87}}, {"type": "Feature", "geometry": {"type": "Point", "coordinates": [73.760698, 18.586373]}, "properties": {"depth": 4.57}}, {"type": "Feature", "geometry": {"type": "Point", "coordinates": [73.765244, 18.585162]}, "properties": {"depth": 0.19}}, {"type": "Feature", "geometry": {"type": "Point", "coordinates": [73.765118, 18.585216]}, "properties": {"depth": 0.24}}, {"type": "Feature", "geometry": {"type": "Point", "coordinates": [73.764845, 18.585249]}, "properties": {"depth": 0.21}}, {"type": "Feature", "geometry": {"type": "Point", "coordinates": [73.765113, 18.585382]}, "properties": {"depth": 0.24}}, {"type": "Feature", "geometry": {"type": "Point", "coordinates": [73.765542, 18.585421]}, "properties": {"depth": 0.84}}, {"type": "Feature", "geometry": {"type": "Point", "coordinates": [73.765477, 18.586177]}, "properties": {"depth": 0.7}}, {"type": "Feature", "geometry": {"type": "Point", "coordinates": [73.765447, 18.586544]}, "properties": {"depth": 1.76}}, {"type": "Feature", "geometry": {"type": "Point", "coordinates": [73.780478, 18.577985]}, "properties": {"depth": 1.27}}, {"type": "Feature", "geometry": {"type": "Point", "coordinates": [73.77621, 18.586956]}, "properties": {"depth": 2.49}}, {"type": "Feature", "geometry": {"type": "Point", "coordinates": [73.777937, 18.582992]}, "properties": {"depth": 1.51}}, {"type": "Feature", "geometry": {"type": "Point", "coordinates": [73.777553, 18.585494]}, "properties": {"depth": 2.35}}, {"type": "Feature", "geometry": {"type": "Point", "coordinates": [73.777445, 18.585529]}, "properties": {"depth": 2.35}}, {"type": "Feature", "geometry": {"type": "Point", "coordinates": [73.777534, 18.58559]}, "properties": {"depth": 2.35}}, {"type": "Feature", "geometry": {"type": "Point", "coordinates": [73.77734, 18.585687]}, "properties": {"depth": 1.69}}, {"type": "Feature", "geometry": {"type": "Point", "coordinates": [73.772169, 18.585495]}, "properties": {"depth": 1.28}}, {"type": "Feature", "geometry": {"type": "Point", "coordinates": [73.972222, 18.577781]}, "properties": {"depth": 0.22}}, {"type": "Feature", "geometry": {"type": "Point", "coordinates": [73.976103, 18.578293]}, "properties": {"depth": 1.09}}, {"type": "Feature", "geometry": {"type": "Point", "coordinates": [73.975522, 18.578432]}, "properties": {"depth": 0.65}}, {"type": "Feature", "geometry": {"type": "Point", "coordinates": [73.97496, 18.578623]}, "properties": {"depth": 2.93}}, {"type": "Feature", "geometry": {"type": "Point", "coordinates": [73.971626, 18.578714]}, "properties": {"depth": 1.43}}, {"type": "Feature", "geometry": {"type": "Point", "coordinates": [73.974716, 18.578761]}, "properties": {"depth": 1.45}}, {"type": "Feature", "geometry": {"type": "Point", "coordinates": [73.974912, 18.578786]}, "properties": {"depth": 3.19}}, {"type": "Feature", "geometry": {"type": "Point", "coordinates": [73.971795, 18.578838]}, "properties": {"depth": 0.77}}, {"type": "Feature", "geometry": {"type": "Point", "coordinates": [73.972147, 18.578896]}, "properties": {"depth": 0.0}}, {"type": "Feature", "geometry": {"type": "Point", "coordinates": [73.972449, 18.57895]}, "properties": {"depth": 0.2}}, {"type": "Feature", "geometry": {"type": "Point", "coordinates": [73.972559, 18.578966]}, "properties": {"depth": 0.2}}, {"type": "Feature", "geometry": {"type": "Point", "coordinates": [73.974459, 18.578994]}, "properties": {"depth": 0.06}}, {"type": "Feature", "geometry": {"type": "Point", "coordinates": [73.974588, 18.579091]}, "properties": {"depth": 3.3}}, {"type": "Feature", "geometry": {"type": "Point", "coordinates": [73.974781, 18.579103]}, "properties": {"depth": 3.3}}, {"type": "Feature", "geometry": {"type": "Point", "coordinates": [73.972715, 18.57925]}, "properties": {"depth": 0.5}}, {"type": "Feature", "geometry": {"type": "Point", "coordinates": [73.972096, 18.57932]}, "properties": {"depth": 0.1}}, {"type": "Feature", "geometry": {"type": "Point", "coordinates": [73.975442, 18.578935]}, "properties": {"depth": 4.72}}, {"type": "Feature", "geometry": {"type": "Point", "coordinates": [73.975066, 18.579162]}, "properties": {"depth": 2.25}}, {"type": "Feature", "geometry": {"type": "Point", "coordinates": [73.976553, 18.579501]}, "properties": {"depth": 2.35}}, {"type": "Feature", "geometry": {"type": "Point", "coordinates": [73.975061, 18.580237]}, "properties": {"depth": 3.3}}, {"type": "Feature", "geometry": {"type": "Point", "coordinates": [73.972655, 18.579568]}, "properties": {"depth": 2.59}}, {"type": "Feature", "geometry": {"type": "Point", "coordinates": [73.972418, 18.57955]}, "properties": {"depth": 1.32}}, {"type": "Feature", "geometry": {"type": "Point", "coordinates": [73.972809, 18.579767]}, "properties": {"depth": 2.74}}, {"type": "Feature", "geometry": {"type": "Point", "coordinates": [73.97291, 18.58004]}, "properties": {"depth": 2.39}}, {"type": "Feature", "geometry": {"type": "Point", "coordinates": [73.972546, 18.580033]}, "properties": {"depth": 1.85}}, {"type": "Feature", "geometry": {"type": "Point", "coordinates": [73.97487, 18.580147]}, "properties": {"depth": 3.3}}, {"type": "Feature", "geometry": {"type": "Point", "coordinates": [73.944661, 18.57866]}, "properties": {"depth": 0.06}}, {"type": "Feature", "geometry": {"type": "Point", "coordinates": [73.97523, 18.580351]}, "properties": {"depth": 3.8}}, {"type": "Feature", "geometry": {"type": "Point", "coordinates": [73.975984, 18.580793]}, "properties": {"depth": 1.01}}, {"type": "Feature", "geometry": {"type": "Point", "coordinates": [73.976204, 18.581192]}, "properties": {"depth": 2.45}}, {"type": "Feature", "geometry": {"type": "Point", "coordinates": [73.975008, 18.581322]}, "properties": {"depth": 5.73}}, {"type": "Feature", "geometry": {"type": "Point", "coordinates": [73.975004, 18.581558]}, "properties": {"depth": 4.9}}, {"type": "Feature", "geometry": {"type": "Point", "coordinates": [73.975109, 18.581592]}, "properties": {"depth": 4.9}}, {"type": "Feature", "geometry": {"type": "Point", "coordinates": [73.975217, 18.581617]}, "properties": {"depth": 4.0}}, {"type": "Feature", "geometry": {"type": "Point", "coordinates": [73.976418, 18.581709]}, "properties": {"depth": 2.1}}, {"type": "Feature", "geometry": {"type": "Point", "coordinates": [73.976735, 18.581846]}, "properties": {"depth": 0.5}}, {"type": "Feature", "geometry": {"type": "Point", "coordinates": [73.974508, 18.581388]}, "properties": {"depth": 0.71}}, {"type": "Feature", "geometry": {"type": "Point", "coordinates": [73.974372, 18.581513]}, "properties": {"depth": 0.71}}, {"type": "Feature", "geometry": {"type": "Point", "coordinates": [73.974854, 18.581583]}, "properties": {"depth": 3.2}}, {"type": "Feature", "geometry": {"type": "Point", "coordinates": [73.975575, 18.581846]}, "properties": {"depth": 3.45}}, {"type": "Feature", "geometry": {"type": "Point", "coordinates": [73.977319, 18.581856]}, "properties": {"depth": 0.34}}, {"type": "Feature", "geometry": {"type": "Point", "coordinates": [73.977028, 18.5819]}, "properties": {"depth": 1.11}}, {"type": "Feature", "geometry": {"type": "Point", "coordinates": [73.975658, 18.581962]}, "properties": {"depth": 3.45}}, {"type": "Feature", "geometry": {"type": "Point", "coordinates": [73.976747, 18.581976]}, "properties": {"depth": 0.5}}, {"type": "Feature", "geometry": {"type": "Point", "coordinates": [73.977126, 18.582053]}, "properties": {"depth": 0.34}}, {"type": "Feature", "geometry": {"type": "Point", "coordinates": [73.975743, 18.582075]}, "properties": {"depth": 2.76}}, {"type": "Feature", "geometry": {"type": "Point", "coordinates": [73.977939, 18.582095]}, "properties": {"depth": 3.07}}, {"type": "Feature", "geometry": {"type": "Point", "coordinates": [73.975455, 18.582104]}, "properties": {"depth": 4.41}}, {"type": "Feature", "geometry": {"type": "Point", "coordinates": [73.977477, 18.582121]}, "properties": {"depth": 3.58}}, {"type": "Feature", "geometry": {"type": "Point", "coordinates": [73.974803, 18.582095]}, "properties": {"depth": 0.91}}, {"type": "Feature", "geometry": {"type": "Point", "coordinates": [73.979511, 18.582036]}, "properties": {"depth": 0.66}}, {"type": "Feature", "geometry": {"type": "Point", "coordinates": [73.978651, 18.582035]}, "properties": {"depth": 1.21}}, {"type": "Feature", "geometry": {"type": "Point", "coordinates": [73.978166, 18.582255]}, "properties": {"depth": 3.07}}, {"type": "Feature", "geometry": {"type": "Point", "coordinates": [73.975021, 18.582156]}, "properties": {"depth": 2.91}}, {"type": "Feature", "geometry": {"type": "Point", "coordinates": [73.977835, 18.582187]}, "properties": {"depth": 3.04}}, {"type": "Feature", "geometry": {"type": "Point", "coordinates": [73.975818, 18.582191]}, "properties": {"depth": 2.3}}, {"type": "Feature", "geometry": {"type": "Point", "coordinates": [73.976703, 18.582216]}, "properties": {"depth": 0.12}}, {"type": "Feature", "geometry": {"type": "Point", "coordinates": [73.975408, 18.582237]}, "properties": {"depth": 3.92}}, {"type": "Feature", "geometry": {"type": "Point", "coordinates": [73.976273, 18.582278]}, "properties": {"depth": 0.07}}, {"type": "Feature", "geometry": {"type": "Point", "coordinates": [73.975904, 18.582307]}, "properties": {"depth": 2.3}}, {"type": "Feature", "geometry": {"type": "Point", "coordinates": [73.975363, 18.582376]}, "properties": {"depth": 4.37}}, {"type": "Feature", "geometry": {"type": "Point", "coordinates": [73.975985, 18.582419]}, "properties": {"depth": 0.38}}, {"type": "Feature", "geometry": {"type": "Point", "coordinates": [73.975563, 18.582419]}, "properties": {"depth": 4.34}}, {"type": "Feature", "geometry": {"type": "Point", "coordinates": [73.972251, 18.580185]}, "properties": {"depth": 0.34}}, {"type": "Feature", "geometry": {"type": "Point", "coordinates": [73.972524, 18.580321]}, "properties": {"depth": 1.31}}, {"type": "Feature", "geometry": {"type": "Point", "coordinates": [73.973082, 18.580358]}, "properties": {"depth": 2.71}}, {"type": "Feature", "geometry": {"type": "Point", "coordinates": [73.972995, 18.580361]}, "properties": {"depth": 2.71}}, {"type": "Feature", "geometry": {"type": "Point", "coordinates": [73.972385, 18.580419]}, "properties": {"depth": 0.36}}, {"type": "Feature", "geometry": {"type": "Point", "coordinates": [73.972744, 18.580508]}, "properties": {"depth": 0.43}}, {"type": "Feature", "geometry": {"type": "Point", "coordinates": [73.973461, 18.580579]}, "properties": {"depth": 2.07}}, {"type": "Feature", "geometry": {"type": "Point", "coordinates": [73.973243, 18.580595]}, "properties": {"depth": 2.07}}, {"type": "Feature", "geometry": {"type": "Point", "coordinates": [73.97437, 18.580901]}, "properties": {"depth": 4.74}}, {"type": "Feature", "geometry": {"type": "Point", "coordinates": [73.972534, 18.580841]}, "properties": {"depth": 0.88}}, {"type": "Feature", "geometry": {"type": "Point", "coordinates": [73.973399, 18.58099]}, "properties": {"depth": 1.64}}, {"type": "Feature", "geometry": {"type": "Point", "coordinates": [73.974322, 18.58134]}, "properties": {"depth": 0.71}}, {"type": "Feature", "geometry": {"type": "Point", "coordinates": [73.97441, 18.581361]}, "properties": {"depth": 0.71}}, {"type": "Feature", "geometry": {"type": "Point", "coordinates": [73.974793, 18.582224]}, "properties": {"depth": 0.91}}, {"type": "Feature", "geometry": {"type": "Point", "coordinates": [73.974339, 18.582884]}, "properties": {"depth": 3.44}}, {"type": "Feature", "geometry": {"type": "Point", "coordinates": [73.977792, 18.582442]}, "properties": {"depth": 3.08}}, {"type": "Feature", "geometry": {"type": "Point", "coordinates": [73.975723, 18.582477]}, "properties": {"depth": 3.98}}, {"type": "Feature", "geometry": {"type": "Point", "coordinates": [73.977242, 18.582508]}, "properties": {"depth": 2.61}}, {"type": "Feature", "geometry": {"type": "Point", "coordinates": [73.978121, 18.582513]}, "properties": {"depth": 1.96}}, {"type": "Feature", "geometry": {"type": "Point", "coordinates": [73.97505, 18.582513]}, "properties": {"depth": 2.17}}, {"type": "Feature", "geometry": {"type": "Point", "coordinates": [73.976643, 18.582519]}, "properties": {"depth": 0.07}}, {"type": "Feature", "geometry": {"type": "Point", "coordinates": [73.976214, 18.582556]}, "properties": {"depth": 0.38}}, {"type": "Feature", "geometry": {"type": "Point", "coordinates": [73.976045, 18.582571]}, "properties": {"depth": 0.38}}, {"type": "Feature", "geometry": {"type": "Point", "coordinates": [73.975396, 18.582706]}, "properties": {"depth": 2.55}}, {"type": "Feature", "geometry": {"type": "Point", "coordinates": [73.975616, 18.582718]}, "properties": {"depth": 3.16}}, {"type": "Feature", "geometry": {"type": "Point", "coordinates": [73.974625, 18.58241]}, "properties": {"depth": 3.11}}, {"type": "Feature", "geometry": {"type": "Point", "coordinates": [73.974734, 18.582439]}, "properties": {"depth": 3.11}}, {"type": "Feature", "geometry": {"type": "Point", "coordinates": [73.974843, 18.582479]}, "properties": {"depth": 3.11}}, {"type": "Feature", "geometry": {"type": "Point", "coordinates": [73.974933, 18.582506]}, "properties": {"depth": 2.17}}, {"type": "Feature", "geometry": {"type": "Point", "coordinates": [73.97439, 18.582577]}, "properties": {"depth": 3.82}}, {"type": "Feature", "geometry": {"type": "Point", "coordinates": [73.974967, 18.582714]}, "properties": {"depth": 3.91}}, {"type": "Feature", "geometry": {"type": "Point", "coordinates": [73.978442, 18.582615]}, "properties": {"depth": 5.19}}, {"type": "Feature", "geometry": {"type": "Point", "coordinates": [73.980629, 18.582787]}, "properties": {"depth": 0.15}}, {"type": "Feature", "geometry": {"type": "Point", "coordinates": [73.980543, 18.582826]}, "properties": {"depth": 0.15}}, {"type": "Feature", "geometry": {"type": "Point", "coordinates": [73.980466, 18.582842]}, "properties": {"depth": 0.15}}, {"type": "Feature", "geometry": {"type": "Point", "coordinates": [73.980373, 18.582858]}, "properties": {"depth": 0.79}}, {"type": "Feature", "geometry": {"type": "Point", "coordinates": [73.977721, 18.582751]}, "properties": {"depth": 3.53}}, {"type": "Feature", "geometry": {"type": "Point", "coordinates": [73.975233, 18.582762]}, "properties": {"depth": 2.55}}, {"type": "Feature", "geometry": {"type": "Point", "coordinates": [73.976576, 18.582803]}, "properties": {"depth": 2.69}}, {"type": "Feature", "geometry": {"type": "Point", "coordinates": [73.978048, 18.582819]}, "properties": {"depth": 3.23}}, {"type": "Feature", "geometry": {"type": "Point", "coordinates": [73.975934, 18.582829]}, "properties": {"depth": 3.44}}, {"type": "Feature", "geometry": {"type": "Point", "coordinates": [73.976127, 18.582895]}, "properties": {"depth": 0.72}}, {"type": "Feature", "geometry": {"type": "Point", "coordinates": [73.976992, 18.582923]}, "properties": {"depth": 3.19}}, {"type": "Feature", "geometry": {"type": "Point", "coordinates": [73.975903, 18.582927]}, "properties": {"depth": 2.19}}, {"type": "Feature", "geometry": {"type": "Point", "coordinates": [73.977241, 18.582964]}, "properties": {"depth": 3.47}}, {"type": "Feature", "geometry": {"type": "Point", "coordinates": [73.975657, 18.583002]}, "properties": {"depth": 2.68}}, {"type": "Feature", "geometry": {"type": "Point", "coordinates": [73.978386, 18.582993]}, "properties": {"depth": 1.77}}, {"type": "Feature", "geometry": {"type": "Point", "coordinates": [73.980363, 18.583126]}, "properties": {"depth": 1.27}}, {"type": "Feature", "geometry": {"type": "Point", "coordinates": [73.974908, 18.5829]}, "properties": {"depth": 3.91}}, {"type": "Feature", "geometry": {"type": "Point", "coordinates": [73.973972, 18.58295]}, "properties": {"depth": 0.89}}, {"type": "Feature", "geometry": {"type": "Point", "coordinates": [73.974657, 18.583031]}, "properties": {"depth": 1.37}}, {"type": "Feature", "geometry": {"type": "Point", "coordinates": [73.974017, 18.583181]}, "properties": {"depth": 0.89}}, {"type": "Feature", "geometry": {"type": "Point", "coordinates": [73.974384, 18.583244]}, "properties": {"depth": 4.33}}, {"type": "Feature", "geometry": {"type": "Point", "coordinates": [73.974794, 18.583276]}, "properties": {"depth": 5.08}}, {"type": "Feature", "geometry": {"type": "Point", "coordinates": [73.977622, 18.583073]}, "properties": {"depth": 0.65}}, {"type": "Feature", "geometry": {"type": "Point", "coordinates": [73.976581, 18.583082]}, "properties": {"depth": 2.96}}, {"type": "Feature", "geometry": {"type": "Point", "coordinates": [73.976121, 18.583138]}, "properties": {"depth": 0.99}}, {"type": "Feature", "geometry": {"type": "Point", "coordinates": [73.977065, 18.583188]}, "properties": {"depth": 3.19}}, {"type": "Feature", "geometry": {"type": "Point", "coordinates": [73.977991, 18.583226]}, "properties": {"depth": 2.31}}, {"type": "Feature", "geometry": {"type": "Point", "coordinates": [73.975994, 18.58332]}, "properties": {"depth": 0.3}}, {"type": "Feature", "geometry": {"type": "Point", "coordinates": [73.976722, 18.583347]}, "properties": {"depth": 4.09}}, {"type": "Feature", "geometry": {"type": "Point", "coordinates": [73.976223, 18.583422]}, "properties": {"depth": 0.3}}, {"type": "Feature", "geometry": {"type": "Point", "coordinates": [73.97518, 18.58345]}, "properties": {"depth": 2.73}}, {"type": "Feature", "geometry": {"type": "Point", "coordinates": [73.9781, 18.583557]}, "properties": {"depth": 0.82}}, {"type": "Feature", "geometry": {"type": "Point", "coordinates": [73.979634, 18.583475]}, "properties": {"depth": 3.95}}, {"type": "Feature", "geometry": {"type": "Point", "coordinates": [73.979637, 18.583557]}, "properties": {"depth": 3.95}}, {"type": "Feature", "geometry": {"type": "Point", "coordinates": [73.974587, 18.583382]}, "properties": {"depth": 5.08}}, {"type": "Feature", "geometry": {"type": "Point", "coordinates": [73.97476, 18.583396]}, "properties": {"depth": 5.08}}, {"type": "Feature", "geometry": {"type": "Point", "coordinates": [73.974306, 18.583421]}, "properties": {"depth": 4.33}}, {"type": "Feature", "geometry": {"type": "Point", "coordinates": [73.974708, 18.583592]}, "properties": {"depth": 6.62}}, {"type": "Feature", "geometry": {"type": "Point", "coordinates": [73.97861, 18.583563]}, "properties": {"depth": 0.66}}, {"type": "Feature", "geometry": {"type": "Point", "coordinates": [73.980081, 18.583785]}, "properties": {"depth": 1.82}}, {"type": "Feature", "geometry": {"type": "Point", "coordinates": [73.979674, 18.583793]}, "properties": {"depth": 3.22}}, {"type": "Feature", "geometry": {"type": "Point", "coordinates": [73.978193, 18.583791]}, "properties": {"depth": 0.97}}, {"type": "Feature", "geometry": {"type": "Point", "coordinates": [73.978648, 18.583825]}, "properties": {"depth": 2.06}}, {"type": "Feature", "geometry": {"type": "Point", "coordinates": [73.979823, 18.583847]}, "properties": {"depth": 3.22}}, {"type": "Feature", "geometry": {"type": "Point", "coordinates": [73.974033, 18.583624]}, "properties": {"depth": 0.92}}, {"type": "Feature", "geometry": {"type": "Point", "coordinates": [73.974238, 18.583709]}, "properties": {"depth": 0.92}}, {"type": "Feature", "geometry": {"type": "Point", "coordinates": [73.974416, 18.583753]}, "properties": {"depth": 1.66}}, {"type": "Feature", "geometry": {"type": "Point", "coordinates": [73.979722, 18.583894]}, "properties": {"depth": 3.22}}, {"type": "Feature", "geometry": {"type": "Point", "coordinates": [73.979831, 18.583909]}, "properties": {"depth": 3.22}}, {"type": "Feature", "geometry": {"type": "Point", "coordinates": [73.980036, 18.583931]}, "properties": {"depth": 1.82}}, {"type": "Feature", "geometry": {"type": "Point", "coordinates": [73.979752, 18.583952]}, "properties": {"depth": 3.22}}, {"type": "Feature", "geometry": {"type": "Point", "coordinates": [73.978647, 18.583947]}, "properties": {"depth": 2.06}}, {"type": "Feature", "geometry": {"type": "Point", "coordinates": [73.979675, 18.583968]}, "properties": {"depth": 3.22}}, {"type": "Feature", "geometry": {"type": "Point", "coordinates": [73.980026, 18.583979]}, "properties": {"depth": 1.82}}, {"type": "Feature", "geometry": {"type": "Point", "coordinates": [73.979796, 18.583989]}, "properties": {"depth": 3.22}}, {"type": "Feature", "geometry": {"type": "Point", "coordinates": [73.97987, 18.583991]}, "properties": {"depth": 1.82}}, {"type": "Feature", "geometry": {"type": "Point", "coordinates": [73.979717, 18.584032]}, "properties": {"depth": 3.15}}, {"type": "Feature", "geometry": {"type": "Point", "coordinates": [73.97981, 18.584042]}, "properties": {"depth": 3.15}}, {"type": "Feature", "geometry": {"type": "Point", "coordinates": [73.980017, 18.584049]}, "properties": {"depth": 1.79}}, {"type": "Feature", "geometry": {"type": "Point", "coordinates": [73.979879, 18.584068]}, "properties": {"depth": 1.79}}, {"type": "Feature", "geometry": {"type": "Point", "coordinates": [73.97965, 18.584072]}, "properties": {"depth": 3.15}}, {"type": "Feature", "geometry": {"type": "Point", "coordinates": [73.978298, 18.584102]}, "properties": {"depth": 3.61}}, {"type": "Feature", "geometry": {"type": "Point", "coordinates": [73.979883, 18.584112]}, "properties": {"depth": 1.79}}, {"type": "Feature", "geometry": {"type": "Point", "coordinates": [73.97964, 18.584115]}, "properties": {"depth": 3.15}}, {"type": "Feature", "geometry": {"type": "Point", "coordinates": [73.979989, 18.584117]}, "properties": {"depth": 1.79}}, {"type": "Feature", "geometry": {"type": "Point", "coordinates": [73.979782, 18.584129]}, "properties": {"depth": 3.15}}, {"type": "Feature", "geometry": {"type": "Point", "coordinates": [73.980015, 18.584153]}, "properties": {"depth": 1.79}}, {"type": "Feature", "geometry": {"type": "Point", "coordinates": [73.979613, 18.584152]}, "properties": {"depth": 3.15}}, {"type": "Feature", "geometry": {"type": "Point", "coordinates": [73.979884, 18.584164]}, "properties": {"depth": 1.79}}, {"type": "Feature", "geometry": {"type": "Point", "coordinates": [73.979706, 18.584163]}, "properties": {"depth": 3.15}}, {"type": "Feature", "geometry": {"type": "Point", "coordinates": [73.979779, 18.584179]}, "properties": {"depth": 3.15}}, {"type": "Feature", "geometry": {"type": "Point", "coordinates": [73.979638, 18.584202]}, "properties": {"depth": 3.15}}, {"type": "Feature", "geometry": {"type": "Point", "coordinates": [73.980002, 18.584217]}, "properties": {"depth": 1.79}}, {"type": "Feature", "geometry": {"type": "Point", "coordinates": [73.979686, 18.584221]}, "properties": {"depth": 3.15}}, {"type": "Feature", "geometry": {"type": "Point", "coordinates": [73.979865, 18.584225]}, "properties": {"depth": 1.79}}, {"type": "Feature", "geometry": {"type": "Point", "coordinates": [73.979769, 18.584233]}, "properties": {"depth": 3.15}}, {"type": "Feature", "geometry": {"type": "Point", "coordinates": [73.979629, 18.584241]}, "properties": {"depth": 3.15}}, {"type": "Feature", "geometry": {"type": "Point", "coordinates": [73.9779, 18.583569]}, "properties": {"depth": 1.99}}, {"type": "Feature", "geometry": {"type": "Point", "coordinates": [73.976363, 18.584011]}, "properties": {"depth": 5.86}}, {"type": "Feature", "geometry": {"type": "Point", "coordinates": [73.976662, 18.584068]}, "properties": {"depth": 3.86}}, {"type": "Feature", "geometry": {"type": "Point", "coordinates": [73.9769, 18.584389]}, "properties": {"depth": 0.26}}, {"type": "Feature", "geometry": {"type": "Point", "coordinates": [73.976848, 18.584814]}, "properties": {"depth": 0.49}}, {"type": "Feature", "geometry": {"type": "Point", "coordinates": [73.977007, 18.584813]}, "properties": {"depth": 0.49}}, {"type": "Feature", "geometry": {"type": "Point", "coordinates": [73.976688, 18.584842]}, "properties": {"depth": 1.0}}, {"type": "Feature", "geometry": {"type": "Point", "coordinates": [73.976747, 18.584889]}, "properties": {"depth": 0.05}}, {"type": "Feature", "geometry": {"type": "Point", "coordinates": [73.976723, 18.584966]}, "properties": {"depth": 0.05}}, {"type": "Feature", "geometry": {"type": "Point", "coordinates": [73.979984, 18.584263]}, "properties": {"depth": 1.79}}, {"type": "Feature", "geometry": {"type": "Point", "coordinates": [73.980034, 18.584264]}, "properties": {"depth": 1.79}}, {"type": "Feature", "geometry": {"type": "Point", "coordinates": [73.980123, 18.584292]}, "properties": {"depth": 1.79}}, {"type": "Feature", "geometry": {"type": "Point", "coordinates": [73.979859, 18.584291]}, "properties": {"depth": 3.15}}, {"type": "Feature", "geometry": {"type": "Point", "coordinates": [73.979755, 18.584292]}, "properties": {"depth": 3.15}}, {"type": "Feature", "geometry": {"type": "Point", "coordinates": [73.97968, 18.584293]}, "properties": {"depth": 3.15}}, {"type": "Feature", "geometry": {"type": "Point", "coordinates": [73.979626, 18.584304]}, "properties": {"depth": 3.15}}, {"type": "Feature", "geometry": {"type": "Point", "coordinates": [73.979587, 18.584304]}, "properties": {"depth": 3.15}}, {"type": "Feature", "geometry": {"type": "Point", "coordinates": [73.980084, 18.584312]}, "properties": {"depth": 1.78}}, {"type": "Feature", "geometry": {"type": "Point", "coordinates": [73.979982, 18.584312]}, "properties": {"depth": 1.78}}, {"type": "Feature", "geometry": {"type": "Point", "coordinates": [73.980028, 18.584331]}, "properties": {"depth": 1.78}}, {"type": "Feature", "geometry": {"type": "Point", "coordinates": [73.979909, 18.58434]}, "properties": {"depth": 1.78}}, {"type": "Feature", "geometry": {"type": "Point", "coordinates": [73.979855, 18.584342]}, "properties": {"depth": 2.89}}, {"type": "Feature", "geometry": {"type": "Point", "coordinates": [73.979756, 18.584363]}, "properties": {"depth": 2.89}}, {"type": "Feature", "geometry": {"type": "Point", "coordinates": [73.979635, 18.584373]}, "properties": {"depth": 2.89}}, {"type": "Feature", "geometry": {"type": "Point", "coordinates": [73.979676, 18.584387]}, "properties": {"depth": 2.89}}, {"type": "Feature", "geometry": {"type": "Point", "coordinates": [73.979873, 18.584438]}, "properties": {"depth": 1.78}}, {"type": "Feature", "geometry": {"type": "Point", "coordinates": [73.980004, 18.584453]}, "properties": {"depth": 1.78}}, {"type": "Feature", "geometry": {"type": "Point", "coordinates": [73.974814, 18.584734]}, "properties": {"depth": 4.36}}, {"type": "Feature", "geometry": {"type": "Point", "coordinates": [73.974953, 18.584747]}, "properties": {"depth": 4.07}}, {"type": "Feature", "geometry": {"type": "Point", "coordinates": [73.980055, 18.584502]}, "properties": {"depth": 1.78}}, {"type": "Feature", "geometry": {"type": "Point", "coordinates": [73.979862, 18.584518]}, "properties": {"depth": 1.78}}, {"type": "Feature", "geometry": {"type": "Point", "coordinates": [73.984787, 18.584395]}, "properties": {"depth": 0.7}}, {"type": "Feature", "geometry": {"type": "Point", "coordinates": [73.984761, 18.58455]}, "properties": {"depth": 0.7}}, {"type": "Feature", "geometry": {"type": "Point", "coordinates": [73.984991, 18.584776]}, "properties": {"depth": 0.22}}, {"type": "Feature", "geometry": {"type": "Point", "coordinates": [73.980355, 18.584932]}, "properties": {"depth": 1.51}}, {"type": "Feature", "geometry": {"type": "Point", "coordinates": [73.974416, 18.584802]}, "properties": {"depth": 4.23}}, {"type": "Feature", "geometry": {"type": "Point", "coordinates": [73.974554, 18.584808]}, "properties": {"depth": 4.23}}, {"type": "Feature", "geometry": {"type": "Point", "coordinates": [73.975182, 18.585061]}, "properties": {"depth": 6.94}}, {"type": "Feature", "geometry": {"type": "Point", "coordinates": [73.977124, 18.585138]}, "properties": {"depth": 0.46}}, {"type": "Feature", "geometry": {"type": "Point", "coordinates": [73.975709, 18.585196]}, "properties": {"depth": 1.88}}, {"type": "Feature", "geometry": {"type": "Point", "coordinates": [73.976778, 18.585228]}, "properties": {"depth": 0.22}}, {"type": "Feature", "geometry": {"type": "Point", "coordinates": [73.976333, 18.585261]}, "properties": {"depth": 0.2}}, {"type": "Feature", "geometry": {"type": "Point", "coordinates": [73.976604, 18.585278]}, "properties": {"depth": 0.22}}, {"type": "Feature", "geometry": {"type": "Point", "coordinates": [73.976715, 18.585386]}, "properties": {"depth": 0.22}}, {"type": "Feature", "geometry": {"type": "Point", "coordinates": [73.976726, 18.585439]}, "properties": {"depth": 0.16}}, {"type": "Feature", "geometry": {"type": "Point", "coordinates": [73.9738, 18.585285]}, "properties": {"depth": 1.82}}, {"type": "Feature", "geometry": {"type": "Point", "coordinates": [73.974397, 18.585227]}, "properties": {"depth": 0.65}}, {"type": "Feature", "geometry": {"type": "Point", "coordinates": [73.974533, 18.585239]}, "properties": {"depth": 0.65}}, {"type": "Feature", "geometry": {"type": "Point", "coordinates": [73.974783, 18.585247]}, "properties": {"depth": 3.59}}, {"type": "Feature", "geometry": {"type": "Point", "coordinates": [73.974925, 18.585261]}, "properties": {"depth": 2.6}}, {"type": "Feature", "geometry": {"type": "Point", "coordinates": [73.981204, 18.585218]}, "properties": {"depth": 0.81}}, {"type": "Feature", "geometry": {"type": "Point", "coordinates": [73.981354, 18.585251]}, "properties": {"depth": 0.09}}, {"type": "Feature", "geometry": {"type": "Point", "coordinates": [73.981263, 18.585314]}, "properties": {"depth": 0.09}}, {"type": "Feature", "geometry": {"type": "Point", "coordinates": [73.981198, 18.585335]}, "properties": {"depth": 0.81}}, {"type": "Feature", "geometry": {"type": "Point", "coordinates": [73.982073, 18.585355]}, "properties": {"depth": 0.75}}, {"type": "Feature", "geometry": {"type": "Point", "coordinates": [73.981265, 18.585352]}, "properties": {"depth": 0.09}}, {"type": "Feature", "geometry": {"type": "Point", "coordinates": [73.981979, 18.585367]}, "properties": {"depth": 0.75}}, {"type": "Feature", "geometry": {"type": "Point", "coordinates": [73.982407, 18.585436]}, "properties": {"depth": 1.73}}, {"type": "Feature", "geometry": {"type": "Point", "coordinates": [73.976401, 18.585431]}, "properties": {"depth": 1.75}}, {"type": "Feature", "geometry": {"type": "Point", "coordinates": [73.976589, 18.585445]}, "properties": {"depth": 0.16}}, {"type": "Feature", "geometry": {"type": "Point", "coordinates": [73.976845, 18.585479]}, "properties": {"depth": 0.48}}, {"type": "Feature", "geometry": {"type": "Point", "coordinates": [73.976039, 18.585485]}, "properties": {"depth": 2.61}}, {"type": "Feature", "geometry": {"type": "Point", "coordinates": [73.976584, 18.585497]}, "properties": {"depth": 0.16}}, {"type": "Feature", "geometry": {"type": "Point", "coordinates": [73.976601, 18.585508]}, "properties": {"depth": 0.16}}, {"type": "Feature", "geometry": {"type": "Point", "coordinates": [73.97628, 18.585517]}, "properties": {"depth": 1.75}}, {"type": "Feature", "geometry": {"type": "Point", "coordinates": [73.976825, 18.58556]}, "properties": {"depth": 0.48}}, {"type": "Feature", "geometry": {"type": "Point", "coordinates": [73.976419, 18.585562]}, "properties": {"depth": 1.75}}, {"type": "Feature", "geometry": {"type": "Point", "coordinates": [73.976202, 18.585587]}, "properties": {"depth": 2.61}}, {"type": "Feature", "geometry": {"type": "Point", "coordinates": [73.976065, 18.585588]}, "properties": {"depth": 2.61}}, {"type": "Feature", "geometry": {"type": "Point", "coordinates": [73.97578, 18.585577]}, "properties": {"depth": 2.76}}, {"type": "Feature", "geometry": {"type": "Point", "coordinates": [73.976616, 18.585605]}, "properties": {"depth": 0.16}}, {"type": "Feature", "geometry": {"type": "Point", "coordinates": [73.976809, 18.585656]}, "properties": {"depth": 0.48}}, {"type": "Feature", "geometry": {"type": "Point", "coordinates": [73.976705, 18.58575]}, "properties": {"depth": 0.21}}, {"type": "Feature", "geometry": {"type": "Point", "coordinates": [73.976521, 18.585755]}, "properties": {"depth": 3.01}}, {"type": "Feature", "geometry": {"type": "Point", "coordinates": [73.976873, 18.585758]}, "properties": {"depth": 1.57}}, {"type": "Feature", "geometry": {"type": "Point", "coordinates": [73.9765, 18.585936]}, "properties": {"depth": 3.01}}, {"type": "Feature", "geometry": {"type": "Point", "coordinates": [73.976668, 18.585967]}, "properties": {"depth": 0.21}}, {"type": "Feature", "geometry": {"type": "Point", "coordinates": [73.976553, 18.585974]}, "properties": {"depth": 1.34}}, {"type": "Feature", "geometry": {"type": "Point", "coordinates": [73.974637, 18.58566]}, "properties": {"depth": 0.37}}, {"type": "Feature", "geometry": {"type": "Point", "coordinates": [73.985093, 18.585071]}, "properties": {"depth": 0.21}}, {"type": "Feature", "geometry": {"type": "Point", "coordinates": [73.984573, 18.585645]}, "properties": {"depth": 1.06}}, {"type": "Feature", "geometry": {"type": "Point", "coordinates": [73.983277, 18.585656]}, "properties": {"depth": 2.52}}, {"type": "Feature", "geometry": {"type": "Point", "coordinates": [73.974402, 18.585636]}, "properties": {"depth": 0.53}}, {"type": "Feature", "geometry": {"type": "Point", "coordinates": [73.983741, 18.585763]}, "properties": {"depth": 2.46}}, {"type": "Feature", "geometry": {"type": "Point", "coordinates": [73.976611, 18.585987]}, "properties": {"depth": 1.34}}, {"type": "Feature", "geometry": {"type": "Point", "coordinates": [73.976515, 18.586016]}, "properties": {"depth": 0.99}}, {"type": "Feature", "geometry": {"type": "Point", "coordinates": [73.976595, 18.586074]}, "properties": {"depth": 1.34}}, {"type": "Feature", "geometry": {"type": "Point", "coordinates": [73.976522, 18.586082]}, "properties": {"depth": 0.99}}, {"type": "Feature", "geometry": {"type": "Point", "coordinates": [73.976524, 18.586125]}, "properties": {"depth": 0.99}}, {"type": "Feature", "geometry": {"type": "Point", "coordinates": [73.976588, 18.586129]}, "properties": {"depth": 1.34}}, {"type": "Feature", "geometry": {"type": "Point", "coordinates": [73.976512, 18.586162]}, "properties": {"depth": 0.99}}, {"type": "Feature", "geometry": {"type": "Point", "coordinates": [73.976674, 18.586179]}, "properties": {"depth": 1.34}}, {"type": "Feature", "geometry": {"type": "Point", "coordinates": [73.976883, 18.586169]}, "properties": {"depth": 1.35}}, {"type": "Feature", "geometry": {"type": "Point", "coordinates": [73.976573, 18.586178]}, "properties": {"depth": 1.34}}, {"type": "Feature", "geometry": {"type": "Point", "coordinates": [73.983684, 18.586188]}, "properties": {"depth": 3.34}}, {"type": "Feature", "geometry": {"type": "Point", "coordinates": [73.984153, 18.5862]}, "properties": {"depth": 1.74}}, {"type": "Feature", "geometry": {"type": "Point", "coordinates": [73.984912, 18.58621]}, "properties": {"depth": 0.64}}, {"type": "Feature", "geometry": {"type": "Point", "coordinates": [73.984647, 18.586205]}, "properties": {"depth": 1.6}}, {"type": "Feature", "geometry": {"type": "Point", "coordinates": [73.985025, 18.586226]}, "properties": {"depth": 0.64}}, {"type": "Feature", "geometry": {"type": "Point", "coordinates": [73.982131, 18.585483]}, "properties": {"depth": 0.84}}, {"type": "Feature", "geometry": {"type": "Point", "coordinates": [73.980826, 18.585564]}, "properties": {"depth": 1.63}}, {"type": "Feature", "geometry": {"type": "Point", "coordinates": [73.980708, 18.585559]}, "properties": {"depth": 1.63}}, {"type": "Feature", "geometry": {"type": "Point", "coordinates": [73.982362, 18.586819]}, "properties": {"depth": 2.14}}, {"type": "Feature", "geometry": {"type": "Point", "coordinates": [73.981354, 18.586928]}, "properties": {"depth": 3.32}}, {"type": "Feature", "geometry": {"type": "Point", "coordinates": [73.982272, 18.587072]}, "properties": {"depth": 0.67}}, {"type": "Feature", "geometry": {"type": "Point", "coordinates": [73.981596, 18.587129]}, "properties": {"depth": 1.67}}, {"type": "Feature", "geometry": {"type": "Point", "coordinates": [73.982118, 18.587153]}, "properties": {"depth": 1.0}}, {"type": "Feature", "geometry": {"type": "Point", "coordinates": [73.981288, 18.587261]}, "properties": {"depth": 2.46}}, {"type": "Feature", "geometry": {"type": "Point", "coordinates": [73.983214, 18.586511]}, "properties": {"depth": 2.7}}, {"type": "Feature", "geometry": {"type": "Point", "coordinates": [73.983674, 18.586828]}, "properties": {"depth": 2.3}}, {"type": "Feature", "geometry": {"type": "Point", "coordinates": [73.976637, 18.58623]}, "properties": {"depth": 1.34}}, {"type": "Feature", "geometry": {"type": "Point", "coordinates": [73.976583, 18.586239]}, "properties": {"depth": 1.34}}, {"type": "Feature", "geometry": {"type": "Point", "coordinates": [73.976505, 18.586244]}, "properties": {"depth": 0.99}}, {"type": "Feature", "geometry": {"type": "Point", "coordinates": [73.976668, 18.586244]}, "properties": {"depth": 1.34}}, {"type": "Feature", "geometry": {"type": "Point", "coordinates": [73.976853, 18.586281]}, "properties": {"depth": 2.2}}, {"type": "Feature", "geometry": {"type": "Point", "coordinates": [73.982819, 18.588606]}, "properties": {"depth": 3.02}}, {"type": "Feature", "geometry": {"type": "Point", "coordinates": [73.983205, 18.588628]}, "properties": {"depth": 2.86}}, {"type": "Feature", "geometry": {"type": "Point", "coordinates": [73.982143, 18.587382]}, "properties": {"depth": 0.96}}, {"type": "Feature", "geometry": {"type": "Point", "coordinates": [73.981328, 18.587539]}, "properties": {"depth": 3.5}}, {"type": "Feature", "geometry": {"type": "Point", "coordinates": [73.981773, 18.587909]}, "properties": {"depth": 2.44}}, {"type": "Feature", "geometry": {"type": "Point", "coordinates": [73.981812, 18.588416]}, "properties": {"depth": 1.11}}, {"type": "Feature", "geometry": {"type": "Point", "coordinates": [73.982436, 18.588564]}, "properties": {"depth": 2.31}}, {"type": "Feature", "geometry": {"type": "Point", "coordinates": [73.98182, 18.588826]}, "properties": {"depth": 4.35}}, {"type": "Feature", "geometry": {"type": "Point", "coordinates": [73.981977, 18.589131]}, "properties": {"depth": 2.17}}, {"type": "Feature", "geometry": {"type": "Point", "coordinates": [73.981024, 18.590213]}, "properties": {"depth": 4.5}}, {"type": "Feature", "geometry": {"type": "Point", "coordinates": [73.980948, 18.590231]}, "properties": {"depth": 2.71}}, {"type": "Feature", "geometry": {"type": "Point", "coordinates": [73.980839, 18.590393]}, "properties": {"depth": 2.71}}, {"type": "Feature", "geometry": {"type": "Point", "coordinates": [73.982692, 18.589153]}, "properties": {"depth": 3.7}}, {"type": "Feature", "geometry": {"type": "Point", "coordinates": [73.982937, 18.589163]}, "properties": {"depth": 3.28}}, {"type": "Feature", "geometry": {"type": "Point", "coordinates": [73.983239, 18.58917]}, "properties": {"depth": 1.89}}, {"type": "Feature", "geometry": {"type": "Point", "coordinates": [73.981026, 18.590391]}, "properties": {"depth": 4.5}}, {"type": "Feature", "geometry": {"type": "Point", "coordinates": [73.891229, 18.552895]}, "properties": {"depth": 0.77}}, {"type": "Feature", "geometry": {"type": "Point", "coordinates": [73.889029, 18.550774]}, "properties": {"depth": 0.88}}, {"type": "Feature", "geometry": {"type": "Point", "coordinates": [73.88926, 18.551559]}, "properties": {"depth": 0.94}}, {"type": "Feature", "geometry": {"type": "Point", "coordinates": [73.890132, 18.552104]}, "properties": {"depth": 8.02}}, {"type": "Feature", "geometry": {"type": "Point", "coordinates": [73.887207, 18.557989]}, "properties": {"depth": 3.89}}, {"type": "Feature", "geometry": {"type": "Point", "coordinates": [73.887623, 18.558146]}, "properties": {"depth": 2.51}}, {"type": "Feature", "geometry": {"type": "Point", "coordinates": [73.887627, 18.560632]}, "properties": {"depth": 1.07}}, {"type": "Feature", "geometry": {"type": "Point", "coordinates": [73.88619, 18.557948]}, "properties": {"depth": 2.83}}, {"type": "Feature", "geometry": {"type": "Point", "coordinates": [73.886019, 18.558369]}, "properties": {"depth": 3.04}}, {"type": "Feature", "geometry": {"type": "Point", "coordinates": [73.88555, 18.559079]}, "properties": {"depth": 5.02}}, {"type": "Feature", "geometry": {"type": "Point", "coordinates": [73.886059, 18.559287]}, "properties": {"depth": 2.44}}, {"type": "Feature", "geometry": {"type": "Point", "coordinates": [73.886532, 18.559265]}, "properties": {"depth": 3.8}}, {"type": "Feature", "geometry": {"type": "Point", "coordinates": [73.897249, 18.556508]}, "properties": {"depth": 0.92}}, {"type": "Feature", "geometry": {"type": "Point", "coordinates": [73.898283, 18.557503]}, "properties": {"depth": 0.86}}, {"type": "Feature", "geometry": {"type": "Point", "coordinates": [73.897681, 18.557684]}, "properties": {"depth": 0.55}}, {"type": "Feature", "geometry": {"type": "Point", "coordinates": [73.897544, 18.557758]}, "properties": {"depth": 0.47}}, {"type": "Feature", "geometry": {"type": "Point", "coordinates": [73.898332, 18.557952]}, "properties": {"depth": 1.35}}, {"type": "Feature", "geometry": {"type": "Point", "coordinates": [73.89759, 18.557986]}, "properties": {"depth": 0.43}}, {"type": "Feature", "geometry": {"type": "Point", "coordinates": [73.898333, 18.558753]}, "properties": {"depth": 0.84}}, {"type": "Feature", "geometry": {"type": "Point", "coordinates": [73.899473, 18.559579]}, "properties": {"depth": 2.52}}, {"type": "Feature", "geometry": {"type": "Point", "coordinates": [73.879761, 18.553498]}, "properties": {"depth": 1.46}}, {"type": "Feature", "geometry": {"type": "Point", "coordinates": [73.879248, 18.553523]}, "properties": {"depth": 0.25}}, {"type": "Feature", "geometry": {"type": "Point", "coordinates": [73.879643, 18.553579]}, "properties": {"depth": 1.46}}, {"type": "Feature", "geometry": {"type": "Point", "coordinates": [73.879874, 18.553607]}, "properties": {"depth": 2.49}}, {"type": "Feature", "geometry": {"type": "Point", "coordinates": [73.879029, 18.553616]}, "properties": {"depth": 0.25}}, {"type": "Feature", "geometry": {"type": "Point", "coordinates": [73.879728, 18.553684]}, "properties": {"depth": 1.46}}, {"type": "Feature", "geometry": {"type": "Point", "coordinates": [73.879172, 18.553687]}, "properties": {"depth": 0.25}}, {"type": "Feature", "geometry": {"type": "Point", "coordinates": [73.879494, 18.55369]}, "properties": {"depth": 0.7}}, {"type": "Feature", "geometry": {"type": "Point", "coordinates": [73.879385, 18.553693]}, "properties": {"depth": 0.7}}, {"type": "Feature", "geometry": {"type": "Point", "coordinates": [73.879143, 18.553758]}, "properties": {"depth": 0.44}}, {"type": "Feature", "geometry": {"type": "Point", "coordinates": [73.878866, 18.553444]}, "properties": {"depth": 1.51}}, {"type": "Feature", "geometry": {"type": "Point", "coordinates": [73.878647, 18.553757]}, "properties": {"depth": 1.41}}, {"type": "Feature", "geometry": {"type": "Point", "coordinates": [73.878188, 18.554053]}, "properties": {"depth": 2.0}}, {"type": "Feature", "geometry": {"type": "Point", "coordinates": [73.87985, 18.553786]}, "properties": {"depth": 1.85}}, {"type": "Feature", "geometry": {"type": "Point", "coordinates": [73.879051, 18.553831]}, "properties": {"depth": 0.44}}, {"type": "Feature", "geometry": {"type": "Point", "coordinates": [73.879459, 18.553866]}, "properties": {"depth": 1.21}}, {"type": "Feature", "geometry": {"type": "Point", "coordinates": [73.879332, 18.553871]}, "properties": {"depth": 1.21}}, {"type": "Feature", "geometry": {"type": "Point", "coordinates": [73.879424, 18.553902]}, "properties": {"depth": 1.21}}, {"type": "Feature", "geometry": {"type": "Point", "coordinates": [73.880228, 18.554019]}, "properties": {"depth": 1.43}}, {"type": "Feature", "geometry": {"type": "Point", "coordinates": [73.879244, 18.554025]}, "properties": {"depth": 0.44}}, {"type": "Feature", "geometry": {"type": "Point", "coordinates": [73.879726, 18.554089]}, "properties": {"depth": 1.68}}, {"type": "Feature", "geometry": {"type": "Point", "coordinates": [73.879716, 18.554171]}, "properties": {"depth": 1.68}}, {"type": "Feature", "geometry": {"type": "Point", "coordinates": [73.880341, 18.554191]}, "properties": {"depth": 1.98}}, {"type": "Feature", "geometry": {"type": "Point", "coordinates": [73.8802, 18.554245]}, "properties": {"depth": 1.98}}, {"type": "Feature", "geometry": {"type": "Point", "coordinates": [73.879668, 18.554248]}, "properties": {"depth": 1.68}}, {"type": "Feature", "geometry": {"type": "Point", "coordinates": [73.880341, 18.55442]}, "properties": {"depth": 0.75}}, {"type": "Feature", "geometry": {"type": "Point", "coordinates": [73.879661, 18.554459]}, "properties": {"depth": 2.06}}, {"type": "Feature", "geometry": {"type": "Point", "coordinates": [73.878292, 18.554088]}, "properties": {"depth": 1.69}}, {"type": "Feature", "geometry": {"type": "Point", "coordinates": [73.878238, 18.554282]}, "properties": {"depth": 1.69}}, {"type": "Feature", "geometry": {"type": "Point", "coordinates": [73.87818, 18.554429]}, "properties": {"depth": 2.35}}, {"type": "Feature", "geometry": {"type": "Point", "coordinates": [73.878017, 18.554429]}, "properties": {"depth": 2.35}}, {"type": "Feature", "geometry": {"type": "Point", "coordinates": [73.880424, 18.554556]}, "properties": {"depth": 0.02}}, {"type": "Feature", "geometry": {"type": "Point", "coordinates": [73.879091, 18.555298]}, "properties": {"depth": 2.69}}, {"type": "Feature", "geometry": {"type": "Point", "coordinates": [73.879123, 18.555604]}, "properties": {"depth": 1.28}}, {"type": "Feature", "geometry": {"type": "Point", "coordinates": [73.88627, 18.556448]}, "properties": {"depth": 0.2}}, {"type": "Feature", "geometry": {"type": "Point", "coordinates": [73.880751, 18.554787]}, "properties": {"depth": 2.67}}, {"type": "Feature", "geometry": {"type": "Point", "coordinates": [73.880915, 18.554978]}, "properties": {"depth": 2.27}}, {"type": "Feature", "geometry": {"type": "Point", "coordinates": [73.884318, 18.556804]}, "properties": {"depth": 1.6}}, {"type": "Feature", "geometry": {"type": "Point", "coordinates": [73.884561, 18.557185]}, "properties": {"depth": 3.36}}, {"type": "Feature", "geometry": {"type": "Point", "coordinates": [73.884195, 18.55732]}, "properties": {"depth": 4.32}}, {"type": "Feature", "geometry": {"type": "Point", "coordinates": [73.883367, 18.55626]}, "properties": {"depth": 1.8}}, {"type": "Feature", "geometry": {"type": "Point", "coordinates": [73.883492, 18.556427]}, "properties": {"depth": 0.84}}, {"type": "Feature", "geometry": {"type": "Point", "coordinates": [73.883692, 18.556499]}, "properties": {"depth": 0.84}}, {"type": "Feature", "geometry": {"type": "Point", "coordinates": [73.883248, 18.556542]}, "properties": {"depth": 2.89}}, {"type": "Feature", "geometry": {"type": "Point", "coordinates": [73.883751, 18.556646]}, "properties": {"depth": 3.39}}, {"type": "Feature", "geometry": {"type": "Point", "coordinates": [73.884, 18.556671]}, "properties": {"depth": 3.39}}, {"type": "Feature", "geometry": {"type": "Point", "coordinates": [73.883201, 18.556738]}, "properties": {"depth": 2.89}}, {"type": "Feature", "geometry": {"type": "Point", "coordinates": [73.882989, 18.556789]}, "properties": {"depth": 2.35}}, {"type": "Feature", "geometry": {"type": "Point", "coordinates": [73.883755, 18.556885]}, "properties": {"depth": 3.91}}, {"type": "Feature", "geometry": {"type": "Point", "coordinates": [73.883079, 18.556937]}, "properties": {"depth": 2.03}}, {"type": "Feature", "geometry": {"type": "Point", "coordinates": [73.883326, 18.556964]}, "properties": {"depth": 3.13}}, {"type": "Feature", "geometry": {"type": "Point", "coordinates": [73.88359, 18.557019]}, "properties": {"depth": 4.1}}, {"type": "Feature", "geometry": {"type": "Point", "coordinates": [73.883875, 18.557112]}, "properties": {"depth": 2.58}}, {"type": "Feature", "geometry": {"type": "Point", "coordinates": [73.883809, 18.559551]}, "properties": {"depth": 4.71}}, {"type": "Feature", "geometry": {"type": "Point", "coordinates": [73.883188, 18.560045]}, "properties": {"depth": 0.88}}, {"type": "Feature", "geometry": {"type": "Point", "coordinates": [73.885425, 18.558223]}, "properties": {"depth": 2.16}}, {"type": "Feature", "geometry": {"type": "Point", "coordinates": [73.88521, 18.558961]}, "properties": {"depth": 6.21}}, {"type": "Feature", "geometry": {"type": "Point", "coordinates": [73.885202, 18.559147]}, "properties": {"depth": 4.96}}, {"type": "Feature", "geometry": {"type": "Point", "coordinates": [73.885465, 18.559308]}, "properties": {"depth": 2.26}}, {"type": "Feature", "geometry": {"type": "Point", "coordinates": [73.885206, 18.559335]}, "properties": {"depth": 3.07}}, {"type": "Feature", "geometry": {"type": "Point", "coordinates": [73.884595, 18.559437]}, "properties": {"depth": 0.67}}, {"type": "Feature", "geometry": {"type": "Point", "coordinates": [73.884555, 18.56059]}, "properties": {"depth": 1.56}}, {"type": "Feature", "geometry": {"type": "Point", "coordinates": [73.883406, 18.560603]}, "properties": {"depth": 1.17}}, {"type": "Feature", "geometry": {"type": "Point", "coordinates": [73.881508, 18.557696]}, "properties": {"depth": 0.63}}, {"type": "Feature", "geometry": {"type": "Point", "coordinates": [73.895447, 18.582644]}, "properties": {"depth": 0.2}}, {"type": "Feature", "geometry": {"type": "Point", "coordinates": [73.894522, 18.582668]}, "properties": {"depth": 1.66}}, {"type": "Feature", "geometry": {"type": "Point", "coordinates": [73.89441, 18.582688]}, "properties": {"depth": 1.66}}, {"type": "Feature", "geometry": {"type": "Point", "coordinates": [73.896766, 18.582656]}, "properties": {"depth": 2.61}}, {"type": "Feature", "geometry": {"type": "Point", "coordinates": [73.896949, 18.58266]}, "properties": {"depth": 2.4}}, {"type": "Feature", "geometry": {"type": "Point", "coordinates": [73.896881, 18.582678]}, "properties": {"depth": 2.4}}, {"type": "Feature", "geometry": {"type": "Point", "coordinates": [73.896609, 18.582684]}, "properties": {"depth": 2.61}}, {"type": "Feature", "geometry": {"type": "Point", "coordinates": [73.896526, 18.582687]}, "properties": {"depth": 1.84}}, {"type": "Feature", "geometry": {"type": "Point", "coordinates": [73.896437, 18.582687]}, "properties": {"depth": 1.84}}, {"type": "Feature", "geometry": {"type": "Point", "coordinates": [73.896152, 18.582706]}, "properties": {"depth": 0.17}}, {"type": "Feature", "geometry": {"type": "Point", "coordinates": [73.8957, 18.582766]}, "properties": {"depth": 0.12}}, {"type": "Feature", "geometry": {"type": "Point", "coordinates": [73.895575, 18.582815]}, "properties": {"depth": 0.2}}, {"type": "Feature", "geometry": {"type": "Point", "coordinates": [73.895146, 18.583248]}, "properties": {"depth": 3.07}}, {"type": "Feature", "geometry": {"type": "Point", "coordinates": [73.895287, 18.583341]}, "properties": {"depth": 3.07}}, {"type": "Feature", "geometry": {"type": "Point", "coordinates": [73.894946, 18.58339]}, "properties": {"depth": 0.93}}, {"type": "Feature", "geometry": {"type": "Point", "coordinates": [73.895329, 18.583424]}, "properties": {"depth": 3.07}}, {"type": "Feature", "geometry": {"type": "Point", "coordinates": [73.895112, 18.58344]}, "properties": {"depth": 0.93}}, {"type": "Feature", "geometry": {"type": "Point", "coordinates": [73.895176, 18.583455]}, "properties": {"depth": 3.07}}, {"type": "Feature", "geometry": {"type": "Point", "coordinates": [73.895235, 18.583468]}, "properties": {"depth": 3.07}}, {"type": "Feature", "geometry": {"type": "Point", "coordinates": [73.896545, 18.582777]}, "properties": {"depth": 2.61}}, {"type": "Feature", "geometry": {"type": "Point", "coordinates": [73.895676, 18.582844]}, "properties": {"depth": 0.2}}, {"type": "Feature", "geometry": {"type": "Point", "coordinates": [73.896544, 18.582874]}, "properties": {"depth": 2.61}}, {"type": "Feature", "geometry": {"type": "Point", "coordinates": [73.896098, 18.583504]}, "properties": {"depth": 2.93}}, {"type": "Feature", "geometry": {"type": "Point", "coordinates": [73.896322, 18.583569]}, "properties": {"depth": 3.15}}, {"type": "Feature", "geometry": {"type": "Point", "coordinates": [73.897002, 18.583661]}, "properties": {"depth": 1.26}}, {"type": "Feature", "geometry": {"type": "Point", "coordinates": [73.896566, 18.583666]}, "properties": {"depth": 3.83}}, {"type": "Feature", "geometry": {"type": "Point", "coordinates": [73.896044, 18.583704]}, "properties": {"depth": 2.93}}, {"type": "Feature", "geometry": {"type": "Point", "coordinates": [73.896314, 18.583706]}, "properties": {"depth": 3.15}}, {"type": "Feature", "geometry": {"type": "Point", "coordinates": [73.896133, 18.583722]}, "properties": {"depth": 2.93}}, {"type": "Feature", "geometry": {"type": "Point", "coordinates": [73.854766, 18.523169]}, "properties": {"depth": 2.09}}, {"type": "Feature", "geometry": {"type": "Point", "coordinates": [73.853243, 18.537419]}, "properties": {"depth": 1.22}}, {"type": "Feature", "geometry": {"type": "Point", "coordinates": [73.853502, 18.53745]}, "properties": {"depth": 4.28}}, {"type": "Feature", "geometry": {"type": "Point", "coordinates": [73.853421, 18.537576]}, "properties": {"depth": 1.22}}, {"type": "Feature", "geometry": {"type": "Point", "coordinates": [73.853344, 18.537605]}, "properties": {"depth": 1.22}}, {"type": "Feature", "geometry": {"type": "Point", "coordinates": [73.853225, 18.537676]}, "properties": {"depth": 0.2}}, {"type": "Feature", "geometry": {"type": "Point", "coordinates": [73.853538, 18.538252]}, "properties": {"depth": 1.9}}, {"type": "Feature", "geometry": {"type": "Point", "coordinates": [73.853566, 18.538432]}, "properties": {"depth": 1.9}}, {"type": "Feature", "geometry": {"type": "Point", "coordinates": [73.853195, 18.537591]}, "properties": {"depth": 1.22}}, {"type": "Feature", "geometry": {"type": "Point", "coordinates": [73.853007, 18.537743]}, "properties": {"depth": 0.02}}, {"type": "Feature", "geometry": {"type": "Point", "coordinates": [73.853013, 18.537891]}, "properties": {"depth": 0.02}}, {"type": "Feature", "geometry": {"type": "Point", "coordinates": [73.853413, 18.538476]}, "properties": {"depth": 1.43}}, {"type": "Feature", "geometry": {"type": "Point", "coordinates": [73.853488, 18.53851]}, "properties": {"depth": 2.24}}, {"type": "Feature", "geometry": {"type": "Point", "coordinates": [73.853434, 18.538609]}, "properties": {"depth": 1.43}}, {"type": "Feature", "geometry": {"type": "Point", "coordinates": [73.866774, 18.584591]}, "properties": {"depth": 0.35}}, {"type": "Feature", "geometry": {"type": "Point", "coordinates": [73.865902, 18.586548]}, "properties": {"depth": 0.4}}, {"type": "Feature", "geometry": {"type": "Point", "coordinates": [73.865597, 18.587361]}, "properties": {"depth": 1.57}}, {"type": "Feature", "geometry": {"type": "Point", "coordinates": [73.866119, 18.587842]}, "properties": {"depth": 0.01}}, {"type": "Feature", "geometry": {"type": "Point", "coordinates": [73.89753, 18.582724]}, "properties": {"depth": 0.35}}, {"type": "Feature", "geometry": {"type": "Point", "coordinates": [73.89723, 18.583917]}, "properties": {"depth": 1.46}}, {"type": "Feature", "geometry": {"type": "Point", "coordinates": [73.897271, 18.584072]}, "properties": {"depth": 1.07}}, {"type": "Feature", "geometry": {"type": "Point", "coordinates": [73.89715, 18.584061]}, "properties": {"depth": 1.07}}, {"type": "Feature", "geometry": {"type": "Point", "coordinates": [73.896972, 18.584063]}, "properties": {"depth": 0.43}}, {"type": "Feature", "geometry": {"type": "Point", "coordinates": [73.897211, 18.584065]}, "properties": {"depth": 1.07}}, {"type": "Feature", "geometry": {"type": "Point", "coordinates": [73.896784, 18.584154]}, "properties": {"depth": 0.69}}, {"type": "Feature", "geometry": {"type": "Point", "coordinates": [73.896866, 18.584157]}, "properties": {"depth": 0.43}}, {"type": "Feature", "geometry": {"type": "Point", "coordinates": [73.897137, 18.58417]}, "properties": {"depth": 1.07}}, {"type": "Feature", "geometry": {"type": "Point", "coordinates": [73.896954, 18.58417]}, "properties": {"depth": 0.43}}, {"type": "Feature", "geometry": {"type": "Point", "coordinates": [73.897047, 18.58417]}, "properties": {"depth": 0.43}}, {"type": "Feature", "geometry": {"type": "Point", "coordinates": [73.896502, 18.584179]}, "properties": {"depth": 3.02}}, {"type": "Feature", "geometry": {"type": "Point", "coordinates": [73.896417, 18.584183]}, "properties": {"depth": 3.02}}, {"type": "Feature", "geometry": {"type": "Point", "coordinates": [73.896593, 18.584188]}, "properties": {"depth": 0.69}}, {"type": "Feature", "geometry": {"type": "Point", "coordinates": [73.896699, 18.584193]}, "properties": {"depth": 0.69}}, {"type": "Feature", "geometry": {"type": "Point", "coordinates": [73.896774, 18.584241]}, "properties": {"depth": 0.69}}, {"type": "Feature", "geometry": {"type": "Point", "coordinates": [73.896857, 18.584248]}, "properties": {"depth": 0.43}}, {"type": "Feature", "geometry": {"type": "Point", "coordinates": [73.896947, 18.584251]}, "properties": {"depth": 0.43}}, {"type": "Feature", "geometry": {"type": "Point", "coordinates": [73.89704, 18.584261]}, "properties": {"depth": 0.43}}, {"type": "Feature", "geometry": {"type": "Point", "coordinates": [73.897112, 18.584265]}, "properties": {"depth": 1.07}}, {"type": "Feature", "geometry": {"type": "Point", "coordinates": [73.897217, 18.584268]}, "properties": {"depth": 1.07}}, {"type": "Feature", "geometry": {"type": "Point", "coordinates": [73.896417, 18.584354]}, "properties": {"depth": 1.08}}, {"type": "Feature", "geometry": {"type": "Point", "coordinates": [73.896238, 18.584407]}, "properties": {"depth": 0.26}}, {"type": "Feature", "geometry": {"type": "Point", "coordinates": [73.896518, 18.584493]}, "properties": {"depth": 1.08}}, {"type": "Feature", "geometry": {"type": "Point", "coordinates": [73.895691, 18.583742]}, "properties": {"depth": 0.54}}, {"type": "Feature", "geometry": {"type": "Point", "coordinates": [73.896021, 18.583823]}, "properties": {"depth": 0.93}}, {"type": "Feature", "geometry": {"type": "Point", "coordinates": [73.896231, 18.583872]}, "properties": {"depth": 0.93}}, {"type": "Feature", "geometry": {"type": "Point", "coordinates": [73.896483, 18.583893]}, "properties": {"depth": 2.89}}, {"type": "Feature", "geometry": {"type": "Point", "coordinates": [73.896636, 18.583905]}, "properties": {"depth": 2.35}}, {"type": "Feature", "geometry": {"type": "Point", "coordinates": [73.896774, 18.583909]}, "properties": {"depth": 2.35}}, {"type": "Feature", "geometry": {"type": "Point", "coordinates": [73.897024, 18.583914]}, "properties": {"depth": 1.03}}, {"type": "Feature", "geometry": {"type": "Point", "coordinates": [73.897138, 18.583918]}, "properties": {"depth": 1.46}}, {"type": "Feature", "geometry": {"type": "Point", "coordinates": [73.89696, 18.583922]}, "properties": {"depth": 1.03}}, {"type": "Feature", "geometry": {"type": "Point", "coordinates": [73.896893, 18.583924]}, "properties": {"depth": 1.03}}, {"type": "Feature", "geometry": {"type": "Point", "coordinates": [73.896012, 18.583928]}, "properties": {"depth": 0.93}}, {"type": "Feature", "geometry": {"type": "Point", "coordinates": [73.896198, 18.583966]}, "properties": {"depth": 0.93}}, {"type": "Feature", "geometry": {"type": "Point", "coordinates": [73.896492, 18.584024]}, "properties": {"depth": 2.89}}, {"type": "Feature", "geometry": {"type": "Point", "coordinates": [73.895996, 18.584023]}, "properties": {"depth": 0.93}}, {"type": "Feature", "geometry": {"type": "Point", "coordinates": [73.8966, 18.584032]}, "properties": {"depth": 0.69}}, {"type": "Feature", "geometry": {"type": "Point", "coordinates": [73.896872, 18.584046]}, "properties": {"depth": 0.43}}, {"type": "Feature", "geometry": {"type": "Point", "coordinates": [73.89679, 18.584045]}, "properties": {"depth": 0.69}}, {"type": "Feature", "geometry": {"type": "Point", "coordinates": [73.897063, 18.584056]}, "properties": {"depth": 0.43}}, {"type": "Feature", "geometry": {"type": "Point", "coordinates": [73.895429, 18.583482]}, "properties": {"depth": 0.54}}, {"type": "Feature", "geometry": {"type": "Point", "coordinates": [73.895523, 18.583586]}, "properties": {"depth": 0.54}}, {"type": "Feature", "geometry": {"type": "Point", "coordinates": [73.895439, 18.583685]}, "properties": {"depth": 0.54}}, {"type": "Feature", "geometry": {"type": "Point", "coordinates": [73.895532, 18.583709]}, "properties": {"depth": 0.54}}, {"type": "Feature", "geometry": {"type": "Point", "coordinates": [73.895608, 18.583726]}, "properties": {"depth": 0.54}}, {"type": "Feature", "geometry": {"type": "Point", "coordinates": [73.896475, 18.584647]}, "properties": {"depth": 0.43}}, {"type": "Feature", "geometry": {"type": "Point", "coordinates": [73.896427, 18.584647]}, "properties": {"depth": 0.43}}, {"type": "Feature", "geometry": {"type": "Point", "coordinates": [73.896514, 18.584759]}, "properties": {"depth": 0.43}}, {"type": "Feature", "geometry": {"type": "Point", "coordinates": [73.896362, 18.584848]}, "properties": {"depth": 0.43}}, {"type": "Feature", "geometry": {"type": "Point", "coordinates": [73.909146, 18.604853]}, "properties": {"depth": 0.18}}, {"type": "Feature", "geometry": {"type": "Point", "coordinates": [73.909275, 18.605259]}, "properties": {"depth": 0.98}}, {"type": "Feature", "geometry": {"type": "Point", "coordinates": [73.90908, 18.605425]}, "properties": {"depth": 0.8}}, {"type": "Feature", "geometry": {"type": "Point", "coordinates": [73.907682, 18.606208]}, "properties": {"depth": 1.26}}, {"type": "Feature", "geometry": {"type": "Point", "coordinates": [73.908193, 18.606557]}, "properties": {"depth": 3.12}}, {"type": "Feature", "geometry": {"type": "Point", "coordinates": [73.907567, 18.608214]}, "properties": {"depth": 1.32}}, {"type": "Feature", "geometry": {"type": "Point", "coordinates": [73.907085, 18.609154]}, "properties": {"depth": 1.7}}, {"type": "Feature", "geometry": {"type": "Point", "coordinates": [73.906877, 18.60975]}, "properties": {"depth": 0.12}}, {"type": "Feature", "geometry": {"type": "Point", "coordinates": [73.908644, 18.606507]}, "properties": {"depth": 2.69}}, {"type": "Feature", "geometry": {"type": "Point", "coordinates": [73.908996, 18.609185]}, "properties": {"depth": 1.18}}, {"type": "Feature", "geometry": {"type": "Point", "coordinates": [73.934903, 18.604211]}, "properties": {"depth": 0.62}}, {"type": "Feature", "geometry": {"type": "Point", "coordinates": [73.934999, 18.604272]}, "properties": {"depth": 0.62}}, {"type": "Feature", "geometry": {"type": "Point", "coordinates": [73.935231, 18.604383]}, "properties": {"depth": 0.97}}, {"type": "Feature", "geometry": {"type": "Point", "coordinates": [73.935413, 18.604403]}, "properties": {"depth": 0.97}}, {"type": "Feature", "geometry": {"type": "Point", "coordinates": [73.935141, 18.604452]}, "properties": {"depth": 0.97}}, {"type": "Feature", "geometry": {"type": "Point", "coordinates": [73.935017, 18.604467]}, "properties": {"depth": 0.08}}, {"type": "Feature", "geometry": {"type": "Point", "coordinates": [73.935539, 18.604472]}, "properties": {"depth": 2.97}}, {"type": "Feature", "geometry": {"type": "Point", "coordinates": [73.935153, 18.604515]}, "properties": {"depth": 0.97}}, {"type": "Feature", "geometry": {"type": "Point", "coordinates": [73.935556, 18.60455]}, "properties": {"depth": 2.97}}, {"type": "Feature", "geometry": {"type": "Point", "coordinates": [73.935426, 18.604548]}, "properties": {"depth": 2.97}}, {"type": "Feature", "geometry": {"type": "Point", "coordinates": [73.935732, 18.60456]}, "properties": {"depth": 3.28}}, {"type": "Feature", "geometry": {"type": "Point", "coordinates": [73.934936, 18.6046]}, "properties": {"depth": 1.02}}, {"type": "Feature", "geometry": {"type": "Point", "coordinates": [73.935166, 18.604604]}, "properties": {"depth": 1.5}}, {"type": "Feature", "geometry": {"type": "Point", "coordinates": [73.935559, 18.60463]}, "properties": {"depth": 2.76}}, {"type": "Feature", "geometry": {"type": "Point", "coordinates": [73.935737, 18.604633]}, "properties": {"depth": 4.14}}, {"type": "Feature", "geometry": {"type": "Point", "coordinates": [73.935435, 18.604651]}, "properties": {"depth": 2.76}}, {"type": "Feature", "geometry": {"type": "Point", "coordinates": [73.935286, 18.604679]}, "properties": {"depth": 1.5}}, {"type": "Feature", "geometry": {"type": "Point", "coordinates": [73.934932, 18.604698]}, "properties": {"depth": 1.02}}, {"type": "Feature", "geometry": {"type": "Point", "coordinates": [73.935032, 18.604702]}, "properties": {"depth": 1.02}}, {"type": "Feature", "geometry": {"type": "Point", "coordinates": [73.93545, 18.604749]}, "properties": {"depth": 2.76}}, {"type": "Feature", "geometry": {"type": "Point", "coordinates": [73.935765, 18.604796]}, "properties": {"depth": 4.14}}, {"type": "Feature", "geometry": {"type": "Point", "coordinates": [73.935045, 18.604799]}, "properties": {"depth": 1.02}}, {"type": "Feature", "geometry": {"type": "Point", "coordinates": [73.935275, 18.604804]}, "properties": {"depth": 1.5}}, {"type": "Feature", "geometry": {"type": "Point", "coordinates": [73.93495, 18.604808]}, "properties": {"depth": 1.02}}, {"type": "Feature", "geometry": {"type": "Point", "coordinates": [73.934952, 18.604932]}, "properties": {"depth": 0.66}}, {"type": "Feature", "geometry": {"type": "Point", "coordinates": [73.935293, 18.604936]}, "properties": {"depth": 0.8}}, {"type": "Feature", "geometry": {"type": "Point", "coordinates": [73.935601, 18.604968]}, "properties": {"depth": 2.36}}, {"type": "Feature", "geometry": {"type": "Point", "coordinates": [73.935063, 18.604985]}, "properties": {"depth": 0.66}}, {"type": "Feature", "geometry": {"type": "Point", "coordinates": [73.935211, 18.605016]}, "properties": {"depth": 0.8}}, {"type": "Feature", "geometry": {"type": "Point", "coordinates": [73.935822, 18.605052]}, "properties": {"depth": 3.65}}, {"type": "Feature", "geometry": {"type": "Point", "coordinates": [73.935327, 18.605069]}, "properties": {"depth": 0.8}}, {"type": "Feature", "geometry": {"type": "Point", "coordinates": [73.935213, 18.605078]}, "properties": {"depth": 0.8}}, {"type": "Feature", "geometry": {"type": "Point", "coordinates": [73.935078, 18.605137]}, "properties": {"depth": 0.66}}, {"type": "Feature", "geometry": {"type": "Point", "coordinates": [73.935495, 18.605166]}, "properties": {"depth": 2.61}}, {"type": "Feature", "geometry": {"type": "Point", "coordinates": [73.935078, 18.605202]}, "properties": {"depth": 1.27}}, {"type": "Feature", "geometry": {"type": "Point", "coordinates": [73.935235, 18.605209]}, "properties": {"depth": 1.45}}, {"type": "Feature", "geometry": {"type": "Point", "coordinates": [73.934969, 18.605227]}, "properties": {"depth": 1.27}}, {"type": "Feature", "geometry": {"type": "Point", "coordinates": [73.935085, 18.605277]}, "properties": {"depth": 1.27}}, {"type": "Feature", "geometry": {"type": "Point", "coordinates": [73.934957, 18.605296]}, "properties": {"depth": 1.27}}, {"type": "Feature", "geometry": {"type": "Point", "coordinates": [73.93551, 18.605318]}, "properties": {"depth": 2.61}}, {"type": "Feature", "geometry": {"type": "Point", "coordinates": [73.93536, 18.605334]}, "properties": {"depth": 1.45}}, {"type": "Feature", "geometry": {"type": "Point", "coordinates": [73.935244, 18.605404]}, "properties": {"depth": 1.45}}, {"type": "Feature", "geometry": {"type": "Point", "coordinates": [73.9351, 18.605431]}, "properties": {"depth": 1.06}}, {"type": "Feature", "geometry": {"type": "Point", "coordinates": [73.935253, 18.6055]}, "properties": {"depth": 0.96}}, {"type": "Feature", "geometry": {"type": "Point", "coordinates": [73.934982, 18.605514]}, "properties": {"depth": 1.06}}, {"type": "Feature", "geometry": {"type": "Point", "coordinates": [73.935675, 18.60553]}, "properties": {"depth": 2.41}}, {"type": "Feature", "geometry": {"type": "Point", "coordinates": [73.935112, 18.605537]}, "properties": {"depth": 1.06}}, {"type": "Feature", "geometry": {"type": "Point", "coordinates": [73.935368, 18.605561]}, "properties": {"depth": 0.96}}, {"type": "Feature", "geometry": {"type": "Point", "coordinates": [73.935548, 18.605577]}, "properties": {"depth": 2.41}}, {"type": "Feature", "geometry": {"type": "Point", "coordinates": [73.935279, 18.605687]}, "properties": {"depth": 0.96}}, {"type": "Feature", "geometry": {"type": "Point", "coordinates": [73.93569, 18.605716]}, "properties": {"depth": 1.36}}, {"type": "Feature", "geometry": {"type": "Point", "coordinates": [73.935571, 18.605748]}, "properties": {"depth": 1.36}}, {"type": "Feature", "geometry": {"type": "Point", "coordinates": [73.934254, 18.605976]}, "properties": {"depth": 0.33}}, {"type": "Feature", "geometry": {"type": "Point", "coordinates": [73.934168, 18.606032]}, "properties": {"depth": 0.33}}, {"type": "Feature", "geometry": {"type": "Point", "coordinates": [73.935402, 18.605755]}, "properties": {"depth": 1.83}}, {"type": "Feature", "geometry": {"type": "Point", "coordinates": [73.934818, 18.605795]}, "properties": {"depth": 0.2}}, {"type": "Feature", "geometry": {"type": "Point", "coordinates": [73.935719, 18.605865]}, "properties": {"depth": 1.19}}, {"type": "Feature", "geometry": {"type": "Point", "coordinates": [73.93482, 18.605865]}, "properties": {"depth": 0.2}}, {"type": "Feature", "geometry": {"type": "Point", "coordinates": [73.935434, 18.605941]}, "properties": {"depth": 1.36}}, {"type": "Feature", "geometry": {"type": "Point", "coordinates": [73.934718, 18.606111]}, "properties": {"depth": 0.21}}, {"type": "Feature", "geometry": {"type": "Point", "coordinates": [73.934854, 18.606127]}, "properties": {"depth": 0.21}}, {"type": "Feature", "geometry": {"type": "Point", "coordinates": [73.935773, 18.606152]}, "properties": {"depth": 1.56}}, {"type": "Feature", "geometry": {"type": "Point", "coordinates": [73.935638, 18.606176]}, "properties": {"depth": 0.31}}, {"type": "Feature", "geometry": {"type": "Point", "coordinates": [73.935151, 18.606182]}, "properties": {"depth": 0.17}}, {"type": "Feature", "geometry": {"type": "Point", "coordinates": [73.93547, 18.606183]}, "properties": {"depth": 0.31}}, {"type": "Feature", "geometry": {"type": "Point", "coordinates": [73.934734, 18.606214]}, "properties": {"depth": 0.21}}, {"type": "Feature", "geometry": {"type": "Point", "coordinates": [73.935029, 18.606223]}, "properties": {"depth": 1.56}}, {"type": "Feature", "geometry": {"type": "Point", "coordinates": [73.934846, 18.606228]}, "properties": {"depth": 0.21}}, {"type": "Feature", "geometry": {"type": "Point", "coordinates": [73.93534, 18.606242]}, "properties": {"depth": 0.17}}, {"type": "Feature", "geometry": {"type": "Point", "coordinates": [73.935657, 18.606301]}, "properties": {"depth": 2.29}}, {"type": "Feature", "geometry": {"type": "Point", "coordinates": [73.935174, 18.606304]}, "properties": {"depth": 2.03}}, {"type": "Feature", "geometry": {"type": "Point", "coordinates": [73.934144, 18.60634]}, "properties": {"depth": 0.2}}, {"type": "Feature", "geometry": {"type": "Point", "coordinates": [73.934149, 18.606391]}, "properties": {"depth": 0.2}}, {"type": "Feature", "geometry": {"type": "Point", "coordinates": [73.934156, 18.606498]}, "properties": {"depth": 0.2}}, {"type": "Feature", "geometry": {"type": "Point", "coordinates": [73.934285, 18.606592]}, "properties": {"depth": 0.56}}, {"type": "Feature", "geometry": {"type": "Point", "coordinates": [73.934866, 18.606338]}, "properties": {"depth": 2.24}}, {"type": "Feature", "geometry": {"type": "Point", "coordinates": [73.934734, 18.60639]}, "properties": {"depth": 0.56}}, {"type": "Feature", "geometry": {"type": "Point", "coordinates": [73.935675, 18.6064]}, "properties": {"depth": 2.29}}, {"type": "Feature", "geometry": {"type": "Point", "coordinates": [73.934619, 18.606406]}, "properties": {"depth": 0.56}}, {"type": "Feature", "geometry": {"type": "Point", "coordinates": [73.935506, 18.606447]}, "properties": {"depth": 2.29}}, {"type": "Feature", "geometry": {"type": "Point", "coordinates": [73.934742, 18.606477]}, "properties": {"depth": 0.56}}, {"type": "Feature", "geometry": {"type": "Point", "coordinates": [73.934623, 18.606512]}, "properties": {"depth": 0.56}}, {"type": "Feature", "geometry": {"type": "Point", "coordinates": [73.93446, 18.606529]}, "properties": {"depth": 2.78}}, {"type": "Feature", "geometry": {"type": "Point", "coordinates": [73.935182, 18.606569]}, "properties": {"depth": 4.21}}, {"type": "Feature", "geometry": {"type": "Point", "coordinates": [73.934761, 18.606653]}, "properties": {"depth": 3.18}}, {"type": "Feature", "geometry": {"type": "Point", "coordinates": [73.934466, 18.606688]}, "properties": {"depth": 2.78}}, {"type": "Feature", "geometry": {"type": "Point", "coordinates": [73.935556, 18.607588]}, "properties": {"depth": 6.37}}, {"type": "Feature", "geometry": {"type": "Point", "coordinates": [73.935483, 18.607851]}, "properties": {"depth": 7.05}}, {"type": "Feature", "geometry": {"type": "Point", "coordinates": [73.935569, 18.607994]}, "properties": {"depth": 7.52}}, {"type": "Feature", "geometry": {"type": "Point", "coordinates": [73.935653, 18.608143]}, "properties": {"depth": 7.52}}, {"type": "Feature", "geometry": {"type": "Point", "coordinates": [73.986271, 18.593395]}, "properties": {"depth": 2.26}}, {"type": "Feature", "geometry": {"type": "Point", "coordinates": [73.986839, 18.593675]}, "properties": {"depth": 0.2}}, {"type": "Feature", "geometry": {"type": "Point", "coordinates": [73.987001, 18.593701]}, "properties": {"depth": 0.2}}, {"type": "Feature", "geometry": {"type": "Point", "coordinates": [73.986892, 18.594138]}, "properties": {"depth": 0.76}}, {"type": "Feature", "geometry": {"type": "Point", "coordinates": [73.943713, 18.599442]}, "properties": {"depth": 1.19}}, {"type": "Feature", "geometry": {"type": "Point", "coordinates": [73.943518, 18.599477]}, "properties": {"depth": 1.19}}, {"type": "Feature", "geometry": {"type": "Point", "coordinates": [73.943473, 18.599621]}, "properties": {"depth": 2.14}}, {"type": "Feature", "geometry": {"type": "Point", "coordinates": [73.943199, 18.599684]}, "properties": {"depth": 2.93}}, {"type": "Feature", "geometry": {"type": "Point", "coordinates": [73.943849, 18.599705]}, "properties": {"depth": 1.51}}, {"type": "Feature", "geometry": {"type": "Point", "coordinates": [73.944409, 18.599871]}, "properties": {"depth": 0.37}}, {"type": "Feature", "geometry": {"type": "Point", "coordinates": [73.944414, 18.599935]}, "properties": {"depth": 0.37}}, {"type": "Feature", "geometry": {"type": "Point", "coordinates": [73.944099, 18.599956]}, "properties": {"depth": 1.1}}, {"type": "Feature", "geometry": {"type": "Point", "coordinates": [73.943652, 18.599737]}, "properties": {"depth": 2.14}}, {"type": "Feature", "geometry": {"type": "Point", "coordinates": [73.943409, 18.599805]}, "properties": {"depth": 2.93}}, {"type": "Feature", "geometry": {"type": "Point", "coordinates": [73.943476, 18.599885]}, "properties": {"depth": 2.0}}, {"type": "Feature", "geometry": {"type": "Point", "coordinates": [73.942977, 18.599889]}, "properties": {"depth": 1.78}}, {"type": "Feature", "geometry": {"type": "Point", "coordinates": [73.94369, 18.599937]}, "properties": {"depth": 2.0}}, {"type": "Feature", "geometry": {"type": "Point", "coordinates": [73.943486, 18.599942]}, "properties": {"depth": 2.0}}, {"type": "Feature", "geometry": {"type": "Point", "coordinates": [73.943493, 18.599994]}, "properties": {"depth": 2.0}}, {"type": "Feature", "geometry": {"type": "Point", "coordinates": [73.94351, 18.600049]}, "properties": {"depth": 2.0}}, {"type": "Feature", "geometry": {"type": "Point", "coordinates": [73.943056, 18.600119]}, "properties": {"depth": 1.78}}, {"type": "Feature", "geometry": {"type": "Point", "coordinates": [73.944233, 18.60005]}, "properties": {"depth": 1.1}}, {"type": "Feature", "geometry": {"type": "Point", "coordinates": [73.944431, 18.600074]}, "properties": {"depth": 0.37}}, {"type": "Feature", "geometry": {"type": "Point", "coordinates": [73.944572, 18.600131]}, "properties": {"depth": 0.37}}, {"type": "Feature", "geometry": {"type": "Point", "coordinates": [73.944114, 18.600133]}, "properties": {"depth": 1.1}}, {"type": "Feature", "geometry": {"type": "Point", "coordinates": [73.943532, 18.600128]}, "properties": {"depth": 2.0}}, {"type": "Feature", "geometry": {"type": "Point", "coordinates": [73.943549, 18.600195]}, "properties": {"depth": 1.48}}, {"type": "Feature", "geometry": {"type": "Point", "coordinates": [73.943074, 18.600262]}, "properties": {"depth": 0.07}}, {"type": "Feature", "geometry": {"type": "Point", "coordinates": [73.943572, 18.600289]}, "properties": {"depth": 1.48}}, {"type": "Feature", "geometry": {"type": "Point", "coordinates": [73.943586, 18.600378]}, "properties": {"depth": 1.48}}, {"type": "Feature", "geometry": {"type": "Point", "coordinates": [73.944269, 18.600244]}, "properties": {"depth": 0.4}}, {"type": "Feature", "geometry": {"type": "Point", "coordinates": [73.944125, 18.600282]}, "properties": {"depth": 0.4}}, {"type": "Feature", "geometry": {"type": "Point", "coordinates": [73.94379, 18.600355]}, "properties": {"depth": 0.29}}, {"type": "Feature", "geometry": {"type": "Point", "coordinates": [73.943228, 18.600756]}, "properties": {"depth": 0.45}}, {"type": "Feature", "geometry": {"type": "Point", "coordinates": [73.943842, 18.603674]}, "properties": {"depth": 2.53}}, {"type": "Feature", "geometry": {"type": "Point", "coordinates": [73.945257, 18.604131]}, "properties": {"depth": 0.83}}, {"type": "Feature", "geometry": {"type": "Point", "coordinates": [73.94544, 18.604448]}, "properties": {"depth": 4.11}}, {"type": "Feature", "geometry": {"type": "Point", "coordinates": [73.946085, 18.607171]}, "properties": {"depth": 13.04}}, {"type": "Feature", "geometry": {"type": "Point", "coordinates": [73.943844, 18.607223]}, "properties": {"depth": 6.98}}, {"type": "Feature", "geometry": {"type": "Point", "coordinates": [73.946299, 18.607455]}, "properties": {"depth": 10.65}}, {"type": "Feature", "geometry": {"type": "Point", "coordinates": [73.938325, 18.604306]}, "properties": {"depth": 1.57}}, {"type": "Feature", "geometry": {"type": "Point", "coordinates": [73.938178, 18.604307]}, "properties": {"depth": 1.05}}, {"type": "Feature", "geometry": {"type": "Point", "coordinates": [73.938538, 18.604399]}, "properties": {"depth": 0.62}}, {"type": "Feature", "geometry": {"type": "Point", "coordinates": [73.937652, 18.604434]}, "properties": {"depth": 0.86}}, {"type": "Feature", "geometry": {"type": "Point", "coordinates": [73.93833, 18.604443]}, "properties": {"depth": 1.57}}, {"type": "Feature", "geometry": {"type": "Point", "coordinates": [73.936, 18.604064]}, "properties": {"depth": 1.36}}, {"type": "Feature", "geometry": {"type": "Point", "coordinates": [73.936305, 18.604068]}, "properties": {"depth": 0.09}}, {"type": "Feature", "geometry": {"type": "Point", "coordinates": [73.93611, 18.604096]}, "properties": {"depth": 1.36}}, {"type": "Feature", "geometry": {"type": "Point", "coordinates": [73.936438, 18.604199]}, "properties": {"depth": 0.09}}, {"type": "Feature", "geometry": {"type": "Point", "coordinates": [73.936118, 18.604218]}, "properties": {"depth": 1.36}}, {"type": "Feature", "geometry": {"type": "Point", "coordinates": [73.936917, 18.604318]}, "properties": {"depth": 0.07}}, {"type": "Feature", "geometry": {"type": "Point", "coordinates": [73.936854, 18.604327]}, "properties": {"depth": 0.07}}, {"type": "Feature", "geometry": {"type": "Point", "coordinates": [73.936775, 18.604338]}, "properties": {"depth": 1.04}}, {"type": "Feature", "geometry": {"type": "Point", "coordinates": [73.936688, 18.60435]}, "properties": {"depth": 1.04}}, {"type": "Feature", "geometry": {"type": "Point", "coordinates": [73.936126, 18.604352]}, "properties": {"depth": 4.0}}, {"type": "Feature", "geometry": {"type": "Point", "coordinates": [73.936299, 18.604385]}, "properties": {"depth": 2.47}}, {"type": "Feature", "geometry": {"type": "Point", "coordinates": [73.936126, 18.604419]}, "properties": {"depth": 4.0}}, {"type": "Feature", "geometry": {"type": "Point", "coordinates": [73.937006, 18.604464]}, "properties": {"depth": 0.07}}, {"type": "Feature", "geometry": {"type": "Point", "coordinates": [73.936865, 18.604497]}, "properties": {"depth": 0.07}}, {"type": "Feature", "geometry": {"type": "Point", "coordinates": [73.935877, 18.604493]}, "properties": {"depth": 3.28}}, {"type": "Feature", "geometry": {"type": "Point", "coordinates": [73.936781, 18.604514]}, "properties": {"depth": 1.04}}, {"type": "Feature", "geometry": {"type": "Point", "coordinates": [73.936707, 18.604528]}, "properties": {"depth": 1.04}}, {"type": "Feature", "geometry": {"type": "Point", "coordinates": [73.936453, 18.604528]}, "properties": {"depth": 2.47}}, {"type": "Feature", "geometry": {"type": "Point", "coordinates": [73.936316, 18.604605]}, "properties": {"depth": 3.92}}, {"type": "Feature", "geometry": {"type": "Point", "coordinates": [73.936448, 18.604668]}, "properties": {"depth": 3.92}}, {"type": "Feature", "geometry": {"type": "Point", "coordinates": [73.936602, 18.604674]}, "properties": {"depth": 2.19}}, {"type": "Feature", "geometry": {"type": "Point", "coordinates": [73.935905, 18.604704]}, "properties": {"depth": 4.14}}, {"type": "Feature", "geometry": {"type": "Point", "coordinates": [73.936939, 18.604712]}, "properties": {"depth": 1.32}}, {"type": "Feature", "geometry": {"type": "Point", "coordinates": [73.936807, 18.604745]}, "properties": {"depth": 1.32}}, {"type": "Feature", "geometry": {"type": "Point", "coordinates": [73.936465, 18.604794]}, "properties": {"depth": 3.92}}, {"type": "Feature", "geometry": {"type": "Point", "coordinates": [73.935928, 18.604818]}, "properties": {"depth": 4.14}}, {"type": "Feature", "geometry": {"type": "Point", "coordinates": [73.938195, 18.604514]}, "properties": {"depth": 1.57}}, {"type": "Feature", "geometry": {"type": "Point", "coordinates": [73.93751, 18.604551]}, "properties": {"depth": 0.34}}, {"type": "Feature", "geometry": {"type": "Point", "coordinates": [73.938281, 18.604614]}, "properties": {"depth": 3.22}}, {"type": "Feature", "geometry": {"type": "Point", "coordinates": [73.937515, 18.60465]}, "properties": {"depth": 1.3}}, {"type": "Feature", "geometry": {"type": "Point", "coordinates": [73.938377, 18.604717]}, "properties": {"depth": 3.22}}, {"type": "Feature", "geometry": {"type": "Point", "coordinates": [73.938396, 18.604802]}, "properties": {"depth": 3.22}}, {"type": "Feature", "geometry": {"type": "Point", "coordinates": [73.93792, 18.604895]}, "properties": {"depth": 4.38}}, {"type": "Feature", "geometry": {"type": "Point", "coordinates": [73.93772, 18.604917]}, "properties": {"depth": 3.46}}, {"type": "Feature", "geometry": {"type": "Point", "coordinates": [73.937548, 18.604938]}, "properties": {"depth": 2.81}}, {"type": "Feature", "geometry": {"type": "Point", "coordinates": [73.936061, 18.604824]}, "properties": {"depth": 5.5}}, {"type": "Feature", "geometry": {"type": "Point", "coordinates": [73.936974, 18.604904]}, "properties": {"depth": 2.9}}, {"type": "Feature", "geometry": {"type": "Point", "coordinates": [73.936283, 18.604918]}, "properties": {"depth": 4.75}}, {"type": "Feature", "geometry": {"type": "Point", "coordinates": [73.936809, 18.604973]}, "properties": {"depth": 2.9}}, {"type": "Feature", "geometry": {"type": "Point", "coordinates": [73.936277, 18.604985]}, "properties": {"depth": 4.75}}, {"type": "Feature", "geometry": {"type": "Point", "coordinates": [73.93697, 18.60501]}, "properties": {"depth": 2.9}}, {"type": "Feature", "geometry": {"type": "Point", "coordinates": [73.93614, 18.605033]}, "properties": {"depth": 5.25}}, {"type": "Feature", "geometry": {"type": "Point", "coordinates": [73.936648, 18.605057]}, "properties": {"depth": 3.2}}, {"type": "Feature", "geometry": {"type": "Point", "coordinates": [73.936671, 18.605154]}, "properties": {"depth": 5.59}}, {"type": "Feature", "geometry": {"type": "Point", "coordinates": [73.937217, 18.605208]}, "properties": {"depth": 4.25}}, {"type": "Feature", "geometry": {"type": "Point", "coordinates": [73.937365, 18.605025]}, "properties": {"depth": 2.81}}, {"type": "Feature", "geometry": {"type": "Point", "coordinates": [73.93809, 18.605094]}, "properties": {"depth": 4.38}}, {"type": "Feature", "geometry": {"type": "Point", "coordinates": [73.937742, 18.605143]}, "properties": {"depth": 4.72}}, {"type": "Feature", "geometry": {"type": "Point", "coordinates": [73.937598, 18.605168]}, "properties": {"depth": 3.85}}, {"type": "Feature", "geometry": {"type": "Point", "coordinates": [73.937383, 18.605186]}, "properties": {"depth": 3.85}}, {"type": "Feature", "geometry": {"type": "Point", "coordinates": [73.937448, 18.605319]}, "properties": {"depth": 3.85}}, {"type": "Feature", "geometry": {"type": "Point", "coordinates": [73.938139, 18.605342]}, "properties": {"depth": 5.03}}, {"type": "Feature", "geometry": {"type": "Point", "coordinates": [73.937773, 18.605347]}, "properties": {"depth": 4.72}}, {"type": "Feature", "geometry": {"type": "Point", "coordinates": [73.93849, 18.605358]}, "properties": {"depth": 5.06}}, {"type": "Feature", "geometry": {"type": "Point", "coordinates": [73.93834, 18.605396]}, "properties": {"depth": 5.96}}, {"type": "Feature", "geometry": {"type": "Point", "coordinates": [73.93632, 18.605259]}, "properties": {"depth": 5.57}}, {"type": "Feature", "geometry": {"type": "Point", "coordinates": [73.936173, 18.60528]}, "properties": {"depth": 4.94}}, {"type": "Feature", "geometry": {"type": "Point", "coordinates": [73.936561, 18.605347]}, "properties": {"depth": 5.59}}, {"type": "Feature", "geometry": {"type": "Point", "coordinates": [73.936711, 18.605393]}, "properties": {"depth": 5.59}}, {"type": "Feature", "geometry": {"type": "Point", "coordinates": [73.936642, 18.605401]}, "properties": {"depth": 5.59}}, {"type": "Feature", "geometry": {"type": "Point", "coordinates": [73.937044, 18.605425]}, "properties": {"depth": 6.73}}, {"type": "Feature", "geometry": {"type": "Point", "coordinates": [73.935872, 18.605459]}, "properties": {"depth": 2.02}}, {"type": "Feature", "geometry": {"type": "Point", "coordinates": [73.936209, 18.605465]}, "properties": {"depth": 4.22}}, {"type": "Feature", "geometry": {"type": "Point", "coordinates": [73.936699, 18.605488]}, "properties": {"depth": 6.78}}, {"type": "Feature", "geometry": {"type": "Point", "coordinates": [73.936549, 18.605497]}, "properties": {"depth": 6.78}}, {"type": "Feature", "geometry": {"type": "Point", "coordinates": [73.938007, 18.605412]}, "properties": {"depth": 5.03}}, {"type": "Feature", "geometry": {"type": "Point", "coordinates": [73.937786, 18.605414]}, "properties": {"depth": 4.72}}, {"type": "Feature", "geometry": {"type": "Point", "coordinates": [73.938497, 18.605432]}, "properties": {"depth": 5.27}}, {"type": "Feature", "geometry": {"type": "Point", "coordinates": [73.93764, 18.605442]}, "properties": {"depth": 6.5}}, {"type": "Feature", "geometry": {"type": "Point", "coordinates": [73.938501, 18.605503]}, "properties": {"depth": 5.27}}, {"type": "Feature", "geometry": {"type": "Point", "coordinates": [73.937279, 18.605505]}, "properties": {"depth": 5.23}}, {"type": "Feature", "geometry": {"type": "Point", "coordinates": [73.937659, 18.605552]}, "properties": {"depth": 6.5}}, {"type": "Feature", "geometry": {"type": "Point", "coordinates": [73.937818, 18.60559]}, "properties": {"depth": 6.5}}, {"type": "Feature", "geometry": {"type": "Point", "coordinates": [73.93838, 18.605625]}, "properties": {"depth": 6.84}}, {"type": "Feature", "geometry": {"type": "Point", "coordinates": [73.937676, 18.605629]}, "properties": {"depth": 6.5}}, {"type": "Feature", "geometry": {"type": "Point", "coordinates": [73.936571, 18.60561]}, "properties": {"depth": 6.78}}, {"type": "Feature", "geometry": {"type": "Point", "coordinates": [73.936232, 18.605655]}, "properties": {"depth": 4.22}}, {"type": "Feature", "geometry": {"type": "Point", "coordinates": [73.936719, 18.605696]}, "properties": {"depth": 7.06}}, {"type": "Feature", "geometry": {"type": "Point", "coordinates": [73.936233, 18.605706]}, "properties": {"depth": 3.32}}, {"type": "Feature", "geometry": {"type": "Point", "coordinates": [73.936385, 18.605747]}, "properties": {"depth": 5.01}}, {"type": "Feature", "geometry": {"type": "Point", "coordinates": [73.936958, 18.605818]}, "properties": {"depth": 6.79}}, {"type": "Feature", "geometry": {"type": "Point", "coordinates": [73.936063, 18.605821]}, "properties": {"depth": 3.32}}, {"type": "Feature", "geometry": {"type": "Point", "coordinates": [73.937089, 18.605827]}, "properties": {"depth": 7.68}}, {"type": "Feature", "geometry": {"type": "Point", "coordinates": [73.936605, 18.605828]}, "properties": {"depth": 7.06}}, {"type": "Feature", "geometry": {"type": "Point", "coordinates": [73.936607, 18.605881]}, "properties": {"depth": 7.06}}, {"type": "Feature", "geometry": {"type": "Point", "coordinates": [73.938383, 18.60572]}, "properties": {"depth": 8.03}}, {"type": "Feature", "geometry": {"type": "Point", "coordinates": [73.938401, 18.605789]}, "properties": {"depth": 8.03}}, {"type": "Feature", "geometry": {"type": "Point", "coordinates": [73.937695, 18.605852]}, "properties": {"depth": 8.05}}, {"type": "Feature", "geometry": {"type": "Point", "coordinates": [73.938194, 18.605873]}, "properties": {"depth": 8.27}}, {"type": "Feature", "geometry": {"type": "Point", "coordinates": [73.938417, 18.605886]}, "properties": {"depth": 8.03}}, {"type": "Feature", "geometry": {"type": "Point", "coordinates": [73.937489, 18.605916]}, "properties": {"depth": 7.79}}, {"type": "Feature", "geometry": {"type": "Point", "coordinates": [73.938207, 18.605958]}, "properties": {"depth": 8.03}}, {"type": "Feature", "geometry": {"type": "Point", "coordinates": [73.937713, 18.605964]}, "properties": {"depth": 8.05}}, {"type": "Feature", "geometry": {"type": "Point", "coordinates": [73.938565, 18.60598]}, "properties": {"depth": 8.85}}, {"type": "Feature", "geometry": {"type": "Point", "coordinates": [73.938437, 18.606107]}, "properties": {"depth": 9.3}}, {"type": "Feature", "geometry": {"type": "Point", "coordinates": [73.937105, 18.605899]}, "properties": {"depth": 7.68}}, {"type": "Feature", "geometry": {"type": "Point", "coordinates": [73.936266, 18.605899]}, "properties": {"depth": 5.01}}, {"type": "Feature", "geometry": {"type": "Point", "coordinates": [73.936067, 18.605931]}, "properties": {"depth": 3.32}}, {"type": "Feature", "geometry": {"type": "Point", "coordinates": [73.935948, 18.605968]}, "properties": {"depth": 1.19}}, {"type": "Feature", "geometry": {"type": "Point", "coordinates": [73.936281, 18.606008]}, "properties": {"depth": 4.86}}, {"type": "Feature", "geometry": {"type": "Point", "coordinates": [73.935915, 18.606016]}, "properties": {"depth": 1.56}}, {"type": "Feature", "geometry": {"type": "Point", "coordinates": [73.936423, 18.606016]}, "properties": {"depth": 4.86}}, {"type": "Feature", "geometry": {"type": "Point", "coordinates": [73.936088, 18.606019]}, "properties": {"depth": 2.42}}, {"type": "Feature", "geometry": {"type": "Point", "coordinates": [73.937133, 18.606033]}, "properties": {"depth": 8.38}}, {"type": "Feature", "geometry": {"type": "Point", "coordinates": [73.936977, 18.606039]}, "properties": {"depth": 7.56}}, {"type": "Feature", "geometry": {"type": "Point", "coordinates": [73.935946, 18.606112]}, "properties": {"depth": 1.56}}, {"type": "Feature", "geometry": {"type": "Point", "coordinates": [73.936327, 18.606127]}, "properties": {"depth": 4.86}}, {"type": "Feature", "geometry": {"type": "Point", "coordinates": [73.936782, 18.60614]}, "properties": {"depth": 6.53}}, {"type": "Feature", "geometry": {"type": "Point", "coordinates": [73.936985, 18.606147]}, "properties": {"depth": 7.56}}, {"type": "Feature", "geometry": {"type": "Point", "coordinates": [73.936109, 18.606173]}, "properties": {"depth": 2.42}}, {"type": "Feature", "geometry": {"type": "Point", "coordinates": [73.936804, 18.606214]}, "properties": {"depth": 6.53}}, {"type": "Feature", "geometry": {"type": "Point", "coordinates": [73.936117, 18.606234]}, "properties": {"depth": 2.42}}, {"type": "Feature", "geometry": {"type": "Point", "coordinates": [73.937004, 18.606269]}, "properties": {"depth": 6.56}}, {"type": "Feature", "geometry": {"type": "Point", "coordinates": [73.936807, 18.606299]}, "properties": {"depth": 6.56}}, {"type": "Feature", "geometry": {"type": "Point", "coordinates": [73.93614, 18.606368]}, "properties": {"depth": 3.28}}, {"type": "Feature", "geometry": {"type": "Point", "coordinates": [73.937767, 18.606269]}, "properties": {"depth": 9.57}}, {"type": "Feature", "geometry": {"type": "Point", "coordinates": [73.938128, 18.606405]}, "properties": {"depth": 9.86}}, {"type": "Feature", "geometry": {"type": "Point", "coordinates": [73.938334, 18.606407]}, "properties": {"depth": 9.21}}, {"type": "Feature", "geometry": {"type": "Point", "coordinates": [73.937944, 18.606436]}, "properties": {"depth": 9.86}}, {"type": "Feature", "geometry": {"type": "Point", "coordinates": [73.937577, 18.606482]}, "properties": {"depth": 9.25}}, {"type": "Feature", "geometry": {"type": "Point", "coordinates": [73.938297, 18.606538]}, "properties": {"depth": 9.29}}, {"type": "Feature", "geometry": {"type": "Point", "coordinates": [73.938156, 18.606624]}, "properties": {"depth": 10.02}}, {"type": "Feature", "geometry": {"type": "Point", "coordinates": [73.937805, 18.606622]}, "properties": {"depth": 9.28}}, {"type": "Feature", "geometry": {"type": "Point", "coordinates": [73.937543, 18.606658]}, "properties": {"depth": 9.06}}, {"type": "Feature", "geometry": {"type": "Point", "coordinates": [73.937827, 18.606691]}, "properties": {"depth": 9.28}}, {"type": "Feature", "geometry": {"type": "Point", "coordinates": [73.935994, 18.606371]}, "properties": {"depth": 3.28}}, {"type": "Feature", "geometry": {"type": "Point", "coordinates": [73.936668, 18.606426]}, "properties": {"depth": 5.79}}, {"type": "Feature", "geometry": {"type": "Point", "coordinates": [73.937089, 18.606562]}, "properties": {"depth": 9.09}}, {"type": "Feature", "geometry": {"type": "Point", "coordinates": [73.936796, 18.606593]}, "properties": {"depth": 5.17}}, {"type": "Feature", "geometry": {"type": "Point", "coordinates": [73.935858, 18.606781]}, "properties": {"depth": 4.45}}, {"type": "Feature", "geometry": {"type": "Point", "coordinates": [73.937141, 18.606806]}, "properties": {"depth": 9.39}}, {"type": "Feature", "geometry": {"type": "Point", "coordinates": [73.936993, 18.606818]}, "properties": {"depth": 9.2}}, {"type": "Feature", "geometry": {"type": "Point", "coordinates": [73.937, 18.606892]}, "properties": {"depth": 9.2}}, {"type": "Feature", "geometry": {"type": "Point", "coordinates": [73.937062, 18.607005]}, "properties": {"depth": 9.2}}, {"type": "Feature", "geometry": {"type": "Point", "coordinates": [73.936797, 18.60759]}, "properties": {"depth": 8.53}}, {"type": "Feature", "geometry": {"type": "Point", "coordinates": [73.938169, 18.606733]}, "properties": {"depth": 10.02}}, {"type": "Feature", "geometry": {"type": "Point", "coordinates": [73.937978, 18.606749]}, "properties": {"depth": 10.02}}, {"type": "Feature", "geometry": {"type": "Point", "coordinates": [73.938182, 18.606814]}, "properties": {"depth": 8.86}}, {"type": "Feature", "geometry": {"type": "Point", "coordinates": [73.937981, 18.606823]}, "properties": {"depth": 8.86}}, {"type": "Feature", "geometry": {"type": "Point", "coordinates": [73.937808, 18.606899]}, "properties": {"depth": 8.42}}, {"type": "Feature", "geometry": {"type": "Point", "coordinates": [73.93783, 18.606976]}, "properties": {"depth": 8.42}}, {"type": "Feature", "geometry": {"type": "Point", "coordinates": [73.937826, 18.607063]}, "properties": {"depth": 8.42}}, {"type": "Feature", "geometry": {"type": "Point", "coordinates": [73.937528, 18.607114]}, "properties": {"depth": 6.48}}, {"type": "Feature", "geometry": {"type": "Point", "coordinates": [73.937236, 18.607159]}, "properties": {"depth": 8.01}}, {"type": "Feature", "geometry": {"type": "Point", "coordinates": [73.937509, 18.607276]}, "properties": {"depth": 6.48}}, {"type": "Feature", "geometry": {"type": "Point", "coordinates": [73.936378, 18.607624]}, "properties": {"depth": 9.92}}, {"type": "Feature", "geometry": {"type": "Point", "coordinates": [73.935859, 18.607808]}, "properties": {"depth": 8.2}}, {"type": "Feature", "geometry": {"type": "Point", "coordinates": [73.935908, 18.607992]}, "properties": {"depth": 8.34}}, {"type": "Feature", "geometry": {"type": "Point", "coordinates": [73.935855, 18.608167]}, "properties": {"depth": 8.34}}, {"type": "Feature", "geometry": {"type": "Point", "coordinates": [73.935887, 18.608351]}, "properties": {"depth": 6.34}}, {"type": "Feature", "geometry": {"type": "Point", "coordinates": [73.943191, 18.607478]}, "properties": {"depth": 2.07}}, {"type": "Feature", "geometry": {"type": "Point", "coordinates": [73.943161, 18.607665]}, "properties": {"depth": 2.14}}, {"type": "Feature", "geometry": {"type": "Point", "coordinates": [73.943102, 18.607817]}, "properties": {"depth": 2.14}}, {"type": "Feature", "geometry": {"type": "Point", "coordinates": [73.942751, 18.608504]}, "properties": {"depth": 3.68}}, {"type": "Feature", "geometry": {"type": "Point", "coordinates": [73.946076, 18.6075]}, "properties": {"depth": 7.52}}, {"type": "Feature", "geometry": {"type": "Point", "coordinates": [73.945678, 18.607574]}, "properties": {"depth": 9.01}}, {"type": "Feature", "geometry": {"type": "Point", "coordinates": [73.945757, 18.60795]}, "properties": {"depth": 4.05}}, {"type": "Feature", "geometry": {"type": "Point", "coordinates": [73.946279, 18.608022]}, "properties": {"depth": 6.2}}, {"type": "Feature", "geometry": {"type": "Point", "coordinates": [73.945995, 18.608023]}, "properties": {"depth": 4.14}}, {"type": "Feature", "geometry": {"type": "Point", "coordinates": [73.94617, 18.608038]}, "properties": {"depth": 4.14}}, {"type": "Feature", "geometry": {"type": "Point", "coordinates": [73.94422, 18.608142]}, "properties": {"depth": 4.53}}, {"type": "Feature", "geometry": {"type": "Point", "coordinates": [73.946305, 18.608157]}, "properties": {"depth": 6.2}}, {"type": "Feature", "geometry": {"type": "Point", "coordinates": [73.946163, 18.608187]}, "properties": {"depth": 4.14}}, {"type": "Feature", "geometry": {"type": "Point", "coordinates": [73.944773, 18.608229]}, "properties": {"depth": 3.5}}, {"type": "Feature", "geometry": {"type": "Point", "coordinates": [73.946571, 18.607759]}, "properties": {"depth": 8.99}}, {"type": "Feature", "geometry": {"type": "Point", "coordinates": [73.946581, 18.607914]}, "properties": {"depth": 8.99}}, {"type": "Feature", "geometry": {"type": "Point", "coordinates": [73.946577, 18.608064]}, "properties": {"depth": 9.1}}, {"type": "Feature", "geometry": {"type": "Point", "coordinates": [73.946901, 18.608202]}, "properties": {"depth": 11.22}}, {"type": "Feature", "geometry": {"type": "Point", "coordinates": [73.947316, 18.608283]}, "properties": {"depth": 13.18}}, {"type": "Feature", "geometry": {"type": "Point", "coordinates": [73.946679, 18.608633]}, "properties": {"depth": 9.01}}, {"type": "Feature", "geometry": {"type": "Point", "coordinates": [73.946622, 18.608768]}, "properties": {"depth": 9.12}}, {"type": "Feature", "geometry": {"type": "Point", "coordinates": [73.946893, 18.608793]}, "properties": {"depth": 11.46}}, {"type": "Feature", "geometry": {"type": "Point", "coordinates": [73.947049, 18.608791]}, "properties": {"depth": 11.46}}, {"type": "Feature", "geometry": {"type": "Point", "coordinates": [73.947058, 18.608939]}, "properties": {"depth": 11.46}}, {"type": "Feature", "geometry": {"type": "Point", "coordinates": [73.944662, 18.608224]}, "properties": {"depth": 3.5}}, {"type": "Feature", "geometry": {"type": "Point", "coordinates": [73.944896, 18.608248]}, "properties": {"depth": 4.14}}, {"type": "Feature", "geometry": {"type": "Point", "coordinates": [73.944286, 18.608289]}, "properties": {"depth": 3.6}}, {"type": "Feature", "geometry": {"type": "Point", "coordinates": [73.945584, 18.608383]}, "properties": {"depth": 2.01}}, {"type": "Feature", "geometry": {"type": "Point", "coordinates": [73.944277, 18.608391]}, "properties": {"depth": 3.6}}, {"type": "Feature", "geometry": {"type": "Point", "coordinates": [73.946129, 18.608472]}, "properties": {"depth": 4.56}}, {"type": "Feature", "geometry": {"type": "Point", "coordinates": [73.94428, 18.608524]}, "properties": {"depth": 4.82}}, {"type": "Feature", "geometry": {"type": "Point", "coordinates": [73.94589, 18.608612]}, "properties": {"depth": 1.61}}, {"type": "Feature", "geometry": {"type": "Point", "coordinates": [73.945892, 18.608717]}, "properties": {"depth": 1.61}}, {"type": "Feature", "geometry": {"type": "Point", "coordinates": [73.946456, 18.60873]}, "properties": {"depth": 6.55}}, {"type": "Feature", "geometry": {"type": "Point", "coordinates": [73.94193, 18.608775]}, "properties": {"depth": 2.14}}, {"type": "Feature", "geometry": {"type": "Point", "coordinates": [73.942294, 18.608816]}, "properties": {"depth": 2.37}}, {"type": "Feature", "geometry": {"type": "Point", "coordinates": [73.942029, 18.608814]}, "properties": {"depth": 2.14}}, {"type": "Feature", "geometry": {"type": "Point", "coordinates": [73.942206, 18.608816]}, "properties": {"depth": 2.37}}, {"type": "Feature", "geometry": {"type": "Point", "coordinates": [73.94212, 18.608819]}, "properties": {"depth": 2.37}}, {"type": "Feature", "geometry": {"type": "Point", "coordinates": [73.941928, 18.608871]}, "properties": {"depth": 2.14}}, {"type": "Feature", "geometry": {"type": "Point", "coordinates": [73.941898, 18.609055]}, "properties": {"depth": 1.89}}, {"type": "Feature", "geometry": {"type": "Point", "coordinates": [73.941973, 18.60906]}, "properties": {"depth": 1.89}}, {"type": "Feature", "geometry": {"type": "Point", "coordinates": [73.942147, 18.609065]}, "properties": {"depth": 1.54}}, {"type": "Feature", "geometry": {"type": "Point", "coordinates": [73.942058, 18.609065]}, "properties": {"depth": 1.89}}, {"type": "Feature", "geometry": {"type": "Point", "coordinates": [73.942321, 18.609072]}, "properties": {"depth": 1.54}}, {"type": "Feature", "geometry": {"type": "Point", "coordinates": [73.942409, 18.609072]}, "properties": {"depth": 1.48}}, {"type": "Feature", "geometry": {"type": "Point", "coordinates": [73.942231, 18.609072]}, "properties": {"depth": 1.54}}, {"type": "Feature", "geometry": {"type": "Point", "coordinates": [73.94292, 18.609211]}, "properties": {"depth": 2.55}}, {"type": "Feature", "geometry": {"type": "Point", "coordinates": [73.943038, 18.609234]}, "properties": {"depth": 2.55}}, {"type": "Feature", "geometry": {"type": "Point", "coordinates": [73.943608, 18.609256]}, "properties": {"depth": 4.91}}, {"type": "Feature", "geometry": {"type": "Point", "coordinates": [73.942424, 18.609325]}, "properties": {"depth": 0.29}}, {"type": "Feature", "geometry": {"type": "Point", "coordinates": [73.942547, 18.609329]}, "properties": {"depth": 0.29}}, {"type": "Feature", "geometry": {"type": "Point", "coordinates": [73.942328, 18.60933]}, "properties": {"depth": 0.51}}, {"type": "Feature", "geometry": {"type": "Point", "coordinates": [73.942638, 18.609339]}, "properties": {"depth": 0.29}}, {"type": "Feature", "geometry": {"type": "Point", "coordinates": [73.94306, 18.609364]}, "properties": {"depth": 1.93}}, {"type": "Feature", "geometry": {"type": "Point", "coordinates": [73.942987, 18.609363]}, "properties": {"depth": 1.93}}, {"type": "Feature", "geometry": {"type": "Point", "coordinates": [73.943643, 18.609504]}, "properties": {"depth": 6.66}}, {"type": "Feature", "geometry": {"type": "Point", "coordinates": [73.943529, 18.609902]}, "properties": {"depth": 0.43}}, {"type": "Feature", "geometry": {"type": "Point", "coordinates": [73.943365, 18.60991]}, "properties": {"depth": 3.42}}, {"type": "Feature", "geometry": {"type": "Point", "coordinates": [73.943371, 18.610041]}, "properties": {"depth": 3.42}}, {"type": "Feature", "geometry": {"type": "Point", "coordinates": [73.943451, 18.61194]}, "properties": {"depth": 10.04}}, {"type": "Feature", "geometry": {"type": "Point", "coordinates": [73.941859, 18.613448]}, "properties": {"depth": 1.05}}, {"type": "Feature", "geometry": {"type": "Point", "coordinates": [73.942543, 18.613511]}, "properties": {"depth": 3.83}}, {"type": "Feature", "geometry": {"type": "Point", "coordinates": [73.942267, 18.613626]}, "properties": {"depth": 3.35}}, {"type": "Feature", "geometry": {"type": "Point", "coordinates": [73.94197, 18.613678]}, "properties": {"depth": 4.15}}, {"type": "Feature", "geometry": {"type": "Point", "coordinates": [73.942196, 18.613796]}, "properties": {"depth": 6.79}}, {"type": "Feature", "geometry": {"type": "Point", "coordinates": [73.942351, 18.613833]}, "properties": {"depth": 6.79}}, {"type": "Feature", "geometry": {"type": "Point", "coordinates": [73.941369, 18.613674]}, "properties": {"depth": 4.17}}, {"type": "Feature", "geometry": {"type": "Point", "coordinates": [73.941444, 18.613706]}, "properties": {"depth": 4.17}}, {"type": "Feature", "geometry": {"type": "Point", "coordinates": [73.941537, 18.613731]}, "properties": {"depth": 3.82}}, {"type": "Feature", "geometry": {"type": "Point", "coordinates": [73.941708, 18.613818]}, "properties": {"depth": 5.45}}, {"type": "Feature", "geometry": {"type": "Point", "coordinates": [73.941292, 18.613838]}, "properties": {"depth": 3.58}}, {"type": "Feature", "geometry": {"type": "Point", "coordinates": [73.941676, 18.615042]}, "properties": {"depth": 10.04}}, {"type": "Feature", "geometry": {"type": "Point", "coordinates": [73.94144, 18.615095]}, "properties": {"depth": 12.77}}, {"type": "Feature", "geometry": {"type": "Point", "coordinates": [73.951745, 18.600995]}, "properties": {"depth": 1.39}}, {"type": "Feature", "geometry": {"type": "Point", "coordinates": [73.951551, 18.601052]}, "properties": {"depth": 1.39}}, {"type": "Feature", "geometry": {"type": "Point", "coordinates": [73.951408, 18.601104]}, "properties": {"depth": 0.38}}, {"type": "Feature", "geometry": {"type": "Point", "coordinates": [73.951276, 18.601137]}, "properties": {"depth": 0.38}}, {"type": "Feature", "geometry": {"type": "Point", "coordinates": [73.95136, 18.601266]}, "properties": {"depth": 3.13}}, {"type": "Feature", "geometry": {"type": "Point", "coordinates": [73.95167, 18.601325]}, "properties": {"depth": 3.52}}, {"type": "Feature", "geometry": {"type": "Point", "coordinates": [73.95207, 18.601328]}, "properties": {"depth": 1.96}}, {"type": "Feature", "geometry": {"type": "Point", "coordinates": [73.952278, 18.601374]}, "properties": {"depth": 0.52}}, {"type": "Feature", "geometry": {"type": "Point", "coordinates": [73.951445, 18.601456]}, "properties": {"depth": 3.13}}, {"type": "Feature", "geometry": {"type": "Point", "coordinates": [73.951324, 18.601493]}, "properties": {"depth": 3.13}}, {"type": "Feature", "geometry": {"type": "Point", "coordinates": [73.951645, 18.601521]}, "properties": {"depth": 3.52}}, {"type": "Feature", "geometry": {"type": "Point", "coordinates": [73.95171, 18.601631]}, "properties": {"depth": 3.08}}, {"type": "Feature", "geometry": {"type": "Point", "coordinates": [73.952255, 18.601655]}, "properties": {"depth": 3.48}}, {"type": "Feature", "geometry": {"type": "Point", "coordinates": [73.951599, 18.601652]}, "properties": {"depth": 3.08}}, {"type": "Feature", "geometry": {"type": "Point", "coordinates": [73.951438, 18.601702]}, "properties": {"depth": 4.3}}, {"type": "Feature", "geometry": {"type": "Point", "coordinates": [73.951999, 18.601728]}, "properties": {"depth": 2.98}}, {"type": "Feature", "geometry": {"type": "Point", "coordinates": [73.952404, 18.601753]}, "properties": {"depth": 2.19}}, {"type": "Feature", "geometry": {"type": "Point", "coordinates": [73.951275, 18.601749]}, "properties": {"depth": 4.3}}, {"type": "Feature", "geometry": {"type": "Point", "coordinates": [73.952435, 18.601917]}, "properties": {"depth": 9.13}}, {"type": "Feature", "geometry": {"type": "Point", "coordinates": [73.952534, 18.601997]}, "properties": {"depth": 9.13}}, {"type": "Feature", "geometry": {"type": "Point", "coordinates": [73.951684, 18.602039]}, "properties": {"depth": 4.54}}, {"type": "Feature", "geometry": {"type": "Point", "coordinates": [73.951509, 18.602086]}, "properties": {"depth": 7.0}}, {"type": "Feature", "geometry": {"type": "Point", "coordinates": [73.952007, 18.602118]}, "properties": {"depth": 10.28}}, {"type": "Feature", "geometry": {"type": "Point", "coordinates": [73.951749, 18.60228]}, "properties": {"depth": 7.84}}, {"type": "Feature", "geometry": {"type": "Point", "coordinates": [73.951238, 18.602281]}, "properties": {"depth": 6.81}}, {"type": "Feature", "geometry": {"type": "Point", "coordinates": [73.951133, 18.602304]}, "properties": {"depth": 6.81}}, {"type": "Feature", "geometry": {"type": "Point", "coordinates": [73.951472, 18.602384]}, "properties": {"depth": 9.91}}, {"type": "Feature", "geometry": {"type": "Point", "coordinates": [73.946877, 18.607201]}, "properties": {"depth": 11.78}}, {"type": "Feature", "geometry": {"type": "Point", "coordinates": [73.946906, 18.607678]}, "properties": {"depth": 11.04}}, {"type": "Feature", "geometry": {"type": "Point", "coordinates": [73.953463, 18.601239]}, "properties": {"depth": 5.24}}, {"type": "Feature", "geometry": {"type": "Point", "coordinates": [73.953464, 18.601303]}, "properties": {"depth": 5.84}}, {"type": "Feature", "geometry": {"type": "Point", "coordinates": [73.953213, 18.601316]}, "properties": {"depth": 5.84}}, {"type": "Feature", "geometry": {"type": "Point", "coordinates": [73.953474, 18.601405]}, "properties": {"depth": 9.62}}, {"type": "Feature", "geometry": {"type": "Point", "coordinates": [73.95274, 18.601524]}, "properties": {"depth": 0.61}}, {"type": "Feature", "geometry": {"type": "Point", "coordinates": [73.95333, 18.601527]}, "properties": {"depth": 5.84}}, {"type": "Feature", "geometry": {"type": "Point", "coordinates": [73.953476, 18.601556]}, "properties": {"depth": 11.66}}, {"type": "Feature", "geometry": {"type": "Point", "coordinates": [73.952887, 18.601782]}, "properties": {"depth": 1.5}}, {"type": "Feature", "geometry": {"type": "Point", "coordinates": [73.946721, 18.608965]}, "properties": {"depth": 9.12}}, {"type": "Feature", "geometry": {"type": "Point", "coordinates": [73.946121, 18.608846]}, "properties": {"depth": 3.62}}, {"type": "Feature", "geometry": {"type": "Point", "coordinates": [73.946254, 18.60895]}, "properties": {"depth": 6.41}}, {"type": "Feature", "geometry": {"type": "Point", "coordinates": [73.946454, 18.609004]}, "properties": {"depth": 6.41}}, {"type": "Feature", "geometry": {"type": "Point", "coordinates": [73.943943, 18.609278]}, "properties": {"depth": 7.34}}, {"type": "Feature", "geometry": {"type": "Point", "coordinates": [73.943828, 18.609592]}, "properties": {"depth": 10.25}}, {"type": "Feature", "geometry": {"type": "Point", "coordinates": [73.944608, 18.612498]}, "properties": {"depth": 3.7}}, {"type": "Feature", "geometry": {"type": "Point", "coordinates": [73.943799, 18.612654]}, "properties": {"depth": 4.88}}, {"type": "Feature", "geometry": {"type": "Point", "coordinates": [73.942114, 18.613966]}, "properties": {"depth": 6.79}}, {"type": "Feature", "geometry": {"type": "Point", "coordinates": [73.942209, 18.614917]}, "properties": {"depth": 1.52}}, {"type": "Feature", "geometry": {"type": "Point", "coordinates": [73.942137, 18.614969]}, "properties": {"depth": 1.52}}, {"type": "Feature", "geometry": {"type": "Point", "coordinates": [73.941861, 18.615209]}, "properties": {"depth": 6.86}}, {"type": "Feature", "geometry": {"type": "Point", "coordinates": [73.941818, 18.615468]}, "properties": {"depth": 11.09}}, {"type": "Feature", "geometry": {"type": "Point", "coordinates": [73.941941, 18.615526]}, "properties": {"depth": 11.09}}, {"type": "Feature", "geometry": {"type": "Point", "coordinates": [73.941693, 18.615369]}, "properties": {"depth": 11.51}}, {"type": "Feature", "geometry": {"type": "Point", "coordinates": [73.939061, 18.604706]}, "properties": {"depth": 1.2}}, {"type": "Feature", "geometry": {"type": "Point", "coordinates": [73.9393, 18.604907]}, "properties": {"depth": 1.59}}, {"type": "Feature", "geometry": {"type": "Point", "coordinates": [73.938878, 18.605592]}, "properties": {"depth": 3.68}}, {"type": "Feature", "geometry": {"type": "Point", "coordinates": [73.938904, 18.613334]}, "properties": {"depth": 2.48}}, {"type": "Feature", "geometry": {"type": "Point", "coordinates": [73.93966, 18.613897]}, "properties": {"depth": 5.6}}, {"type": "Feature", "geometry": {"type": "Point", "coordinates": [73.937284, 18.607502]}, "properties": {"depth": 5.63}}, {"type": "Feature", "geometry": {"type": "Point", "coordinates": [73.937471, 18.607667]}, "properties": {"depth": 1.41}}, {"type": "Feature", "geometry": {"type": "Point", "coordinates": [73.937298, 18.607882]}, "properties": {"depth": 2.5}}, {"type": "Feature", "geometry": {"type": "Point", "coordinates": [73.937442, 18.608053]}, "properties": {"depth": 0.16}}, {"type": "Feature", "geometry": {"type": "Point", "coordinates": [73.937733, 18.608085]}, "properties": {"depth": 0.29}}, {"type": "Feature", "geometry": {"type": "Point", "coordinates": [73.954236, 18.599593]}, "properties": {"depth": 0.51}}, {"type": "Feature", "geometry": {"type": "Point", "coordinates": [73.954907, 18.599613]}, "properties": {"depth": 2.66}}, {"type": "Feature", "geometry": {"type": "Point", "coordinates": [73.955006, 18.599585]}, "properties": {"depth": 2.66}}, {"type": "Feature", "geometry": {"type": "Point", "coordinates": [73.955358, 18.599688]}, "properties": {"depth": 1.93}}, {"type": "Feature", "geometry": {"type": "Point", "coordinates": [73.955162, 18.599712]}, "properties": {"depth": 1.93}}, {"type": "Feature", "geometry": {"type": "Point", "coordinates": [73.955029, 18.599731]}, "properties": {"depth": 2.66}}, {"type": "Feature", "geometry": {"type": "Point", "coordinates": [73.955041, 18.599815]}, "properties": {"depth": 2.66}}, {"type": "Feature", "geometry": {"type": "Point", "coordinates": [73.955185, 18.599881]}, "properties": {"depth": 1.59}}, {"type": "Feature", "geometry": {"type": "Point", "coordinates": [73.955035, 18.59989]}, "properties": {"depth": 1.81}}, {"type": "Feature", "geometry": {"type": "Point", "coordinates": [73.955063, 18.599973]}, "properties": {"depth": 1.81}}, {"type": "Feature", "geometry": {"type": "Point", "coordinates": [73.955184, 18.599981]}, "properties": {"depth": 1.59}}, {"type": "Feature", "geometry": {"type": "Point", "coordinates": [73.95499, 18.599982]}, "properties": {"depth": 1.81}}, {"type": "Feature", "geometry": {"type": "Point", "coordinates": [73.954542, 18.599673]}, "properties": {"depth": 2.3}}, {"type": "Feature", "geometry": {"type": "Point", "coordinates": [73.954461, 18.59968]}, "properties": {"depth": 2.3}}, {"type": "Feature", "geometry": {"type": "Point", "coordinates": [73.954085, 18.599698]}, "properties": {"depth": 0.51}}, {"type": "Feature", "geometry": {"type": "Point", "coordinates": [73.953966, 18.599876]}, "properties": {"depth": 2.82}}, {"type": "Feature", "geometry": {"type": "Point", "coordinates": [73.954071, 18.599914]}, "properties": {"depth": 3.52}}, {"type": "Feature", "geometry": {"type": "Point", "coordinates": [73.953821, 18.599928]}, "properties": {"depth": 2.82}}, {"type": "Feature", "geometry": {"type": "Point", "coordinates": [73.953681, 18.599964]}, "properties": {"depth": 1.46}}, {"type": "Feature", "geometry": {"type": "Point", "coordinates": [73.954921, 18.599996]}, "properties": {"depth": 1.81}}, {"type": "Feature", "geometry": {"type": "Point", "coordinates": [73.954842, 18.600003]}, "properties": {"depth": 3.25}}, {"type": "Feature", "geometry": {"type": "Point", "coordinates": [73.954771, 18.600008]}, "properties": {"depth": 3.25}}, {"type": "Feature", "geometry": {"type": "Point", "coordinates": [73.953825, 18.600005]}, "properties": {"depth": 2.82}}, {"type": "Feature", "geometry": {"type": "Point", "coordinates": [73.954706, 18.600028]}, "properties": {"depth": 3.25}}, {"type": "Feature", "geometry": {"type": "Point", "coordinates": [73.953326, 18.60003]}, "properties": {"depth": 0.89}}, {"type": "Feature", "geometry": {"type": "Point", "coordinates": [73.953525, 18.600031]}, "properties": {"depth": 1.46}}, {"type": "Feature", "geometry": {"type": "Point", "coordinates": [73.955493, 18.599996]}, "properties": {"depth": 1.48}}, {"type": "Feature", "geometry": {"type": "Point", "coordinates": [73.955389, 18.600042]}, "properties": {"depth": 1.59}}, {"type": "Feature", "geometry": {"type": "Point", "coordinates": [73.955141, 18.60005]}, "properties": {"depth": 1.59}}, {"type": "Feature", "geometry": {"type": "Point", "coordinates": [73.955536, 18.600081]}, "properties": {"depth": 1.48}}, {"type": "Feature", "geometry": {"type": "Point", "coordinates": [73.955199, 18.600141]}, "properties": {"depth": 0.88}}, {"type": "Feature", "geometry": {"type": "Point", "coordinates": [73.954991, 18.600145]}, "properties": {"depth": 1.22}}, {"type": "Feature", "geometry": {"type": "Point", "coordinates": [73.955066, 18.60015]}, "properties": {"depth": 1.22}}, {"type": "Feature", "geometry": {"type": "Point", "coordinates": [73.955205, 18.600242]}, "properties": {"depth": 0.88}}, {"type": "Feature", "geometry": {"type": "Point", "coordinates": [73.955549, 18.600298]}, "properties": {"depth": 0.67}}, {"type": "Feature", "geometry": {"type": "Point", "coordinates": [73.953151, 18.600117]}, "properties": {"depth": 0.45}}, {"type": "Feature", "geometry": {"type": "Point", "coordinates": [73.954926, 18.600154]}, "properties": {"depth": 1.22}}, {"type": "Feature", "geometry": {"type": "Point", "coordinates": [73.95485, 18.600164]}, "properties": {"depth": 2.43}}, {"type": "Feature", "geometry": {"type": "Point", "coordinates": [73.954773, 18.600171]}, "properties": {"depth": 2.43}}, {"type": "Feature", "geometry": {"type": "Point", "coordinates": [73.953916, 18.600174]}, "properties": {"depth": 5.13}}, {"type": "Feature", "geometry": {"type": "Point", "coordinates": [73.954535, 18.600182]}, "properties": {"depth": 3.99}}, {"type": "Feature", "geometry": {"type": "Point", "coordinates": [73.95305, 18.600193]}, "properties": {"depth": 1.19}}, {"type": "Feature", "geometry": {"type": "Point", "coordinates": [73.953652, 18.600362]}, "properties": {"depth": 3.87}}, {"type": "Feature", "geometry": {"type": "Point", "coordinates": [73.954122, 18.600376]}, "properties": {"depth": 4.59}}, {"type": "Feature", "geometry": {"type": "Point", "coordinates": [73.954199, 18.600378]}, "properties": {"depth": 4.59}}, {"type": "Feature", "geometry": {"type": "Point", "coordinates": [73.954336, 18.600385]}, "properties": {"depth": 3.99}}, {"type": "Feature", "geometry": {"type": "Point", "coordinates": [73.954269, 18.600387]}, "properties": {"depth": 4.59}}, {"type": "Feature", "geometry": {"type": "Point", "coordinates": [73.954408, 18.600413]}, "properties": {"depth": 3.99}}, {"type": "Feature", "geometry": {"type": "Point", "coordinates": [73.95448, 18.600425]}, "properties": {"depth": 2.55}}, {"type": "Feature", "geometry": {"type": "Point", "coordinates": [73.954554, 18.600426]}, "properties": {"depth": 2.55}}, {"type": "Feature", "geometry": {"type": "Point", "coordinates": [73.954686, 18.600525]}, "properties": {"depth": 2.01}}, {"type": "Feature", "geometry": {"type": "Point", "coordinates": [73.954104, 18.600523]}, "properties": {"depth": 4.4}}, {"type": "Feature", "geometry": {"type": "Point", "coordinates": [73.95438, 18.600545]}, "properties": {"depth": 2.55}}, {"type": "Feature", "geometry": {"type": "Point", "coordinates": [73.954486, 18.60055]}, "properties": {"depth": 2.55}}, {"type": "Feature", "geometry": {"type": "Point", "coordinates": [73.955202, 18.60039]}, "properties": {"depth": 0.88}}, {"type": "Feature", "geometry": {"type": "Point", "coordinates": [73.956743, 18.601194]}, "properties": {"depth": 0.07}}, {"type": "Feature", "geometry": {"type": "Point", "coordinates": [73.954716, 18.60072]}, "properties": {"depth": 2.88}}, {"type": "Feature", "geometry": {"type": "Point", "coordinates": [73.954556, 18.600764]}, "properties": {"depth": 3.74}}, {"type": "Feature", "geometry": {"type": "Point", "coordinates": [73.95326, 18.600765]}, "properties": {"depth": 2.87}}, {"type": "Feature", "geometry": {"type": "Point", "coordinates": [73.954712, 18.600792]}, "properties": {"depth": 2.88}}, {"type": "Feature", "geometry": {"type": "Point", "coordinates": [73.953221, 18.600909]}, "properties": {"depth": 2.87}}, {"type": "Feature", "geometry": {"type": "Point", "coordinates": [73.953348, 18.600926]}, "properties": {"depth": 2.87}}, {"type": "Feature", "geometry": {"type": "Point", "coordinates": [73.953333, 18.601008]}, "properties": {"depth": 5.24}}, {"type": "Feature", "geometry": {"type": "Point", "coordinates": [73.954383, 18.601052]}, "properties": {"depth": 4.88}}, {"type": "Feature", "geometry": {"type": "Point", "coordinates": [73.953314, 18.60112]}, "properties": {"depth": 5.24}}, {"type": "Feature", "geometry": {"type": "Point", "coordinates": [73.953304, 18.601233]}, "properties": {"depth": 5.24}}, {"type": "Feature", "geometry": {"type": "Point", "coordinates": [73.957076, 18.601266]}, "properties": {"depth": 0.71}}, {"type": "Feature", "geometry": {"type": "Point", "coordinates": [73.957286, 18.601384]}, "properties": {"depth": 0.44}}, {"type": "Feature", "geometry": {"type": "Point", "coordinates": [73.957176, 18.601423]}, "properties": {"depth": 0.44}}, {"type": "Feature", "geometry": {"type": "Point", "coordinates": [73.95736, 18.601475]}, "properties": {"depth": 0.44}}, {"type": "Feature", "geometry": {"type": "Point", "coordinates": [73.957094, 18.601471]}, "properties": {"depth": 0.44}}, {"type": "Feature", "geometry": {"type": "Point", "coordinates": [73.957022, 18.60149]}, "properties": {"depth": 0.71}}, {"type": "Feature", "geometry": {"type": "Point", "coordinates": [73.957263, 18.601513]}, "properties": {"depth": 0.44}}, {"type": "Feature", "geometry": {"type": "Point", "coordinates": [73.956773, 18.601311]}, "properties": {"depth": 1.67}}, {"type": "Feature", "geometry": {"type": "Point", "coordinates": [73.956789, 18.601384]}, "properties": {"depth": 1.67}}, {"type": "Feature", "geometry": {"type": "Point", "coordinates": [73.956815, 18.601517]}, "properties": {"depth": 0.71}}, {"type": "Feature", "geometry": {"type": "Point", "coordinates": [73.955671, 18.601561]}, "properties": {"depth": 2.69}}, {"type": "Feature", "geometry": {"type": "Point", "coordinates": [73.95684, 18.601577]}, "properties": {"depth": 2.02}}, {"type": "Feature", "geometry": {"type": "Point", "coordinates": [73.956932, 18.601736]}, "properties": {"depth": 2.02}}, {"type": "Feature", "geometry": {"type": "Point", "coordinates": [73.956656, 18.601747]}, "properties": {"depth": 2.8}}, {"type": "Feature", "geometry": {"type": "Point", "coordinates": [73.956833, 18.60175]}, "properties": {"depth": 2.02}}, {"type": "Feature", "geometry": {"type": "Point", "coordinates": [73.95667, 18.601845]}, "properties": {"depth": 4.03}}, {"type": "Feature", "geometry": {"type": "Point", "coordinates": [73.956514, 18.601863]}, "properties": {"depth": 6.32}}, {"type": "Feature", "geometry": {"type": "Point", "coordinates": [73.957187, 18.601546]}, "properties": {"depth": 1.16}}, {"type": "Feature", "geometry": {"type": "Point", "coordinates": [73.957495, 18.601607]}, "properties": {"depth": 0.3}}, {"type": "Feature", "geometry": {"type": "Point", "coordinates": [73.957109, 18.601621]}, "properties": {"depth": 1.16}}, {"type": "Feature", "geometry": {"type": "Point", "coordinates": [73.957397, 18.601645]}, "properties": {"depth": 0.3}}, {"type": "Feature", "geometry": {"type": "Point", "coordinates": [73.957298, 18.601682]}, "properties": {"depth": 1.16}}, {"type": "Feature", "geometry": {"type": "Point", "coordinates": [73.95722, 18.601706]}, "properties": {"depth": 1.16}}, {"type": "Feature", "geometry": {"type": "Point", "coordinates": [73.95713, 18.601754]}, "properties": {"depth": 1.16}}, {"type": "Feature", "geometry": {"type": "Point", "coordinates": [73.958439, 18.601815]}, "properties": {"depth": 0.03}}, {"type": "Feature", "geometry": {"type": "Point", "coordinates": [73.956956, 18.601859]}, "properties": {"depth": 3.73}}, {"type": "Feature", "geometry": {"type": "Point", "coordinates": [73.957153, 18.601883]}, "properties": {"depth": 3.72}}, {"type": "Feature", "geometry": {"type": "Point", "coordinates": [73.957766, 18.601949]}, "properties": {"depth": 1.48}}, {"type": "Feature", "geometry": {"type": "Point", "coordinates": [73.956976, 18.60199]}, "properties": {"depth": 3.73}}, {"type": "Feature", "geometry": {"type": "Point", "coordinates": [73.957497, 18.602]}, "properties": {"depth": 2.41}}, {"type": "Feature", "geometry": {"type": "Point", "coordinates": [73.957181, 18.602014]}, "properties": {"depth": 3.72}}, {"type": "Feature", "geometry": {"type": "Point", "coordinates": [73.957739, 18.602077]}, "properties": {"depth": 1.48}}, {"type": "Feature", "geometry": {"type": "Point", "coordinates": [73.957194, 18.60214]}, "properties": {"depth": 6.8}}, {"type": "Feature", "geometry": {"type": "Point", "coordinates": [73.956978, 18.602166]}, "properties": {"depth": 6.25}}, {"type": "Feature", "geometry": {"type": "Point", "coordinates": [73.957675, 18.602262]}, "properties": {"depth": 3.21}}, {"type": "Feature", "geometry": {"type": "Point", "coordinates": [73.956853, 18.601877]}, "properties": {"depth": 3.73}}, {"type": "Feature", "geometry": {"type": "Point", "coordinates": [73.956691, 18.60197]}, "properties": {"depth": 4.03}}, {"type": "Feature", "geometry": {"type": "Point", "coordinates": [73.956535, 18.601989]}, "properties": {"depth": 4.03}}, {"type": "Feature", "geometry": {"type": "Point", "coordinates": [73.956876, 18.60201]}, "properties": {"depth": 3.73}}, {"type": "Feature", "geometry": {"type": "Point", "coordinates": [73.955268, 18.602057]}, "properties": {"depth": 4.77}}, {"type": "Feature", "geometry": {"type": "Point", "coordinates": [73.956704, 18.602087]}, "properties": {"depth": 5.17}}, {"type": "Feature", "geometry": {"type": "Point", "coordinates": [73.956549, 18.60211]}, "properties": {"depth": 5.17}}, {"type": "Feature", "geometry": {"type": "Point", "coordinates": [73.956861, 18.602182]}, "properties": {"depth": 6.25}}, {"type": "Feature", "geometry": {"type": "Point", "coordinates": [73.956721, 18.602202]}, "properties": {"depth": 5.17}}, {"type": "Feature", "geometry": {"type": "Point", "coordinates": [73.956571, 18.602227]}, "properties": {"depth": 5.17}}, {"type": "Feature", "geometry": {"type": "Point", "coordinates": [73.957519, 18.602283]}, "properties": {"depth": 4.41}}, {"type": "Feature", "geometry": {"type": "Point", "coordinates": [73.957683, 18.602335]}, "properties": {"depth": 3.21}}, {"type": "Feature", "geometry": {"type": "Point", "coordinates": [73.957814, 18.602341]}, "properties": {"depth": 3.21}}, {"type": "Feature", "geometry": {"type": "Point", "coordinates": [73.95714, 18.602353]}, "properties": {"depth": 6.8}}, {"type": "Feature", "geometry": {"type": "Point", "coordinates": [73.957529, 18.602356]}, "properties": {"depth": 4.41}}, {"type": "Feature", "geometry": {"type": "Point", "coordinates": [73.957689, 18.602409]}, "properties": {"depth": 5.06}}, {"type": "Feature", "geometry": {"type": "Point", "coordinates": [73.957533, 18.60243]}, "properties": {"depth": 5.89}}, {"type": "Feature", "geometry": {"type": "Point", "coordinates": [73.957546, 18.602502]}, "properties": {"depth": 5.89}}, {"type": "Feature", "geometry": {"type": "Point", "coordinates": [73.95755, 18.60258]}, "properties": {"depth": 5.89}}, {"type": "Feature", "geometry": {"type": "Point", "coordinates": [73.958725, 18.603317]}, "properties": {"depth": 3.71}}, {"type": "Feature", "geometry": {"type": "Point", "coordinates": [73.956123, 18.602832]}, "properties": {"depth": 10.56}}, {"type": "Feature", "geometry": {"type": "Point", "coordinates": [73.955757, 18.602833]}, "properties": {"depth": 10.77}}, {"type": "Feature", "geometry": {"type": "Point", "coordinates": [73.955676, 18.602838]}, "properties": {"depth": 10.96}}, {"type": "Feature", "geometry": {"type": "Point", "coordinates": [73.955976, 18.602849]}, "properties": {"depth": 10.56}}, {"type": "Feature", "geometry": {"type": "Point", "coordinates": [73.955897, 18.602843]}, "properties": {"depth": 10.77}}, {"type": "Feature", "geometry": {"type": "Point", "coordinates": [73.955528, 18.602853]}, "properties": {"depth": 10.96}}, {"type": "Feature", "geometry": {"type": "Point", "coordinates": [73.955292, 18.602885]}, "properties": {"depth": 10.65}}, {"type": "Feature", "geometry": {"type": "Point", "coordinates": [73.955532, 18.602974]}, "properties": {"depth": 7.42}}, {"type": "Feature", "geometry": {"type": "Point", "coordinates": [73.956128, 18.602982]}, "properties": {"depth": 8.29}}, {"type": "Feature", "geometry": {"type": "Point", "coordinates": [73.955759, 18.602986]}, "properties": {"depth": 7.79}}, {"type": "Feature", "geometry": {"type": "Point", "coordinates": [73.955678, 18.602989]}, "properties": {"depth": 7.42}}, {"type": "Feature", "geometry": {"type": "Point", "coordinates": [73.955903, 18.602997]}, "properties": {"depth": 7.79}}, {"type": "Feature", "geometry": {"type": "Point", "coordinates": [73.955982, 18.603006]}, "properties": {"depth": 8.29}}, {"type": "Feature", "geometry": {"type": "Point", "coordinates": [73.955531, 18.603049]}, "properties": {"depth": 7.42}}, {"type": "Feature", "geometry": {"type": "Point", "coordinates": [73.955766, 18.603136]}, "properties": {"depth": 7.79}}, {"type": "Feature", "geometry": {"type": "Point", "coordinates": [73.956132, 18.603138]}, "properties": {"depth": 8.29}}, {"type": "Feature", "geometry": {"type": "Point", "coordinates": [73.955683, 18.603149]}, "properties": {"depth": 7.42}}, {"type": "Feature", "geometry": {"type": "Point", "coordinates": [73.955985, 18.603163]}, "properties": {"depth": 8.29}}, {"type": "Feature", "geometry": {"type": "Point", "coordinates": [73.955316, 18.60317]}, "properties": {"depth": 6.63}}, {"type": "Feature", "geometry": {"type": "Point", "coordinates": [73.955906, 18.603179]}, "properties": {"depth": 7.79}}, {"type": "Feature", "geometry": {"type": "Point", "coordinates": [73.961277, 18.601811]}, "properties": {"depth": 3.07}}, {"type": "Feature", "geometry": {"type": "Point", "coordinates": [73.961112, 18.601843]}, "properties": {"depth": 3.67}}, {"type": "Feature", "geometry": {"type": "Point", "coordinates": [73.959981, 18.602029]}, "properties": {"depth": 4.55}}, {"type": "Feature", "geometry": {"type": "Point", "coordinates": [73.959436, 18.602321]}, "properties": {"depth": 0.02}}, {"type": "Feature", "geometry": {"type": "Point", "coordinates": [73.955454, 18.603217]}, "properties": {"depth": 6.31}}, {"type": "Feature", "geometry": {"type": "Point", "coordinates": [73.955765, 18.603255]}, "properties": {"depth": 6.48}}, {"type": "Feature", "geometry": {"type": "Point", "coordinates": [73.955315, 18.603253]}, "properties": {"depth": 6.15}}, {"type": "Feature", "geometry": {"type": "Point", "coordinates": [73.955984, 18.603288]}, "properties": {"depth": 6.27}}, {"type": "Feature", "geometry": {"type": "Point", "coordinates": [73.95554, 18.603288]}, "properties": {"depth": 6.31}}, {"type": "Feature", "geometry": {"type": "Point", "coordinates": [73.956131, 18.603295]}, "properties": {"depth": 6.27}}, {"type": "Feature", "geometry": {"type": "Point", "coordinates": [73.955453, 18.603299]}, "properties": {"depth": 6.31}}, {"type": "Feature", "geometry": {"type": "Point", "coordinates": [73.955685, 18.603302]}, "properties": {"depth": 6.31}}, {"type": "Feature", "geometry": {"type": "Point", "coordinates": [73.955908, 18.603305]}, "properties": {"depth": 6.48}}, {"type": "Feature", "geometry": {"type": "Point", "coordinates": [73.955321, 18.603328]}, "properties": {"depth": 6.15}}, {"type": "Feature", "geometry": {"type": "Point", "coordinates": [73.958655, 18.603327]}, "properties": {"depth": 3.71}}, {"type": "Feature", "geometry": {"type": "Point", "coordinates": [73.958586, 18.603333]}, "properties": {"depth": 3.71}}, {"type": "Feature", "geometry": {"type": "Point", "coordinates": [73.958511, 18.603341]}, "properties": {"depth": 3.71}}, {"type": "Feature", "geometry": {"type": "Point", "coordinates": [73.958375, 18.603353]}, "properties": {"depth": 4.72}}, {"type": "Feature", "geometry": {"type": "Point", "coordinates": [73.958308, 18.603371]}, "properties": {"depth": 4.72}}, {"type": "Feature", "geometry": {"type": "Point", "coordinates": [73.958233, 18.603374]}, "properties": {"depth": 4.72}}, {"type": "Feature", "geometry": {"type": "Point", "coordinates": [73.958266, 18.603499]}, "properties": {"depth": 3.75}}, {"type": "Feature", "geometry": {"type": "Point", "coordinates": [73.958271, 18.603561]}, "properties": {"depth": 3.75}}, {"type": "Feature", "geometry": {"type": "Point", "coordinates": [73.958475, 18.603602]}, "properties": {"depth": 3.2}}, {"type": "Feature", "geometry": {"type": "Point", "coordinates": [73.958355, 18.603609]}, "properties": {"depth": 3.75}}, {"type": "Feature", "geometry": {"type": "Point", "coordinates": [73.958279, 18.603626]}, "properties": {"depth": 3.75}}, {"type": "Feature", "geometry": {"type": "Point", "coordinates": [73.958488, 18.603663]}, "properties": {"depth": 3.2}}, {"type": "Feature", "geometry": {"type": "Point", "coordinates": [73.958359, 18.603671]}, "properties": {"depth": 3.75}}, {"type": "Feature", "geometry": {"type": "Point", "coordinates": [73.958286, 18.603685]}, "properties": {"depth": 3.75}}, {"type": "Feature", "geometry": {"type": "Point", "coordinates": [73.958637, 18.604884]}, "properties": {"depth": 3.24}}, {"type": "Feature", "geometry": {"type": "Point", "coordinates": [73.958204, 18.605076]}, "properties": {"depth": 1.75}}, {"type": "Feature", "geometry": {"type": "Point", "coordinates": [73.957473, 18.606372]}, "properties": {"depth": 5.03}}, {"type": "Feature", "geometry": {"type": "Point", "coordinates": [73.957445, 18.606553]}, "properties": {"depth": 5.01}}, {"type": "Feature", "geometry": {"type": "Point", "coordinates": [73.958375, 18.606594]}, "properties": {"depth": 1.62}}, {"type": "Feature", "geometry": {"type": "Point", "coordinates": [73.957454, 18.606613]}, "properties": {"depth": 5.01}}, {"type": "Feature", "geometry": {"type": "Point", "coordinates": [73.957458, 18.606672]}, "properties": {"depth": 5.01}}, {"type": "Feature", "geometry": {"type": "Point", "coordinates": [73.958392, 18.606727]}, "properties": {"depth": 1.62}}, {"type": "Feature", "geometry": {"type": "Point", "coordinates": [73.957462, 18.606752]}, "properties": {"depth": 5.01}}, {"type": "Feature", "geometry": {"type": "Point", "coordinates": [73.957476, 18.606834]}, "properties": {"depth": 2.13}}, {"type": "Feature", "geometry": {"type": "Point", "coordinates": [73.957488, 18.60691]}, "properties": {"depth": 2.13}}, {"type": "Feature", "geometry": {"type": "Point", "coordinates": [73.955913, 18.603376]}, "properties": {"depth": 6.48}}, {"type": "Feature", "geometry": {"type": "Point", "coordinates": [73.955769, 18.603395]}, "properties": {"depth": 6.48}}, {"type": "Feature", "geometry": {"type": "Point", "coordinates": [73.955544, 18.603407]}, "properties": {"depth": 6.31}}, {"type": "Feature", "geometry": {"type": "Point", "coordinates": [73.955317, 18.603411]}, "properties": {"depth": 6.15}}, {"type": "Feature", "geometry": {"type": "Point", "coordinates": [73.955689, 18.603414]}, "properties": {"depth": 6.31}}, {"type": "Feature", "geometry": {"type": "Point", "coordinates": [73.955455, 18.603413]}, "properties": {"depth": 6.31}}, {"type": "Feature", "geometry": {"type": "Point", "coordinates": [73.955322, 18.603485]}, "properties": {"depth": 5.93}}, {"type": "Feature", "geometry": {"type": "Point", "coordinates": [73.934057, 18.606613]}, "properties": {"depth": 0.56}}, {"type": "Feature", "geometry": {"type": "Point", "coordinates": [73.934261, 18.606728]}, "properties": {"depth": 0.56}}, {"type": "Feature", "geometry": {"type": "Point", "coordinates": [73.933163, 18.607388]}, "properties": {"depth": 1.22}}, {"type": "Feature", "geometry": {"type": "Point", "coordinates": [73.932961, 18.607407]}, "properties": {"depth": 1.22}}]}