{"type": "FeatureCollection", "features": [{"type": "Feature", "geometry": {"type": "Point", "coordinates": [73.93658, 18.424735]}, "properties": {"depth": 12.86}}, {"type": "Feature", "geometry": {"type": "Point", "coordinates": [73.841533, 18.439818]}, "properties": {"depth": 9.12}}, {"type": "Feature", "geometry": {"type": "Point", "coordinates": [73.841267, 18.439859]}, "properties": {"depth": 7.21}}, {"type": "Feature", "geometry": {"type": "Point", "coordinates": [73.841044, 18.441135]}, "properties": {"depth": 0.8}}, {"type": "Feature", "geometry": {"type": "Point", "coordinates": [73.844317, 18.440122]}, "properties": {"depth": 5.36}}, {"type": "Feature", "geometry": {"type": "Point", "coordinates": [73.843588, 18.440141]}, "properties": {"depth": 13.92}}, {"type": "Feature", "geometry": {"type": "Point", "coordinates": [73.843903, 18.440151]}, "properties": {"depth": 11.72}}, {"type": "Feature", "geometry": {"type": "Point", "coordinates": [73.84478, 18.440114]}, "properties": {"depth": 2.49}}, {"type": "Feature", "geometry": {"type": "Point", "coordinates": [73.846353, 18.440316]}, "properties": {"depth": 0.82}}, {"type": "Feature", "geometry": {"type": "Point", "coordinates": [73.84617, 18.440373]}, "properties": {"depth": 1.7}}, {"type": "Feature", "geometry": {"type": "Point", "coordinates": [73.84607, 18.440386]}, "properties": {"depth": 1.7}}, {"type": "Feature", "geometry": {"type": "Point", "coordinates": [73.846534, 18.440425]}, "properties": {"depth": 0.68}}, {"type": "Feature", "geometry": {"type": "Point", "coordinates": [73.846195, 18.440438]}, "properties": {"depth": 3.35}}, {"type": "Feature", "geometry": {"type": "Point", "coordinates": [73.846386, 18.440462]}, "properties": {"depth": 1.31}}, {"type": "Feature", "geometry": {"type": "Point", "coordinates": [73.846073, 18.440482]}, "properties": {"depth": 3.35}}, {"type": "Feature", "geometry": {"type": "Point", "coordinates": [73.84625, 18.440556]}, "properties": {"depth": 3.35}}, {"type": "Feature", "geometry": {"type": "Point", "coordinates": [73.844686, 18.440121]}, "properties": {"depth": 2.49}}, {"type": "Feature", "geometry": {"type": "Point", "coordinates": [73.844607, 18.440138]}, "properties": {"depth": 2.49}}, {"type": "Feature", "geometry": {"type": "Point", "coordinates": [73.844477, 18.440154]}, "properties": {"depth": 5.4}}, {"type": "Feature", "geometry": {"type": "Point", "coordinates": [73.844572, 18.441477]}, "properties": {"depth": 12.7}}, {"type": "Feature", "geometry": {"type": "Point", "coordinates": [73.845133, 18.441913]}, "properties": {"depth": 3.42}}, {"type": "Feature", "geometry": {"type": "Point", "coordinates": [73.844456, 18.44331]}, "properties": {"depth": 1.84}}, {"type": "Feature", "geometry": {"type": "Point", "coordinates": [73.844217, 18.440212]}, "properties": {"depth": 7.18}}, {"type": "Feature", "geometry": {"type": "Point", "coordinates": [73.844334, 18.440273]}, "properties": {"depth": 5.4}}, {"type": "Feature", "geometry": {"type": "Point", "coordinates": [73.844089, 18.440325]}, "properties": {"depth": 7.18}}, {"type": "Feature", "geometry": {"type": "Point", "coordinates": [73.843655, 18.440406]}, "properties": {"depth": 13.92}}, {"type": "Feature", "geometry": {"type": "Point", "coordinates": [73.844275, 18.441736]}, "properties": {"depth": 11.44}}, {"type": "Feature", "geometry": {"type": "Point", "coordinates": [73.844424, 18.442031]}, "properties": {"depth": 9.93}}, {"type": "Feature", "geometry": {"type": "Point", "coordinates": [73.843501, 18.442421]}, "properties": {"depth": 11.55}}, {"type": "Feature", "geometry": {"type": "Point", "coordinates": [73.844269, 18.442532]}, "properties": {"depth": 10.96}}, {"type": "Feature", "geometry": {"type": "Point", "coordinates": [73.844255, 18.443429]}, "properties": {"depth": 5.03}}, {"type": "Feature", "geometry": {"type": "Point", "coordinates": [73.846121, 18.44059]}, "properties": {"depth": 3.35}}, {"type": "Feature", "geometry": {"type": "Point", "coordinates": [73.846398, 18.441058]}, "properties": {"depth": 0.04}}, {"type": "Feature", "geometry": {"type": "Point", "coordinates": [73.845732, 18.44141]}, "properties": {"depth": 0.18}}, {"type": "Feature", "geometry": {"type": "Point", "coordinates": [73.862595, 18.445665]}, "properties": {"depth": 1.55}}, {"type": "Feature", "geometry": {"type": "Point", "coordinates": [73.862417, 18.446087]}, "properties": {"depth": 2.89}}, {"type": "Feature", "geometry": {"type": "Point", "coordinates": [73.862353, 18.446222]}, "properties": {"depth": 2.19}}, {"type": "Feature", "geometry": {"type": "Point", "coordinates": [73.862805, 18.446284]}, "properties": {"depth": 1.09}}, {"type": "Feature", "geometry": {"type": "Point", "coordinates": [73.862298, 18.446356]}, "properties": {"depth": 3.51}}, {"type": "Feature", "geometry": {"type": "Point", "coordinates": [73.861821, 18.445014]}, "properties": {"depth": 0.74}}, {"type": "Feature", "geometry": {"type": "Point", "coordinates": [73.86171, 18.445144]}, "properties": {"depth": 0.64}}, {"type": "Feature", "geometry": {"type": "Point", "coordinates": [73.86157, 18.445159]}, "properties": {"depth": 0.64}}, {"type": "Feature", "geometry": {"type": "Point", "coordinates": [73.861635, 18.44517]}, "properties": {"depth": 0.64}}, {"type": "Feature", "geometry": {"type": "Point", "coordinates": [73.861689, 18.445189]}, "properties": {"depth": 0.64}}, {"type": "Feature", "geometry": {"type": "Point", "coordinates": [73.861762, 18.445194]}, "properties": {"depth": 0.64}}, {"type": "Feature", "geometry": {"type": "Point", "coordinates": [73.86197, 18.445196]}, "properties": {"depth": 0.29}}, {"type": "Feature", "geometry": {"type": "Point", "coordinates": [73.861806, 18.445202]}, "properties": {"depth": 0.29}}, {"type": "Feature", "geometry": {"type": "Point", "coordinates": [73.862026, 18.445234]}, "properties": {"depth": 0.29}}, {"type": "Feature", "geometry": {"type": "Point", "coordinates": [73.861627, 18.445247]}, "properties": {"depth": 0.64}}, {"type": "Feature", "geometry": {"type": "Point", "coordinates": [73.861749, 18.445264]}, "properties": {"depth": 0.64}}, {"type": "Feature", "geometry": {"type": "Point", "coordinates": [73.861943, 18.445276]}, "properties": {"depth": 0.29}}, {"type": "Feature", "geometry": {"type": "Point", "coordinates": [73.861992, 18.445283]}, "properties": {"depth": 0.29}}, {"type": "Feature", "geometry": {"type": "Point", "coordinates": [73.861844, 18.445295]}, "properties": {"depth": 0.29}}, {"type": "Feature", "geometry": {"type": "Point", "coordinates": [73.8621, 18.445297]}, "properties": {"depth": 1.17}}, {"type": "Feature", "geometry": {"type": "Point", "coordinates": [73.861612, 18.445327]}, "properties": {"depth": 0.64}}, {"type": "Feature", "geometry": {"type": "Point", "coordinates": [73.861907, 18.44533]}, "properties": {"depth": 0.29}}, {"type": "Feature", "geometry": {"type": "Point", "coordinates": [73.86169, 18.445341]}, "properties": {"depth": 0.64}}, {"type": "Feature", "geometry": {"type": "Point", "coordinates": [73.861792, 18.445369]}, "properties": {"depth": 0.64}}, {"type": "Feature", "geometry": {"type": "Point", "coordinates": [73.861683, 18.445381]}, "properties": {"depth": 0.64}}, {"type": "Feature", "geometry": {"type": "Point", "coordinates": [73.861599, 18.445383]}, "properties": {"depth": 0.64}}, {"type": "Feature", "geometry": {"type": "Point", "coordinates": [73.861885, 18.445404]}, "properties": {"depth": 0.29}}, {"type": "Feature", "geometry": {"type": "Point", "coordinates": [73.861674, 18.445421]}, "properties": {"depth": 2.22}}, {"type": "Feature", "geometry": {"type": "Point", "coordinates": [73.861952, 18.445433]}, "properties": {"depth": 2.29}}, {"type": "Feature", "geometry": {"type": "Point", "coordinates": [73.861814, 18.445444]}, "properties": {"depth": 2.29}}, {"type": "Feature", "geometry": {"type": "Point", "coordinates": [73.861584, 18.445452]}, "properties": {"depth": 2.22}}, {"type": "Feature", "geometry": {"type": "Point", "coordinates": [73.861857, 18.445486]}, "properties": {"depth": 2.29}}, {"type": "Feature", "geometry": {"type": "Point", "coordinates": [73.861659, 18.445516]}, "properties": {"depth": 2.22}}, {"type": "Feature", "geometry": {"type": "Point", "coordinates": [73.861855, 18.445522]}, "properties": {"depth": 2.29}}, {"type": "Feature", "geometry": {"type": "Point", "coordinates": [73.861947, 18.445532]}, "properties": {"depth": 2.29}}, {"type": "Feature", "geometry": {"type": "Point", "coordinates": [73.861561, 18.445542]}, "properties": {"depth": 2.22}}, {"type": "Feature", "geometry": {"type": "Point", "coordinates": [73.861776, 18.445544]}, "properties": {"depth": 2.22}}, {"type": "Feature", "geometry": {"type": "Point", "coordinates": [73.861635, 18.445587]}, "properties": {"depth": 2.22}}, {"type": "Feature", "geometry": {"type": "Point", "coordinates": [73.861845, 18.445589]}, "properties": {"depth": 2.29}}, {"type": "Feature", "geometry": {"type": "Point", "coordinates": [73.861542, 18.44559]}, "properties": {"depth": 2.22}}, {"type": "Feature", "geometry": {"type": "Point", "coordinates": [73.86176, 18.445598]}, "properties": {"depth": 2.22}}, {"type": "Feature", "geometry": {"type": "Point", "coordinates": [73.861834, 18.445657]}, "properties": {"depth": 2.29}}, {"type": "Feature", "geometry": {"type": "Point", "coordinates": [73.861605, 18.445681]}, "properties": {"depth": 2.22}}, {"type": "Feature", "geometry": {"type": "Point", "coordinates": [73.861921, 18.445707]}, "properties": {"depth": 3.34}}, {"type": "Feature", "geometry": {"type": "Point", "coordinates": [73.861817, 18.445712]}, "properties": {"depth": 3.34}}, {"type": "Feature", "geometry": {"type": "Point", "coordinates": [73.861605, 18.445757]}, "properties": {"depth": 2.33}}, {"type": "Feature", "geometry": {"type": "Point", "coordinates": [73.861844, 18.445772]}, "properties": {"depth": 3.34}}, {"type": "Feature", "geometry": {"type": "Point", "coordinates": [73.861589, 18.445789]}, "properties": {"depth": 2.33}}, {"type": "Feature", "geometry": {"type": "Point", "coordinates": [73.861595, 18.445829]}, "properties": {"depth": 2.33}}, {"type": "Feature", "geometry": {"type": "Point", "coordinates": [73.861733, 18.445835]}, "properties": {"depth": 2.33}}, {"type": "Feature", "geometry": {"type": "Point", "coordinates": [73.861876, 18.445837]}, "properties": {"depth": 3.34}}, {"type": "Feature", "geometry": {"type": "Point", "coordinates": [73.861575, 18.44586]}, "properties": {"depth": 2.33}}, {"type": "Feature", "geometry": {"type": "Point", "coordinates": [73.861773, 18.445901]}, "properties": {"depth": 2.33}}, {"type": "Feature", "geometry": {"type": "Point", "coordinates": [73.861559, 18.445904]}, "properties": {"depth": 2.33}}, {"type": "Feature", "geometry": {"type": "Point", "coordinates": [73.861825, 18.445912]}, "properties": {"depth": 3.34}}, {"type": "Feature", "geometry": {"type": "Point", "coordinates": [73.862102, 18.445929]}, "properties": {"depth": 3.29}}, {"type": "Feature", "geometry": {"type": "Point", "coordinates": [73.861686, 18.445939]}, "properties": {"depth": 2.33}}, {"type": "Feature", "geometry": {"type": "Point", "coordinates": [73.861541, 18.44597]}, "properties": {"depth": 2.33}}, {"type": "Feature", "geometry": {"type": "Point", "coordinates": [73.841438, 18.43985]}, "properties": {"depth": 7.21}}, {"type": "Feature", "geometry": {"type": "Point", "coordinates": [73.841493, 18.440336]}, "properties": {"depth": 4.34}}, {"type": "Feature", "geometry": {"type": "Point", "coordinates": [73.841397, 18.441115]}, "properties": {"depth": 1.0}}, {"type": "Feature", "geometry": {"type": "Point", "coordinates": [73.841403, 18.441733]}, "properties": {"depth": 1.75}}, {"type": "Feature", "geometry": {"type": "Point", "coordinates": [73.841316, 18.44206]}, "properties": {"depth": 1.66}}, {"type": "Feature", "geometry": {"type": "Point", "coordinates": [73.841325, 18.442144]}, "properties": {"depth": 3.41}}, {"type": "Feature", "geometry": {"type": "Point", "coordinates": [73.841316, 18.442221]}, "properties": {"depth": 3.41}}, {"type": "Feature", "geometry": {"type": "Point", "coordinates": [73.861322, 18.446099]}, "properties": {"depth": 0.33}}, {"type": "Feature", "geometry": {"type": "Point", "coordinates": [73.861325, 18.44617]}, "properties": {"depth": 0.33}}, {"type": "Feature", "geometry": {"type": "Point", "coordinates": [73.861304, 18.446217]}, "properties": {"depth": 0.33}}, {"type": "Feature", "geometry": {"type": "Point", "coordinates": [73.861386, 18.446231]}, "properties": {"depth": 0.33}}, {"type": "Feature", "geometry": {"type": "Point", "coordinates": [73.861305, 18.446297]}, "properties": {"depth": 0.78}}, {"type": "Feature", "geometry": {"type": "Point", "coordinates": [73.86138, 18.446316]}, "properties": {"depth": 0.78}}, {"type": "Feature", "geometry": {"type": "Point", "coordinates": [73.861307, 18.446354]}, "properties": {"depth": 0.78}}, {"type": "Feature", "geometry": {"type": "Point", "coordinates": [73.861386, 18.446357]}, "properties": {"depth": 0.78}}, {"type": "Feature", "geometry": {"type": "Point", "coordinates": [73.861303, 18.446456]}, "properties": {"depth": 0.78}}, {"type": "Feature", "geometry": {"type": "Point", "coordinates": [73.861292, 18.446518]}, "properties": {"depth": 0.78}}, {"type": "Feature", "geometry": {"type": "Point", "coordinates": [73.861278, 18.446557]}, "properties": {"depth": 0.19}}, {"type": "Feature", "geometry": {"type": "Point", "coordinates": [73.861278, 18.446623]}, "properties": {"depth": 0.19}}, {"type": "Feature", "geometry": {"type": "Point", "coordinates": [73.861764, 18.445991]}, "properties": {"depth": 4.2}}, {"type": "Feature", "geometry": {"type": "Point", "coordinates": [73.861837, 18.446016]}, "properties": {"depth": 4.66}}, {"type": "Feature", "geometry": {"type": "Point", "coordinates": [73.862056, 18.446035]}, "properties": {"depth": 4.66}}, {"type": "Feature", "geometry": {"type": "Point", "coordinates": [73.861534, 18.446034]}, "properties": {"depth": 4.2}}, {"type": "Feature", "geometry": {"type": "Point", "coordinates": [73.861666, 18.446049]}, "properties": {"depth": 4.2}}, {"type": "Feature", "geometry": {"type": "Point", "coordinates": [73.862277, 18.446081]}, "properties": {"depth": 2.19}}, {"type": "Feature", "geometry": {"type": "Point", "coordinates": [73.861406, 18.446077]}, "properties": {"depth": 0.33}}, {"type": "Feature", "geometry": {"type": "Point", "coordinates": [73.861732, 18.446106]}, "properties": {"depth": 4.2}}, {"type": "Feature", "geometry": {"type": "Point", "coordinates": [73.861793, 18.446129]}, "properties": {"depth": 4.2}}, {"type": "Feature", "geometry": {"type": "Point", "coordinates": [73.861401, 18.446142]}, "properties": {"depth": 0.33}}, {"type": "Feature", "geometry": {"type": "Point", "coordinates": [73.8615, 18.446152]}, "properties": {"depth": 0.33}}, {"type": "Feature", "geometry": {"type": "Point", "coordinates": [73.861625, 18.44617]}, "properties": {"depth": 4.2}}, {"type": "Feature", "geometry": {"type": "Point", "coordinates": [73.861716, 18.446187]}, "properties": {"depth": 4.2}}, {"type": "Feature", "geometry": {"type": "Point", "coordinates": [73.861411, 18.446186]}, "properties": {"depth": 0.33}}, {"type": "Feature", "geometry": {"type": "Point", "coordinates": [73.861485, 18.446192]}, "properties": {"depth": 0.33}}, {"type": "Feature", "geometry": {"type": "Point", "coordinates": [73.861476, 18.446228]}, "properties": {"depth": 0.33}}, {"type": "Feature", "geometry": {"type": "Point", "coordinates": [73.861698, 18.446234]}, "properties": {"depth": 4.2}}, {"type": "Feature", "geometry": {"type": "Point", "coordinates": [73.861609, 18.446257]}, "properties": {"depth": 3.53}}, {"type": "Feature", "geometry": {"type": "Point", "coordinates": [73.861679, 18.446274]}, "properties": {"depth": 3.53}}, {"type": "Feature", "geometry": {"type": "Point", "coordinates": [73.86145, 18.446301]}, "properties": {"depth": 0.78}}, {"type": "Feature", "geometry": {"type": "Point", "coordinates": [73.861592, 18.446334]}, "properties": {"depth": 3.53}}, {"type": "Feature", "geometry": {"type": "Point", "coordinates": [73.861395, 18.446402]}, "properties": {"depth": 0.78}}, {"type": "Feature", "geometry": {"type": "Point", "coordinates": [73.861422, 18.446536]}, "properties": {"depth": 0.19}}, {"type": "Feature", "geometry": {"type": "Point", "coordinates": [73.861415, 18.446574]}, "properties": {"depth": 0.19}}, {"type": "Feature", "geometry": {"type": "Point", "coordinates": [73.861417, 18.446605]}, "properties": {"depth": 0.19}}, {"type": "Feature", "geometry": {"type": "Point", "coordinates": [73.861468, 18.446641]}, "properties": {"depth": 0.19}}, {"type": "Feature", "geometry": {"type": "Point", "coordinates": [73.861621, 18.446702]}, "properties": {"depth": 4.55}}, {"type": "Feature", "geometry": {"type": "Point", "coordinates": [73.861502, 18.446791]}, "properties": {"depth": 0.19}}, {"type": "Feature", "geometry": {"type": "Point", "coordinates": [73.861427, 18.446859]}, "properties": {"depth": 0.95}}, {"type": "Feature", "geometry": {"type": "Point", "coordinates": [73.861551, 18.446877]}, "properties": {"depth": 6.77}}, {"type": "Feature", "geometry": {"type": "Point", "coordinates": [73.861371, 18.446699]}, "properties": {"depth": 0.19}}, {"type": "Feature", "geometry": {"type": "Point", "coordinates": [73.861272, 18.446707]}, "properties": {"depth": 0.19}}, {"type": "Feature", "geometry": {"type": "Point", "coordinates": [73.861365, 18.446795]}, "properties": {"depth": 0.19}}, {"type": "Feature", "geometry": {"type": "Point", "coordinates": [73.861215, 18.446841]}, "properties": {"depth": 0.99}}, {"type": "Feature", "geometry": {"type": "Point", "coordinates": [73.861342, 18.446847]}, "properties": {"depth": 0.95}}, {"type": "Feature", "geometry": {"type": "Point", "coordinates": [73.861264, 18.446851]}, "properties": {"depth": 0.95}}, {"type": "Feature", "geometry": {"type": "Point", "coordinates": [73.861339, 18.446888]}, "properties": {"depth": 0.95}}, {"type": "Feature", "geometry": {"type": "Point", "coordinates": [73.861244, 18.446918]}, "properties": {"depth": 0.99}}, {"type": "Feature", "geometry": {"type": "Point", "coordinates": [73.861193, 18.446957]}, "properties": {"depth": 0.99}}, {"type": "Feature", "geometry": {"type": "Point", "coordinates": [73.861259, 18.446976]}, "properties": {"depth": 0.95}}, {"type": "Feature", "geometry": {"type": "Point", "coordinates": [73.861296, 18.446982]}, "properties": {"depth": 0.95}}, {"type": "Feature", "geometry": {"type": "Point", "coordinates": [73.86133, 18.446989]}, "properties": {"depth": 0.95}}, {"type": "Feature", "geometry": {"type": "Point", "coordinates": [73.861583, 18.44693]}, "properties": {"depth": 6.77}}, {"type": "Feature", "geometry": {"type": "Point", "coordinates": [73.86146, 18.446931]}, "properties": {"depth": 0.95}}, {"type": "Feature", "geometry": {"type": "Point", "coordinates": [73.861733, 18.446968]}, "properties": {"depth": 6.77}}, {"type": "Feature", "geometry": {"type": "Point", "coordinates": [73.861527, 18.447025]}, "properties": {"depth": 0.95}}, {"type": "Feature", "geometry": {"type": "Point", "coordinates": [73.861617, 18.447032]}, "properties": {"depth": 6.77}}, {"type": "Feature", "geometry": {"type": "Point", "coordinates": [73.861411, 18.447075]}, "properties": {"depth": 0.95}}, {"type": "Feature", "geometry": {"type": "Point", "coordinates": [73.86148, 18.447102]}, "properties": {"depth": 3.98}}, {"type": "Feature", "geometry": {"type": "Point", "coordinates": [73.861785, 18.447105]}, "properties": {"depth": 6.52}}, {"type": "Feature", "geometry": {"type": "Point", "coordinates": [73.861535, 18.44711]}, "properties": {"depth": 6.52}}, {"type": "Feature", "geometry": {"type": "Point", "coordinates": [73.86158, 18.447118]}, "properties": {"depth": 6.52}}, {"type": "Feature", "geometry": {"type": "Point", "coordinates": [73.861629, 18.447131]}, "properties": {"depth": 6.52}}, {"type": "Feature", "geometry": {"type": "Point", "coordinates": [73.861403, 18.447182]}, "properties": {"depth": 3.98}}, {"type": "Feature", "geometry": {"type": "Point", "coordinates": [73.861523, 18.447209]}, "properties": {"depth": 3.98}}, {"type": "Feature", "geometry": {"type": "Point", "coordinates": [73.861638, 18.44724]}, "properties": {"depth": 6.52}}, {"type": "Feature", "geometry": {"type": "Point", "coordinates": [73.861768, 18.447258]}, "properties": {"depth": 6.52}}, {"type": "Feature", "geometry": {"type": "Point", "coordinates": [73.861466, 18.447292]}, "properties": {"depth": 3.98}}, {"type": "Feature", "geometry": {"type": "Point", "coordinates": [73.861634, 18.447326]}, "properties": {"depth": 6.52}}, {"type": "Feature", "geometry": {"type": "Point", "coordinates": [73.861798, 18.447387]}, "properties": {"depth": 5.58}}, {"type": "Feature", "geometry": {"type": "Point", "coordinates": [73.861485, 18.447389]}, "properties": {"depth": 3.85}}, {"type": "Feature", "geometry": {"type": "Point", "coordinates": [73.861558, 18.447402]}, "properties": {"depth": 5.58}}, {"type": "Feature", "geometry": {"type": "Point", "coordinates": [73.861322, 18.44736]}, "properties": {"depth": 3.98}}, {"type": "Feature", "geometry": {"type": "Point", "coordinates": [73.860906, 18.447381]}, "properties": {"depth": 0.47}}, {"type": "Feature", "geometry": {"type": "Point", "coordinates": [73.860825, 18.447388]}, "properties": {"depth": 0.47}}, {"type": "Feature", "geometry": {"type": "Point", "coordinates": [73.861002, 18.447402]}, "properties": {"depth": 1.62}}, {"type": "Feature", "geometry": {"type": "Point", "coordinates": [73.861069, 18.447411]}, "properties": {"depth": 1.62}}, {"type": "Feature", "geometry": {"type": "Point", "coordinates": [73.861126, 18.447426]}, "properties": {"depth": 1.62}}, {"type": "Feature", "geometry": {"type": "Point", "coordinates": [73.861179, 18.447435]}, "properties": {"depth": 1.62}}, {"type": "Feature", "geometry": {"type": "Point", "coordinates": [73.861269, 18.447452]}, "properties": {"depth": 3.85}}, {"type": "Feature", "geometry": {"type": "Point", "coordinates": [73.861681, 18.447424]}, "properties": {"depth": 5.58}}, {"type": "Feature", "geometry": {"type": "Point", "coordinates": [73.86179, 18.447446]}, "properties": {"depth": 5.58}}, {"type": "Feature", "geometry": {"type": "Point", "coordinates": [73.861473, 18.447474]}, "properties": {"depth": 3.85}}, {"type": "Feature", "geometry": {"type": "Point", "coordinates": [73.86155, 18.447482]}, "properties": {"depth": 5.58}}, {"type": "Feature", "geometry": {"type": "Point", "coordinates": [73.861654, 18.447503]}, "properties": {"depth": 5.58}}, {"type": "Feature", "geometry": {"type": "Point", "coordinates": [73.861781, 18.447507]}, "properties": {"depth": 5.58}}, {"type": "Feature", "geometry": {"type": "Point", "coordinates": [73.861827, 18.447508]}, "properties": {"depth": 7.51}}, {"type": "Feature", "geometry": {"type": "Point", "coordinates": [73.861999, 18.457667]}, "properties": {"depth": 6.38}}, {"type": "Feature", "geometry": {"type": "Point", "coordinates": [73.862754, 18.457371]}, "properties": {"depth": 6.62}}, {"type": "Feature", "geometry": {"type": "Point", "coordinates": [73.863201, 18.457702]}, "properties": {"depth": 3.2}}, {"type": "Feature", "geometry": {"type": "Point", "coordinates": [73.862582, 18.457977]}, "properties": {"depth": 8.48}}, {"type": "Feature", "geometry": {"type": "Point", "coordinates": [73.863311, 18.458046]}, "properties": {"depth": 3.11}}, {"type": "Feature", "geometry": {"type": "Point", "coordinates": [73.917709, 18.43323]}, "properties": {"depth": 1.83}}, {"type": "Feature", "geometry": {"type": "Point", "coordinates": [73.917888, 18.433309]}, "properties": {"depth": 1.83}}, {"type": "Feature", "geometry": {"type": "Point", "coordinates": [73.861342, 18.447071]}, "properties": {"depth": 0.95}}, {"type": "Feature", "geometry": {"type": "Point", "coordinates": [73.861032, 18.44709]}, "properties": {"depth": 2.39}}, {"type": "Feature", "geometry": {"type": "Point", "coordinates": [73.861148, 18.447121]}, "properties": {"depth": 2.39}}, {"type": "Feature", "geometry": {"type": "Point", "coordinates": [73.861254, 18.447153]}, "properties": {"depth": 3.98}}, {"type": "Feature", "geometry": {"type": "Point", "coordinates": [73.861311, 18.447162]}, "properties": {"depth": 3.98}}, {"type": "Feature", "geometry": {"type": "Point", "coordinates": [73.861032, 18.447167]}, "properties": {"depth": 2.39}}, {"type": "Feature", "geometry": {"type": "Point", "coordinates": [73.861161, 18.447202]}, "properties": {"depth": 2.39}}, {"type": "Feature", "geometry": {"type": "Point", "coordinates": [73.861321, 18.44723]}, "properties": {"depth": 3.98}}, {"type": "Feature", "geometry": {"type": "Point", "coordinates": [73.861003, 18.447238]}, "properties": {"depth": 2.39}}, {"type": "Feature", "geometry": {"type": "Point", "coordinates": [73.860999, 18.447316]}, "properties": {"depth": 2.39}}, {"type": "Feature", "geometry": {"type": "Point", "coordinates": [73.86106, 18.447319]}, "properties": {"depth": 2.39}}, {"type": "Feature", "geometry": {"type": "Point", "coordinates": [73.861179, 18.44734]}, "properties": {"depth": 2.39}}, {"type": "Feature", "geometry": {"type": "Point", "coordinates": [73.861131, 18.447343]}, "properties": {"depth": 2.39}}, {"type": "Feature", "geometry": {"type": "Point", "coordinates": [73.865054, 18.457205]}, "properties": {"depth": 0.62}}, {"type": "Feature", "geometry": {"type": "Point", "coordinates": [73.865059, 18.457245]}, "properties": {"depth": 0.62}}, {"type": "Feature", "geometry": {"type": "Point", "coordinates": [73.865113, 18.457251]}, "properties": {"depth": 0.62}}, {"type": "Feature", "geometry": {"type": "Point", "coordinates": [73.865061, 18.45728]}, "properties": {"depth": 0.62}}, {"type": "Feature", "geometry": {"type": "Point", "coordinates": [73.865109, 18.457325]}, "properties": {"depth": 0.62}}, {"type": "Feature", "geometry": {"type": "Point", "coordinates": [73.863375, 18.45737]}, "properties": {"depth": 1.67}}, {"type": "Feature", "geometry": {"type": "Point", "coordinates": [73.864548, 18.4575]}, "properties": {"depth": 0.62}}, {"type": "Feature", "geometry": {"type": "Point", "coordinates": [73.864447, 18.457563]}, "properties": {"depth": 0.62}}, {"type": "Feature", "geometry": {"type": "Point", "coordinates": [73.864311, 18.457811]}, "properties": {"depth": 1.01}}, {"type": "Feature", "geometry": {"type": "Point", "coordinates": [73.863816, 18.45839]}, "properties": {"depth": 0.0}}, {"type": "Feature", "geometry": {"type": "Point", "coordinates": [73.864656, 18.458701]}, "properties": {"depth": 2.83}}, {"type": "Feature", "geometry": {"type": "Point", "coordinates": [73.863028, 18.458292]}, "properties": {"depth": 0.42}}, {"type": "Feature", "geometry": {"type": "Point", "coordinates": [73.86227, 18.458431]}, "properties": {"depth": 9.04}}, {"type": "Feature", "geometry": {"type": "Point", "coordinates": [73.863016, 18.45861]}, "properties": {"depth": 1.53}}, {"type": "Feature", "geometry": {"type": "Point", "coordinates": [73.863039, 18.458901]}, "properties": {"depth": 10.24}}, {"type": "Feature", "geometry": {"type": "Point", "coordinates": [73.862499, 18.459007]}, "properties": {"depth": 3.6}}, {"type": "Feature", "geometry": {"type": "Point", "coordinates": [73.862562, 18.459259]}, "properties": {"depth": 3.59}}, {"type": "Feature", "geometry": {"type": "Point", "coordinates": [73.862538, 18.45967]}, "properties": {"depth": 3.54}}, {"type": "Feature", "geometry": {"type": "Point", "coordinates": [73.862378, 18.459676]}, "properties": {"depth": 3.54}}, {"type": "Feature", "geometry": {"type": "Point", "coordinates": [73.863048, 18.459856]}, "properties": {"depth": 10.16}}, {"type": "Feature", "geometry": {"type": "Point", "coordinates": [73.863835, 18.458702]}, "properties": {"depth": 1.42}}, {"type": "Feature", "geometry": {"type": "Point", "coordinates": [73.864601, 18.458934]}, "properties": {"depth": 4.49}}, {"type": "Feature", "geometry": {"type": "Point", "coordinates": [73.863652, 18.459]}, "properties": {"depth": 2.69}}, {"type": "Feature", "geometry": {"type": "Point", "coordinates": [73.863369, 18.459025]}, "properties": {"depth": 4.76}}, {"type": "Feature", "geometry": {"type": "Point", "coordinates": [73.863903, 18.459249]}, "properties": {"depth": 5.55}}, {"type": "Feature", "geometry": {"type": "Point", "coordinates": [73.864387, 18.459904]}, "properties": {"depth": 1.17}}, {"type": "Feature", "geometry": {"type": "Point", "coordinates": [73.864151, 18.459989]}, "properties": {"depth": 1.85}}, {"type": "Feature", "geometry": {"type": "Point", "coordinates": [73.864584, 18.46001]}, "properties": {"depth": 0.13}}, {"type": "Feature", "geometry": {"type": "Point", "coordinates": [73.863728, 18.460009]}, "properties": {"depth": 0.91}}, {"type": "Feature", "geometry": {"type": "Point", "coordinates": [73.862795, 18.459878]}, "properties": {"depth": 5.63}}, {"type": "Feature", "geometry": {"type": "Point", "coordinates": [73.862641, 18.459908]}, "properties": {"depth": 5.63}}, {"type": "Feature", "geometry": {"type": "Point", "coordinates": [73.862404, 18.459958]}, "properties": {"depth": 1.83}}, {"type": "Feature", "geometry": {"type": "Point", "coordinates": [73.862735, 18.46012]}, "properties": {"depth": 5.63}}, {"type": "Feature", "geometry": {"type": "Point", "coordinates": [73.862423, 18.460126]}, "properties": {"depth": 1.83}}, {"type": "Feature", "geometry": {"type": "Point", "coordinates": [73.862937, 18.460317]}, "properties": {"depth": 1.72}}, {"type": "Feature", "geometry": {"type": "Point", "coordinates": [73.862671, 18.460342]}, "properties": {"depth": 1.7}}, {"type": "Feature", "geometry": {"type": "Point", "coordinates": [73.862397, 18.4604]}, "properties": {"depth": 0.4}}, {"type": "Feature", "geometry": {"type": "Point", "coordinates": [73.86269, 18.460575]}, "properties": {"depth": 2.77}}, {"type": "Feature", "geometry": {"type": "Point", "coordinates": [73.862381, 18.460592]}, "properties": {"depth": 0.67}}, {"type": "Feature", "geometry": {"type": "Point", "coordinates": [73.863172, 18.460636]}, "properties": {"depth": 6.75}}, {"type": "Feature", "geometry": {"type": "Point", "coordinates": [73.864851, 18.458119]}, "properties": {"depth": 3.38}}, {"type": "Feature", "geometry": {"type": "Point", "coordinates": [73.864848, 18.458264]}, "properties": {"depth": 3.29}}, {"type": "Feature", "geometry": {"type": "Point", "coordinates": [73.864816, 18.45856]}, "properties": {"depth": 2.83}}, {"type": "Feature", "geometry": {"type": "Point", "coordinates": [73.966945, 18.48603]}, "properties": {"depth": 0.27}}, {"type": "Feature", "geometry": {"type": "Point", "coordinates": [73.92526, 18.498202]}, "properties": {"depth": 0.43}}, {"type": "Feature", "geometry": {"type": "Point", "coordinates": [73.925963, 18.498236]}, "properties": {"depth": 0.56}}, {"type": "Feature", "geometry": {"type": "Point", "coordinates": [73.925861, 18.498314]}, "properties": {"depth": 0.56}}, {"type": "Feature", "geometry": {"type": "Point", "coordinates": [73.925837, 18.498411]}, "properties": {"depth": 0.56}}, {"type": "Feature", "geometry": {"type": "Point", "coordinates": [73.92595, 18.498419]}, "properties": {"depth": 0.56}}, {"type": "Feature", "geometry": {"type": "Point", "coordinates": [73.925254, 18.498413]}, "properties": {"depth": 0.43}}, {"type": "Feature", "geometry": {"type": "Point", "coordinates": [73.924903, 18.49909]}, "properties": {"depth": 1.41}}, {"type": "Feature", "geometry": {"type": "Point", "coordinates": [73.924965, 18.499413]}, "properties": {"depth": 0.8}}, {"type": "Feature", "geometry": {"type": "Point", "coordinates": [73.924391, 18.500159]}, "properties": {"depth": 2.41}}, {"type": "Feature", "geometry": {"type": "Point", "coordinates": [73.9247, 18.500277]}, "properties": {"depth": 1.99}}, {"type": "Feature", "geometry": {"type": "Point", "coordinates": [73.924769, 18.500805]}, "properties": {"depth": 0.16}}, {"type": "Feature", "geometry": {"type": "Point", "coordinates": [73.926557, 18.498493]}, "properties": {"depth": 0.03}}, {"type": "Feature", "geometry": {"type": "Point", "coordinates": [73.924198, 18.501711]}, "properties": {"depth": 0.99}}, {"type": "Feature", "geometry": {"type": "Point", "coordinates": [73.925237, 18.501949]}, "properties": {"depth": 1.4}}, {"type": "Feature", "geometry": {"type": "Point", "coordinates": [73.92435, 18.501987]}, "properties": {"depth": 1.11}}, {"type": "Feature", "geometry": {"type": "Point", "coordinates": [73.924337, 18.502105]}, "properties": {"depth": 1.18}}, {"type": "Feature", "geometry": {"type": "Point", "coordinates": [73.92773, 18.500349]}, "properties": {"depth": 4.28}}, {"type": "Feature", "geometry": {"type": "Point", "coordinates": [73.927945, 18.502887]}, "properties": {"depth": 3.19}}, {"type": "Feature", "geometry": {"type": "Point", "coordinates": [73.927211, 18.502933]}, "properties": {"depth": 1.44}}, {"type": "Feature", "geometry": {"type": "Point", "coordinates": [73.927276, 18.503625]}, "properties": {"depth": 1.37}}, {"type": "Feature", "geometry": {"type": "Point", "coordinates": [73.928352, 18.503012]}, "properties": {"depth": 3.86}}, {"type": "Feature", "geometry": {"type": "Point", "coordinates": [73.927253, 18.50408]}, "properties": {"depth": 1.99}}, {"type": "Feature", "geometry": {"type": "Point", "coordinates": [73.906703, 18.499188]}, "properties": {"depth": 0.65}}, {"type": "Feature", "geometry": {"type": "Point", "coordinates": [73.906566, 18.49919]}, "properties": {"depth": 0.65}}, {"type": "Feature", "geometry": {"type": "Point", "coordinates": [73.907057, 18.499532]}, "properties": {"depth": 1.43}}, {"type": "Feature", "geometry": {"type": "Point", "coordinates": [73.906895, 18.499548]}, "properties": {"depth": 1.43}}, {"type": "Feature", "geometry": {"type": "Point", "coordinates": [73.906729, 18.499557]}, "properties": {"depth": 0.59}}, {"type": "Feature", "geometry": {"type": "Point", "coordinates": [73.90642, 18.499563]}, "properties": {"depth": 0.84}}, {"type": "Feature", "geometry": {"type": "Point", "coordinates": [73.906571, 18.49957]}, "properties": {"depth": 0.59}}, {"type": "Feature", "geometry": {"type": "Point", "coordinates": [73.906695, 18.500027]}, "properties": {"depth": 2.26}}, {"type": "Feature", "geometry": {"type": "Point", "coordinates": [73.907178, 18.500426]}, "properties": {"depth": 0.88}}, {"type": "Feature", "geometry": {"type": "Point", "coordinates": [73.906978, 18.500459]}, "properties": {"depth": 2.19}}, {"type": "Feature", "geometry": {"type": "Point", "coordinates": [73.906817, 18.500468]}, "properties": {"depth": 2.19}}, {"type": "Feature", "geometry": {"type": "Point", "coordinates": [73.90665, 18.500478]}, "properties": {"depth": 2.31}}, {"type": "Feature", "geometry": {"type": "Point", "coordinates": [73.907389, 18.50049]}, "properties": {"depth": 2.54}}, {"type": "Feature", "geometry": {"type": "Point", "coordinates": [73.907689, 18.500886]}, "properties": {"depth": 3.16}}, {"type": "Feature", "geometry": {"type": "Point", "coordinates": [73.90738, 18.501089]}, "properties": {"depth": 2.14}}, {"type": "Feature", "geometry": {"type": "Point", "coordinates": [73.908094, 18.502848]}, "properties": {"depth": 5.17}}, {"type": "Feature", "geometry": {"type": "Point", "coordinates": [73.908575, 18.502931]}, "properties": {"depth": 3.61}}, {"type": "Feature", "geometry": {"type": "Point", "coordinates": [73.908082, 18.502947]}, "properties": {"depth": 6.32}}, {"type": "Feature", "geometry": {"type": "Point", "coordinates": [73.907659, 18.502958]}, "properties": {"depth": 5.18}}, {"type": "Feature", "geometry": {"type": "Point", "coordinates": [73.909798, 18.503335]}, "properties": {"depth": 1.24}}, {"type": "Feature", "geometry": {"type": "Point", "coordinates": [73.909351, 18.503442]}, "properties": {"depth": 2.34}}, {"type": "Feature", "geometry": {"type": "Point", "coordinates": [73.908051, 18.503081]}, "properties": {"depth": 6.32}}, {"type": "Feature", "geometry": {"type": "Point", "coordinates": [73.909003, 18.503245]}, "properties": {"depth": 4.07}}, {"type": "Feature", "geometry": {"type": "Point", "coordinates": [73.90806, 18.503442]}, "properties": {"depth": 6.41}}, {"type": "Feature", "geometry": {"type": "Point", "coordinates": [73.908676, 18.503467]}, "properties": {"depth": 3.42}}, {"type": "Feature", "geometry": {"type": "Point", "coordinates": [73.908597, 18.503805]}, "properties": {"depth": 5.28}}, {"type": "Feature", "geometry": {"type": "Point", "coordinates": [73.907769, 18.503925]}, "properties": {"depth": 8.11}}, {"type": "Feature", "geometry": {"type": "Point", "coordinates": [73.90798, 18.504011]}, "properties": {"depth": 7.78}}, {"type": "Feature", "geometry": {"type": "Point", "coordinates": [73.907781, 18.504134]}, "properties": {"depth": 4.51}}, {"type": "Feature", "geometry": {"type": "Point", "coordinates": [73.907772, 18.504362]}, "properties": {"depth": 3.74}}, {"type": "Feature", "geometry": {"type": "Point", "coordinates": [73.907918, 18.504373]}, "properties": {"depth": 2.89}}, {"type": "Feature", "geometry": {"type": "Point", "coordinates": [73.905773, 18.500483]}, "properties": {"depth": 3.56}}, {"type": "Feature", "geometry": {"type": "Point", "coordinates": [73.906501, 18.500489]}, "properties": {"depth": 3.28}}, {"type": "Feature", "geometry": {"type": "Point", "coordinates": [73.906354, 18.500497]}, "properties": {"depth": 3.28}}, {"type": "Feature", "geometry": {"type": "Point", "coordinates": [73.906207, 18.500509]}, "properties": {"depth": 3.71}}, {"type": "Feature", "geometry": {"type": "Point", "coordinates": [73.906062, 18.500527]}, "properties": {"depth": 3.71}}, {"type": "Feature", "geometry": {"type": "Point", "coordinates": [73.907022, 18.501063]}, "properties": {"depth": 3.51}}, {"type": "Feature", "geometry": {"type": "Point", "coordinates": [73.905827, 18.501059]}, "properties": {"depth": 4.45}}, {"type": "Feature", "geometry": {"type": "Point", "coordinates": [73.907192, 18.501098]}, "properties": {"depth": 0.53}}, {"type": "Feature", "geometry": {"type": "Point", "coordinates": [73.90687, 18.501129]}, "properties": {"depth": 3.51}}, {"type": "Feature", "geometry": {"type": "Point", "coordinates": [73.906123, 18.501158]}, "properties": {"depth": 4.31}}, {"type": "Feature", "geometry": {"type": "Point", "coordinates": [73.906417, 18.50127]}, "properties": {"depth": 1.42}}, {"type": "Feature", "geometry": {"type": "Point", "coordinates": [73.905568, 18.501308]}, "properties": {"depth": 5.45}}, {"type": "Feature", "geometry": {"type": "Point", "coordinates": [73.905851, 18.501579]}, "properties": {"depth": 2.69}}, {"type": "Feature", "geometry": {"type": "Point", "coordinates": [73.907325, 18.501648]}, "properties": {"depth": 6.25}}, {"type": "Feature", "geometry": {"type": "Point", "coordinates": [73.907219, 18.501663]}, "properties": {"depth": 6.25}}, {"type": "Feature", "geometry": {"type": "Point", "coordinates": [73.907015, 18.50168]}, "properties": {"depth": 2.78}}, {"type": "Feature", "geometry": {"type": "Point", "coordinates": [73.905629, 18.501819]}, "properties": {"depth": 3.38}}, {"type": "Feature", "geometry": {"type": "Point", "coordinates": [73.906882, 18.501955]}, "properties": {"depth": 6.2}}, {"type": "Feature", "geometry": {"type": "Point", "coordinates": [73.907265, 18.501971]}, "properties": {"depth": 5.29}}, {"type": "Feature", "geometry": {"type": "Point", "coordinates": [73.906922, 18.503368]}, "properties": {"depth": 7.52}}, {"type": "Feature", "geometry": {"type": "Point", "coordinates": [73.902379, 18.501579]}, "properties": {"depth": 0.91}}, {"type": "Feature", "geometry": {"type": "Point", "coordinates": [73.903808, 18.503827]}, "properties": {"depth": 3.47}}, {"type": "Feature", "geometry": {"type": "Point", "coordinates": [73.905321, 18.499686]}, "properties": {"depth": 2.89}}, {"type": "Feature", "geometry": {"type": "Point", "coordinates": [73.905365, 18.500435]}, "properties": {"depth": 0.84}}, {"type": "Feature", "geometry": {"type": "Point", "coordinates": [73.905388, 18.500724]}, "properties": {"depth": 1.94}}, {"type": "Feature", "geometry": {"type": "Point", "coordinates": [73.905336, 18.501308]}, "properties": {"depth": 6.26}}, {"type": "Feature", "geometry": {"type": "Point", "coordinates": [73.905378, 18.501784]}, "properties": {"depth": 6.42}}, {"type": "Feature", "geometry": {"type": "Point", "coordinates": [73.904351, 18.506165]}, "properties": {"depth": 3.63}}, {"type": "Feature", "geometry": {"type": "Point", "coordinates": [73.908563, 18.504389]}, "properties": {"depth": 3.73}}, {"type": "Feature", "geometry": {"type": "Point", "coordinates": [73.906934, 18.503505]}, "properties": {"depth": 7.93}}, {"type": "Feature", "geometry": {"type": "Point", "coordinates": [73.907084, 18.50374]}, "properties": {"depth": 7.45}}, {"type": "Feature", "geometry": {"type": "Point", "coordinates": [73.92556, 18.502615]}, "properties": {"depth": 2.58}}, {"type": "Feature", "geometry": {"type": "Point", "coordinates": [73.927808, 18.516319]}, "properties": {"depth": 0.2}}, {"type": "Feature", "geometry": {"type": "Point", "coordinates": [73.92759, 18.517145]}, "properties": {"depth": 0.71}}, {"type": "Feature", "geometry": {"type": "Point", "coordinates": [73.927431, 18.51769]}, "properties": {"depth": 0.22}}, {"type": "Feature", "geometry": {"type": "Point", "coordinates": [73.927437, 18.518292]}, "properties": {"depth": 0.38}}, {"type": "Feature", "geometry": {"type": "Point", "coordinates": [73.923877, 18.518156]}, "properties": {"depth": 3.61}}, {"type": "Feature", "geometry": {"type": "Point", "coordinates": [73.924084, 18.518655]}, "properties": {"depth": 2.11}}, {"type": "Feature", "geometry": {"type": "Point", "coordinates": [73.924098, 18.519008]}, "properties": {"depth": 2.08}}, {"type": "Feature", "geometry": {"type": "Point", "coordinates": [73.926649, 18.517786]}, "properties": {"depth": 1.72}}, {"type": "Feature", "geometry": {"type": "Point", "coordinates": [73.92666, 18.517922]}, "properties": {"depth": 3.41}}, {"type": "Feature", "geometry": {"type": "Point", "coordinates": [73.926663, 18.518067]}, "properties": {"depth": 3.41}}, {"type": "Feature", "geometry": {"type": "Point", "coordinates": [73.926223, 18.518066]}, "properties": {"depth": 3.73}}, {"type": "Feature", "geometry": {"type": "Point", "coordinates": [73.926683, 18.518198]}, "properties": {"depth": 7.23}}, {"type": "Feature", "geometry": {"type": "Point", "coordinates": [73.926751, 18.51842]}, "properties": {"depth": 7.23}}, {"type": "Feature", "geometry": {"type": "Point", "coordinates": [73.926048, 18.51866]}, "properties": {"depth": 2.37}}, {"type": "Feature", "geometry": {"type": "Point", "coordinates": [73.926789, 18.518959]}, "properties": {"depth": 1.12}}, {"type": "Feature", "geometry": {"type": "Point", "coordinates": [73.925225, 18.519569]}, "properties": {"depth": 2.91}}, {"type": "Feature", "geometry": {"type": "Point", "coordinates": [73.924184, 18.519658]}, "properties": {"depth": 4.74}}, {"type": "Feature", "geometry": {"type": "Point", "coordinates": [73.924942, 18.519787]}, "properties": {"depth": 7.4}}, {"type": "Feature", "geometry": {"type": "Point", "coordinates": [73.925487, 18.519848]}, "properties": {"depth": 6.56}}, {"type": "Feature", "geometry": {"type": "Point", "coordinates": [73.924843, 18.520697]}, "properties": {"depth": 3.58}}, {"type": "Feature", "geometry": {"type": "Point", "coordinates": [73.927017, 18.519258]}, "properties": {"depth": 3.03}}, {"type": "Feature", "geometry": {"type": "Point", "coordinates": [73.92599, 18.519626]}, "properties": {"depth": 5.48}}, {"type": "Feature", "geometry": {"type": "Point", "coordinates": [73.926311, 18.519708]}, "properties": {"depth": 8.25}}, {"type": "Feature", "geometry": {"type": "Point", "coordinates": [73.926144, 18.519729]}, "properties": {"depth": 5.48}}, {"type": "Feature", "geometry": {"type": "Point", "coordinates": [73.926872, 18.51978]}, "properties": {"depth": 5.33}}, {"type": "Feature", "geometry": {"type": "Point", "coordinates": [73.925966, 18.519888]}, "properties": {"depth": 4.98}}, {"type": "Feature", "geometry": {"type": "Point", "coordinates": [73.926771, 18.520521]}, "properties": {"depth": 4.12}}, {"type": "Feature", "geometry": {"type": "Point", "coordinates": [73.925809, 18.520935]}, "properties": {"depth": 0.77}}, {"type": "Feature", "geometry": {"type": "Point", "coordinates": [73.926269, 18.521058]}, "properties": {"depth": 2.29}}, {"type": "Feature", "geometry": {"type": "Point", "coordinates": [73.926005, 18.521444]}, "properties": {"depth": 2.82}}, {"type": "Feature", "geometry": {"type": "Point", "coordinates": [73.926462, 18.521459]}, "properties": {"depth": 5.11}}, {"type": "Feature", "geometry": {"type": "Point", "coordinates": [73.92692, 18.521823]}, "properties": {"depth": 3.48}}, {"type": "Feature", "geometry": {"type": "Point", "coordinates": [73.926363, 18.522153]}, "properties": {"depth": 4.25}}, {"type": "Feature", "geometry": {"type": "Point", "coordinates": [73.925703, 18.52221]}, "properties": {"depth": 7.81}}, {"type": "Feature", "geometry": {"type": "Point", "coordinates": [73.926528, 18.522216]}, "properties": {"depth": 4.44}}, {"type": "Feature", "geometry": {"type": "Point", "coordinates": [73.926373, 18.522552]}, "properties": {"depth": 5.83}}, {"type": "Feature", "geometry": {"type": "Point", "coordinates": [73.926471, 18.522568]}, "properties": {"depth": 5.83}}, {"type": "Feature", "geometry": {"type": "Point", "coordinates": [73.926139, 18.52304]}, "properties": {"depth": 7.69}}, {"type": "Feature", "geometry": {"type": "Point", "coordinates": [73.92456, 18.520972]}, "properties": {"depth": 4.83}}, {"type": "Feature", "geometry": {"type": "Point", "coordinates": [73.924691, 18.521106]}, "properties": {"depth": 8.32}}, {"type": "Feature", "geometry": {"type": "Point", "coordinates": [73.924928, 18.521179]}, "properties": {"depth": 2.95}}, {"type": "Feature", "geometry": {"type": "Point", "coordinates": [73.925417, 18.52129]}, "properties": {"depth": 3.31}}, {"type": "Feature", "geometry": {"type": "Point", "coordinates": [73.924463, 18.521368]}, "properties": {"depth": 5.1}}, {"type": "Feature", "geometry": {"type": "Point", "coordinates": [73.925334, 18.521645]}, "properties": {"depth": 5.08}}, {"type": "Feature", "geometry": {"type": "Point", "coordinates": [73.924801, 18.52259]}, "properties": {"depth": 6.69}}, {"type": "Feature", "geometry": {"type": "Point", "coordinates": [73.923624, 18.520497]}, "properties": {"depth": 5.1}}, {"type": "Feature", "geometry": {"type": "Point", "coordinates": [73.923155, 18.520496]}, "properties": {"depth": 3.32}}, {"type": "Feature", "geometry": {"type": "Point", "coordinates": [73.923812, 18.521125]}, "properties": {"depth": 5.85}}, {"type": "Feature", "geometry": {"type": "Point", "coordinates": [73.922995, 18.521349]}, "properties": {"depth": 4.21}}, {"type": "Feature", "geometry": {"type": "Point", "coordinates": [73.922454, 18.521609]}, "properties": {"depth": 1.93}}, {"type": "Feature", "geometry": {"type": "Point", "coordinates": [73.926301, 18.523055]}, "properties": {"depth": 5.88}}, {"type": "Feature", "geometry": {"type": "Point", "coordinates": [73.926207, 18.523292]}, "properties": {"depth": 7.31}}, {"type": "Feature", "geometry": {"type": "Point", "coordinates": [73.926412, 18.523295]}, "properties": {"depth": 7.1}}, {"type": "Feature", "geometry": {"type": "Point", "coordinates": [73.926031, 18.524196]}, "properties": {"depth": 3.98}}, {"type": "Feature", "geometry": {"type": "Point", "coordinates": [73.926009, 18.524298]}, "properties": {"depth": 3.98}}, {"type": "Feature", "geometry": {"type": "Point", "coordinates": [73.928427, 18.518874]}, "properties": {"depth": 4.51}}, {"type": "Feature", "geometry": {"type": "Point", "coordinates": [73.928445, 18.519223]}, "properties": {"depth": 0.3}}, {"type": "Feature", "geometry": {"type": "Point", "coordinates": [73.927626, 18.518926]}, "properties": {"depth": 0.62}}, {"type": "Feature", "geometry": {"type": "Point", "coordinates": [73.927568, 18.519327]}, "properties": {"depth": 2.54}}, {"type": "Feature", "geometry": {"type": "Point", "coordinates": [73.927897, 18.519364]}, "properties": {"depth": 1.39}}, {"type": "Feature", "geometry": {"type": "Point", "coordinates": [73.927267, 18.521887]}, "properties": {"depth": 3.61}}, {"type": "Feature", "geometry": {"type": "Point", "coordinates": [73.927688, 18.522013]}, "properties": {"depth": 3.99}}, {"type": "Feature", "geometry": {"type": "Point", "coordinates": [73.928, 18.522139]}, "properties": {"depth": 5.49}}, {"type": "Feature", "geometry": {"type": "Point", "coordinates": [73.927201, 18.522304]}, "properties": {"depth": 1.53}}, {"type": "Feature", "geometry": {"type": "Point", "coordinates": [73.92853, 18.52228]}, "properties": {"depth": 1.77}}, {"type": "Feature", "geometry": {"type": "Point", "coordinates": [73.922488, 18.517766]}, "properties": {"depth": 0.27}}, {"type": "Feature", "geometry": {"type": "Point", "coordinates": [73.922431, 18.518002]}, "properties": {"depth": 1.83}}, {"type": "Feature", "geometry": {"type": "Point", "coordinates": [73.923322, 18.51845]}, "properties": {"depth": 0.95}}, {"type": "Feature", "geometry": {"type": "Point", "coordinates": [73.922884, 18.518647]}, "properties": {"depth": 2.46}}, {"type": "Feature", "geometry": {"type": "Point", "coordinates": [73.923341, 18.518853]}, "properties": {"depth": 2.9}}, {"type": "Feature", "geometry": {"type": "Point", "coordinates": [73.923305, 18.520241]}, "properties": {"depth": 3.54}}, {"type": "Feature", "geometry": {"type": "Point", "coordinates": [73.872591, 18.520951]}, "properties": {"depth": 2.35}}, {"type": "Feature", "geometry": {"type": "Point", "coordinates": [73.875266, 18.519333]}, "properties": {"depth": 1.37}}, {"type": "Feature", "geometry": {"type": "Point", "coordinates": [73.873788, 18.520371]}, "properties": {"depth": 0.81}}, {"type": "Feature", "geometry": {"type": "Point", "coordinates": [73.872878, 18.520615]}, "properties": {"depth": 0.97}}, {"type": "Feature", "geometry": {"type": "Point", "coordinates": [73.873187, 18.520857]}, "properties": {"depth": 0.8}}, {"type": "Feature", "geometry": {"type": "Point", "coordinates": [73.873621, 18.521146]}, "properties": {"depth": 1.18}}, {"type": "Feature", "geometry": {"type": "Point", "coordinates": [73.875627, 18.519737]}, "properties": {"depth": 2.73}}, {"type": "Feature", "geometry": {"type": "Point", "coordinates": [73.875075, 18.52102]}, "properties": {"depth": 0.36}}, {"type": "Feature", "geometry": {"type": "Point", "coordinates": [73.874604, 18.519357]}, "properties": {"depth": 2.67}}, {"type": "Feature", "geometry": {"type": "Point", "coordinates": [73.873943, 18.520293]}, "properties": {"depth": 0.81}}, {"type": "Feature", "geometry": {"type": "Point", "coordinates": [73.873441, 18.521246]}, "properties": {"depth": 0.51}}, {"type": "Feature", "geometry": {"type": "Point", "coordinates": [73.875677, 18.522486]}, "properties": {"depth": 0.79}}, {"type": "Feature", "geometry": {"type": "Point", "coordinates": [73.875148, 18.522907]}, "properties": {"depth": 1.62}}, {"type": "Feature", "geometry": {"type": "Point", "coordinates": [73.875018, 18.5231]}, "properties": {"depth": 2.55}}, {"type": "Feature", "geometry": {"type": "Point", "coordinates": [73.851178, 18.500143]}, "properties": {"depth": 3.95}}, {"type": "Feature", "geometry": {"type": "Point", "coordinates": [73.851089, 18.500255]}, "properties": {"depth": 3.95}}, {"type": "Feature", "geometry": {"type": "Point", "coordinates": [73.854022, 18.504452]}, "properties": {"depth": 0.49}}, {"type": "Feature", "geometry": {"type": "Point", "coordinates": [73.853, 18.500875]}, "properties": {"depth": 1.98}}, {"type": "Feature", "geometry": {"type": "Point", "coordinates": [73.85254, 18.502887]}, "properties": {"depth": 3.05}}, {"type": "Feature", "geometry": {"type": "Point", "coordinates": [73.852569, 18.503377]}, "properties": {"depth": 2.01}}, {"type": "Feature", "geometry": {"type": "Point", "coordinates": [73.852687, 18.503961]}, "properties": {"depth": 4.53}}, {"type": "Feature", "geometry": {"type": "Point", "coordinates": [73.853356, 18.504617]}, "properties": {"depth": 1.46}}, {"type": "Feature", "geometry": {"type": "Point", "coordinates": [73.853249, 18.50546]}, "properties": {"depth": 1.59}}, {"type": "Feature", "geometry": {"type": "Point", "coordinates": [73.849961, 18.500373]}, "properties": {"depth": 1.06}}, {"type": "Feature", "geometry": {"type": "Point", "coordinates": [73.849816, 18.500539]}, "properties": {"depth": 1.79}}, {"type": "Feature", "geometry": {"type": "Point", "coordinates": [73.84951, 18.500656]}, "properties": {"depth": 2.4}}, {"type": "Feature", "geometry": {"type": "Point", "coordinates": [73.849666, 18.500785]}, "properties": {"depth": 3.64}}, {"type": "Feature", "geometry": {"type": "Point", "coordinates": [73.849466, 18.500959]}, "properties": {"depth": 0.69}}, {"type": "Feature", "geometry": {"type": "Point", "coordinates": [73.849678, 18.501254]}, "properties": {"depth": 3.22}}, {"type": "Feature", "geometry": {"type": "Point", "coordinates": [73.849557, 18.501312]}, "properties": {"depth": 0.86}}, {"type": "Feature", "geometry": {"type": "Point", "coordinates": [73.850392, 18.500035]}, "properties": {"depth": 1.24}}, {"type": "Feature", "geometry": {"type": "Point", "coordinates": [73.850068, 18.500637]}, "properties": {"depth": 0.73}}, {"type": "Feature", "geometry": {"type": "Point", "coordinates": [73.850525, 18.501174]}, "properties": {"depth": 7.09}}, {"type": "Feature", "geometry": {"type": "Point", "coordinates": [73.850367, 18.501475]}, "properties": {"depth": 5.38}}, {"type": "Feature", "geometry": {"type": "Point", "coordinates": [73.85018, 18.501744]}, "properties": {"depth": 3.4}}, {"type": "Feature", "geometry": {"type": "Point", "coordinates": [73.850611, 18.501819]}, "properties": {"depth": 3.52}}, {"type": "Feature", "geometry": {"type": "Point", "coordinates": [73.850496, 18.502151]}, "properties": {"depth": 0.28}}, {"type": "Feature", "geometry": {"type": "Point", "coordinates": [73.850296, 18.50233]}, "properties": {"depth": 0.3}}, {"type": "Feature", "geometry": {"type": "Point", "coordinates": [73.851832, 18.49852]}, "properties": {"depth": 1.79}}, {"type": "Feature", "geometry": {"type": "Point", "coordinates": [73.852017, 18.502998]}, "properties": {"depth": 0.09}}, {"type": "Feature", "geometry": {"type": "Point", "coordinates": [73.852136, 18.503442]}, "properties": {"depth": 1.37}}, {"type": "Feature", "geometry": {"type": "Point", "coordinates": [73.851937, 18.503453]}, "properties": {"depth": 1.49}}, {"type": "Feature", "geometry": {"type": "Point", "coordinates": [73.849423, 18.501353]}, "properties": {"depth": 0.86}}, {"type": "Feature", "geometry": {"type": "Point", "coordinates": [73.849561, 18.501572]}, "properties": {"depth": 0.31}}, {"type": "Feature", "geometry": {"type": "Point", "coordinates": [73.850005, 18.502012]}, "properties": {"depth": 2.19}}, {"type": "Feature", "geometry": {"type": "Point", "coordinates": [73.849901, 18.502365]}, "properties": {"depth": 2.28}}, {"type": "Feature", "geometry": {"type": "Point", "coordinates": [73.849992, 18.502531]}, "properties": {"depth": 2.28}}, {"type": "Feature", "geometry": {"type": "Point", "coordinates": [73.849878, 18.502532]}, "properties": {"depth": 2.28}}, {"type": "Feature", "geometry": {"type": "Point", "coordinates": [73.849732, 18.50279]}, "properties": {"depth": 4.42}}, {"type": "Feature", "geometry": {"type": "Point", "coordinates": [73.849497, 18.502803]}, "properties": {"depth": 5.38}}, {"type": "Feature", "geometry": {"type": "Point", "coordinates": [73.849573, 18.503036]}, "properties": {"depth": 5.54}}, {"type": "Feature", "geometry": {"type": "Point", "coordinates": [73.849387, 18.503032]}, "properties": {"depth": 5.54}}, {"type": "Feature", "geometry": {"type": "Point", "coordinates": [73.85071, 18.501539]}, "properties": {"depth": 1.73}}, {"type": "Feature", "geometry": {"type": "Point", "coordinates": [73.850663, 18.502142]}, "properties": {"depth": 0.28}}, {"type": "Feature", "geometry": {"type": "Point", "coordinates": [73.851242, 18.503126]}, "properties": {"depth": 0.81}}, {"type": "Feature", "geometry": {"type": "Point", "coordinates": [73.851244, 18.503319]}, "properties": {"depth": 0.99}}, {"type": "Feature", "geometry": {"type": "Point", "coordinates": [73.850972, 18.503488]}, "properties": {"depth": 4.23}}, {"type": "Feature", "geometry": {"type": "Point", "coordinates": [73.85093, 18.503957]}, "properties": {"depth": 1.89}}, {"type": "Feature", "geometry": {"type": "Point", "coordinates": [73.851184, 18.504155]}, "properties": {"depth": 0.39}}, {"type": "Feature", "geometry": {"type": "Point", "coordinates": [73.851017, 18.504159]}, "properties": {"depth": 0.39}}, {"type": "Feature", "geometry": {"type": "Point", "coordinates": [73.850146, 18.502337]}, "properties": {"depth": 0.3}}, {"type": "Feature", "geometry": {"type": "Point", "coordinates": [73.850022, 18.502363]}, "properties": {"depth": 2.28}}, {"type": "Feature", "geometry": {"type": "Point", "coordinates": [73.85049, 18.50245]}, "properties": {"depth": 1.68}}, {"type": "Feature", "geometry": {"type": "Point", "coordinates": [73.850645, 18.502468]}, "properties": {"depth": 1.68}}, {"type": "Feature", "geometry": {"type": "Point", "coordinates": [73.850294, 18.502512]}, "properties": {"depth": 3.0}}, {"type": "Feature", "geometry": {"type": "Point", "coordinates": [73.850146, 18.502528]}, "properties": {"depth": 3.0}}, {"type": "Feature", "geometry": {"type": "Point", "coordinates": [73.85002, 18.502785]}, "properties": {"depth": 4.59}}, {"type": "Feature", "geometry": {"type": "Point", "coordinates": [73.850448, 18.502893]}, "properties": {"depth": 3.48}}, {"type": "Feature", "geometry": {"type": "Point", "coordinates": [73.85024, 18.503351]}, "properties": {"depth": 4.42}}, {"type": "Feature", "geometry": {"type": "Point", "coordinates": [73.850533, 18.503373]}, "properties": {"depth": 4.48}}, {"type": "Feature", "geometry": {"type": "Point", "coordinates": [73.850003, 18.503071]}, "properties": {"depth": 7.89}}, {"type": "Feature", "geometry": {"type": "Point", "coordinates": [73.849646, 18.503335]}, "properties": {"depth": 9.73}}, {"type": "Feature", "geometry": {"type": "Point", "coordinates": [73.849942, 18.503449]}, "properties": {"depth": 8.27}}, {"type": "Feature", "geometry": {"type": "Point", "coordinates": [73.849717, 18.503759]}, "properties": {"depth": 9.47}}, {"type": "Feature", "geometry": {"type": "Point", "coordinates": [73.849964, 18.503782]}, "properties": {"depth": 8.97}}, {"type": "Feature", "geometry": {"type": "Point", "coordinates": [73.849413, 18.503884]}, "properties": {"depth": 7.63}}, {"type": "Feature", "geometry": {"type": "Point", "coordinates": [73.84997, 18.504122]}, "properties": {"depth": 7.39}}, {"type": "Feature", "geometry": {"type": "Point", "coordinates": [73.849721, 18.504508]}, "properties": {"depth": 3.94}}, {"type": "Feature", "geometry": {"type": "Point", "coordinates": [73.849947, 18.504529]}, "properties": {"depth": 3.61}}, {"type": "Feature", "geometry": {"type": "Point", "coordinates": [73.84937, 18.504529]}, "properties": {"depth": 2.96}}, {"type": "Feature", "geometry": {"type": "Point", "coordinates": [73.850229, 18.50347]}, "properties": {"depth": 4.42}}, {"type": "Feature", "geometry": {"type": "Point", "coordinates": [73.850526, 18.5035]}, "properties": {"depth": 4.31}}, {"type": "Feature", "geometry": {"type": "Point", "coordinates": [73.85024, 18.503599]}, "properties": {"depth": 6.54}}, {"type": "Feature", "geometry": {"type": "Point", "coordinates": [73.850532, 18.503645]}, "properties": {"depth": 4.31}}, {"type": "Feature", "geometry": {"type": "Point", "coordinates": [73.850226, 18.503716]}, "properties": {"depth": 6.54}}, {"type": "Feature", "geometry": {"type": "Point", "coordinates": [73.850532, 18.503816]}, "properties": {"depth": 2.64}}, {"type": "Feature", "geometry": {"type": "Point", "coordinates": [73.850214, 18.503836]}, "properties": {"depth": 4.69}}, {"type": "Feature", "geometry": {"type": "Point", "coordinates": [73.850206, 18.503969]}, "properties": {"depth": 4.69}}, {"type": "Feature", "geometry": {"type": "Point", "coordinates": [73.850489, 18.504181]}, "properties": {"depth": 3.24}}, {"type": "Feature", "geometry": {"type": "Point", "coordinates": [73.850193, 18.504182]}, "properties": {"depth": 4.07}}, {"type": "Feature", "geometry": {"type": "Point", "coordinates": [73.851841, 18.50405]}, "properties": {"depth": 0.54}}, {"type": "Feature", "geometry": {"type": "Point", "coordinates": [73.851051, 18.504498]}, "properties": {"depth": 3.01}}, {"type": "Feature", "geometry": {"type": "Point", "coordinates": [73.850786, 18.504515]}, "properties": {"depth": 5.24}}, {"type": "Feature", "geometry": {"type": "Point", "coordinates": [73.851142, 18.504715]}, "properties": {"depth": 0.62}}, {"type": "Feature", "geometry": {"type": "Point", "coordinates": [73.850496, 18.504521]}, "properties": {"depth": 3.7}}, {"type": "Feature", "geometry": {"type": "Point", "coordinates": [73.850292, 18.504554]}, "properties": {"depth": 3.97}}, {"type": "Feature", "geometry": {"type": "Point", "coordinates": [73.850082, 18.504567]}, "properties": {"depth": 3.61}}, {"type": "Feature", "geometry": {"type": "Point", "coordinates": [73.849662, 18.50466]}, "properties": {"depth": 3.74}}, {"type": "Feature", "geometry": {"type": "Point", "coordinates": [73.849939, 18.504795]}, "properties": {"depth": 1.45}}, {"type": "Feature", "geometry": {"type": "Point", "coordinates": [73.849639, 18.504808]}, "properties": {"depth": 3.74}}, {"type": "Feature", "geometry": {"type": "Point", "coordinates": [73.849484, 18.505879]}, "properties": {"depth": 1.81}}, {"type": "Feature", "geometry": {"type": "Point", "coordinates": [73.849674, 18.505924]}, "properties": {"depth": 0.07}}, {"type": "Feature", "geometry": {"type": "Point", "coordinates": [73.853285, 18.522713]}, "properties": {"depth": 1.47}}, {"type": "Feature", "geometry": {"type": "Point", "coordinates": [73.879743, 18.552467]}, "properties": {"depth": 0.2}}, {"type": "Feature", "geometry": {"type": "Point", "coordinates": [73.879814, 18.552612]}, "properties": {"depth": 0.2}}, {"type": "Feature", "geometry": {"type": "Point", "coordinates": [73.879031, 18.553038]}, "properties": {"depth": 2.02}}, {"type": "Feature", "geometry": {"type": "Point", "coordinates": [73.879281, 18.553093]}, "properties": {"depth": 2.02}}, {"type": "Feature", "geometry": {"type": "Point", "coordinates": [73.879336, 18.553103]}, "properties": {"depth": 0.96}}, {"type": "Feature", "geometry": {"type": "Point", "coordinates": [73.878946, 18.553029]}, "properties": {"depth": 0.85}}, {"type": "Feature", "geometry": {"type": "Point", "coordinates": [73.878769, 18.553119]}, "properties": {"depth": 0.85}}, {"type": "Feature", "geometry": {"type": "Point", "coordinates": [73.878854, 18.553129]}, "properties": {"depth": 0.85}}, {"type": "Feature", "geometry": {"type": "Point", "coordinates": [73.878947, 18.553141]}, "properties": {"depth": 0.85}}, {"type": "Feature", "geometry": {"type": "Point", "coordinates": [73.87941, 18.553107]}, "properties": {"depth": 0.96}}, {"type": "Feature", "geometry": {"type": "Point", "coordinates": [73.879395, 18.553137]}, "properties": {"depth": 0.96}}, {"type": "Feature", "geometry": {"type": "Point", "coordinates": [73.879369, 18.553177]}, "properties": {"depth": 0.96}}, {"type": "Feature", "geometry": {"type": "Point", "coordinates": [73.879234, 18.553195]}, "properties": {"depth": 1.95}}, {"type": "Feature", "geometry": {"type": "Point", "coordinates": [73.87954, 18.553231]}, "properties": {"depth": 1.7}}, {"type": "Feature", "geometry": {"type": "Point", "coordinates": [73.879205, 18.55323]}, "properties": {"depth": 1.95}}, {"type": "Feature", "geometry": {"type": "Point", "coordinates": [73.87918, 18.553287]}, "properties": {"depth": 1.95}}, {"type": "Feature", "geometry": {"type": "Point", "coordinates": [73.879309, 18.553326]}, "properties": {"depth": 1.7}}, {"type": "Feature", "geometry": {"type": "Point", "coordinates": [73.879641, 18.553363]}, "properties": {"depth": 1.41}}, {"type": "Feature", "geometry": {"type": "Point", "coordinates": [73.879523, 18.553427]}, "properties": {"depth": 1.7}}, {"type": "Feature", "geometry": {"type": "Point", "coordinates": [73.878764, 18.553314]}, "properties": {"depth": 1.51}}, {"type": "Feature", "geometry": {"type": "Point", "coordinates": [73.87893, 18.553318]}, "properties": {"depth": 1.51}}, {"type": "Feature", "geometry": {"type": "Point", "coordinates": [73.878761, 18.553427]}, "properties": {"depth": 1.51}}, {"type": "Feature", "geometry": {"type": "Point", "coordinates": [73.941448, 18.515999]}, "properties": {"depth": 2.74}}, {"type": "Feature", "geometry": {"type": "Point", "coordinates": [73.94104, 18.516319]}, "properties": {"depth": 1.45}}, {"type": "Feature", "geometry": {"type": "Point", "coordinates": [73.94156, 18.516421]}, "properties": {"depth": 4.63}}, {"type": "Feature", "geometry": {"type": "Point", "coordinates": [73.941142, 18.516975]}, "properties": {"depth": 2.03}}, {"type": "Feature", "geometry": {"type": "Point", "coordinates": [73.941852, 18.518578]}, "properties": {"depth": 0.39}}, {"type": "Feature", "geometry": {"type": "Point", "coordinates": [73.94055, 18.517659]}, "properties": {"depth": 4.01}}, {"type": "Feature", "geometry": {"type": "Point", "coordinates": [73.938985, 18.535143]}, "properties": {"depth": 0.2}}, {"type": "Feature", "geometry": {"type": "Point", "coordinates": [73.949081, 18.543295]}, "properties": {"depth": 1.17}}, {"type": "Feature", "geometry": {"type": "Point", "coordinates": [73.949533, 18.544106]}, "properties": {"depth": 1.86}}, {"type": "Feature", "geometry": {"type": "Point", "coordinates": [73.949162, 18.544126]}, "properties": {"depth": 1.94}}, {"type": "Feature", "geometry": {"type": "Point", "coordinates": [73.948766, 18.544107]}, "properties": {"depth": 2.54}}, {"type": "Feature", "geometry": {"type": "Point", "coordinates": [73.93312, 18.537393]}, "properties": {"depth": 2.99}}, {"type": "Feature", "geometry": {"type": "Point", "coordinates": [73.933021, 18.537402]}, "properties": {"depth": 2.99}}, {"type": "Feature", "geometry": {"type": "Point", "coordinates": [73.933041, 18.537483]}, "properties": {"depth": 2.99}}, {"type": "Feature", "geometry": {"type": "Point", "coordinates": [73.933144, 18.537501]}, "properties": {"depth": 2.99}}, {"type": "Feature", "geometry": {"type": "Point", "coordinates": [73.932748, 18.537503]}, "properties": {"depth": 0.48}}, {"type": "Feature", "geometry": {"type": "Point", "coordinates": [73.932954, 18.537545]}, "properties": {"depth": 2.99}}, {"type": "Feature", "geometry": {"type": "Point", "coordinates": [73.932661, 18.537562]}, "properties": {"depth": 0.48}}, {"type": "Feature", "geometry": {"type": "Point", "coordinates": [73.932857, 18.537563]}, "properties": {"depth": 0.48}}, {"type": "Feature", "geometry": {"type": "Point", "coordinates": [73.933056, 18.537568]}, "properties": {"depth": 2.99}}, {"type": "Feature", "geometry": {"type": "Point", "coordinates": [73.932306, 18.537572]}, "properties": {"depth": 1.48}}, {"type": "Feature", "geometry": {"type": "Point", "coordinates": [73.932233, 18.537584]}, "properties": {"depth": 1.48}}, {"type": "Feature", "geometry": {"type": "Point", "coordinates": [73.932763, 18.537587]}, "properties": {"depth": 0.48}}, {"type": "Feature", "geometry": {"type": "Point", "coordinates": [73.932147, 18.537605]}, "properties": {"depth": 1.48}}, {"type": "Feature", "geometry": {"type": "Point", "coordinates": [73.933163, 18.537615]}, "properties": {"depth": 2.99}}, {"type": "Feature", "geometry": {"type": "Point", "coordinates": [73.931878, 18.537674]}, "properties": {"depth": 1.2}}, {"type": "Feature", "geometry": {"type": "Point", "coordinates": [73.932744, 18.537706]}, "properties": {"depth": 2.55}}, {"type": "Feature", "geometry": {"type": "Point", "coordinates": [73.932606, 18.53772]}, "properties": {"depth": 2.39}}, {"type": "Feature", "geometry": {"type": "Point", "coordinates": [73.932671, 18.537721]}, "properties": {"depth": 2.55}}, {"type": "Feature", "geometry": {"type": "Point", "coordinates": [73.932445, 18.537736]}, "properties": {"depth": 2.39}}, {"type": "Feature", "geometry": {"type": "Point", "coordinates": [73.931614, 18.537627]}, "properties": {"depth": 4.87}}, {"type": "Feature", "geometry": {"type": "Point", "coordinates": [73.931337, 18.537645]}, "properties": {"depth": 2.14}}, {"type": "Feature", "geometry": {"type": "Point", "coordinates": [73.93143, 18.537647]}, "properties": {"depth": 2.14}}, {"type": "Feature", "geometry": {"type": "Point", "coordinates": [73.931536, 18.53765]}, "properties": {"depth": 1.59}}, {"type": "Feature", "geometry": {"type": "Point", "coordinates": [73.931277, 18.537658]}, "properties": {"depth": 2.14}}, {"type": "Feature", "geometry": {"type": "Point", "coordinates": [73.931796, 18.537699]}, "properties": {"depth": 1.59}}, {"type": "Feature", "geometry": {"type": "Point", "coordinates": [73.931694, 18.537708]}, "properties": {"depth": 1.59}}, {"type": "Feature", "geometry": {"type": "Point", "coordinates": [73.931611, 18.537718]}, "properties": {"depth": 1.59}}, {"type": "Feature", "geometry": {"type": "Point", "coordinates": [73.931028, 18.537719]}, "properties": {"depth": 3.22}}, {"type": "Feature", "geometry": {"type": "Point", "coordinates": [73.931524, 18.537727]}, "properties": {"depth": 2.14}}, {"type": "Feature", "geometry": {"type": "Point", "coordinates": [73.932531, 18.537737]}, "properties": {"depth": 2.39}}, {"type": "Feature", "geometry": {"type": "Point", "coordinates": [73.93238, 18.537741]}, "properties": {"depth": 2.39}}, {"type": "Feature", "geometry": {"type": "Point", "coordinates": [73.932147, 18.537757]}, "properties": {"depth": 0.11}}, {"type": "Feature", "geometry": {"type": "Point", "coordinates": [73.932743, 18.537761]}, "properties": {"depth": 2.55}}, {"type": "Feature", "geometry": {"type": "Point", "coordinates": [73.932907, 18.537763]}, "properties": {"depth": 2.55}}, {"type": "Feature", "geometry": {"type": "Point", "coordinates": [73.932217, 18.537761]}, "properties": {"depth": 0.11}}, {"type": "Feature", "geometry": {"type": "Point", "coordinates": [73.932296, 18.537765]}, "properties": {"depth": 0.11}}, {"type": "Feature", "geometry": {"type": "Point", "coordinates": [73.932083, 18.537775]}, "properties": {"depth": 1.2}}, {"type": "Feature", "geometry": {"type": "Point", "coordinates": [73.933182, 18.537782]}, "properties": {"depth": 2.07}}, {"type": "Feature", "geometry": {"type": "Point", "coordinates": [73.932006, 18.537782]}, "properties": {"depth": 1.2}}, {"type": "Feature", "geometry": {"type": "Point", "coordinates": [73.933449, 18.537736]}, "properties": {"depth": 0.18}}, {"type": "Feature", "geometry": {"type": "Point", "coordinates": [73.933327, 18.53775]}, "properties": {"depth": 0.18}}, {"type": "Feature", "geometry": {"type": "Point", "coordinates": [73.933387, 18.537863]}, "properties": {"depth": 0.18}}, {"type": "Feature", "geometry": {"type": "Point", "coordinates": [73.933063, 18.5378]}, "properties": {"depth": 2.07}}, {"type": "Feature", "geometry": {"type": "Point", "coordinates": [73.93264, 18.537814]}, "properties": {"depth": 2.55}}, {"type": "Feature", "geometry": {"type": "Point", "coordinates": [73.932758, 18.537827]}, "properties": {"depth": 2.55}}, {"type": "Feature", "geometry": {"type": "Point", "coordinates": [73.932535, 18.537832]}, "properties": {"depth": 2.39}}, {"type": "Feature", "geometry": {"type": "Point", "coordinates": [73.932446, 18.537831]}, "properties": {"depth": 2.39}}, {"type": "Feature", "geometry": {"type": "Point", "coordinates": [73.932374, 18.537829]}, "properties": {"depth": 2.39}}, {"type": "Feature", "geometry": {"type": "Point", "coordinates": [73.93187, 18.537831]}, "properties": {"depth": 1.2}}, {"type": "Feature", "geometry": {"type": "Point", "coordinates": [73.932263, 18.53785]}, "properties": {"depth": 0.11}}, {"type": "Feature", "geometry": {"type": "Point", "coordinates": [73.93238, 18.537971]}, "properties": {"depth": 0.61}}, {"type": "Feature", "geometry": {"type": "Point", "coordinates": [73.931739, 18.537545]}, "properties": {"depth": 4.87}}, {"type": "Feature", "geometry": {"type": "Point", "coordinates": [73.931521, 18.537556]}, "properties": {"depth": 5.56}}, {"type": "Feature", "geometry": {"type": "Point", "coordinates": [73.931418, 18.537556]}, "properties": {"depth": 5.56}}, {"type": "Feature", "geometry": {"type": "Point", "coordinates": [73.930705, 18.537782]}, "properties": {"depth": 2.94}}, {"type": "Feature", "geometry": {"type": "Point", "coordinates": [73.930593, 18.537796]}, "properties": {"depth": 4.22}}, {"type": "Feature", "geometry": {"type": "Point", "coordinates": [73.930485, 18.537822]}, "properties": {"depth": 4.22}}, {"type": "Feature", "geometry": {"type": "Point", "coordinates": [73.930713, 18.537949]}, "properties": {"depth": 1.45}}, {"type": "Feature", "geometry": {"type": "Point", "coordinates": [73.930733, 18.538015]}, "properties": {"depth": 1.45}}, {"type": "Feature", "geometry": {"type": "Point", "coordinates": [73.931452, 18.537729]}, "properties": {"depth": 2.14}}, {"type": "Feature", "geometry": {"type": "Point", "coordinates": [73.93137, 18.537729]}, "properties": {"depth": 2.14}}, {"type": "Feature", "geometry": {"type": "Point", "coordinates": [73.931306, 18.537734]}, "properties": {"depth": 2.14}}, {"type": "Feature", "geometry": {"type": "Point", "coordinates": [73.93121, 18.537743]}, "properties": {"depth": 3.22}}, {"type": "Feature", "geometry": {"type": "Point", "coordinates": [73.930803, 18.53775]}, "properties": {"depth": 2.94}}, {"type": "Feature", "geometry": {"type": "Point", "coordinates": [73.930897, 18.537777]}, "properties": {"depth": 2.94}}, {"type": "Feature", "geometry": {"type": "Point", "coordinates": [73.931046, 18.53778]}, "properties": {"depth": 3.22}}, {"type": "Feature", "geometry": {"type": "Point", "coordinates": [73.931563, 18.537872]}, "properties": {"depth": 1.59}}, {"type": "Feature", "geometry": {"type": "Point", "coordinates": [73.93139, 18.537878]}, "properties": {"depth": 2.14}}, {"type": "Feature", "geometry": {"type": "Point", "coordinates": [73.931489, 18.537889]}, "properties": {"depth": 2.14}}, {"type": "Feature", "geometry": {"type": "Point", "coordinates": [73.930846, 18.537922]}, "properties": {"depth": 1.45}}, {"type": "Feature", "geometry": {"type": "Point", "coordinates": [73.931413, 18.537947]}, "properties": {"depth": 1.77}}, {"type": "Feature", "geometry": {"type": "Point", "coordinates": [73.930864, 18.537992]}, "properties": {"depth": 1.45}}, {"type": "Feature", "geometry": {"type": "Point", "coordinates": [73.931051, 18.537997]}, "properties": {"depth": 1.34}}, {"type": "Feature", "geometry": {"type": "Point", "coordinates": [73.931823, 18.538002]}, "properties": {"depth": 2.11}}, {"type": "Feature", "geometry": {"type": "Point", "coordinates": [73.931167, 18.537999]}, "properties": {"depth": 1.34}}, {"type": "Feature", "geometry": {"type": "Point", "coordinates": [73.931624, 18.538008]}, "properties": {"depth": 2.03}}, {"type": "Feature", "geometry": {"type": "Point", "coordinates": [73.931709, 18.538009]}, "properties": {"depth": 2.03}}, {"type": "Feature", "geometry": {"type": "Point", "coordinates": [73.931522, 18.538013]}, "properties": {"depth": 1.77}}, {"type": "Feature", "geometry": {"type": "Point", "coordinates": [73.931432, 18.538027]}, "properties": {"depth": 1.77}}, {"type": "Feature", "geometry": {"type": "Point", "coordinates": [73.931356, 18.538037]}, "properties": {"depth": 1.77}}, {"type": "Feature", "geometry": {"type": "Point", "coordinates": [73.931276, 18.538056]}, "properties": {"depth": 1.77}}, {"type": "Feature", "geometry": {"type": "Point", "coordinates": [73.931064, 18.538084]}, "properties": {"depth": 1.34}}, {"type": "Feature", "geometry": {"type": "Point", "coordinates": [73.931182, 18.538086]}, "properties": {"depth": 1.34}}, {"type": "Feature", "geometry": {"type": "Point", "coordinates": [73.930897, 18.538092]}, "properties": {"depth": 1.45}}, {"type": "Feature", "geometry": {"type": "Point", "coordinates": [73.930812, 18.538105]}, "properties": {"depth": 1.45}}, {"type": "Feature", "geometry": {"type": "Point", "coordinates": [73.93168, 18.53815]}, "properties": {"depth": 2.03}}, {"type": "Feature", "geometry": {"type": "Point", "coordinates": [73.931596, 18.538151]}, "properties": {"depth": 2.03}}, {"type": "Feature", "geometry": {"type": "Point", "coordinates": [73.93182, 18.538156]}, "properties": {"depth": 2.11}}, {"type": "Feature", "geometry": {"type": "Point", "coordinates": [73.93141, 18.53818]}, "properties": {"depth": 1.77}}, {"type": "Feature", "geometry": {"type": "Point", "coordinates": [73.930023, 18.538108]}, "properties": {"depth": 3.41}}, {"type": "Feature", "geometry": {"type": "Point", "coordinates": [73.93076, 18.538114]}, "properties": {"depth": 1.45}}, {"type": "Feature", "geometry": {"type": "Point", "coordinates": [73.930707, 18.538125]}, "properties": {"depth": 1.45}}, {"type": "Feature", "geometry": {"type": "Point", "coordinates": [73.929875, 18.538139]}, "properties": {"depth": 3.41}}, {"type": "Feature", "geometry": {"type": "Point", "coordinates": [73.930288, 18.538179]}, "properties": {"depth": 2.77}}, {"type": "Feature", "geometry": {"type": "Point", "coordinates": [73.930207, 18.538189]}, "properties": {"depth": 2.77}}, {"type": "Feature", "geometry": {"type": "Point", "coordinates": [73.93036, 18.538192]}, "properties": {"depth": 2.77}}, {"type": "Feature", "geometry": {"type": "Point", "coordinates": [73.930052, 18.538216]}, "properties": {"depth": 0.98}}, {"type": "Feature", "geometry": {"type": "Point", "coordinates": [73.930444, 18.538218]}, "properties": {"depth": 0.1}}, {"type": "Feature", "geometry": {"type": "Point", "coordinates": [73.930748, 18.538328]}, "properties": {"depth": 1.88}}, {"type": "Feature", "geometry": {"type": "Point", "coordinates": [73.931137, 18.538341]}, "properties": {"depth": 1.32}}, {"type": "Feature", "geometry": {"type": "Point", "coordinates": [73.931086, 18.53835]}, "properties": {"depth": 1.32}}, {"type": "Feature", "geometry": {"type": "Point", "coordinates": [73.931426, 18.538369]}, "properties": {"depth": 0.8}}, {"type": "Feature", "geometry": {"type": "Point", "coordinates": [73.930778, 18.538423]}, "properties": {"depth": 1.88}}, {"type": "Feature", "geometry": {"type": "Point", "coordinates": [73.931415, 18.538428]}, "properties": {"depth": 0.8}}, {"type": "Feature", "geometry": {"type": "Point", "coordinates": [73.931235, 18.538427]}, "properties": {"depth": 1.32}}, {"type": "Feature", "geometry": {"type": "Point", "coordinates": [73.931142, 18.538438]}, "properties": {"depth": 1.32}}, {"type": "Feature", "geometry": {"type": "Point", "coordinates": [73.930664, 18.538383]}, "properties": {"depth": 0.1}}, {"type": "Feature", "geometry": {"type": "Point", "coordinates": [73.930576, 18.538389]}, "properties": {"depth": 0.1}}, {"type": "Feature", "geometry": {"type": "Point", "coordinates": [73.930516, 18.538394]}, "properties": {"depth": 0.1}}, {"type": "Feature", "geometry": {"type": "Point", "coordinates": [73.92999, 18.538398]}, "properties": {"depth": 0.98}}, {"type": "Feature", "geometry": {"type": "Point", "coordinates": [73.930278, 18.538404]}, "properties": {"depth": 1.42}}, {"type": "Feature", "geometry": {"type": "Point", "coordinates": [73.929654, 18.538437]}, "properties": {"depth": 1.44}}, {"type": "Feature", "geometry": {"type": "Point", "coordinates": [73.930489, 18.53847]}, "properties": {"depth": 0.1}}, {"type": "Feature", "geometry": {"type": "Point", "coordinates": [73.93039, 18.538478]}, "properties": {"depth": 0.38}}, {"type": "Feature", "geometry": {"type": "Point", "coordinates": [73.930285, 18.538496]}, "properties": {"depth": 0.38}}, {"type": "Feature", "geometry": {"type": "Point", "coordinates": [73.930701, 18.538557]}, "properties": {"depth": 0.46}}, {"type": "Feature", "geometry": {"type": "Point", "coordinates": [73.931883, 18.537987]}, "properties": {"depth": 2.11}}, {"type": "Feature", "geometry": {"type": "Point", "coordinates": [73.932205, 18.538053]}, "properties": {"depth": 1.04}}, {"type": "Feature", "geometry": {"type": "Point", "coordinates": [73.932064, 18.53806]}, "properties": {"depth": 2.11}}, {"type": "Feature", "geometry": {"type": "Point", "coordinates": [73.93248, 18.538065]}, "properties": {"depth": 0.61}}, {"type": "Feature", "geometry": {"type": "Point", "coordinates": [73.932558, 18.538071]}, "properties": {"depth": 0.61}}, {"type": "Feature", "geometry": {"type": "Point", "coordinates": [73.932387, 18.538082]}, "properties": {"depth": 0.61}}, {"type": "Feature", "geometry": {"type": "Point", "coordinates": [73.932309, 18.538095]}, "properties": {"depth": 1.04}}, {"type": "Feature", "geometry": {"type": "Point", "coordinates": [73.931498, 18.538198]}, "properties": {"depth": 0.8}}, {"type": "Feature", "geometry": {"type": "Point", "coordinates": [73.931403, 18.538248]}, "properties": {"depth": 0.8}}, {"type": "Feature", "geometry": {"type": "Point", "coordinates": [73.931519, 18.538254]}, "properties": {"depth": 0.8}}, {"type": "Feature", "geometry": {"type": "Point", "coordinates": [73.93117, 18.538275]}, "properties": {"depth": 1.32}}, {"type": "Feature", "geometry": {"type": "Point", "coordinates": [73.930867, 18.538299]}, "properties": {"depth": 1.88}}, {"type": "Feature", "geometry": {"type": "Point", "coordinates": [73.931448, 18.538313]}, "properties": {"depth": 0.8}}, {"type": "Feature", "geometry": {"type": "Point", "coordinates": [73.931002, 18.538469]}, "properties": {"depth": 1.32}}, {"type": "Feature", "geometry": {"type": "Point", "coordinates": [73.930956, 18.538524]}, "properties": {"depth": 0.46}}, {"type": "Feature", "geometry": {"type": "Point", "coordinates": [73.921148, 18.540125]}, "properties": {"depth": 2.2}}, {"type": "Feature", "geometry": {"type": "Point", "coordinates": [73.921735, 18.539981]}, "properties": {"depth": 2.03}}, {"type": "Feature", "geometry": {"type": "Point", "coordinates": [73.930806, 18.538547]}, "properties": {"depth": 0.46}}, {"type": "Feature", "geometry": {"type": "Point", "coordinates": [73.930062, 18.538572]}, "properties": {"depth": 0.73}}, {"type": "Feature", "geometry": {"type": "Point", "coordinates": [73.930281, 18.538578]}, "properties": {"depth": 0.38}}, {"type": "Feature", "geometry": {"type": "Point", "coordinates": [73.9304, 18.538609]}, "properties": {"depth": 0.38}}, {"type": "Feature", "geometry": {"type": "Point", "coordinates": [73.929612, 18.538606]}, "properties": {"depth": 0.01}}, {"type": "Feature", "geometry": {"type": "Point", "coordinates": [73.930058, 18.538653]}, "properties": {"depth": 0.73}}, {"type": "Feature", "geometry": {"type": "Point", "coordinates": [73.930295, 18.538675]}, "properties": {"depth": 0.38}}, {"type": "Feature", "geometry": {"type": "Point", "coordinates": [73.930537, 18.538835]}, "properties": {"depth": 0.05}}, {"type": "Feature", "geometry": {"type": "Point", "coordinates": [73.929569, 18.538878]}, "properties": {"depth": 0.94}}, {"type": "Feature", "geometry": {"type": "Point", "coordinates": [73.929832, 18.538899]}, "properties": {"depth": 0.07}}, {"type": "Feature", "geometry": {"type": "Point", "coordinates": [73.929789, 18.538987]}, "properties": {"depth": 0.07}}, {"type": "Feature", "geometry": {"type": "Point", "coordinates": [73.929499, 18.539009]}, "properties": {"depth": 0.94}}, {"type": "Feature", "geometry": {"type": "Point", "coordinates": [73.921976, 18.540062]}, "properties": {"depth": 1.4}}, {"type": "Feature", "geometry": {"type": "Point", "coordinates": [73.781289, 18.462147]}, "properties": {"depth": 4.98}}, {"type": "Feature", "geometry": {"type": "Point", "coordinates": [73.780147, 18.462058]}, "properties": {"depth": 4.59}}, {"type": "Feature", "geometry": {"type": "Point", "coordinates": [73.779843, 18.462082]}, "properties": {"depth": 0.73}}, {"type": "Feature", "geometry": {"type": "Point", "coordinates": [73.779783, 18.462487]}, "properties": {"depth": 3.54}}, {"type": "Feature", "geometry": {"type": "Point", "coordinates": [73.780206, 18.462568]}, "properties": {"depth": 3.52}}, {"type": "Feature", "geometry": {"type": "Point", "coordinates": [73.781059, 18.462458]}, "properties": {"depth": 2.03}}, {"type": "Feature", "geometry": {"type": "Point", "coordinates": [73.780716, 18.462479]}, "properties": {"depth": 1.35}}, {"type": "Feature", "geometry": {"type": "Point", "coordinates": [73.78061, 18.462694]}, "properties": {"depth": 3.02}}, {"type": "Feature", "geometry": {"type": "Point", "coordinates": [73.781367, 18.462869]}, "properties": {"depth": 1.86}}, {"type": "Feature", "geometry": {"type": "Point", "coordinates": [73.781314, 18.463076]}, "properties": {"depth": 0.9}}, {"type": "Feature", "geometry": {"type": "Point", "coordinates": [73.780874, 18.463095]}, "properties": {"depth": 2.78}}, {"type": "Feature", "geometry": {"type": "Point", "coordinates": [73.780784, 18.463337]}, "properties": {"depth": 2.2}}, {"type": "Feature", "geometry": {"type": "Point", "coordinates": [73.780573, 18.463423]}, "properties": {"depth": 2.33}}, {"type": "Feature", "geometry": {"type": "Point", "coordinates": [73.780695, 18.463462]}, "properties": {"depth": 2.2}}, {"type": "Feature", "geometry": {"type": "Point", "coordinates": [73.777612, 18.462937]}, "properties": {"depth": 0.59}}, {"type": "Feature", "geometry": {"type": "Point", "coordinates": [73.777738, 18.463008]}, "properties": {"depth": 0.48}}, {"type": "Feature", "geometry": {"type": "Point", "coordinates": [73.777473, 18.46304]}, "properties": {"depth": 0.59}}, {"type": "Feature", "geometry": {"type": "Point", "coordinates": [73.777588, 18.463101]}, "properties": {"depth": 0.59}}, {"type": "Feature", "geometry": {"type": "Point", "coordinates": [73.777696, 18.463134]}, "properties": {"depth": 0.48}}, {"type": "Feature", "geometry": {"type": "Point", "coordinates": [73.779689, 18.462731]}, "properties": {"depth": 2.88}}, {"type": "Feature", "geometry": {"type": "Point", "coordinates": [73.780559, 18.462968]}, "properties": {"depth": 2.76}}, {"type": "Feature", "geometry": {"type": "Point", "coordinates": [73.780216, 18.463265]}, "properties": {"depth": 1.53}}, {"type": "Feature", "geometry": {"type": "Point", "coordinates": [73.780283, 18.463393]}, "properties": {"depth": 1.53}}, {"type": "Feature", "geometry": {"type": "Point", "coordinates": [73.780444, 18.463429]}, "properties": {"depth": 2.33}}, {"type": "Feature", "geometry": {"type": "Point", "coordinates": [73.785077, 18.462096]}, "properties": {"depth": 0.2}}, {"type": "Feature", "geometry": {"type": "Point", "coordinates": [73.784668, 18.463957]}, "properties": {"depth": 2.03}}, {"type": "Feature", "geometry": {"type": "Point", "coordinates": [73.784849, 18.464252]}, "properties": {"depth": 3.01}}, {"type": "Feature", "geometry": {"type": "Point", "coordinates": [73.785029, 18.464315]}, "properties": {"depth": 5.3}}, {"type": "Feature", "geometry": {"type": "Point", "coordinates": [73.785434, 18.464335]}, "properties": {"depth": 4.65}}, {"type": "Feature", "geometry": {"type": "Point", "coordinates": [73.786243, 18.464153]}, "properties": {"depth": 6.17}}, {"type": "Feature", "geometry": {"type": "Point", "coordinates": [73.785885, 18.464358]}, "properties": {"depth": 1.68}}, {"type": "Feature", "geometry": {"type": "Point", "coordinates": [73.784815, 18.464413]}, "properties": {"depth": 2.84}}, {"type": "Feature", "geometry": {"type": "Point", "coordinates": [73.785005, 18.464458]}, "properties": {"depth": 5.3}}, {"type": "Feature", "geometry": {"type": "Point", "coordinates": [73.785176, 18.464506]}, "properties": {"depth": 5.78}}, {"type": "Feature", "geometry": {"type": "Point", "coordinates": [73.78538, 18.464531]}, "properties": {"depth": 5.78}}, {"type": "Feature", "geometry": {"type": "Point", "coordinates": [73.784778, 18.464536]}, "properties": {"depth": 2.84}}, {"type": "Feature", "geometry": {"type": "Point", "coordinates": [73.784977, 18.464555]}, "properties": {"depth": 5.3}}, {"type": "Feature", "geometry": {"type": "Point", "coordinates": [73.781526, 18.462113]}, "properties": {"depth": 4.98}}, {"type": "Feature", "geometry": {"type": "Point", "coordinates": [73.782535, 18.462618]}, "properties": {"depth": 8.79}}, {"type": "Feature", "geometry": {"type": "Point", "coordinates": [73.784327, 18.461858]}, "properties": {"depth": 0.2}}, {"type": "Feature", "geometry": {"type": "Point", "coordinates": [73.783806, 18.463173]}, "properties": {"depth": 10.96}}, {"type": "Feature", "geometry": {"type": "Point", "coordinates": [73.781718, 18.462346]}, "properties": {"depth": 3.82}}, {"type": "Feature", "geometry": {"type": "Point", "coordinates": [73.781702, 18.462385]}, "properties": {"depth": 4.46}}, {"type": "Feature", "geometry": {"type": "Point", "coordinates": [73.781851, 18.462422]}, "properties": {"depth": 5.26}}, {"type": "Feature", "geometry": {"type": "Point", "coordinates": [73.781691, 18.462433]}, "properties": {"depth": 4.46}}, {"type": "Feature", "geometry": {"type": "Point", "coordinates": [73.781692, 18.462474]}, "properties": {"depth": 4.46}}, {"type": "Feature", "geometry": {"type": "Point", "coordinates": [73.781693, 18.462512]}, "properties": {"depth": 4.46}}, {"type": "Feature", "geometry": {"type": "Point", "coordinates": [73.781779, 18.462519]}, "properties": {"depth": 4.46}}, {"type": "Feature", "geometry": {"type": "Point", "coordinates": [73.781553, 18.462527]}, "properties": {"depth": 4.46}}, {"type": "Feature", "geometry": {"type": "Point", "coordinates": [73.781691, 18.462545]}, "properties": {"depth": 4.46}}, {"type": "Feature", "geometry": {"type": "Point", "coordinates": [73.781966, 18.462589]}, "properties": {"depth": 5.26}}, {"type": "Feature", "geometry": {"type": "Point", "coordinates": [73.782108, 18.462609]}, "properties": {"depth": 5.67}}, {"type": "Feature", "geometry": {"type": "Point", "coordinates": [73.781854, 18.462625]}, "properties": {"depth": 5.26}}, {"type": "Feature", "geometry": {"type": "Point", "coordinates": [73.781674, 18.462637]}, "properties": {"depth": 4.46}}, {"type": "Feature", "geometry": {"type": "Point", "coordinates": [73.781555, 18.462647]}, "properties": {"depth": 2.74}}, {"type": "Feature", "geometry": {"type": "Point", "coordinates": [73.781741, 18.46266]}, "properties": {"depth": 2.74}}, {"type": "Feature", "geometry": {"type": "Point", "coordinates": [73.781946, 18.462695]}, "properties": {"depth": 2.45}}, {"type": "Feature", "geometry": {"type": "Point", "coordinates": [73.782191, 18.462712]}, "properties": {"depth": 3.09}}, {"type": "Feature", "geometry": {"type": "Point", "coordinates": [73.781616, 18.4628]}, "properties": {"depth": 2.74}}, {"type": "Feature", "geometry": {"type": "Point", "coordinates": [73.782123, 18.462822]}, "properties": {"depth": 3.09}}, {"type": "Feature", "geometry": {"type": "Point", "coordinates": [73.782354, 18.462847]}, "properties": {"depth": 3.09}}, {"type": "Feature", "geometry": {"type": "Point", "coordinates": [73.781605, 18.462899]}, "properties": {"depth": 2.74}}, {"type": "Feature", "geometry": {"type": "Point", "coordinates": [73.782371, 18.462922]}, "properties": {"depth": 3.84}}, {"type": "Feature", "geometry": {"type": "Point", "coordinates": [73.781712, 18.462945]}, "properties": {"depth": 1.62}}, {"type": "Feature", "geometry": {"type": "Point", "coordinates": [73.781609, 18.462973]}, "properties": {"depth": 1.62}}, {"type": "Feature", "geometry": {"type": "Point", "coordinates": [73.782355, 18.462992]}, "properties": {"depth": 0.85}}, {"type": "Feature", "geometry": {"type": "Point", "coordinates": [73.782253, 18.462997]}, "properties": {"depth": 0.85}}, {"type": "Feature", "geometry": {"type": "Point", "coordinates": [73.782084, 18.463089]}, "properties": {"depth": 0.85}}, {"type": "Feature", "geometry": {"type": "Point", "coordinates": [73.78257, 18.46294]}, "properties": {"depth": 3.84}}, {"type": "Feature", "geometry": {"type": "Point", "coordinates": [73.782462, 18.462946]}, "properties": {"depth": 3.84}}, {"type": "Feature", "geometry": {"type": "Point", "coordinates": [73.78245, 18.463138]}, "properties": {"depth": 3.84}}, {"type": "Feature", "geometry": {"type": "Point", "coordinates": [73.783213, 18.463291]}, "properties": {"depth": 7.85}}, {"type": "Feature", "geometry": {"type": "Point", "coordinates": [73.782468, 18.463345]}, "properties": {"depth": 2.01}}, {"type": "Feature", "geometry": {"type": "Point", "coordinates": [73.78274, 18.463522]}, "properties": {"depth": 4.33}}, {"type": "Feature", "geometry": {"type": "Point", "coordinates": [73.78261, 18.463584]}, "properties": {"depth": 4.01}}, {"type": "Feature", "geometry": {"type": "Point", "coordinates": [73.782516, 18.463623]}, "properties": {"depth": 4.01}}, {"type": "Feature", "geometry": {"type": "Point", "coordinates": [73.78301, 18.463676]}, "properties": {"depth": 3.57}}, {"type": "Feature", "geometry": {"type": "Point", "coordinates": [73.783386, 18.463682]}, "properties": {"depth": 7.06}}, {"type": "Feature", "geometry": {"type": "Point", "coordinates": [73.782233, 18.463124]}, "properties": {"depth": 0.85}}, {"type": "Feature", "geometry": {"type": "Point", "coordinates": [73.781929, 18.463197]}, "properties": {"depth": 2.2}}, {"type": "Feature", "geometry": {"type": "Point", "coordinates": [73.782038, 18.463241]}, "properties": {"depth": 2.2}}, {"type": "Feature", "geometry": {"type": "Point", "coordinates": [73.782175, 18.463244]}, "properties": {"depth": 2.2}}, {"type": "Feature", "geometry": {"type": "Point", "coordinates": [73.782351, 18.463237]}, "properties": {"depth": 2.2}}, {"type": "Feature", "geometry": {"type": "Point", "coordinates": [73.782166, 18.463344]}, "properties": {"depth": 2.2}}, {"type": "Feature", "geometry": {"type": "Point", "coordinates": [73.782322, 18.46336]}, "properties": {"depth": 2.2}}, {"type": "Feature", "geometry": {"type": "Point", "coordinates": [73.782191, 18.463482]}, "properties": {"depth": 3.42}}, {"type": "Feature", "geometry": {"type": "Point", "coordinates": [73.78233, 18.463513]}, "properties": {"depth": 3.42}}, {"type": "Feature", "geometry": {"type": "Point", "coordinates": [73.782177, 18.463543]}, "properties": {"depth": 3.42}}, {"type": "Feature", "geometry": {"type": "Point", "coordinates": [73.784011, 18.463219]}, "properties": {"depth": 6.06}}, {"type": "Feature", "geometry": {"type": "Point", "coordinates": [73.783724, 18.463397]}, "properties": {"depth": 8.37}}, {"type": "Feature", "geometry": {"type": "Point", "coordinates": [73.783872, 18.463399]}, "properties": {"depth": 6.06}}, {"type": "Feature", "geometry": {"type": "Point", "coordinates": [73.783714, 18.463449]}, "properties": {"depth": 8.37}}, {"type": "Feature", "geometry": {"type": "Point", "coordinates": [73.783702, 18.463499]}, "properties": {"depth": 7.89}}, {"type": "Feature", "geometry": {"type": "Point", "coordinates": [73.783845, 18.463546]}, "properties": {"depth": 5.09}}, {"type": "Feature", "geometry": {"type": "Point", "coordinates": [73.783849, 18.463658]}, "properties": {"depth": 5.09}}, {"type": "Feature", "geometry": {"type": "Point", "coordinates": [73.783694, 18.463662]}, "properties": {"depth": 7.89}}, {"type": "Feature", "geometry": {"type": "Point", "coordinates": [73.783961, 18.463665]}, "properties": {"depth": 5.09}}, {"type": "Feature", "geometry": {"type": "Point", "coordinates": [73.784364, 18.463746]}, "properties": {"depth": 5.04}}, {"type": "Feature", "geometry": {"type": "Point", "coordinates": [73.782177, 18.463665]}, "properties": {"depth": 3.42}}, {"type": "Feature", "geometry": {"type": "Point", "coordinates": [73.78238, 18.46367]}, "properties": {"depth": 4.01}}, {"type": "Feature", "geometry": {"type": "Point", "coordinates": [73.781949, 18.463691]}, "properties": {"depth": 2.42}}, {"type": "Feature", "geometry": {"type": "Point", "coordinates": [73.781826, 18.463913]}, "properties": {"depth": 1.05}}, {"type": "Feature", "geometry": {"type": "Point", "coordinates": [73.782298, 18.464021]}, "properties": {"depth": 1.49}}, {"type": "Feature", "geometry": {"type": "Point", "coordinates": [73.78368, 18.463767]}, "properties": {"depth": 6.01}}, {"type": "Feature", "geometry": {"type": "Point", "coordinates": [73.783669, 18.463819]}, "properties": {"depth": 6.01}}, {"type": "Feature", "geometry": {"type": "Point", "coordinates": [73.783867, 18.463863]}, "properties": {"depth": 5.5}}, {"type": "Feature", "geometry": {"type": "Point", "coordinates": [73.783837, 18.463979]}, "properties": {"depth": 5.5}}, {"type": "Feature", "geometry": {"type": "Point", "coordinates": [73.783807, 18.46411]}, "properties": {"depth": 1.4}}, {"type": "Feature", "geometry": {"type": "Point", "coordinates": [73.783782, 18.46418]}, "properties": {"depth": 1.4}}, {"type": "Feature", "geometry": {"type": "Point", "coordinates": [73.783447, 18.464235]}, "properties": {"depth": 3.64}}, {"type": "Feature", "geometry": {"type": "Point", "coordinates": [73.783762, 18.46426]}, "properties": {"depth": 1.4}}, {"type": "Feature", "geometry": {"type": "Point", "coordinates": [73.783362, 18.463886]}, "properties": {"depth": 6.39}}, {"type": "Feature", "geometry": {"type": "Point", "coordinates": [73.783225, 18.464213]}, "properties": {"depth": 3.64}}, {"type": "Feature", "geometry": {"type": "Point", "coordinates": [73.774425, 18.460565]}, "properties": {"depth": 2.17}}, {"type": "Feature", "geometry": {"type": "Point", "coordinates": [73.773972, 18.460567]}, "properties": {"depth": 1.15}}, {"type": "Feature", "geometry": {"type": "Point", "coordinates": [73.774507, 18.460572]}, "properties": {"depth": 2.17}}, {"type": "Feature", "geometry": {"type": "Point", "coordinates": [73.774038, 18.460572]}, "properties": {"depth": 0.94}}, {"type": "Feature", "geometry": {"type": "Point", "coordinates": [73.774124, 18.460587]}, "properties": {"depth": 0.94}}, {"type": "Feature", "geometry": {"type": "Point", "coordinates": [73.774252, 18.460593]}, "properties": {"depth": 0.94}}, {"type": "Feature", "geometry": {"type": "Point", "coordinates": [73.773845, 18.460596]}, "properties": {"depth": 1.15}}, {"type": "Feature", "geometry": {"type": "Point", "coordinates": [73.774405, 18.460612]}, "properties": {"depth": 2.17}}, {"type": "Feature", "geometry": {"type": "Point", "coordinates": [73.774654, 18.460621]}, "properties": {"depth": 5.14}}, {"type": "Feature", "geometry": {"type": "Point", "coordinates": [73.77378, 18.460624]}, "properties": {"depth": 1.15}}, {"type": "Feature", "geometry": {"type": "Point", "coordinates": [73.774717, 18.460654]}, "properties": {"depth": 5.14}}, {"type": "Feature", "geometry": {"type": "Point", "coordinates": [73.773835, 18.460669]}, "properties": {"depth": 1.15}}, {"type": "Feature", "geometry": {"type": "Point", "coordinates": [73.774246, 18.460688]}, "properties": {"depth": 0.94}}, {"type": "Feature", "geometry": {"type": "Point", "coordinates": [73.774003, 18.460717]}, "properties": {"depth": 1.37}}, {"type": "Feature", "geometry": {"type": "Point", "coordinates": [73.773798, 18.460818]}, "properties": {"depth": 1.37}}, {"type": "Feature", "geometry": {"type": "Point", "coordinates": [73.775211, 18.460752]}, "properties": {"depth": 6.03}}, {"type": "Feature", "geometry": {"type": "Point", "coordinates": [73.775276, 18.460773]}, "properties": {"depth": 6.03}}, {"type": "Feature", "geometry": {"type": "Point", "coordinates": [73.775101, 18.46078]}, "properties": {"depth": 3.8}}, {"type": "Feature", "geometry": {"type": "Point", "coordinates": [73.775519, 18.460826]}, "properties": {"depth": 6.58}}, {"type": "Feature", "geometry": {"type": "Point", "coordinates": [73.775175, 18.46083]}, "properties": {"depth": 6.03}}, {"type": "Feature", "geometry": {"type": "Point", "coordinates": [73.775342, 18.460831]}, "properties": {"depth": 6.03}}, {"type": "Feature", "geometry": {"type": "Point", "coordinates": [73.775042, 18.460846]}, "properties": {"depth": 3.8}}, {"type": "Feature", "geometry": {"type": "Point", "coordinates": [73.775634, 18.46085]}, "properties": {"depth": 6.58}}, {"type": "Feature", "geometry": {"type": "Point", "coordinates": [73.775227, 18.460861]}, "properties": {"depth": 6.03}}, {"type": "Feature", "geometry": {"type": "Point", "coordinates": [73.775105, 18.460901]}, "properties": {"depth": 3.8}}, {"type": "Feature", "geometry": {"type": "Point", "coordinates": [73.77532, 18.460906]}, "properties": {"depth": 6.03}}, {"type": "Feature", "geometry": {"type": "Point", "coordinates": [73.775531, 18.460923]}, "properties": {"depth": 6.58}}, {"type": "Feature", "geometry": {"type": "Point", "coordinates": [73.775837, 18.460945]}, "properties": {"depth": 8.09}}, {"type": "Feature", "geometry": {"type": "Point", "coordinates": [73.775305, 18.460953]}, "properties": {"depth": 6.03}}, {"type": "Feature", "geometry": {"type": "Point", "coordinates": [73.775457, 18.460968]}, "properties": {"depth": 6.58}}, {"type": "Feature", "geometry": {"type": "Point", "coordinates": [73.774931, 18.460994]}, "properties": {"depth": 2.35}}, {"type": "Feature", "geometry": {"type": "Point", "coordinates": [73.775569, 18.460999]}, "properties": {"depth": 0.09}}, {"type": "Feature", "geometry": {"type": "Point", "coordinates": [73.775511, 18.461004]}, "properties": {"depth": 0.09}}, {"type": "Feature", "geometry": {"type": "Point", "coordinates": [73.775127, 18.461036]}, "properties": {"depth": 2.35}}, {"type": "Feature", "geometry": {"type": "Point", "coordinates": [73.775731, 18.461051]}, "properties": {"depth": 0.93}}, {"type": "Feature", "geometry": {"type": "Point", "coordinates": [73.775814, 18.46107]}, "properties": {"depth": 0.93}}, {"type": "Feature", "geometry": {"type": "Point", "coordinates": [73.775273, 18.461075]}, "properties": {"depth": 2.21}}, {"type": "Feature", "geometry": {"type": "Point", "coordinates": [73.775487, 18.461086]}, "properties": {"depth": 0.09}}, {"type": "Feature", "geometry": {"type": "Point", "coordinates": [73.77561, 18.461145]}, "properties": {"depth": 0.09}}, {"type": "Feature", "geometry": {"type": "Point", "coordinates": [73.775447, 18.461169]}, "properties": {"depth": 0.09}}, {"type": "Feature", "geometry": {"type": "Point", "coordinates": [73.775689, 18.461171]}, "properties": {"depth": 0.09}}, {"type": "Feature", "geometry": {"type": "Point", "coordinates": [73.775535, 18.46119]}, "properties": {"depth": 0.09}}, {"type": "Feature", "geometry": {"type": "Point", "coordinates": [73.775847, 18.461199]}, "properties": {"depth": 0.93}}, {"type": "Feature", "geometry": {"type": "Point", "coordinates": [73.776124, 18.461189]}, "properties": {"depth": 4.63}}, {"type": "Feature", "geometry": {"type": "Point", "coordinates": [73.776197, 18.461204]}, "properties": {"depth": 4.63}}, {"type": "Feature", "geometry": {"type": "Point", "coordinates": [73.776433, 18.461328]}, "properties": {"depth": 1.47}}, {"type": "Feature", "geometry": {"type": "Point", "coordinates": [73.776283, 18.461511]}, "properties": {"depth": 1.47}}, {"type": "Feature", "geometry": {"type": "Point", "coordinates": [73.776699, 18.461582]}, "properties": {"depth": 2.82}}, {"type": "Feature", "geometry": {"type": "Point", "coordinates": [73.776657, 18.461765]}, "properties": {"depth": 2.82}}, {"type": "Feature", "geometry": {"type": "Point", "coordinates": [73.775945, 18.461878]}, "properties": {"depth": 1.08}}, {"type": "Feature", "geometry": {"type": "Point", "coordinates": [73.775786, 18.461838]}, "properties": {"depth": 1.08}}, {"type": "Feature", "geometry": {"type": "Point", "coordinates": [73.775759, 18.461961]}, "properties": {"depth": 1.08}}, {"type": "Feature", "geometry": {"type": "Point", "coordinates": [73.775716, 18.462076]}, "properties": {"depth": 1.08}}, {"type": "Feature", "geometry": {"type": "Point", "coordinates": [73.776462, 18.461902]}, "properties": {"depth": 2.66}}, {"type": "Feature", "geometry": {"type": "Point", "coordinates": [73.776235, 18.461917]}, "properties": {"depth": 1.94}}, {"type": "Feature", "geometry": {"type": "Point", "coordinates": [73.776362, 18.461949]}, "properties": {"depth": 2.66}}, {"type": "Feature", "geometry": {"type": "Point", "coordinates": [73.776405, 18.462243]}, "properties": {"depth": 2.7}}, {"type": "Feature", "geometry": {"type": "Point", "coordinates": [73.776551, 18.462298]}, "properties": {"depth": 2.5}}, {"type": "Feature", "geometry": {"type": "Point", "coordinates": [73.776636, 18.462359]}, "properties": {"depth": 2.5}}, {"type": "Feature", "geometry": {"type": "Point", "coordinates": [73.778153, 18.462494]}, "properties": {"depth": 4.61}}, {"type": "Feature", "geometry": {"type": "Point", "coordinates": [73.777563, 18.462556]}, "properties": {"depth": 0.62}}, {"type": "Feature", "geometry": {"type": "Point", "coordinates": [73.77817, 18.46277]}, "properties": {"depth": 2.59}}, {"type": "Feature", "geometry": {"type": "Point", "coordinates": [73.777748, 18.462847]}, "properties": {"depth": 1.6}}, {"type": "Feature", "geometry": {"type": "Point", "coordinates": [73.829335, 18.467106]}, "properties": {"depth": 5.89}}, {"type": "Feature", "geometry": {"type": "Point", "coordinates": [73.829519, 18.467126]}, "properties": {"depth": 5.89}}, {"type": "Feature", "geometry": {"type": "Point", "coordinates": [73.829616, 18.467128]}, "properties": {"depth": 0.65}}, {"type": "Feature", "geometry": {"type": "Point", "coordinates": [73.828793, 18.467149]}, "properties": {"depth": 7.5}}, {"type": "Feature", "geometry": {"type": "Point", "coordinates": [73.82949, 18.467209]}, "properties": {"depth": 5.89}}, {"type": "Feature", "geometry": {"type": "Point", "coordinates": [73.829151, 18.467248]}, "properties": {"depth": 8.36}}, {"type": "Feature", "geometry": {"type": "Point", "coordinates": [73.829245, 18.467278]}, "properties": {"depth": 8.36}}, {"type": "Feature", "geometry": {"type": "Point", "coordinates": [73.829326, 18.467358]}, "properties": {"depth": 5.89}}, {"type": "Feature", "geometry": {"type": "Point", "coordinates": [73.829419, 18.467393]}, "properties": {"depth": 11.87}}, {"type": "Feature", "geometry": {"type": "Point", "coordinates": [73.829071, 18.467475]}, "properties": {"depth": 17.58}}, {"type": "Feature", "geometry": {"type": "Point", "coordinates": [73.828537, 18.467477]}, "properties": {"depth": 19.0}}, {"type": "Feature", "geometry": {"type": "Point", "coordinates": [73.828655, 18.46752]}, "properties": {"depth": 19.0}}, {"type": "Feature", "geometry": {"type": "Point", "coordinates": [73.829026, 18.467534]}, "properties": {"depth": 17.77}}, {"type": "Feature", "geometry": {"type": "Point", "coordinates": [73.828833, 18.467549]}, "properties": {"depth": 17.77}}, {"type": "Feature", "geometry": {"type": "Point", "coordinates": [73.828951, 18.467594]}, "properties": {"depth": 17.77}}, {"type": "Feature", "geometry": {"type": "Point", "coordinates": [73.829234, 18.467618]}, "properties": {"depth": 17.58}}, {"type": "Feature", "geometry": {"type": "Point", "coordinates": [73.82972, 18.467761]}, "properties": {"depth": 18.19}}, {"type": "Feature", "geometry": {"type": "Point", "coordinates": [73.828594, 18.467756]}, "properties": {"depth": 24.9}}, {"type": "Feature", "geometry": {"type": "Point", "coordinates": [73.831282, 18.468567]}, "properties": {"depth": 22.21}}, {"type": "Feature", "geometry": {"type": "Point", "coordinates": [73.831458, 18.468601]}, "properties": {"depth": 22.21}}, {"type": "Feature", "geometry": {"type": "Point", "coordinates": [73.831158, 18.468615]}, "properties": {"depth": 19.98}}, {"type": "Feature", "geometry": {"type": "Point", "coordinates": [73.830131, 18.467115]}, "properties": {"depth": 1.05}}, {"type": "Feature", "geometry": {"type": "Point", "coordinates": [73.829855, 18.467172]}, "properties": {"depth": 0.65}}, {"type": "Feature", "geometry": {"type": "Point", "coordinates": [73.829761, 18.467864]}, "properties": {"depth": 18.19}}, {"type": "Feature", "geometry": {"type": "Point", "coordinates": [73.830487, 18.468009]}, "properties": {"depth": 17.46}}, {"type": "Feature", "geometry": {"type": "Point", "coordinates": [73.82979, 18.468184]}, "properties": {"depth": 22.96}}, {"type": "Feature", "geometry": {"type": "Point", "coordinates": [73.829994, 18.468301]}, "properties": {"depth": 23.53}}, {"type": "Feature", "geometry": {"type": "Point", "coordinates": [73.830184, 18.468335]}, "properties": {"depth": 23.85}}, {"type": "Feature", "geometry": {"type": "Point", "coordinates": [73.829855, 18.468479]}, "properties": {"depth": 24.74}}, {"type": "Feature", "geometry": {"type": "Point", "coordinates": [73.828293, 18.467707]}, "properties": {"depth": 24.86}}, {"type": "Feature", "geometry": {"type": "Point", "coordinates": [73.828448, 18.467755]}, "properties": {"depth": 24.86}}, {"type": "Feature", "geometry": {"type": "Point", "coordinates": [73.82805, 18.467832]}, "properties": {"depth": 23.59}}, {"type": "Feature", "geometry": {"type": "Point", "coordinates": [73.828277, 18.467887]}, "properties": {"depth": 24.86}}, {"type": "Feature", "geometry": {"type": "Point", "coordinates": [73.828259, 18.467968]}, "properties": {"depth": 27.72}}, {"type": "Feature", "geometry": {"type": "Point", "coordinates": [73.82843, 18.467976]}, "properties": {"depth": 27.72}}, {"type": "Feature", "geometry": {"type": "Point", "coordinates": [73.829561, 18.467837]}, "properties": {"depth": 18.03}}, {"type": "Feature", "geometry": {"type": "Point", "coordinates": [73.828724, 18.467867]}, "properties": {"depth": 24.9}}, {"type": "Feature", "geometry": {"type": "Point", "coordinates": [73.828855, 18.467884]}, "properties": {"depth": 22.62}}, {"type": "Feature", "geometry": {"type": "Point", "coordinates": [73.828669, 18.468001]}, "properties": {"depth": 26.22}}, {"type": "Feature", "geometry": {"type": "Point", "coordinates": [73.828558, 18.468021]}, "properties": {"depth": 26.22}}, {"type": "Feature", "geometry": {"type": "Point", "coordinates": [73.829181, 18.468034]}, "properties": {"depth": 22.66}}, {"type": "Feature", "geometry": {"type": "Point", "coordinates": [73.828929, 18.468123]}, "properties": {"depth": 24.51}}, {"type": "Feature", "geometry": {"type": "Point", "coordinates": [73.829622, 18.468158]}, "properties": {"depth": 22.96}}, {"type": "Feature", "geometry": {"type": "Point", "coordinates": [73.828677, 18.46819]}, "properties": {"depth": 26.22}}, {"type": "Feature", "geometry": {"type": "Point", "coordinates": [73.828554, 18.468198]}, "properties": {"depth": 26.53}}, {"type": "Feature", "geometry": {"type": "Point", "coordinates": [73.828421, 18.468209]}, "properties": {"depth": 26.3}}, {"type": "Feature", "geometry": {"type": "Point", "coordinates": [73.828259, 18.468222]}, "properties": {"depth": 26.3}}, {"type": "Feature", "geometry": {"type": "Point", "coordinates": [73.827714, 18.468412]}, "properties": {"depth": 25.93}}, {"type": "Feature", "geometry": {"type": "Point", "coordinates": [73.827884, 18.468445]}, "properties": {"depth": 25.93}}, {"type": "Feature", "geometry": {"type": "Point", "coordinates": [73.828017, 18.468455]}, "properties": {"depth": 26.75}}, {"type": "Feature", "geometry": {"type": "Point", "coordinates": [73.828151, 18.468481]}, "properties": {"depth": 26.32}}, {"type": "Feature", "geometry": {"type": "Point", "coordinates": [73.829184, 18.468206]}, "properties": {"depth": 25.52}}, {"type": "Feature", "geometry": {"type": "Point", "coordinates": [73.829509, 18.468235]}, "properties": {"depth": 25.53}}, {"type": "Feature", "geometry": {"type": "Point", "coordinates": [73.829342, 18.468284]}, "properties": {"depth": 25.53}}, {"type": "Feature", "geometry": {"type": "Point", "coordinates": [73.828951, 18.468287]}, "properties": {"depth": 27.58}}, {"type": "Feature", "geometry": {"type": "Point", "coordinates": [73.829214, 18.468352]}, "properties": {"depth": 25.52}}, {"type": "Feature", "geometry": {"type": "Point", "coordinates": [73.829333, 18.468355]}, "properties": {"depth": 25.53}}, {"type": "Feature", "geometry": {"type": "Point", "coordinates": [73.82952, 18.468402]}, "properties": {"depth": 25.53}}, {"type": "Feature", "geometry": {"type": "Point", "coordinates": [73.829661, 18.468409]}, "properties": {"depth": 23.25}}, {"type": "Feature", "geometry": {"type": "Point", "coordinates": [73.829336, 18.468436]}, "properties": {"depth": 25.53}}, {"type": "Feature", "geometry": {"type": "Point", "coordinates": [73.829223, 18.468461]}, "properties": {"depth": 25.52}}, {"type": "Feature", "geometry": {"type": "Point", "coordinates": [73.828369, 18.468512]}, "properties": {"depth": 26.42}}, {"type": "Feature", "geometry": {"type": "Point", "coordinates": [73.828527, 18.468521]}, "properties": {"depth": 26.49}}, {"type": "Feature", "geometry": {"type": "Point", "coordinates": [73.828251, 18.468524]}, "properties": {"depth": 26.42}}, {"type": "Feature", "geometry": {"type": "Point", "coordinates": [73.827802, 18.468605]}, "properties": {"depth": 28.52}}, {"type": "Feature", "geometry": {"type": "Point", "coordinates": [73.827681, 18.46861]}, "properties": {"depth": 28.52}}, {"type": "Feature", "geometry": {"type": "Point", "coordinates": [73.827879, 18.468615]}, "properties": {"depth": 28.52}}, {"type": "Feature", "geometry": {"type": "Point", "coordinates": [73.828015, 18.46864]}, "properties": {"depth": 26.32}}, {"type": "Feature", "geometry": {"type": "Point", "coordinates": [73.828157, 18.468657]}, "properties": {"depth": 26.32}}, {"type": "Feature", "geometry": {"type": "Point", "coordinates": [73.828291, 18.468678]}, "properties": {"depth": 26.42}}, {"type": "Feature", "geometry": {"type": "Point", "coordinates": [73.828825, 18.468501]}, "properties": {"depth": 27.74}}, {"type": "Feature", "geometry": {"type": "Point", "coordinates": [73.829353, 18.468532]}, "properties": {"depth": 27.2}}, {"type": "Feature", "geometry": {"type": "Point", "coordinates": [73.828656, 18.468542]}, "properties": {"depth": 26.49}}, {"type": "Feature", "geometry": {"type": "Point", "coordinates": [73.829573, 18.468571]}, "properties": {"depth": 27.2}}, {"type": "Feature", "geometry": {"type": "Point", "coordinates": [73.828987, 18.468594]}, "properties": {"depth": 27.74}}, {"type": "Feature", "geometry": {"type": "Point", "coordinates": [73.828758, 18.468591]}, "properties": {"depth": 27.74}}, {"type": "Feature", "geometry": {"type": "Point", "coordinates": [73.829364, 18.468628]}, "properties": {"depth": 27.2}}, {"type": "Feature", "geometry": {"type": "Point", "coordinates": [73.829253, 18.468629]}, "properties": {"depth": 29.24}}, {"type": "Feature", "geometry": {"type": "Point", "coordinates": [73.829694, 18.468645]}, "properties": {"depth": 24.74}}, {"type": "Feature", "geometry": {"type": "Point", "coordinates": [73.82956, 18.468708]}, "properties": {"depth": 27.2}}, {"type": "Feature", "geometry": {"type": "Point", "coordinates": [73.83067, 18.468506]}, "properties": {"depth": 27.27}}, {"type": "Feature", "geometry": {"type": "Point", "coordinates": [73.830018, 18.46854]}, "properties": {"depth": 26.5}}, {"type": "Feature", "geometry": {"type": "Point", "coordinates": [73.830303, 18.468548]}, "properties": {"depth": 25.5}}, {"type": "Feature", "geometry": {"type": "Point", "coordinates": [73.830326, 18.468696]}, "properties": {"depth": 25.5}}, {"type": "Feature", "geometry": {"type": "Point", "coordinates": [73.830203, 18.468715]}, "properties": {"depth": 25.5}}, {"type": "Feature", "geometry": {"type": "Point", "coordinates": [73.83066, 18.468721]}, "properties": {"depth": 27.27}}, {"type": "Feature", "geometry": {"type": "Point", "coordinates": [73.829874, 18.468743]}, "properties": {"depth": 26.5}}, {"type": "Feature", "geometry": {"type": "Point", "coordinates": [73.830051, 18.468783]}, "properties": {"depth": 28.47}}, {"type": "Feature", "geometry": {"type": "Point", "coordinates": [73.830355, 18.46889]}, "properties": {"depth": 26.7}}, {"type": "Feature", "geometry": {"type": "Point", "coordinates": [73.829901, 18.468895]}, "properties": {"depth": 28.47}}, {"type": "Feature", "geometry": {"type": "Point", "coordinates": [73.830937, 18.468619]}, "properties": {"depth": 20.77}}, {"type": "Feature", "geometry": {"type": "Point", "coordinates": [73.831461, 18.468703]}, "properties": {"depth": 22.21}}, {"type": "Feature", "geometry": {"type": "Point", "coordinates": [73.831298, 18.468705]}, "properties": {"depth": 22.21}}, {"type": "Feature", "geometry": {"type": "Point", "coordinates": [73.830974, 18.468734]}, "properties": {"depth": 19.98}}, {"type": "Feature", "geometry": {"type": "Point", "coordinates": [73.831484, 18.468803]}, "properties": {"depth": 23.34}}, {"type": "Feature", "geometry": {"type": "Point", "coordinates": [73.83131, 18.468825]}, "properties": {"depth": 23.34}}, {"type": "Feature", "geometry": {"type": "Point", "coordinates": [73.831161, 18.468876]}, "properties": {"depth": 23.91}}, {"type": "Feature", "geometry": {"type": "Point", "coordinates": [73.831013, 18.468952]}, "properties": {"depth": 23.91}}, {"type": "Feature", "geometry": {"type": "Point", "coordinates": [73.831304, 18.468987]}, "properties": {"depth": 23.34}}, {"type": "Feature", "geometry": {"type": "Point", "coordinates": [73.831153, 18.468996]}, "properties": {"depth": 23.91}}, {"type": "Feature", "geometry": {"type": "Point", "coordinates": [73.82864, 18.468738]}, "properties": {"depth": 26.49}}, {"type": "Feature", "geometry": {"type": "Point", "coordinates": [73.828866, 18.468738]}, "properties": {"depth": 27.74}}, {"type": "Feature", "geometry": {"type": "Point", "coordinates": [73.829038, 18.468774]}, "properties": {"depth": 30.79}}, {"type": "Feature", "geometry": {"type": "Point", "coordinates": [73.829376, 18.468795]}, "properties": {"depth": 30.19}}, {"type": "Feature", "geometry": {"type": "Point", "coordinates": [73.829269, 18.468798]}, "properties": {"depth": 30.79}}, {"type": "Feature", "geometry": {"type": "Point", "coordinates": [73.829695, 18.468823]}, "properties": {"depth": 29.1}}, {"type": "Feature", "geometry": {"type": "Point", "coordinates": [73.829623, 18.469004]}, "properties": {"depth": 29.1}}, {"type": "Feature", "geometry": {"type": "Point", "coordinates": [73.829335, 18.469052]}, "properties": {"depth": 29.17}}, {"type": "Feature", "geometry": {"type": "Point", "coordinates": [73.82966, 18.469109]}, "properties": {"depth": 31.61}}, {"type": "Feature", "geometry": {"type": "Point", "coordinates": [73.829596, 18.469117]}, "properties": {"depth": 31.61}}, {"type": "Feature", "geometry": {"type": "Point", "coordinates": [73.828065, 18.467664]}, "properties": {"depth": 23.59}}, {"type": "Feature", "geometry": {"type": "Point", "coordinates": [73.827434, 18.46955]}, "properties": {"depth": 33.61}}, {"type": "Feature", "geometry": {"type": "Point", "coordinates": [73.827411, 18.47008]}, "properties": {"depth": 27.47}}, {"type": "Feature", "geometry": {"type": "Point", "coordinates": [73.828504, 18.468716]}, "properties": {"depth": 26.49}}, {"type": "Feature", "geometry": {"type": "Point", "coordinates": [73.828199, 18.468892]}, "properties": {"depth": 30.37}}, {"type": "Feature", "geometry": {"type": "Point", "coordinates": [73.828482, 18.468899]}, "properties": {"depth": 32.2}}, {"type": "Feature", "geometry": {"type": "Point", "coordinates": [73.82805, 18.468931]}, "properties": {"depth": 29.4}}, {"type": "Feature", "geometry": {"type": "Point", "coordinates": [73.827649, 18.468928]}, "properties": {"depth": 31.72}}, {"type": "Feature", "geometry": {"type": "Point", "coordinates": [73.828344, 18.468979]}, "properties": {"depth": 30.37}}, {"type": "Feature", "geometry": {"type": "Point", "coordinates": [73.828173, 18.469019]}, "properties": {"depth": 29.4}}, {"type": "Feature", "geometry": {"type": "Point", "coordinates": [73.828457, 18.469041]}, "properties": {"depth": 33.08}}, {"type": "Feature", "geometry": {"type": "Point", "coordinates": [73.82774, 18.469172]}, "properties": {"depth": 32.32}}, {"type": "Feature", "geometry": {"type": "Point", "coordinates": [73.82806, 18.469239]}, "properties": {"depth": 31.79}}, {"type": "Feature", "geometry": {"type": "Point", "coordinates": [73.82824, 18.469246]}, "properties": {"depth": 33.08}}, {"type": "Feature", "geometry": {"type": "Point", "coordinates": [73.827632, 18.469314]}, "properties": {"depth": 33.61}}, {"type": "Feature", "geometry": {"type": "Point", "coordinates": [73.827753, 18.46932]}, "properties": {"depth": 31.82}}, {"type": "Feature", "geometry": {"type": "Point", "coordinates": [73.828275, 18.469387]}, "properties": {"depth": 34.02}}, {"type": "Feature", "geometry": {"type": "Point", "coordinates": [73.828499, 18.469386]}, "properties": {"depth": 34.73}}, {"type": "Feature", "geometry": {"type": "Point", "coordinates": [73.828019, 18.469387]}, "properties": {"depth": 32.18}}, {"type": "Feature", "geometry": {"type": "Point", "coordinates": [73.827911, 18.469405]}, "properties": {"depth": 31.82}}, {"type": "Feature", "geometry": {"type": "Point", "coordinates": [73.827736, 18.469662]}, "properties": {"depth": 29.66}}, {"type": "Feature", "geometry": {"type": "Point", "coordinates": [73.827929, 18.46972]}, "properties": {"depth": 31.77}}, {"type": "Feature", "geometry": {"type": "Point", "coordinates": [73.828499, 18.469752]}, "properties": {"depth": 34.89}}, {"type": "Feature", "geometry": {"type": "Point", "coordinates": [73.827483, 18.469795]}, "properties": {"depth": 30.17}}, {"type": "Feature", "geometry": {"type": "Point", "coordinates": [73.827911, 18.470088]}, "properties": {"depth": 29.81}}, {"type": "Feature", "geometry": {"type": "Point", "coordinates": [73.827882, 18.47034]}, "properties": {"depth": 29.89}}, {"type": "Feature", "geometry": {"type": "Point", "coordinates": [73.82778, 18.470619]}, "properties": {"depth": 26.93}}, {"type": "Feature", "geometry": {"type": "Point", "coordinates": [73.8276, 18.47154]}, "properties": {"depth": 29.39}}, {"type": "Feature", "geometry": {"type": "Point", "coordinates": [73.827591, 18.47187]}, "properties": {"depth": 24.99}}, {"type": "Feature", "geometry": {"type": "Point", "coordinates": [73.827668, 18.471939]}, "properties": {"depth": 23.19}}, {"type": "Feature", "geometry": {"type": "Point", "coordinates": [73.827648, 18.472035]}, "properties": {"depth": 23.19}}, {"type": "Feature", "geometry": {"type": "Point", "coordinates": [73.82951, 18.469132]}, "properties": {"depth": 29.17}}, {"type": "Feature", "geometry": {"type": "Point", "coordinates": [73.829381, 18.469166]}, "properties": {"depth": 29.17}}, {"type": "Feature", "geometry": {"type": "Point", "coordinates": [73.828523, 18.46925]}, "properties": {"depth": 34.91}}, {"type": "Feature", "geometry": {"type": "Point", "coordinates": [73.829416, 18.469322]}, "properties": {"depth": 28.29}}, {"type": "Feature", "geometry": {"type": "Point", "coordinates": [73.829574, 18.469347]}, "properties": {"depth": 28.29}}, {"type": "Feature", "geometry": {"type": "Point", "coordinates": [73.828923, 18.469371]}, "properties": {"depth": 33.53}}, {"type": "Feature", "geometry": {"type": "Point", "coordinates": [73.829446, 18.469441]}, "properties": {"depth": 28.29}}, {"type": "Feature", "geometry": {"type": "Point", "coordinates": [73.829097, 18.470146]}, "properties": {"depth": 24.36}}, {"type": "Feature", "geometry": {"type": "Point", "coordinates": [73.828622, 18.470461]}, "properties": {"depth": 33.21}}, {"type": "Feature", "geometry": {"type": "Point", "coordinates": [73.830055, 18.468898]}, "properties": {"depth": 28.47}}, {"type": "Feature", "geometry": {"type": "Point", "coordinates": [73.830855, 18.468905]}, "properties": {"depth": 24.58}}, {"type": "Feature", "geometry": {"type": "Point", "coordinates": [73.830815, 18.469342]}, "properties": {"depth": 17.62}}, {"type": "Feature", "geometry": {"type": "Point", "coordinates": [73.830346, 18.469378]}, "properties": {"depth": 25.16}}, {"type": "Feature", "geometry": {"type": "Point", "coordinates": [73.829779, 18.469415]}, "properties": {"depth": 30.41}}, {"type": "Feature", "geometry": {"type": "Point", "coordinates": [73.830522, 18.469778]}, "properties": {"depth": 24.46}}, {"type": "Feature", "geometry": {"type": "Point", "coordinates": [73.829796, 18.469838]}, "properties": {"depth": 30.98}}, {"type": "Feature", "geometry": {"type": "Point", "coordinates": [73.829979, 18.470107]}, "properties": {"depth": 22.31}}, {"type": "Feature", "geometry": {"type": "Point", "coordinates": [73.831471, 18.469053]}, "properties": {"depth": 22.15}}, {"type": "Feature", "geometry": {"type": "Point", "coordinates": [73.83116, 18.469081]}, "properties": {"depth": 21.08}}, {"type": "Feature", "geometry": {"type": "Point", "coordinates": [73.83131, 18.469096]}, "properties": {"depth": 22.15}}, {"type": "Feature", "geometry": {"type": "Point", "coordinates": [73.83187, 18.469211]}, "properties": {"depth": 16.85}}, {"type": "Feature", "geometry": {"type": "Point", "coordinates": [73.831725, 18.469239]}, "properties": {"depth": 17.9}}, {"type": "Feature", "geometry": {"type": "Point", "coordinates": [73.831203, 18.469237]}, "properties": {"depth": 21.08}}, {"type": "Feature", "geometry": {"type": "Point", "coordinates": [73.83148, 18.469316]}, "properties": {"depth": 22.1}}, {"type": "Feature", "geometry": {"type": "Point", "coordinates": [73.831194, 18.469464]}, "properties": {"depth": 16.35}}, {"type": "Feature", "geometry": {"type": "Point", "coordinates": [73.827454, 18.47204]}, "properties": {"depth": 24.99}}, {"type": "Feature", "geometry": {"type": "Point", "coordinates": [73.828173, 18.472792]}, "properties": {"depth": 1.73}}, {"type": "Feature", "geometry": {"type": "Point", "coordinates": [73.827416, 18.471536]}, "properties": {"depth": 29.39}}, {"type": "Feature", "geometry": {"type": "Point", "coordinates": [73.827405, 18.472033]}, "properties": {"depth": 24.99}}, {"type": "Feature", "geometry": {"type": "Point", "coordinates": [73.770524, 18.45555]}, "properties": {"depth": 1.89}}, {"type": "Feature", "geometry": {"type": "Point", "coordinates": [73.770826, 18.455608]}, "properties": {"depth": 4.15}}, {"type": "Feature", "geometry": {"type": "Point", "coordinates": [73.770621, 18.455619]}, "properties": {"depth": 1.89}}, {"type": "Feature", "geometry": {"type": "Point", "coordinates": [73.77054, 18.455688]}, "properties": {"depth": 1.89}}, {"type": "Feature", "geometry": {"type": "Point", "coordinates": [73.770628, 18.455702]}, "properties": {"depth": 1.51}}, {"type": "Feature", "geometry": {"type": "Point", "coordinates": [73.770742, 18.455704]}, "properties": {"depth": 3.95}}, {"type": "Feature", "geometry": {"type": "Point", "coordinates": [73.7708, 18.455742]}, "properties": {"depth": 3.95}}, {"type": "Feature", "geometry": {"type": "Point", "coordinates": [73.770548, 18.455813]}, "properties": {"depth": 1.51}}, {"type": "Feature", "geometry": {"type": "Point", "coordinates": [73.768941, 18.453033]}, "properties": {"depth": 4.38}}, {"type": "Feature", "geometry": {"type": "Point", "coordinates": [73.768734, 18.45325]}, "properties": {"depth": 2.7}}, {"type": "Feature", "geometry": {"type": "Point", "coordinates": [73.768634, 18.453267]}, "properties": {"depth": 2.7}}, {"type": "Feature", "geometry": {"type": "Point", "coordinates": [73.768673, 18.453654]}, "properties": {"depth": 1.4}}, {"type": "Feature", "geometry": {"type": "Point", "coordinates": [73.767436, 18.453633]}, "properties": {"depth": 1.79}}, {"type": "Feature", "geometry": {"type": "Point", "coordinates": [73.767596, 18.453678]}, "properties": {"depth": 1.79}}, {"type": "Feature", "geometry": {"type": "Point", "coordinates": [73.76798, 18.453703]}, "properties": {"depth": 2.93}}, {"type": "Feature", "geometry": {"type": "Point", "coordinates": [73.767796, 18.453707]}, "properties": {"depth": 3.41}}, {"type": "Feature", "geometry": {"type": "Point", "coordinates": [73.769752, 18.454305]}, "properties": {"depth": 4.86}}, {"type": "Feature", "geometry": {"type": "Point", "coordinates": [73.769878, 18.45454]}, "properties": {"depth": 4.18}}, {"type": "Feature", "geometry": {"type": "Point", "coordinates": [73.769862, 18.454993]}, "properties": {"depth": 5.0}}, {"type": "Feature", "geometry": {"type": "Point", "coordinates": [73.770435, 18.455568]}, "properties": {"depth": 1.89}}, {"type": "Feature", "geometry": {"type": "Point", "coordinates": [73.770093, 18.455581]}, "properties": {"depth": 0.36}}, {"type": "Feature", "geometry": {"type": "Point", "coordinates": [73.769993, 18.455604]}, "properties": {"depth": 0.36}}, {"type": "Feature", "geometry": {"type": "Point", "coordinates": [73.769199, 18.455608]}, "properties": {"depth": 0.01}}, {"type": "Feature", "geometry": {"type": "Point", "coordinates": [73.770459, 18.455763]}, "properties": {"depth": 1.51}}, {"type": "Feature", "geometry": {"type": "Point", "coordinates": [73.769125, 18.45526]}, "properties": {"depth": 1.29}}, {"type": "Feature", "geometry": {"type": "Point", "coordinates": [73.76917, 18.455461]}, "properties": {"depth": 0.01}}, {"type": "Feature", "geometry": {"type": "Point", "coordinates": [73.777678, 18.461756]}, "properties": {"depth": 9.34}}, {"type": "Feature", "geometry": {"type": "Point", "coordinates": [73.77765, 18.461851]}, "properties": {"depth": 7.68}}, {"type": "Feature", "geometry": {"type": "Point", "coordinates": [73.778115, 18.46188]}, "properties": {"depth": 3.87}}, {"type": "Feature", "geometry": {"type": "Point", "coordinates": [73.777941, 18.46211]}, "properties": {"depth": 1.37}}, {"type": "Feature", "geometry": {"type": "Point", "coordinates": [73.777436, 18.462404]}, "properties": {"depth": 0.62}}, {"type": "Feature", "geometry": {"type": "Point", "coordinates": [73.775866, 18.460883]}, "properties": {"depth": 8.09}}, {"type": "Feature", "geometry": {"type": "Point", "coordinates": [73.775935, 18.461038]}, "properties": {"depth": 0.93}}, {"type": "Feature", "geometry": {"type": "Point", "coordinates": [73.776031, 18.461163]}, "properties": {"depth": 4.63}}, {"type": "Feature", "geometry": {"type": "Point", "coordinates": [73.774932, 18.460341]}, "properties": {"depth": 10.83}}, {"type": "Feature", "geometry": {"type": "Point", "coordinates": [73.775082, 18.460502]}, "properties": {"depth": 8.85}}, {"type": "Feature", "geometry": {"type": "Point", "coordinates": [73.774772, 18.460529]}, "properties": {"depth": 5.14}}, {"type": "Feature", "geometry": {"type": "Point", "coordinates": [73.774861, 18.460565]}, "properties": {"depth": 8.85}}, {"type": "Feature", "geometry": {"type": "Point", "coordinates": [73.774972, 18.460614]}, "properties": {"depth": 8.85}}, {"type": "Feature", "geometry": {"type": "Point", "coordinates": [73.774862, 18.460687]}, "properties": {"depth": 8.85}}, {"type": "Feature", "geometry": {"type": "Point", "coordinates": [73.774775, 18.460693]}, "properties": {"depth": 5.14}}, {"type": "Feature", "geometry": {"type": "Point", "coordinates": [73.775138, 18.46071]}, "properties": {"depth": 3.8}}, {"type": "Feature", "geometry": {"type": "Point", "coordinates": [73.77512, 18.460744]}, "properties": {"depth": 3.8}}, {"type": "Feature", "geometry": {"type": "Point", "coordinates": [73.774503, 18.460351]}, "properties": {"depth": 5.04}}, {"type": "Feature", "geometry": {"type": "Point", "coordinates": [73.774339, 18.460349]}, "properties": {"depth": 5.04}}, {"type": "Feature", "geometry": {"type": "Point", "coordinates": [73.773817, 18.460362]}, "properties": {"depth": 2.84}}, {"type": "Feature", "geometry": {"type": "Point", "coordinates": [73.773941, 18.460367]}, "properties": {"depth": 2.84}}, {"type": "Feature", "geometry": {"type": "Point", "coordinates": [73.774032, 18.460371]}, "properties": {"depth": 2.89}}, {"type": "Feature", "geometry": {"type": "Point", "coordinates": [73.774115, 18.460387]}, "properties": {"depth": 2.89}}, {"type": "Feature", "geometry": {"type": "Point", "coordinates": [73.774718, 18.460413]}, "properties": {"depth": 7.86}}, {"type": "Feature", "geometry": {"type": "Point", "coordinates": [73.774185, 18.460412]}, "properties": {"depth": 2.89}}, {"type": "Feature", "geometry": {"type": "Point", "coordinates": [73.774571, 18.460425]}, "properties": {"depth": 2.17}}, {"type": "Feature", "geometry": {"type": "Point", "coordinates": [73.774478, 18.460429]}, "properties": {"depth": 2.17}}, {"type": "Feature", "geometry": {"type": "Point", "coordinates": [73.77296, 18.444682]}, "properties": {"depth": 1.2}}, {"type": "Feature", "geometry": {"type": "Point", "coordinates": [73.77306, 18.454641]}, "properties": {"depth": 10.94}}, {"type": "Feature", "geometry": {"type": "Point", "coordinates": [73.773163, 18.455017]}, "properties": {"depth": 13.23}}, {"type": "Feature", "geometry": {"type": "Point", "coordinates": [73.772742, 18.458674]}, "properties": {"depth": 5.52}}, {"type": "Feature", "geometry": {"type": "Point", "coordinates": [73.772223, 18.452589]}, "properties": {"depth": 10.95}}, {"type": "Feature", "geometry": {"type": "Point", "coordinates": [73.772405, 18.452643]}, "properties": {"depth": 9.56}}, {"type": "Feature", "geometry": {"type": "Point", "coordinates": [73.772253, 18.45274]}, "properties": {"depth": 11.7}}, {"type": "Feature", "geometry": {"type": "Point", "coordinates": [73.772318, 18.452876]}, "properties": {"depth": 11.7}}, {"type": "Feature", "geometry": {"type": "Point", "coordinates": [73.77238, 18.458595]}, "properties": {"depth": 6.72}}, {"type": "Feature", "geometry": {"type": "Point", "coordinates": [73.772527, 18.458655]}, "properties": {"depth": 6.72}}, {"type": "Feature", "geometry": {"type": "Point", "coordinates": [73.772305, 18.458666]}, "properties": {"depth": 7.05}}, {"type": "Feature", "geometry": {"type": "Point", "coordinates": [73.772227, 18.45874]}, "properties": {"depth": 7.05}}, {"type": "Feature", "geometry": {"type": "Point", "coordinates": [73.771627, 18.458791]}, "properties": {"depth": 2.54}}, {"type": "Feature", "geometry": {"type": "Point", "coordinates": [73.773744, 18.459532]}, "properties": {"depth": 9.18}}, {"type": "Feature", "geometry": {"type": "Point", "coordinates": [73.77137, 18.458091]}, "properties": {"depth": 1.78}}, {"type": "Feature", "geometry": {"type": "Point", "coordinates": [73.771405, 18.458177]}, "properties": {"depth": 1.78}}, {"type": "Feature", "geometry": {"type": "Point", "coordinates": [73.771241, 18.458269]}, "properties": {"depth": 0.25}}, {"type": "Feature", "geometry": {"type": "Point", "coordinates": [73.772657, 18.458678]}, "properties": {"depth": 5.52}}, {"type": "Feature", "geometry": {"type": "Point", "coordinates": [73.772897, 18.458715]}, "properties": {"depth": 5.52}}, {"type": "Feature", "geometry": {"type": "Point", "coordinates": [73.772969, 18.458734]}, "properties": {"depth": 0.2}}, {"type": "Feature", "geometry": {"type": "Point", "coordinates": [73.7728, 18.458745]}, "properties": {"depth": 5.52}}, {"type": "Feature", "geometry": {"type": "Point", "coordinates": [73.772945, 18.458813]}, "properties": {"depth": 1.95}}, {"type": "Feature", "geometry": {"type": "Point", "coordinates": [73.77303, 18.458845]}, "properties": {"depth": 1.95}}, {"type": "Feature", "geometry": {"type": "Point", "coordinates": [73.773, 18.458884]}, "properties": {"depth": 1.95}}, {"type": "Feature", "geometry": {"type": "Point", "coordinates": [73.773097, 18.458888]}, "properties": {"depth": 1.95}}, {"type": "Feature", "geometry": {"type": "Point", "coordinates": [73.772971, 18.458917]}, "properties": {"depth": 1.95}}, {"type": "Feature", "geometry": {"type": "Point", "coordinates": [73.773164, 18.458923]}, "properties": {"depth": 1.95}}, {"type": "Feature", "geometry": {"type": "Point", "coordinates": [73.773211, 18.458929]}, "properties": {"depth": 0.2}}, {"type": "Feature", "geometry": {"type": "Point", "coordinates": [73.773072, 18.458951]}, "properties": {"depth": 1.95}}, {"type": "Feature", "geometry": {"type": "Point", "coordinates": [73.771956, 18.458809]}, "properties": {"depth": 6.35}}, {"type": "Feature", "geometry": {"type": "Point", "coordinates": [73.77161, 18.4591]}, "properties": {"depth": 1.37}}, {"type": "Feature", "geometry": {"type": "Point", "coordinates": [73.771753, 18.459119]}, "properties": {"depth": 1.37}}, {"type": "Feature", "geometry": {"type": "Point", "coordinates": [73.772618, 18.45913]}, "properties": {"depth": 0.55}}, {"type": "Feature", "geometry": {"type": "Point", "coordinates": [73.77211, 18.459176]}, "properties": {"depth": 5.08}}, {"type": "Feature", "geometry": {"type": "Point", "coordinates": [73.77259, 18.45921]}, "properties": {"depth": 0.55}}, {"type": "Feature", "geometry": {"type": "Point", "coordinates": [73.772572, 18.459264]}, "properties": {"depth": 0.55}}, {"type": "Feature", "geometry": {"type": "Point", "coordinates": [73.773134, 18.459004]}, "properties": {"depth": 1.95}}, {"type": "Feature", "geometry": {"type": "Point", "coordinates": [73.773238, 18.459002]}, "properties": {"depth": 0.2}}, {"type": "Feature", "geometry": {"type": "Point", "coordinates": [73.772943, 18.459007]}, "properties": {"depth": 1.95}}, {"type": "Feature", "geometry": {"type": "Point", "coordinates": [73.773027, 18.459022]}, "properties": {"depth": 1.95}}, {"type": "Feature", "geometry": {"type": "Point", "coordinates": [73.772639, 18.459034]}, "properties": {"depth": 0.55}}, {"type": "Feature", "geometry": {"type": "Point", "coordinates": [73.773095, 18.45906]}, "properties": {"depth": 3.14}}, {"type": "Feature", "geometry": {"type": "Point", "coordinates": [73.772978, 18.459094]}, "properties": {"depth": 3.14}}, {"type": "Feature", "geometry": {"type": "Point", "coordinates": [73.773067, 18.459161]}, "properties": {"depth": 3.14}}, {"type": "Feature", "geometry": {"type": "Point", "coordinates": [73.770561, 18.459161]}, "properties": {"depth": 0.05}}, {"type": "Feature", "geometry": {"type": "Point", "coordinates": [73.773368, 18.459368]}, "properties": {"depth": 5.43}}, {"type": "Feature", "geometry": {"type": "Point", "coordinates": [73.773322, 18.459456]}, "properties": {"depth": 5.43}}, {"type": "Feature", "geometry": {"type": "Point", "coordinates": [73.773531, 18.459485]}, "properties": {"depth": 9.18}}, {"type": "Feature", "geometry": {"type": "Point", "coordinates": [73.773666, 18.459499]}, "properties": {"depth": 9.18}}, {"type": "Feature", "geometry": {"type": "Point", "coordinates": [73.770471, 18.455951]}, "properties": {"depth": 1.51}}, {"type": "Feature", "geometry": {"type": "Point", "coordinates": [73.770616, 18.455848]}, "properties": {"depth": 1.51}}, {"type": "Feature", "geometry": {"type": "Point", "coordinates": [73.77083, 18.455852]}, "properties": {"depth": 3.95}}, {"type": "Feature", "geometry": {"type": "Point", "coordinates": [73.771062, 18.455888]}, "properties": {"depth": 11.19}}, {"type": "Feature", "geometry": {"type": "Point", "coordinates": [73.770752, 18.456001]}, "properties": {"depth": 2.88}}, {"type": "Feature", "geometry": {"type": "Point", "coordinates": [73.770671, 18.455993]}, "properties": {"depth": 1.02}}, {"type": "Feature", "geometry": {"type": "Point", "coordinates": [73.770484, 18.456039]}, "properties": {"depth": 1.02}}, {"type": "Feature", "geometry": {"type": "Point", "coordinates": [73.770916, 18.456083]}, "properties": {"depth": 2.88}}, {"type": "Feature", "geometry": {"type": "Point", "coordinates": [73.770489, 18.456113]}, "properties": {"depth": 1.02}}, {"type": "Feature", "geometry": {"type": "Point", "coordinates": [73.770821, 18.456134]}, "properties": {"depth": 2.88}}, {"type": "Feature", "geometry": {"type": "Point", "coordinates": [73.771129, 18.456154]}, "properties": {"depth": 8.91}}, {"type": "Feature", "geometry": {"type": "Point", "coordinates": [73.768803, 18.456293]}, "properties": {"depth": 1.53}}, {"type": "Feature", "geometry": {"type": "Point", "coordinates": [73.768848, 18.456368]}, "properties": {"depth": 1.53}}, {"type": "Feature", "geometry": {"type": "Point", "coordinates": [73.770402, 18.456351]}, "properties": {"depth": 0.11}}, {"type": "Feature", "geometry": {"type": "Point", "coordinates": [73.770284, 18.456359]}, "properties": {"depth": 0.11}}, {"type": "Feature", "geometry": {"type": "Point", "coordinates": [73.770298, 18.456491]}, "properties": {"depth": 0.11}}, {"type": "Feature", "geometry": {"type": "Point", "coordinates": [73.770634, 18.456181]}, "properties": {"depth": 1.02}}, {"type": "Feature", "geometry": {"type": "Point", "coordinates": [73.770489, 18.456188]}, "properties": {"depth": 1.02}}, {"type": "Feature", "geometry": {"type": "Point", "coordinates": [73.770565, 18.456194]}, "properties": {"depth": 1.02}}, {"type": "Feature", "geometry": {"type": "Point", "coordinates": [73.770662, 18.456302]}, "properties": {"depth": 1.28}}, {"type": "Feature", "geometry": {"type": "Point", "coordinates": [73.770549, 18.456336]}, "properties": {"depth": 1.28}}, {"type": "Feature", "geometry": {"type": "Point", "coordinates": [73.770536, 18.456479]}, "properties": {"depth": 1.28}}, {"type": "Feature", "geometry": {"type": "Point", "coordinates": [73.770747, 18.456505]}, "properties": {"depth": 4.03}}, {"type": "Feature", "geometry": {"type": "Point", "coordinates": [73.770928, 18.456645]}, "properties": {"depth": 4.29}}, {"type": "Feature", "geometry": {"type": "Point", "coordinates": [73.770533, 18.456656]}, "properties": {"depth": 3.26}}, {"type": "Feature", "geometry": {"type": "Point", "coordinates": [73.771165, 18.456679]}, "properties": {"depth": 5.95}}, {"type": "Feature", "geometry": {"type": "Point", "coordinates": [73.770379, 18.45656]}, "properties": {"depth": 0.94}}, {"type": "Feature", "geometry": {"type": "Point", "coordinates": [73.769796, 18.45656]}, "properties": {"depth": 0.24}}, {"type": "Feature", "geometry": {"type": "Point", "coordinates": [73.769567, 18.456655]}, "properties": {"depth": 0.91}}, {"type": "Feature", "geometry": {"type": "Point", "coordinates": [73.770281, 18.456687]}, "properties": {"depth": 0.94}}, {"type": "Feature", "geometry": {"type": "Point", "coordinates": [73.769781, 18.456691]}, "properties": {"depth": 0.24}}, {"type": "Feature", "geometry": {"type": "Point", "coordinates": [73.770419, 18.456701]}, "properties": {"depth": 3.26}}, {"type": "Feature", "geometry": {"type": "Point", "coordinates": [73.769833, 18.456701]}, "properties": {"depth": 0.24}}, {"type": "Feature", "geometry": {"type": "Point", "coordinates": [73.770378, 18.456705]}, "properties": {"depth": 0.94}}, {"type": "Feature", "geometry": {"type": "Point", "coordinates": [73.769723, 18.456711]}, "properties": {"depth": 0.24}}, {"type": "Feature", "geometry": {"type": "Point", "coordinates": [73.769582, 18.456727]}, "properties": {"depth": 0.91}}, {"type": "Feature", "geometry": {"type": "Point", "coordinates": [73.770233, 18.456736]}, "properties": {"depth": 0.94}}, {"type": "Feature", "geometry": {"type": "Point", "coordinates": [73.770163, 18.456753]}, "properties": {"depth": 0.94}}, {"type": "Feature", "geometry": {"type": "Point", "coordinates": [73.769758, 18.456758]}, "properties": {"depth": 0.24}}, {"type": "Feature", "geometry": {"type": "Point", "coordinates": [73.769823, 18.456761]}, "properties": {"depth": 0.24}}, {"type": "Feature", "geometry": {"type": "Point", "coordinates": [73.770393, 18.456769]}, "properties": {"depth": 0.94}}, {"type": "Feature", "geometry": {"type": "Point", "coordinates": [73.770307, 18.456777]}, "properties": {"depth": 0.94}}, {"type": "Feature", "geometry": {"type": "Point", "coordinates": [73.769197, 18.456811]}, "properties": {"depth": 1.53}}, {"type": "Feature", "geometry": {"type": "Point", "coordinates": [73.769928, 18.456821]}, "properties": {"depth": 3.42}}, {"type": "Feature", "geometry": {"type": "Point", "coordinates": [73.769858, 18.456825]}, "properties": {"depth": 3.75}}, {"type": "Feature", "geometry": {"type": "Point", "coordinates": [73.77003, 18.456828]}, "properties": {"depth": 3.42}}, {"type": "Feature", "geometry": {"type": "Point", "coordinates": [73.769701, 18.456831]}, "properties": {"depth": 3.75}}, {"type": "Feature", "geometry": {"type": "Point", "coordinates": [73.769804, 18.456851]}, "properties": {"depth": 3.75}}, {"type": "Feature", "geometry": {"type": "Point", "coordinates": [73.770451, 18.456857]}, "properties": {"depth": 4.78}}, {"type": "Feature", "geometry": {"type": "Point", "coordinates": [73.770288, 18.456882]}, "properties": {"depth": 3.3}}, {"type": "Feature", "geometry": {"type": "Point", "coordinates": [73.770359, 18.456893]}, "properties": {"depth": 3.3}}, {"type": "Feature", "geometry": {"type": "Point", "coordinates": [73.770121, 18.456892]}, "properties": {"depth": 3.42}}, {"type": "Feature", "geometry": {"type": "Point", "coordinates": [73.770211, 18.456905]}, "properties": {"depth": 3.3}}, {"type": "Feature", "geometry": {"type": "Point", "coordinates": [73.770034, 18.456904]}, "properties": {"depth": 3.42}}, {"type": "Feature", "geometry": {"type": "Point", "coordinates": [73.769938, 18.456917]}, "properties": {"depth": 3.42}}, {"type": "Feature", "geometry": {"type": "Point", "coordinates": [73.770397, 18.456943]}, "properties": {"depth": 3.3}}, {"type": "Feature", "geometry": {"type": "Point", "coordinates": [73.769793, 18.456938]}, "properties": {"depth": 3.75}}, {"type": "Feature", "geometry": {"type": "Point", "coordinates": [73.770363, 18.456952]}, "properties": {"depth": 3.3}}, {"type": "Feature", "geometry": {"type": "Point", "coordinates": [73.770272, 18.456972]}, "properties": {"depth": 3.3}}, {"type": "Feature", "geometry": {"type": "Point", "coordinates": [73.769863, 18.456975]}, "properties": {"depth": 3.42}}, {"type": "Feature", "geometry": {"type": "Point", "coordinates": [73.770314, 18.456978]}, "properties": {"depth": 3.3}}, {"type": "Feature", "geometry": {"type": "Point", "coordinates": [73.770233, 18.457012]}, "properties": {"depth": 3.3}}, {"type": "Feature", "geometry": {"type": "Point", "coordinates": [73.769952, 18.457015]}, "properties": {"depth": 3.42}}, {"type": "Feature", "geometry": {"type": "Point", "coordinates": [73.769332, 18.45703]}, "properties": {"depth": 1.58}}, {"type": "Feature", "geometry": {"type": "Point", "coordinates": [73.770045, 18.45703]}, "properties": {"depth": 3.42}}, {"type": "Feature", "geometry": {"type": "Point", "coordinates": [73.770158, 18.457039]}, "properties": {"depth": 3.3}}, {"type": "Feature", "geometry": {"type": "Point", "coordinates": [73.770655, 18.456745]}, "properties": {"depth": 3.26}}, {"type": "Feature", "geometry": {"type": "Point", "coordinates": [73.770593, 18.456797]}, "properties": {"depth": 3.26}}, {"type": "Feature", "geometry": {"type": "Point", "coordinates": [73.770762, 18.457196]}, "properties": {"depth": 4.48}}, {"type": "Feature", "geometry": {"type": "Point", "coordinates": [73.770786, 18.457202]}, "properties": {"depth": 4.48}}, {"type": "Feature", "geometry": {"type": "Point", "coordinates": [73.77078, 18.457201]}, "properties": {"depth": 4.48}}, {"type": "Feature", "geometry": {"type": "Point", "coordinates": [73.770489, 18.457572]}, "properties": {"depth": 3.87}}, {"type": "Feature", "geometry": {"type": "Point", "coordinates": [73.771414, 18.457635]}, "properties": {"depth": 4.84}}, {"type": "Feature", "geometry": {"type": "Point", "coordinates": [73.770559, 18.457643]}, "properties": {"depth": 0.7}}, {"type": "Feature", "geometry": {"type": "Point", "coordinates": [73.768909, 18.456637]}, "properties": {"depth": 1.61}}, {"type": "Feature", "geometry": {"type": "Point", "coordinates": [73.76899, 18.456651]}, "properties": {"depth": 1.61}}, {"type": "Feature", "geometry": {"type": "Point", "coordinates": [73.769164, 18.456887]}, "properties": {"depth": 1.53}}, {"type": "Feature", "geometry": {"type": "Point", "coordinates": [73.769149, 18.45704]}, "properties": {"depth": 1.53}}, {"type": "Feature", "geometry": {"type": "Point", "coordinates": [73.76882, 18.457419]}, "properties": {"depth": 4.49}}, {"type": "Feature", "geometry": {"type": "Point", "coordinates": [73.768918, 18.457511]}, "properties": {"depth": 4.49}}, {"type": "Feature", "geometry": {"type": "Point", "coordinates": [73.768986, 18.457867]}, "properties": {"depth": 2.29}}, {"type": "Feature", "geometry": {"type": "Point", "coordinates": [73.768887, 18.458048]}, "properties": {"depth": 0.03}}, {"type": "Feature", "geometry": {"type": "Point", "coordinates": [73.769572, 18.45722]}, "properties": {"depth": 2.59}}, {"type": "Feature", "geometry": {"type": "Point", "coordinates": [73.769789, 18.457242]}, "properties": {"depth": 4.33}}, {"type": "Feature", "geometry": {"type": "Point", "coordinates": [73.770195, 18.457438]}, "properties": {"depth": 4.44}}, {"type": "Feature", "geometry": {"type": "Point", "coordinates": [73.770182, 18.457511]}, "properties": {"depth": 4.44}}, {"type": "Feature", "geometry": {"type": "Point", "coordinates": [73.769635, 18.457527]}, "properties": {"depth": 2.69}}, {"type": "Feature", "geometry": {"type": "Point", "coordinates": [73.770048, 18.457539]}, "properties": {"depth": 3.4}}, {"type": "Feature", "geometry": {"type": "Point", "coordinates": [73.770356, 18.457542]}, "properties": {"depth": 4.44}}, {"type": "Feature", "geometry": {"type": "Point", "coordinates": [73.770402, 18.457558]}, "properties": {"depth": 4.44}}, {"type": "Feature", "geometry": {"type": "Point", "coordinates": [73.769433, 18.457554]}, "properties": {"depth": 2.62}}, {"type": "Feature", "geometry": {"type": "Point", "coordinates": [73.769804, 18.457601]}, "properties": {"depth": 2.69}}, {"type": "Feature", "geometry": {"type": "Point", "coordinates": [73.770508, 18.4577]}, "properties": {"depth": 0.7}}, {"type": "Feature", "geometry": {"type": "Point", "coordinates": [73.771442, 18.457748]}, "properties": {"depth": 2.7}}, {"type": "Feature", "geometry": {"type": "Point", "coordinates": [73.770912, 18.45779]}, "properties": {"depth": 0.4}}, {"type": "Feature", "geometry": {"type": "Point", "coordinates": [73.770506, 18.457814]}, "properties": {"depth": 0.7}}, {"type": "Feature", "geometry": {"type": "Point", "coordinates": [73.771253, 18.457827]}, "properties": {"depth": 2.7}}, {"type": "Feature", "geometry": {"type": "Point", "coordinates": [73.771316, 18.457947]}, "properties": {"depth": 1.78}}, {"type": "Feature", "geometry": {"type": "Point", "coordinates": [73.769625, 18.457647]}, "properties": {"depth": 0.08}}, {"type": "Feature", "geometry": {"type": "Point", "coordinates": [73.769464, 18.457676]}, "properties": {"depth": 1.2}}, {"type": "Feature", "geometry": {"type": "Point", "coordinates": [73.76955, 18.457682]}, "properties": {"depth": 1.2}}, {"type": "Feature", "geometry": {"type": "Point", "coordinates": [73.770117, 18.457692]}, "properties": {"depth": 0.08}}, {"type": "Feature", "geometry": {"type": "Point", "coordinates": [73.770312, 18.457693]}, "properties": {"depth": 1.01}}, {"type": "Feature", "geometry": {"type": "Point", "coordinates": [73.769383, 18.457793]}, "properties": {"depth": 1.2}}, {"type": "Feature", "geometry": {"type": "Point", "coordinates": [73.769482, 18.457818]}, "properties": {"depth": 1.2}}, {"type": "Feature", "geometry": {"type": "Point", "coordinates": [73.770254, 18.457863]}, "properties": {"depth": 1.01}}, {"type": "Feature", "geometry": {"type": "Point", "coordinates": [73.770013, 18.457891]}, "properties": {"depth": 0.08}}, {"type": "Feature", "geometry": {"type": "Point", "coordinates": [73.770071, 18.458566]}, "properties": {"depth": 0.39}}, {"type": "Feature", "geometry": {"type": "Point", "coordinates": [73.770385, 18.458712]}, "properties": {"depth": 0.79}}, {"type": "Feature", "geometry": {"type": "Point", "coordinates": [73.76991, 18.458716]}, "properties": {"depth": 0.39}}, {"type": "Feature", "geometry": {"type": "Point", "coordinates": [73.771446, 18.458308]}, "properties": {"depth": 0.35}}, {"type": "Feature", "geometry": {"type": "Point", "coordinates": [73.77148, 18.458399]}, "properties": {"depth": 0.35}}, {"type": "Feature", "geometry": {"type": "Point", "coordinates": [73.771049, 18.458408]}, "properties": {"depth": 0.25}}, {"type": "Feature", "geometry": {"type": "Point", "coordinates": [73.771271, 18.458455]}, "properties": {"depth": 0.35}}, {"type": "Feature", "geometry": {"type": "Point", "coordinates": [73.7712, 18.45882]}, "properties": {"depth": 1.04}}, {"type": "Feature", "geometry": {"type": "Point", "coordinates": [73.770759, 18.458972]}, "properties": {"depth": 1.06}}, {"type": "Feature", "geometry": {"type": "Point", "coordinates": [73.770448, 18.45885]}, "properties": {"depth": 0.94}}, {"type": "Feature", "geometry": {"type": "Point", "coordinates": [73.770209, 18.458964]}, "properties": {"depth": 0.36}}, {"type": "Feature", "geometry": {"type": "Point", "coordinates": [73.772283, 18.459546]}, "properties": {"depth": 0.74}}, {"type": "Feature", "geometry": {"type": "Point", "coordinates": [73.773375, 18.45951]}, "properties": {"depth": 5.43}}, {"type": "Feature", "geometry": {"type": "Point", "coordinates": [73.773179, 18.459526]}, "properties": {"depth": 1.83}}, {"type": "Feature", "geometry": {"type": "Point", "coordinates": [73.773428, 18.459537]}, "properties": {"depth": 5.43}}, {"type": "Feature", "geometry": {"type": "Point", "coordinates": [73.773263, 18.459577]}, "properties": {"depth": 5.43}}, {"type": "Feature", "geometry": {"type": "Point", "coordinates": [73.77345, 18.45958]}, "properties": {"depth": 5.43}}, {"type": "Feature", "geometry": {"type": "Point", "coordinates": [73.773122, 18.459581]}, "properties": {"depth": 1.83}}, {"type": "Feature", "geometry": {"type": "Point", "coordinates": [73.773544, 18.459616]}, "properties": {"depth": 4.41}}, {"type": "Feature", "geometry": {"type": "Point", "coordinates": [73.773787, 18.459552]}, "properties": {"depth": 12.33}}, {"type": "Feature", "geometry": {"type": "Point", "coordinates": [73.773819, 18.459572]}, "properties": {"depth": 12.33}}, {"type": "Feature", "geometry": {"type": "Point", "coordinates": [73.773874, 18.4596]}, "properties": {"depth": 6.9}}, {"type": "Feature", "geometry": {"type": "Point", "coordinates": [73.773741, 18.459618]}, "properties": {"depth": 4.41}}, {"type": "Feature", "geometry": {"type": "Point", "coordinates": [73.773836, 18.459674]}, "properties": {"depth": 6.9}}, {"type": "Feature", "geometry": {"type": "Point", "coordinates": [73.773927, 18.459689]}, "properties": {"depth": 6.9}}, {"type": "Feature", "geometry": {"type": "Point", "coordinates": [73.774013, 18.459688]}, "properties": {"depth": 6.9}}, {"type": "Feature", "geometry": {"type": "Point", "coordinates": [73.773734, 18.45969]}, "properties": {"depth": 4.41}}, {"type": "Feature", "geometry": {"type": "Point", "coordinates": [73.774044, 18.459757]}, "properties": {"depth": 10.9}}, {"type": "Feature", "geometry": {"type": "Point", "coordinates": [73.774128, 18.45978]}, "properties": {"depth": 10.9}}, {"type": "Feature", "geometry": {"type": "Point", "coordinates": [73.773223, 18.45964]}, "properties": {"depth": 2.39}}, {"type": "Feature", "geometry": {"type": "Point", "coordinates": [73.773641, 18.459653]}, "properties": {"depth": 4.41}}, {"type": "Feature", "geometry": {"type": "Point", "coordinates": [73.773337, 18.459687]}, "properties": {"depth": 2.39}}, {"type": "Feature", "geometry": {"type": "Point", "coordinates": [73.773553, 18.459708]}, "properties": {"depth": 4.41}}, {"type": "Feature", "geometry": {"type": "Point", "coordinates": [73.773195, 18.459705]}, "properties": {"depth": 2.39}}, {"type": "Feature", "geometry": {"type": "Point", "coordinates": [73.773617, 18.459736]}, "properties": {"depth": 4.41}}, {"type": "Feature", "geometry": {"type": "Point", "coordinates": [73.77369, 18.459777]}, "properties": {"depth": 4.41}}, {"type": "Feature", "geometry": {"type": "Point", "coordinates": [73.773433, 18.459793]}, "properties": {"depth": 2.39}}, {"type": "Feature", "geometry": {"type": "Point", "coordinates": [73.773301, 18.459814]}, "properties": {"depth": 2.39}}, {"type": "Feature", "geometry": {"type": "Point", "coordinates": [73.773371, 18.459854]}, "properties": {"depth": 2.39}}, {"type": "Feature", "geometry": {"type": "Point", "coordinates": [73.773886, 18.459781]}, "properties": {"depth": 6.9}}, {"type": "Feature", "geometry": {"type": "Point", "coordinates": [73.77379, 18.459788]}, "properties": {"depth": 6.9}}, {"type": "Feature", "geometry": {"type": "Point", "coordinates": [73.773855, 18.459836]}, "properties": {"depth": 6.9}}, {"type": "Feature", "geometry": {"type": "Point", "coordinates": [73.7742, 18.459843]}, "properties": {"depth": 10.9}}, {"type": "Feature", "geometry": {"type": "Point", "coordinates": [73.773964, 18.459852]}, "properties": {"depth": 6.9}}, {"type": "Feature", "geometry": {"type": "Point", "coordinates": [73.774029, 18.459882]}, "properties": {"depth": 4.9}}, {"type": "Feature", "geometry": {"type": "Point", "coordinates": [73.774076, 18.459906]}, "properties": {"depth": 4.9}}, {"type": "Feature", "geometry": {"type": "Point", "coordinates": [73.774365, 18.459908]}, "properties": {"depth": 8.9}}, {"type": "Feature", "geometry": {"type": "Point", "coordinates": [73.77415, 18.45993]}, "properties": {"depth": 4.9}}, {"type": "Feature", "geometry": {"type": "Point", "coordinates": [73.773814, 18.459942]}, "properties": {"depth": 3.9}}, {"type": "Feature", "geometry": {"type": "Point", "coordinates": [73.773502, 18.459865]}, "properties": {"depth": 0.7}}, {"type": "Feature", "geometry": {"type": "Point", "coordinates": [73.773154, 18.459876]}, "properties": {"depth": 0.3}}, {"type": "Feature", "geometry": {"type": "Point", "coordinates": [73.773699, 18.459902]}, "properties": {"depth": 0.7}}, {"type": "Feature", "geometry": {"type": "Point", "coordinates": [73.773569, 18.459915]}, "properties": {"depth": 0.7}}, {"type": "Feature", "geometry": {"type": "Point", "coordinates": [73.773635, 18.459918]}, "properties": {"depth": 0.7}}, {"type": "Feature", "geometry": {"type": "Point", "coordinates": [73.772919, 18.459925]}, "properties": {"depth": 0.3}}, {"type": "Feature", "geometry": {"type": "Point", "coordinates": [73.774253, 18.459958]}, "properties": {"depth": 4.9}}, {"type": "Feature", "geometry": {"type": "Point", "coordinates": [73.773921, 18.45999]}, "properties": {"depth": 3.9}}, {"type": "Feature", "geometry": {"type": "Point", "coordinates": [73.773795, 18.46]}, "properties": {"depth": 3.9}}, {"type": "Feature", "geometry": {"type": "Point", "coordinates": [73.774034, 18.460015]}, "properties": {"depth": 4.9}}, {"type": "Feature", "geometry": {"type": "Point", "coordinates": [73.774318, 18.460028]}, "properties": {"depth": 8.9}}, {"type": "Feature", "geometry": {"type": "Point", "coordinates": [73.774101, 18.460042]}, "properties": {"depth": 4.9}}, {"type": "Feature", "geometry": {"type": "Point", "coordinates": [73.773778, 18.460047]}, "properties": {"depth": 3.9}}, {"type": "Feature", "geometry": {"type": "Point", "coordinates": [73.773903, 18.460076]}, "properties": {"depth": 3.9}}, {"type": "Feature", "geometry": {"type": "Point", "coordinates": [73.774162, 18.460079]}, "properties": {"depth": 4.9}}, {"type": "Feature", "geometry": {"type": "Point", "coordinates": [73.774073, 18.460088]}, "properties": {"depth": 4.9}}, {"type": "Feature", "geometry": {"type": "Point", "coordinates": [73.773681, 18.459961]}, "properties": {"depth": 0.7}}, {"type": "Feature", "geometry": {"type": "Point", "coordinates": [73.773487, 18.460006]}, "properties": {"depth": 0.7}}, {"type": "Feature", "geometry": {"type": "Point", "coordinates": [73.77358, 18.460009]}, "properties": {"depth": 0.7}}, {"type": "Feature", "geometry": {"type": "Point", "coordinates": [73.773188, 18.460036]}, "properties": {"depth": 0.3}}, {"type": "Feature", "geometry": {"type": "Point", "coordinates": [73.773663, 18.460049]}, "properties": {"depth": 0.7}}, {"type": "Feature", "geometry": {"type": "Point", "coordinates": [73.773641, 18.460138]}, "properties": {"depth": 0.7}}, {"type": "Feature", "geometry": {"type": "Point", "coordinates": [73.773506, 18.460182]}, "properties": {"depth": 0.41}}, {"type": "Feature", "geometry": {"type": "Point", "coordinates": [73.773564, 18.460188]}, "properties": {"depth": 0.41}}, {"type": "Feature", "geometry": {"type": "Point", "coordinates": [73.773619, 18.46023]}, "properties": {"depth": 0.41}}, {"type": "Feature", "geometry": {"type": "Point", "coordinates": [73.773769, 18.460094]}, "properties": {"depth": 3.9}}, {"type": "Feature", "geometry": {"type": "Point", "coordinates": [73.773988, 18.460102]}, "properties": {"depth": 3.9}}, {"type": "Feature", "geometry": {"type": "Point", "coordinates": [73.773757, 18.460145]}, "properties": {"depth": 2.84}}, {"type": "Feature", "geometry": {"type": "Point", "coordinates": [73.774243, 18.460157]}, "properties": {"depth": 2.89}}, {"type": "Feature", "geometry": {"type": "Point", "coordinates": [73.774124, 18.460156]}, "properties": {"depth": 2.89}}, {"type": "Feature", "geometry": {"type": "Point", "coordinates": [73.773875, 18.460161]}, "properties": {"depth": 2.84}}, {"type": "Feature", "geometry": {"type": "Point", "coordinates": [73.773967, 18.460178]}, "properties": {"depth": 2.84}}, {"type": "Feature", "geometry": {"type": "Point", "coordinates": [73.77375, 18.460192]}, "properties": {"depth": 2.84}}, {"type": "Feature", "geometry": {"type": "Point", "coordinates": [73.774535, 18.460227]}, "properties": {"depth": 5.04}}, {"type": "Feature", "geometry": {"type": "Point", "coordinates": [73.774015, 18.460244]}, "properties": {"depth": 2.84}}, {"type": "Feature", "geometry": {"type": "Point", "coordinates": [73.773547, 18.460295]}, "properties": {"depth": 0.41}}, {"type": "Feature", "geometry": {"type": "Point", "coordinates": [73.773629, 18.460329]}, "properties": {"depth": 0.41}}, {"type": "Feature", "geometry": {"type": "Point", "coordinates": [73.77383, 18.460244]}, "properties": {"depth": 2.84}}, {"type": "Feature", "geometry": {"type": "Point", "coordinates": [73.774353, 18.460257]}, "properties": {"depth": 5.04}}, {"type": "Feature", "geometry": {"type": "Point", "coordinates": [73.774082, 18.460266]}, "properties": {"depth": 2.89}}, {"type": "Feature", "geometry": {"type": "Point", "coordinates": [73.774534, 18.460284]}, "properties": {"depth": 5.04}}, {"type": "Feature", "geometry": {"type": "Point", "coordinates": [73.774166, 18.460303]}, "properties": {"depth": 2.89}}, {"type": "Feature", "geometry": {"type": "Point", "coordinates": [73.774258, 18.460304]}, "properties": {"depth": 2.89}}, {"type": "Feature", "geometry": {"type": "Point", "coordinates": [73.773739, 18.460312]}, "properties": {"depth": 0.41}}, {"type": "Feature", "geometry": {"type": "Point", "coordinates": [73.774369, 18.460317]}, "properties": {"depth": 5.04}}, {"type": "Feature", "geometry": {"type": "Point", "coordinates": [73.774647, 18.460344]}, "properties": {"depth": 7.86}}, {"type": "Feature", "geometry": {"type": "Point", "coordinates": [73.773893, 18.460343]}, "properties": {"depth": 2.84}}, {"type": "Feature", "geometry": {"type": "Point", "coordinates": [73.773483, 18.460339]}, "properties": {"depth": 0.41}}, {"type": "Feature", "geometry": {"type": "Point", "coordinates": [73.773623, 18.460394]}, "properties": {"depth": 0.41}}, {"type": "Feature", "geometry": {"type": "Point", "coordinates": [73.773884, 18.460429]}, "properties": {"depth": 1.15}}, {"type": "Feature", "geometry": {"type": "Point", "coordinates": [73.774314, 18.460433]}, "properties": {"depth": 2.17}}, {"type": "Feature", "geometry": {"type": "Point", "coordinates": [73.773965, 18.460434]}, "properties": {"depth": 1.15}}, {"type": "Feature", "geometry": {"type": "Point", "coordinates": [73.774002, 18.460443]}, "properties": {"depth": 1.15}}, {"type": "Feature", "geometry": {"type": "Point", "coordinates": [73.774055, 18.460453]}, "properties": {"depth": 0.94}}, {"type": "Feature", "geometry": {"type": "Point", "coordinates": [73.773797, 18.460458]}, "properties": {"depth": 1.15}}, {"type": "Feature", "geometry": {"type": "Point", "coordinates": [73.774638, 18.46047]}, "properties": {"depth": 5.14}}, {"type": "Feature", "geometry": {"type": "Point", "coordinates": [73.773877, 18.460468]}, "properties": {"depth": 1.15}}, {"type": "Feature", "geometry": {"type": "Point", "coordinates": [73.77454, 18.460491]}, "properties": {"depth": 2.17}}, {"type": "Feature", "geometry": {"type": "Point", "coordinates": [73.773951, 18.46049]}, "properties": {"depth": 1.15}}, {"type": "Feature", "geometry": {"type": "Point", "coordinates": [73.774153, 18.460492]}, "properties": {"depth": 0.94}}, {"type": "Feature", "geometry": {"type": "Point", "coordinates": [73.774029, 18.460507]}, "properties": {"depth": 0.94}}, {"type": "Feature", "geometry": {"type": "Point", "coordinates": [73.774442, 18.460518]}, "properties": {"depth": 2.17}}, {"type": "Feature", "geometry": {"type": "Point", "coordinates": [73.774285, 18.460521]}, "properties": {"depth": 0.94}}, {"type": "Feature", "geometry": {"type": "Point", "coordinates": [73.773862, 18.460522]}, "properties": {"depth": 1.15}}, {"type": "Feature", "geometry": {"type": "Point", "coordinates": [73.774094, 18.460525]}, "properties": {"depth": 0.94}}, {"type": "Feature", "geometry": {"type": "Point", "coordinates": [73.773915, 18.46054]}, "properties": {"depth": 1.15}}, {"type": "Feature", "geometry": {"type": "Point", "coordinates": [73.773797, 18.460548]}, "properties": {"depth": 1.15}}, {"type": "Feature", "geometry": {"type": "Point", "coordinates": [73.774593, 18.460559]}, "properties": {"depth": 5.14}}, {"type": "Feature", "geometry": {"type": "Point", "coordinates": [73.752098, 18.551905]}, "properties": {"depth": 2.45}}, {"type": "Feature", "geometry": {"type": "Point", "coordinates": [73.752479, 18.551979]}, "properties": {"depth": 2.29}}, {"type": "Feature", "geometry": {"type": "Point", "coordinates": [73.754575, 18.552035]}, "properties": {"depth": 2.09}}, {"type": "Feature", "geometry": {"type": "Point", "coordinates": [73.754944, 18.552215]}, "properties": {"depth": 6.74}}, {"type": "Feature", "geometry": {"type": "Point", "coordinates": [73.754568, 18.552234]}, "properties": {"depth": 3.23}}, {"type": "Feature", "geometry": {"type": "Point", "coordinates": [73.754311, 18.553017]}, "properties": {"depth": 5.27}}, {"type": "Feature", "geometry": {"type": "Point", "coordinates": [73.754194, 18.553053]}, "properties": {"depth": 2.88}}, {"type": "Feature", "geometry": {"type": "Point", "coordinates": [73.754036, 18.553078]}, "properties": {"depth": 2.88}}, {"type": "Feature", "geometry": {"type": "Point", "coordinates": [73.754526, 18.553249]}, "properties": {"depth": 4.7}}, {"type": "Feature", "geometry": {"type": "Point", "coordinates": [73.754763, 18.553339]}, "properties": {"depth": 4.48}}, {"type": "Feature", "geometry": {"type": "Point", "coordinates": [73.754143, 18.553391]}, "properties": {"depth": 3.53}}, {"type": "Feature", "geometry": {"type": "Point", "coordinates": [73.750905, 18.552518]}, "properties": {"depth": 1.81}}, {"type": "Feature", "geometry": {"type": "Point", "coordinates": [73.753606, 18.553513]}, "properties": {"depth": 2.43}}, {"type": "Feature", "geometry": {"type": "Point", "coordinates": [73.7538, 18.553515]}, "properties": {"depth": 3.38}}, {"type": "Feature", "geometry": {"type": "Point", "coordinates": [73.751176, 18.554037]}, "properties": {"depth": 7.55}}, {"type": "Feature", "geometry": {"type": "Point", "coordinates": [73.750518, 18.554328]}, "properties": {"depth": 0.75}}, {"type": "Feature", "geometry": {"type": "Point", "coordinates": [73.754226, 18.553631]}, "properties": {"depth": 3.31}}, {"type": "Feature", "geometry": {"type": "Point", "coordinates": [73.749516, 18.554287]}, "properties": {"depth": 2.18}}, {"type": "Feature", "geometry": {"type": "Point", "coordinates": [73.749043, 18.56374]}, "properties": {"depth": 0.5}}, {"type": "Feature", "geometry": {"type": "Point", "coordinates": [73.745008, 18.565713]}, "properties": {"depth": 1.64}}, {"type": "Feature", "geometry": {"type": "Point", "coordinates": [73.751182, 18.554438]}, "properties": {"depth": 9.56}}, {"type": "Feature", "geometry": {"type": "Point", "coordinates": [73.750428, 18.554731]}, "properties": {"depth": 1.79}}, {"type": "Feature", "geometry": {"type": "Point", "coordinates": [73.816191, 18.481602]}, "properties": {"depth": 0.79}}, {"type": "Feature", "geometry": {"type": "Point", "coordinates": [73.816339, 18.481674]}, "properties": {"depth": 1.3}}, {"type": "Feature", "geometry": {"type": "Point", "coordinates": [73.816451, 18.481789]}, "properties": {"depth": 1.3}}, {"type": "Feature", "geometry": {"type": "Point", "coordinates": [73.821338, 18.481709]}, "properties": {"depth": 0.44}}, {"type": "Feature", "geometry": {"type": "Point", "coordinates": [73.821558, 18.481753]}, "properties": {"depth": 0.57}}, {"type": "Feature", "geometry": {"type": "Point", "coordinates": [73.825651, 18.483627]}, "properties": {"depth": 2.52}}, {"type": "Feature", "geometry": {"type": "Point", "coordinates": [73.834798, 18.490896]}, "properties": {"depth": 0.94}}, {"type": "Feature", "geometry": {"type": "Point", "coordinates": [73.834258, 18.491023]}, "properties": {"depth": 0.97}}, {"type": "Feature", "geometry": {"type": "Point", "coordinates": [73.834968, 18.491168]}, "properties": {"depth": 0.2}}, {"type": "Feature", "geometry": {"type": "Point", "coordinates": [73.834103, 18.491165]}, "properties": {"depth": 0.97}}, {"type": "Feature", "geometry": {"type": "Point", "coordinates": [73.835516, 18.491801]}, "properties": {"depth": 2.55}}, {"type": "Feature", "geometry": {"type": "Point", "coordinates": [73.833264, 18.491565]}, "properties": {"depth": 1.78}}, {"type": "Feature", "geometry": {"type": "Point", "coordinates": [73.833255, 18.492154]}, "properties": {"depth": 3.6}}, {"type": "Feature", "geometry": {"type": "Point", "coordinates": [73.83308, 18.492483]}, "properties": {"depth": 0.02}}, {"type": "Feature", "geometry": {"type": "Point", "coordinates": [73.833587, 18.492646]}, "properties": {"depth": 3.1}}, {"type": "Feature", "geometry": {"type": "Point", "coordinates": [73.83403, 18.49242]}, "properties": {"depth": 2.89}}, {"type": "Feature", "geometry": {"type": "Point", "coordinates": [73.834259, 18.492629]}, "properties": {"depth": 2.89}}, {"type": "Feature", "geometry": {"type": "Point", "coordinates": [73.834453, 18.492764]}, "properties": {"depth": 5.43}}, {"type": "Feature", "geometry": {"type": "Point", "coordinates": [73.834495, 18.493154]}, "properties": {"depth": 3.45}}, {"type": "Feature", "geometry": {"type": "Point", "coordinates": [73.834869, 18.493734]}, "properties": {"depth": 5.63}}, {"type": "Feature", "geometry": {"type": "Point", "coordinates": [73.834703, 18.494]}, "properties": {"depth": 0.03}}, {"type": "Feature", "geometry": {"type": "Point", "coordinates": [73.835574, 18.493921]}, "properties": {"depth": 1.02}}, {"type": "Feature", "geometry": {"type": "Point", "coordinates": [73.832723, 18.492999]}, "properties": {"depth": 2.95}}, {"type": "Feature", "geometry": {"type": "Point", "coordinates": [73.832741, 18.494352]}, "properties": {"depth": 2.63}}, {"type": "Feature", "geometry": {"type": "Point", "coordinates": [73.834036, 18.49421]}, "properties": {"depth": 1.37}}, {"type": "Feature", "geometry": {"type": "Point", "coordinates": [73.834726, 18.494738]}, "properties": {"depth": 4.93}}, {"type": "Feature", "geometry": {"type": "Point", "coordinates": [73.834274, 18.495111]}, "properties": {"depth": 2.56}}, {"type": "Feature", "geometry": {"type": "Point", "coordinates": [73.834922, 18.495274]}, "properties": {"depth": 7.11}}, {"type": "Feature", "geometry": {"type": "Point", "coordinates": [73.836037, 18.494554]}, "properties": {"depth": 1.21}}, {"type": "Feature", "geometry": {"type": "Point", "coordinates": [73.836362, 18.494661]}, "properties": {"depth": 3.12}}, {"type": "Feature", "geometry": {"type": "Point", "coordinates": [73.83409, 18.495375]}, "properties": {"depth": 0.07}}, {"type": "Feature", "geometry": {"type": "Point", "coordinates": [73.835111, 18.495551]}, "properties": {"depth": 2.12}}, {"type": "Feature", "geometry": {"type": "Point", "coordinates": [73.834695, 18.495625]}, "properties": {"depth": 6.65}}, {"type": "Feature", "geometry": {"type": "Point", "coordinates": [73.834413, 18.495655]}, "properties": {"depth": 1.93}}, {"type": "Feature", "geometry": {"type": "Point", "coordinates": [73.834095, 18.495731]}, "properties": {"depth": 2.1}}, {"type": "Feature", "geometry": {"type": "Point", "coordinates": [73.833882, 18.495945]}, "properties": {"depth": 2.82}}, {"type": "Feature", "geometry": {"type": "Point", "coordinates": [73.849169, 18.500848]}, "properties": {"depth": 0.76}}, {"type": "Feature", "geometry": {"type": "Point", "coordinates": [73.849134, 18.501132]}, "properties": {"depth": 0.04}}, {"type": "Feature", "geometry": {"type": "Point", "coordinates": [73.848607, 18.501146]}, "properties": {"depth": 2.19}}, {"type": "Feature", "geometry": {"type": "Point", "coordinates": [73.848763, 18.501149]}, "properties": {"depth": 2.02}}, {"type": "Feature", "geometry": {"type": "Point", "coordinates": [73.848497, 18.501153]}, "properties": {"depth": 2.19}}, {"type": "Feature", "geometry": {"type": "Point", "coordinates": [73.848515, 18.501389]}, "properties": {"depth": 1.53}}, {"type": "Feature", "geometry": {"type": "Point", "coordinates": [73.848207, 18.501212]}, "properties": {"depth": 2.36}}, {"type": "Feature", "geometry": {"type": "Point", "coordinates": [73.847955, 18.501326]}, "properties": {"depth": 4.4}}, {"type": "Feature", "geometry": {"type": "Point", "coordinates": [73.848391, 18.50138]}, "properties": {"depth": 2.6}}, {"type": "Feature", "geometry": {"type": "Point", "coordinates": [73.847776, 18.501546]}, "properties": {"depth": 5.33}}, {"type": "Feature", "geometry": {"type": "Point", "coordinates": [73.847978, 18.501558]}, "properties": {"depth": 3.87}}, {"type": "Feature", "geometry": {"type": "Point", "coordinates": [73.847537, 18.501578]}, "properties": {"depth": 7.72}}, {"type": "Feature", "geometry": {"type": "Point", "coordinates": [73.848046, 18.501906]}, "properties": {"depth": 6.61}}, {"type": "Feature", "geometry": {"type": "Point", "coordinates": [73.8475, 18.501978]}, "properties": {"depth": 7.68}}, {"type": "Feature", "geometry": {"type": "Point", "coordinates": [73.848647, 18.501396]}, "properties": {"depth": 1.53}}, {"type": "Feature", "geometry": {"type": "Point", "coordinates": [73.848776, 18.50141]}, "properties": {"depth": 1.02}}, {"type": "Feature", "geometry": {"type": "Point", "coordinates": [73.849163, 18.501416]}, "properties": {"depth": 0.31}}, {"type": "Feature", "geometry": {"type": "Point", "coordinates": [73.848893, 18.501415]}, "properties": {"depth": 1.02}}, {"type": "Feature", "geometry": {"type": "Point", "coordinates": [73.849338, 18.501634]}, "properties": {"depth": 0.31}}, {"type": "Feature", "geometry": {"type": "Point", "coordinates": [73.849129, 18.50167]}, "properties": {"depth": 0.71}}, {"type": "Feature", "geometry": {"type": "Point", "coordinates": [73.849249, 18.501993]}, "properties": {"depth": 1.15}}, {"type": "Feature", "geometry": {"type": "Point", "coordinates": [73.849029, 18.502024]}, "properties": {"depth": 1.15}}, {"type": "Feature", "geometry": {"type": "Point", "coordinates": [73.848975, 18.502362]}, "properties": {"depth": 6.59}}, {"type": "Feature", "geometry": {"type": "Point", "coordinates": [73.848688, 18.50252]}, "properties": {"depth": 6.27}}, {"type": "Feature", "geometry": {"type": "Point", "coordinates": [73.849302, 18.502851]}, "properties": {"depth": 6.65}}, {"type": "Feature", "geometry": {"type": "Point", "coordinates": [73.849157, 18.503049]}, "properties": {"depth": 3.77}}, {"type": "Feature", "geometry": {"type": "Point", "coordinates": [73.848939, 18.503036]}, "properties": {"depth": 7.1}}, {"type": "Feature", "geometry": {"type": "Point", "coordinates": [73.848674, 18.503277]}, "properties": {"depth": 8.83}}, {"type": "Feature", "geometry": {"type": "Point", "coordinates": [73.84904, 18.503331]}, "properties": {"depth": 7.05}}, {"type": "Feature", "geometry": {"type": "Point", "coordinates": [73.849345, 18.503334]}, "properties": {"depth": 7.65}}, {"type": "Feature", "geometry": {"type": "Point", "coordinates": [73.849129, 18.50355]}, "properties": {"depth": 9.25}}, {"type": "Feature", "geometry": {"type": "Point", "coordinates": [73.835786, 18.50113]}, "properties": {"depth": 0.48}}, {"type": "Feature", "geometry": {"type": "Point", "coordinates": [73.836147, 18.501868]}, "properties": {"depth": 0.92}}, {"type": "Feature", "geometry": {"type": "Point", "coordinates": [73.835491, 18.502142]}, "properties": {"depth": 0.7}}, {"type": "Feature", "geometry": {"type": "Point", "coordinates": [73.835947, 18.503856]}, "properties": {"depth": 1.5}}, {"type": "Feature", "geometry": {"type": "Point", "coordinates": [73.835424, 18.506044]}, "properties": {"depth": 3.82}}, {"type": "Feature", "geometry": {"type": "Point", "coordinates": [73.848043, 18.502185]}, "properties": {"depth": 7.56}}, {"type": "Feature", "geometry": {"type": "Point", "coordinates": [73.848409, 18.502365]}, "properties": {"depth": 6.39}}, {"type": "Feature", "geometry": {"type": "Point", "coordinates": [73.848356, 18.503052]}, "properties": {"depth": 12.66}}, {"type": "Feature", "geometry": {"type": "Point", "coordinates": [73.847675, 18.503109]}, "properties": {"depth": 11.39}}, {"type": "Feature", "geometry": {"type": "Point", "coordinates": [73.848412, 18.503224]}, "properties": {"depth": 12.72}}, {"type": "Feature", "geometry": {"type": "Point", "coordinates": [73.847969, 18.503637]}, "properties": {"depth": 8.47}}, {"type": "Feature", "geometry": {"type": "Point", "coordinates": [73.848312, 18.503897]}, "properties": {"depth": 10.28}}, {"type": "Feature", "geometry": {"type": "Point", "coordinates": [73.847954, 18.503908]}, "properties": {"depth": 9.74}}, {"type": "Feature", "geometry": {"type": "Point", "coordinates": [73.847661, 18.504318]}, "properties": {"depth": 4.61}}, {"type": "Feature", "geometry": {"type": "Point", "coordinates": [73.848183, 18.504429]}, "properties": {"depth": 8.1}}, {"type": "Feature", "geometry": {"type": "Point", "coordinates": [73.848672, 18.503588]}, "properties": {"depth": 9.16}}, {"type": "Feature", "geometry": {"type": "Point", "coordinates": [73.848511, 18.503641]}, "properties": {"depth": 9.16}}, {"type": "Feature", "geometry": {"type": "Point", "coordinates": [73.849025, 18.50388]}, "properties": {"depth": 9.17}}, {"type": "Feature", "geometry": {"type": "Point", "coordinates": [73.848663, 18.50392]}, "properties": {"depth": 9.37}}, {"type": "Feature", "geometry": {"type": "Point", "coordinates": [73.848909, 18.504105]}, "properties": {"depth": 8.2}}, {"type": "Feature", "geometry": {"type": "Point", "coordinates": [73.849309, 18.50418]}, "properties": {"depth": 5.6}}, {"type": "Feature", "geometry": {"type": "Point", "coordinates": [73.849215, 18.504515]}, "properties": {"depth": 3.81}}, {"type": "Feature", "geometry": {"type": "Point", "coordinates": [73.849241, 18.504844]}, "properties": {"depth": 3.78}}, {"type": "Feature", "geometry": {"type": "Point", "coordinates": [73.849173, 18.505384]}, "properties": {"depth": 3.6}}, {"type": "Feature", "geometry": {"type": "Point", "coordinates": [73.847568, 18.50457]}, "properties": {"depth": 3.68}}, {"type": "Feature", "geometry": {"type": "Point", "coordinates": [73.847583, 18.504842]}, "properties": {"depth": 2.39}}, {"type": "Feature", "geometry": {"type": "Point", "coordinates": [73.847423, 18.505106]}, "properties": {"depth": 1.31}}, {"type": "Feature", "geometry": {"type": "Point", "coordinates": [73.787813, 18.536558]}, "properties": {"depth": 6.19}}, {"type": "Feature", "geometry": {"type": "Point", "coordinates": [73.791269, 18.535209]}, "properties": {"depth": 0.25}}, {"type": "Feature", "geometry": {"type": "Point", "coordinates": [73.790714, 18.536335]}, "properties": {"depth": 3.14}}, {"type": "Feature", "geometry": {"type": "Point", "coordinates": [73.791319, 18.537201]}, "properties": {"depth": 6.68}}, {"type": "Feature", "geometry": {"type": "Point", "coordinates": [73.790764, 18.537475]}, "properties": {"depth": 3.4}}, {"type": "Feature", "geometry": {"type": "Point", "coordinates": [73.790108, 18.537324]}, "properties": {"depth": 1.85}}, {"type": "Feature", "geometry": {"type": "Point", "coordinates": [73.789992, 18.537382]}, "properties": {"depth": 2.88}}, {"type": "Feature", "geometry": {"type": "Point", "coordinates": [73.78973, 18.53741]}, "properties": {"depth": 8.14}}, {"type": "Feature", "geometry": {"type": "Point", "coordinates": [73.789825, 18.537827]}, "properties": {"depth": 5.28}}, {"type": "Feature", "geometry": {"type": "Point", "coordinates": [73.790003, 18.537896]}, "properties": {"depth": 7.37}}, {"type": "Feature", "geometry": {"type": "Point", "coordinates": [73.789776, 18.537916]}, "properties": {"depth": 5.28}}, {"type": "Feature", "geometry": {"type": "Point", "coordinates": [73.790001, 18.538072]}, "properties": {"depth": 4.99}}, {"type": "Feature", "geometry": {"type": "Point", "coordinates": [73.789405, 18.538054]}, "properties": {"depth": 4.66}}, {"type": "Feature", "geometry": {"type": "Point", "coordinates": [73.78948, 18.538125]}, "properties": {"depth": 4.66}}, {"type": "Feature", "geometry": {"type": "Point", "coordinates": [73.790337, 18.538257]}, "properties": {"depth": 6.62}}, {"type": "Feature", "geometry": {"type": "Point", "coordinates": [73.789806, 18.538354]}, "properties": {"depth": 5.25}}, {"type": "Feature", "geometry": {"type": "Point", "coordinates": [73.789738, 18.53838]}, "properties": {"depth": 5.25}}, {"type": "Feature", "geometry": {"type": "Point", "coordinates": [73.790478, 18.538403]}, "properties": {"depth": 9.03}}, {"type": "Feature", "geometry": {"type": "Point", "coordinates": [73.789646, 18.538404]}, "properties": {"depth": 5.25}}, {"type": "Feature", "geometry": {"type": "Point", "coordinates": [73.789569, 18.538423]}, "properties": {"depth": 4.52}}, {"type": "Feature", "geometry": {"type": "Point", "coordinates": [73.789509, 18.538428]}, "properties": {"depth": 4.52}}, {"type": "Feature", "geometry": {"type": "Point", "coordinates": [73.790561, 18.538569]}, "properties": {"depth": 6.16}}, {"type": "Feature", "geometry": {"type": "Point", "coordinates": [73.788006, 18.536584]}, "properties": {"depth": 5.1}}, {"type": "Feature", "geometry": {"type": "Point", "coordinates": [73.78824, 18.536989]}, "properties": {"depth": 5.27}}, {"type": "Feature", "geometry": {"type": "Point", "coordinates": [73.7889, 18.539036]}, "properties": {"depth": 5.54}}, {"type": "Feature", "geometry": {"type": "Point", "coordinates": [73.791334, 18.537487]}, "properties": {"depth": 6.61}}, {"type": "Feature", "geometry": {"type": "Point", "coordinates": [73.791266, 18.537585]}, "properties": {"depth": 6.61}}, {"type": "Feature", "geometry": {"type": "Point", "coordinates": [73.790755, 18.538148]}, "properties": {"depth": 2.23}}, {"type": "Feature", "geometry": {"type": "Point", "coordinates": [73.790822, 18.538508]}, "properties": {"depth": 8.82}}, {"type": "Feature", "geometry": {"type": "Point", "coordinates": [73.791025, 18.538527]}, "properties": {"depth": 9.47}}, {"type": "Feature", "geometry": {"type": "Point", "coordinates": [73.789988, 18.538581]}, "properties": {"depth": 5.84}}, {"type": "Feature", "geometry": {"type": "Point", "coordinates": [73.789893, 18.538598]}, "properties": {"depth": 5.84}}, {"type": "Feature", "geometry": {"type": "Point", "coordinates": [73.789796, 18.538607]}, "properties": {"depth": 4.81}}, {"type": "Feature", "geometry": {"type": "Point", "coordinates": [73.789621, 18.538662]}, "properties": {"depth": 4.81}}, {"type": "Feature", "geometry": {"type": "Point", "coordinates": [73.789873, 18.538788]}, "properties": {"depth": 5.16}}, {"type": "Feature", "geometry": {"type": "Point", "coordinates": [73.790111, 18.538906]}, "properties": {"depth": 5.16}}, {"type": "Feature", "geometry": {"type": "Point", "coordinates": [73.790026, 18.538914]}, "properties": {"depth": 5.16}}, {"type": "Feature", "geometry": {"type": "Point", "coordinates": [73.789941, 18.538938]}, "properties": {"depth": 5.16}}, {"type": "Feature", "geometry": {"type": "Point", "coordinates": [73.789855, 18.538951]}, "properties": {"depth": 4.94}}, {"type": "Feature", "geometry": {"type": "Point", "coordinates": [73.789779, 18.538964]}, "properties": {"depth": 4.94}}, {"type": "Feature", "geometry": {"type": "Point", "coordinates": [73.792246, 18.537312]}, "properties": {"depth": 3.27}}, {"type": "Feature", "geometry": {"type": "Point", "coordinates": [73.792255, 18.537573]}, "properties": {"depth": 4.68}}, {"type": "Feature", "geometry": {"type": "Point", "coordinates": [73.787581, 18.536563]}, "properties": {"depth": 4.52}}, {"type": "Feature", "geometry": {"type": "Point", "coordinates": [73.786447, 18.538079]}, "properties": {"depth": 0.46}}, {"type": "Feature", "geometry": {"type": "Point", "coordinates": [73.786972, 18.538206]}, "properties": {"depth": 2.15}}, {"type": "Feature", "geometry": {"type": "Point", "coordinates": [73.786773, 18.538234]}, "properties": {"depth": 1.58}}, {"type": "Feature", "geometry": {"type": "Point", "coordinates": [73.785825, 18.537857]}, "properties": {"depth": 1.7}}, {"type": "Feature", "geometry": {"type": "Point", "coordinates": [73.786285, 18.538074]}, "properties": {"depth": 0.46}}, {"type": "Feature", "geometry": {"type": "Point", "coordinates": [73.785873, 18.53817]}, "properties": {"depth": 1.1}}, {"type": "Feature", "geometry": {"type": "Point", "coordinates": [73.785575, 18.538203]}, "properties": {"depth": 0.92}}, {"type": "Feature", "geometry": {"type": "Point", "coordinates": [73.786266, 18.538282]}, "properties": {"depth": 1.37}}, {"type": "Feature", "geometry": {"type": "Point", "coordinates": [73.786185, 18.538291]}, "properties": {"depth": 1.51}}, {"type": "Feature", "geometry": {"type": "Point", "coordinates": [73.785734, 18.538363]}, "properties": {"depth": 0.68}}, {"type": "Feature", "geometry": {"type": "Point", "coordinates": [73.785631, 18.538365]}, "properties": {"depth": 0.92}}, {"type": "Feature", "geometry": {"type": "Point", "coordinates": [73.785525, 18.538382]}, "properties": {"depth": 0.92}}, {"type": "Feature", "geometry": {"type": "Point", "coordinates": [73.786446, 18.538259]}, "properties": {"depth": 1.37}}, {"type": "Feature", "geometry": {"type": "Point", "coordinates": [73.786351, 18.538265]}, "properties": {"depth": 1.37}}, {"type": "Feature", "geometry": {"type": "Point", "coordinates": [73.787443, 18.538362]}, "properties": {"depth": 0.44}}, {"type": "Feature", "geometry": {"type": "Point", "coordinates": [73.836038, 18.5072]}, "properties": {"depth": 0.13}}, {"type": "Feature", "geometry": {"type": "Point", "coordinates": [73.842874, 18.512211]}, "properties": {"depth": 2.17}}, {"type": "Feature", "geometry": {"type": "Point", "coordinates": [73.844796, 18.514461]}, "properties": {"depth": 1.71}}, {"type": "Feature", "geometry": {"type": "Point", "coordinates": [73.844362, 18.516343]}, "properties": {"depth": 6.25}}, {"type": "Feature", "geometry": {"type": "Point", "coordinates": [73.844985, 18.517615]}, "properties": {"depth": 0.12}}, {"type": "Feature", "geometry": {"type": "Point", "coordinates": [73.845344, 18.515532]}, "properties": {"depth": 3.32}}, {"type": "Feature", "geometry": {"type": "Point", "coordinates": [73.845674, 18.516021]}, "properties": {"depth": 2.89}}, {"type": "Feature", "geometry": {"type": "Point", "coordinates": [73.845923, 18.516403]}, "properties": {"depth": 2.58}}, {"type": "Feature", "geometry": {"type": "Point", "coordinates": [73.846433, 18.516741]}, "properties": {"depth": 0.04}}, {"type": "Feature", "geometry": {"type": "Point", "coordinates": [73.846393, 18.516844]}, "properties": {"depth": 0.75}}, {"type": "Feature", "geometry": {"type": "Point", "coordinates": [73.846447, 18.516993]}, "properties": {"depth": 0.75}}, {"type": "Feature", "geometry": {"type": "Point", "coordinates": [73.812989, 18.529365]}, "properties": {"depth": 35.07}}, {"type": "Feature", "geometry": {"type": "Point", "coordinates": [73.812819, 18.529401]}, "properties": {"depth": 17.92}}, {"type": "Feature", "geometry": {"type": "Point", "coordinates": [73.813227, 18.529418]}, "properties": {"depth": 34.35}}, {"type": "Feature", "geometry": {"type": "Point", "coordinates": [73.813388, 18.529468]}, "properties": {"depth": 34.35}}, {"type": "Feature", "geometry": {"type": "Point", "coordinates": [73.81298, 18.529471]}, "properties": {"depth": 35.07}}, {"type": "Feature", "geometry": {"type": "Point", "coordinates": [73.812795, 18.529531]}, "properties": {"depth": 17.92}}, {"type": "Feature", "geometry": {"type": "Point", "coordinates": [73.813613, 18.529545]}, "properties": {"depth": 32.09}}, {"type": "Feature", "geometry": {"type": "Point", "coordinates": [73.81319, 18.529545]}, "properties": {"depth": 35.07}}, {"type": "Feature", "geometry": {"type": "Point", "coordinates": [73.812926, 18.529579]}, "properties": {"depth": 35.07}}, {"type": "Feature", "geometry": {"type": "Point", "coordinates": [73.813623, 18.530391]}, "properties": {"depth": 22.29}}, {"type": "Feature", "geometry": {"type": "Point", "coordinates": [73.814221, 18.530463]}, "properties": {"depth": 38.78}}, {"type": "Feature", "geometry": {"type": "Point", "coordinates": [73.813928, 18.530471]}, "properties": {"depth": 20.34}}, {"type": "Feature", "geometry": {"type": "Point", "coordinates": [73.813678, 18.530571]}, "properties": {"depth": 22.18}}, {"type": "Feature", "geometry": {"type": "Point", "coordinates": [73.813702, 18.530695]}, "properties": {"depth": 21.8}}, {"type": "Feature", "geometry": {"type": "Point", "coordinates": [73.813712, 18.530872]}, "properties": {"depth": 21.8}}, {"type": "Feature", "geometry": {"type": "Point", "coordinates": [73.84834, 18.519369]}, "properties": {"depth": 3.9}}, {"type": "Feature", "geometry": {"type": "Point", "coordinates": [73.847411, 18.520115]}, "properties": {"depth": 7.34}}, {"type": "Feature", "geometry": {"type": "Point", "coordinates": [73.848812, 18.519593]}, "properties": {"depth": 1.8}}, {"type": "Feature", "geometry": {"type": "Point", "coordinates": [73.844686, 18.527364]}, "properties": {"depth": 1.47}}, {"type": "Feature", "geometry": {"type": "Point", "coordinates": [73.844831, 18.527521]}, "properties": {"depth": 1.47}}, {"type": "Feature", "geometry": {"type": "Point", "coordinates": [73.845331, 18.527447]}, "properties": {"depth": 0.56}}, {"type": "Feature", "geometry": {"type": "Point", "coordinates": [73.845427, 18.527499]}, "properties": {"depth": 1.15}}, {"type": "Feature", "geometry": {"type": "Point", "coordinates": [73.845168, 18.527543]}, "properties": {"depth": 0.56}}, {"type": "Feature", "geometry": {"type": "Point", "coordinates": [73.844689, 18.527532]}, "properties": {"depth": 1.47}}, {"type": "Feature", "geometry": {"type": "Point", "coordinates": [73.844411, 18.52755]}, "properties": {"depth": 0.25}}, {"type": "Feature", "geometry": {"type": "Point", "coordinates": [73.84468, 18.527709]}, "properties": {"depth": 1.33}}, {"type": "Feature", "geometry": {"type": "Point", "coordinates": [73.844719, 18.527992]}, "properties": {"depth": 2.81}}, {"type": "Feature", "geometry": {"type": "Point", "coordinates": [73.844709, 18.528178]}, "properties": {"depth": 2.81}}, {"type": "Feature", "geometry": {"type": "Point", "coordinates": [73.842046, 18.528479]}, "properties": {"depth": 0.2}}, {"type": "Feature", "geometry": {"type": "Point", "coordinates": [73.84379, 18.528313]}, "properties": {"depth": 2.26}}, {"type": "Feature", "geometry": {"type": "Point", "coordinates": [73.842839, 18.528911]}, "properties": {"depth": 1.6}}, {"type": "Feature", "geometry": {"type": "Point", "coordinates": [73.843702, 18.528994]}, "properties": {"depth": 3.12}}, {"type": "Feature", "geometry": {"type": "Point", "coordinates": [73.844572, 18.528188]}, "properties": {"depth": 2.48}}, {"type": "Feature", "geometry": {"type": "Point", "coordinates": [73.844421, 18.528203]}, "properties": {"depth": 3.27}}, {"type": "Feature", "geometry": {"type": "Point", "coordinates": [73.844758, 18.528369]}, "properties": {"depth": 1.76}}, {"type": "Feature", "geometry": {"type": "Point", "coordinates": [73.844498, 18.52838]}, "properties": {"depth": 3.27}}, {"type": "Feature", "geometry": {"type": "Point", "coordinates": [73.844295, 18.528387]}, "properties": {"depth": 2.64}}, {"type": "Feature", "geometry": {"type": "Point", "coordinates": [73.844027, 18.528585]}, "properties": {"depth": 3.88}}, {"type": "Feature", "geometry": {"type": "Point", "coordinates": [73.844702, 18.528722]}, "properties": {"depth": 0.33}}, {"type": "Feature", "geometry": {"type": "Point", "coordinates": [73.844271, 18.528765]}, "properties": {"depth": 2.49}}, {"type": "Feature", "geometry": {"type": "Point", "coordinates": [73.845396, 18.528017]}, "properties": {"depth": 2.8}}, {"type": "Feature", "geometry": {"type": "Point", "coordinates": [73.845361, 18.528151]}, "properties": {"depth": 2.8}}, {"type": "Feature", "geometry": {"type": "Point", "coordinates": [73.845009, 18.528372]}, "properties": {"depth": 1.37}}, {"type": "Feature", "geometry": {"type": "Point", "coordinates": [73.843589, 18.530035]}, "properties": {"depth": 1.31}}, {"type": "Feature", "geometry": {"type": "Point", "coordinates": [73.843625, 18.530291]}, "properties": {"depth": 1.52}}, {"type": "Feature", "geometry": {"type": "Point", "coordinates": [73.844242, 18.530337]}, "properties": {"depth": 1.65}}, {"type": "Feature", "geometry": {"type": "Point", "coordinates": [73.811606, 18.530286]}, "properties": {"depth": 21.31}}, {"type": "Feature", "geometry": {"type": "Point", "coordinates": [73.811548, 18.530453]}, "properties": {"depth": 18.9}}, {"type": "Feature", "geometry": {"type": "Point", "coordinates": [73.811342, 18.530543]}, "properties": {"depth": 20.51}}, {"type": "Feature", "geometry": {"type": "Point", "coordinates": [73.811322, 18.530766]}, "properties": {"depth": 19.82}}, {"type": "Feature", "geometry": {"type": "Point", "coordinates": [73.811606, 18.531139]}, "properties": {"depth": 21.62}}, {"type": "Feature", "geometry": {"type": "Point", "coordinates": [73.811414, 18.531156]}, "properties": {"depth": 22.03}}, {"type": "Feature", "geometry": {"type": "Point", "coordinates": [73.811251, 18.53117]}, "properties": {"depth": 22.03}}, {"type": "Feature", "geometry": {"type": "Point", "coordinates": [73.811555, 18.531401]}, "properties": {"depth": 22.58}}, {"type": "Feature", "geometry": {"type": "Point", "coordinates": [73.812661, 18.529204]}, "properties": {"depth": 34.43}}, {"type": "Feature", "geometry": {"type": "Point", "coordinates": [73.811812, 18.52927]}, "properties": {"depth": 20.09}}, {"type": "Feature", "geometry": {"type": "Point", "coordinates": [73.812466, 18.529318]}, "properties": {"depth": 19.27}}, {"type": "Feature", "geometry": {"type": "Point", "coordinates": [73.812084, 18.529336]}, "properties": {"depth": 21.02}}, {"type": "Feature", "geometry": {"type": "Point", "coordinates": [73.81262, 18.529367]}, "properties": {"depth": 19.27}}, {"type": "Feature", "geometry": {"type": "Point", "coordinates": [73.812413, 18.529415]}, "properties": {"depth": 19.27}}, {"type": "Feature", "geometry": {"type": "Point", "coordinates": [73.811788, 18.529418]}, "properties": {"depth": 21.13}}, {"type": "Feature", "geometry": {"type": "Point", "coordinates": [73.812039, 18.529436]}, "properties": {"depth": 22.45}}, {"type": "Feature", "geometry": {"type": "Point", "coordinates": [73.812196, 18.529469]}, "properties": {"depth": 21.02}}, {"type": "Feature", "geometry": {"type": "Point", "coordinates": [73.812614, 18.529479]}, "properties": {"depth": 19.27}}, {"type": "Feature", "geometry": {"type": "Point", "coordinates": [73.812396, 18.529528]}, "properties": {"depth": 19.27}}, {"type": "Feature", "geometry": {"type": "Point", "coordinates": [73.812012, 18.529543]}, "properties": {"depth": 22.45}}, {"type": "Feature", "geometry": {"type": "Point", "coordinates": [73.811788, 18.529555]}, "properties": {"depth": 21.13}}, {"type": "Feature", "geometry": {"type": "Point", "coordinates": [73.812584, 18.529601]}, "properties": {"depth": 21.04}}, {"type": "Feature", "geometry": {"type": "Point", "coordinates": [73.811988, 18.529643]}, "properties": {"depth": 23.61}}, {"type": "Feature", "geometry": {"type": "Point", "coordinates": [73.812395, 18.529655]}, "properties": {"depth": 21.04}}, {"type": "Feature", "geometry": {"type": "Point", "coordinates": [73.812525, 18.52968]}, "properties": {"depth": 21.04}}, {"type": "Feature", "geometry": {"type": "Point", "coordinates": [73.812159, 18.5297]}, "properties": {"depth": 23.18}}, {"type": "Feature", "geometry": {"type": "Point", "coordinates": [73.813371, 18.529588]}, "properties": {"depth": 35.25}}, {"type": "Feature", "geometry": {"type": "Point", "coordinates": [73.81278, 18.529648]}, "properties": {"depth": 19.26}}, {"type": "Feature", "geometry": {"type": "Point", "coordinates": [73.81361, 18.529686]}, "properties": {"depth": 35.2}}, {"type": "Feature", "geometry": {"type": "Point", "coordinates": [73.812935, 18.529694]}, "properties": {"depth": 19.52}}, {"type": "Feature", "geometry": {"type": "Point", "coordinates": [73.812756, 18.529761]}, "properties": {"depth": 19.26}}, {"type": "Feature", "geometry": {"type": "Point", "coordinates": [73.813549, 18.529773]}, "properties": {"depth": 35.2}}, {"type": "Feature", "geometry": {"type": "Point", "coordinates": [73.812914, 18.529783]}, "properties": {"depth": 19.26}}, {"type": "Feature", "geometry": {"type": "Point", "coordinates": [73.813557, 18.529878]}, "properties": {"depth": 38.86}}, {"type": "Feature", "geometry": {"type": "Point", "coordinates": [73.812878, 18.529887]}, "properties": {"depth": 22.18}}, {"type": "Feature", "geometry": {"type": "Point", "coordinates": [73.813148, 18.529916]}, "properties": {"depth": 19.85}}, {"type": "Feature", "geometry": {"type": "Point", "coordinates": [73.812349, 18.52975]}, "properties": {"depth": 23.18}}, {"type": "Feature", "geometry": {"type": "Point", "coordinates": [73.811952, 18.52976]}, "properties": {"depth": 23.61}}, {"type": "Feature", "geometry": {"type": "Point", "coordinates": [73.812517, 18.529791]}, "properties": {"depth": 21.04}}, {"type": "Feature", "geometry": {"type": "Point", "coordinates": [73.812136, 18.52981]}, "properties": {"depth": 23.18}}, {"type": "Feature", "geometry": {"type": "Point", "coordinates": [73.812304, 18.529845]}, "properties": {"depth": 23.18}}, {"type": "Feature", "geometry": {"type": "Point", "coordinates": [73.812491, 18.529893]}, "properties": {"depth": 22.27}}, {"type": "Feature", "geometry": {"type": "Point", "coordinates": [73.811701, 18.529889]}, "properties": {"depth": 21.91}}, {"type": "Feature", "geometry": {"type": "Point", "coordinates": [73.811925, 18.529933]}, "properties": {"depth": 23.71}}, {"type": "Feature", "geometry": {"type": "Point", "coordinates": [73.812688, 18.529968]}, "properties": {"depth": 22.18}}, {"type": "Feature", "geometry": {"type": "Point", "coordinates": [73.812072, 18.529969]}, "properties": {"depth": 23.71}}, {"type": "Feature", "geometry": {"type": "Point", "coordinates": [73.813308, 18.529932]}, "properties": {"depth": 20.01}}, {"type": "Feature", "geometry": {"type": "Point", "coordinates": [73.81352, 18.529978]}, "properties": {"depth": 38.86}}, {"type": "Feature", "geometry": {"type": "Point", "coordinates": [73.812871, 18.529995]}, "properties": {"depth": 22.18}}, {"type": "Feature", "geometry": {"type": "Point", "coordinates": [73.813128, 18.530008]}, "properties": {"depth": 19.85}}, {"type": "Feature", "geometry": {"type": "Point", "coordinates": [73.813272, 18.530019]}, "properties": {"depth": 20.01}}, {"type": "Feature", "geometry": {"type": "Point", "coordinates": [73.813497, 18.530102]}, "properties": {"depth": 38.86}}, {"type": "Feature", "geometry": {"type": "Point", "coordinates": [73.812836, 18.5301]}, "properties": {"depth": 22.18}}, {"type": "Feature", "geometry": {"type": "Point", "coordinates": [73.81326, 18.53013]}, "properties": {"depth": 20.01}}, {"type": "Feature", "geometry": {"type": "Point", "coordinates": [73.813489, 18.530217]}, "properties": {"depth": 22.29}}, {"type": "Feature", "geometry": {"type": "Point", "coordinates": [73.813083, 18.530225]}, "properties": {"depth": 21.92}}, {"type": "Feature", "geometry": {"type": "Point", "coordinates": [73.812301, 18.530034]}, "properties": {"depth": 23.84}}, {"type": "Feature", "geometry": {"type": "Point", "coordinates": [73.811659, 18.530031]}, "properties": {"depth": 21.91}}, {"type": "Feature", "geometry": {"type": "Point", "coordinates": [73.811872, 18.530032]}, "properties": {"depth": 23.71}}, {"type": "Feature", "geometry": {"type": "Point", "coordinates": [73.812441, 18.530062]}, "properties": {"depth": 22.27}}, {"type": "Feature", "geometry": {"type": "Point", "coordinates": [73.812652, 18.530075]}, "properties": {"depth": 22.18}}, {"type": "Feature", "geometry": {"type": "Point", "coordinates": [73.812061, 18.530083]}, "properties": {"depth": 23.71}}, {"type": "Feature", "geometry": {"type": "Point", "coordinates": [73.812244, 18.530126]}, "properties": {"depth": 23.84}}, {"type": "Feature", "geometry": {"type": "Point", "coordinates": [73.811896, 18.530145]}, "properties": {"depth": 23.07}}, {"type": "Feature", "geometry": {"type": "Point", "coordinates": [73.812624, 18.53018]}, "properties": {"depth": 24.78}}, {"type": "Feature", "geometry": {"type": "Point", "coordinates": [73.811641, 18.530174]}, "properties": {"depth": 21.31}}, {"type": "Feature", "geometry": {"type": "Point", "coordinates": [73.813251, 18.530239]}, "properties": {"depth": 21.09}}, {"type": "Feature", "geometry": {"type": "Point", "coordinates": [73.813418, 18.530393]}, "properties": {"depth": 21.09}}, {"type": "Feature", "geometry": {"type": "Point", "coordinates": [73.813239, 18.530404]}, "properties": {"depth": 21.09}}, {"type": "Feature", "geometry": {"type": "Point", "coordinates": [73.813501, 18.530589]}, "properties": {"depth": 22.18}}, {"type": "Feature", "geometry": {"type": "Point", "coordinates": [73.813261, 18.530599]}, "properties": {"depth": 23.77}}, {"type": "Feature", "geometry": {"type": "Point", "coordinates": [73.813517, 18.530722]}, "properties": {"depth": 21.8}}, {"type": "Feature", "geometry": {"type": "Point", "coordinates": [73.81328, 18.530792]}, "properties": {"depth": 24.63}}, {"type": "Feature", "geometry": {"type": "Point", "coordinates": [73.813527, 18.530905]}, "properties": {"depth": 21.8}}, {"type": "Feature", "geometry": {"type": "Point", "coordinates": [73.8133, 18.530979]}, "properties": {"depth": 24.41}}, {"type": "Feature", "geometry": {"type": "Point", "coordinates": [73.813544, 18.531032]}, "properties": {"depth": 21.71}}, {"type": "Feature", "geometry": {"type": "Point", "coordinates": [73.812232, 18.530234]}, "properties": {"depth": 23.26}}, {"type": "Feature", "geometry": {"type": "Point", "coordinates": [73.81181, 18.530601]}, "properties": {"depth": 23.17}}, {"type": "Feature", "geometry": {"type": "Point", "coordinates": [73.812559, 18.530942]}, "properties": {"depth": 24.72}}, {"type": "Feature", "geometry": {"type": "Point", "coordinates": [73.812056, 18.530966]}, "properties": {"depth": 23.7}}, {"type": "Feature", "geometry": {"type": "Point", "coordinates": [73.812341, 18.530963]}, "properties": {"depth": 26.34}}, {"type": "Feature", "geometry": {"type": "Point", "coordinates": [73.812056, 18.531086]}, "properties": {"depth": 21.61}}, {"type": "Feature", "geometry": {"type": "Point", "coordinates": [73.811812, 18.531126]}, "properties": {"depth": 21.61}}, {"type": "Feature", "geometry": {"type": "Point", "coordinates": [73.812338, 18.531154]}, "properties": {"depth": 24.53}}, {"type": "Feature", "geometry": {"type": "Point", "coordinates": [73.812072, 18.531229]}, "properties": {"depth": 21.61}}, {"type": "Feature", "geometry": {"type": "Point", "coordinates": [73.812701, 18.531287]}, "properties": {"depth": 25.4}}, {"type": "Feature", "geometry": {"type": "Point", "coordinates": [73.812347, 18.531305]}, "properties": {"depth": 26.67}}, {"type": "Feature", "geometry": {"type": "Point", "coordinates": [73.8121, 18.531362]}, "properties": {"depth": 26.67}}, {"type": "Feature", "geometry": {"type": "Point", "coordinates": [73.811818, 18.53137]}, "properties": {"depth": 23.26}}, {"type": "Feature", "geometry": {"type": "Point", "coordinates": [73.81237, 18.531435]}, "properties": {"depth": 24.56}}, {"type": "Feature", "geometry": {"type": "Point", "coordinates": [73.812657, 18.531468]}, "properties": {"depth": 25.4}}, {"type": "Feature", "geometry": {"type": "Point", "coordinates": [73.812073, 18.53149]}, "properties": {"depth": 23.26}}, {"type": "Feature", "geometry": {"type": "Point", "coordinates": [73.812402, 18.531584]}, "properties": {"depth": 23.63}}, {"type": "Feature", "geometry": {"type": "Point", "coordinates": [73.811872, 18.531595]}, "properties": {"depth": 21.3}}, {"type": "Feature", "geometry": {"type": "Point", "coordinates": [73.812105, 18.531617]}, "properties": {"depth": 23.85}}, {"type": "Feature", "geometry": {"type": "Point", "coordinates": [73.812633, 18.531638]}, "properties": {"depth": 23.63}}, {"type": "Feature", "geometry": {"type": "Point", "coordinates": [73.811318, 18.531399]}, "properties": {"depth": 23.58}}, {"type": "Feature", "geometry": {"type": "Point", "coordinates": [73.81161, 18.53162]}, "properties": {"depth": 22.91}}, {"type": "Feature", "geometry": {"type": "Point", "coordinates": [73.811444, 18.532022]}, "properties": {"depth": 24.41}}, {"type": "Feature", "geometry": {"type": "Point", "coordinates": [73.811405, 18.532374]}, "properties": {"depth": 22.62}}, {"type": "Feature", "geometry": {"type": "Point", "coordinates": [73.811386, 18.532585]}, "properties": {"depth": 22.62}}, {"type": "Feature", "geometry": {"type": "Point", "coordinates": [73.8114, 18.532788]}, "properties": {"depth": 21.55}}, {"type": "Feature", "geometry": {"type": "Point", "coordinates": [73.811365, 18.533084]}, "properties": {"depth": 22.74}}, {"type": "Feature", "geometry": {"type": "Point", "coordinates": [73.811433, 18.533269]}, "properties": {"depth": 24.49}}, {"type": "Feature", "geometry": {"type": "Point", "coordinates": [73.811472, 18.533372]}, "properties": {"depth": 24.49}}, {"type": "Feature", "geometry": {"type": "Point", "coordinates": [73.812711, 18.531129]}, "properties": {"depth": 27.16}}, {"type": "Feature", "geometry": {"type": "Point", "coordinates": [73.813319, 18.531189]}, "properties": {"depth": 24.41}}, {"type": "Feature", "geometry": {"type": "Point", "coordinates": [73.813582, 18.531242]}, "properties": {"depth": 21.71}}, {"type": "Feature", "geometry": {"type": "Point", "coordinates": [73.813238, 18.531383]}, "properties": {"depth": 24.77}}, {"type": "Feature", "geometry": {"type": "Point", "coordinates": [73.813516, 18.531585]}, "properties": {"depth": 15.71}}, {"type": "Feature", "geometry": {"type": "Point", "coordinates": [73.812883, 18.531587]}, "properties": {"depth": 26.73}}, {"type": "Feature", "geometry": {"type": "Point", "coordinates": [73.813346, 18.531666]}, "properties": {"depth": 22.68}}, {"type": "Feature", "geometry": {"type": "Point", "coordinates": [73.813185, 18.531753]}, "properties": {"depth": 25.39}}, {"type": "Feature", "geometry": {"type": "Point", "coordinates": [73.813495, 18.531802]}, "properties": {"depth": 15.71}}, {"type": "Feature", "geometry": {"type": "Point", "coordinates": [73.813036, 18.531834]}, "properties": {"depth": 20.39}}, {"type": "Feature", "geometry": {"type": "Point", "coordinates": [73.8126, 18.531803]}, "properties": {"depth": 23.63}}, {"type": "Feature", "geometry": {"type": "Point", "coordinates": [73.812272, 18.531847]}, "properties": {"depth": 23.45}}, {"type": "Feature", "geometry": {"type": "Point", "coordinates": [73.811775, 18.531923]}, "properties": {"depth": 20.41}}, {"type": "Feature", "geometry": {"type": "Point", "coordinates": [73.812575, 18.531986]}, "properties": {"depth": 23.32}}, {"type": "Feature", "geometry": {"type": "Point", "coordinates": [73.812219, 18.532089]}, "properties": {"depth": 23.52}}, {"type": "Feature", "geometry": {"type": "Point", "coordinates": [73.811849, 18.532118]}, "properties": {"depth": 23.38}}, {"type": "Feature", "geometry": {"type": "Point", "coordinates": [73.811962, 18.532361]}, "properties": {"depth": 23.38}}, {"type": "Feature", "geometry": {"type": "Point", "coordinates": [73.811645, 18.532377]}, "properties": {"depth": 22.71}}, {"type": "Feature", "geometry": {"type": "Point", "coordinates": [73.812229, 18.532407]}, "properties": {"depth": 22.92}}, {"type": "Feature", "geometry": {"type": "Point", "coordinates": [73.812234, 18.53257]}, "properties": {"depth": 22.92}}, {"type": "Feature", "geometry": {"type": "Point", "coordinates": [73.814091, 18.530886]}, "properties": {"depth": 16.53}}, {"type": "Feature", "geometry": {"type": "Point", "coordinates": [73.814474, 18.530967]}, "properties": {"depth": 30.53}}, {"type": "Feature", "geometry": {"type": "Point", "coordinates": [73.813731, 18.531008]}, "properties": {"depth": 21.71}}, {"type": "Feature", "geometry": {"type": "Point", "coordinates": [73.814314, 18.531131]}, "properties": {"depth": 13.76}}, {"type": "Feature", "geometry": {"type": "Point", "coordinates": [73.813735, 18.531192]}, "properties": {"depth": 21.71}}, {"type": "Feature", "geometry": {"type": "Point", "coordinates": [73.814105, 18.531258]}, "properties": {"depth": 15.54}}, {"type": "Feature", "geometry": {"type": "Point", "coordinates": [73.813843, 18.531424]}, "properties": {"depth": 20.3}}, {"type": "Feature", "geometry": {"type": "Point", "coordinates": [73.813685, 18.531504]}, "properties": {"depth": 23.21}}, {"type": "Feature", "geometry": {"type": "Point", "coordinates": [73.813851, 18.531959]}, "properties": {"depth": 9.2}}, {"type": "Feature", "geometry": {"type": "Point", "coordinates": [73.811988, 18.532579]}, "properties": {"depth": 22.47}}, {"type": "Feature", "geometry": {"type": "Point", "coordinates": [73.811715, 18.532608]}, "properties": {"depth": 22.71}}, {"type": "Feature", "geometry": {"type": "Point", "coordinates": [73.81223, 18.53277]}, "properties": {"depth": 21.3}}, {"type": "Feature", "geometry": {"type": "Point", "coordinates": [73.812012, 18.532797]}, "properties": {"depth": 21.01}}, {"type": "Feature", "geometry": {"type": "Point", "coordinates": [73.811723, 18.532817]}, "properties": {"depth": 20.98}}, {"type": "Feature", "geometry": {"type": "Point", "coordinates": [73.811782, 18.533084]}, "properties": {"depth": 23.54}}, {"type": "Feature", "geometry": {"type": "Point", "coordinates": [73.811684, 18.53309]}, "properties": {"depth": 23.54}}, {"type": "Feature", "geometry": {"type": "Point", "coordinates": [73.812238, 18.533318]}, "properties": {"depth": 17.7}}, {"type": "Feature", "geometry": {"type": "Point", "coordinates": [73.812883, 18.531926]}, "properties": {"depth": 24.39}}, {"type": "Feature", "geometry": {"type": "Point", "coordinates": [73.813513, 18.532217]}, "properties": {"depth": 10.63}}, {"type": "Feature", "geometry": {"type": "Point", "coordinates": [73.81482, 18.530535]}, "properties": {"depth": 32.46}}, {"type": "Feature", "geometry": {"type": "Point", "coordinates": [73.745179, 18.565874]}, "properties": {"depth": 2.23}}, {"type": "Feature", "geometry": {"type": "Point", "coordinates": [73.745018, 18.565874]}, "properties": {"depth": 1.64}}, {"type": "Feature", "geometry": {"type": "Point", "coordinates": [73.745198, 18.565969]}, "properties": {"depth": 2.23}}, {"type": "Feature", "geometry": {"type": "Point", "coordinates": [73.745018, 18.565989]}, "properties": {"depth": 3.26}}, {"type": "Feature", "geometry": {"type": "Point", "coordinates": [73.745192, 18.566038]}, "properties": {"depth": 4.31}}, {"type": "Feature", "geometry": {"type": "Point", "coordinates": [73.744997, 18.566119]}, "properties": {"depth": 3.26}}, {"type": "Feature", "geometry": {"type": "Point", "coordinates": [73.745159, 18.566233]}, "properties": {"depth": 4.31}}, {"type": "Feature", "geometry": {"type": "Point", "coordinates": [73.745163, 18.566321]}, "properties": {"depth": 5.51}}, {"type": "Feature", "geometry": {"type": "Point", "coordinates": [73.744988, 18.566328]}, "properties": {"depth": 4.3}}, {"type": "Feature", "geometry": {"type": "Point", "coordinates": [73.745162, 18.5664]}, "properties": {"depth": 5.51}}, {"type": "Feature", "geometry": {"type": "Point", "coordinates": [73.744979, 18.566429]}, "properties": {"depth": 4.3}}, {"type": "Feature", "geometry": {"type": "Point", "coordinates": [73.745157, 18.566476]}, "properties": {"depth": 5.51}}, {"type": "Feature", "geometry": {"type": "Point", "coordinates": [73.745141, 18.566543]}, "properties": {"depth": 7.27}}, {"type": "Feature", "geometry": {"type": "Point", "coordinates": [73.744973, 18.566608]}, "properties": {"depth": 6.22}}, {"type": "Feature", "geometry": {"type": "Point", "coordinates": [73.745144, 18.566621]}, "properties": {"depth": 7.27}}, {"type": "Feature", "geometry": {"type": "Point", "coordinates": [73.744963, 18.566737]}, "properties": {"depth": 6.22}}, {"type": "Feature", "geometry": {"type": "Point", "coordinates": [73.744934, 18.566906]}, "properties": {"depth": 7.3}}, {"type": "Feature", "geometry": {"type": "Point", "coordinates": [73.744922, 18.567081]}, "properties": {"depth": 7.3}}, {"type": "Feature", "geometry": {"type": "Point", "coordinates": [73.745118, 18.567194]}, "properties": {"depth": 8.03}}, {"type": "Feature", "geometry": {"type": "Point", "coordinates": [73.744907, 18.567261]}, "properties": {"depth": 8.03}}, {"type": "Feature", "geometry": {"type": "Point", "coordinates": [73.744293, 18.567497]}, "properties": {"depth": 7.25}}, {"type": "Feature", "geometry": {"type": "Point", "coordinates": [73.74438, 18.567599]}, "properties": {"depth": 7.64}}, {"type": "Feature", "geometry": {"type": "Point", "coordinates": [73.743782, 18.567753]}, "properties": {"depth": 6.77}}, {"type": "Feature", "geometry": {"type": "Point", "coordinates": [73.7451, 18.567326]}, "properties": {"depth": 8.03}}, {"type": "Feature", "geometry": {"type": "Point", "coordinates": [73.745032, 18.567437]}, "properties": {"depth": 8.14}}, {"type": "Feature", "geometry": {"type": "Point", "coordinates": [73.745032, 18.56759]}, "properties": {"depth": 8.14}}, {"type": "Feature", "geometry": {"type": "Point", "coordinates": [73.744882, 18.567598]}, "properties": {"depth": 8.14}}, {"type": "Feature", "geometry": {"type": "Point", "coordinates": [73.745061, 18.567726]}, "properties": {"depth": 8.95}}, {"type": "Feature", "geometry": {"type": "Point", "coordinates": [73.744865, 18.56773]}, "properties": {"depth": 8.95}}, {"type": "Feature", "geometry": {"type": "Point", "coordinates": [73.745052, 18.567812]}, "properties": {"depth": 8.95}}, {"type": "Feature", "geometry": {"type": "Point", "coordinates": [73.74532, 18.567843]}, "properties": {"depth": 9.46}}, {"type": "Feature", "geometry": {"type": "Point", "coordinates": [73.748417, 18.567906]}, "properties": {"depth": 11.41}}, {"type": "Feature", "geometry": {"type": "Point", "coordinates": [73.747927, 18.567946]}, "properties": {"depth": 11.4}}, {"type": "Feature", "geometry": {"type": "Point", "coordinates": [73.746895, 18.568091]}, "properties": {"depth": 10.81}}, {"type": "Feature", "geometry": {"type": "Point", "coordinates": [73.744916, 18.568356]}, "properties": {"depth": 10.04}}, {"type": "Feature", "geometry": {"type": "Point", "coordinates": [73.748701, 18.568391]}, "properties": {"depth": 11.33}}, {"type": "Feature", "geometry": {"type": "Point", "coordinates": [73.75748, 18.57435]}, "properties": {"depth": 0.01}}, {"type": "Feature", "geometry": {"type": "Point", "coordinates": [73.757438, 18.574692]}, "properties": {"depth": 1.12}}, {"type": "Feature", "geometry": {"type": "Point", "coordinates": [73.757085, 18.574916]}, "properties": {"depth": 0.45}}, {"type": "Feature", "geometry": {"type": "Point", "coordinates": [73.757804, 18.57494]}, "properties": {"depth": 1.78}}, {"type": "Feature", "geometry": {"type": "Point", "coordinates": [73.75712, 18.575227]}, "properties": {"depth": 1.09}}, {"type": "Feature", "geometry": {"type": "Point", "coordinates": [73.758007, 18.574977]}, "properties": {"depth": 0.65}}, {"type": "Feature", "geometry": {"type": "Point", "coordinates": [73.756552, 18.5758]}, "properties": {"depth": 0.0}}, {"type": "Feature", "geometry": {"type": "Point", "coordinates": [73.754175, 18.576078]}, "properties": {"depth": 0.15}}, {"type": "Feature", "geometry": {"type": "Point", "coordinates": [73.756599, 18.576324]}, "properties": {"depth": 1.36}}, {"type": "Feature", "geometry": {"type": "Point", "coordinates": [73.754147, 18.576468]}, "properties": {"depth": 0.44}}, {"type": "Feature", "geometry": {"type": "Point", "coordinates": [73.755217, 18.576929]}, "properties": {"depth": 0.94}}, {"type": "Feature", "geometry": {"type": "Point", "coordinates": [73.754199, 18.576959]}, "properties": {"depth": 1.29}}, {"type": "Feature", "geometry": {"type": "Point", "coordinates": [73.756739, 18.577135]}, "properties": {"depth": 2.82}}, {"type": "Feature", "geometry": {"type": "Point", "coordinates": [73.755835, 18.577138]}, "properties": {"depth": 1.14}}, {"type": "Feature", "geometry": {"type": "Point", "coordinates": [73.755215, 18.577191]}, "properties": {"depth": 0.37}}, {"type": "Feature", "geometry": {"type": "Point", "coordinates": [73.75693, 18.577204]}, "properties": {"depth": 1.99}}, {"type": "Feature", "geometry": {"type": "Point", "coordinates": [73.756464, 18.577287]}, "properties": {"depth": 3.2}}, {"type": "Feature", "geometry": {"type": "Point", "coordinates": [73.754367, 18.577385]}, "properties": {"depth": 2.48}}, {"type": "Feature", "geometry": {"type": "Point", "coordinates": [73.755815, 18.577648]}, "properties": {"depth": 4.3}}, {"type": "Feature", "geometry": {"type": "Point", "coordinates": [73.75383, 18.577677]}, "properties": {"depth": 2.7}}, {"type": "Feature", "geometry": {"type": "Point", "coordinates": [73.755347, 18.577814]}, "properties": {"depth": 3.73}}, {"type": "Feature", "geometry": {"type": "Point", "coordinates": [73.75688, 18.578119]}, "properties": {"depth": 5.6}}, {"type": "Feature", "geometry": {"type": "Point", "coordinates": [73.756034, 18.578172]}, "properties": {"depth": 4.94}}, {"type": "Feature", "geometry": {"type": "Point", "coordinates": [73.756249, 18.57818]}, "properties": {"depth": 4.94}}, {"type": "Feature", "geometry": {"type": "Point", "coordinates": [73.756738, 18.578243]}, "properties": {"depth": 3.64}}, {"type": "Feature", "geometry": {"type": "Point", "coordinates": [73.756499, 18.578317]}, "properties": {"depth": 6.48}}, {"type": "Feature", "geometry": {"type": "Point", "coordinates": [73.755549, 18.578332]}, "properties": {"depth": 5.36}}, {"type": "Feature", "geometry": {"type": "Point", "coordinates": [73.757198, 18.578371]}, "properties": {"depth": 2.66}}, {"type": "Feature", "geometry": {"type": "Point", "coordinates": [73.758571, 18.579911]}, "properties": {"depth": 2.23}}, {"type": "Feature", "geometry": {"type": "Point", "coordinates": [73.758285, 18.580153]}, "properties": {"depth": 3.16}}, {"type": "Feature", "geometry": {"type": "Point", "coordinates": [73.758783, 18.580231]}, "properties": {"depth": 1.68}}, {"type": "Feature", "geometry": {"type": "Point", "coordinates": [73.757838, 18.580255]}, "properties": {"depth": 3.73}}, {"type": "Feature", "geometry": {"type": "Point", "coordinates": [73.758612, 18.580279]}, "properties": {"depth": 2.73}}, {"type": "Feature", "geometry": {"type": "Point", "coordinates": [73.758847, 18.580374]}, "properties": {"depth": 1.68}}, {"type": "Feature", "geometry": {"type": "Point", "coordinates": [73.757078, 18.578425]}, "properties": {"depth": 4.04}}, {"type": "Feature", "geometry": {"type": "Point", "coordinates": [73.756836, 18.578497]}, "properties": {"depth": 3.32}}, {"type": "Feature", "geometry": {"type": "Point", "coordinates": [73.757132, 18.578529]}, "properties": {"depth": 2.02}}, {"type": "Feature", "geometry": {"type": "Point", "coordinates": [73.757173, 18.578657]}, "properties": {"depth": 2.02}}, {"type": "Feature", "geometry": {"type": "Point", "coordinates": [73.756774, 18.578764]}, "properties": {"depth": 3.09}}, {"type": "Feature", "geometry": {"type": "Point", "coordinates": [73.757464, 18.578798]}, "properties": {"depth": 1.7}}, {"type": "Feature", "geometry": {"type": "Point", "coordinates": [73.756634, 18.578857]}, "properties": {"depth": 3.09}}, {"type": "Feature", "geometry": {"type": "Point", "coordinates": [73.757273, 18.582021]}, "properties": {"depth": 4.66}}, {"type": "Feature", "geometry": {"type": "Point", "coordinates": [73.75889, 18.580499]}, "properties": {"depth": 2.27}}, {"type": "Feature", "geometry": {"type": "Point", "coordinates": [73.758917, 18.580629]}, "properties": {"depth": 2.27}}, {"type": "Feature", "geometry": {"type": "Point", "coordinates": [73.976103, 18.578293]}, "properties": {"depth": 1.09}}, {"type": "Feature", "geometry": {"type": "Point", "coordinates": [73.975522, 18.578432]}, "properties": {"depth": 0.65}}, {"type": "Feature", "geometry": {"type": "Point", "coordinates": [73.97496, 18.578623]}, "properties": {"depth": 2.93}}, {"type": "Feature", "geometry": {"type": "Point", "coordinates": [73.974716, 18.578761]}, "properties": {"depth": 1.45}}, {"type": "Feature", "geometry": {"type": "Point", "coordinates": [73.974912, 18.578786]}, "properties": {"depth": 3.19}}, {"type": "Feature", "geometry": {"type": "Point", "coordinates": [73.974459, 18.578994]}, "properties": {"depth": 0.06}}, {"type": "Feature", "geometry": {"type": "Point", "coordinates": [73.974588, 18.579091]}, "properties": {"depth": 3.3}}, {"type": "Feature", "geometry": {"type": "Point", "coordinates": [73.974781, 18.579103]}, "properties": {"depth": 3.3}}, {"type": "Feature", "geometry": {"type": "Point", "coordinates": [73.975442, 18.578935]}, "properties": {"depth": 4.72}}, {"type": "Feature", "geometry": {"type": "Point", "coordinates": [73.975066, 18.579162]}, "properties": {"depth": 2.25}}, {"type": "Feature", "geometry": {"type": "Point", "coordinates": [73.975061, 18.580237]}, "properties": {"depth": 3.3}}, {"type": "Feature", "geometry": {"type": "Point", "coordinates": [73.97487, 18.580147]}, "properties": {"depth": 3.3}}, {"type": "Feature", "geometry": {"type": "Point", "coordinates": [73.944661, 18.57866]}, "properties": {"depth": 0.06}}, {"type": "Feature", "geometry": {"type": "Point", "coordinates": [73.97523, 18.580351]}, "properties": {"depth": 3.8}}, {"type": "Feature", "geometry": {"type": "Point", "coordinates": [73.975984, 18.580793]}, "properties": {"depth": 1.01}}, {"type": "Feature", "geometry": {"type": "Point", "coordinates": [73.976204, 18.581192]}, "properties": {"depth": 2.45}}, {"type": "Feature", "geometry": {"type": "Point", "coordinates": [73.975008, 18.581322]}, "properties": {"depth": 5.73}}, {"type": "Feature", "geometry": {"type": "Point", "coordinates": [73.975004, 18.581558]}, "properties": {"depth": 4.9}}, {"type": "Feature", "geometry": {"type": "Point", "coordinates": [73.975109, 18.581592]}, "properties": {"depth": 4.9}}, {"type": "Feature", "geometry": {"type": "Point", "coordinates": [73.975217, 18.581617]}, "properties": {"depth": 4.0}}, {"type": "Feature", "geometry": {"type": "Point", "coordinates": [73.976418, 18.581709]}, "properties": {"depth": 2.1}}, {"type": "Feature", "geometry": {"type": "Point", "coordinates": [73.976735, 18.581846]}, "properties": {"depth": 0.5}}, {"type": "Feature", "geometry": {"type": "Point", "coordinates": [73.974508, 18.581388]}, "properties": {"depth": 0.71}}, {"type": "Feature", "geometry": {"type": "Point", "coordinates": [73.974372, 18.581513]}, "properties": {"depth": 0.71}}, {"type": "Feature", "geometry": {"type": "Point", "coordinates": [73.974854, 18.581583]}, "properties": {"depth": 3.2}}, {"type": "Feature", "geometry": {"type": "Point", "coordinates": [73.975575, 18.581846]}, "properties": {"depth": 3.45}}, {"type": "Feature", "geometry": {"type": "Point", "coordinates": [73.977319, 18.581856]}, "properties": {"depth": 0.34}}, {"type": "Feature", "geometry": {"type": "Point", "coordinates": [73.977028, 18.5819]}, "properties": {"depth": 1.11}}, {"type": "Feature", "geometry": {"type": "Point", "coordinates": [73.975658, 18.581962]}, "properties": {"depth": 3.45}}, {"type": "Feature", "geometry": {"type": "Point", "coordinates": [73.976747, 18.581976]}, "properties": {"depth": 0.5}}, {"type": "Feature", "geometry": {"type": "Point", "coordinates": [73.977126, 18.582053]}, "properties": {"depth": 0.34}}, {"type": "Feature", "geometry": {"type": "Point", "coordinates": [73.975743, 18.582075]}, "properties": {"depth": 2.76}}, {"type": "Feature", "geometry": {"type": "Point", "coordinates": [73.975455, 18.582104]}, "properties": {"depth": 4.41}}, {"type": "Feature", "geometry": {"type": "Point", "coordinates": [73.974803, 18.582095]}, "properties": {"depth": 0.91}}, {"type": "Feature", "geometry": {"type": "Point", "coordinates": [73.975021, 18.582156]}, "properties": {"depth": 2.91}}, {"type": "Feature", "geometry": {"type": "Point", "coordinates": [73.975818, 18.582191]}, "properties": {"depth": 2.3}}, {"type": "Feature", "geometry": {"type": "Point", "coordinates": [73.976703, 18.582216]}, "properties": {"depth": 0.12}}, {"type": "Feature", "geometry": {"type": "Point", "coordinates": [73.975408, 18.582237]}, "properties": {"depth": 3.92}}, {"type": "Feature", "geometry": {"type": "Point", "coordinates": [73.976273, 18.582278]}, "properties": {"depth": 0.07}}, {"type": "Feature", "geometry": {"type": "Point", "coordinates": [73.975904, 18.582307]}, "properties": {"depth": 2.3}}, {"type": "Feature", "geometry": {"type": "Point", "coordinates": [73.975363, 18.582376]}, "properties": {"depth": 4.37}}, {"type": "Feature", "geometry": {"type": "Point", "coordinates": [73.975985, 18.582419]}, "properties": {"depth": 0.38}}, {"type": "Feature", "geometry": {"type": "Point", "coordinates": [73.975563, 18.582419]}, "properties": {"depth": 4.34}}, {"type": "Feature", "geometry": {"type": "Point", "coordinates": [73.973082, 18.580358]}, "properties": {"depth": 2.71}}, {"type": "Feature", "geometry": {"type": "Point", "coordinates": [73.972995, 18.580361]}, "properties": {"depth": 2.71}}, {"type": "Feature", "geometry": {"type": "Point", "coordinates": [73.973461, 18.580579]}, "properties": {"depth": 2.07}}, {"type": "Feature", "geometry": {"type": "Point", "coordinates": [73.973243, 18.580595]}, "properties": {"depth": 2.07}}, {"type": "Feature", "geometry": {"type": "Point", "coordinates": [73.97437, 18.580901]}, "properties": {"depth": 4.74}}, {"type": "Feature", "geometry": {"type": "Point", "coordinates": [73.973399, 18.58099]}, "properties": {"depth": 1.64}}, {"type": "Feature", "geometry": {"type": "Point", "coordinates": [73.974322, 18.58134]}, "properties": {"depth": 0.71}}, {"type": "Feature", "geometry": {"type": "Point", "coordinates": [73.97441, 18.581361]}, "properties": {"depth": 0.71}}, {"type": "Feature", "geometry": {"type": "Point", "coordinates": [73.974793, 18.582224]}, "properties": {"depth": 0.91}}, {"type": "Feature", "geometry": {"type": "Point", "coordinates": [73.974339, 18.582884]}, "properties": {"depth": 3.44}}, {"type": "Feature", "geometry": {"type": "Point", "coordinates": [73.975723, 18.582477]}, "properties": {"depth": 3.98}}, {"type": "Feature", "geometry": {"type": "Point", "coordinates": [73.977242, 18.582508]}, "properties": {"depth": 2.61}}, {"type": "Feature", "geometry": {"type": "Point", "coordinates": [73.97505, 18.582513]}, "properties": {"depth": 2.17}}, {"type": "Feature", "geometry": {"type": "Point", "coordinates": [73.976643, 18.582519]}, "properties": {"depth": 0.07}}, {"type": "Feature", "geometry": {"type": "Point", "coordinates": [73.976214, 18.582556]}, "properties": {"depth": 0.38}}, {"type": "Feature", "geometry": {"type": "Point", "coordinates": [73.976045, 18.582571]}, "properties": {"depth": 0.38}}, {"type": "Feature", "geometry": {"type": "Point", "coordinates": [73.975396, 18.582706]}, "properties": {"depth": 2.55}}, {"type": "Feature", "geometry": {"type": "Point", "coordinates": [73.975616, 18.582718]}, "properties": {"depth": 3.16}}, {"type": "Feature", "geometry": {"type": "Point", "coordinates": [73.974625, 18.58241]}, "properties": {"depth": 3.11}}, {"type": "Feature", "geometry": {"type": "Point", "coordinates": [73.974734, 18.582439]}, "properties": {"depth": 3.11}}, {"type": "Feature", "geometry": {"type": "Point", "coordinates": [73.974843, 18.582479]}, "properties": {"depth": 3.11}}, {"type": "Feature", "geometry": {"type": "Point", "coordinates": [73.974933, 18.582506]}, "properties": {"depth": 2.17}}, {"type": "Feature", "geometry": {"type": "Point", "coordinates": [73.97439, 18.582577]}, "properties": {"depth": 3.82}}, {"type": "Feature", "geometry": {"type": "Point", "coordinates": [73.974967, 18.582714]}, "properties": {"depth": 3.91}}, {"type": "Feature", "geometry": {"type": "Point", "coordinates": [73.975233, 18.582762]}, "properties": {"depth": 2.55}}, {"type": "Feature", "geometry": {"type": "Point", "coordinates": [73.976576, 18.582803]}, "properties": {"depth": 2.69}}, {"type": "Feature", "geometry": {"type": "Point", "coordinates": [73.975934, 18.582829]}, "properties": {"depth": 3.44}}, {"type": "Feature", "geometry": {"type": "Point", "coordinates": [73.976127, 18.582895]}, "properties": {"depth": 0.72}}, {"type": "Feature", "geometry": {"type": "Point", "coordinates": [73.976992, 18.582923]}, "properties": {"depth": 3.19}}, {"type": "Feature", "geometry": {"type": "Point", "coordinates": [73.975903, 18.582927]}, "properties": {"depth": 2.19}}, {"type": "Feature", "geometry": {"type": "Point", "coordinates": [73.977241, 18.582964]}, "properties": {"depth": 3.47}}, {"type": "Feature", "geometry": {"type": "Point", "coordinates": [73.975657, 18.583002]}, "properties": {"depth": 2.68}}, {"type": "Feature", "geometry": {"type": "Point", "coordinates": [73.978386, 18.582993]}, "properties": {"depth": 1.77}}, {"type": "Feature", "geometry": {"type": "Point", "coordinates": [73.974908, 18.5829]}, "properties": {"depth": 3.91}}, {"type": "Feature", "geometry": {"type": "Point", "coordinates": [73.973972, 18.58295]}, "properties": {"depth": 0.89}}, {"type": "Feature", "geometry": {"type": "Point", "coordinates": [73.974657, 18.583031]}, "properties": {"depth": 1.37}}, {"type": "Feature", "geometry": {"type": "Point", "coordinates": [73.974017, 18.583181]}, "properties": {"depth": 0.89}}, {"type": "Feature", "geometry": {"type": "Point", "coordinates": [73.974384, 18.583244]}, "properties": {"depth": 4.33}}, {"type": "Feature", "geometry": {"type": "Point", "coordinates": [73.974794, 18.583276]}, "properties": {"depth": 5.08}}, {"type": "Feature", "geometry": {"type": "Point", "coordinates": [73.977622, 18.583073]}, "properties": {"depth": 0.65}}, {"type": "Feature", "geometry": {"type": "Point", "coordinates": [73.976581, 18.583082]}, "properties": {"depth": 2.96}}, {"type": "Feature", "geometry": {"type": "Point", "coordinates": [73.976121, 18.583138]}, "properties": {"depth": 0.99}}, {"type": "Feature", "geometry": {"type": "Point", "coordinates": [73.977065, 18.583188]}, "properties": {"depth": 3.19}}, {"type": "Feature", "geometry": {"type": "Point", "coordinates": [73.977991, 18.583226]}, "properties": {"depth": 2.31}}, {"type": "Feature", "geometry": {"type": "Point", "coordinates": [73.975994, 18.58332]}, "properties": {"depth": 0.3}}, {"type": "Feature", "geometry": {"type": "Point", "coordinates": [73.976722, 18.583347]}, "properties": {"depth": 4.09}}, {"type": "Feature", "geometry": {"type": "Point", "coordinates": [73.976223, 18.583422]}, "properties": {"depth": 0.3}}, {"type": "Feature", "geometry": {"type": "Point", "coordinates": [73.97518, 18.58345]}, "properties": {"depth": 2.73}}, {"type": "Feature", "geometry": {"type": "Point", "coordinates": [73.9781, 18.583557]}, "properties": {"depth": 0.82}}, {"type": "Feature", "geometry": {"type": "Point", "coordinates": [73.974587, 18.583382]}, "properties": {"depth": 5.08}}, {"type": "Feature", "geometry": {"type": "Point", "coordinates": [73.97476, 18.583396]}, "properties": {"depth": 5.08}}, {"type": "Feature", "geometry": {"type": "Point", "coordinates": [73.974306, 18.583421]}, "properties": {"depth": 4.33}}, {"type": "Feature", "geometry": {"type": "Point", "coordinates": [73.974708, 18.583592]}, "properties": {"depth": 6.62}}, {"type": "Feature", "geometry": {"type": "Point", "coordinates": [73.97861, 18.583563]}, "properties": {"depth": 0.66}}, {"type": "Feature", "geometry": {"type": "Point", "coordinates": [73.978193, 18.583791]}, "properties": {"depth": 0.97}}, {"type": "Feature", "geometry": {"type": "Point", "coordinates": [73.978648, 18.583825]}, "properties": {"depth": 2.06}}, {"type": "Feature", "geometry": {"type": "Point", "coordinates": [73.974033, 18.583624]}, "properties": {"depth": 0.92}}, {"type": "Feature", "geometry": {"type": "Point", "coordinates": [73.974238, 18.583709]}, "properties": {"depth": 0.92}}, {"type": "Feature", "geometry": {"type": "Point", "coordinates": [73.974416, 18.583753]}, "properties": {"depth": 1.66}}, {"type": "Feature", "geometry": {"type": "Point", "coordinates": [73.978647, 18.583947]}, "properties": {"depth": 2.06}}, {"type": "Feature", "geometry": {"type": "Point", "coordinates": [73.978298, 18.584102]}, "properties": {"depth": 3.61}}, {"type": "Feature", "geometry": {"type": "Point", "coordinates": [73.9779, 18.583569]}, "properties": {"depth": 1.99}}, {"type": "Feature", "geometry": {"type": "Point", "coordinates": [73.976363, 18.584011]}, "properties": {"depth": 5.86}}, {"type": "Feature", "geometry": {"type": "Point", "coordinates": [73.976662, 18.584068]}, "properties": {"depth": 3.86}}, {"type": "Feature", "geometry": {"type": "Point", "coordinates": [73.9769, 18.584389]}, "properties": {"depth": 0.26}}, {"type": "Feature", "geometry": {"type": "Point", "coordinates": [73.976747, 18.584889]}, "properties": {"depth": 0.05}}, {"type": "Feature", "geometry": {"type": "Point", "coordinates": [73.976723, 18.584966]}, "properties": {"depth": 0.05}}, {"type": "Feature", "geometry": {"type": "Point", "coordinates": [73.974814, 18.584734]}, "properties": {"depth": 4.36}}, {"type": "Feature", "geometry": {"type": "Point", "coordinates": [73.974953, 18.584747]}, "properties": {"depth": 4.07}}, {"type": "Feature", "geometry": {"type": "Point", "coordinates": [73.974416, 18.584802]}, "properties": {"depth": 4.23}}, {"type": "Feature", "geometry": {"type": "Point", "coordinates": [73.974554, 18.584808]}, "properties": {"depth": 4.23}}, {"type": "Feature", "geometry": {"type": "Point", "coordinates": [73.975182, 18.585061]}, "properties": {"depth": 6.94}}, {"type": "Feature", "geometry": {"type": "Point", "coordinates": [73.975709, 18.585196]}, "properties": {"depth": 1.88}}, {"type": "Feature", "geometry": {"type": "Point", "coordinates": [73.976333, 18.585261]}, "properties": {"depth": 0.2}}, {"type": "Feature", "geometry": {"type": "Point", "coordinates": [73.9738, 18.585285]}, "properties": {"depth": 1.82}}, {"type": "Feature", "geometry": {"type": "Point", "coordinates": [73.974397, 18.585227]}, "properties": {"depth": 0.65}}, {"type": "Feature", "geometry": {"type": "Point", "coordinates": [73.974533, 18.585239]}, "properties": {"depth": 0.65}}, {"type": "Feature", "geometry": {"type": "Point", "coordinates": [73.974783, 18.585247]}, "properties": {"depth": 3.59}}, {"type": "Feature", "geometry": {"type": "Point", "coordinates": [73.974925, 18.585261]}, "properties": {"depth": 2.6}}, {"type": "Feature", "geometry": {"type": "Point", "coordinates": [73.976401, 18.585431]}, "properties": {"depth": 1.75}}, {"type": "Feature", "geometry": {"type": "Point", "coordinates": [73.976039, 18.585485]}, "properties": {"depth": 2.61}}, {"type": "Feature", "geometry": {"type": "Point", "coordinates": [73.97628, 18.585517]}, "properties": {"depth": 1.75}}, {"type": "Feature", "geometry": {"type": "Point", "coordinates": [73.976419, 18.585562]}, "properties": {"depth": 1.75}}, {"type": "Feature", "geometry": {"type": "Point", "coordinates": [73.976202, 18.585587]}, "properties": {"depth": 2.61}}, {"type": "Feature", "geometry": {"type": "Point", "coordinates": [73.976065, 18.585588]}, "properties": {"depth": 2.61}}, {"type": "Feature", "geometry": {"type": "Point", "coordinates": [73.97578, 18.585577]}, "properties": {"depth": 2.76}}, {"type": "Feature", "geometry": {"type": "Point", "coordinates": [73.976705, 18.58575]}, "properties": {"depth": 0.21}}, {"type": "Feature", "geometry": {"type": "Point", "coordinates": [73.976521, 18.585755]}, "properties": {"depth": 3.01}}, {"type": "Feature", "geometry": {"type": "Point", "coordinates": [73.9765, 18.585936]}, "properties": {"depth": 3.01}}, {"type": "Feature", "geometry": {"type": "Point", "coordinates": [73.976668, 18.585967]}, "properties": {"depth": 0.21}}, {"type": "Feature", "geometry": {"type": "Point", "coordinates": [73.974637, 18.58566]}, "properties": {"depth": 0.37}}, {"type": "Feature", "geometry": {"type": "Point", "coordinates": [73.974402, 18.585636]}, "properties": {"depth": 0.53}}, {"type": "Feature", "geometry": {"type": "Point", "coordinates": [73.976515, 18.586016]}, "properties": {"depth": 0.99}}, {"type": "Feature", "geometry": {"type": "Point", "coordinates": [73.976522, 18.586082]}, "properties": {"depth": 0.99}}, {"type": "Feature", "geometry": {"type": "Point", "coordinates": [73.976524, 18.586125]}, "properties": {"depth": 0.99}}, {"type": "Feature", "geometry": {"type": "Point", "coordinates": [73.976512, 18.586162]}, "properties": {"depth": 0.99}}, {"type": "Feature", "geometry": {"type": "Point", "coordinates": [73.981354, 18.586928]}, "properties": {"depth": 3.32}}, {"type": "Feature", "geometry": {"type": "Point", "coordinates": [73.981596, 18.587129]}, "properties": {"depth": 1.67}}, {"type": "Feature", "geometry": {"type": "Point", "coordinates": [73.981288, 18.587261]}, "properties": {"depth": 2.46}}, {"type": "Feature", "geometry": {"type": "Point", "coordinates": [73.976505, 18.586244]}, "properties": {"depth": 0.99}}, {"type": "Feature", "geometry": {"type": "Point", "coordinates": [73.982143, 18.587382]}, "properties": {"depth": 0.96}}, {"type": "Feature", "geometry": {"type": "Point", "coordinates": [73.981328, 18.587539]}, "properties": {"depth": 3.5}}, {"type": "Feature", "geometry": {"type": "Point", "coordinates": [73.981773, 18.587909]}, "properties": {"depth": 2.44}}, {"type": "Feature", "geometry": {"type": "Point", "coordinates": [73.981812, 18.588416]}, "properties": {"depth": 1.11}}, {"type": "Feature", "geometry": {"type": "Point", "coordinates": [73.982436, 18.588564]}, "properties": {"depth": 2.31}}, {"type": "Feature", "geometry": {"type": "Point", "coordinates": [73.98182, 18.588826]}, "properties": {"depth": 4.35}}, {"type": "Feature", "geometry": {"type": "Point", "coordinates": [73.981977, 18.589131]}, "properties": {"depth": 2.17}}, {"type": "Feature", "geometry": {"type": "Point", "coordinates": [73.981024, 18.590213]}, "properties": {"depth": 4.5}}, {"type": "Feature", "geometry": {"type": "Point", "coordinates": [73.980948, 18.590231]}, "properties": {"depth": 2.71}}, {"type": "Feature", "geometry": {"type": "Point", "coordinates": [73.980839, 18.590393]}, "properties": {"depth": 2.71}}, {"type": "Feature", "geometry": {"type": "Point", "coordinates": [73.982692, 18.589153]}, "properties": {"depth": 3.7}}, {"type": "Feature", "geometry": {"type": "Point", "coordinates": [73.982937, 18.589163]}, "properties": {"depth": 3.28}}, {"type": "Feature", "geometry": {"type": "Point", "coordinates": [73.981026, 18.590391]}, "properties": {"depth": 4.5}}, {"type": "Feature", "geometry": {"type": "Point", "coordinates": [73.891229, 18.552895]}, "properties": {"depth": 0.77}}, {"type": "Feature", "geometry": {"type": "Point", "coordinates": [73.889029, 18.550774]}, "properties": {"depth": 0.88}}, {"type": "Feature", "geometry": {"type": "Point", "coordinates": [73.88926, 18.551559]}, "properties": {"depth": 0.94}}, {"type": "Feature", "geometry": {"type": "Point", "coordinates": [73.890132, 18.552104]}, "properties": {"depth": 8.02}}, {"type": "Feature", "geometry": {"type": "Point", "coordinates": [73.887207, 18.557989]}, "properties": {"depth": 3.89}}, {"type": "Feature", "geometry": {"type": "Point", "coordinates": [73.887623, 18.558146]}, "properties": {"depth": 2.51}}, {"type": "Feature", "geometry": {"type": "Point", "coordinates": [73.887627, 18.560632]}, "properties": {"depth": 1.07}}, {"type": "Feature", "geometry": {"type": "Point", "coordinates": [73.88619, 18.557948]}, "properties": {"depth": 2.83}}, {"type": "Feature", "geometry": {"type": "Point", "coordinates": [73.886019, 18.558369]}, "properties": {"depth": 3.04}}, {"type": "Feature", "geometry": {"type": "Point", "coordinates": [73.88555, 18.559079]}, "properties": {"depth": 5.02}}, {"type": "Feature", "geometry": {"type": "Point", "coordinates": [73.886059, 18.559287]}, "properties": {"depth": 2.44}}, {"type": "Feature", "geometry": {"type": "Point", "coordinates": [73.886532, 18.559265]}, "properties": {"depth": 3.8}}, {"type": "Feature", "geometry": {"type": "Point", "coordinates": [73.897249, 18.556508]}, "properties": {"depth": 0.92}}, {"type": "Feature", "geometry": {"type": "Point", "coordinates": [73.898283, 18.557503]}, "properties": {"depth": 0.86}}, {"type": "Feature", "geometry": {"type": "Point", "coordinates": [73.897681, 18.557684]}, "properties": {"depth": 0.55}}, {"type": "Feature", "geometry": {"type": "Point", "coordinates": [73.897544, 18.557758]}, "properties": {"depth": 0.47}}, {"type": "Feature", "geometry": {"type": "Point", "coordinates": [73.898332, 18.557952]}, "properties": {"depth": 1.35}}, {"type": "Feature", "geometry": {"type": "Point", "coordinates": [73.89759, 18.557986]}, "properties": {"depth": 0.43}}, {"type": "Feature", "geometry": {"type": "Point", "coordinates": [73.898333, 18.558753]}, "properties": {"depth": 0.84}}, {"type": "Feature", "geometry": {"type": "Point", "coordinates": [73.899473, 18.559579]}, "properties": {"depth": 2.52}}, {"type": "Feature", "geometry": {"type": "Point", "coordinates": [73.879761, 18.553498]}, "properties": {"depth": 1.46}}, {"type": "Feature", "geometry": {"type": "Point", "coordinates": [73.879248, 18.553523]}, "properties": {"depth": 0.25}}, {"type": "Feature", "geometry": {"type": "Point", "coordinates": [73.879643, 18.553579]}, "properties": {"depth": 1.46}}, {"type": "Feature", "geometry": {"type": "Point", "coordinates": [73.879874, 18.553607]}, "properties": {"depth": 2.49}}, {"type": "Feature", "geometry": {"type": "Point", "coordinates": [73.879029, 18.553616]}, "properties": {"depth": 0.25}}, {"type": "Feature", "geometry": {"type": "Point", "coordinates": [73.879728, 18.553684]}, "properties": {"depth": 1.46}}, {"type": "Feature", "geometry": {"type": "Point", "coordinates": [73.879172, 18.553687]}, "properties": {"depth": 0.25}}, {"type": "Feature", "geometry": {"type": "Point", "coordinates": [73.879494, 18.55369]}, "properties": {"depth": 0.7}}, {"type": "Feature", "geometry": {"type": "Point", "coordinates": [73.879385, 18.553693]}, "properties": {"depth": 0.7}}, {"type": "Feature", "geometry": {"type": "Point", "coordinates": [73.879143, 18.553758]}, "properties": {"depth": 0.44}}, {"type": "Feature", "geometry": {"type": "Point", "coordinates": [73.878866, 18.553444]}, "properties": {"depth": 1.51}}, {"type": "Feature", "geometry": {"type": "Point", "coordinates": [73.878647, 18.553757]}, "properties": {"depth": 1.41}}, {"type": "Feature", "geometry": {"type": "Point", "coordinates": [73.878188, 18.554053]}, "properties": {"depth": 2.0}}, {"type": "Feature", "geometry": {"type": "Point", "coordinates": [73.87985, 18.553786]}, "properties": {"depth": 1.85}}, {"type": "Feature", "geometry": {"type": "Point", "coordinates": [73.879051, 18.553831]}, "properties": {"depth": 0.44}}, {"type": "Feature", "geometry": {"type": "Point", "coordinates": [73.879459, 18.553866]}, "properties": {"depth": 1.21}}, {"type": "Feature", "geometry": {"type": "Point", "coordinates": [73.879332, 18.553871]}, "properties": {"depth": 1.21}}, {"type": "Feature", "geometry": {"type": "Point", "coordinates": [73.879424, 18.553902]}, "properties": {"depth": 1.21}}, {"type": "Feature", "geometry": {"type": "Point", "coordinates": [73.880228, 18.554019]}, "properties": {"depth": 1.43}}, {"type": "Feature", "geometry": {"type": "Point", "coordinates": [73.879244, 18.554025]}, "properties": {"depth": 0.44}}, {"type": "Feature", "geometry": {"type": "Point", "coordinates": [73.879726, 18.554089]}, "properties": {"depth": 1.68}}, {"type": "Feature", "geometry": {"type": "Point", "coordinates": [73.879716, 18.554171]}, "properties": {"depth": 1.68}}, {"type": "Feature", "geometry": {"type": "Point", "coordinates": [73.880341, 18.554191]}, "properties": {"depth": 1.98}}, {"type": "Feature", "geometry": {"type": "Point", "coordinates": [73.8802, 18.554245]}, "properties": {"depth": 1.98}}, {"type": "Feature", "geometry": {"type": "Point", "coordinates": [73.879668, 18.554248]}, "properties": {"depth": 1.68}}, {"type": "Feature", "geometry": {"type": "Point", "coordinates": [73.880341, 18.55442]}, "properties": {"depth": 0.75}}, {"type": "Feature", "geometry": {"type": "Point", "coordinates": [73.879661, 18.554459]}, "properties": {"depth": 2.06}}, {"type": "Feature", "geometry": {"type": "Point", "coordinates": [73.878292, 18.554088]}, "properties": {"depth": 1.69}}, {"type": "Feature", "geometry": {"type": "Point", "coordinates": [73.878238, 18.554282]}, "properties": {"depth": 1.69}}, {"type": "Feature", "geometry": {"type": "Point", "coordinates": [73.87818, 18.554429]}, "properties": {"depth": 2.35}}, {"type": "Feature", "geometry": {"type": "Point", "coordinates": [73.878017, 18.554429]}, "properties": {"depth": 2.35}}, {"type": "Feature", "geometry": {"type": "Point", "coordinates": [73.880424, 18.554556]}, "properties": {"depth": 0.02}}, {"type": "Feature", "geometry": {"type": "Point", "coordinates": [73.879091, 18.555298]}, "properties": {"depth": 2.69}}, {"type": "Feature", "geometry": {"type": "Point", "coordinates": [73.879123, 18.555604]}, "properties": {"depth": 1.28}}, {"type": "Feature", "geometry": {"type": "Point", "coordinates": [73.88627, 18.556448]}, "properties": {"depth": 0.2}}, {"type": "Feature", "geometry": {"type": "Point", "coordinates": [73.880751, 18.554787]}, "properties": {"depth": 2.67}}, {"type": "Feature", "geometry": {"type": "Point", "coordinates": [73.880915, 18.554978]}, "properties": {"depth": 2.27}}, {"type": "Feature", "geometry": {"type": "Point", "coordinates": [73.884318, 18.556804]}, "properties": {"depth": 1.6}}, {"type": "Feature", "geometry": {"type": "Point", "coordinates": [73.884561, 18.557185]}, "properties": {"depth": 3.36}}, {"type": "Feature", "geometry": {"type": "Point", "coordinates": [73.884195, 18.55732]}, "properties": {"depth": 4.32}}, {"type": "Feature", "geometry": {"type": "Point", "coordinates": [73.883367, 18.55626]}, "properties": {"depth": 1.8}}, {"type": "Feature", "geometry": {"type": "Point", "coordinates": [73.883492, 18.556427]}, "properties": {"depth": 0.84}}, {"type": "Feature", "geometry": {"type": "Point", "coordinates": [73.883692, 18.556499]}, "properties": {"depth": 0.84}}, {"type": "Feature", "geometry": {"type": "Point", "coordinates": [73.883248, 18.556542]}, "properties": {"depth": 2.89}}, {"type": "Feature", "geometry": {"type": "Point", "coordinates": [73.883751, 18.556646]}, "properties": {"depth": 3.39}}, {"type": "Feature", "geometry": {"type": "Point", "coordinates": [73.884, 18.556671]}, "properties": {"depth": 3.39}}, {"type": "Feature", "geometry": {"type": "Point", "coordinates": [73.883201, 18.556738]}, "properties": {"depth": 2.89}}, {"type": "Feature", "geometry": {"type": "Point", "coordinates": [73.882989, 18.556789]}, "properties": {"depth": 2.35}}, {"type": "Feature", "geometry": {"type": "Point", "coordinates": [73.883755, 18.556885]}, "properties": {"depth": 3.91}}, {"type": "Feature", "geometry": {"type": "Point", "coordinates": [73.883079, 18.556937]}, "properties": {"depth": 2.03}}, {"type": "Feature", "geometry": {"type": "Point", "coordinates": [73.883326, 18.556964]}, "properties": {"depth": 3.13}}, {"type": "Feature", "geometry": {"type": "Point", "coordinates": [73.88359, 18.557019]}, "properties": {"depth": 4.1}}, {"type": "Feature", "geometry": {"type": "Point", "coordinates": [73.883875, 18.557112]}, "properties": {"depth": 2.58}}, {"type": "Feature", "geometry": {"type": "Point", "coordinates": [73.883809, 18.559551]}, "properties": {"depth": 4.71}}, {"type": "Feature", "geometry": {"type": "Point", "coordinates": [73.885425, 18.558223]}, "properties": {"depth": 2.16}}, {"type": "Feature", "geometry": {"type": "Point", "coordinates": [73.88521, 18.558961]}, "properties": {"depth": 6.21}}, {"type": "Feature", "geometry": {"type": "Point", "coordinates": [73.885202, 18.559147]}, "properties": {"depth": 4.96}}, {"type": "Feature", "geometry": {"type": "Point", "coordinates": [73.885465, 18.559308]}, "properties": {"depth": 2.26}}, {"type": "Feature", "geometry": {"type": "Point", "coordinates": [73.885206, 18.559335]}, "properties": {"depth": 3.07}}, {"type": "Feature", "geometry": {"type": "Point", "coordinates": [73.884595, 18.559437]}, "properties": {"depth": 0.67}}, {"type": "Feature", "geometry": {"type": "Point", "coordinates": [73.884555, 18.56059]}, "properties": {"depth": 1.56}}, {"type": "Feature", "geometry": {"type": "Point", "coordinates": [73.896949, 18.58266]}, "properties": {"depth": 2.4}}, {"type": "Feature", "geometry": {"type": "Point", "coordinates": [73.896881, 18.582678]}, "properties": {"depth": 2.4}}, {"type": "Feature", "geometry": {"type": "Point", "coordinates": [73.897002, 18.583661]}, "properties": {"depth": 1.26}}, {"type": "Feature", "geometry": {"type": "Point", "coordinates": [73.854766, 18.523169]}, "properties": {"depth": 2.09}}, {"type": "Feature", "geometry": {"type": "Point", "coordinates": [73.853243, 18.537419]}, "properties": {"depth": 1.22}}, {"type": "Feature", "geometry": {"type": "Point", "coordinates": [73.853502, 18.53745]}, "properties": {"depth": 4.28}}, {"type": "Feature", "geometry": {"type": "Point", "coordinates": [73.853421, 18.537576]}, "properties": {"depth": 1.22}}, {"type": "Feature", "geometry": {"type": "Point", "coordinates": [73.853344, 18.537605]}, "properties": {"depth": 1.22}}, {"type": "Feature", "geometry": {"type": "Point", "coordinates": [73.853225, 18.537676]}, "properties": {"depth": 0.2}}, {"type": "Feature", "geometry": {"type": "Point", "coordinates": [73.853538, 18.538252]}, "properties": {"depth": 1.9}}, {"type": "Feature", "geometry": {"type": "Point", "coordinates": [73.853566, 18.538432]}, "properties": {"depth": 1.9}}, {"type": "Feature", "geometry": {"type": "Point", "coordinates": [73.853195, 18.537591]}, "properties": {"depth": 1.22}}, {"type": "Feature", "geometry": {"type": "Point", "coordinates": [73.853007, 18.537743]}, "properties": {"depth": 0.02}}, {"type": "Feature", "geometry": {"type": "Point", "coordinates": [73.853013, 18.537891]}, "properties": {"depth": 0.02}}, {"type": "Feature", "geometry": {"type": "Point", "coordinates": [73.853413, 18.538476]}, "properties": {"depth": 1.43}}, {"type": "Feature", "geometry": {"type": "Point", "coordinates": [73.853488, 18.53851]}, "properties": {"depth": 2.24}}, {"type": "Feature", "geometry": {"type": "Point", "coordinates": [73.853434, 18.538609]}, "properties": {"depth": 1.43}}, {"type": "Feature", "geometry": {"type": "Point", "coordinates": [73.866774, 18.584591]}, "properties": {"depth": 0.35}}, {"type": "Feature", "geometry": {"type": "Point", "coordinates": [73.865902, 18.586548]}, "properties": {"depth": 0.4}}, {"type": "Feature", "geometry": {"type": "Point", "coordinates": [73.865597, 18.587361]}, "properties": {"depth": 1.57}}, {"type": "Feature", "geometry": {"type": "Point", "coordinates": [73.866119, 18.587842]}, "properties": {"depth": 0.01}}, {"type": "Feature", "geometry": {"type": "Point", "coordinates": [73.89753, 18.582724]}, "properties": {"depth": 0.35}}, {"type": "Feature", "geometry": {"type": "Point", "coordinates": [73.89723, 18.583917]}, "properties": {"depth": 1.46}}, {"type": "Feature", "geometry": {"type": "Point", "coordinates": [73.897271, 18.584072]}, "properties": {"depth": 1.07}}, {"type": "Feature", "geometry": {"type": "Point", "coordinates": [73.89715, 18.584061]}, "properties": {"depth": 1.07}}, {"type": "Feature", "geometry": {"type": "Point", "coordinates": [73.896972, 18.584063]}, "properties": {"depth": 0.43}}, {"type": "Feature", "geometry": {"type": "Point", "coordinates": [73.897211, 18.584065]}, "properties": {"depth": 1.07}}, {"type": "Feature", "geometry": {"type": "Point", "coordinates": [73.896866, 18.584157]}, "properties": {"depth": 0.43}}, {"type": "Feature", "geometry": {"type": "Point", "coordinates": [73.897137, 18.58417]}, "properties": {"depth": 1.07}}, {"type": "Feature", "geometry": {"type": "Point", "coordinates": [73.896954, 18.58417]}, "properties": {"depth": 0.43}}, {"type": "Feature", "geometry": {"type": "Point", "coordinates": [73.897047, 18.58417]}, "properties": {"depth": 0.43}}, {"type": "Feature", "geometry": {"type": "Point", "coordinates": [73.896857, 18.584248]}, "properties": {"depth": 0.43}}, {"type": "Feature", "geometry": {"type": "Point", "coordinates": [73.896947, 18.584251]}, "properties": {"depth": 0.43}}, {"type": "Feature", "geometry": {"type": "Point", "coordinates": [73.89704, 18.584261]}, "properties": {"depth": 0.43}}, {"type": "Feature", "geometry": {"type": "Point", "coordinates": [73.897112, 18.584265]}, "properties": {"depth": 1.07}}, {"type": "Feature", "geometry": {"type": "Point", "coordinates": [73.897217, 18.584268]}, "properties": {"depth": 1.07}}, {"type": "Feature", "geometry": {"type": "Point", "coordinates": [73.897024, 18.583914]}, "properties": {"depth": 1.03}}, {"type": "Feature", "geometry": {"type": "Point", "coordinates": [73.897138, 18.583918]}, "properties": {"depth": 1.46}}, {"type": "Feature", "geometry": {"type": "Point", "coordinates": [73.89696, 18.583922]}, "properties": {"depth": 1.03}}, {"type": "Feature", "geometry": {"type": "Point", "coordinates": [73.896893, 18.583924]}, "properties": {"depth": 1.03}}, {"type": "Feature", "geometry": {"type": "Point", "coordinates": [73.896872, 18.584046]}, "properties": {"depth": 0.43}}, {"type": "Feature", "geometry": {"type": "Point", "coordinates": [73.897063, 18.584056]}, "properties": {"depth": 0.43}}, {"type": "Feature", "geometry": {"type": "Point", "coordinates": [73.909275, 18.605259]}, "properties": {"depth": 0.98}}, {"type": "Feature", "geometry": {"type": "Point", "coordinates": [73.90908, 18.605425]}, "properties": {"depth": 0.8}}, {"type": "Feature", "geometry": {"type": "Point", "coordinates": [73.907682, 18.606208]}, "properties": {"depth": 1.26}}, {"type": "Feature", "geometry": {"type": "Point", "coordinates": [73.908193, 18.606557]}, "properties": {"depth": 3.12}}, {"type": "Feature", "geometry": {"type": "Point", "coordinates": [73.907567, 18.608214]}, "properties": {"depth": 1.32}}, {"type": "Feature", "geometry": {"type": "Point", "coordinates": [73.907085, 18.609154]}, "properties": {"depth": 1.7}}, {"type": "Feature", "geometry": {"type": "Point", "coordinates": [73.906877, 18.60975]}, "properties": {"depth": 0.12}}, {"type": "Feature", "geometry": {"type": "Point", "coordinates": [73.908644, 18.606507]}, "properties": {"depth": 2.69}}, {"type": "Feature", "geometry": {"type": "Point", "coordinates": [73.908996, 18.609185]}, "properties": {"depth": 1.18}}, {"type": "Feature", "geometry": {"type": "Point", "coordinates": [73.934903, 18.604211]}, "properties": {"depth": 0.62}}, {"type": "Feature", "geometry": {"type": "Point", "coordinates": [73.934999, 18.604272]}, "properties": {"depth": 0.62}}, {"type": "Feature", "geometry": {"type": "Point", "coordinates": [73.935231, 18.604383]}, "properties": {"depth": 0.97}}, {"type": "Feature", "geometry": {"type": "Point", "coordinates": [73.935413, 18.604403]}, "properties": {"depth": 0.97}}, {"type": "Feature", "geometry": {"type": "Point", "coordinates": [73.935141, 18.604452]}, "properties": {"depth": 0.97}}, {"type": "Feature", "geometry": {"type": "Point", "coordinates": [73.935017, 18.604467]}, "properties": {"depth": 0.08}}, {"type": "Feature", "geometry": {"type": "Point", "coordinates": [73.935539, 18.604472]}, "properties": {"depth": 2.97}}, {"type": "Feature", "geometry": {"type": "Point", "coordinates": [73.935153, 18.604515]}, "properties": {"depth": 0.97}}, {"type": "Feature", "geometry": {"type": "Point", "coordinates": [73.935556, 18.60455]}, "properties": {"depth": 2.97}}, {"type": "Feature", "geometry": {"type": "Point", "coordinates": [73.935426, 18.604548]}, "properties": {"depth": 2.97}}, {"type": "Feature", "geometry": {"type": "Point", "coordinates": [73.935732, 18.60456]}, "properties": {"depth": 3.28}}, {"type": "Feature", "geometry": {"type": "Point", "coordinates": [73.934936, 18.6046]}, "properties": {"depth": 1.02}}, {"type": "Feature", "geometry": {"type": "Point", "coordinates": [73.935166, 18.604604]}, "properties": {"depth": 1.5}}, {"type": "Feature", "geometry": {"type": "Point", "coordinates": [73.935559, 18.60463]}, "properties": {"depth": 2.76}}, {"type": "Feature", "geometry": {"type": "Point", "coordinates": [73.935737, 18.604633]}, "properties": {"depth": 4.14}}, {"type": "Feature", "geometry": {"type": "Point", "coordinates": [73.935435, 18.604651]}, "properties": {"depth": 2.76}}, {"type": "Feature", "geometry": {"type": "Point", "coordinates": [73.935286, 18.604679]}, "properties": {"depth": 1.5}}, {"type": "Feature", "geometry": {"type": "Point", "coordinates": [73.934932, 18.604698]}, "properties": {"depth": 1.02}}, {"type": "Feature", "geometry": {"type": "Point", "coordinates": [73.935032, 18.604702]}, "properties": {"depth": 1.02}}, {"type": "Feature", "geometry": {"type": "Point", "coordinates": [73.93545, 18.604749]}, "properties": {"depth": 2.76}}, {"type": "Feature", "geometry": {"type": "Point", "coordinates": [73.935765, 18.604796]}, "properties": {"depth": 4.14}}, {"type": "Feature", "geometry": {"type": "Point", "coordinates": [73.935045, 18.604799]}, "properties": {"depth": 1.02}}, {"type": "Feature", "geometry": {"type": "Point", "coordinates": [73.935275, 18.604804]}, "properties": {"depth": 1.5}}, {"type": "Feature", "geometry": {"type": "Point", "coordinates": [73.93495, 18.604808]}, "properties": {"depth": 1.02}}, {"type": "Feature", "geometry": {"type": "Point", "coordinates": [73.934952, 18.604932]}, "properties": {"depth": 0.66}}, {"type": "Feature", "geometry": {"type": "Point", "coordinates": [73.935293, 18.604936]}, "properties": {"depth": 0.8}}, {"type": "Feature", "geometry": {"type": "Point", "coordinates": [73.935601, 18.604968]}, "properties": {"depth": 2.36}}, {"type": "Feature", "geometry": {"type": "Point", "coordinates": [73.935063, 18.604985]}, "properties": {"depth": 0.66}}, {"type": "Feature", "geometry": {"type": "Point", "coordinates": [73.935211, 18.605016]}, "properties": {"depth": 0.8}}, {"type": "Feature", "geometry": {"type": "Point", "coordinates": [73.935822, 18.605052]}, "properties": {"depth": 3.65}}, {"type": "Feature", "geometry": {"type": "Point", "coordinates": [73.935327, 18.605069]}, "properties": {"depth": 0.8}}, {"type": "Feature", "geometry": {"type": "Point", "coordinates": [73.935213, 18.605078]}, "properties": {"depth": 0.8}}, {"type": "Feature", "geometry": {"type": "Point", "coordinates": [73.935078, 18.605137]}, "properties": {"depth": 0.66}}, {"type": "Feature", "geometry": {"type": "Point", "coordinates": [73.935495, 18.605166]}, "properties": {"depth": 2.61}}, {"type": "Feature", "geometry": {"type": "Point", "coordinates": [73.935078, 18.605202]}, "properties": {"depth": 1.27}}, {"type": "Feature", "geometry": {"type": "Point", "coordinates": [73.935235, 18.605209]}, "properties": {"depth": 1.45}}, {"type": "Feature", "geometry": {"type": "Point", "coordinates": [73.934969, 18.605227]}, "properties": {"depth": 1.27}}, {"type": "Feature", "geometry": {"type": "Point", "coordinates": [73.935085, 18.605277]}, "properties": {"depth": 1.27}}, {"type": "Feature", "geometry": {"type": "Point", "coordinates": [73.934957, 18.605296]}, "properties": {"depth": 1.27}}, {"type": "Feature", "geometry": {"type": "Point", "coordinates": [73.93551, 18.605318]}, "properties": {"depth": 2.61}}, {"type": "Feature", "geometry": {"type": "Point", "coordinates": [73.93536, 18.605334]}, "properties": {"depth": 1.45}}, {"type": "Feature", "geometry": {"type": "Point", "coordinates": [73.935244, 18.605404]}, "properties": {"depth": 1.45}}, {"type": "Feature", "geometry": {"type": "Point", "coordinates": [73.9351, 18.605431]}, "properties": {"depth": 1.06}}, {"type": "Feature", "geometry": {"type": "Point", "coordinates": [73.935253, 18.6055]}, "properties": {"depth": 0.96}}, {"type": "Feature", "geometry": {"type": "Point", "coordinates": [73.934982, 18.605514]}, "properties": {"depth": 1.06}}, {"type": "Feature", "geometry": {"type": "Point", "coordinates": [73.935675, 18.60553]}, "properties": {"depth": 2.41}}, {"type": "Feature", "geometry": {"type": "Point", "coordinates": [73.935112, 18.605537]}, "properties": {"depth": 1.06}}, {"type": "Feature", "geometry": {"type": "Point", "coordinates": [73.935368, 18.605561]}, "properties": {"depth": 0.96}}, {"type": "Feature", "geometry": {"type": "Point", "coordinates": [73.935548, 18.605577]}, "properties": {"depth": 2.41}}, {"type": "Feature", "geometry": {"type": "Point", "coordinates": [73.935279, 18.605687]}, "properties": {"depth": 0.96}}, {"type": "Feature", "geometry": {"type": "Point", "coordinates": [73.93569, 18.605716]}, "properties": {"depth": 1.36}}, {"type": "Feature", "geometry": {"type": "Point", "coordinates": [73.935571, 18.605748]}, "properties": {"depth": 1.36}}, {"type": "Feature", "geometry": {"type": "Point", "coordinates": [73.934254, 18.605976]}, "properties": {"depth": 0.33}}, {"type": "Feature", "geometry": {"type": "Point", "coordinates": [73.934168, 18.606032]}, "properties": {"depth": 0.33}}, {"type": "Feature", "geometry": {"type": "Point", "coordinates": [73.935402, 18.605755]}, "properties": {"depth": 1.83}}, {"type": "Feature", "geometry": {"type": "Point", "coordinates": [73.934818, 18.605795]}, "properties": {"depth": 0.2}}, {"type": "Feature", "geometry": {"type": "Point", "coordinates": [73.935719, 18.605865]}, "properties": {"depth": 1.19}}, {"type": "Feature", "geometry": {"type": "Point", "coordinates": [73.93482, 18.605865]}, "properties": {"depth": 0.2}}, {"type": "Feature", "geometry": {"type": "Point", "coordinates": [73.935434, 18.605941]}, "properties": {"depth": 1.36}}, {"type": "Feature", "geometry": {"type": "Point", "coordinates": [73.934718, 18.606111]}, "properties": {"depth": 0.21}}, {"type": "Feature", "geometry": {"type": "Point", "coordinates": [73.934854, 18.606127]}, "properties": {"depth": 0.21}}, {"type": "Feature", "geometry": {"type": "Point", "coordinates": [73.935773, 18.606152]}, "properties": {"depth": 1.56}}, {"type": "Feature", "geometry": {"type": "Point", "coordinates": [73.935638, 18.606176]}, "properties": {"depth": 0.31}}, {"type": "Feature", "geometry": {"type": "Point", "coordinates": [73.935151, 18.606182]}, "properties": {"depth": 0.17}}, {"type": "Feature", "geometry": {"type": "Point", "coordinates": [73.93547, 18.606183]}, "properties": {"depth": 0.31}}, {"type": "Feature", "geometry": {"type": "Point", "coordinates": [73.934734, 18.606214]}, "properties": {"depth": 0.21}}, {"type": "Feature", "geometry": {"type": "Point", "coordinates": [73.935029, 18.606223]}, "properties": {"depth": 1.56}}, {"type": "Feature", "geometry": {"type": "Point", "coordinates": [73.934846, 18.606228]}, "properties": {"depth": 0.21}}, {"type": "Feature", "geometry": {"type": "Point", "coordinates": [73.93534, 18.606242]}, "properties": {"depth": 0.17}}, {"type": "Feature", "geometry": {"type": "Point", "coordinates": [73.935657, 18.606301]}, "properties": {"depth": 2.29}}, {"type": "Feature", "geometry": {"type": "Point", "coordinates": [73.935174, 18.606304]}, "properties": {"depth": 2.03}}, {"type": "Feature", "geometry": {"type": "Point", "coordinates": [73.934144, 18.60634]}, "properties": {"depth": 0.2}}, {"type": "Feature", "geometry": {"type": "Point", "coordinates": [73.934149, 18.606391]}, "properties": {"depth": 0.2}}, {"type": "Feature", "geometry": {"type": "Point", "coordinates": [73.934156, 18.606498]}, "properties": {"depth": 0.2}}, {"type": "Feature", "geometry": {"type": "Point", "coordinates": [73.934285, 18.606592]}, "properties": {"depth": 0.56}}, {"type": "Feature", "geometry": {"type": "Point", "coordinates": [73.934866, 18.606338]}, "properties": {"depth": 2.24}}, {"type": "Feature", "geometry": {"type": "Point", "coordinates": [73.934734, 18.60639]}, "properties": {"depth": 0.56}}, {"type": "Feature", "geometry": {"type": "Point", "coordinates": [73.935675, 18.6064]}, "properties": {"depth": 2.29}}, {"type": "Feature", "geometry": {"type": "Point", "coordinates": [73.934619, 18.606406]}, "properties": {"depth": 0.56}}, {"type": "Feature", "geometry": {"type": "Point", "coordinates": [73.935506, 18.606447]}, "properties": {"depth": 2.29}}, {"type": "Feature", "geometry": {"type": "Point", "coordinates": [73.934742, 18.606477]}, "properties": {"depth": 0.56}}, {"type": "Feature", "geometry": {"type": "Point", "coordinates": [73.934623, 18.606512]}, "properties": {"depth": 0.56}}, {"type": "Feature", "geometry": {"type": "Point", "coordinates": [73.93446, 18.606529]}, "properties": {"depth": 2.78}}, {"type": "Feature", "geometry": {"type": "Point", "coordinates": [73.935182, 18.606569]}, "properties": {"depth": 4.21}}, {"type": "Feature", "geometry": {"type": "Point", "coordinates": [73.934761, 18.606653]}, "properties": {"depth": 3.18}}, {"type": "Feature", "geometry": {"type": "Point", "coordinates": [73.934466, 18.606688]}, "properties": {"depth": 2.78}}, {"type": "Feature", "geometry": {"type": "Point", "coordinates": [73.935556, 18.607588]}, "properties": {"depth": 6.37}}, {"type": "Feature", "geometry": {"type": "Point", "coordinates": [73.935483, 18.607851]}, "properties": {"depth": 7.05}}, {"type": "Feature", "geometry": {"type": "Point", "coordinates": [73.935569, 18.607994]}, "properties": {"depth": 7.52}}, {"type": "Feature", "geometry": {"type": "Point", "coordinates": [73.935653, 18.608143]}, "properties": {"depth": 7.52}}, {"type": "Feature", "geometry": {"type": "Point", "coordinates": [73.938325, 18.604306]}, "properties": {"depth": 1.57}}, {"type": "Feature", "geometry": {"type": "Point", "coordinates": [73.938178, 18.604307]}, "properties": {"depth": 1.05}}, {"type": "Feature", "geometry": {"type": "Point", "coordinates": [73.938538, 18.604399]}, "properties": {"depth": 0.62}}, {"type": "Feature", "geometry": {"type": "Point", "coordinates": [73.937652, 18.604434]}, "properties": {"depth": 0.86}}, {"type": "Feature", "geometry": {"type": "Point", "coordinates": [73.93833, 18.604443]}, "properties": {"depth": 1.57}}, {"type": "Feature", "geometry": {"type": "Point", "coordinates": [73.936, 18.604064]}, "properties": {"depth": 1.36}}, {"type": "Feature", "geometry": {"type": "Point", "coordinates": [73.936305, 18.604068]}, "properties": {"depth": 0.09}}, {"type": "Feature", "geometry": {"type": "Point", "coordinates": [73.93611, 18.604096]}, "properties": {"depth": 1.36}}, {"type": "Feature", "geometry": {"type": "Point", "coordinates": [73.936438, 18.604199]}, "properties": {"depth": 0.09}}, {"type": "Feature", "geometry": {"type": "Point", "coordinates": [73.936118, 18.604218]}, "properties": {"depth": 1.36}}, {"type": "Feature", "geometry": {"type": "Point", "coordinates": [73.936917, 18.604318]}, "properties": {"depth": 0.07}}, {"type": "Feature", "geometry": {"type": "Point", "coordinates": [73.936854, 18.604327]}, "properties": {"depth": 0.07}}, {"type": "Feature", "geometry": {"type": "Point", "coordinates": [73.936775, 18.604338]}, "properties": {"depth": 1.04}}, {"type": "Feature", "geometry": {"type": "Point", "coordinates": [73.936688, 18.60435]}, "properties": {"depth": 1.04}}, {"type": "Feature", "geometry": {"type": "Point", "coordinates": [73.936126, 18.604352]}, "properties": {"depth": 4.0}}, {"type": "Feature", "geometry": {"type": "Point", "coordinates": [73.936299, 18.604385]}, "properties": {"depth": 2.47}}, {"type": "Feature", "geometry": {"type": "Point", "coordinates": [73.936126, 18.604419]}, "properties": {"depth": 4.0}}, {"type": "Feature", "geometry": {"type": "Point", "coordinates": [73.937006, 18.604464]}, "properties": {"depth": 0.07}}, {"type": "Feature", "geometry": {"type": "Point", "coordinates": [73.936865, 18.604497]}, "properties": {"depth": 0.07}}, {"type": "Feature", "geometry": {"type": "Point", "coordinates": [73.935877, 18.604493]}, "properties": {"depth": 3.28}}, {"type": "Feature", "geometry": {"type": "Point", "coordinates": [73.936781, 18.604514]}, "properties": {"depth": 1.04}}, {"type": "Feature", "geometry": {"type": "Point", "coordinates": [73.936707, 18.604528]}, "properties": {"depth": 1.04}}, {"type": "Feature", "geometry": {"type": "Point", "coordinates": [73.936453, 18.604528]}, "properties": {"depth": 2.47}}, {"type": "Feature", "geometry": {"type": "Point", "coordinates": [73.936316, 18.604605]}, "properties": {"depth": 3.92}}, {"type": "Feature", "geometry": {"type": "Point", "coordinates": [73.936448, 18.604668]}, "properties": {"depth": 3.92}}, {"type": "Feature", "geometry": {"type": "Point", "coordinates": [73.936602, 18.604674]}, "properties": {"depth": 2.19}}, {"type": "Feature", "geometry": {"type": "Point", "coordinates": [73.935905, 18.604704]}, "properties": {"depth": 4.14}}, {"type": "Feature", "geometry": {"type": "Point", "coordinates": [73.936939, 18.604712]}, "properties": {"depth": 1.32}}, {"type": "Feature", "geometry": {"type": "Point", "coordinates": [73.936807, 18.604745]}, "properties": {"depth": 1.32}}, {"type": "Feature", "geometry": {"type": "Point", "coordinates": [73.936465, 18.604794]}, "properties": {"depth": 3.92}}, {"type": "Feature", "geometry": {"type": "Point", "coordinates": [73.935928, 18.604818]}, "properties": {"depth": 4.14}}, {"type": "Feature", "geometry": {"type": "Point", "coordinates": [73.938195, 18.604514]}, "properties": {"depth": 1.57}}, {"type": "Feature", "geometry": {"type": "Point", "coordinates": [73.93751, 18.604551]}, "properties": {"depth": 0.34}}, {"type": "Feature", "geometry": {"type": "Point", "coordinates": [73.938281, 18.604614]}, "properties": {"depth": 3.22}}, {"type": "Feature", "geometry": {"type": "Point", "coordinates": [73.937515, 18.60465]}, "properties": {"depth": 1.3}}, {"type": "Feature", "geometry": {"type": "Point", "coordinates": [73.938377, 18.604717]}, "properties": {"depth": 3.22}}, {"type": "Feature", "geometry": {"type": "Point", "coordinates": [73.938396, 18.604802]}, "properties": {"depth": 3.22}}, {"type": "Feature", "geometry": {"type": "Point", "coordinates": [73.93792, 18.604895]}, "properties": {"depth": 4.38}}, {"type": "Feature", "geometry": {"type": "Point", "coordinates": [73.93772, 18.604917]}, "properties": {"depth": 3.46}}, {"type": "Feature", "geometry": {"type": "Point", "coordinates": [73.937548, 18.604938]}, "properties": {"depth": 2.81}}, {"type": "Feature", "geometry": {"type": "Point", "coordinates": [73.936061, 18.604824]}, "properties": {"depth": 5.5}}, {"type": "Feature", "geometry": {"type": "Point", "coordinates": [73.936974, 18.604904]}, "properties": {"depth": 2.9}}, {"type": "Feature", "geometry": {"type": "Point", "coordinates": [73.936283, 18.604918]}, "properties": {"depth": 4.75}}, {"type": "Feature", "geometry": {"type": "Point", "coordinates": [73.936809, 18.604973]}, "properties": {"depth": 2.9}}, {"type": "Feature", "geometry": {"type": "Point", "coordinates": [73.936277, 18.604985]}, "properties": {"depth": 4.75}}, {"type": "Feature", "geometry": {"type": "Point", "coordinates": [73.93697, 18.60501]}, "properties": {"depth": 2.9}}, {"type": "Feature", "geometry": {"type": "Point", "coordinates": [73.93614, 18.605033]}, "properties": {"depth": 5.25}}, {"type": "Feature", "geometry": {"type": "Point", "coordinates": [73.936648, 18.605057]}, "properties": {"depth": 3.2}}, {"type": "Feature", "geometry": {"type": "Point", "coordinates": [73.936671, 18.605154]}, "properties": {"depth": 5.59}}, {"type": "Feature", "geometry": {"type": "Point", "coordinates": [73.937217, 18.605208]}, "properties": {"depth": 4.25}}, {"type": "Feature", "geometry": {"type": "Point", "coordinates": [73.937365, 18.605025]}, "properties": {"depth": 2.81}}, {"type": "Feature", "geometry": {"type": "Point", "coordinates": [73.93809, 18.605094]}, "properties": {"depth": 4.38}}, {"type": "Feature", "geometry": {"type": "Point", "coordinates": [73.937742, 18.605143]}, "properties": {"depth": 4.72}}, {"type": "Feature", "geometry": {"type": "Point", "coordinates": [73.937598, 18.605168]}, "properties": {"depth": 3.85}}, {"type": "Feature", "geometry": {"type": "Point", "coordinates": [73.937383, 18.605186]}, "properties": {"depth": 3.85}}, {"type": "Feature", "geometry": {"type": "Point", "coordinates": [73.937448, 18.605319]}, "properties": {"depth": 3.85}}, {"type": "Feature", "geometry": {"type": "Point", "coordinates": [73.938139, 18.605342]}, "properties": {"depth": 5.03}}, {"type": "Feature", "geometry": {"type": "Point", "coordinates": [73.937773, 18.605347]}, "properties": {"depth": 4.72}}, {"type": "Feature", "geometry": {"type": "Point", "coordinates": [73.93849, 18.605358]}, "properties": {"depth": 5.06}}, {"type": "Feature", "geometry": {"type": "Point", "coordinates": [73.93834, 18.605396]}, "properties": {"depth": 5.96}}, {"type": "Feature", "geometry": {"type": "Point", "coordinates": [73.93632, 18.605259]}, "properties": {"depth": 5.57}}, {"type": "Feature", "geometry": {"type": "Point", "coordinates": [73.936173, 18.60528]}, "properties": {"depth": 4.94}}, {"type": "Feature", "geometry": {"type": "Point", "coordinates": [73.936561, 18.605347]}, "properties": {"depth": 5.59}}, {"type": "Feature", "geometry": {"type": "Point", "coordinates": [73.936711, 18.605393]}, "properties": {"depth": 5.59}}, {"type": "Feature", "geometry": {"type": "Point", "coordinates": [73.936642, 18.605401]}, "properties": {"depth": 5.59}}, {"type": "Feature", "geometry": {"type": "Point", "coordinates": [73.937044, 18.605425]}, "properties": {"depth": 6.73}}, {"type": "Feature", "geometry": {"type": "Point", "coordinates": [73.935872, 18.605459]}, "properties": {"depth": 2.02}}, {"type": "Feature", "geometry": {"type": "Point", "coordinates": [73.936209, 18.605465]}, "properties": {"depth": 4.22}}, {"type": "Feature", "geometry": {"type": "Point", "coordinates": [73.936699, 18.605488]}, "properties": {"depth": 6.78}}, {"type": "Feature", "geometry": {"type": "Point", "coordinates": [73.936549, 18.605497]}, "properties": {"depth": 6.78}}, {"type": "Feature", "geometry": {"type": "Point", "coordinates": [73.938007, 18.605412]}, "properties": {"depth": 5.03}}, {"type": "Feature", "geometry": {"type": "Point", "coordinates": [73.937786, 18.605414]}, "properties": {"depth": 4.72}}, {"type": "Feature", "geometry": {"type": "Point", "coordinates": [73.938497, 18.605432]}, "properties": {"depth": 5.27}}, {"type": "Feature", "geometry": {"type": "Point", "coordinates": [73.93764, 18.605442]}, "properties": {"depth": 6.5}}, {"type": "Feature", "geometry": {"type": "Point", "coordinates": [73.938501, 18.605503]}, "properties": {"depth": 5.27}}, {"type": "Feature", "geometry": {"type": "Point", "coordinates": [73.937279, 18.605505]}, "properties": {"depth": 5.23}}, {"type": "Feature", "geometry": {"type": "Point", "coordinates": [73.937659, 18.605552]}, "properties": {"depth": 6.5}}, {"type": "Feature", "geometry": {"type": "Point", "coordinates": [73.937818, 18.60559]}, "properties": {"depth": 6.5}}, {"type": "Feature", "geometry": {"type": "Point", "coordinates": [73.93838, 18.605625]}, "properties": {"depth": 6.84}}, {"type": "Feature", "geometry": {"type": "Point", "coordinates": [73.937676, 18.605629]}, "properties": {"depth": 6.5}}, {"type": "Feature", "geometry": {"type": "Point", "coordinates": [73.936571, 18.60561]}, "properties": {"depth": 6.78}}, {"type": "Feature", "geometry": {"type": "Point", "coordinates": [73.936232, 18.605655]}, "properties": {"depth": 4.22}}, {"type": "Feature", "geometry": {"type": "Point", "coordinates": [73.936719, 18.605696]}, "properties": {"depth": 7.06}}, {"type": "Feature", "geometry": {"type": "Point", "coordinates": [73.936233, 18.605706]}, "properties": {"depth": 3.32}}, {"type": "Feature", "geometry": {"type": "Point", "coordinates": [73.936385, 18.605747]}, "properties": {"depth": 5.01}}, {"type": "Feature", "geometry": {"type": "Point", "coordinates": [73.936958, 18.605818]}, "properties": {"depth": 6.79}}, {"type": "Feature", "geometry": {"type": "Point", "coordinates": [73.936063, 18.605821]}, "properties": {"depth": 3.32}}, {"type": "Feature", "geometry": {"type": "Point", "coordinates": [73.937089, 18.605827]}, "properties": {"depth": 7.68}}, {"type": "Feature", "geometry": {"type": "Point", "coordinates": [73.936605, 18.605828]}, "properties": {"depth": 7.06}}, {"type": "Feature", "geometry": {"type": "Point", "coordinates": [73.936607, 18.605881]}, "properties": {"depth": 7.06}}, {"type": "Feature", "geometry": {"type": "Point", "coordinates": [73.938383, 18.60572]}, "properties": {"depth": 8.03}}, {"type": "Feature", "geometry": {"type": "Point", "coordinates": [73.938401, 18.605789]}, "properties": {"depth": 8.03}}, {"type": "Feature", "geometry": {"type": "Point", "coordinates": [73.937695, 18.605852]}, "properties": {"depth": 8.05}}, {"type": "Feature", "geometry": {"type": "Point", "coordinates": [73.938194, 18.605873]}, "properties": {"depth": 8.27}}, {"type": "Feature", "geometry": {"type": "Point", "coordinates": [73.938417, 18.605886]}, "properties": {"depth": 8.03}}, {"type": "Feature", "geometry": {"type": "Point", "coordinates": [73.937489, 18.605916]}, "properties": {"depth": 7.79}}, {"type": "Feature", "geometry": {"type": "Point", "coordinates": [73.938207, 18.605958]}, "properties": {"depth": 8.03}}, {"type": "Feature", "geometry": {"type": "Point", "coordinates": [73.937713, 18.605964]}, "properties": {"depth": 8.05}}, {"type": "Feature", "geometry": {"type": "Point", "coordinates": [73.938565, 18.60598]}, "properties": {"depth": 8.85}}, {"type": "Feature", "geometry": {"type": "Point", "coordinates": [73.938437, 18.606107]}, "properties": {"depth": 9.3}}, {"type": "Feature", "geometry": {"type": "Point", "coordinates": [73.937105, 18.605899]}, "properties": {"depth": 7.68}}, {"type": "Feature", "geometry": {"type": "Point", "coordinates": [73.936266, 18.605899]}, "properties": {"depth": 5.01}}, {"type": "Feature", "geometry": {"type": "Point", "coordinates": [73.936067, 18.605931]}, "properties": {"depth": 3.32}}, {"type": "Feature", "geometry": {"type": "Point", "coordinates": [73.935948, 18.605968]}, "properties": {"depth": 1.19}}, {"type": "Feature", "geometry": {"type": "Point", "coordinates": [73.936281, 18.606008]}, "properties": {"depth": 4.86}}, {"type": "Feature", "geometry": {"type": "Point", "coordinates": [73.935915, 18.606016]}, "properties": {"depth": 1.56}}, {"type": "Feature", "geometry": {"type": "Point", "coordinates": [73.936423, 18.606016]}, "properties": {"depth": 4.86}}, {"type": "Feature", "geometry": {"type": "Point", "coordinates": [73.936088, 18.606019]}, "properties": {"depth": 2.42}}, {"type": "Feature", "geometry": {"type": "Point", "coordinates": [73.937133, 18.606033]}, "properties": {"depth": 8.38}}, {"type": "Feature", "geometry": {"type": "Point", "coordinates": [73.936977, 18.606039]}, "properties": {"depth": 7.56}}, {"type": "Feature", "geometry": {"type": "Point", "coordinates": [73.935946, 18.606112]}, "properties": {"depth": 1.56}}, {"type": "Feature", "geometry": {"type": "Point", "coordinates": [73.936327, 18.606127]}, "properties": {"depth": 4.86}}, {"type": "Feature", "geometry": {"type": "Point", "coordinates": [73.936782, 18.60614]}, "properties": {"depth": 6.53}}, {"type": "Feature", "geometry": {"type": "Point", "coordinates": [73.936985, 18.606147]}, "properties": {"depth": 7.56}}, {"type": "Feature", "geometry": {"type": "Point", "coordinates": [73.936109, 18.606173]}, "properties": {"depth": 2.42}}, {"type": "Feature", "geometry": {"type": "Point", "coordinates": [73.936804, 18.606214]}, "properties": {"depth": 6.53}}, {"type": "Feature", "geometry": {"type": "Point", "coordinates": [73.936117, 18.606234]}, "properties": {"depth": 2.42}}, {"type": "Feature", "geometry": {"type": "Point", "coordinates": [73.937004, 18.606269]}, "properties": {"depth": 6.56}}, {"type": "Feature", "geometry": {"type": "Point", "coordinates": [73.936807, 18.606299]}, "properties": {"depth": 6.56}}, {"type": "Feature", "geometry": {"type": "Point", "coordinates": [73.93614, 18.606368]}, "properties": {"depth": 3.28}}, {"type": "Feature", "geometry": {"type": "Point", "coordinates": [73.937767, 18.606269]}, "properties": {"depth": 9.57}}, {"type": "Feature", "geometry": {"type": "Point", "coordinates": [73.938128, 18.606405]}, "properties": {"depth": 9.86}}, {"type": "Feature", "geometry": {"type": "Point", "coordinates": [73.938334, 18.606407]}, "properties": {"depth": 9.21}}, {"type": "Feature", "geometry": {"type": "Point", "coordinates": [73.937944, 18.606436]}, "properties": {"depth": 9.86}}, {"type": "Feature", "geometry": {"type": "Point", "coordinates": [73.937577, 18.606482]}, "properties": {"depth": 9.25}}, {"type": "Feature", "geometry": {"type": "Point", "coordinates": [73.938297, 18.606538]}, "properties": {"depth": 9.29}}, {"type": "Feature", "geometry": {"type": "Point", "coordinates": [73.938156, 18.606624]}, "properties": {"depth": 10.02}}, {"type": "Feature", "geometry": {"type": "Point", "coordinates": [73.937805, 18.606622]}, "properties": {"depth": 9.28}}, {"type": "Feature", "geometry": {"type": "Point", "coordinates": [73.937543, 18.606658]}, "properties": {"depth": 9.06}}, {"type": "Feature", "geometry": {"type": "Point", "coordinates": [73.937827, 18.606691]}, "properties": {"depth": 9.28}}, {"type": "Feature", "geometry": {"type": "Point", "coordinates": [73.935994, 18.606371]}, "properties": {"depth": 3.28}}, {"type": "Feature", "geometry": {"type": "Point", "coordinates": [73.936668, 18.606426]}, "properties": {"depth": 5.79}}, {"type": "Feature", "geometry": {"type": "Point", "coordinates": [73.937089, 18.606562]}, "properties": {"depth": 9.09}}, {"type": "Feature", "geometry": {"type": "Point", "coordinates": [73.936796, 18.606593]}, "properties": {"depth": 5.17}}, {"type": "Feature", "geometry": {"type": "Point", "coordinates": [73.935858, 18.606781]}, "properties": {"depth": 4.45}}, {"type": "Feature", "geometry": {"type": "Point", "coordinates": [73.937141, 18.606806]}, "properties": {"depth": 9.39}}, {"type": "Feature", "geometry": {"type": "Point", "coordinates": [73.936993, 18.606818]}, "properties": {"depth": 9.2}}, {"type": "Feature", "geometry": {"type": "Point", "coordinates": [73.937, 18.606892]}, "properties": {"depth": 9.2}}, {"type": "Feature", "geometry": {"type": "Point", "coordinates": [73.937062, 18.607005]}, "properties": {"depth": 9.2}}, {"type": "Feature", "geometry": {"type": "Point", "coordinates": [73.936797, 18.60759]}, "properties": {"depth": 8.53}}, {"type": "Feature", "geometry": {"type": "Point", "coordinates": [73.938169, 18.606733]}, "properties": {"depth": 10.02}}, {"type": "Feature", "geometry": {"type": "Point", "coordinates": [73.937978, 18.606749]}, "properties": {"depth": 10.02}}, {"type": "Feature", "geometry": {"type": "Point", "coordinates": [73.938182, 18.606814]}, "properties": {"depth": 8.86}}, {"type": "Feature", "geometry": {"type": "Point", "coordinates": [73.937981, 18.606823]}, "properties": {"depth": 8.86}}, {"type": "Feature", "geometry": {"type": "Point", "coordinates": [73.937808, 18.606899]}, "properties": {"depth": 8.42}}, {"type": "Feature", "geometry": {"type": "Point", "coordinates": [73.93783, 18.606976]}, "properties": {"depth": 8.42}}, {"type": "Feature", "geometry": {"type": "Point", "coordinates": [73.937826, 18.607063]}, "properties": {"depth": 8.42}}, {"type": "Feature", "geometry": {"type": "Point", "coordinates": [73.937528, 18.607114]}, "properties": {"depth": 6.48}}, {"type": "Feature", "geometry": {"type": "Point", "coordinates": [73.937236, 18.607159]}, "properties": {"depth": 8.01}}, {"type": "Feature", "geometry": {"type": "Point", "coordinates": [73.937509, 18.607276]}, "properties": {"depth": 6.48}}, {"type": "Feature", "geometry": {"type": "Point", "coordinates": [73.936378, 18.607624]}, "properties": {"depth": 9.92}}, {"type": "Feature", "geometry": {"type": "Point", "coordinates": [73.935859, 18.607808]}, "properties": {"depth": 8.2}}, {"type": "Feature", "geometry": {"type": "Point", "coordinates": [73.935908, 18.607992]}, "properties": {"depth": 8.34}}, {"type": "Feature", "geometry": {"type": "Point", "coordinates": [73.935855, 18.608167]}, "properties": {"depth": 8.34}}, {"type": "Feature", "geometry": {"type": "Point", "coordinates": [73.935887, 18.608351]}, "properties": {"depth": 6.34}}, {"type": "Feature", "geometry": {"type": "Point", "coordinates": [73.943451, 18.61194]}, "properties": {"depth": 10.04}}, {"type": "Feature", "geometry": {"type": "Point", "coordinates": [73.941859, 18.613448]}, "properties": {"depth": 1.05}}, {"type": "Feature", "geometry": {"type": "Point", "coordinates": [73.942543, 18.613511]}, "properties": {"depth": 3.83}}, {"type": "Feature", "geometry": {"type": "Point", "coordinates": [73.942267, 18.613626]}, "properties": {"depth": 3.35}}, {"type": "Feature", "geometry": {"type": "Point", "coordinates": [73.94197, 18.613678]}, "properties": {"depth": 4.15}}, {"type": "Feature", "geometry": {"type": "Point", "coordinates": [73.942196, 18.613796]}, "properties": {"depth": 6.79}}, {"type": "Feature", "geometry": {"type": "Point", "coordinates": [73.942351, 18.613833]}, "properties": {"depth": 6.79}}, {"type": "Feature", "geometry": {"type": "Point", "coordinates": [73.941369, 18.613674]}, "properties": {"depth": 4.17}}, {"type": "Feature", "geometry": {"type": "Point", "coordinates": [73.941444, 18.613706]}, "properties": {"depth": 4.17}}, {"type": "Feature", "geometry": {"type": "Point", "coordinates": [73.941537, 18.613731]}, "properties": {"depth": 3.82}}, {"type": "Feature", "geometry": {"type": "Point", "coordinates": [73.941708, 18.613818]}, "properties": {"depth": 5.45}}, {"type": "Feature", "geometry": {"type": "Point", "coordinates": [73.941292, 18.613838]}, "properties": {"depth": 3.58}}, {"type": "Feature", "geometry": {"type": "Point", "coordinates": [73.941676, 18.615042]}, "properties": {"depth": 10.04}}, {"type": "Feature", "geometry": {"type": "Point", "coordinates": [73.94144, 18.615095]}, "properties": {"depth": 12.77}}, {"type": "Feature", "geometry": {"type": "Point", "coordinates": [73.943799, 18.612654]}, "properties": {"depth": 4.88}}, {"type": "Feature", "geometry": {"type": "Point", "coordinates": [73.942114, 18.613966]}, "properties": {"depth": 6.79}}, {"type": "Feature", "geometry": {"type": "Point", "coordinates": [73.942209, 18.614917]}, "properties": {"depth": 1.52}}, {"type": "Feature", "geometry": {"type": "Point", "coordinates": [73.942137, 18.614969]}, "properties": {"depth": 1.52}}, {"type": "Feature", "geometry": {"type": "Point", "coordinates": [73.941861, 18.615209]}, "properties": {"depth": 6.86}}, {"type": "Feature", "geometry": {"type": "Point", "coordinates": [73.941818, 18.615468]}, "properties": {"depth": 11.09}}, {"type": "Feature", "geometry": {"type": "Point", "coordinates": [73.941941, 18.615526]}, "properties": {"depth": 11.09}}, {"type": "Feature", "geometry": {"type": "Point", "coordinates": [73.941693, 18.615369]}, "properties": {"depth": 11.51}}, {"type": "Feature", "geometry": {"type": "Point", "coordinates": [73.939061, 18.604706]}, "properties": {"depth": 1.2}}, {"type": "Feature", "geometry": {"type": "Point", "coordinates": [73.9393, 18.604907]}, "properties": {"depth": 1.59}}, {"type": "Feature", "geometry": {"type": "Point", "coordinates": [73.938878, 18.605592]}, "properties": {"depth": 3.68}}, {"type": "Feature", "geometry": {"type": "Point", "coordinates": [73.938904, 18.613334]}, "properties": {"depth": 2.48}}, {"type": "Feature", "geometry": {"type": "Point", "coordinates": [73.93966, 18.613897]}, "properties": {"depth": 5.6}}, {"type": "Feature", "geometry": {"type": "Point", "coordinates": [73.937284, 18.607502]}, "properties": {"depth": 5.63}}, {"type": "Feature", "geometry": {"type": "Point", "coordinates": [73.937471, 18.607667]}, "properties": {"depth": 1.41}}, {"type": "Feature", "geometry": {"type": "Point", "coordinates": [73.937298, 18.607882]}, "properties": {"depth": 2.5}}, {"type": "Feature", "geometry": {"type": "Point", "coordinates": [73.937442, 18.608053]}, "properties": {"depth": 0.16}}, {"type": "Feature", "geometry": {"type": "Point", "coordinates": [73.937733, 18.608085]}, "properties": {"depth": 0.29}}, {"type": "Feature", "geometry": {"type": "Point", "coordinates": [73.95667, 18.601845]}, "properties": {"depth": 4.03}}, {"type": "Feature", "geometry": {"type": "Point", "coordinates": [73.958439, 18.601815]}, "properties": {"depth": 0.03}}, {"type": "Feature", "geometry": {"type": "Point", "coordinates": [73.956956, 18.601859]}, "properties": {"depth": 3.73}}, {"type": "Feature", "geometry": {"type": "Point", "coordinates": [73.957153, 18.601883]}, "properties": {"depth": 3.72}}, {"type": "Feature", "geometry": {"type": "Point", "coordinates": [73.957766, 18.601949]}, "properties": {"depth": 1.48}}, {"type": "Feature", "geometry": {"type": "Point", "coordinates": [73.956976, 18.60199]}, "properties": {"depth": 3.73}}, {"type": "Feature", "geometry": {"type": "Point", "coordinates": [73.957497, 18.602]}, "properties": {"depth": 2.41}}, {"type": "Feature", "geometry": {"type": "Point", "coordinates": [73.957181, 18.602014]}, "properties": {"depth": 3.72}}, {"type": "Feature", "geometry": {"type": "Point", "coordinates": [73.957739, 18.602077]}, "properties": {"depth": 1.48}}, {"type": "Feature", "geometry": {"type": "Point", "coordinates": [73.957194, 18.60214]}, "properties": {"depth": 6.8}}, {"type": "Feature", "geometry": {"type": "Point", "coordinates": [73.956978, 18.602166]}, "properties": {"depth": 6.25}}, {"type": "Feature", "geometry": {"type": "Point", "coordinates": [73.957675, 18.602262]}, "properties": {"depth": 3.21}}, {"type": "Feature", "geometry": {"type": "Point", "coordinates": [73.956853, 18.601877]}, "properties": {"depth": 3.73}}, {"type": "Feature", "geometry": {"type": "Point", "coordinates": [73.956691, 18.60197]}, "properties": {"depth": 4.03}}, {"type": "Feature", "geometry": {"type": "Point", "coordinates": [73.956535, 18.601989]}, "properties": {"depth": 4.03}}, {"type": "Feature", "geometry": {"type": "Point", "coordinates": [73.956876, 18.60201]}, "properties": {"depth": 3.73}}, {"type": "Feature", "geometry": {"type": "Point", "coordinates": [73.956704, 18.602087]}, "properties": {"depth": 5.17}}, {"type": "Feature", "geometry": {"type": "Point", "coordinates": [73.956549, 18.60211]}, "properties": {"depth": 5.17}}, {"type": "Feature", "geometry": {"type": "Point", "coordinates": [73.956861, 18.602182]}, "properties": {"depth": 6.25}}, {"type": "Feature", "geometry": {"type": "Point", "coordinates": [73.956721, 18.602202]}, "properties": {"depth": 5.17}}, {"type": "Feature", "geometry": {"type": "Point", "coordinates": [73.956571, 18.602227]}, "properties": {"depth": 5.17}}, {"type": "Feature", "geometry": {"type": "Point", "coordinates": [73.957519, 18.602283]}, "properties": {"depth": 4.41}}, {"type": "Feature", "geometry": {"type": "Point", "coordinates": [73.957683, 18.602335]}, "properties": {"depth": 3.21}}, {"type": "Feature", "geometry": {"type": "Point", "coordinates": [73.957814, 18.602341]}, "properties": {"depth": 3.21}}, {"type": "Feature", "geometry": {"type": "Point", "coordinates": [73.95714, 18.602353]}, "properties": {"depth": 6.8}}, {"type": "Feature", "geometry": {"type": "Point", "coordinates": [73.957529, 18.602356]}, "properties": {"depth": 4.41}}, {"type": "Feature", "geometry": {"type": "Point", "coordinates": [73.957689, 18.602409]}, "properties": {"depth": 5.06}}, {"type": "Feature", "geometry": {"type": "Point", "coordinates": [73.957533, 18.60243]}, "properties": {"depth": 5.89}}, {"type": "Feature", "geometry": {"type": "Point", "coordinates": [73.957546, 18.602502]}, "properties": {"depth": 5.89}}, {"type": "Feature", "geometry": {"type": "Point", "coordinates": [73.95755, 18.60258]}, "properties": {"depth": 5.89}}, {"type": "Feature", "geometry": {"type": "Point", "coordinates": [73.958725, 18.603317]}, "properties": {"depth": 3.71}}, {"type": "Feature", "geometry": {"type": "Point", "coordinates": [73.956123, 18.602832]}, "properties": {"depth": 10.56}}, {"type": "Feature", "geometry": {"type": "Point", "coordinates": [73.955757, 18.602833]}, "properties": {"depth": 10.77}}, {"type": "Feature", "geometry": {"type": "Point", "coordinates": [73.955676, 18.602838]}, "properties": {"depth": 10.96}}, {"type": "Feature", "geometry": {"type": "Point", "coordinates": [73.955976, 18.602849]}, "properties": {"depth": 10.56}}, {"type": "Feature", "geometry": {"type": "Point", "coordinates": [73.955897, 18.602843]}, "properties": {"depth": 10.77}}, {"type": "Feature", "geometry": {"type": "Point", "coordinates": [73.955528, 18.602853]}, "properties": {"depth": 10.96}}, {"type": "Feature", "geometry": {"type": "Point", "coordinates": [73.955292, 18.602885]}, "properties": {"depth": 10.65}}, {"type": "Feature", "geometry": {"type": "Point", "coordinates": [73.955532, 18.602974]}, "properties": {"depth": 7.42}}, {"type": "Feature", "geometry": {"type": "Point", "coordinates": [73.956128, 18.602982]}, "properties": {"depth": 8.29}}, {"type": "Feature", "geometry": {"type": "Point", "coordinates": [73.955759, 18.602986]}, "properties": {"depth": 7.79}}, {"type": "Feature", "geometry": {"type": "Point", "coordinates": [73.955678, 18.602989]}, "properties": {"depth": 7.42}}, {"type": "Feature", "geometry": {"type": "Point", "coordinates": [73.955903, 18.602997]}, "properties": {"depth": 7.79}}, {"type": "Feature", "geometry": {"type": "Point", "coordinates": [73.955982, 18.603006]}, "properties": {"depth": 8.29}}, {"type": "Feature", "geometry": {"type": "Point", "coordinates": [73.955531, 18.603049]}, "properties": {"depth": 7.42}}, {"type": "Feature", "geometry": {"type": "Point", "coordinates": [73.955766, 18.603136]}, "properties": {"depth": 7.79}}, {"type": "Feature", "geometry": {"type": "Point", "coordinates": [73.956132, 18.603138]}, "properties": {"depth": 8.29}}, {"type": "Feature", "geometry": {"type": "Point", "coordinates": [73.955683, 18.603149]}, "properties": {"depth": 7.42}}, {"type": "Feature", "geometry": {"type": "Point", "coordinates": [73.955985, 18.603163]}, "properties": {"depth": 8.29}}, {"type": "Feature", "geometry": {"type": "Point", "coordinates": [73.955316, 18.60317]}, "properties": {"depth": 6.63}}, {"type": "Feature", "geometry": {"type": "Point", "coordinates": [73.955906, 18.603179]}, "properties": {"depth": 7.79}}, {"type": "Feature", "geometry": {"type": "Point", "coordinates": [73.955454, 18.603217]}, "properties": {"depth": 6.31}}, {"type": "Feature", "geometry": {"type": "Point", "coordinates": [73.955765, 18.603255]}, "properties": {"depth": 6.48}}, {"type": "Feature", "geometry": {"type": "Point", "coordinates": [73.955315, 18.603253]}, "properties": {"depth": 6.15}}, {"type": "Feature", "geometry": {"type": "Point", "coordinates": [73.955984, 18.603288]}, "properties": {"depth": 6.27}}, {"type": "Feature", "geometry": {"type": "Point", "coordinates": [73.95554, 18.603288]}, "properties": {"depth": 6.31}}, {"type": "Feature", "geometry": {"type": "Point", "coordinates": [73.956131, 18.603295]}, "properties": {"depth": 6.27}}, {"type": "Feature", "geometry": {"type": "Point", "coordinates": [73.955453, 18.603299]}, "properties": {"depth": 6.31}}, {"type": "Feature", "geometry": {"type": "Point", "coordinates": [73.955685, 18.603302]}, "properties": {"depth": 6.31}}, {"type": "Feature", "geometry": {"type": "Point", "coordinates": [73.955908, 18.603305]}, "properties": {"depth": 6.48}}, {"type": "Feature", "geometry": {"type": "Point", "coordinates": [73.955321, 18.603328]}, "properties": {"depth": 6.15}}, {"type": "Feature", "geometry": {"type": "Point", "coordinates": [73.958655, 18.603327]}, "properties": {"depth": 3.71}}, {"type": "Feature", "geometry": {"type": "Point", "coordinates": [73.958586, 18.603333]}, "properties": {"depth": 3.71}}, {"type": "Feature", "geometry": {"type": "Point", "coordinates": [73.958511, 18.603341]}, "properties": {"depth": 3.71}}, {"type": "Feature", "geometry": {"type": "Point", "coordinates": [73.958375, 18.603353]}, "properties": {"depth": 4.72}}, {"type": "Feature", "geometry": {"type": "Point", "coordinates": [73.958308, 18.603371]}, "properties": {"depth": 4.72}}, {"type": "Feature", "geometry": {"type": "Point", "coordinates": [73.958233, 18.603374]}, "properties": {"depth": 4.72}}, {"type": "Feature", "geometry": {"type": "Point", "coordinates": [73.958266, 18.603499]}, "properties": {"depth": 3.75}}, {"type": "Feature", "geometry": {"type": "Point", "coordinates": [73.958271, 18.603561]}, "properties": {"depth": 3.75}}, {"type": "Feature", "geometry": {"type": "Point", "coordinates": [73.958475, 18.603602]}, "properties": {"depth": 3.2}}, {"type": "Feature", "geometry": {"type": "Point", "coordinates": [73.958355, 18.603609]}, "properties": {"depth": 3.75}}, {"type": "Feature", "geometry": {"type": "Point", "coordinates": [73.958279, 18.603626]}, "properties": {"depth": 3.75}}, {"type": "Feature", "geometry": {"type": "Point", "coordinates": [73.958488, 18.603663]}, "properties": {"depth": 3.2}}, {"type": "Feature", "geometry": {"type": "Point", "coordinates": [73.958359, 18.603671]}, "properties": {"depth": 3.75}}, {"type": "Feature", "geometry": {"type": "Point", "coordinates": [73.958286, 18.603685]}, "properties": {"depth": 3.75}}, {"type": "Feature", "geometry": {"type": "Point", "coordinates": [73.958637, 18.604884]}, "properties": {"depth": 3.24}}, {"type": "Feature", "geometry": {"type": "Point", "coordinates": [73.958204, 18.605076]}, "properties": {"depth": 1.75}}, {"type": "Feature", "geometry": {"type": "Point", "coordinates": [73.957473, 18.606372]}, "properties": {"depth": 5.03}}, {"type": "Feature", "geometry": {"type": "Point", "coordinates": [73.957445, 18.606553]}, "properties": {"depth": 5.01}}, {"type": "Feature", "geometry": {"type": "Point", "coordinates": [73.958375, 18.606594]}, "properties": {"depth": 1.62}}, {"type": "Feature", "geometry": {"type": "Point", "coordinates": [73.957454, 18.606613]}, "properties": {"depth": 5.01}}, {"type": "Feature", "geometry": {"type": "Point", "coordinates": [73.957458, 18.606672]}, "properties": {"depth": 5.01}}, {"type": "Feature", "geometry": {"type": "Point", "coordinates": [73.958392, 18.606727]}, "properties": {"depth": 1.62}}, {"type": "Feature", "geometry": {"type": "Point", "coordinates": [73.957462, 18.606752]}, "properties": {"depth": 5.01}}, {"type": "Feature", "geometry": {"type": "Point", "coordinates": [73.957476, 18.606834]}, "properties": {"depth": 2.13}}, {"type": "Feature", "geometry": {"type": "Point", "coordinates": [73.957488, 18.60691]}, "properties": {"depth": 2.13}}, {"type": "Feature", "geometry": {"type": "Point", "coordinates": [73.955913, 18.603376]}, "properties": {"depth": 6.48}}, {"type": "Feature", "geometry": {"type": "Point", "coordinates": [73.955769, 18.603395]}, "properties": {"depth": 6.48}}, {"type": "Feature", "geometry": {"type": "Point", "coordinates": [73.955544, 18.603407]}, "properties": {"depth": 6.31}}, {"type": "Feature", "geometry": {"type": "Point", "coordinates": [73.955317, 18.603411]}, "properties": {"depth": 6.15}}, {"type": "Feature", "geometry": {"type": "Point", "coordinates": [73.955689, 18.603414]}, "properties": {"depth": 6.31}}, {"type": "Feature", "geometry": {"type": "Point", "coordinates": [73.955455, 18.603413]}, "properties": {"depth": 6.31}}, {"type": "Feature", "geometry": {"type": "Point", "coordinates": [73.955322, 18.603485]}, "properties": {"depth": 5.93}}, {"type": "Feature", "geometry": {"type": "Point", "coordinates": [73.934057, 18.606613]}, "properties": {"depth": 0.56}}, {"type": "Feature", "geometry": {"type": "Point", "coordinates": [73.934261, 18.606728]}, "properties": {"depth": 0.56}}, {"type": "Feature", "geometry": {"type": "Point", "coordinates": [73.933163, 18.607388]}, "properties": {"depth": 1.22}}, {"type": "Feature", "geometry": {"type": "Point", "coordinates": [73.932961, 18.607407]}, "properties": {"depth": 1.22}}]}