{"type": "FeatureCollection", "features": [{"type": "Feature", "geometry": {"type": "LineString", "coordinates": [[73.88678760000005, 18.42294570000007], [73.88642740000006, 18.423316200000045]]}, "properties": {}}, {"type": "Feature", "geometry": {"type": "LineString", "coordinates": [[73.88650860000007, 18.422787600000046], [73.88631420000007, 18.423008000000042], [73.88621060000008, 18.423138800000057], [73.88594940000007, 18.423468600000035], [73.88589310000005, 18.42350040000002], [73.88583000000006, 18.423508100000053], [73.88570930000003, 18.42350680000004], [73.88547160000007, 18.42348490000006]]}, "properties": {}}, {"type": "Feature", "geometry": {"type": "LineString", "coordinates": [[73.88701890000004, 18.42896830000007], [73.88713360000008, 18.428469000000067], [73.88719530000003, 18.42820680000006], [73.88723280000005, 18.427995600000035], [73.88725830000004, 18.427892600000067], [73.88727840000007, 18.42781120000007], [73.88730530000004, 18.427715500000033], [73.88734280000006, 18.427644200000028], [73.88737500000008, 18.42760940000006], [73.88740720000004, 18.42759870000003], [73.88744880000007, 18.42759610000007], [73.88747890000008, 18.427599900000075], [73.88759500000003, 18.427613700000048], [73.88765530000006, 18.42762030000006], [73.88769280000008, 18.42761780000006], [73.88772640000008, 18.427609500000077], [73.88775720000007, 18.42758910000003], [73.88787250000007, 18.42747720000006], [73.88796710000008, 18.427385600000036], [73.88810190000004, 18.427256400000033], [73.88813410000006, 18.42722590000005], [73.88817030000007, 18.427157200000064], [73.88818900000007, 18.427092300000023], [73.88818500000008, 18.427000700000058]]}, "properties": {}}, {"type": "Feature", "geometry": {"type": "LineString", "coordinates": [[73.88621060000008, 18.423138800000057], [73.88642740000006, 18.423316200000045], [73.88658240000008, 18.42344950000006], [73.88661060000004, 18.42347120000005], [73.88662930000004, 18.423476200000042], [73.88665750000007, 18.42347620000004], [73.88668970000003, 18.423466100000038], [73.88694990000005, 18.423187400000078]]}, "properties": {}}, {"type": "Feature", "geometry": {"type": "LineString", "coordinates": [[73.88546560000003, 18.424441700000045], [73.88445140000005, 18.42450270000006]]}, "properties": {}}, {"type": "Feature", "geometry": {"type": "LineString", "coordinates": [[73.88445670000004, 18.427365500000064], [73.88473310000006, 18.427360300000032], [73.88531210000008, 18.427349400000022], [73.88540090000004, 18.42734770000004], [73.88583940000007, 18.42736070000006], [73.88589040000005, 18.427356600000056], [73.88592660000006, 18.427337800000032], [73.88595880000008, 18.427306000000044], [73.88597560000005, 18.427274900000047], [73.88598960000007, 18.427231000000063], [73.88599270000003, 18.427138900000045], [73.88598830000007, 18.427060200000025], [73.88598560000008, 18.427003800000026], [73.88598500000006, 18.426963700000044], [73.88598490000004, 18.42692050000005], [73.88599500000004, 18.426438300000033], [73.88599630000004, 18.426283100000035], [73.88597490000006, 18.42621690000004], [73.88595580000005, 18.426176200000047], [73.88589440000004, 18.42609990000005], [73.88551150000006, 18.425441400000064], [73.88547930000004, 18.425388000000048], [73.88546930000007, 18.425346000000047], [73.88546390000005, 18.425303400000075], [73.88546120000007, 18.42520280000002], [73.88546390000005, 18.424719300000042], [73.88546560000003, 18.424441700000045], [73.88547160000007, 18.42348490000006], [73.88547190000008, 18.42343400000004], [73.88547200000005, 18.423388500000048], [73.88548800000007, 18.423333500000066], [73.88552420000008, 18.42326600000007], [73.88563160000007, 18.423115900000028]]}, "properties": {}}, {"type": "Feature", "geometry": {"type": "LineString", "coordinates": [[73.88684810000007, 18.42876470000005], [73.88668840000008, 18.428743800000063], [73.88659850000005, 18.428743800000067], [73.88657030000007, 18.428756500000077], [73.88654220000008, 18.428804800000023], [73.88651270000008, 18.428899000000058], [73.88643620000005, 18.429224700000074], [73.88641340000004, 18.42927430000003], [73.88637050000006, 18.429299800000024], [73.88632220000005, 18.429302300000074], [73.88626320000004, 18.42928710000007], [73.88618410000004, 18.429255200000057], [73.88582070000007, 18.429049100000043], [73.88536740000006, 18.428804800000027], [73.88532310000005, 18.42877560000005], [73.88530300000008, 18.42874250000006], [73.88529760000006, 18.42870430000005], [73.88530300000008, 18.428633100000066], [73.88531210000008, 18.427349400000022]]}, "properties": {}}, {"type": "Feature", "geometry": {"type": "LineString", "coordinates": [[73.88747570000004, 18.432258400000016], [73.88739240000007, 18.432042900000056], [73.88735220000007, 18.431956400000047], [73.88733340000006, 18.431871100000023], [73.88732810000005, 18.43158230000006], [73.88732940000007, 18.431425800000056], [73.88734150000005, 18.43084820000007], [73.88735890000004, 18.430750200000034], [73.88737500000008, 18.43066370000002], [73.88740320000005, 18.430526300000054], [73.88748630000003, 18.430215800000042], [73.88751450000007, 18.43008100000003], [73.88752650000004, 18.429997000000075], [73.88752650000004, 18.429914300000064], [73.88749970000003, 18.42978330000005], [73.88743130000006, 18.429592400000043], [73.88736020000005, 18.42940160000007], [73.88735620000006, 18.429332900000077], [73.88736020000005, 18.429241300000058], [73.88736160000008, 18.42914010000004], [73.88735620000006, 18.429091100000043], [73.88734550000004, 18.429058700000038], [73.88732670000007, 18.42902920000006], [73.88728920000005, 18.42901030000007], [73.88723220000003, 18.42899890000007], [73.88701890000004, 18.42896830000007], [73.88696330000006, 18.428957500000024], [73.88690160000004, 18.428944200000043], [73.88688010000004, 18.428931400000064], [73.88684590000008, 18.42890660000006], [73.88683390000006, 18.428872300000023], [73.88683180000004, 18.428834600000073], [73.88684810000007, 18.42876470000005], [73.88690900000006, 18.428503300000045], [73.88703840000005, 18.427848000000044], [73.88704510000008, 18.427776800000057], [73.88703170000008, 18.427736600000056], [73.88699950000007, 18.427697900000055], [73.88692710000004, 18.42767760000004], [73.88640270000008, 18.427591000000064], [73.88629270000007, 18.427563000000074], [73.88622700000008, 18.42752290000004], [73.88619880000005, 18.427481600000075], [73.88618410000004, 18.42742110000006], [73.88619750000004, 18.427270400000054], [73.88619480000006, 18.427244300000044], [73.88618410000004, 18.427217600000063], [73.88616230000008, 18.42718900000006], [73.88613580000003, 18.42717120000003], [73.88607680000007, 18.42715470000007], [73.88604220000008, 18.427148100000064], [73.88599270000003, 18.427138900000045]]}, "properties": {}}, {"type": "Feature", "geometry": {"type": "LineString", "coordinates": [[73.90225260000005, 18.418364500000052], [73.90209420000008, 18.42006010000006], [73.90203810000008, 18.42066100000005], [73.90190930000006, 18.42165440000002], [73.90183480000007, 18.42249910000004], [73.90183210000004, 18.422794500000066], [73.90183210000004, 18.42352740000007], [73.90185110000004, 18.424048800000037], [73.90185420000006, 18.424135300000046], [73.90186850000003, 18.42453000000006], [73.90188130000007, 18.424879700000076], [73.90188360000008, 18.42494430000005], [73.90184920000007, 18.425164100000078], [73.90178920000005, 18.42544100000003], [73.90165180000008, 18.42569340000006], [73.90129780000007, 18.42632040000006], [73.90126560000004, 18.426377400000035], [73.90116060000008, 18.42651980000005], [73.90083590000006, 18.426959800000073], [73.90066480000007, 18.427191700000034], [73.90042240000008, 18.42748470000004], [73.90032060000004, 18.427595800000066], [73.89965330000007, 18.42841810000004], [73.89930650000008, 18.428845600000045], [73.89923840000007, 18.428929500000038], [73.89907690000007, 18.429113500000025], [73.89866490000003, 18.429618300000072], [73.89848470000004, 18.42985450000003], [73.89836820000005, 18.430172300000038], [73.89834730000007, 18.430229100000076], [73.89816710000008, 18.431010800000024], [73.89808990000007, 18.43124690000008], [73.89788210000006, 18.431671300000062], [73.89771220000006, 18.432012300000054], [73.89765210000007, 18.432183300000077], [73.89762610000008, 18.43228970000007]]}, "properties": {}}, {"type": "Feature", "geometry": {"type": "LineString", "coordinates": [[73.89683910000008, 18.424214600000028], [73.89702960000005, 18.423972400000025], [73.89705820000006, 18.423906800000054], [73.89707480000004, 18.423798400000067], [73.89706270000005, 18.423666500000024], [73.89704650000004, 18.423631100000023], [73.89699030000008, 18.42351430000002], [73.89691910000005, 18.42338310000002], [73.89678150000003, 18.423087500000065], [73.89676230000003, 18.422939600000063], [73.89676810000005, 18.422605900000057], [73.89676540000005, 18.422375600000066], [73.89677480000006, 18.422180900000058], [73.89668100000006, 18.42218350000007], [73.89667290000006, 18.422413800000072], [73.89668230000007, 18.42272930000007], [73.89668490000008, 18.42294370000008], [73.89671490000006, 18.423112700000043], [73.89674880000007, 18.42322070000005], [73.89690480000007, 18.423504000000037], [73.89699210000003, 18.423667100000046], [73.89699850000005, 18.423831800000073], [73.89698810000004, 18.42388850000003], [73.89694380000003, 18.423972400000018], [73.89677400000005, 18.424175500000047], [73.89670120000005, 18.424270500000034], [73.89656760000008, 18.42443520000006], [73.89648490000008, 18.424589100000045], [73.89643690000008, 18.424730800000074], [73.89642610000004, 18.42482750000005], [73.89642350000008, 18.42499030000005], [73.89644630000004, 18.425234600000067], [73.89649190000006, 18.425450900000044], [73.89653480000004, 18.425592100000074], [73.89657900000003, 18.425669800000037], [73.89664210000007, 18.425785500000064], [73.89671850000008, 18.425860600000078], [73.89684320000003, 18.425994200000044], [73.89693580000005, 18.42605780000002], [73.89701490000004, 18.42609090000008], [73.89711010000008, 18.426107500000057], [73.89728640000004, 18.42612020000007], [73.89735150000007, 18.426118900000066], [73.89740650000005, 18.426125300000024], [73.89753920000004, 18.426138000000034], [73.89761570000007, 18.42613290000003], [73.89770820000007, 18.426107500000057], [73.89784900000006, 18.426130400000034], [73.89847520000006, 18.42634800000008], [73.89894740000005, 18.42651210000002], [73.89924240000005, 18.426643100000035], [73.89943020000004, 18.42675260000004], [73.89963130000007, 18.426872200000048], [73.89983390000003, 18.427027400000046], [73.90000280000004, 18.42717750000002], [73.90016780000008, 18.427355700000078], [73.90021340000004, 18.42740780000003], [73.90023550000006, 18.427447300000033], [73.90026370000004, 18.42750830000006], [73.90028720000004, 18.42754900000006], [73.90032060000004, 18.427595800000066]]}, "properties": {}}, {"type": "Feature", "geometry": {"type": "LineString", "coordinates": [[73.90042240000008, 18.42748470000004], [73.90037700000005, 18.42743200000006], [73.90032070000007, 18.427356900000067], [73.90023750000006, 18.427259000000053], [73.90010070000005, 18.42711900000006], [73.89980700000007, 18.426869600000032], [73.89958710000008, 18.426705500000033], [73.89931750000005, 18.42655280000002], [73.89915120000008, 18.426479000000032], [73.89822320000007, 18.42615200000006], [73.89774840000007, 18.425980200000026], [73.89762910000007, 18.425919200000067], [73.89757140000006, 18.42591030000006], [73.89750700000008, 18.42591150000004], [73.89745880000004, 18.425928100000018], [73.89733670000004, 18.425995500000056], [73.89726030000008, 18.426018400000032], [73.89717040000005, 18.42602610000006], [73.89713290000003, 18.426031100000042], [73.89708460000008, 18.42602350000004], [73.89702960000005, 18.426013300000022], [73.89694780000008, 18.425957300000047], [73.89686870000008, 18.42589370000007], [73.89677350000005, 18.425812300000075], [73.89670510000008, 18.425738500000023], [73.89665410000003, 18.425650700000066], [73.89660050000003, 18.425517100000032], [73.89656830000007, 18.425411500000052], [73.89651470000007, 18.425192600000056], [73.89650800000004, 18.42503870000008], [73.89650530000006, 18.424934300000075], [73.89651470000007, 18.424831300000044], [73.89652540000003, 18.42473330000007], [73.89655810000005, 18.424627500000042], [73.89662900000008, 18.424491500000045], [73.89677240000003, 18.42430800000005]]}, "properties": {}}, {"type": "Feature", "geometry": {"type": "LineString", "coordinates": [[73.89788760000005, 18.427611700000057], [73.89847520000006, 18.42634800000008]]}, "properties": {}}, {"type": "Feature", "geometry": {"type": "LineString", "coordinates": [[73.90032060000004, 18.427595800000066], [73.90051750000003, 18.427605300000035], [73.90081150000003, 18.427619600000067]]}, "properties": {}}, {"type": "Feature", "geometry": {"type": "LineString", "coordinates": [[73.91801080000005, 18.42346740000005], [73.91798870000008, 18.423402400000036], [73.91798460000007, 18.423369600000058], [73.91798460000007, 18.423327200000074], [73.91800500000006, 18.422982000000044], [73.91799680000008, 18.422845000000056], [73.91798260000007, 18.422779500000047], [73.91796230000006, 18.422731300000066], [73.91790940000004, 18.422644500000047], [73.91768380000008, 18.42232430000007], [73.91760050000005, 18.422199000000035], [73.91750690000003, 18.422004200000057], [73.91748460000008, 18.421940500000062], [73.91742360000006, 18.421641600000044], [73.91740330000005, 18.421591500000027], [73.91737300000005, 18.421550900000053], [73.91730860000007, 18.421500000000037], [73.91725760000008, 18.421459300000038], [73.91659780000003, 18.42105210000005], [73.91649860000007, 18.420950300000065], [73.91647980000005, 18.42088920000003], [73.91647980000005, 18.420838300000067], [73.91649590000003, 18.420797600000068], [73.91652000000005, 18.420767100000035], [73.91668100000004, 18.420596600000067], [73.91675340000006, 18.420497300000026], [73.91689550000007, 18.42026320000002], [73.91693310000005, 18.420186900000036], [73.91694920000003, 18.420118200000044], [73.91695720000007, 18.42004690000004], [73.91700550000007, 18.419716100000066], [73.91706720000008, 18.41941580000002], [73.91710480000006, 18.419217300000067], [73.91722810000005, 18.418703300000058], [73.91723890000003, 18.418621800000036], [73.91724420000008, 18.418540400000037], [73.91719060000008, 18.41801110000006], [73.91716650000006, 18.41772610000004], [73.91705260000003, 18.417150400000025], [73.91695800000008, 18.416533200000057], [73.91695800000008, 18.416506200000068], [73.91696410000003, 18.41647340000003], [73.91698240000005, 18.41643870000007], [73.91713890000005, 18.41621500000002], [73.91716330000008, 18.416176400000044], [73.91718160000006, 18.416130100000032], [73.91722430000004, 18.41592960000002], [73.91730770000004, 18.415567000000067], [73.91732800000005, 18.415514900000066], [73.91735640000007, 18.41546480000005], [73.91737470000004, 18.415424300000044], [73.91738490000006, 18.41538380000003], [73.91741540000004, 18.415138800000022], [73.91742760000005, 18.415096400000042], [73.91744180000006, 18.415061700000024], [73.91747230000004, 18.41502310000004], [73.91750480000007, 18.415000000000077], [73.91753530000005, 18.414991000000043], [73.91758490000007, 18.41499260000006], [73.91782330000007, 18.41502330000003]]}, "properties": {}}, {"type": "Feature", "geometry": {"type": "LineString", "coordinates": [[73.90936660000006, 18.416382500000054], [73.90918490000007, 18.415976200000046], [73.90898150000004, 18.415423700000073], [73.90894450000008, 18.415298000000067], [73.90888910000007, 18.415154700000073], [73.90877510000007, 18.41488870000006], [73.90875660000006, 18.41482150000007], [73.90876580000008, 18.414748400000068], [73.90878740000005, 18.414684100000045], [73.90889830000003, 18.414473600000065], [73.90899070000006, 18.414365500000027], [73.90914170000008, 18.414231000000026], [73.90918410000006, 18.414208800000043], [73.90923770000006, 18.414196100000023], [73.90930750000007, 18.414198600000077], [73.90935310000003, 18.41420880000004], [73.90946570000006, 18.41425720000006], [73.90965620000003, 18.414397100000027], [73.90989490000004, 18.41460830000005], [73.91005040000005, 18.414768700000025], [73.91013900000007, 18.414883200000073], [73.91019800000004, 18.41500280000002], [73.91027840000004, 18.415203800000025], [73.91036430000008, 18.415359100000046], [73.91052520000005, 18.415575400000023], [73.91087660000005, 18.41598260000006], [73.91138080000007, 18.416555200000065], [73.91170000000005, 18.416926700000033], [73.91173760000004, 18.416962300000023], [73.91178850000006, 18.416980100000046], [73.91184750000008, 18.416980100000046], [73.91198700000007, 18.416967400000033], [73.91205940000003, 18.41696740000003], [73.91214260000004, 18.41697760000005], [73.91219620000004, 18.41700050000003], [73.91227130000006, 18.41705650000006], [73.91230350000006, 18.417104800000057], [73.91234370000006, 18.417199000000036], [73.91239200000007, 18.41734660000003], [73.91239590000004, 18.417396600000075], [73.91238370000008, 18.417510400000022], [73.91237550000005, 18.417601100000066], [73.91237960000007, 18.417657000000073], [73.91240200000004, 18.417711000000057], [73.91247310000006, 18.417807400000072], [73.91280440000008, 18.41820660000008], [73.91289590000008, 18.418305000000032], [73.91297110000005, 18.418364800000052], [73.91359310000009, 18.41873120000002], [73.91365820000004, 18.418781400000054], [73.91381670000004, 18.41891830000003], [73.91390820000004, 18.41902440000007], [73.91404030000007, 18.41919020000006], [73.91412160000004, 18.41928090000005], [73.91420700000003, 18.419361900000066], [73.91443270000008, 18.419537400000017], [73.91459930000008, 18.41962220000005], [73.91517660000005, 18.419930800000028], [73.91522540000005, 18.41995970000005], [73.91527220000006, 18.420002200000052], [73.91531890000005, 18.420073500000058], [73.91539210000008, 18.420224000000076], [73.91552630000007, 18.420418700000024], [73.91557300000005, 18.420497800000074], [73.91560760000004, 18.42058070000007], [73.91565030000004, 18.420708000000044], [73.91568280000007, 18.420906700000042], [73.91569300000003, 18.42107250000004], [73.91569090000007, 18.42114200000003], [73.91568280000007, 18.42120950000003], [73.91566450000005, 18.421278900000058], [73.91553850000008, 18.42172440000007], [73.91552420000005, 18.421786100000077], [73.91551810000004, 18.421840100000054], [73.91552220000005, 18.421898000000056], [73.91557910000006, 18.422235500000053], [73.91560350000003, 18.422536300000043], [73.91559540000004, 18.422709900000022], [73.91554460000003, 18.423141900000083], [73.91550190000004, 18.423305800000037], [73.91547140000006, 18.423419600000038], [73.91545110000004, 18.423552700000073], [73.91544290000007, 18.423670300000026], [73.91544700000003, 18.423718500000064], [73.91545920000004, 18.423757100000046], [73.91551000000004, 18.42383620000004], [73.91559540000004, 18.423951900000077], [73.91563050000008, 18.424024200000073], [73.91564820000008, 18.424069500000027], [73.91566050000006, 18.424143400000045], [73.91568350000007, 18.42432800000006]]}, "properties": {}}, {"type": "Feature", "geometry": {"type": "LineString", "coordinates": [[73.91760970000007, 18.43032700000003], [73.91760720000008, 18.43020740000003], [73.91749090000008, 18.429656600000047], [73.91751660000006, 18.429376000000044]]}, "properties": {}}, {"type": "Feature", "geometry": {"type": "LineString", "coordinates": [[73.91796240000008, 18.431408500000035], [73.91755020000005, 18.431406600000056]]}, "properties": {}}, {"type": "Feature", "geometry": {"type": "LineString", "coordinates": [[73.91754990000004, 18.43174500000004], [73.91836930000005, 18.431775600000037], [73.91841000000005, 18.43178340000003], [73.91845060000003, 18.431796900000048], [73.91854620000004, 18.43184510000003], [73.91888360000007, 18.43206270000007], [73.91890220000005, 18.432081400000076], [73.91891610000005, 18.432103300000048], [73.91892070000006, 18.432129600000057], [73.91891690000006, 18.432161000000065], [73.91888220000004, 18.432242200000076]]}, "properties": {}}, {"type": "Feature", "geometry": {"type": "LineString", "coordinates": [[73.91555670000008, 18.430532800000037], [73.91570290000004, 18.430806400000055], [73.91581020000007, 18.431032800000025], [73.91584510000008, 18.43111680000004], [73.91595240000004, 18.431418400000034], [73.91599530000008, 18.431606700000028], [73.91601400000008, 18.43166770000005], [73.91604220000005, 18.43174790000006], [73.91617000000008, 18.43201750000003], [73.91617600000006, 18.432039200000077], [73.91617630000007, 18.43205520000004], [73.91617110000004, 18.432095800000074]]}, "properties": {}}, {"type": "Feature", "geometry": {"type": "LineString", "coordinates": [[73.91328110000006, 18.431932000000074], [73.91384490000007, 18.431951100000045], [73.91418140000007, 18.431967800000052], [73.91437920000004, 18.431974100000044], [73.91450590000005, 18.431984200000045], [73.91489830000008, 18.43200650000005], [73.91508500000003, 18.432009500000046], [73.91523770000003, 18.43201700000003], [73.91612060000006, 18.432076100000078], [73.91614650000008, 18.432082600000058], [73.91617110000004, 18.432095800000074], [73.91618790000007, 18.432110400000056], [73.91620410000007, 18.43213450000007], [73.91632900000008, 18.43242960000003], [73.91635950000006, 18.43246770000007], [73.91639810000004, 18.432492600000046], [73.91671780000007, 18.432631300000022], [73.91685500000006, 18.432676600000036], [73.91699220000004, 18.432704000000058], [73.91714190000005, 18.43271360000006], [73.91731490000006, 18.43271220000003], [73.91760210000007, 18.432699900000046]]}, "properties": {}}, {"type": "Feature", "geometry": {"type": "LineString", "coordinates": [[73.91760720000008, 18.43020740000003], [73.91789200000005, 18.429998900000044], [73.91806630000008, 18.429869100000072], [73.91829160000003, 18.429627400000072], [73.91841500000004, 18.429528100000024], [73.91851960000008, 18.429472100000055], [73.91865910000007, 18.429436500000065], [73.91876100000007, 18.42944160000007], [73.91881730000006, 18.429462000000054], [73.91887630000008, 18.429500100000045], [73.91921970000004, 18.429909800000075], [73.91930820000006, 18.430001400000037], [73.91943420000007, 18.43007780000005], [73.91993580000008, 18.430362800000065], [73.92048030000007, 18.430670700000064], [73.92055540000007, 18.43069610000003], [73.92066810000006, 18.43070370000004], [73.92152100000004, 18.430713900000057], [73.92279620000005, 18.430712900000056], [73.92283820000006, 18.43072180000007], [73.92286740000003, 18.43073950000007], [73.92288260000004, 18.430765000000065], [73.92288960000008, 18.430799300000043], [73.92287880000003, 18.43110230000007]]}, "properties": {}}, {"type": "Feature", "geometry": {"type": "LineString", "coordinates": [[73.91760970000007, 18.43032700000003], [73.91778700000003, 18.430345900000077], [73.91790690000005, 18.43036520000004], [73.91802680000006, 18.430390200000033], [73.91863660000007, 18.430559900000052], [73.91878200000008, 18.430600800000033], [73.91922610000006, 18.430725800000054], [73.92019780000004, 18.43110180000002], [73.92026280000005, 18.431121100000045], [73.92034410000008, 18.43113660000006], [73.92049860000003, 18.43115010000002], [73.92071820000007, 18.43115390000003], [73.92088690000008, 18.431144300000028], [73.92110440000005, 18.431115300000048], [73.92123450000008, 18.43110570000005], [73.92138900000003, 18.43110180000002], [73.92161150000004, 18.43110860000007], [73.92180160000004, 18.431146200000057], [73.92191540000005, 18.431165500000077], [73.92199060000007, 18.43116930000002], [73.92271020000004, 18.43114040000006], [73.92278760000005, 18.43112750000006], [73.92287880000003, 18.43110230000007], [73.92296740000006, 18.431065500000045], [73.92302110000003, 18.431052200000067], [73.92306550000006, 18.431052200000067], [73.92310980000008, 18.43107210000005], [73.92314020000003, 18.431100900000043], [73.92315890000003, 18.431136400000067], [73.92316120000004, 18.431178500000044], [73.92314720000007, 18.431247100000064], [73.92305610000005, 18.431446500000057], [73.92304320000005, 18.43151130000007], [73.92303250000003, 18.43161560000004], [73.92303520000007, 18.43174030000006], [73.92311480000006, 18.43216220000005], [73.92315050000008, 18.432455400000034], [73.92316390000008, 18.432511300000044], [73.92318540000008, 18.432547000000053], [73.9232256000001, 18.43257750000004], [73.92327930000005, 18.43259530000006], [73.92338920000003, 18.432597900000072], [73.92395790000006, 18.43252410000002], [73.92408660000007, 18.432506200000034], [73.92418580000003, 18.432496100000034], [73.92430920000004, 18.432496100000037], [73.92507860000006, 18.432566900000044], [73.92527130000008, 18.432597700000027], [73.92538290000005, 18.43261500000005], [73.92540410000004, 18.43263010000004], [73.92541650000004, 18.432653600000034], [73.92542180000004, 18.43270390000004], [73.92542510000004, 18.432977200000042], [73.92537410000006, 18.43379150000004], [73.92533660000004, 18.434287700000024], [73.92534020000005, 18.434393600000075]]}, "properties": {}}, {"type": "Feature", "geometry": {"type": "LineString", "coordinates": [[73.91665590000008, 18.450535000000063], [73.91678870000004, 18.45036670000007], [73.91686360000006, 18.450243400000033], [73.9169201000001, 18.450120200000068], [73.91694880000006, 18.45004650000004], [73.91696270000006, 18.449930700000042], [73.91695490000006, 18.449816000000055], [73.91694280000007, 18.44967920000005], [73.91692490000008, 18.449476700000048], [73.91690810000006, 18.449236100000064], [73.91690460000007, 18.44907270000004], [73.91692510000007, 18.44893680000007], [73.91693270000007, 18.44888610000004], [73.91711360000005, 18.448317700000075], [73.91713480000004, 18.448224500000038], [73.91714240000005, 18.44809950000007], [73.91714530000007, 18.44798570000006], [73.91714280000008, 18.446854000000034], [73.91714960000007, 18.446780200000035], [73.91715730000004, 18.446713800000055], [73.91716800000006, 18.44662160000007], [73.91716990000003, 18.446604900000064], [73.91721820000004, 18.44646840000007], [73.91725400000009, 18.446362900000054], [73.91728590000008, 18.446268700000076], [73.91737210000008, 18.446014300000062], [73.91740910000004, 18.445897900000034], [73.91745750000007, 18.445745800000054], [73.91753980000004, 18.445487400000044], [73.91757680000006, 18.445398400000045], [73.91765080000005, 18.445220600000024], [73.91775520000004, 18.444971800000076], [73.91780430000006, 18.444854900000053], [73.91794210000006, 18.44452240000004], [73.91804750000006, 18.444116400000045], [73.91813940000003, 18.443673300000057], [73.91817570000006, 18.443422800000068], [73.91818760000007, 18.44334070000002], [73.91819430000004, 18.44326120000005], [73.91821250000004, 18.44304430000005], [73.91825790000007, 18.442503900000073], [73.91833670000005, 18.441565500000028], [73.91836150000006, 18.44126960000006], [73.91837500000008, 18.44108900000003], [73.91839360000006, 18.440838900000074], [73.91842660000003, 18.440397400000048], [73.91845430000006, 18.44002560000007], [73.91849800000006, 18.43970660000002], [73.91849520000005, 18.439625700000025], [73.91849680000007, 18.43953770000007], [73.91850290000008, 18.439222500000028], [73.91850350000004, 18.43918930000007], [73.91849520000005, 18.43909510000003], [73.91848620000007, 18.43899210000006], [73.91847240000004, 18.438834600000067], [73.9184612000001, 18.438729300000034], [73.91845550000005, 18.438675600000067], [73.91842450000007, 18.438382600000068], [73.91841270000003, 18.43827160000006], [73.91838070000006, 18.43802260000006], [73.91833780000007, 18.437689000000038], [73.91829750000005, 18.43737560000005], [73.91828660000004, 18.437291100000035], [73.91828270000008, 18.43682710000007], [73.91818900000004, 18.436549000000067], [73.91811840000008, 18.43635330000006], [73.91793660000008, 18.43583840000002], [73.91781600000007, 18.43527730000005], [73.91780310000007, 18.434772900000038], [73.91781270000007, 18.43468520000004], [73.91780690000007, 18.43456580000003], [73.91777630000007, 18.43441620000004], [73.91762220000004, 18.433890300000026], [73.91760960000005, 18.433827700000048], [73.91760550000004, 18.43373910000003], [73.91760210000007, 18.432699900000046], [73.91755020000005, 18.432108500000023], [73.91754990000004, 18.43174500000004], [73.91754970000007, 18.431574500000067], [73.91755020000005, 18.431406600000056], [73.91755150000006, 18.43096410000004], [73.91760970000007, 18.43032700000003]]}, "properties": {}}, {"type": "Feature", "geometry": {"type": "LineString", "coordinates": [[73.94439710000006, 18.435308300000035], [73.94525370000008, 18.435268600000025], [73.94558900000004, 18.435233600000057], [73.94615400000004, 18.43517310000004], [73.94630660000007, 18.435138100000074], [73.94637030000007, 18.435115900000028], [73.94640550000008, 18.435082500000078], [73.94641550000006, 18.435057000000032], [73.94642390000007, 18.435023600000022], [73.94643730000007, 18.434996600000034], [73.94646920000008, 18.434961600000065], [73.94649600000008, 18.43494890000005], [73.94651950000008, 18.43494410000005], [73.94681460000004, 18.434982800000054]]}, "properties": {}}, {"type": "Feature", "geometry": {"type": "LineString", "coordinates": [[73.94697860000008, 18.433738200000054], [73.94699360000006, 18.43440460000005], [73.94698050000005, 18.434504100000026], [73.94695880000006, 18.434569600000025], [73.94683080000004, 18.434884600000032], [73.94681850000006, 18.434949500000073], [73.94681460000004, 18.434982800000054], [73.94681080000004, 18.43501480000003], [73.94683960000003, 18.43562410000004], [73.94691470000004, 18.435868400000054], [73.94694150000004, 18.43606180000006], [73.94693610000007, 18.436540200000024], [73.94690620000006, 18.436640000000065], [73.94682660000007, 18.436774500000066]]}, "properties": {}}, {"type": "Feature", "geometry": {"type": "LineString", "coordinates": [[73.94168400000007, 18.438632000000034], [73.94173970000008, 18.43865210000007], [73.94181500000009, 18.438648400000034], [73.94192300000003, 18.438613200000077], [73.94201210000006, 18.43856580000005], [73.94216760000006, 18.43848690000004], [73.94231250000007, 18.438369900000055], [73.94249220000006, 18.438222300000064], [73.94270950000003, 18.437985700000066], [73.94287310000004, 18.43782280000005], [73.94298040000007, 18.43775160000007], [73.94311180000005, 18.437670100000055], [73.94326240000004, 18.43763850000005], [73.94330800000006, 18.437632700000055], [73.94337440000004, 18.437626000000023], [73.94355970000004, 18.43759640000008], [73.94371530000006, 18.437565800000073], [73.94396740000008, 18.43752000000006], [73.94411760000008, 18.437504800000056], [73.94422220000007, 18.437530200000026], [73.94437240000008, 18.437604000000018], [73.94449850000007, 18.437642200000024], [73.94465670000005, 18.437660000000047], [73.94484180000006, 18.437647200000068], [73.94498660000005, 18.437604000000025], [73.94516640000006, 18.437499700000046], [73.94533270000005, 18.437380100000045], [73.94543190000007, 18.437296100000022], [73.94550700000008, 18.43719180000005], [73.94556600000004, 18.43708240000007], [73.94562230000008, 18.436972900000054], [73.94568940000005, 18.43687630000005], [73.94579940000006, 18.436779600000023], [73.94587450000006, 18.436733800000074], [73.94606760000005, 18.436675200000025], [73.94629560000004, 18.43665740000006], [73.94651010000007, 18.436670100000068], [73.94670330000008, 18.436718500000033], [73.94682660000007, 18.436774500000066], [73.94687220000004, 18.436784600000067], [73.94703590000006, 18.43682790000003], [73.94720480000007, 18.436843200000055], [73.94736310000008, 18.436840600000043], [73.94754010000008, 18.436799900000036], [73.94768490000007, 18.436738800000057], [73.94781640000008, 18.436662500000065], [73.94791290000006, 18.436578500000046], [73.94796120000007, 18.43650220000006], [73.94802830000003, 18.436431000000027], [73.94813020000004, 18.436380100000065], [73.94824280000006, 18.43634950000006], [73.94834750000007, 18.43633430000006], [73.94841990000003, 18.43634700000007], [73.94850030000003, 18.436380100000065], [73.94862370000004, 18.43641820000005], [73.94871530000006, 18.43641680000007], [73.94880070000005, 18.436375000000055], [73.94894830000004, 18.436268100000067], [73.94907700000005, 18.436161200000072], [73.94919230000005, 18.436095100000045], [73.94933720000006, 18.435995800000054], [73.94946330000005, 18.43592200000006], [73.94958400000007, 18.43586610000005], [73.94963380000007, 18.435840900000073], [73.94975130000006, 18.43577540000006], [73.94988400000005, 18.435675100000022], [73.95000160000006, 18.435597500000032], [73.95027360000007, 18.435344300000054], [73.95071570000005, 18.435021200000048], [73.95109770000005, 18.43468630000007], [73.95129030000004, 18.43446100000006], [73.95143570000005, 18.43439580000006], [73.95211420000004, 18.434175300000046], [73.95216430000005, 18.434164700000053], [73.95220540000008, 18.434162300000025]]}, "properties": {}}, {"type": "Feature", "geometry": {"type": "LineString", "coordinates": [[73.94865100000004, 18.439418900000078], [73.94865430000004, 18.438940700000046], [73.94869220000004, 18.43771350000003], [73.94871530000006, 18.43641680000007]]}, "properties": {}}, {"type": "Feature", "geometry": {"type": "LineString", "coordinates": [[73.94907700000005, 18.436161200000072], [73.94915150000008, 18.436626800000056], [73.94919440000007, 18.436743900000067], [73.94928020000003, 18.43711030000003], [73.94938940000003, 18.43736510000002], [73.94950820000008, 18.43792170000006], [73.94958920000006, 18.438182400000073], [73.94969030000004, 18.438431500000032], [73.94996600000007, 18.438971300000045], [73.95004730000005, 18.439130600000055], [73.95018800000008, 18.439441600000066], [73.95028340000005, 18.439737800000046], [73.95031310000007, 18.439909800000066], [73.95033040000004, 18.439979900000026], [73.95036380000005, 18.440028100000063], [73.95042820000003, 18.44005160000006], [73.95048770000005, 18.44004220000005], [73.95083590000007, 18.439949800000022], [73.95114210000008, 18.43986330000007], [73.95135050000005, 18.43979960000007], [73.95143880000006, 18.439776100000074], [73.95147800000007, 18.439784600000053], [73.95151140000007, 18.439805300000046], [73.95154230000003, 18.439854500000024], [73.95174850000006, 18.44078090000005], [73.95178410000005, 18.44083000000006], [73.95184650000004, 18.440857600000072], [73.95191690000007, 18.440878400000027], [73.95219320000007, 18.44080470000005], [73.95238170000005, 18.44078900000005], [73.95255000000004, 18.440811700000033], [73.95257410000005, 18.440814900000078], [73.95274650000005, 18.440855600000074], [73.95281720000008, 18.440872300000024], [73.95284470000009, 18.440887700000076], [73.95308130000006, 18.440927700000028], [73.95344110000008, 18.441003100000042], [73.95366270000005, 18.441049500000073], [73.95389720000003, 18.441095800000028], [73.95423730000005, 18.44116300000007], [73.95437890000005, 18.441148300000062], [73.95447900000005, 18.441109900000075], [73.95466640000006, 18.441006600000037], [73.95481190000004, 18.440922900000036]]}, "properties": {}}, {"type": "Feature", "geometry": {"type": "MultiLineString", "coordinates": [[[73.86497720000006, 18.456806500000027], [73.86469460000006, 18.456814100000024], [73.86433780000004, 18.456823800000052], [73.86419280000007, 18.456827700000073]], [[73.86419280000007, 18.456827700000073], [73.86363950000003, 18.456840100000022], [73.86332230000005, 18.456847200000027], [73.86331160000003, 18.456540600000036], [73.86413180000005, 18.456519200000063], [73.86416130000003, 18.45652820000004], [73.86417940000007, 18.456551100000073], [73.86418460000004, 18.456590600000027], [73.86419280000007, 18.456827700000073]]]}, "properties": {}}, {"type": "Feature", "geometry": {"type": "LineString", "coordinates": [[73.86352490000007, 18.45795230000004], [73.86352500000004, 18.456929900000034], [73.86329760000007, 18.456927000000068]]}, "properties": {}}, {"type": "Feature", "geometry": {"type": "LineString", "coordinates": [[73.86318750000005, 18.457885600000058], [73.86337620000006, 18.45788740000006], [73.86342750000006, 18.457900300000055], [73.86342560000008, 18.457951400000066]]}, "properties": {}}, {"type": "Feature", "geometry": {"type": "LineString", "coordinates": [[73.86398610000003, 18.457956500000027], [73.86362130000003, 18.457953200000077], [73.86352490000007, 18.45795230000004], [73.86342560000008, 18.457951400000066], [73.86342550000006, 18.458213200000046]]}, "properties": {}}, {"type": "Feature", "geometry": {"type": "LineString", "coordinates": [[73.86398340000005, 18.458203300000033], [73.86342550000006, 18.458213200000046], [73.86316810000005, 18.458221100000056], [73.86318420000003, 18.45882920000003], [73.86339340000006, 18.458829200000025]]}, "properties": {}}, {"type": "Feature", "geometry": {"type": "LineString", "coordinates": [[73.86294820000006, 18.45931860000007], [73.86275170000005, 18.459083500000077], [73.86269740000006, 18.458991000000022], [73.86237010000008, 18.45810120000004]]}, "properties": {}}, {"type": "Feature", "geometry": {"type": "LineString", "coordinates": [[73.96718320000008, 18.481577500000075], [73.96707310000005, 18.48202160000005], [73.96696350000009, 18.48246400000005], [73.96720270000003, 18.483825900000053], [73.96747200000004, 18.48535870000006], [73.96771500000006, 18.486741800000054], [73.96772180000005, 18.48678070000005]]}, "properties": {}}, {"type": "Feature", "geometry": {"type": "LineString", "coordinates": [[73.95994750000006, 18.48479190000006], [73.96000800000007, 18.484776700000058], [73.96007630000008, 18.484759300000068], [73.96006290000008, 18.48460440000002], [73.96006150000005, 18.484589100000047], [73.96004870000007, 18.484501200000064], [73.95999990000007, 18.484207400000056], [73.96001290000004, 18.484168200000052], [73.96005800000006, 18.48412490000004], [73.96014680000008, 18.484081700000047], [73.96018310000005, 18.484043000000042], [73.96018480000004, 18.483997400000074], [73.96017770000003, 18.48395370000003], [73.96014560000003, 18.48390340000003], [73.96010540000003, 18.483893200000068], [73.95794910000006, 18.484256400000046]]}, "properties": {}}, {"type": "Feature", "geometry": {"type": "LineString", "coordinates": [[73.96930660000004, 18.48738740000004], [73.96841790000008, 18.486845600000038], [73.96832620000004, 18.486805900000036], [73.96821300000005, 18.486776400000046], [73.96772180000005, 18.48678070000005], [73.96749260000007, 18.486802300000015]]}, "properties": {}}, {"type": "Feature", "geometry": {"type": "LineString", "coordinates": [[73.96693430000005, 18.48261690000004], [73.96695580000005, 18.48277290000004], [73.96700590000006, 18.48304430000007], [73.96707020000008, 18.483376700000065], [73.96713100000005, 18.483719200000053], [73.96719990000008, 18.484178000000043], [73.96722490000008, 18.48429410000006], [73.96724460000007, 18.48442390000002], [73.96725080000004, 18.484502700000064], [73.96726420000005, 18.484594300000026], [73.96727230000005, 18.48465960000004], [73.96728480000007, 18.484779200000045], [73.96729020000004, 18.484851200000037], [73.96727500000003, 18.48491060000004], [73.96725350000008, 18.484947100000056], [73.96721520000006, 18.484973000000025], [73.96712390000005, 18.485012300000047], [73.96702440000007, 18.48505560000007], [73.96698290000006, 18.485118600000074], [73.96700360000006, 18.485283800000047], [73.96703680000007, 18.48553180000005], [73.96707830000008, 18.485756100000057], [73.96711150000004, 18.485964700000064], [73.96711980000003, 18.486094500000036], [73.96709900000008, 18.48619680000007], [73.96705760000003, 18.486251900000074], [73.96699510000008, 18.48634410000005], [73.96684870000007, 18.48642600000005], [73.96670600000004, 18.48649720000003], [73.96661210000008, 18.48656850000003], [73.96657450000004, 18.486643300000022], [73.96658960000008, 18.486743000000043], [73.96665710000008, 18.486931700000074], [73.96669850000006, 18.487067100000043], [73.96675100000004, 18.48720600000007], [73.96675480000005, 18.487355500000028], [73.96675560000006, 18.48751070000003]]}, "properties": {}}, {"type": "Feature", "geometry": {"type": "LineString", "coordinates": [[73.96684870000007, 18.48642600000005], [73.96670970000008, 18.486410600000056], [73.96659000000005, 18.486379800000062], [73.96648660000005, 18.48632650000008], [73.96639050000005, 18.486281700000063], [73.96629150000007, 18.486260600000037], [73.96621470000008, 18.48625920000006], [73.96616180000007, 18.48632460000005]]}, "properties": {}}, {"type": "Feature", "geometry": {"type": "LineString", "coordinates": [[73.96624870000005, 18.486824500000065], [73.96627150000006, 18.48689350000006], [73.96635410000005, 18.486952300000038], [73.96647220000006, 18.48697760000004], [73.96659040000003, 18.487008400000033], [73.96669850000006, 18.487067100000043]]}, "properties": {}}, {"type": "Feature", "geometry": {"type": "LineString", "coordinates": [[73.96684760000005, 18.487500600000036], [73.96682340000007, 18.48739600000005], [73.96683420000005, 18.48730900000004], [73.96683960000007, 18.487237400000026], [73.96688820000008, 18.487150400000072], [73.96697180000007, 18.487081300000057], [73.9671094000001, 18.487017300000048], [73.96722820000008, 18.48696610000007], [73.96734420000007, 18.48691750000006], [73.96741700000007, 18.486858600000065], [73.96749260000007, 18.486802300000015]]}, "properties": {}}, {"type": "Feature", "geometry": {"type": "LineString", "coordinates": [[73.96765750000003, 18.489725300000032], [73.96764950000005, 18.48950900000005], [73.96762910000007, 18.489205700000074], [73.96763610000005, 18.489160500000025], [73.96766290000005, 18.489104600000076], [73.96767090000003, 18.489051200000063], [73.96764410000003, 18.488857800000062], [73.96761730000003, 18.488654300000064], [73.96760210000008, 18.488529300000035], [73.96757300000007, 18.488414800000044], [73.96755130000008, 18.48835840000004], [73.96745410000005, 18.487850000000034], [73.96739750000006, 18.487382200000074], [73.96749260000007, 18.486802300000015]]}, "properties": {}}, {"type": "Feature", "geometry": {"type": "LineString", "coordinates": [[73.93257830000005, 18.42359730000004], [73.93237610000006, 18.423583300000068], [73.93213990000004, 18.423566900000026], [73.93189430000007, 18.42354990000007], [73.93150840000004, 18.423523100000065]]}, "properties": {}}, {"type": "Feature", "geometry": {"type": "LineString", "coordinates": [[73.93182980000006, 18.424154400000074], [73.93189430000007, 18.42354990000007]]}, "properties": {}}, {"type": "Feature", "geometry": {"type": "LineString", "coordinates": [[73.93206900000007, 18.424190000000063], [73.93213990000004, 18.423566900000026]]}, "properties": {}}, {"type": "Feature", "geometry": {"type": "LineString", "coordinates": [[73.93231590000005, 18.424205400000066], [73.93237610000006, 18.423583300000068]]}, "properties": {}}, {"type": "Feature", "geometry": {"type": "LineString", "coordinates": [[73.93426630000005, 18.42316430000005], [73.93422510000005, 18.42292650000007], [73.93419710000006, 18.42267710000004], [73.93414120000006, 18.422438300000067], [73.93401810000006, 18.42216770000005], [73.93390630000005, 18.421934200000063], [73.93380000000009, 18.42176970000003], [73.93368820000006, 18.421483200000072], [73.93361540000006, 18.421233800000035], [73.93354270000003, 18.42102150000005], [73.93334140000007, 18.421010900000052], [73.93306170000005, 18.42098440000006], [73.93287720000006, 18.420926000000062], [73.93279330000007, 18.42081460000003], [73.93272050000007, 18.420512100000057], [73.93267020000008, 18.41998140000004], [73.93264780000004, 18.419694900000028], [73.93264220000003, 18.419615300000032]]}, "properties": {}}, {"type": "Feature", "geometry": {"type": "LineString", "coordinates": [[73.93604900000008, 18.424868300000075], [73.93596900000006, 18.42480080000007], [73.93591560000004, 18.424750200000062], [73.93581780000005, 18.424746000000034], [73.93570220000004, 18.424762900000076], [73.93556000000007, 18.424771300000028], [73.93552000000005, 18.424644800000067], [73.93550220000003, 18.424509800000056], [73.93512870000006, 18.424488700000044], [73.93501310000005, 18.424358000000044], [73.93438630000003, 18.424328400000032], [73.93435070000004, 18.423881400000024], [73.93431070000008, 18.423463800000032], [73.93426630000005, 18.42316430000005]]}, "properties": {}}, {"type": "Feature", "geometry": {"type": "LineString", "coordinates": [[73.93874990000006, 18.425676300000077], [73.93829520000008, 18.42512540000007], [73.93806420000004, 18.424468000000047], [73.93797040000004, 18.424050300000026], [73.93814360000005, 18.423550500000033], [73.93837460000003, 18.423139600000066], [73.93842510000007, 18.423023200000046], [73.93828960000008, 18.422785400000066]]}, "properties": {}}, {"type": "Feature", "geometry": {"type": "LineString", "coordinates": [[73.93701680000004, 18.433293700000036], [73.93658740000006, 18.433268300000062], [73.93656880000003, 18.43326420000005], [73.93655270000005, 18.43324260000003], [73.93640430000005, 18.432921300000032], [73.93630860000007, 18.43272850000005], [73.93617710000007, 18.432547000000053], [73.93600970000006, 18.432399600000053], [73.93596240000005, 18.43230980000004], [73.93584230000005, 18.43208200000004], [73.93565100000006, 18.43177570000006], [73.93542380000008, 18.431514800000063], [73.93528040000008, 18.43131060000007], [73.93510100000003, 18.43102710000005], [73.93497130000003, 18.430784700000057], [73.93475430000007, 18.43024440000005], [73.93458690000006, 18.429734000000053], [73.93449130000005, 18.429291600000056], [73.93441950000005, 18.42895130000005], [73.93426410000008, 18.428554300000027], [73.93420430000003, 18.428191300000034], [73.93421630000006, 18.427885100000026], [73.93410870000008, 18.42749940000004], [73.93402500000008, 18.427238500000044], [73.93392930000006, 18.42700030000003], [73.93376190000004, 18.426762100000076], [73.93357060000005, 18.426399100000022], [73.93340330000007, 18.426115500000037], [73.93330540000005, 18.425887700000033], [73.93327170000003, 18.425809200000057], [73.93323590000006, 18.425559700000065], [73.93309240000008, 18.425287500000024], [73.93292500000007, 18.424901800000043], [73.93281740000003, 18.42449340000007], [73.93274570000005, 18.424187200000055], [73.93265000000008, 18.423835500000052], [73.93257830000005, 18.42359730000004], [73.93251850000007, 18.423188900000067]]}, "properties": {}}, {"type": "Feature", "geometry": {"type": "LineString", "coordinates": [[73.85200940000004, 18.49907280000002], [73.85181910000006, 18.49903000000006]]}, "properties": {}}, {"type": "Feature", "geometry": {"type": "LineString", "coordinates": [[73.85179890000006, 18.499122300000067], [73.85199150000005, 18.499164600000025]]}, "properties": {}}, {"type": "Feature", "geometry": {"type": "LineString", "coordinates": [[73.85206610000006, 18.49908380000005], [73.85229540000006, 18.499089800000032], [73.85247410000007, 18.499094500000066], [73.85288170000007, 18.499133500000035], [73.85372500000005, 18.49926680000004]]}, "properties": {}}, {"type": "Feature", "geometry": {"type": "LineString", "coordinates": [[73.85178850000005, 18.499166200000047], [73.85197920000007, 18.499207900000037]]}, "properties": {}}, {"type": "Feature", "geometry": {"type": "LineString", "coordinates": [[73.85389810000004, 18.499677100000046], [73.85381820000003, 18.499644400000022], [73.85375670000008, 18.499624600000065], [73.85371650000008, 18.499607400000055], [73.85345080000008, 18.499521800000025], [73.85225110000005, 18.499135300000034], [73.85210930000005, 18.499094200000055], [73.85206610000006, 18.49908380000005], [73.85200940000004, 18.49907280000002]]}, "properties": {}}, {"type": "Feature", "geometry": {"type": "LineString", "coordinates": [[73.85199150000005, 18.499164600000025], [73.85208170000004, 18.499184800000027], [73.85222060000007, 18.499225100000046], [73.85368450000004, 18.49969670000007], [73.85375330000005, 18.49972010000005], [73.85377650000004, 18.499734100000065]]}, "properties": {}}, {"type": "Feature", "geometry": {"type": "LineString", "coordinates": [[73.85232840000003, 18.499550600000074], [73.85234070000007, 18.499523500000066], [73.85235680000005, 18.499487800000054], [73.85353280000004, 18.49987210000006], [73.85360730000008, 18.499922600000048], [73.85363880000006, 18.499958600000074], [73.85366340000007, 18.50002510000007], [73.85367860000008, 18.50008450000007], [73.85364000000004, 18.50008610000003], [73.85360930000007, 18.500087400000044], [73.85359750000003, 18.500040400000046], [73.85357150000004, 18.49998880000004], [73.85347090000005, 18.49992860000003], [73.85297930000009, 18.499758400000076], [73.85295170000006, 18.499750600000024], [73.85291410000008, 18.499739900000066], [73.85245920000006, 18.499594900000027], [73.85242200000005, 18.499581300000045], [73.85238320000008, 18.499567100000036], [73.85232840000003, 18.499550600000074]]}, "properties": {}}, {"type": "Feature", "geometry": {"type": "LineString", "coordinates": [[73.85198210000004, 18.499885200000044], [73.85203460000008, 18.499945300000032], [73.85205840000003, 18.499972600000035], [73.85211040000007, 18.500009600000052], [73.85217540000008, 18.50004320000005], [73.85223330000008, 18.50006230000002], [73.85228280000007, 18.500065400000043], [73.85232190000005, 18.50006790000004], [73.85233740000007, 18.500061000000077], [73.85235730000005, 18.500052200000027], [73.85239870000004, 18.49999390000005], [73.85241760000008, 18.499937900000077], [73.85243290000005, 18.49966900000004], [73.85242200000005, 18.499581300000045], [73.85241780000007, 18.49954720000005]]}, "properties": {}}, {"type": "Feature", "geometry": {"type": "LineString", "coordinates": [[73.85234130000003, 18.500113700000043], [73.85235830000005, 18.500101100000045], [73.85236500000008, 18.500096200000026], [73.85236980000008, 18.50006150000007], [73.85239580000007, 18.50003230000004], [73.85241710000008, 18.50000890000007], [73.85244070000005, 18.499983000000043], [73.85244570000003, 18.499923100000043], [73.85245130000004, 18.499862900000032], [73.85245370000007, 18.499817400000047], [73.85245960000003, 18.49971860000005], [73.85246030000008, 18.499657500000065], [73.85245920000006, 18.499594900000027], [73.85242200000005, 18.499581300000045], [73.85238320000008, 18.499567100000036], [73.85239990000008, 18.499667700000032], [73.85239990000008, 18.49976920000006], [73.85239770000005, 18.499843300000066], [73.85238650000008, 18.49993870000003], [73.85236820000006, 18.49999100000002], [73.85232640000004, 18.500032200000078], [73.85228290000003, 18.500048000000046], [73.85228280000007, 18.500065400000043], [73.85228260000008, 18.500089400000036], [73.85231150000004, 18.50009610000006], [73.85234130000003, 18.500113700000043]]}, "properties": {}}, {"type": "Feature", "geometry": {"type": "LineString", "coordinates": [[73.85197920000007, 18.499207900000037], [73.85226320000004, 18.499305200000038], [73.85325530000006, 18.499642200000036], [73.85361020000005, 18.49976370000007], [73.85370100000006, 18.499819000000056], [73.85374920000004, 18.49986270000005], [73.85378100000008, 18.499946200000068], [73.85380270000009, 18.500063200000053], [73.85380820000006, 18.500544200000036]]}, "properties": {}}, {"type": "Feature", "geometry": {"type": "LineString", "coordinates": [[73.90564660000007, 18.500923300000068], [73.90564350000005, 18.500096900000067], [73.90567730000004, 18.499986400000072], [73.90574690000005, 18.499868100000068]]}, "properties": {}}, {"type": "Feature", "geometry": {"type": "LineString", "coordinates": [[73.90613030000003, 18.500212400000066], [73.90615740000004, 18.500884100000064], [73.90622300000007, 18.501546500000075]]}, "properties": {}}, {"type": "Feature", "geometry": {"type": "LineString", "coordinates": [[73.90760960000006, 18.50077260000006], [73.90711910000005, 18.500810300000065], [73.90615740000004, 18.500884100000064], [73.90568330000008, 18.500920500000063], [73.90564660000007, 18.500923300000068], [73.90466550000008, 18.50099860000006]]}, "properties": {}}, {"type": "Feature", "geometry": {"type": "LineString", "coordinates": [[73.90383830000007, 18.503140500000026], [73.90371500000003, 18.50321590000004], [73.90359170000005, 18.50329120000004], [73.90339530000006, 18.503346500000074]]}, "properties": {}}, {"type": "Feature", "geometry": {"type": "LineString", "coordinates": [[73.90706680000005, 18.50014260000006], [73.90711910000005, 18.500810300000065], [73.90714350000007, 18.50167700000003]]}, "properties": {}}, {"type": "Feature", "geometry": {"type": "LineString", "coordinates": [[73.90755380000007, 18.499762300000036], [73.90760960000006, 18.50077260000006], [73.90768060000005, 18.502057900000064], [73.90771790000008, 18.502144700000027], [73.90778480000006, 18.50217820000006], [73.90875740000007, 18.502257300000053], [73.90944150000007, 18.501757600000076]]}, "properties": {}}, {"type": "Feature", "geometry": {"type": "LineString", "coordinates": [[73.90568330000008, 18.500920500000063], [73.90578350000004, 18.50196420000003], [73.90579890000004, 18.502103700000077], [73.90605440000007, 18.502107300000034]]}, "properties": {}}, {"type": "Feature", "geometry": {"type": "LineString", "coordinates": [[73.90840120000007, 18.502976200000035], [73.90910320000006, 18.502984700000066]]}, "properties": {}}, {"type": "Feature", "geometry": {"type": "LineString", "coordinates": [[73.90787350000005, 18.503162600000053], [73.90787660000007, 18.503016200000047], [73.90787860000006, 18.50282940000005]]}, "properties": {}}, {"type": "Feature", "geometry": {"type": "LineString", "coordinates": [[73.90787660000007, 18.503016200000047], [73.90823810000006, 18.503017600000074]]}, "properties": {}}, {"type": "Feature", "geometry": {"type": "LineString", "coordinates": [[73.90787660000007, 18.503016200000047], [73.90783980000003, 18.50301670000005], [73.90770700000007, 18.503018600000075], [73.90755930000006, 18.503016500000054]]}, "properties": {}}, {"type": "Feature", "geometry": {"type": "LineString", "coordinates": [[73.90644970000005, 18.502899700000057], [73.90688270000004, 18.50289210000005], [73.90703500000006, 18.502912400000067], [73.90717130000007, 18.502993500000056], [73.90730500000006, 18.50310000000007], [73.90737050000007, 18.50323180000004]]}, "properties": {}}, {"type": "Feature", "geometry": {"type": "LineString", "coordinates": [[73.90852020000005, 18.503109200000036], [73.90910730000007, 18.50311190000002]]}, "properties": {}}, {"type": "Feature", "geometry": {"type": "LineString", "coordinates": [[73.90770710000004, 18.503161100000057], [73.90759910000008, 18.503158300000052]]}, "properties": {}}, {"type": "Feature", "geometry": {"type": "LineString", "coordinates": [[73.92542170000007, 18.49685570000003], [73.92539280000005, 18.49723170000004], [73.92537450000003, 18.49881240000008]]}, "properties": {}}, {"type": "Feature", "geometry": {"type": "LineString", "coordinates": [[73.92282010000008, 18.498472100000072], [73.92296840000006, 18.498498500000032], [73.92309100000006, 18.498523500000026], [73.92316590000007, 18.498533500000057], [73.92343550000004, 18.498596000000077], [73.92368130000006, 18.498648400000036], [73.92392670000005, 18.49870370000008], [73.92404210000007, 18.498717600000074], [73.92415480000005, 18.49869780000006], [73.92425900000006, 18.49864720000005], [73.92446120000005, 18.498644100000035], [73.92459540000006, 18.49865670000003], [73.92474050000004, 18.498670400000034], [73.92484640000004, 18.498679900000074], [73.92516710000007, 18.498760400000037], [73.92533330000003, 18.49880210000003], [73.92537450000003, 18.49881240000008], [73.92554020000007, 18.49885520000003], [73.92571530000004, 18.49890050000005], [73.92610770000005, 18.499001400000054], [73.92708690000006, 18.499253100000036]]}, "properties": {}}, {"type": "Feature", "geometry": {"type": "LineString", "coordinates": [[73.92554020000007, 18.49885520000003], [73.92554730000006, 18.49942990000005]]}, "properties": {}}, {"type": "Feature", "geometry": {"type": "LineString", "coordinates": [[73.92571530000004, 18.49890050000005], [73.92573500000003, 18.499409600000032]]}, "properties": {}}, {"type": "Feature", "geometry": {"type": "LineString", "coordinates": [[73.92533330000003, 18.49880210000003], [73.92534370000004, 18.499548400000037]]}, "properties": {}}, {"type": "Feature", "geometry": {"type": "LineString", "coordinates": [[73.92516710000007, 18.498760400000037], [73.92512800000003, 18.499588800000026]]}, "properties": {}}, {"type": "Feature", "geometry": {"type": "LineString", "coordinates": [[73.92618630000004, 18.499581600000056], [73.92615730000006, 18.499434500000064], [73.92610770000005, 18.499001400000054]]}, "properties": {}}, {"type": "Feature", "geometry": {"type": "LineString", "coordinates": [[73.92512800000003, 18.499588800000026], [73.92534370000004, 18.499548400000037], [73.92560450000008, 18.49949940000004]]}, "properties": {}}, {"type": "Feature", "geometry": {"type": "LineString", "coordinates": [[73.92155880000007, 18.50389560000007], [73.92162460000003, 18.50341990000004], [73.92163510000006, 18.50310460000003], [73.92170640000006, 18.50282850000007], [73.92182850000006, 18.50257290000008], [73.92200010000005, 18.50234270000004], [73.92224960000004, 18.502062900000055], [73.92266480000006, 18.50178640000007], [73.92312030000005, 18.501497800000035], [73.92334030000006, 18.501300400000048], [73.92382910000003, 18.500969000000055], [73.92433530000005, 18.50060830000007], [73.92468670000005, 18.50038180000007], [73.92506750000007, 18.500107100000033], [73.92540350000007, 18.49990770000005], [73.92558420000006, 18.499810600000046], [73.92572470000005, 18.49971350000003], [73.92618630000004, 18.499581600000056], [73.92619460000003, 18.499579200000028], [73.92656260000007, 18.499508500000044], [73.92716520000005, 18.499388200000052], [73.92771010000007, 18.499303500000057], [73.92786360000008, 18.499217500000043], [73.92815770000004, 18.49913350000003], [73.92840560000008, 18.499139000000067], [73.92867610000008, 18.499012900000025], [73.92894090000004, 18.49882320000006], [73.92910900000004, 18.498655300000053], [73.92958160000006, 18.49806680000006], [73.92992520000007, 18.497688600000053], [73.93022870000004, 18.497410400000035], [73.93056630000007, 18.49716710000007], [73.93080860000003, 18.497048400000036], [73.93086900000003, 18.49701990000005], [73.93117520000004, 18.496879700000026], [73.93169810000006, 18.496736300000062], [73.93186720000006, 18.496711800000067], [73.93222730000008, 18.496654000000035], [73.93266650000004, 18.496625300000062], [73.93307330000005, 18.496601100000078]]}, "properties": {}}, {"type": "Feature", "geometry": {"type": "LineString", "coordinates": [[73.92196400000006, 18.503784100000075], [73.92190370000003, 18.50347530000004], [73.92190090000008, 18.503352800000076], [73.92191070000008, 18.503255700000068], [73.92194270000005, 18.50305750000006], [73.92200890000004, 18.502833800000072], [73.92208620000008, 18.50267410000004], [73.92219560000008, 18.502503700000037], [73.92233600000003, 18.50233330000003], [73.92245950000006, 18.50223090000003], [73.92262930000004, 18.502120400000024], [73.92288050000008, 18.50195800000006], [73.92306300000007, 18.50183690000006], [73.92501890000005, 18.500502400000073], [73.92545710000007, 18.50020340000003], [73.92568170000004, 18.500075600000056], [73.92590910000007, 18.499983800000056], [73.92617570000004, 18.499918600000054], [73.92703180000007, 18.499757500000044], [73.92723910000007, 18.499710900000025], [73.92743490000004, 18.49964980000004], [73.92761460000008, 18.499604100000056], [73.92803840000005, 18.499522700000057], [73.92821280000004, 18.499481900000035], [73.92833810000008, 18.49944680000004], [73.92847790000008, 18.49941480000007], [73.92871700000006, 18.49931790000005], [73.92894770000004, 18.499174200000027], [73.92926420000003, 18.498950300000043], [73.92945730000008, 18.498729100000048], [73.92960210000007, 18.498515400000024], [73.92972550000007, 18.49831950000004], [73.92996960000005, 18.498034600000043], [73.93017080000004, 18.497833700000058], [73.93019940000005, 18.49780360000005], [73.93039070000003, 18.497602200000074], [73.93056770000004, 18.497454700000045], [73.93074210000003, 18.497363100000026], [73.93110420000005, 18.497174900000058], [73.93143410000005, 18.497042600000047], [73.93175060000004, 18.49695870000005], [73.93199470000008, 18.496907800000024], [73.93216020000006, 18.496912400000042]]}, "properties": {}}, {"type": "Feature", "geometry": {"type": "LineString", "coordinates": [[73.92688780000003, 18.50225920000002], [73.92734530000007, 18.50212920000007], [73.92743770000004, 18.502104400000064], [73.92748690000008, 18.502072000000055], [73.92753320000008, 18.502041600000044], [73.92760720000007, 18.502056200000023], [73.92788290000004, 18.501981700000044], [73.92824650000006, 18.501877900000068], [73.92807400000004, 18.501441100000026], [73.92794440000006, 18.501127200000038], [73.92793530000006, 18.501105100000075], [73.92788140000005, 18.50095170000003], [73.92783210000005, 18.500779300000033], [73.92780590000008, 18.500732600000052], [73.92753020000004, 18.500793900000076], [73.92713730000008, 18.500916700000058], [73.92694480000006, 18.500944400000034], [73.92692630000005, 18.501447000000038], [73.92689840000008, 18.501827400000018], [73.92689390000004, 18.501888200000057], [73.92688780000003, 18.50225920000002]]}, "properties": {}}, {"type": "Feature", "geometry": {"type": "LineString", "coordinates": [[73.92501890000005, 18.500502400000073], [73.92512670000008, 18.500928500000043], [73.92512370000003, 18.501028800000032], [73.92509260000008, 18.50111060000006], [73.92502520000005, 18.50119030000007]]}, "properties": {}}, {"type": "Feature", "geometry": {"type": "LineString", "coordinates": [[73.92638120000004, 18.502525500000043], [73.92638420000003, 18.50244210000005], [73.92643460000005, 18.501052200000057]]}, "properties": {}}, {"type": "Feature", "geometry": {"type": "LineString", "coordinates": [[73.92422250000004, 18.503192200000058], [73.92446460000008, 18.502233100000065], [73.92449410000006, 18.502093200000044], [73.92454770000006, 18.501915700000044], [73.92454150000003, 18.501749100000044], [73.92454990000004, 18.50171050000006], [73.92456750000008, 18.501688900000033], [73.92502520000005, 18.50119030000007]]}, "properties": {}}, {"type": "Feature", "geometry": {"type": "LineString", "coordinates": [[73.92592990000003, 18.50264100000003], [73.92596060000005, 18.501944900000066]]}, "properties": {}}, {"type": "Feature", "geometry": {"type": "LineString", "coordinates": [[73.92496690000007, 18.50269500000007], [73.92497110000005, 18.502684900000077], [73.92493680000007, 18.502159400000043], [73.92498780000005, 18.502010800000047], [73.92505960000005, 18.501939800000056]]}, "properties": {}}, {"type": "Feature", "geometry": {"type": "LineString", "coordinates": [[73.92541920000008, 18.502861800000062], [73.92541110000008, 18.50271120000002], [73.92536310000008, 18.501823500000057]]}, "properties": {}}, {"type": "Feature", "geometry": {"type": "LineString", "coordinates": [[73.92573610000005, 18.50268940000007], [73.92573360000006, 18.50259310000007], [73.92572020000006, 18.502530000000036], [73.92570330000007, 18.50245970000003], [73.9256930000001, 18.50242000000003], [73.92569190000006, 18.502364600000078]]}, "properties": {}}, {"type": "Feature", "geometry": {"type": "LineString", "coordinates": [[73.92678150000006, 18.502423000000018], [73.92678860000007, 18.502319400000033], [73.92686870000006, 18.501162200000064], [73.92685620000005, 18.501128900000026], [73.92681170000003, 18.501125000000062], [73.92662980000006, 18.50114000000008], [73.92661640000006, 18.50116130000003], [73.92660650000005, 18.501194700000045], [73.92656070000004, 18.501971900000054]]}, "properties": {}}, {"type": "Feature", "geometry": {"type": "LineString", "coordinates": [[73.90770710000004, 18.503161100000057], [73.90787350000005, 18.503162600000053], [73.90816560000007, 18.503165900000056], [73.90839170000004, 18.50318860000004]]}, "properties": {}}, {"type": "Feature", "geometry": {"type": "LineString", "coordinates": [[73.90840120000007, 18.502976200000035], [73.90839170000004, 18.50318860000004], [73.90837260000006, 18.503612700000076]]}, "properties": {}}, {"type": "Feature", "geometry": {"type": "LineString", "coordinates": [[73.90770700000007, 18.503018600000075], [73.90770710000004, 18.503161100000057], [73.90770980000008, 18.50324060000003], [73.90772620000007, 18.503302600000037], [73.90777050000008, 18.50336910000004], [73.90778690000008, 18.503457600000043], [73.90778950000004, 18.50358300000005]]}, "properties": {}}, {"type": "Feature", "geometry": {"type": "LineString", "coordinates": [[73.90777050000008, 18.50336910000004], [73.90781090000007, 18.50334510000005], [73.90788620000006, 18.50333500000005], [73.90794810000006, 18.503335000000046], [73.90821920000008, 18.503335000000053]]}, "properties": {}}, {"type": "Feature", "geometry": {"type": "LineString", "coordinates": [[73.90912590000005, 18.50368830000002], [73.90837260000006, 18.503612700000076], [73.90812340000008, 18.50358740000007], [73.90778950000004, 18.50358300000005], [73.90764260000003, 18.503586100000064]]}, "properties": {}}, {"type": "Feature", "geometry": {"type": "LineString", "coordinates": [[73.90684900000008, 18.50418650000006], [73.90684550000003, 18.503911800000026], [73.90683560000008, 18.503146400000045]]}, "properties": {}}, {"type": "Feature", "geometry": {"type": "MultiLineString", "coordinates": [[[73.91254980000008, 18.50452060000003], [73.91244230000007, 18.504524500000056], [73.91228230000007, 18.50453030000005], [73.91127320000004, 18.504566900000043], [73.90982420000006, 18.504606800000033], [73.90915620000004, 18.504625600000054], [73.90834380000007, 18.50464350000004], [73.90790510000005, 18.50460830000003], [73.90730270000006, 18.504419700000025]], [[73.90730270000006, 18.504419700000025], [73.90720250000004, 18.504368200000044], [73.90684900000008, 18.50418650000006], [73.90645990000007, 18.504049200000054], [73.90602900000005, 18.503895000000057], [73.90596380000005, 18.503871700000047], [73.90591130000007, 18.503867000000067], [73.90585710000005, 18.503874100000075], [73.90569780000004, 18.503974900000067], [73.90561780000007, 18.50402550000007], [73.90556430000004, 18.504034500000046], [73.90539540000003, 18.504040600000053], [73.90497130000006, 18.50406560000005], [73.90441040000007, 18.504098600000077], [73.90435040000006, 18.504081300000053], [73.90431970000003, 18.50405080000007], [73.90384210000009, 18.503256500000077], [73.90382390000008, 18.50319370000005], [73.90383830000007, 18.503140500000026], [73.90392070000007, 18.503052300000032], [73.90398890000006, 18.503012200000057], [73.90408830000007, 18.50297960000006], [73.90429130000007, 18.502943400000042], [73.90502130000004, 18.502916200000065], [73.90545560000004, 18.502928400000034], [73.90559410000003, 18.502949800000064], [73.90586290000005, 18.503050900000066], [73.90604810000008, 18.50309990000005], [73.90616400000005, 18.50312710000003], [73.90634600000004, 18.503140300000037], [73.90660390000005, 18.503146200000064], [73.90683560000008, 18.503146400000045], [73.90705110000005, 18.503162000000028], [73.90729840000007, 18.503200100000075], [73.90737050000007, 18.50323180000004], [73.90743090000007, 18.503258400000043], [73.90749910000005, 18.503325700000055], [73.90757350000007, 18.503441200000054], [73.90764260000003, 18.503586100000064], [73.90767280000006, 18.503666100000036], [73.90767610000006, 18.503765100000066], [73.90764540000004, 18.503853400000025], [73.90758690000007, 18.50396500000005], [73.90730270000006, 18.504419700000025]]]}, "properties": {}}, {"type": "Feature", "geometry": {"type": "LineString", "coordinates": [[73.90684550000003, 18.503911800000026], [73.90717290000003, 18.503899100000066]]}, "properties": {}}, {"type": "Feature", "geometry": {"type": "LineString", "coordinates": [[73.90588990000003, 18.504964000000037], [73.90593970000003, 18.50466750000004], [73.90598990000007, 18.504368500000048], [73.90602930000006, 18.504134200000063]]}, "properties": {}}, {"type": "Feature", "geometry": {"type": "LineString", "coordinates": [[73.90333360000005, 18.504208500000065], [73.90389830000004, 18.50419450000004]]}, "properties": {}}, {"type": "Feature", "geometry": {"type": "LineString", "coordinates": [[73.90499460000008, 18.50469950000007], [73.90557340000004, 18.504664500000043], [73.90563240000006, 18.504660900000033], [73.90593970000003, 18.50466750000004]]}, "properties": {}}, {"type": "Feature", "geometry": {"type": "LineString", "coordinates": [[73.90434140000008, 18.505681100000057], [73.90489000000008, 18.505640900000056], [73.90497850000008, 18.505597200000064], [73.90501030000007, 18.50553350000007], [73.90502100000005, 18.50541600000003], [73.90499460000008, 18.50469950000007], [73.90496430000007, 18.504175200000077]]}, "properties": {}}, {"type": "Feature", "geometry": {"type": "LineString", "coordinates": [[73.90572530000003, 18.50641150000007], [73.90572530000003, 18.50631100000004], [73.90572530000003, 18.505145100000046], [73.90588990000003, 18.504964000000037], [73.90599350000008, 18.504850000000033], [73.90655680000003, 18.504626200000068], [73.90712570000005, 18.50439890000007]]}, "properties": {}}, {"type": "Feature", "geometry": {"type": "LineString", "coordinates": [[73.94236300000006, 18.517149200000063], [73.94228470000007, 18.51706440000003], [73.94220420000005, 18.516988100000052], [73.94216130000007, 18.51688130000002], [73.94214520000008, 18.51681010000004], [73.94220960000008, 18.51676940000004], [73.94223110000007, 18.516698200000068], [73.94224720000005, 18.51660150000003], [73.94224720000005, 18.516484500000043], [73.94218810000007, 18.51632180000007], [73.94214520000008, 18.516214900000016], [73.94210770000007, 18.51611320000006], [73.94200580000006, 18.51599620000007], [73.94193070000006, 18.515925000000035], [73.94180730000005, 18.51580290000004], [73.94170000000008, 18.515685900000047], [73.94165710000004, 18.515609600000065], [73.94163030000004, 18.51552310000005]]}, "properties": {}}, {"type": "Feature", "geometry": {"type": "LineString", "coordinates": [[73.94146610000007, 18.51554610000005], [73.94166800000005, 18.51579620000006], [73.94192750000008, 18.516194100000064], [73.94198650000004, 18.516410200000056], [73.94199730000008, 18.51662390000007], [73.94193290000004, 18.516878200000065], [73.94180200000005, 18.517043000000058], [73.94165790000005, 18.517112100000073], [73.94149450000003, 18.51719040000006], [73.94136650000007, 18.517251300000055], [73.94125380000008, 18.517353100000037], [73.94110360000008, 18.517526000000036], [73.94099370000004, 18.517747300000046], [73.94096950000005, 18.51809830000008], [73.94092510000007, 18.518400000000042], [73.94089870000005, 18.51857900000004]]}, "properties": {}}, {"type": "Feature", "geometry": {"type": "LineString", "coordinates": [[73.94063520000003, 18.518303800000066], [73.94062810000008, 18.51821350000006], [73.94064740000005, 18.517981800000026], [73.94065630000006, 18.517892000000078], [73.94067770000004, 18.51776980000005], [73.94074940000007, 18.517540300000064], [73.94077690000006, 18.517424900000037], [73.94079750000003, 18.517360600000078], [73.94084770000008, 18.517299600000058], [73.94092080000007, 18.51725630000004], [73.94099160000009, 18.517210700000074], [73.94111040000007, 18.51714900000007], [73.94138000000004, 18.51700550000004], [73.94169200000005, 18.516823300000052], [73.94172950000006, 18.51678990000005], [73.94176150000004, 18.51674760000003], [73.94176890000006, 18.51668360000002], [73.94173530000006, 18.516134500000078], [73.94169380000005, 18.51604490000005], [73.94163580000003, 18.51593110000004], [73.94156260000005, 18.515886600000048], [73.94146760000007, 18.515879700000028], [73.94137910000006, 18.51587840000007], [73.94127490000005, 18.515906300000044], [73.94117400000005, 18.515993300000044], [73.94108550000004, 18.51609110000004], [73.94095180000005, 18.516246800000033], [73.94079780000004, 18.516436200000044], [73.94073400000008, 18.516529000000048], [73.94066110000006, 18.51663130000003], [73.94060880000006, 18.516725600000033], [73.94056090000004, 18.516825500000035], [73.94051660000008, 18.516916000000034], [73.94048040000007, 18.51697220000005], [73.94042500000006, 18.517011600000043], [73.94036490000008, 18.517008700000076], [73.94033290000004, 18.516994700000055], [73.94028140000006, 18.516971700000056]]}, "properties": {}}, {"type": "Feature", "geometry": {"type": "LineString", "coordinates": [[73.94042500000006, 18.517011600000043], [73.94029590000008, 18.517487100000036], [73.94018580000007, 18.517867400000057], [73.94015520000005, 18.518031000000065], [73.94015320000005, 18.518106500000044], [73.94017470000006, 18.518130800000048], [73.94024380000008, 18.518167300000073], [73.94037560000004, 18.518216100000075], [73.94063520000003, 18.518303800000066]]}, "properties": {}}, {"type": "Feature", "geometry": {"type": "LineString", "coordinates": [[73.94236300000006, 18.517149200000063], [73.94244770000006, 18.517225200000034], [73.94251390000005, 18.517302600000054], [73.94255240000007, 18.51738880000005], [73.94259870000008, 18.517472100000077], [73.94262480000003, 18.51753780000007], [73.94268490000007, 18.51760500000006], [73.94280050000003, 18.517622500000073], [73.94295300000005, 18.51765170000004], [73.94307780000008, 18.517714500000064], [73.94317170000005, 18.517773000000037], [73.94327800000008, 18.517882500000034], [73.94333190000003, 18.517983300000022], [73.94333960000006, 18.51809430000003], [73.94333960000006, 18.518198100000063], [73.94331350000004, 18.51828860000006], [73.94324720000003, 18.518399600000066], [73.94314860000004, 18.518491700000027], [73.94304850000003, 18.51853260000007], [73.94296680000008, 18.51856180000004], [73.94285280000008, 18.518572000000066], [73.94271060000005, 18.518548000000067]]}, "properties": {}}, {"type": "Feature", "geometry": {"type": "LineString", "coordinates": [[73.94191610000007, 18.51829100000003], [73.94197210000004, 18.518339700000073], [73.94202120000006, 18.51836850000006], [73.94210050000004, 18.518377400000077], [73.94216590000008, 18.51838180000005], [73.94225700000004, 18.518337500000026], [73.94231540000004, 18.518297700000062], [73.94236910000006, 18.51823570000005], [73.94238780000006, 18.51814930000006], [73.94238070000006, 18.518040800000055], [73.94231900000005, 18.517962500000063], [73.94226870000006, 18.517903600000068], [73.94216360000007, 18.517883600000065], [73.94209490000003, 18.51790260000007], [73.94205150000005, 18.51791460000004], [73.94192780000003, 18.51797880000004], [73.94187870000007, 18.51807400000007], [73.94186940000003, 18.51811830000003], [73.94186940000003, 18.51818700000007], [73.94189040000003, 18.51825340000004], [73.94191610000007, 18.51829100000003]]}, "properties": {}}, {"type": "Feature", "geometry": {"type": "LineString", "coordinates": [[73.94236910000006, 18.51823570000005], [73.94244660000005, 18.51837050000006], [73.94251040000006, 18.518434300000028], [73.94262010000006, 18.518514900000067], [73.94271060000005, 18.518548000000067]]}, "properties": {}}, {"type": "Feature", "geometry": {"type": "LineString", "coordinates": [[73.94392460000006, 18.518552300000067], [73.94361900000007, 18.518618700000044], [73.94315450000005, 18.518721000000028], [73.94250510000006, 18.518792000000076], [73.94204940000003, 18.51881910000003]]}, "properties": {}}, {"type": "Feature", "geometry": {"type": "LineString", "coordinates": [[73.94016220000003, 18.518630200000075], [73.94026580000008, 18.518619600000022], [73.94073770000006, 18.518641000000056], [73.94101960000006, 18.518675200000075], [73.94130910000007, 18.51873700000004], [73.94152230000005, 18.51880540000008]]}, "properties": {}}, {"type": "Feature", "geometry": {"type": "LineString", "coordinates": [[73.94152230000005, 18.51880540000008], [73.94155150000006, 18.51879920000005], [73.94156250000003, 18.518794700000054], [73.94156950000007, 18.518791800000034], [73.94157380000007, 18.51877440000004], [73.94157600000005, 18.51875460000002], [73.94155190000004, 18.51872960000003]]}, "properties": {}}, {"type": "Feature", "geometry": {"type": "LineString", "coordinates": [[73.94479040000004, 18.518216100000075], [73.94468290000005, 18.51817260000007], [73.94402290000005, 18.518423400000074], [73.94392460000006, 18.518552300000067], [73.94399980000003, 18.518701900000053], [73.94402490000004, 18.518785700000027], [73.94399870000007, 18.51887270000003], [73.94393120000007, 18.51892740000005], [73.94233650000007, 18.51951930000007], [73.94235850000007, 18.51972510000007]]}, "properties": {}}, {"type": "Feature", "geometry": {"type": "LineString", "coordinates": [[73.94233650000007, 18.51951930000007], [73.94219890000005, 18.519155200000057]]}, "properties": {}}, {"type": "Feature", "geometry": {"type": "LineString", "coordinates": [[73.94071500000007, 18.520326700000048], [73.94064440000005, 18.52010880000006], [73.94066390000006, 18.52001420000004], [73.94074290000003, 18.519920100000032], [73.94079920000007, 18.519818400000077], [73.94081000000006, 18.519734500000023], [73.94083140000004, 18.519625100000034], [73.94085020000006, 18.519459800000046], [73.94084480000005, 18.51931740000003], [73.94082610000004, 18.51906560000003], [73.94084080000006, 18.518967600000053], [73.94087300000007, 18.51891810000006], [73.94094010000003, 18.518865900000037], [73.94100840000004, 18.51884430000007], [73.94126060000008, 18.518900300000038], [73.94137860000006, 18.51890280000003], [73.94144300000005, 18.51887480000004], [73.94152230000005, 18.51880540000008]]}, "properties": {}}, {"type": "Feature", "geometry": {"type": "LineString", "coordinates": [[73.94239840000006, 18.51979710000006], [73.94235850000007, 18.51972510000007]]}, "properties": {}}, {"type": "Feature", "geometry": {"type": "LineString", "coordinates": [[73.93748060000007, 18.52159600000004], [73.93758190000005, 18.52155410000006], [73.93763130000009, 18.52153610000005], [73.93884220000007, 18.521095400000036], [73.93950090000004, 18.520857100000054], [73.93955470000003, 18.520837700000072], [73.9405118000001, 18.520487700000047], [73.94059140000007, 18.520458500000075], [73.94077610000005, 18.520390900000052], [73.94104280000005, 18.520293300000045], [73.94157030000008, 18.52010020000006], [73.94239840000006, 18.51979710000006], [73.94408000000004, 18.519181600000024], [73.94456270000006, 18.519009100000062], [73.94576460000008, 18.51856470000007]]}, "properties": {}}, {"type": "Feature", "geometry": {"type": "LineString", "coordinates": [[73.94101010000003, 18.520218700000044], [73.94104280000005, 18.520293300000045]]}, "properties": {}}, {"type": "Feature", "geometry": {"type": "LineString", "coordinates": [[73.87655471264638, 18.5191960766975], [73.87650660000008, 18.51921130000005], [73.87640380000005, 18.519243800000027], [73.87623880000007, 18.51929350000006], [73.87615750000003, 18.51931800000006], [73.87549920000004, 18.51951930000007], [73.87541210000006, 18.519545900000022]]}, "properties": {}}, {"type": "Feature", "geometry": {"type": "LineString", "coordinates": [[73.87543660000006, 18.519624400000055], [73.87580610000003, 18.519512700000067], [73.87611610000005, 18.519418900000062], [73.87653390000008, 18.51929260000003], [73.87658163416125, 18.51927823172131]]}, "properties": {}}, {"type": "Feature", "geometry": {"type": "LineString", "coordinates": [[73.87440916108692, 18.518312256853], [73.87440550000008, 18.518321900000043], [73.87433320000008, 18.518572700000053], [73.87426680000004, 18.518802900000022], [73.87423290000005, 18.51898380000006], [73.87422320000007, 18.51903750000002], [73.87418560000003, 18.519280200000022], [73.87408900000008, 18.519778200000072], [73.87406810000004, 18.519964300000023], [73.87409050000008, 18.52003980000006]]}, "properties": {}}, {"type": "Feature", "geometry": {"type": "LineString", "coordinates": [[73.87580610000003, 18.519512700000067], [73.87582240000006, 18.519564500000055], [73.87585400000006, 18.519664400000064]]}, "properties": {}}, {"type": "Feature", "geometry": {"type": "LineString", "coordinates": [[73.87556590000008, 18.520070000000032], [73.87559030000006, 18.52006200000005], [73.87577810000005, 18.520000700000022], [73.87570680000005, 18.51978150000002]]}, "properties": {}}, {"type": "Feature", "geometry": {"type": "LineString", "coordinates": [[73.87549920000004, 18.51951930000007], [73.87539800000009, 18.519206500000053]]}, "properties": {}}, {"type": "Feature", "geometry": {"type": "LineString", "coordinates": [[73.87523700000008, 18.519262300000037], [73.87506730000007, 18.519326500000034], [73.87505870000007, 18.519340500000055], [73.87505510000005, 18.519353000000013], [73.87505360000006, 18.51937330000004], [73.87505590000006, 18.519392000000035], [73.87507440000007, 18.519457000000045], [73.87512780000004, 18.519634400000026]]}, "properties": {}}, {"type": "Feature", "geometry": {"type": "LineString", "coordinates": [[73.87473350000005, 18.51975720000007], [73.87471740000007, 18.51970920000002], [73.87463910000008, 18.519475200000045]]}, "properties": {}}, {"type": "Feature", "geometry": {"type": "LineString", "coordinates": [[73.87406810000004, 18.519964300000023], [73.87396590000003, 18.51968430000005], [73.87393930000007, 18.51966920000007], [73.87388270000008, 18.519660800000054], [73.87378890000008, 18.519677600000023]]}, "properties": {}}, {"type": "Feature", "geometry": {"type": "LineString", "coordinates": [[73.87371840000003, 18.52007130000004], [73.87370330000005, 18.520024900000067], [73.87363300000004, 18.51980800000007]]}, "properties": {}}, {"type": "Feature", "geometry": {"type": "LineString", "coordinates": [[73.87361020000003, 18.519961900000055], [73.87337550000007, 18.520031800000023]]}, "properties": {}}, {"type": "Feature", "geometry": {"type": "LineString", "coordinates": [[73.87556590000008, 18.520070000000032], [73.87552510000006, 18.520084700000037]]}, "properties": {}}, {"type": "Feature", "geometry": {"type": "LineString", "coordinates": [[73.87568260000006, 18.520472000000044], [73.87570350000004, 18.520465800000068], [73.87584380000004, 18.520424000000045]]}, "properties": {}}, {"type": "Feature", "geometry": {"type": "LineString", "coordinates": [[73.87568260000006, 18.520472000000044], [73.87564750000007, 18.52048980000006]]}, "properties": {}}, {"type": "Feature", "geometry": {"type": "LineString", "coordinates": [[73.87575890000005, 18.520734900000033], [73.87578350000007, 18.520727400000055], [73.87592460000008, 18.520684400000047], [73.87621930000006, 18.52059440000005]]}, "properties": {}}, {"type": "Feature", "geometry": {"type": "LineString", "coordinates": [[73.87575890000005, 18.520734900000033], [73.87571760000003, 18.520750000000074]]}, "properties": {}}, {"type": "Feature", "geometry": {"type": "LineString", "coordinates": [[73.87613300000004, 18.522131800000064], [73.87600760000004, 18.521671800000032], [73.87597150000005, 18.521539300000033], [73.87593540000006, 18.52140680000002], [73.87588120000004, 18.521198800000036], [73.87585300000006, 18.521090300000022], [73.87577320000008, 18.52078400000005], [73.87575890000005, 18.520734900000033], [73.87568260000006, 18.520472000000044], [73.87556590000008, 18.520070000000032], [73.87543660000006, 18.519624400000055], [73.87541210000006, 18.519545900000022]]}, "properties": {}}, {"type": "Feature", "geometry": {"type": "LineString", "coordinates": [[73.87536720000008, 18.51955990000004], [73.87539030000005, 18.519638700000034], [73.87552510000006, 18.520084700000037], [73.87564750000007, 18.52048980000006], [73.87565440000003, 18.520512800000066], [73.87571760000003, 18.520750000000074], [73.87581150000005, 18.52110280000005], [73.87592700000005, 18.52153630000004], [73.87596230000008, 18.52167280000003], [73.87608810000006, 18.522158500000046]]}, "properties": {}}, {"type": "Feature", "geometry": {"type": "LineString", "coordinates": [[73.87365260000007, 18.520091400000073], [73.87361020000003, 18.519961900000055]]}, "properties": {}}, {"type": "Feature", "geometry": {"type": "LineString", "coordinates": [[73.87409050000008, 18.52003980000006], [73.87412090000004, 18.520122800000024]]}, "properties": {}}, {"type": "Feature", "geometry": {"type": "LineString", "coordinates": [[73.87337550000007, 18.520031800000023], [73.87341850000007, 18.520163000000025]]}, "properties": {}}, {"type": "Feature", "geometry": {"type": "LineString", "coordinates": [[73.87412090000004, 18.520122800000024], [73.87428810000006, 18.520579200000036]]}, "properties": {}}, {"type": "Feature", "geometry": {"type": "LineString", "coordinates": [[73.87505440000007, 18.521813000000062], [73.87501900000007, 18.521529400000073]]}, "properties": {}}, {"type": "Feature", "geometry": {"type": "LineString", "coordinates": [[73.87730437647672, 18.521557650350967], [73.87727540000003, 18.521570400000027], [73.87623900000006, 18.522094800000048], [73.87618590000005, 18.52213240000003]]}, "properties": {}}, {"type": "Feature", "geometry": {"type": "LineString", "coordinates": [[73.87554690000007, 18.522342200000022], [73.87553620000006, 18.52228400000007], [73.87544100000008, 18.521767500000067]]}, "properties": {}}, {"type": "Feature", "geometry": {"type": "LineString", "coordinates": [[73.87608680000005, 18.52227520000002], [73.87610680000006, 18.522292000000046], [73.87613100000004, 18.522302800000034], [73.87615740000007, 18.52230670000006], [73.87618390000006, 18.522303300000033], [73.87620840000005, 18.522293100000073], [73.87622880000004, 18.52227670000007], [73.87624350000004, 18.522255500000032], [73.87625130000004, 18.52223120000002], [73.87625160000005, 18.522205900000074], [73.87624430000005, 18.52218150000004], [73.87623010000004, 18.522160000000046], [73.87621010000004, 18.522143200000077], [73.87618590000005, 18.52213240000003], [73.87615950000003, 18.522128500000065], [73.87613300000004, 18.522131800000064], [73.87610850000004, 18.522142100000053], [73.87608810000006, 18.522158500000046], [73.87607340000005, 18.522179700000034], [73.87606560000006, 18.52220400000004], [73.87606530000005, 18.522229300000046], [73.87607260000006, 18.522253700000018], [73.87608680000005, 18.52227520000002]]}, "properties": {}}, {"type": "Feature", "geometry": {"type": "LineString", "coordinates": [[73.87396800000005, 18.52249000000006], [73.87420770000006, 18.522509100000033], [73.87435670000008, 18.522520900000075], [73.87459010000003, 18.522496000000046], [73.87469280000005, 18.52247950000003], [73.87474280000004, 18.52247150000005], [73.87476230000004, 18.522468300000067], [73.87519770000006, 18.522398300000074], [73.87554690000007, 18.522342200000022], [73.87585680000007, 18.522292400000026], [73.87607260000006, 18.522253700000018]]}, "properties": {}}, {"type": "Feature", "geometry": {"type": "LineString", "coordinates": [[73.87619660000007, 18.522707300000036], [73.87613030000006, 18.522716000000063]]}, "properties": {}}, {"type": "Feature", "geometry": {"type": "LineString", "coordinates": [[73.87613030000006, 18.522716000000063], [73.87601330000007, 18.522731200000067]]}, "properties": {}}, {"type": "Feature", "geometry": {"type": "LineString", "coordinates": [[73.87601330000007, 18.522731200000067], [73.87588760000006, 18.522745200000028]]}, "properties": {}}, {"type": "Feature", "geometry": {"type": "LineString", "coordinates": [[73.87638190000007, 18.523365500000068], [73.87633740000007, 18.52311470000006], [73.87632060000004, 18.523002100000046], [73.87628780000006, 18.52278290000003], [73.87624900000003, 18.522487900000044], [73.87622880000004, 18.52227670000007]]}, "properties": {}}, {"type": "Feature", "geometry": {"type": "LineString", "coordinates": [[73.87568440000007, 18.523263300000053], [73.87558960000007, 18.523189000000055], [73.87553670000005, 18.523123500000057], [73.87550420000008, 18.523048300000024], [73.87549000000008, 18.522961600000034], [73.87547980000005, 18.522832400000024], [73.87550420000008, 18.522757300000027], [73.87556310000008, 18.522689800000023], [73.87564440000006, 18.522632000000044], [73.87575830000004, 18.52256650000004], [73.87595370000008, 18.522536500000058]]}, "properties": {}}, {"type": "Feature", "geometry": {"type": "LineString", "coordinates": [[73.87601330000007, 18.522731200000067], [73.87608730000005, 18.523225300000032]]}, "properties": {}}, {"type": "Feature", "geometry": {"type": "LineString", "coordinates": [[73.87613100000004, 18.522302800000034], [73.87619660000007, 18.522707300000036], [73.87627930000008, 18.52322110000006], [73.87630730000006, 18.52339080000007], [73.87645940000004, 18.523832600000045], [73.87658290000007, 18.524217600000043], [73.87661050000008, 18.52430380000004], [73.87666010000005, 18.524461800000044], [73.87667940000006, 18.524555600000035], [73.87668060000006, 18.524625400000048], [73.87667520000008, 18.524714400000054]]}, "properties": {}}, {"type": "Feature", "geometry": {"type": "LineString", "coordinates": [[73.92602810000005, 18.515385100000064], [73.92613000000006, 18.515428000000043], [73.92623200000008, 18.515433100000052], [73.92637140000005, 18.515438200000066], [73.92642060000003, 18.515438200000062], [73.92644120000006, 18.51543820000006], [73.92661820000006, 18.515494200000035], [73.92662140000004, 18.515497500000038], [73.92672010000008, 18.515601000000053], [73.92675770000005, 18.515773900000056], [73.92682740000004, 18.51586550000007], [73.92694540000008, 18.51594180000006], [73.92709030000003, 18.515977400000054], [73.92720830000007, 18.515962100000024], [73.92733300000003, 18.515911400000046], [73.92735850000008, 18.515901100000065], [73.92741210000008, 18.51578920000003], [73.92743360000003, 18.515677300000046], [73.92742820000007, 18.51556030000006], [73.92741800000005, 18.51553680000006], [73.92739070000005, 18.515473800000056], [73.92733170000008, 18.515397500000063]]}, "properties": {}}, {"type": "Feature", "geometry": {"type": "LineString", "coordinates": [[73.93075580000004, 18.516760100000056], [73.93076430000008, 18.51690750000006], [73.93077150000005, 18.517164800000042], [73.93077650000004, 18.517476100000067], [73.93079180000007, 18.517761400000044], [73.93079590000008, 18.517950300000056], [73.93080170000007, 18.51800910000003], [73.93081620000004, 18.518154600000056], [73.93082020000008, 18.51836280000003], [73.93081620000004, 18.518402300000048], [73.93079480000006, 18.518442700000037], [73.93075010000007, 18.518457200000057], [73.93070740000007, 18.51846390000003], [73.93063320000005, 18.518461100000025], [73.93011080000008, 18.51848030000002], [73.92976930000003, 18.51848710000007], [73.92932210000004, 18.518503500000065], [73.92898050000008, 18.518507800000066], [73.92848520000007, 18.518528400000033], [73.92843970000007, 18.518530300000066], [73.92782090000003, 18.51857190000004], [73.92733210000006, 18.51859210000004], [73.92690720000007, 18.518629700000076], [73.92655150000007, 18.518647100000063], [73.92653830000006, 18.518638400000043], [73.92652880000003, 18.51862240000003], [73.92649520000003, 18.51815260000006], [73.92647400000004, 18.517469600000023], [73.92648040000006, 18.517427900000023], [73.92653420000005, 18.517414400000064], [73.92678730000006, 18.51740730000006], [73.92784030000007, 18.517379700000046], [73.92827630000005, 18.517342100000064], [73.92836370000003, 18.51733440000004], [73.92841320000008, 18.517333900000036], [73.92856090000004, 18.517332500000066], [73.92891050000003, 18.51731710000007], [73.92912600000005, 18.517304600000045], [73.92937290000003, 18.517292000000054], [73.92957420000005, 18.517282400000056], [73.92967890000006, 18.517281400000055], [73.92971750000004, 18.51726890000003], [73.92972970000005, 18.517253500000034]]}, "properties": {}}, {"type": "Feature", "geometry": {"type": "LineString", "coordinates": [[73.93067150000007, 18.51739290000006], [73.93070490000008, 18.51745400000004], [73.93071030000004, 18.51754040000003], [73.93069690000004, 18.517643400000054], [73.93070390000008, 18.517781300000024], [73.93068080000006, 18.517845800000035], [73.93063420000004, 18.517907100000063], [73.93059690000007, 18.51797720000007], [73.93059270000003, 18.518026300000024], [73.93058960000008, 18.518063100000063], [73.93060440000005, 18.51812620000004], [73.93063830000006, 18.518161500000073], [73.93067810000008, 18.518191500000057], [73.93072510000007, 18.518255100000037], [73.93073040000007, 18.518309800000054], [73.93071970000005, 18.518353000000047], [73.93067540000004, 18.518395000000055], [73.93060180000003, 18.518399300000056], [73.93050240000008, 18.518392000000063], [73.93043490000008, 18.518395600000076], [73.93038210000003, 18.518404500000027], [73.93025100000006, 18.51842810000005], [73.92955430000006, 18.51844460000007], [73.92947920000007, 18.518377200000028], [73.92919220000005, 18.518373400000026], [73.92907820000005, 18.51846880000005], [73.92866780000008, 18.518485300000066], [73.92859140000007, 18.518356800000053], [73.92847340000003, 18.518363200000067], [73.92830840000005, 18.518372100000022], [73.92821050000003, 18.51851580000005], [73.92766200000007, 18.518536200000028], [73.92759890000008, 18.51843310000004], [73.92728110000009, 18.518449700000073], [73.92723330000007, 18.518506500000054], [73.92717200000004, 18.518540400000067], [73.92709600000006, 18.518543200000067], [73.92704500000008, 18.518527300000073], [73.92701310000007, 18.518493600000056], [73.92699810000005, 18.518442100000073], [73.92695790000005, 18.517559500000065], [73.92699010000007, 18.51750990000005], [73.92704370000007, 18.517471800000067], [73.92714030000008, 18.517478100000055], [73.92719800000003, 18.517539200000044], [73.92724580000004, 18.51757900000007], [73.9273173000001, 18.517606600000022], [73.92742330000004, 18.517624400000038], [73.92751040000007, 18.51760150000007], [73.92760180000005, 18.517561200000046], [73.92771560000006, 18.517448900000034], [73.92777240000004, 18.517445700000053], [73.92798920000007, 18.51743360000006], [73.92806420000005, 18.51742860000007], [73.92814860000006, 18.517422900000046], [73.92821640000005, 18.517484600000046], [73.92828730000008, 18.517549300000038], [73.92841890000005, 18.51754370000003], [73.92857490000006, 18.517537100000023], [73.92870540000007, 18.517424700000046], [73.92900280000003, 18.517410400000074]]}, "properties": {}}, {"type": "Feature", "geometry": {"type": "LineString", "coordinates": [[73.92652000000004, 18.51946030000005], [73.92649460000007, 18.51890480000003], [73.92648400000007, 18.518673000000035], [73.92641930000008, 18.517362400000017], [73.92640110000008, 18.51699300000007], [73.92639540000005, 18.516877900000054], [73.92640120000004, 18.516764500000022], [73.92639830000007, 18.51665660000003]]}, "properties": {}}, {"type": "Feature", "geometry": {"type": "LineString", "coordinates": [[73.92640730000005, 18.518676900000056], [73.92648400000007, 18.518673000000035], [73.9272096000001, 18.518642000000053], [73.92804380000008, 18.518606900000062], [73.92848940000005, 18.518587600000046], [73.92879300000004, 18.51857440000003], [73.92956600000008, 18.51854140000006], [73.93002820000004, 18.51852170000006], [73.93017250000008, 18.518515500000028], [73.93088720000004, 18.51848500000006]]}, "properties": {}}, {"type": "Feature", "geometry": {"type": "LineString", "coordinates": [[73.92629490000007, 18.516661100000025], [73.92630090000006, 18.516770100000024], [73.92631590000008, 18.516875600000052], [73.92634110000006, 18.517365900000073], [73.92637270000006, 18.517991000000052], [73.92640730000005, 18.518676900000056], [73.92641680000008, 18.518905900000046], [73.92643970000006, 18.519457900000074], [73.92648390000005, 18.519524500000042]]}, "properties": {}}, {"type": "Feature", "geometry": {"type": "LineString", "coordinates": [[73.92638030000006, 18.51955410000005], [73.92637160000004, 18.518907300000023], [73.92636740000006, 18.518781400000027], [73.92633380000007, 18.517992400000022], [73.92632590000005, 18.51780760000002], [73.92626760000007, 18.51688470000005]]}, "properties": {}}, {"type": "Feature", "geometry": {"type": "LineString", "coordinates": [[73.92353590000005, 18.517670300000077], [73.92356640000008, 18.51809810000003], [73.92358250000007, 18.518413200000058], [73.92358650000006, 18.518491100000066], [73.92360630000007, 18.518876600000056]]}, "properties": {}}, {"type": "Feature", "geometry": {"type": "LineString", "coordinates": [[73.92358250000007, 18.518413200000058], [73.92372350000005, 18.518409100000042]]}, "properties": {}}, {"type": "Feature", "geometry": {"type": "LineString", "coordinates": [[73.92376270000005, 18.518869700000035], [73.92380670000006, 18.518870500000048], [73.92377970000007, 18.51808690000007]]}, "properties": {}}, {"type": "Feature", "geometry": {"type": "LineString", "coordinates": [[73.92376270000005, 18.518869700000035], [73.92372350000005, 18.518409100000042], [73.92371050000008, 18.518088400000067]]}, "properties": {}}, {"type": "Feature", "geometry": {"type": "MultiLineString", "coordinates": [[[73.92624820000005, 18.518907000000073], [73.92586750000004, 18.51890740000004]], [[73.92586750000004, 18.51890740000004], [73.92555090000008, 18.518918100000064], [73.92526520000007, 18.518932000000067], [73.92502690000003, 18.518937800000064], [73.92494870000007, 18.518939700000036], [73.92483740000006, 18.518924400000063], [73.92469120000004, 18.51890410000004], [73.92455440000003, 18.51888880000007], [73.92441760000008, 18.518890100000082], [73.92434920000005, 18.51890280000004], [73.92431570000008, 18.51889520000002], [73.92428890000009, 18.518876100000057], [73.92427550000008, 18.518836700000065], [73.92427550000008, 18.518740000000037], [73.92427680000003, 18.518532700000037], [73.92428220000005, 18.518511100000065], [73.92431170000003, 18.51849330000004], [73.92433350000005, 18.518490600000064], [73.92438280000005, 18.51848440000003], [73.92491120000005, 18.518503500000058], [73.92579320000004, 18.51846340000002], [73.92582820000007, 18.51846950000004], [73.92585230000003, 18.518493400000068], [73.92586260000007, 18.518524900000045], [73.92586600000004, 18.518727300000027], [73.92586750000004, 18.51890740000004]]]}, "properties": {}}, {"type": "Feature", "geometry": {"type": "LineString", "coordinates": [[73.92624820000005, 18.518907000000073], [73.92625430000004, 18.51922920000004], [73.92621270000006, 18.519331000000015], [73.92609510000005, 18.519370200000022], [73.92581190000004, 18.51936750000004], [73.92546930000003, 18.519326800000044], [73.92511930000006, 18.519276600000065], [73.9250223000001, 18.51927010000003], [73.92491610000008, 18.519262900000054], [73.92433700000004, 18.51919890000005], [73.92414480000008, 18.51918510000007], [73.92394890000008, 18.519137200000042], [73.92391940000005, 18.51908430000003], [73.92388810000006, 18.51854120000007], [73.92386700000003, 18.518309300000052], [73.92387460000003, 18.51825290000005], [73.92390950000004, 18.518212400000046], [73.92396260000004, 18.518155300000046], [73.92401810000007, 18.518139700000063], [73.92455520000004, 18.518124500000056], [73.92543790000008, 18.518091200000068], [73.92610390000004, 18.51807170000006], [73.92614390000006, 18.518096900000042], [73.92618780000004, 18.51812820000004], [73.92622140000003, 18.518173100000062], [73.92623390000006, 18.518226000000023], [73.92624820000005, 18.518907000000073]]}, "properties": {}}, {"type": "Feature", "geometry": {"type": "LineString", "coordinates": [[73.92376270000005, 18.518869700000035], [73.92360630000007, 18.518876600000056]]}, "properties": {}}, {"type": "Feature", "geometry": {"type": "LineString", "coordinates": [[73.92641680000008, 18.518905900000046], [73.92637160000004, 18.518907300000023], [73.92630070000007, 18.518907000000063], [73.92629490000007, 18.51890700000007], [73.92624820000005, 18.518907000000073]]}, "properties": {}}, {"type": "Feature", "geometry": {"type": "LineString", "coordinates": [[73.92360630000007, 18.518876600000056], [73.92360840000003, 18.51894410000006]]}, "properties": {}}, {"type": "Feature", "geometry": {"type": "LineString", "coordinates": [[73.92378370000007, 18.51905330000005], [73.92376270000005, 18.518869700000035]]}, "properties": {}}, {"type": "Feature", "geometry": {"type": "LineString", "coordinates": [[73.92360840000003, 18.51894410000006], [73.92361310000007, 18.519037500000024]]}, "properties": {}}, {"type": "Feature", "geometry": {"type": "LineString", "coordinates": [[73.92379200000005, 18.519239600000045], [73.92378370000007, 18.51905330000005]]}, "properties": {}}, {"type": "Feature", "geometry": {"type": "MultiLineString", "coordinates": [[[73.9272096000001, 18.518642000000053], [73.92721120000004, 18.518759100000064], [73.92720980000007, 18.51879090000005]], [[73.92720980000007, 18.51879090000005], [73.92695640000005, 18.51878710000005], [73.92667030000007, 18.518780200000034], [73.92662510000008, 18.518799800000068], [73.92661280000004, 18.518829700000026], [73.92666600000007, 18.519312100000036], [73.92668840000005, 18.51936000000006], [73.92673940000003, 18.519387100000078], [73.9270167000001, 18.519429300000063], [73.92735470000008, 18.51947630000006], [73.92737190000008, 18.51947750000005], [73.92782000000005, 18.51950940000006], [73.92822500000007, 18.519539900000044], [73.92853950000006, 18.519555300000036], [73.92857830000008, 18.519547900000077], [73.92860950000005, 18.519528200000025], [73.92862100000008, 18.519487600000044], [73.92858490000003, 18.51877710000002], [73.92856170000005, 18.518731100000018], [73.92852340000007, 18.51870430000002], [73.92846590000005, 18.518697200000076], [73.92828550000007, 18.518714900000077], [73.92822800000005, 18.51872050000003], [73.92804260000008, 18.518749900000042], [73.92784420000004, 18.51876420000008], [73.92764840000007, 18.518750200000056], [73.92746840000007, 18.518767600000047], [73.92741100000006, 18.518773100000033], [73.92729030000004, 18.518782000000044], [73.92720980000007, 18.51879090000005]]]}, "properties": {}}, {"type": "Feature", "geometry": {"type": "LineString", "coordinates": [[73.92652000000004, 18.51946030000005], [73.92643970000006, 18.519457900000074]]}, "properties": {}}, {"type": "Feature", "geometry": {"type": "LineString", "coordinates": [[73.92648390000005, 18.519524500000042], [73.92652000000004, 18.51946030000005]]}, "properties": {}}, {"type": "Feature", "geometry": {"type": "LineString", "coordinates": [[73.93205960000006, 18.520038800000066], [73.93138530000004, 18.51999470000004], [73.93032910000007, 18.519886500000037], [73.93030270000008, 18.519883800000056], [73.93002540000003, 18.519852300000018], [73.92867120000005, 18.519698300000073], [73.92849390000003, 18.519678700000043], [73.92776220000007, 18.519597700000073], [73.92652000000004, 18.51946030000005]]}, "properties": {}}, {"type": "Feature", "geometry": {"type": "LineString", "coordinates": [[73.92701020000004, 18.51995380000005], [73.92728480000005, 18.519891100000056], [73.92771620000008, 18.51993080000005], [73.92798700000003, 18.51998920000005], [73.92827320000004, 18.52009990000005], [73.92856380000006, 18.520333700000037]]}, "properties": {}}, {"type": "Feature", "geometry": {"type": "LineString", "coordinates": [[73.92653800000006, 18.52026060000003], [73.92664800000006, 18.52025270000006], [73.92691310000004, 18.520233500000067]]}, "properties": {}}, {"type": "Feature", "geometry": {"type": "LineString", "coordinates": [[73.92691350000007, 18.521021800000025], [73.92691310000004, 18.520233500000067], [73.92691290000005, 18.519943700000056]]}, "properties": {}}, {"type": "Feature", "geometry": {"type": "LineString", "coordinates": [[73.9250223000001, 18.51927010000003], [73.92502140000005, 18.51933690000004], [73.92502040000005, 18.519403600000032]]}, "properties": {}}, {"type": "Feature", "geometry": {"type": "LineString", "coordinates": [[73.92647720000008, 18.51957580000004], [73.92638030000006, 18.51955410000005], [73.92502040000005, 18.519403600000032], [73.92448500000006, 18.519344300000057], [73.92385320000007, 18.519247200000052], [73.92379200000005, 18.519239600000045], [73.92361270000004, 18.519211000000034]]}, "properties": {}}, {"type": "Feature", "geometry": {"type": "LineString", "coordinates": [[73.92437380000007, 18.51984780000003], [73.92443760000003, 18.51956750000005]]}, "properties": {}}, {"type": "Feature", "geometry": {"type": "LineString", "coordinates": [[73.92437380000007, 18.51984780000003], [73.92448370000005, 18.519843800000043], [73.92455840000008, 18.519832000000065], [73.92460010000008, 18.519800800000038], [73.92462620000003, 18.51975100000004], [73.92466040000005, 18.519604800000025]]}, "properties": {}}, {"type": "Feature", "geometry": {"type": "LineString", "coordinates": [[73.92405580000008, 18.519503600000064], [73.92443760000003, 18.51956750000005], [73.92466040000005, 18.519604800000025], [73.92526120000008, 18.51968870000007], [73.92596350000008, 18.51974400000006], [73.92620700000003, 18.519774300000048], [73.92625740000005, 18.51979450000005], [73.92629530000005, 18.519842400000073], [73.92630760000003, 18.519905200000036], [73.92627510000005, 18.520380500000044]]}, "properties": {}}, {"type": "Feature", "geometry": {"type": "LineString", "coordinates": [[73.92533330000003, 18.519984000000022], [73.92509150000006, 18.519948000000056], [73.92494590000008, 18.51993420000002], [73.92485270000003, 18.519937000000027], [73.92477400000007, 18.51997290000003], [73.92474190000007, 18.520014300000067], [73.92471860000006, 18.52008060000003], [73.92469820000008, 18.520141400000057], [73.92470700000007, 18.52019940000002], [73.92474590000006, 18.520315200000027]]}, "properties": {}}, {"type": "Feature", "geometry": {"type": "LineString", "coordinates": [[73.92385320000007, 18.519247200000052], [73.92381120000005, 18.51976120000006], [73.92373860000004, 18.52039210000004], [73.92368970000008, 18.521036800000047], [73.92368200000004, 18.521138800000077], [73.92366700000008, 18.521279300000057]]}, "properties": {}}, {"type": "Feature", "geometry": {"type": "LineString", "coordinates": [[73.92654830000004, 18.52037310000003], [73.92642530000006, 18.520383000000038], [73.92627510000005, 18.520380500000044], [73.92630190000006, 18.520555900000033], [73.92632340000006, 18.520670400000025], [73.92631800000004, 18.52073270000005], [73.92626980000006, 18.52077980000007], [73.92614900000007, 18.520820500000063], [73.92610390000004, 18.520853500000037], [73.92607660000004, 18.520896700000034], [73.92603640000004, 18.521029000000052], [73.92597940000007, 18.521093900000036], [73.92589550000008, 18.521128200000074], [73.92581370000005, 18.52113070000007], [73.92457420000005, 18.520813400000062], [73.92457890000003, 18.520756700000046], [73.92459090000006, 18.520674000000046], [73.92460100000005, 18.520615900000056], [73.92462430000006, 18.520546300000035], [73.92463470000007, 18.520462500000065], [73.92462010000008, 18.52036010000006], [73.92457300000007, 18.520342500000023], [73.92433740000007, 18.520291600000068], [73.92431430000005, 18.520266800000062], [73.92430440000004, 18.52023440000005], [73.92437380000007, 18.51984780000003], [73.92397780000005, 18.519762200000056], [73.92396340000005, 18.519743500000057], [73.92396010000004, 18.519714900000054], [73.92398330000003, 18.51953380000003], [73.92400900000007, 18.519509500000023], [73.92405580000008, 18.519503600000064]]}, "properties": {}}, {"type": "Feature", "geometry": {"type": "LineString", "coordinates": [[73.92474590000006, 18.520315200000027], [73.92483230000005, 18.520348600000034], [73.92491670000004, 18.520370700000058], [73.92498670000003, 18.52038450000003], [73.92504200000008, 18.520398300000064], [73.92511190000005, 18.520437000000072], [73.92519930000003, 18.52050050000002], [73.92526050000004, 18.52058340000008], [73.92539740000007, 18.520616500000077], [73.92553140000008, 18.52064690000003], [73.92562180000004, 18.520669000000055], [73.92568580000005, 18.520682800000028], [73.92575580000005, 18.52067730000005], [73.92580240000007, 18.52066350000007], [73.92588100000008, 18.520627600000065], [73.92591890000006, 18.520588900000064], [73.92596260000005, 18.52055020000006], [73.92599170000005, 18.520497800000047], [73.92600630000005, 18.52045910000004], [73.92602090000008, 18.520401100000072], [73.92602090000008, 18.520340300000043], [73.92601800000006, 18.520285100000027], [73.92599760000007, 18.520232600000043], [73.92596840000004, 18.520182800000043], [73.92593350000004, 18.520138600000053], [73.92587520000006, 18.52009720000006], [73.92581690000003, 18.520075100000042], [73.92574990000008, 18.52005300000008], [73.92566550000004, 18.52003090000005], [73.92558680000008, 18.520019900000023], [73.92533330000003, 18.519984000000022]]}, "properties": {}}, {"type": "Feature", "geometry": {"type": "LineString", "coordinates": [[73.92659400000008, 18.52087040000004], [73.92674710000006, 18.520930200000066], [73.92691350000007, 18.521021800000025], [73.92696750000005, 18.521051500000056], [73.92709780000007, 18.521155000000025], [73.92737540000007, 18.521307000000032], [73.92760580000004, 18.521387900000033], [73.92784360000007, 18.521426300000027], [73.92810640000005, 18.521412900000033], [73.92833430000007, 18.52137250000004], [73.92848420000007, 18.521313700000064], [73.92860320000005, 18.521229900000037], [73.92868370000008, 18.521125600000058], [73.92869170000006, 18.52097050000003], [73.92855230000004, 18.520706000000075], [73.92829750000004, 18.520439000000067], [73.92804530000006, 18.520301600000035], [73.92745860000008, 18.520143600000033], [73.92721680000005, 18.52009550000002], [73.92701020000004, 18.51995380000005], [73.92691290000005, 18.519943700000056], [73.92666370000006, 18.519917700000068], [73.92650610000004, 18.519914000000032]]}, "properties": {}}, {"type": "Feature", "geometry": {"type": "LineString", "coordinates": [[73.92673840000003, 18.522426800000062], [73.92673590000004, 18.52224210000003], [73.92673120000006, 18.52189300000003], [73.92668220000007, 18.52152790000002], [73.92661200000003, 18.521098600000077], [73.92659400000008, 18.52087040000004], [73.92654830000004, 18.52037310000003], [73.92653800000006, 18.52026060000003], [73.92650610000004, 18.519914000000032], [73.92647720000008, 18.51957580000004], [73.92648390000005, 18.519524500000042]]}, "properties": {}}, {"type": "Feature", "geometry": {"type": "LineString", "coordinates": [[73.92650300000008, 18.521108100000045], [73.92649490000008, 18.520984400000035], [73.92646980000006, 18.52093300000007], [73.92641100000003, 18.520879100000055]]}, "properties": {}}, {"type": "Feature", "geometry": {"type": "LineString", "coordinates": [[73.92691350000007, 18.521021800000025], [73.92676300000005, 18.521260500000043], [73.92675640000004, 18.52133770000006], [73.92677180000004, 18.52140240000006], [73.92705140000004, 18.521567300000072], [73.92753350000004, 18.521757300000047], [73.92777130000007, 18.521794900000028], [73.92802880000005, 18.52178440000006], [73.92846690000005, 18.52169880000002], [73.92868230000005, 18.52149010000005], [73.92880860000008, 18.521260400000074], [73.92887020000006, 18.521032500000047], [73.92888260000007, 18.52086020000007], [73.92878710000008, 18.520655700000074], [73.92856380000006, 18.520333700000037]]}, "properties": {}}, {"type": "Feature", "geometry": {"type": "LineString", "coordinates": [[73.92661200000003, 18.521098600000077], [73.92652470000007, 18.521106200000073], [73.92650300000008, 18.521108100000045], [73.92649740000007, 18.521150200000022], [73.92648200000008, 18.521185300000067], [73.92642270000005, 18.521236500000043], [73.92632190000006, 18.52128550000003]]}, "properties": {}}, {"type": "Feature", "geometry": {"type": "LineString", "coordinates": [[73.92668220000007, 18.52152790000002], [73.92685280000006, 18.521580500000027], [73.92706850000008, 18.521647100000052], [73.92752710000008, 18.521788500000067], [73.92769880000003, 18.52184140000002], [73.92789960000005, 18.521910400000028], [73.92828410000004, 18.522042500000055], [73.92818390000008, 18.522337200000038]]}, "properties": {}}, {"type": "Feature", "geometry": {"type": "LineString", "coordinates": [[73.92789960000005, 18.521910400000028], [73.92778010000006, 18.522256000000024], [73.92742290000007, 18.522141300000047], [73.92694790000007, 18.521988800000027], [73.92706850000008, 18.521647100000052]]}, "properties": {}}, {"type": "Feature", "geometry": {"type": "LineString", "coordinates": [[73.9247422000001, 18.521281800000054], [73.92482350000006, 18.520996800000027], [73.92597140000004, 18.521297700000048], [73.92626630000007, 18.521383800000024], [73.92629230000006, 18.521400600000042], [73.92629940000006, 18.52142180000004], [73.92618090000008, 18.52169160000005]]}, "properties": {}}, {"type": "Feature", "geometry": {"type": "LineString", "coordinates": [[73.92312880000003, 18.521380000000025], [73.92392980000005, 18.521523300000073], [73.92399620000005, 18.52152820000003], [73.92404990000006, 18.521507100000058], [73.92409540000006, 18.521465100000054]]}, "properties": {}}, {"type": "Feature", "geometry": {"type": "LineString", "coordinates": [[73.92464810000007, 18.521257900000016], [73.9247422000001, 18.521281800000054], [73.92526450000008, 18.52141460000007], [73.92578680000008, 18.52154740000003], [73.92618090000008, 18.52169160000005], [73.92655500000006, 18.521828500000026], [73.92673120000006, 18.52189300000003]]}, "properties": {}}, {"type": "Feature", "geometry": {"type": "LineString", "coordinates": [[73.92564020000003, 18.521936400000072], [73.92571180000004, 18.521818900000028], [73.92573780000004, 18.521763000000085], [73.92573540000006, 18.521732800000056], [73.92572600000005, 18.521704800000062], [73.92559270000004, 18.521663500000038]]}, "properties": {}}, {"type": "Feature", "geometry": {"type": "LineString", "coordinates": [[73.93215750000007, 18.523529500000052], [73.93152150000003, 18.523468000000033], [73.93144370000005, 18.523459900000034], [73.93123830000008, 18.52344440000007], [73.93039100000004, 18.523380600000053], [73.93002450000006, 18.523341300000027], [73.92958370000008, 18.523294100000044], [73.92898160000004, 18.523113700000064], [73.92891280000003, 18.52309310000004], [73.92881010000008, 18.523062400000068], [73.92842750000005, 18.52294960000006], [73.92752260000003, 18.522683000000033], [73.92743720000004, 18.52265780000005], [73.92673840000003, 18.522426800000062], [73.92638970000007, 18.52228680000007], [73.92591800000008, 18.52206730000006], [73.92564020000003, 18.521936400000072], [73.92549570000006, 18.52188760000007], [73.92502340000004, 18.521735100000054], [73.92463890000005, 18.521612100000027], [73.92445500000008, 18.521560400000055], [73.92409540000006, 18.521465100000054], [73.92366700000008, 18.521333800000036], [73.92300540000008, 18.521196000000028], [73.92276300000003, 18.521134300000025], [73.92207110000004, 18.520960900000034], [73.92078610000004, 18.520639000000074], [73.91977800000006, 18.520346900000042]]}, "properties": {}}, {"type": "Feature", "geometry": {"type": "LineString", "coordinates": [[73.92463890000005, 18.521612100000027], [73.92464090000004, 18.521664300000054], [73.92464950000004, 18.521687400000076], [73.92470630000008, 18.52203080000004], [73.92475970000004, 18.522249600000062], [73.92479180000004, 18.522463400000053]]}, "properties": {}}, {"type": "Feature", "geometry": {"type": "LineString", "coordinates": [[73.92420840000005, 18.52238570000003], [73.92445370000007, 18.522186300000044], [73.92470630000008, 18.52203080000004]]}, "properties": {}}, {"type": "Feature", "geometry": {"type": "MultiLineString", "coordinates": [[[73.92752260000003, 18.522683000000033], [73.92754310000004, 18.522643700000057], [73.92756370000006, 18.522604400000034]], [[73.92756370000006, 18.522604400000034], [73.92747630000008, 18.522576200000056], [73.92689270000005, 18.522388200000027], [73.92686650000007, 18.522363400000074], [73.92687690000008, 18.522274000000035], [73.92689850000005, 18.52208790000003], [73.92692170000004, 18.522072800000043], [73.92695800000008, 18.522065900000033], [73.92753860000006, 18.522250300000056], [73.92768880000006, 18.522298100000057], [73.92838000000006, 18.522517600000068], [73.92841050000004, 18.522528600000044], [73.92842210000003, 18.522554800000027], [73.92835820000005, 18.522777900000047], [73.92834800000003, 18.522794400000063], [73.92831020000006, 18.52280410000003], [73.92825070000004, 18.522817900000064], [73.92766710000006, 18.52263650000003], [73.92756370000006, 18.522604400000034]]]}, "properties": {}}, {"type": "Feature", "geometry": {"type": "LineString", "coordinates": [[73.94662330000006, 18.518156700000077], [73.94605280000007, 18.51837290000003], [73.94573610000003, 18.518488800000057], [73.94564710000003, 18.51852140000005], [73.94502550000004, 18.518748900000045], [73.94235850000007, 18.51972510000007], [73.94101010000003, 18.520218700000044], [73.94071500000007, 18.520326700000048], [73.94056080000009, 18.52038310000006]]}, "properties": {}}, {"type": "Feature", "geometry": {"type": "LineString", "coordinates": [[73.94273320000008, 18.52020650000003], [73.94274120000006, 18.520338800000047], [73.94279480000006, 18.520506600000033], [73.94286850000003, 18.520692600000075], [73.94293390000007, 18.52075230000003], [73.94301330000008, 18.52077450000007], [73.94309270000008, 18.520772300000033], [73.94401940000006, 18.520729800000026], [73.94413340000006, 18.520697700000024], [73.94419200000004, 18.520650900000078], [73.94421690000007, 18.52059690000004], [73.94424710000004, 18.520514500000047], [73.94427510000008, 18.520421500000054], [73.94436390000004, 18.52034630000003], [73.94455530000005, 18.52029310000006], [73.94715190000005, 18.519921200000052], [73.94722190000005, 18.519890200000077], [73.94726390000005, 18.51982820000006], [73.94725930000004, 18.519704200000035], [73.94721880000003, 18.519550300000052], [73.94714750000003, 18.519383600000026], [73.94699330000003, 18.519027500000046]]}, "properties": {}}, {"type": "Feature", "geometry": {"type": "LineString", "coordinates": [[73.94287180000003, 18.520925100000053], [73.94283710000008, 18.520833400000072], [73.94239840000006, 18.51979710000006]]}, "properties": {}}, {"type": "Feature", "geometry": {"type": "LineString", "coordinates": [[73.94143390000005, 18.521501100000016], [73.94156900000007, 18.521110400000058], [73.94160460000006, 18.52102150000007], [73.94163610000004, 18.52092220000003], [73.94166020000006, 18.52083570000007], [73.94169780000004, 18.52072630000004], [73.94170270000006, 18.52063620000007], [73.94168100000007, 18.52050260000004], [73.94161950000006, 18.520268000000055], [73.94157030000008, 18.52010020000006]]}, "properties": {}}, {"type": "Feature", "geometry": {"type": "LineString", "coordinates": [[73.94104280000005, 18.520293300000045], [73.94120290000006, 18.52069860000006], [73.94135280000006, 18.521111100000038], [73.94141660000008, 18.521308400000063], [73.94143390000005, 18.521501100000016]]}, "properties": {}}, {"type": "Feature", "geometry": {"type": "LineString", "coordinates": [[73.93192730000004, 18.53766830000006], [73.93223390000003, 18.537661900000042], [73.93266320000004, 18.537641500000063], [73.93282550000004, 18.537633400000054], [73.93302630000005, 18.53762440000003], [73.93305750000007, 18.53762720000003], [73.93307940000007, 18.537638800000025], [73.93311450000004, 18.537673500000036], [73.93313320000004, 18.537685800000077], [73.93315500000006, 18.537689500000056], [73.93317780000007, 18.537688900000035], [73.9335601000001, 18.537619800000073], [73.93378400000006, 18.537578900000028], [73.93385440000003, 18.537572300000022], [73.93389610000008, 18.537571600000035], [73.93392780000005, 18.53758690000006], [73.93395030000005, 18.537606200000024], [73.93401960000006, 18.53774180000005]]}, "properties": {}}, {"type": "Feature", "geometry": {"type": "LineString", "coordinates": [[73.93283280000003, 18.537871900000024], [73.93282550000004, 18.537633400000054]]}, "properties": {}}, {"type": "Feature", "geometry": {"type": "LineString", "coordinates": [[73.93330080000004, 18.53783100000004], [73.93401960000006, 18.53774180000005], [73.93410250000005, 18.537732400000035]]}, "properties": {}}, {"type": "Feature", "geometry": {"type": "LineString", "coordinates": [[73.93237610000006, 18.537892600000077], [73.93268950000004, 18.53788070000007], [73.93283280000003, 18.537871900000024], [73.93293600000004, 18.53786610000003]]}, "properties": {}}, {"type": "Feature", "geometry": {"type": "LineString", "coordinates": [[73.93198040000004, 18.53817010000006], [73.93223140000003, 18.53816180000007], [73.93286420000004, 18.538157300000023], [73.93296100000003, 18.538165300000056], [73.93305240000007, 18.53819880000003], [73.93312790000004, 18.538209400000024], [73.93322220000005, 18.538207400000033], [73.93406650000003, 18.538214100000058], [73.93419740000007, 18.538211600000068]]}, "properties": {}}, {"type": "Feature", "geometry": {"type": "LineString", "coordinates": [[73.93018570000004, 18.53795420000005], [73.93066780000004, 18.53787640000007], [73.93096010000005, 18.537836000000027], [73.93144800000005, 18.537775200000056], [73.93193450000007, 18.53773300000006]]}, "properties": {}}, {"type": "Feature", "geometry": {"type": "LineString", "coordinates": [[73.93101280000008, 18.538175500000023], [73.93096010000005, 18.537836000000027]]}, "properties": {}}, {"type": "Feature", "geometry": {"type": "LineString", "coordinates": [[73.92999040000007, 18.538304400000072], [73.92997370000006, 18.538116900000034]]}, "properties": {}}, {"type": "Feature", "geometry": {"type": "LineString", "coordinates": [[73.92420910000004, 18.54051570000007], [73.92461040000006, 18.54040800000007]]}, "properties": {}}, {"type": "Feature", "geometry": {"type": "LineString", "coordinates": [[73.92433170000004, 18.54233860000005], [73.92434010000005, 18.54206030000006], [73.92434990000004, 18.541661600000054], [73.92435740000008, 18.54100090000003], [73.92437270000005, 18.540904600000037], [73.92437400000006, 18.540853400000056], [73.92437460000008, 18.54082930000004], [73.92434240000006, 18.54070290000004], [73.92424730000005, 18.54055340000002], [73.92420910000004, 18.54051570000007], [73.92392480000007, 18.54023500000005], [73.92355950000008, 18.539896800000065], [73.92348150000004, 18.539884900000057], [73.92337270000007, 18.53991960000007], [73.92330150000004, 18.539974700000073], [73.92324980000006, 18.54006230000005], [73.92324060000004, 18.540174400000065], [73.92327010000008, 18.540564900000046], [73.92329190000004, 18.540993400000044], [73.92335870000005, 18.541396500000072], [73.92342650000006, 18.54209080000004], [73.92342970000004, 18.542130600000068], [73.92343990000006, 18.542152700000027], [73.92346270000007, 18.542170000000052], [73.92362380000003, 18.542203100000048]]}, "properties": {}}, {"type": "Feature", "geometry": {"type": "LineString", "coordinates": [[73.93186220000007, 18.53983970000007], [73.93186530000008, 18.539530000000067], [73.93188470000007, 18.53926060000003], [73.93198040000004, 18.53817010000006], [73.93197540000006, 18.53804720000005], [73.93193450000007, 18.53773300000006], [73.93192730000004, 18.53766830000006], [73.93192180000005, 18.537581400000025], [73.93193290000006, 18.537385200000074]]}, "properties": {}}, {"type": "Feature", "geometry": {"type": "LineString", "coordinates": [[73.93017800000007, 18.53873740000006], [73.93064780000003, 18.53866810000005], [73.93088290000003, 18.538628000000077], [73.93113520000003, 18.53858690000004], [73.93129430000005, 18.538563900000042]]}, "properties": {}}, {"type": "Feature", "geometry": {"type": "LineString", "coordinates": [[73.93010910000004, 18.539297400000066], [73.93017800000007, 18.53873740000006], [73.93019240000007, 18.53862000000004], [73.93018340000003, 18.53830890000006]]}, "properties": {}}, {"type": "Feature", "geometry": {"type": "LineString", "coordinates": [[73.93064780000003, 18.53866810000005], [73.93064910000004, 18.53900110000006], [73.93094610000003, 18.53901010000004], [73.93124090000003, 18.539026700000022]]}, "properties": {}}, {"type": "Feature", "geometry": {"type": "LineString", "coordinates": [[73.92961140000007, 18.539655500000038], [73.92966630000006, 18.539249300000048], [73.92969850000003, 18.538529700000023], [73.92971200000005, 18.53840590000004], [73.92975390000004, 18.538348900000074], [73.92981730000008, 18.538328300000046], [73.92999040000007, 18.538304400000072], [73.93018340000003, 18.53830890000006], [73.93079350000005, 18.53821080000006], [73.93101280000008, 18.538175500000023], [73.93131560000006, 18.538126800000043], [73.93162790000008, 18.538080100000055], [73.93172980000008, 18.538072500000055]]}, "properties": {}}, {"type": "Feature", "geometry": {"type": "LineString", "coordinates": [[73.93157000000008, 18.539843700000063], [73.93164290000004, 18.53934810000004], [73.93167180000006, 18.53893440000007], [73.93172980000008, 18.538072500000055]]}, "properties": {}}, {"type": "Feature", "geometry": {"type": "LineString", "coordinates": [[73.93131560000006, 18.538126800000043], [73.93130730000007, 18.53829800000005], [73.93129430000005, 18.538563900000042], [73.93124090000003, 18.539026700000022], [73.93119610000008, 18.539415300000027], [73.93116700000007, 18.539828000000053]]}, "properties": {}}, {"type": "Feature", "geometry": {"type": "LineString", "coordinates": [[73.91634020000004, 18.548093800000057], [73.91632400000003, 18.548021300000073], [73.91632140000007, 18.547972100000035], [73.91632510000005, 18.547919000000036], [73.91638040000004, 18.547863700000054], [73.91672370000003, 18.54765390000006], [73.91676800000005, 18.54761320000006], [73.91679340000007, 18.547549700000047], [73.91679080000006, 18.54746950000003], [73.91675050000003, 18.547360200000067], [73.91672370000003, 18.54731440000006], [73.91668690000006, 18.54729150000003], [73.91663570000003, 18.54729010000005], [73.91657580000003, 18.547298600000037], [73.91651260000003, 18.547324100000022], [73.91643520000008, 18.547357500000032], [73.91633950000005, 18.54738660000004], [73.91626070000007, 18.547413200000054], [73.91621210000005, 18.547430800000026], [73.91616120000003, 18.54746510000006], [73.91612060000006, 18.547494700000072], [73.91601660000003, 18.547591700000055], [73.91598080000006, 18.547613200000058], [73.91593210000008, 18.54763080000003], [73.91587560000005, 18.54763830000007], [73.91578800000008, 18.547649700000022]]}, "properties": {}}, {"type": "Feature", "geometry": {"type": "LineString", "coordinates": [[73.86917390000008, 18.53602570000003], [73.86918750000007, 18.535960700000032], [73.86932990000008, 18.535277700000044], [73.86931270000008, 18.535179500000027], [73.86927330000003, 18.535092800000026], [73.86872030000006, 18.534942500000053], [73.86822150000006, 18.53481840000006], [73.86815800000005, 18.534778200000055], [73.86812350000008, 18.534709600000042], [73.86812350000008, 18.534646600000034], [73.86829620000003, 18.53401890000004]]}, "properties": {}}, {"type": "Feature", "geometry": {"type": "MultiLineString", "coordinates": [[[73.86177590000005, 18.534706200000073], [73.86190450000004, 18.534949900000072], [73.86213380000004, 18.535384400000055], [73.86219160000007, 18.535489500000043], [73.86227210000004, 18.53557080000007], [73.86239130000007, 18.535692100000063], [73.86251470000008, 18.535865100000024], [73.86253880000004, 18.535895600000064], [73.86261540000004, 18.535993000000072], [73.86284340000003, 18.53623460000006], [73.86308480000008, 18.536506700000075], [73.86332350000004, 18.53677120000003], [73.86345490000008, 18.536900900000038], [73.86358490000003, 18.536999300000044], [73.86370560000006, 18.537144200000057], [73.86379560000006, 18.537208600000042], [73.86392020000005, 18.537256100000032], [73.86416690000004, 18.537403600000065], [73.86435200000005, 18.537546000000077], [73.86486160000004, 18.537960500000057], [73.86504940000003, 18.53812080000006], [73.86515400000008, 18.53819700000003], [73.86526660000004, 18.53825810000006], [73.86533370000006, 18.538303900000074], [73.86537390000007, 18.53835730000003], [73.86539810000005, 18.538392900000076], [73.86542100000008, 18.538457200000042], [73.86542220000007, 18.53855310000006], [73.86540340000005, 18.538675100000034], [73.86540340000005, 18.538781900000057], [73.86541200000005, 18.538837800000064], [73.86541830000004, 18.538879300000072], [73.86545590000003, 18.538970900000038], [73.86551880000007, 18.53907180000005], [73.86556320000005, 18.539103100000037], [73.86562870000006, 18.53912020000007], [73.86568920000008, 18.539115800000044], [73.86575090000008, 18.53909040000008], [73.86581800000005, 18.539095500000027], [73.86586360000007, 18.539123500000077], [73.86591450000003, 18.53915910000006], [73.86592110000004, 18.539204100000063], [73.86593330000005, 18.53928110000004], [73.86596280000003, 18.53942860000006], [73.86602300000006, 18.53956010000008], [73.86612370000006, 18.53965750000003], [73.86624710000007, 18.539736300000072], [73.86659850000007, 18.539949900000064], [73.86677670000006, 18.540053400000026], [73.86702080000003, 18.540193300000052], [73.86728510000006, 18.54029830000007], [73.86757750000004, 18.540405100000044], [73.86774920000005, 18.540463600000063], [73.86798910000005, 18.540564600000042], [73.86813200000007, 18.54060810000004]], [[73.86813200000007, 18.54060810000004], [73.86818370000003, 18.540623800000045], [73.86866770000006, 18.540737500000034], [73.86888910000005, 18.54074850000006], [73.86910630000006, 18.540801900000073], [73.86942820000007, 18.540878100000043], [73.86956500000008, 18.540913700000033], [73.86975280000007, 18.540923900000053], [73.86979300000007, 18.540890900000015], [73.86979300000007, 18.54085530000003], [73.86977690000003, 18.54079420000005], [73.86966690000008, 18.540659400000035], [73.86959720000004, 18.540583200000075], [73.86956230000004, 18.540547600000025], [73.86955010000008, 18.540503600000026], [73.86952600000006, 18.540478100000033], [73.86946970000008, 18.54044250000004], [73.86931950000007, 18.54038660000003], [73.86912510000008, 18.540341600000033], [73.86893050000003, 18.540282300000055], [73.86882060000005, 18.54027210000004], [73.86878300000006, 18.54027240000005], [73.86871470000006, 18.540272900000048], [73.86863430000007, 18.540244900000054], [73.86856040000004, 18.54022890000005], [73.86848530000003, 18.540251800000078], [73.86841290000007, 18.540272100000042], [73.86836070000004, 18.540278000000058], [73.86832050000004, 18.540321200000047], [73.86822240000004, 18.540490800000043], [73.86816610000005, 18.540572200000046], [73.86813200000007, 18.54060810000004]]]}, "properties": {}}, {"type": "Feature", "geometry": {"type": "LineString", "coordinates": [[73.86604590000007, 18.538920000000076], [73.86597210000009, 18.538873500000015], [73.86586740000007, 18.538850600000046], [73.86571720000006, 18.538843000000046], [73.86561410000007, 18.53883610000003], [73.86549460000003, 18.53883530000007], [73.86541200000005, 18.538837800000064]]}, "properties": {}}, {"type": "Feature", "geometry": {"type": "LineString", "coordinates": [[73.85291890000008, 18.537586200000078], [73.85291320000005, 18.537733200000048], [73.85290470000007, 18.537976200000056], [73.85289820000008, 18.538117700000043]]}, "properties": {}}, {"type": "Feature", "geometry": {"type": "LineString", "coordinates": [[73.85302220000005, 18.53837790000006], [73.85292260000006, 18.538138900000035], [73.85289820000008, 18.538117700000043], [73.85285760000005, 18.53810430000004], [73.85271530000006, 18.538090800000077], [73.85242380000005, 18.53806680000002]]}, "properties": {}}, {"type": "Feature", "geometry": {"type": "LineString", "coordinates": [[73.85302220000005, 18.53837790000006], [73.85305110000007, 18.538397200000077], [73.85349450000007, 18.538395500000036]]}, "properties": {}}, {"type": "Feature", "geometry": {"type": "LineString", "coordinates": [[73.87560960000008, 18.556904000000035], [73.87546240000006, 18.556568400000053], [73.87527650000004, 18.556223000000042], [73.87488110000004, 18.555488100000044], [73.87484610000007, 18.555414500000037], [73.87481220000006, 18.55534330000006], [73.87479880000008, 18.55531520000005], [73.87476800000007, 18.55522850000005], [73.87474790000005, 18.555171700000077], [73.87470550000006, 18.555023500000058], [73.87469150000004, 18.55496600000004], [73.87465590000005, 18.554819200000058], [73.87448220000005, 18.554057400000033], [73.87444560000006, 18.553941400000042], [73.87441070000006, 18.553855900000034], [73.87435360000006, 18.553752400000057], [73.87430160000008, 18.553673400000037], [73.87400530000008, 18.553269000000054], [73.87335680000007, 18.552292500000082], [73.87329220000004, 18.55219520000003], [73.87286990000008, 18.551579500000052], [73.87276170000007, 18.55141800000007], [73.87196500000005, 18.550074000000045], [73.87184330000008, 18.54984700000006], [73.87133000000006, 18.549002500000025], [73.87122730000004, 18.548829200000053], [73.87115820000008, 18.548711600000047], [73.87107260000005, 18.548602600000038]]}, "properties": {}}, {"type": "Feature", "geometry": {"type": "LineString", "coordinates": [[73.87098260000005, 18.54865760000007], [73.87105180000003, 18.548772700000033], [73.87124260000007, 18.54907590000005], [73.87266400000004, 18.55147340000008], [73.87277430000006, 18.551637800000037], [73.87319550000007, 18.55225270000005], [73.87325940000005, 18.552348800000065], [73.87391200000008, 18.553330500000072], [73.87420560000004, 18.553731200000072], [73.87425480000007, 18.553806000000066], [73.87430700000004, 18.55390050000005], [73.87433790000006, 18.553976400000064], [73.87437200000005, 18.554084300000056], [73.87454490000005, 18.55484260000003], [73.87458140000008, 18.554993100000043], [73.87459520000004, 18.555049700000037], [73.87463910000008, 18.55520300000006], [73.87465980000007, 18.555261300000044], [73.87467670000007, 18.555309000000026], [73.87469770000007, 18.55535700000007], [73.87473370000004, 18.555445400000057], [73.87477860000007, 18.555534800000032], [73.87535920000005, 18.556613800000036], [73.87549890000008, 18.55693090000005]]}, "properties": {}}, {"type": "Feature", "geometry": {"type": "LineString", "coordinates": [[73.85542700000009, 18.55023600000004], [73.85602180000006, 18.549924300000047]]}, "properties": {}}, {"type": "Feature", "geometry": {"type": "LineString", "coordinates": [[73.85554570000005, 18.55047330000002], [73.85563680000007, 18.55043470000004], [73.85611370000004, 18.550233300000055], [73.85612170000007, 18.550221500000074], [73.85612060000005, 18.550205600000023], [73.85601550000007, 18.550002800000073], [73.85599510000003, 18.549999100000036], [73.85579740000003, 18.550106800000037]]}, "properties": {}}, {"type": "Feature", "geometry": {"type": "LineString", "coordinates": [[73.94718660000007, 18.54228700000004], [73.94751020000007, 18.54239270000005], [73.94881850000007, 18.54284190000004], [73.94918550000006, 18.542961000000044], [73.94948380000005, 18.543075500000047], [73.94974440000004, 18.543272000000055], [73.95002940000006, 18.543381800000073]]}, "properties": {}}, {"type": "Feature", "geometry": {"type": "LineString", "coordinates": [[73.94881850000007, 18.54284190000004], [73.94877750000008, 18.54293840000002]]}, "properties": {}}, {"type": "Feature", "geometry": {"type": "LineString", "coordinates": [[73.94888720000006, 18.543472800000075], [73.94912010000007, 18.543565100000023], [73.94920150000007, 18.543583200000057], [73.94927100000008, 18.543572900000065], [73.94932550000004, 18.543519400000037], [73.94948210000007, 18.543255200000033], [73.94948180000006, 18.543199300000026], [73.94937490000007, 18.54313950000005], [73.94909270000005, 18.54303900000002], [73.94877750000008, 18.54293840000002], [73.94865600000003, 18.542899700000078], [73.94842680000005, 18.542812100000045]]}, "properties": {}}, {"type": "Feature", "geometry": {"type": "LineString", "coordinates": [[73.95114390000003, 18.54307560000007], [73.95130050000006, 18.543070000000053], [73.95154920000004, 18.54313280000002], [73.95161040000005, 18.54316240000003], [73.95168900000004, 18.543255900000073], [73.95175770000003, 18.543389200000036], [73.95179020000008, 18.543526100000065], [73.95182580000005, 18.543716200000063], [73.95187500000003, 18.543891200000076], [73.95192420000006, 18.54396050000003], [73.95199440000005, 18.544005800000036], [73.95202960000006, 18.544093000000032], [73.95202520000005, 18.54417820000003], [73.95199980000007, 18.54422650000004], [73.95196270000008, 18.544258900000045], [73.95185940000005, 18.544280700000062], [73.95172760000008, 18.54430840000003], [73.95164340000008, 18.544341800000048]]}, "properties": {}}, {"type": "Feature", "geometry": {"type": "LineString", "coordinates": [[73.94782210000005, 18.543645000000026], [73.94783030000008, 18.543726700000036], [73.94788910000005, 18.543787800000068], [73.94843820000006, 18.54377210000007], [73.94871320000004, 18.543766400000038], [73.94891440000004, 18.54376070000006], [73.94915680000008, 18.543757700000068], [73.94934200000006, 18.54375350000003]]}, "properties": {}}, {"type": "Feature", "geometry": {"type": "LineString", "coordinates": [[73.95199440000005, 18.544005800000036], [73.95206250000007, 18.543877200000054], [73.95214110000006, 18.54374170000005], [73.95228400000008, 18.543534900000047], [73.95250710000005, 18.54324830000007], [73.95271630000008, 18.542976200000055], [73.95282890000004, 18.542832500000028], [73.95290140000003, 18.542742200000077], [73.95292950000004, 18.54270150000008], [73.95302740000005, 18.542540100000053], [73.95314280000008, 18.542387500000075], [73.95322860000005, 18.542288300000045], [73.95329300000003, 18.542228500000018], [73.95338280000004, 18.542157300000042], [73.95343110000005, 18.542120500000067]]}, "properties": {}}, {"type": "Feature", "geometry": {"type": "LineString", "coordinates": [[73.95164340000008, 18.544341800000048], [73.95162600000003, 18.544290200000034], [73.95159240000004, 18.54422220000004], [73.95153340000007, 18.544137000000035], [73.95148370000004, 18.54406180000006], [73.95142930000003, 18.543981100000053], [73.95138020000007, 18.543913100000054], [73.95131430000004, 18.543844000000032], [73.95123890000008, 18.543743900000035]]}, "properties": {}}, {"type": "Feature", "geometry": {"type": "LineString", "coordinates": [[73.94679030000003, 18.543773300000055], [73.94667390000006, 18.544129800000057], [73.94666320000005, 18.544197000000054], [73.94668450000006, 18.544264100000074], [73.94675070000005, 18.54430470000005], [73.94682230000006, 18.54431920000008], [73.94692940000004, 18.544340800000043], [73.94715460000003, 18.54434260000005], [73.94791780000008, 18.544312000000048], [73.94885380000005, 18.544309100000078], [73.94956160000004, 18.544290700000033], [73.94968510000007, 18.54425360000005], [73.94973220000004, 18.544173200000046], [73.94977070000004, 18.543948700000044], [73.94977070000004, 18.543868100000047], [73.94973530000004, 18.543811100000024], [73.94964330000005, 18.543764100000033], [73.94934200000006, 18.54375350000003]]}, "properties": {}}, {"type": "Feature", "geometry": {"type": "LineString", "coordinates": [[73.95161380000008, 18.54444520000004], [73.95162000000005, 18.54439650000006], [73.95164340000008, 18.544341800000048]]}, "properties": {}}, {"type": "Feature", "geometry": {"type": "LineString", "coordinates": [[73.95151460000005, 18.546350700000062], [73.95153310000006, 18.546117800000044], [73.95161380000008, 18.54444520000004]]}, "properties": {}}, {"type": "Feature", "geometry": {"type": "LineString", "coordinates": [[73.87974850000006, 18.55295330000007], [73.87973640000008, 18.55282210000008], [73.87964820000008, 18.55249370000007], [73.87945510000003, 18.551945600000064], [73.87937350000004, 18.55171730000006], [73.87920150000008, 18.551236300000028], [73.87917430000005, 18.551160200000027], [73.87896620000004, 18.55060830000002], [73.87895670000006, 18.55058310000004], [73.87893210000004, 18.550517900000045], [73.87888730000003, 18.550415800000053], [73.87876640000007, 18.550140000000056], [73.87871820000004, 18.55003010000007], [73.87740280000008, 18.545574300000055], [73.87730900000008, 18.545213600000068], [73.87716090000004, 18.544888700000058]]}, "properties": {}}, {"type": "Feature", "geometry": {"type": "LineString", "coordinates": [[73.89649470000006, 18.55223050000006], [73.89639210000009, 18.55227330000002], [73.89625900000004, 18.552298800000074], [73.89599420000008, 18.55231630000003], [73.89549010000007, 18.552345500000058], [73.89517490000003, 18.552366600000024], [73.89328360000007, 18.55245420000005], [73.89282210000005, 18.552475600000037], [73.89259470000007, 18.552486100000067], [73.89166820000008, 18.55252930000006], [73.89156010000005, 18.552534300000048], [73.89144110000007, 18.55253800000003], [73.89123390000003, 18.552548100000024], [73.89055690000004, 18.552581000000036], [73.89021960000008, 18.552595000000053], [73.88965460000003, 18.55261840000003], [73.88953780000008, 18.55261550000006]]}, "properties": {}}, {"type": "Feature", "geometry": {"type": "LineString", "coordinates": [[73.88967840000004, 18.552704600000027], [73.89056490000007, 18.55266270000004], [73.89247060000008, 18.552572700000038], [73.89259790000006, 18.552567500000062], [73.89329100000003, 18.552536200000077], [73.89334200000008, 18.552533800000045], [73.89368060000004, 18.55251790000005], [73.89434740000007, 18.552486500000043], [73.89517980000005, 18.552447300000047], [73.89550540000005, 18.552426900000054], [73.89616060000003, 18.552386000000073], [73.89626460000005, 18.552379500000026], [73.89638050000008, 18.552364500000067], [73.89651830000008, 18.552327900000016], [73.89660110000005, 18.552276000000056]]}, "properties": {}}, {"type": "Feature", "geometry": {"type": "LineString", "coordinates": [[73.88872990000004, 18.546237200000064], [73.88874390000007, 18.546401100000026], [73.88876160000007, 18.54660910000007], [73.88877840000004, 18.54680620000005], [73.88879120000007, 18.54695650000002], [73.88883680000004, 18.547347800000065], [73.88887080000006, 18.547639700000047], [73.88888640000005, 18.54777390000004], [73.88891940000008, 18.548057800000038], [73.88898560000007, 18.548626400000046], [73.88899840000005, 18.548736100000042], [73.88902880000006, 18.54890090000004], [73.88904100000008, 18.548988300000076], [73.88909330000007, 18.54925030000004], [73.88912270000003, 18.549462300000073], [73.88915550000009, 18.549728900000044], [73.88921930000004, 18.550263500000028], [73.88925310000008, 18.550544000000055], [73.88935660000004, 18.55143580000004], [73.88946750000008, 18.552277300000075], [73.88947810000008, 18.552339800000023], [73.88951610000004, 18.552531200000036], [73.88953780000008, 18.55261550000006], [73.88956610000008, 18.55271940000006], [73.88958270000006, 18.552785100000047], [73.88963220000005, 18.55296110000006], [73.88964840000006, 18.553023800000062], [73.88968120000004, 18.55315480000007], [73.88997660000007, 18.55422830000003], [73.89001880000006, 18.554396300000068], [73.89011040000008, 18.554731500000056], [73.89015290000003, 18.55488990000003]]}, "properties": {}}, {"type": "Feature", "geometry": {"type": "LineString", "coordinates": [[73.89027300000004, 18.554869200000045], [73.89022050000005, 18.554704800000025], [73.89012920000005, 18.55437030000007], [73.89008700000005, 18.554202200000077], [73.89000210000006, 18.55389360000004], [73.88986650000004, 18.553400800000077], [73.88979140000004, 18.553128000000072], [73.88969300000008, 18.55275890000007], [73.88967840000004, 18.552704600000027], [73.88965460000003, 18.55261840000003], [73.88962730000003, 18.55250840000003], [73.88959110000008, 18.55232860000007], [73.8895843000001, 18.552287700000022], [73.88951910000003, 18.551765900000078], [73.88946280000005, 18.55131550000004], [73.88936580000006, 18.55053920000006], [73.88933120000007, 18.55024960000003], [73.88923550000004, 18.54944910000006], [73.88920580000007, 18.549234300000027], [73.88917180000004, 18.549042200000027], [73.88915940000005, 18.548971300000062], [73.88914080000006, 18.54888200000005], [73.88911110000004, 18.548720900000028], [73.88908910000004, 18.54851580000007], [73.88907520000004, 18.548412800000044], [73.88904350000007, 18.548140900000075], [73.88901060000006, 18.54785270000008], [73.8889763000001, 18.547528000000053]]}, "properties": {}}, {"type": "Feature", "geometry": {"type": "MultiLineString", "coordinates": [[[73.88965410000003, 18.551788000000045], [73.88978000000003, 18.551803900000042]], [[73.88978000000003, 18.551803900000042], [73.88981420000005, 18.551811100000066], [73.89080530000007, 18.551772000000028], [73.89085530000006, 18.551737800000073], [73.89080970000003, 18.55083070000006], [73.89077030000004, 18.55077020000005], [73.88970270000004, 18.550865400000077], [73.88967500000007, 18.550931300000062], [73.88972050000007, 18.55134900000007], [73.88978000000003, 18.551803900000042]]]}, "properties": {}}, {"type": "Feature", "geometry": {"type": "LineString", "coordinates": [[73.8731810910534, 18.552393980842318], [73.87325940000005, 18.552348800000065], [73.87330830000008, 18.55232050000006], [73.87335680000007, 18.552292500000082], [73.87346440000005, 18.552230400000035], [73.87358630000006, 18.552208700000048], [73.87386250000003, 18.552212400000027], [73.87553470000006, 18.55238870000005], [73.87641680000007, 18.55248160000008], [73.87718290000005, 18.552575000000047], [73.87812170000007, 18.552689700000023], [73.87919730000004, 18.55282070000004], [73.87929680000009, 18.55284380000006], [73.87963640000004, 18.55292260000004]]}, "properties": {}}, {"type": "Feature", "geometry": {"type": "LineString", "coordinates": [[73.87868010000005, 18.550154000000074], [73.87885250000005, 18.550547000000048], [73.87888510000005, 18.550633500000053], [73.87909370000006, 18.551186700000073], [73.87937410000006, 18.551970900000068], [73.87954650000006, 18.552510000000037], [73.87961860000007, 18.55279400000006], [73.87963640000004, 18.55292260000004]]}, "properties": {}}, {"type": "Feature", "geometry": {"type": "LineString", "coordinates": [[73.87965850000006, 18.553082800000027], [73.87949750000007, 18.553095200000026], [73.87945970000004, 18.553144500000027], [73.87936160000004, 18.553401100000023], [73.87910490000007, 18.554072300000026], [73.87905880000005, 18.554173600000066]]}, "properties": {}}, {"type": "Feature", "geometry": {"type": "LineString", "coordinates": [[73.88152420000006, 18.553772200000022], [73.88149160000006, 18.553800600000045], [73.88146700000004, 18.55382390000005], [73.88142310000006, 18.553870600000042], [73.88137740000008, 18.553913900000055], [73.88133260000006, 18.553941400000035], [73.88129910000005, 18.55394130000008], [73.88127540000005, 18.553963900000042], [73.88122260000006, 18.554020600000058], [73.88118400000008, 18.554065600000055], [73.88112770000004, 18.554128900000023], [73.88104400000003, 18.55418880000008], [73.88098360000004, 18.554248900000054], [73.88095010000006, 18.55427720000005], [73.88091670000006, 18.554292200000074], [73.88088170000003, 18.554260600000077], [73.88083760000006, 18.55420390000006], [73.88079370000008, 18.554162200000064], [73.88074790000007, 18.554123900000036], [73.88070930000004, 18.554087300000045], [73.88066530000003, 18.55403220000005], [73.88061680000004, 18.553956400000057], [73.88056350000005, 18.553889000000026], [73.88052210000006, 18.553845500000026], [73.88050430000004, 18.553806200000054], [73.88050430000004, 18.55377110000006], [73.88049390000003, 18.55373180000004], [73.88047770000003, 18.55369680000007], [73.88045550000004, 18.553653200000042], [73.88041990000006, 18.55360970000003], [73.88038620000003, 18.553580500000066]]}, "properties": {}}, {"type": "Feature", "geometry": {"type": "LineString", "coordinates": [[73.88117580000005, 18.555166000000042], [73.88119230000007, 18.555072200000037], [73.88116190000005, 18.554985900000077], [73.88111520000007, 18.55490400000002], [73.88102180000004, 18.554768900000052], [73.88088410000006, 18.554558600000064], [73.88055020000007, 18.55410040000004], [73.88027930000004, 18.55372850000003], [73.88013920000003, 18.553558100000032], [73.88002950000003, 18.553443000000076], [73.87989640000006, 18.553312400000042], [73.87983330000003, 18.55323710000005], [73.87978660000005, 18.55316630000004], [73.87976330000004, 18.553106500000066], [73.87975630000005, 18.553044500000052], [73.87974850000006, 18.55295330000007]]}, "properties": {}}, {"type": "Feature", "geometry": {"type": "LineString", "coordinates": [[73.88091670000006, 18.554292200000074], [73.88091710000003, 18.55432260000003], [73.88091710000003, 18.554351100000076], [73.88092770000003, 18.554381100000054], [73.88094180000007, 18.55440790000006], [73.88096470000005, 18.554439600000027], [73.88098940000003, 18.55446810000006], [73.88101940000007, 18.554484800000065]]}, "properties": {}}, {"type": "Feature", "geometry": {"type": "LineString", "coordinates": [[73.88158670000007, 18.555504300000045], [73.88124850000008, 18.555310200000065], [73.88116870000005, 18.555213000000037]]}, "properties": {}}, {"type": "Feature", "geometry": {"type": "LineString", "coordinates": [[73.87959580000006, 18.553696900000034], [73.87940100000003, 18.554222200000027]]}, "properties": {}}, {"type": "Feature", "geometry": {"type": "LineString", "coordinates": [[73.87963640000004, 18.55292260000004], [73.87965850000006, 18.553082800000027], [73.87970630000007, 18.553210700000008], [73.87983120000007, 18.553378200000047], [73.88000810000005, 18.55356380000006], [73.88053110000004, 18.554236400000033], [73.88098540000004, 18.55486310000003], [73.88108710000006, 18.55501330000004], [73.88110730000005, 18.55505120000004], [73.88117580000005, 18.555166000000042]]}, "properties": {}}, {"type": "Feature", "geometry": {"type": "LineString", "coordinates": [[73.87970310000003, 18.55437510000007], [73.87984530000006, 18.554012100000026]]}, "properties": {}}, {"type": "Feature", "geometry": {"type": "LineString", "coordinates": [[73.87936160000004, 18.553401100000023], [73.87959580000006, 18.553696900000034], [73.87984530000006, 18.554012100000026], [73.88033970000004, 18.55463640000005], [73.88056750000004, 18.554939000000047], [73.88088400000005, 18.555093800000066], [73.88092760000006, 18.555112700000045], [73.88097190000008, 18.55511970000003], [73.88117580000005, 18.555166000000042]]}, "properties": {}}, {"type": "Feature", "geometry": {"type": "LineString", "coordinates": [[73.88033970000004, 18.55463640000005], [73.87978830000003, 18.55443370000006], [73.87970310000003, 18.55437510000007], [73.87940100000003, 18.554222200000027], [73.87910490000007, 18.554072300000026]]}, "properties": {}}, {"type": "Feature", "geometry": {"type": "LineString", "coordinates": [[73.88036970000007, 18.55523890000006], [73.88060040000005, 18.55523220000003], [73.88075380000004, 18.55507190000003], [73.87875570000006, 18.55421540000003]]}, "properties": {}}, {"type": "Feature", "geometry": {"type": "LineString", "coordinates": [[73.88036970000007, 18.55523890000006], [73.87970120000006, 18.555021700000054], [73.87859060000005, 18.555176800000027], [73.87854250000004, 18.555227400000035], [73.87862970000003, 18.555559800000026]]}, "properties": {}}, {"type": "Feature", "geometry": {"type": "LineString", "coordinates": [[73.87570540000009, 18.55685380000005], [73.87555420000007, 18.556521300000043], [73.87537780000008, 18.55619470000005], [73.87497950000005, 18.555457300000047], [73.87494860000005, 18.555380800000016], [73.87492010000005, 18.555310300000027], [73.87488090000005, 18.555200300000024], [73.87486590000003, 18.555137700000046], [73.87482500000004, 18.554995000000076], [73.87481000000008, 18.55493340000003], [73.87477610000008, 18.554793700000058], [73.87458640000006, 18.554029400000047], [73.87454730000007, 18.55390330000006], [73.87450550000005, 18.55381040000003], [73.87444130000006, 18.553705300000043], [73.87437380000006, 18.55361550000004], [73.87407140000005, 18.553218100000038], [73.87401090000003, 18.553121200000085], [73.87381940000006, 18.552808100000046], [73.87346440000005, 18.552230400000035], [73.87340250000005, 18.552132000000032]]}, "properties": {}}, {"type": "Feature", "geometry": {"type": "LineString", "coordinates": [[73.87492010000005, 18.555310300000027], [73.87481220000006, 18.55534330000006], [73.87475060000008, 18.555345100000068], [73.87467670000007, 18.555309000000026], [73.87455107726456, 18.555245359304582]]}, "properties": {}}, {"type": "Feature", "geometry": {"type": "LineString", "coordinates": [[73.87459597019868, 18.555378085849576], [73.87467380000004, 18.55541630000005], [73.87473370000004, 18.555445400000057], [73.87479340000004, 18.555435000000045], [73.87484610000007, 18.555414500000037], [73.87494860000005, 18.555380800000016]]}, "properties": {}}, {"type": "Feature", "geometry": {"type": "LineString", "coordinates": [[73.87497950000005, 18.555457300000047], [73.87510620000008, 18.555386800000065], [73.87622120000003, 18.555027300000063], [73.87634430000008, 18.554987600000064], [73.87666180000008, 18.55488520000006], [73.87691880000006, 18.55482440000003], [73.87723560000006, 18.554749300000026], [73.87796690000005, 18.554605700000028]]}, "properties": {}}, {"type": "Feature", "geometry": {"type": "LineString", "coordinates": [[73.87492010000005, 18.555310300000027], [73.87502470000004, 18.555279000000038], [73.87612870000004, 18.55494850000002]]}, "properties": {}}, {"type": "Feature", "geometry": {"type": "LineString", "coordinates": [[73.88961340000003, 18.551256000000024], [73.88965410000003, 18.551788000000045], [73.88969470000006, 18.552317700000057], [73.88971770000006, 18.552358200000068], [73.88975810000005, 18.552384500000066], [73.88981870000003, 18.552382100000045], [73.89050100000003, 18.552351400000077]]}, "properties": {}}, {"type": "Feature", "geometry": {"type": "LineString", "coordinates": [[73.88975580000005, 18.553135000000054], [73.88966370000004, 18.55280010000007], [73.88959500000004, 18.55253360000006], [73.88955850000008, 18.552368900000037], [73.88948560000006, 18.551793200000077], [73.88936540000003, 18.550861500000057], [73.88933860000004, 18.55060210000005]]}, "properties": {}}, {"type": "Feature", "geometry": {"type": "LineString", "coordinates": [[73.88930650000003, 18.550621200000023], [73.88938750000005, 18.55138560000006], [73.88951410000004, 18.552327400000024], [73.88962560000004, 18.55280750000003], [73.88971780000003, 18.553146300000037]]}, "properties": {}}, {"type": "Feature", "geometry": {"type": "LineString", "coordinates": [[73.88947810000008, 18.552339800000023], [73.88959110000008, 18.55232860000007]]}, "properties": {}}, {"type": "Feature", "geometry": {"type": "LineString", "coordinates": [[73.89123390000003, 18.552548100000024], [73.89118910000008, 18.552500000000066], [73.89109380000008, 18.552401300000042], [73.89027280000005, 18.55243900000005], [73.89023680000008, 18.552544500000067], [73.89021960000008, 18.552595000000053]]}, "properties": {}}, {"type": "Feature", "geometry": {"type": "LineString", "coordinates": [[73.88953780000008, 18.55261550000006], [73.88909910000007, 18.55266290000003], [73.88859020000007, 18.55271800000003], [73.88806350000004, 18.55277500000005], [73.88689800000003, 18.55290110000004], [73.88661420000005, 18.55294310000005], [73.88528320000006, 18.553141300000046], [73.88483860000008, 18.55320650000005], [73.88479830000006, 18.55321380000004], [73.88447950000005, 18.553271500000044], [73.88415060000005, 18.55333190000005], [73.88388920000006, 18.553346800000043], [73.88312200000007, 18.553309000000066], [73.88301660000008, 18.553303800000037], [73.88250880000004, 18.55323410000005], [73.88235580000008, 18.553213000000024], [73.88226100000003, 18.553206100000068], [73.88060980000006, 18.552973200000057], [73.88018470000003, 18.552914800000053], [73.87993070000005, 18.552879900000054], [73.87973640000008, 18.55282210000008], [73.87961860000007, 18.55279400000006]]}, "properties": {}}, {"type": "Feature", "geometry": {"type": "LineString", "coordinates": [[73.88859020000007, 18.55271800000003], [73.88860220000004, 18.552413800000064], [73.88862630000006, 18.552210300000066], [73.88866470000005, 18.551880900000075], [73.88867360000006, 18.551716200000044], [73.88867050000005, 18.551606800000055], [73.88864470000004, 18.551485400000047]]}, "properties": {}}, {"type": "Feature", "geometry": {"type": "LineString", "coordinates": [[73.88862630000006, 18.552210300000066], [73.88871500000005, 18.55226020000004], [73.88885720000007, 18.552359400000054]]}, "properties": {}}, {"type": "Feature", "geometry": {"type": "LineString", "coordinates": [[73.88885720000007, 18.552359400000054], [73.88900480000007, 18.552463700000033], [73.88905140000008, 18.55252220000006], [73.88908720000006, 18.552606700000073], [73.88909910000007, 18.55266290000003]]}, "properties": {}}, {"type": "Feature", "geometry": {"type": "LineString", "coordinates": [[73.88939270000003, 18.553032900000055], [73.88937840000006, 18.55305440000006]]}, "properties": {}}, {"type": "Feature", "geometry": {"type": "LineString", "coordinates": [[73.88941330000006, 18.553070100000074], [73.88937840000006, 18.55305440000006]]}, "properties": {}}, {"type": "Feature", "geometry": {"type": "LineString", "coordinates": [[73.88963220000005, 18.55296110000006], [73.88958890000004, 18.552974100000025], [73.88939270000003, 18.553032900000055]]}, "properties": {}}, {"type": "Feature", "geometry": {"type": "LineString", "coordinates": [[73.88964840000006, 18.553023800000062], [73.88959870000008, 18.553033500000026], [73.88941330000006, 18.553070100000074]]}, "properties": {}}, {"type": "Feature", "geometry": {"type": "LineString", "coordinates": [[73.89030560000003, 18.555101700000023], [73.89006280000007, 18.55424850000003], [73.88980530000003, 18.55331480000006], [73.88975580000005, 18.553135000000054]]}, "properties": {}}, {"type": "Feature", "geometry": {"type": "LineString", "coordinates": [[73.88971780000003, 18.553146300000037], [73.88985100000008, 18.55363550000004], [73.89003550000007, 18.55431290000007], [73.89025540000006, 18.555106100000042]]}, "properties": {}}, {"type": "Feature", "geometry": {"type": "LineString", "coordinates": [[73.89000210000006, 18.55389360000004], [73.89011140000008, 18.553880400000025], [73.89032540000005, 18.553854600000022], [73.89037370000005, 18.553887700000075], [73.89039950000006, 18.55393560000004], [73.89057960000008, 18.554714800000056], [73.89059940000004, 18.554800500000056]]}, "properties": {}}, {"type": "Feature", "geometry": {"type": "LineString", "coordinates": [[73.87963640000004, 18.55292260000004], [73.87974850000006, 18.55295330000007], [73.87990890000003, 18.552985800000044], [73.88300550000008, 18.55341120000003], [73.88310730000006, 18.553416200000065], [73.88388970000005, 18.55345470000003], [73.88416480000006, 18.55343910000004], [73.88450100000006, 18.553377400000045], [73.88471070000008, 18.553339400000024], [73.88485810000003, 18.55331270000005], [73.88530350000008, 18.55324840000003], [73.88661700000006, 18.553051800000052], [73.88691320000004, 18.553007900000072], [73.88956610000008, 18.55271940000006], [73.88967840000004, 18.552704600000027]]}, "properties": {}}, {"type": "Feature", "geometry": {"type": "LineString", "coordinates": [[73.88848700000005, 18.553073900000072], [73.88843430000003, 18.553082200000063], [73.88838860000004, 18.553112200000044], [73.88833230000006, 18.553180500000053], [73.88831120000003, 18.553223900000035], [73.88824090000008, 18.553237200000066], [73.88813360000006, 18.553248900000025], [73.88804570000008, 18.55328390000005], [73.88802990000005, 18.55331550000005], [73.88801760000007, 18.55336390000002], [73.88800000000003, 18.55340050000006], [73.88795610000005, 18.553390500000035], [73.88790160000008, 18.553372200000066], [73.88783830000006, 18.55335550000006], [73.88777680000004, 18.553355500000066], [73.88771170000007, 18.55337720000005], [73.88766600000008, 18.553395500000022], [73.88763960000006, 18.55345220000004], [73.88761150000005, 18.55349890000002], [73.88760100000007, 18.55354050000005], [73.88759040000008, 18.553580600000032], [73.88758160000003, 18.553612200000032], [73.88757280000004, 18.553650600000026], [73.88756580000006, 18.55370890000006], [73.88754820000008, 18.553758900000044], [73.88753770000005, 18.553797200000076], [73.88751830000007, 18.55384060000006], [73.88748670000007, 18.55386560000005], [73.88745150000005, 18.553892200000067], [73.88741280000005, 18.553913900000055], [73.88735130000003, 18.553933900000057], [73.88728630000008, 18.553963900000042], [73.88719840000005, 18.553995600000064], [73.88715790000003, 18.554010600000026], [73.88710690000005, 18.554023900000065], [73.88709260000007, 18.55402390000006], [73.88708230000003, 18.55402390000006], [73.88703660000004, 18.554027200000057], [73.88695570000004, 18.55404220000003], [73.88692590000005, 18.55407720000005], [73.88687660000005, 18.554105600000067], [73.88680810000005, 18.55412890000002], [73.88674650000007, 18.554170600000074], [73.88667620000007, 18.554197200000033], [73.88656900000007, 18.55426560000007], [73.88647400000008, 18.554333900000078], [73.88640190000007, 18.55437890000007], [73.88632630000006, 18.554423900000074], [73.88623490000003, 18.554472200000077], [73.88614880000006, 18.554530600000078], [73.88608370000003, 18.55457220000005], [73.88606890000005, 18.554580200000032], [73.88605140000004, 18.554589700000058], [73.88599580000005, 18.554628900000065], [73.88590440000007, 18.554683900000047], [73.88581830000004, 18.55473390000003], [73.88572680000004, 18.554798900000037], [73.88567760000007, 18.554825600000072], [73.88563540000007, 18.554872200000037], [73.88560200000006, 18.554928900000046], [73.88554750000004, 18.55498220000004], [73.88553350000007, 18.555020600000034], [73.88546310000004, 18.555075600000066], [73.88535060000004, 18.55515220000007], [73.88524860000007, 18.555218900000057], [73.88514320000007, 18.555265600000045], [73.88501660000003, 18.55531390000004], [73.88493390000008, 18.55536890000008], [73.88485130000004, 18.55542390000005], [73.88475990000006, 18.555492200000064], [73.88465620000005, 18.55553890000004], [73.88454540000004, 18.55560720000005], [73.88442230000004, 18.555672200000057], [73.88433440000006, 18.555722300000067], [73.88428700000003, 18.55574730000006], [73.88420960000008, 18.555748900000022], [73.88415340000006, 18.555740600000036], [73.88408660000005, 18.555705600000067], [73.88406190000006, 18.555675600000022], [73.88402150000007, 18.555622200000073], [73.88395650000007, 18.55556060000003], [73.88382280000008, 18.555448900000044], [73.88371740000008, 18.555357200000056], [73.88365410000006, 18.555272200000044], [73.88353280000007, 18.555162200000037], [73.88344840000008, 18.555083900000053], [73.88336220000008, 18.555043900000044], [73.88325670000006, 18.55499890000004], [73.88314950000006, 18.554945600000046], [73.88306690000007, 18.554902200000072], [73.88296140000006, 18.554860600000044], [73.88290340000003, 18.554838900000053], [73.88280490000005, 18.554822200000036], [73.88273460000005, 18.55479390000005], [73.88267660000008, 18.554738900000068], [73.88262030000004, 18.554685600000028], [73.88256230000007, 18.554640600000027], [73.88248670000009, 18.554603900000068], [73.88241990000006, 18.554585600000053], [73.88236360000008, 18.55456720000007], [73.88230040000008, 18.554513900000074], [73.88226170000007, 18.554470600000055], [73.88220540000003, 18.554415600000027], [73.88212980000003, 18.554342200000065], [73.88207360000008, 18.55427390000005], [73.88203310000006, 18.554205600000042], [73.88201910000004, 18.554188900000042], [73.88199620000006, 18.55415060000007], [73.88196100000006, 18.554102200000035], [73.88189070000004, 18.554053900000042], [73.88181860000003, 18.55400390000005], [73.88178520000008, 18.55395560000005], [73.88174830000008, 18.553908900000064], [73.88170440000005, 18.553867200000074], [73.88163050000003, 18.553827200000057], [73.88159840000003, 18.553816400000073]]}, "properties": {}}, {"type": "Feature", "geometry": {"type": "LineString", "coordinates": [[73.88244090000006, 18.55562630000003], [73.88256080000008, 18.555661100000066], [73.88416110000004, 18.556350000000062], [73.88466310000007, 18.556567800000042]]}, "properties": {}}, {"type": "Feature", "geometry": {"type": "LineString", "coordinates": [[73.88466310000007, 18.556567800000042], [73.88432540000008, 18.557255500000053]]}, "properties": {}}, {"type": "Feature", "geometry": {"type": "LineString", "coordinates": [[73.88517560000008, 18.557095400000037], [73.88520510000006, 18.55706620000007], [73.88524400000006, 18.55706360000005], [73.88618950000006, 18.557498400000043], [73.88610360000007, 18.557717100000048]]}, "properties": {}}, {"type": "Feature", "geometry": {"type": "LineString", "coordinates": [[73.88937840000006, 18.55305440000006], [73.88913270000006, 18.553118200000025]]}, "properties": {}}, {"type": "Feature", "geometry": {"type": "LineString", "coordinates": [[73.88739850000007, 18.558572200000068], [73.88726580000008, 18.55831780000005], [73.88724670000005, 18.558261500000064], [73.88725820000008, 18.558212400000063], [73.88733100000007, 18.558009000000027]]}, "properties": {}}, {"type": "Feature", "geometry": {"type": "LineString", "coordinates": [[73.88818700000007, 18.559859900000053], [73.88807440000005, 18.559814200000062], [73.88802820000006, 18.55977840000003], [73.88775870000006, 18.55926220000004], [73.88739850000007, 18.558572200000068], [73.88714130000005, 18.558674100000076], [73.88665420000007, 18.558890000000076], [73.88663170000007, 18.558918900000037], [73.88663440000005, 18.558955900000058], [73.88680410000006, 18.559317500000077], [73.88680740000007, 18.559343400000042], [73.88678730000004, 18.559359700000076], [73.88667510000005, 18.55940090000007]]}, "properties": {}}, {"type": "Feature", "geometry": {"type": "LineString", "coordinates": [[73.88680410000006, 18.559317500000077], [73.88691270000004, 18.55929890000004], [73.88704690000003, 18.55924260000006], [73.88708900000006, 18.55922440000006], [73.88714840000006, 18.559226200000065], [73.88719440000006, 18.55925350000007], [73.88736110000008, 18.559295300000034], [73.88749150000007, 18.559298900000044], [73.88763520000003, 18.55929530000003], [73.88775870000006, 18.55926220000004]]}, "properties": {}}, {"type": "Feature", "geometry": {"type": "LineString", "coordinates": [[73.89702020000004, 18.55663250000003], [73.89740450000005, 18.556613600000052]]}, "properties": {}}, {"type": "Feature", "geometry": {"type": "LineString", "coordinates": [[73.89797290000007, 18.56093320000002], [73.89793290000006, 18.560846300000037], [73.89780240000005, 18.560562600000022], [73.89774600000004, 18.560440000000025], [73.89752140000007, 18.559951600000034], [73.89750080000005, 18.559871800000057], [73.89749300000005, 18.559841600000027], [73.89748000000003, 18.55975640000003], [73.89747170000004, 18.559702500000068], [73.89742900000005, 18.559342000000072], [73.89737580000008, 18.558892700000055], [73.89736080000006, 18.558766100000067], [73.89734280000006, 18.55861370000002], [73.89732710000004, 18.55848150000003], [73.89724200000008, 18.55776310000004], [73.89718750000003, 18.557480400000035], [73.89712440000005, 18.55715320000007], [73.89707210000006, 18.556882200000075], [73.89702020000004, 18.55663250000003], [73.89698240000007, 18.55641730000007], [73.89695210000008, 18.556259900000043], [73.89691280000005, 18.55605650000006], [73.89690000000007, 18.55599010000003], [73.89688440000003, 18.555875500000067], [73.89685280000003, 18.555688500000027], [73.89683320000006, 18.555581000000075], [73.89680980000003, 18.555462900000062], [73.8967984000001, 18.555380100000036], [73.89679400000006, 18.555348600000055], [73.89679020000005, 18.555252900000028], [73.89678730000003, 18.555180300000078], [73.89678970000006, 18.555029400000024], [73.89679730000006, 18.55454240000006], [73.89679810000007, 18.554490100000066], [73.89680380000004, 18.55413060000006], [73.89680430000006, 18.55409790000004], [73.89680680000004, 18.55394150000006], [73.89680740000006, 18.553904200000037], [73.89682080000006, 18.55362800000006], [73.89685500000007, 18.553200500000056], [73.89687880000008, 18.552902000000074], [73.89689940000005, 18.55264430000005], [73.89691400000005, 18.552462100000067]]}, "properties": {}}, {"type": "Feature", "geometry": {"type": "LineString", "coordinates": [[73.89904360000008, 18.55672660000004], [73.89854910000008, 18.556710200000055], [73.89843220000006, 18.55672170000003], [73.89840410000005, 18.556781700000045], [73.89846380000006, 18.55725570000004], [73.89857420000004, 18.55734730000006], [73.89872780000007, 18.55732990000007], [73.89883400000008, 18.557229000000063]]}, "properties": {}}, {"type": "Feature", "geometry": {"type": "LineString", "coordinates": [[73.87862970000003, 18.555559800000026], [73.87957390000008, 18.55538300000006], [73.88036970000007, 18.55523890000006]]}, "properties": {}}, {"type": "Feature", "geometry": {"type": "LineString", "coordinates": [[73.88117580000005, 18.555166000000042], [73.88116870000005, 18.555213000000037], [73.88115970000007, 18.555255500000044], [73.88113920000006, 18.555352100000043], [73.88109580000008, 18.555422800000034], [73.88105730000007, 18.555455100000074], [73.87981940000003, 18.555723400000037], [73.87872770000007, 18.555960100000043], [73.87861140000007, 18.555985300000025], [73.87854710000005, 18.555999200000027], [73.87843730000003, 18.556023000000042], [73.87805740000005, 18.556112300000052], [73.87782090000007, 18.556187500000078], [73.87774300000007, 18.556212200000058], [73.87751710000003, 18.55627880000003], [73.87712620000008, 18.556417500000062], [73.87701050000004, 18.556455500000023], [73.87694940000006, 18.55647550000003], [73.87669000000005, 18.556560500000042], [73.87632680000007, 18.556668700000042], [73.87570540000009, 18.55685380000005]]}, "properties": {}}, {"type": "Feature", "geometry": {"type": "LineString", "coordinates": [[73.87925700000005, 18.568994800000038], [73.87932740000008, 18.568753100000034], [73.87944780000004, 18.568259200000053], [73.87950290000003, 18.567965600000036], [73.87954310000003, 18.567734500000025], [73.87954980000006, 18.567562300000077], [73.87952530000007, 18.567407200000048], [73.87949080000004, 18.567273000000053], [73.87940010000005, 18.567124700000022], [73.87930880000005, 18.56701790000005], [73.87919510000006, 18.566903400000058], [73.87773310000006, 18.56539820000006], [73.87752730000005, 18.565180400000028], [73.87740360000004, 18.565038800000025], [73.87730240000008, 18.56490930000007], [73.87717710000004, 18.564700700000056], [73.87710160000006, 18.56454080000003], [73.87705180000006, 18.564350400000023], [73.87699390000006, 18.56409460000003], [73.87693290000004, 18.563793100000055], [73.87659710000008, 18.561087000000043], [73.87634250000008, 18.55942820000007], [73.87604850000008, 18.55831650000005], [73.87561800000003, 18.557061700000077], [73.87555090000006, 18.556909200000064], [73.87541080000005, 18.55659110000005], [73.87482980000004, 18.555511500000023], [73.87479340000004, 18.555435000000045], [73.87475060000008, 18.555345100000068], [73.87474580000008, 18.555334900000048], [73.87471610000006, 18.555251200000036], [73.87469350000003, 18.555187300000057], [73.87465040000006, 18.555036600000047], [73.87463740000004, 18.55498300000005], [73.87460040000008, 18.55483090000007], [73.87442710000005, 18.55407090000005], [73.87439170000005, 18.553958900000055], [73.87435880000004, 18.553878200000046], [73.87430420000004, 18.553779200000065], [73.87425360000003, 18.55370230000005], [73.87395880000008, 18.553299600000063], [73.87330830000008, 18.55232050000006], [73.87324420000004, 18.55222410000005], [73.87282210000006, 18.55160860000007], [73.87271280000004, 18.551445700000045], [73.87133610000006, 18.549130500000047]]}, "properties": {}}, {"type": "Feature", "geometry": {"type": "LineString", "coordinates": [[73.94232490000007, 18.571816400000042], [73.94345990000005, 18.572035700000068], [73.94378890000009, 18.572106900000048], [73.94381350000003, 18.572115600000075], [73.94382590000004, 18.572139000000046], [73.94382590000004, 18.572165300000044], [73.94369640000008, 18.572702700000036], [73.94368410000004, 18.572726000000042], [73.94365640000007, 18.572734800000035], [73.94331670000008, 18.572662000000033], [73.94313880000004, 18.57262380000003]]}, "properties": {}}, {"type": "Feature", "geometry": {"type": "LineString", "coordinates": [[73.94580420000005, 18.568800600000035], [73.94585330000007, 18.56892790000006], [73.94587220000005, 18.56904910000003], [73.94593320000008, 18.56911100000007], [73.94598110000004, 18.569168900000026], [73.94600000000008, 18.56922670000006], [73.94602760000004, 18.56930100000005], [73.94601160000008, 18.569345100000074], [73.94594920000003, 18.56938500000007], [73.94590850000003, 18.56937260000007]]}, "properties": {}}, {"type": "Feature", "geometry": {"type": "LineString", "coordinates": [[73.94331670000008, 18.572662000000033], [73.94345990000005, 18.572035700000068]]}, "properties": {}}, {"type": "Feature", "geometry": {"type": "LineString", "coordinates": [[73.89712440000005, 18.55715320000007], [73.89737210000004, 18.55712170000004], [73.89797530000006, 18.55703720000002]]}, "properties": {}}, {"type": "Feature", "geometry": {"type": "LineString", "coordinates": [[73.89791030000004, 18.55660550000005], [73.89794400000007, 18.55681800000007], [73.89797530000006, 18.55703720000002], [73.89807240000005, 18.558038800000073]]}, "properties": {}}, {"type": "Feature", "geometry": {"type": "MultiLineString", "coordinates": [[[73.89737160000004, 18.55713520000006], [73.89747100000005, 18.55724400000003], [73.89751720000004, 18.557257800000063]], [[73.89751720000004, 18.557257800000063], [73.89761700000008, 18.557334600000043], [73.89765620000004, 18.55761340000004], [73.89781350000004, 18.557602400000064], [73.89771780000008, 18.557273400000042], [73.89751720000004, 18.557257800000063]]]}, "properties": {}}, {"type": "Feature", "geometry": {"type": "LineString", "coordinates": [[73.89855740000007, 18.558032000000026], [73.89832200000006, 18.556729100000034]]}, "properties": {}}, {"type": "Feature", "geometry": {"type": "LineString", "coordinates": [[73.89750100000003, 18.558368400000063], [73.89740550000006, 18.55771120000002], [73.89736540000007, 18.557480500000057], [73.89736240000008, 18.55740740000005], [73.89737160000004, 18.55713520000006], [73.89737210000004, 18.55712170000004]]}, "properties": {}}, {"type": "Feature", "geometry": {"type": "LineString", "coordinates": [[73.89807240000005, 18.558038800000073], [73.89810410000007, 18.558095000000034], [73.89816520000005, 18.55815220000005], [73.89820960000003, 18.55815840000003], [73.89823820000004, 18.55815100000007], [73.89844780000004, 18.558116300000048], [73.89852920000004, 18.558108100000023], [73.89855740000007, 18.558032000000026]]}, "properties": {}}, {"type": "Feature", "geometry": {"type": "LineString", "coordinates": [[73.89736080000006, 18.558766100000067], [73.89757540000005, 18.558735000000073], [73.89796790000008, 18.55868030000004], [73.89821910000006, 18.558641600000048], [73.8985079000001, 18.558596400000052], [73.89905460000006, 18.558510700000056]]}, "properties": {}}, {"type": "Feature", "geometry": {"type": "LineString", "coordinates": [[73.88510420000006, 18.55789480000004], [73.88512390000005, 18.55769520000007], [73.88517560000008, 18.557095400000037]]}, "properties": {}}, {"type": "Feature", "geometry": {"type": "LineString", "coordinates": [[73.88508650000006, 18.558092900000076], [73.88509420000008, 18.55800650000003], [73.88510420000006, 18.55789480000004]]}, "properties": {}}, {"type": "Feature", "geometry": {"type": "MultiLineString", "coordinates": [[[73.88509000000005, 18.55868070000002], [73.88514640000005, 18.558674900000025], [73.88519930000007, 18.558669400000046]], [[73.88519930000007, 18.558669400000046], [73.88520510000006, 18.55882830000007], [73.88523410000005, 18.558862600000054], [73.88527210000007, 18.55887660000008], [73.88585420000004, 18.558950300000046], [73.88589130000008, 18.55893640000005], [73.88591860000008, 18.558902000000046], [73.88591360000004, 18.558632500000044], [73.88588320000008, 18.558595600000046], [73.88530970000005, 18.55849520000004], [73.88526370000005, 18.558499100000063], [73.88522390000003, 18.558528200000065], [73.88519930000007, 18.558669400000046]]]}, "properties": {}}, {"type": "Feature", "geometry": {"type": "LineString", "coordinates": [[73.88508540000004, 18.56055590000005], [73.88511690000007, 18.560495100000026], [73.88511040000003, 18.560123400000066], [73.88510800000006, 18.55998960000005], [73.88510580000008, 18.55980300000004], [73.88510260000004, 18.55964030000007], [73.88509070000003, 18.559089300000043], [73.88509000000005, 18.55868070000002], [73.88510320000006, 18.558477400000076], [73.88511720000008, 18.558158900000024], [73.88508650000006, 18.558092900000076]]}, "properties": {}}, {"type": "Feature", "geometry": {"type": "LineString", "coordinates": [[73.88508650000006, 18.558092900000076], [73.88504270000004, 18.558151000000066], [73.88501060000004, 18.559092900000053], [73.88500980000003, 18.559648400000068], [73.88501460000003, 18.559808400000065], [73.88501800000006, 18.559991900000053], [73.88502250000005, 18.560130000000076], [73.88503460000004, 18.560496500000056], [73.88508540000004, 18.56055590000005]]}, "properties": {}}, {"type": "Feature", "geometry": {"type": "LineString", "coordinates": [[73.88116870000005, 18.555213000000037], [73.88179960000008, 18.555395300000043], [73.88244090000006, 18.55562630000003]]}, "properties": {}}, {"type": "Feature", "geometry": {"type": "LineString", "coordinates": [[73.88510420000006, 18.55789480000004], [73.88340230000006, 18.557209800000066], [73.88203400000003, 18.556690400000033], [73.88164390000003, 18.556526500000075], [73.88105730000007, 18.555455100000074]]}, "properties": {}}, {"type": "Feature", "geometry": {"type": "LineString", "coordinates": [[73.87474030000004, 18.572136700000048], [73.87485930000008, 18.572154500000064], [73.87504340000004, 18.572201500000062], [73.87513480000007, 18.572216100000045], [73.87524170000006, 18.572211900000067], [73.87579670000008, 18.572211900000074], [73.87630940000008, 18.57221190000007]]}, "properties": {}}, {"type": "Feature", "geometry": {"type": "LineString", "coordinates": [[73.88490090000005, 18.57771040000005], [73.88495050000006, 18.57773720000006], [73.88498740000007, 18.577818800000042], [73.88498740000007, 18.57789770000005], [73.88497510000008, 18.577975100000057], [73.88500590000007, 18.578083100000068], [73.88500440000007, 18.578145900000038], [73.88497970000003, 18.578198500000042], [73.88492890000003, 18.578220400000077], [73.88481800000005, 18.57821750000005], [73.88473320000008, 18.578182400000056], [73.88458230000003, 18.57816200000008], [73.88442510000004, 18.578160500000024], [73.88426880000004, 18.578218500000045], [73.88414040000004, 18.578287500000044], [73.88404650000007, 18.578256300000078], [73.88402520000005, 18.578196400000028], [73.88403380000005, 18.578030600000034], [73.88398920000003, 18.577881600000072], [73.88400760000007, 18.57781450000005], [73.88409080000008, 18.57775900000007], [73.88418330000007, 18.577785300000073], [73.88425880000005, 18.577852400000037], [73.88433420000007, 18.57787870000004], [73.88446210000006, 18.57788890000006], [73.88464390000007, 18.577851000000063], [73.88475630000005, 18.577785300000077], [73.88483640000004, 18.577721000000054], [73.88490090000005, 18.57771040000005]]}, "properties": {}}, {"type": "Feature", "geometry": {"type": "LineString", "coordinates": [[73.88035590000004, 18.575799200000063], [73.88041140000007, 18.575898300000066], [73.88059130000005, 18.576219700000024], [73.88074730000005, 18.576498200000056], [73.88081700000004, 18.57665110000005], [73.88086080000005, 18.57677680000006], [73.88097930000004, 18.577174400000043], [73.88101660000007, 18.577298900000077], [73.88135140000003, 18.579005500000054]]}, "properties": {}}, {"type": "Feature", "geometry": {"type": "LineString", "coordinates": [[73.90366570000003, 18.57919660000004], [73.90361670000004, 18.57936120000005], [73.90355180000006, 18.579578900000058], [73.90335790000006, 18.58023000000003], [73.90274680000005, 18.582282000000074], [73.90255660000008, 18.582920700000045], [73.90252710000004, 18.583057700000044], [73.90251930000005, 18.583160900000053], [73.90253180000008, 18.58326840000007], [73.90256910000005, 18.583365700000055], [73.90263590000006, 18.583467300000052], [73.90272610000005, 18.58356900000006], [73.90284580000008, 18.583661900000035], [73.90362930000003, 18.58417170000007], [73.90406770000004, 18.58441340000007], [73.90423720000007, 18.58451210000004], [73.90440820000003, 18.584649100000032], [73.90461180000005, 18.584856900000034], [73.90497250000004, 18.585200200000035], [73.90506890000006, 18.585278300000027], [73.90517380000006, 18.58532610000003], [73.90528810000006, 18.585350500000054], [73.90706570000003, 18.58563360000005], [73.90993970000005, 18.586067500000063], [73.91013710000004, 18.58610430000004], [73.91033920000007, 18.586166200000033], [73.91185730000007, 18.58671740000005], [73.91200020000008, 18.58678400000002], [73.91219260000008, 18.586909100000067], [73.91240200000004, 18.58708560000002], [73.91242690000007, 18.587113100000064], [73.91249550000003, 18.587207600000056], [73.91403050000008, 18.589358100000023], [73.91415890000007, 18.589511600000037], [73.91473260000004, 18.59001550000005], [73.91508170000003, 18.590324600000034], [73.91512390000008, 18.590358700000024], [73.91611610000007, 18.59114950000003], [73.91675680000003, 18.59160330000003], [73.91694060000003, 18.591733400000063], [73.91753100000005, 18.59210480000007], [73.91856100000007, 18.592603000000054], [73.91874560000008, 18.592670400000035], [73.91896510000004, 18.59271060000003], [73.91984910000008, 18.592868100000032], [73.92094460000004, 18.59305120000005], [73.92101330000008, 18.593060100000056], [73.92107450000003, 18.59305720000003]]}, "properties": {}}, {"type": "Feature", "geometry": {"type": "LineString", "coordinates": [[73.90241060000005, 18.58577920000005], [73.90243740000005, 18.58573690000003], [73.90248200000008, 18.585703100000046], [73.90254440000007, 18.58567780000004], [73.90278520000004, 18.585621400000036], [73.90315680000005, 18.585551000000066], [73.90325490000004, 18.58552000000003], [73.90334710000008, 18.58550020000007], [73.90348090000003, 18.58548050000007], [73.90354920000004, 18.58547210000006], [73.90358490000006, 18.585452300000043], [73.90362650000003, 18.585410100000043], [73.90383170000007, 18.585164900000056], [73.90400110000007, 18.58497330000006], [73.90408730000007, 18.58490000000006], [73.90416460000006, 18.584855000000058], [73.90424790000003, 18.58480990000004], [73.90428950000006, 18.584776100000056], [73.90430140000007, 18.584733800000034]]}, "properties": {}}, {"type": "Feature", "geometry": {"type": "LineString", "coordinates": [[73.90353090000008, 18.586136500000066], [73.90354920000004, 18.58547210000006]]}, "properties": {}}, {"type": "Feature", "geometry": {"type": "LineString", "coordinates": [[73.90335790000006, 18.58023000000003], [73.90305520000004, 18.580259600000034], [73.90239800000006, 18.580455300000036], [73.90199970000003, 18.580579900000032], [73.90192870000004, 18.580595200000058], [73.90188440000003, 18.58058250000004], [73.90186030000007, 18.580535400000027], [73.90191790000006, 18.579864200000028], [73.90191120000003, 18.57980070000008], [73.90188040000004, 18.579735800000037], [73.90182940000005, 18.579660800000052], [73.90175430000005, 18.57961760000006], [73.90167790000004, 18.579602400000052], [73.90112800000003, 18.579620200000022], [73.89998000000008, 18.579682400000017], [73.89955220000007, 18.57970910000006], [73.89924110000004, 18.57971170000008], [73.89894600000008, 18.579713000000027], [73.89882130000008, 18.579723100000024], [73.89872740000004, 18.579758700000067], [73.89865370000007, 18.579847700000073], [73.89854770000005, 18.580136300000046], [73.89848600000005, 18.580541800000052], [73.89841770000004, 18.581017200000076], [73.89838640000005, 18.581249600000035], [73.89833850000008, 18.581604500000022], [73.89829700000007, 18.582013800000027], [73.89829160000006, 18.582514700000043], [73.89832110000003, 18.583118500000072], [73.89832910000007, 18.583483300000065], [73.89838140000006, 18.583764200000072], [73.89845790000004, 18.583970200000063], [73.89869390000007, 18.58433370000006], [73.89879050000008, 18.584427800000068], [73.89938590000008, 18.58463500000005], [73.89980300000008, 18.58474180000008], [73.90001890000008, 18.58476720000004], [73.90012760000008, 18.584755800000043], [73.90026170000004, 18.58468840000006], [73.90042660000006, 18.584558700000052], [73.90052320000007, 18.58441130000006], [73.90065060000006, 18.584258700000074], [73.90083160000006, 18.58412530000004], [73.90100330000007, 18.58402740000002], [73.90121120000003, 18.583962600000067], [73.90131310000005, 18.583960000000044], [73.90160810000003, 18.584041400000046], [73.90186290000008, 18.58415960000008], [73.90210030000003, 18.584276500000048], [73.90230690000006, 18.58436930000005], [73.90256970000007, 18.58446210000005], [73.90268240000006, 18.584472300000076], [73.90288080000005, 18.584446900000042], [73.90318130000004, 18.584393500000036], [73.90361850000005, 18.584324800000047], [73.90383170000007, 18.584374400000062], [73.90398860000005, 18.58445070000004], [73.90416560000006, 18.584511700000064], [73.90423720000007, 18.58451210000004]]}, "properties": {}}, {"type": "Feature", "geometry": {"type": "LineString", "coordinates": [[73.91296940000008, 18.587454400000066], [73.91259900000006, 18.586955600000067], [73.91252710000003, 18.58686180000006], [73.91251410000008, 18.586824000000036], [73.91250440000006, 18.586778800000044], [73.91249030000006, 18.586744500000062], [73.91246200000006, 18.58671640000005], [73.91181420000004, 18.58643400000006], [73.91149630000007, 18.58631190000005], [73.91114700000003, 18.586211800000058], [73.91099910000008, 18.586161700000048], [73.91085400000003, 18.586078600000064], [73.91075960000008, 18.586030000000047], [73.90993170000007, 18.58575020000006], [73.90983370000004, 18.585717100000068], [73.90957330000003, 18.585641500000065], [73.90914360000005, 18.585516600000066], [73.90899650000006, 18.58548790000003], [73.90865830000007, 18.585433700000063], [73.90854550000006, 18.585430300000038], [73.90841180000007, 18.585432000000026], [73.90826520000007, 18.58542260000007], [73.90813760000003, 18.585407000000032], [73.90799930000003, 18.58537120000005], [73.90777760000003, 18.585286700000037], [73.90765970000008, 18.585254400000046], [73.90749960000005, 18.585222200000032], [73.90726430000007, 18.585167500000065], [73.90695160000007, 18.585081700000046], [73.90663300000006, 18.58503910000007], [73.90590700000007, 18.584936600000052], [73.90539620000004, 18.584804800000025], [73.90528140000004, 18.584772500000042], [73.90519510000007, 18.584718500000065], [73.90505710000008, 18.58458580000007], [73.90448360000005, 18.584166900000067], [73.90409970000007, 18.583904400000048], [73.90380720000007, 18.583741700000072], [73.90345480000008, 18.583498400000057], [73.90313750000007, 18.583308300000056], [73.90307260000003, 18.58323350000006], [73.90304650000007, 18.583153500000037], [73.90304040000007, 18.58308360000007], [73.90304840000005, 18.58294040000004], [73.90308130000005, 18.58274350000005], [73.90342330000004, 18.581574500000045], [73.90347290000005, 18.58138350000007], [73.90364640000007, 18.580805600000076]]}, "properties": {}}, {"type": "Feature", "geometry": {"type": "LineString", "coordinates": [[73.94444200000004, 18.566135700000075], [73.94425390000004, 18.566359700000078], [73.94404990000004, 18.566618500000057], [73.94412520000003, 18.56670800000006], [73.94417880000003, 18.566766500000025], [73.94422710000003, 18.56680720000002], [73.94427540000004, 18.566835100000045], [73.94436390000004, 18.56691400000005], [73.94442020000008, 18.566967400000067], [73.94450070000005, 18.567013100000054], [73.94462410000006, 18.56709190000003], [73.9447582000001, 18.567214000000032], [73.94494320000007, 18.567394500000038], [73.94511490000008, 18.56759540000007], [73.94524100000007, 18.56773780000003], [73.94541000000004, 18.56794630000007], [73.94560040000005, 18.56821830000007], [73.94569960000007, 18.56836830000003], [73.94573910000008, 18.56847170000003], [73.94576940000007, 18.56854880000003], [73.94579890000006, 18.56866830000007], [73.94580420000005, 18.568800600000035], [73.94578280000007, 18.56889970000003], [73.94573720000005, 18.568973500000027], [73.94566740000005, 18.569024300000024], [73.94556280000006, 18.569049700000047], [73.94547430000006, 18.569062400000053], [73.94535360000005, 18.569065000000016], [73.94516590000006, 18.56905230000006], [73.94494860000003, 18.569034500000036], [73.94479300000006, 18.569029400000037], [73.94459720000003, 18.569024300000024], [73.94438800000006, 18.569024300000024], [73.94420560000003, 18.56903190000003], [73.94401250000004, 18.56907010000003], [73.94379260000005, 18.56913360000004], [73.94350560000004, 18.569237900000072], [73.94335540000003, 18.569309100000055], [73.94318910000004, 18.56941590000002], [73.94300940000005, 18.569596400000023], [73.94292090000005, 18.569736200000023], [73.94284840000006, 18.569896400000065], [73.94280280000004, 18.57003630000003], [73.94275190000008, 18.57022950000004], [73.94260700000007, 18.57073040000006], [73.94248900000008, 18.571185500000066], [73.94232490000007, 18.571816400000042], [73.94221280000005, 18.57212370000008], [73.94209210000008, 18.572520300000065], [73.94203570000008, 18.57273390000006], [73.94198480000006, 18.572937300000035], [73.94195530000007, 18.573117800000034], [73.94193650000005, 18.573237300000073], [73.94194450000003, 18.573367000000072], [73.94198480000006, 18.57343050000003], [73.94203570000008, 18.57347880000003], [73.94216980000004, 18.573565300000038], [73.94273040000007, 18.57393900000005], [73.94298260000005, 18.574109400000054], [73.94305500000007, 18.574157700000058], [73.94310590000003, 18.574183100000027], [73.94317030000008, 18.57420090000005], [73.94322930000004, 18.57420850000005], [73.94330710000008, 18.57421870000007], [73.94337950000005, 18.574234000000047], [73.94343850000007, 18.574261900000067], [73.94347070000003, 18.574302600000063], [73.94350020000007, 18.57437130000005], [73.94350290000006, 18.574473000000065], [73.94350290000006, 18.575045000000046], [73.94354050000004, 18.575739100000078], [73.94355630000007, 18.576030800000073], [73.94356730000004, 18.57623240000004], [73.94356460000006, 18.57633910000004], [73.94356460000006, 18.576407800000023], [73.94353240000005, 18.576468800000047], [73.94345460000005, 18.576522200000056], [73.9433473000001, 18.576545100000036], [73.94321050000008, 18.57655520000003], [73.94273310000005, 18.57659590000003], [73.94232820000008, 18.576637800000068], [73.94182380000008, 18.576690000000042], [73.94170340000005, 18.57670450000006], [73.94135980000004, 18.57674590000005], [73.94129810000005, 18.576751000000062], [73.94124450000004, 18.576753600000075], [73.94118140000006, 18.576765000000023], [73.94111570000007, 18.576781500000042], [73.94106480000005, 18.57684510000007], [73.94103520000004, 18.57690610000003], [73.94066780000003, 18.57774260000002], [73.94036060000008, 18.578687600000023], [73.94030030000005, 18.57877230000003], [73.94023700000008, 18.57883030000005], [73.93996330000004, 18.57898850000004], [73.93988480000007, 18.579054300000053], [73.93980920000007, 18.57915510000004], [73.93974730000008, 18.579310300000028], [73.93970740000003, 18.579467900000047], [73.93968780000006, 18.57956770000004], [73.93968930000005, 18.579636200000042], [73.93970440000004, 18.579702400000027], [73.93984210000008, 18.58016860000003], [73.93986220000005, 18.58031070000004], [73.93984170000004, 18.580445100000077], [73.93979250000007, 18.58061370000007], [73.93954560000003, 18.581551500000042], [73.93951410000005, 18.581645300000048], [73.93945940000003, 18.58175590000008], [73.93895250000008, 18.58267860000007], [73.93890910000005, 18.58275620000006], [73.93853720000004, 18.583421500000043], [73.93809540000008, 18.584031900000067], [73.93738070000006, 18.58492080000008], [73.93729120000006, 18.585033000000067], [73.93675450000006, 18.586755300000053], [73.93674780000003, 18.587328100000033], [73.93673610000008, 18.588326700000042], [73.93673530000007, 18.588395400000024], [73.93673220000005, 18.58882820000002], [73.93670770000006, 18.589131400000035], [73.93668930000007, 18.589205300000053], [73.93665590000006, 18.589292900000032], [73.93644670000003, 18.589745600000064], [73.93633600000004, 18.58991790000004], [73.93601500000005, 18.590356200000027], [73.93599470000004, 18.590383900000063], [73.93569650000006, 18.590757900000032], [73.93565940000008, 18.590819600000035], [73.93532300000004, 18.59137940000005], [73.93488350000007, 18.59213480000005], [73.93464410000007, 18.59259520000006], [73.93447690000005, 18.59290250000003], [73.93442630000004, 18.592995500000026], [73.93410980000004, 18.593512600000057], [73.93408210000007, 18.593561100000045], [73.93405610000008, 18.593608900000046], [73.93378280000007, 18.59411150000005], [73.93355770000005, 18.59452030000005], [73.93350870000006, 18.594627700000046], [73.93340170000005, 18.594949200000034], [73.93333990000008, 18.595135100000046], [73.93326860000008, 18.59544940000006]]}, "properties": {}}, {"type": "Feature", "geometry": {"type": "LineString", "coordinates": [[73.97583200000008, 18.582398300000026], [73.97551490000006, 18.58231060000003], [73.97559880000006, 18.58206290000004]]}, "properties": {}}, {"type": "Feature", "geometry": {"type": "LineString", "coordinates": [[73.97375430000005, 18.582072800000045], [73.97417180000008, 18.582185500000033], [73.97434520000007, 18.582232300000047], [73.97451330000007, 18.582275800000048], [73.97488740000006, 18.582372500000076], [73.97522620000007, 18.582468000000063]]}, "properties": {}}, {"type": "Feature", "geometry": {"type": "LineString", "coordinates": [[73.97551490000006, 18.58231060000003], [73.97546090000003, 18.58244080000003]]}, "properties": {}}, {"type": "Feature", "geometry": {"type": "LineString", "coordinates": [[73.97640450000006, 18.582330300000024], [73.97691280000004, 18.58244370000006]]}, "properties": {}}, {"type": "Feature", "geometry": {"type": "LineString", "coordinates": [[73.97673390000006, 18.581334900000062], [73.97660140000005, 18.58160960000004], [73.97656560000007, 18.58170620000004], [73.97653160000004, 18.581797700000042], [73.97647330000007, 18.582033700000068], [73.97640450000006, 18.582330300000024], [73.97634060000007, 18.58260580000007], [73.97627680000006, 18.582880800000055], [73.97626960000008, 18.58292510000006], [73.97625270000003, 18.583058700000038], [73.97626610000003, 18.583160400000054], [73.97633310000003, 18.583318100000046], [73.97644350000007, 18.583625700000027]]}, "properties": {}}, {"type": "Feature", "geometry": {"type": "LineString", "coordinates": [[73.97574230000004, 18.58312000000006], [73.97589560000006, 18.58265430000005], [73.97592380000003, 18.582582600000016], [73.97592380000003, 18.582550400000056], [73.97591150000005, 18.58251250000006], [73.97583200000008, 18.582398300000026], [73.97559880000006, 18.58206290000004], [73.97554180000003, 18.58198100000004], [73.97549860000004, 18.581951800000066], [73.97545550000007, 18.581940100000054], [73.97538800000007, 18.581927700000048]]}, "properties": {}}, {"type": "Feature", "geometry": {"type": "LineString", "coordinates": [[73.97522620000007, 18.582468000000063], [73.97555170000004, 18.582558600000024], [73.97589560000006, 18.58265430000005], [73.97604710000007, 18.582696500000054]]}, "properties": {}}, {"type": "Feature", "geometry": {"type": "LineString", "coordinates": [[73.97750920000004, 18.58255640000004], [73.97822810000008, 18.582714000000063]]}, "properties": {}}, {"type": "Feature", "geometry": {"type": "LineString", "coordinates": [[73.97474690000007, 18.58409130000006], [73.97475190000006, 18.58398450000003], [73.97481750000003, 18.58374960000003], [73.97487350000006, 18.583549100000027], [73.97489050000007, 18.583488100000064], [73.97500760000008, 18.58312010000003], [73.97504820000006, 18.583001400000057], [73.97507900000005, 18.582911400000054], [73.97520170000007, 18.582553500000074], [73.97522620000007, 18.582468000000063], [73.97536190000005, 18.58199570000005], [73.97538800000007, 18.581927700000048], [73.97545630000009, 18.581686700000034], [73.97539520000004, 18.581572600000072], [73.97523990000008, 18.58149280000003], [73.97480700000006, 18.581369300000066], [73.97455980000007, 18.581296100000028], [73.97406750000005, 18.58115120000002]]}, "properties": {}}, {"type": "Feature", "geometry": {"type": "LineString", "coordinates": [[73.97738460000005, 18.583177800000048], [73.97744400000005, 18.582865500000025], [73.97750920000004, 18.58255640000004], [73.97756250000003, 18.582246400000027], [73.97698050000008, 18.582130300000074], [73.97691280000004, 18.58244370000006], [73.97685630000007, 18.582705300000043], [73.97678140000005, 18.58303190000003]]}, "properties": {}}, {"type": "Feature", "geometry": {"type": "LineString", "coordinates": [[73.97404460000007, 18.58237160000004], [73.97407450000003, 18.582375100000036], [73.97487770000004, 18.582598200000064], [73.97479090000007, 18.58292680000005]]}, "properties": {}}, {"type": "Feature", "geometry": {"type": "LineString", "coordinates": [[73.97634060000007, 18.58260580000007], [73.97685630000007, 18.582705300000043], [73.97744400000005, 18.582865500000025], [73.97813410000003, 18.58301080000007]]}, "properties": {}}, {"type": "Feature", "geometry": {"type": "LineString", "coordinates": [[73.97358140000006, 18.582599500000068], [73.97394110000005, 18.582691400000044], [73.97425890000005, 18.58277260000005], [73.97428810000008, 18.582781000000068], [73.97461300000003, 18.582875200000046], [73.97479090000007, 18.58292680000005], [73.97504820000006, 18.583001400000057]]}, "properties": {}}, {"type": "Feature", "geometry": {"type": "LineString", "coordinates": [[73.97602460000007, 18.583196300000054], [73.97574230000004, 18.58312000000006], [73.97540540000006, 18.58301890000007], [73.97507900000005, 18.582911400000054]]}, "properties": {}}, {"type": "Feature", "geometry": {"type": "LineString", "coordinates": [[73.97487350000006, 18.583549100000027], [73.97515400000003, 18.583629000000034], [73.97520660000004, 18.58363040000006], [73.97524900000008, 18.583604100000063], [73.97540540000006, 18.58301890000007], [73.97555170000004, 18.582558600000024]]}, "properties": {}}, {"type": "Feature", "geometry": {"type": "LineString", "coordinates": [[73.97774610000005, 18.583248100000052], [73.97738460000005, 18.583177800000048]]}, "properties": {}}, {"type": "Feature", "geometry": {"type": "LineString", "coordinates": [[73.97626960000008, 18.58292510000006], [73.97678140000005, 18.58303190000003], [73.97738460000005, 18.583177800000048], [73.97735250000005, 18.583357500000034], [73.97733210000007, 18.583453500000076], [73.97731170000003, 18.58354950000006]]}, "properties": {}}, {"type": "Feature", "geometry": {"type": "LineString", "coordinates": [[73.97638140000004, 18.585125700000045], [73.97631080000008, 18.58490370000004], [73.97629000000006, 18.58488390000002], [73.97611630000006, 18.584916200000063]]}, "properties": {}}, {"type": "Feature", "geometry": {"type": "LineString", "coordinates": [[73.97468230000004, 18.585001700000074], [73.97505500000005, 18.58502890000005]]}, "properties": {}}, {"type": "Feature", "geometry": {"type": "LineString", "coordinates": [[73.97464470000006, 18.585527400000046], [73.97501620000008, 18.585560400000077], [73.97503910000006, 18.58524740000007], [73.97505500000005, 18.58502890000005], [73.97508860000005, 18.584568900000022]]}, "properties": {}}, {"type": "Feature", "geometry": {"type": "LineString", "coordinates": [[73.97651500000006, 18.585372000000064], [73.97643980000004, 18.585120100000037]]}, "properties": {}}, {"type": "Feature", "geometry": {"type": "LineString", "coordinates": [[73.97567370000009, 18.585375400000032], [73.97548430000006, 18.585329700000045]]}, "properties": {}}, {"type": "Feature", "geometry": {"type": "LineString", "coordinates": [[73.97567370000009, 18.585375400000032], [73.97568940000008, 18.585461300000077], [73.97604370000005, 18.58542410000007], [73.97643770000008, 18.58538250000004], [73.97651500000006, 18.585372000000064], [73.97706940000006, 18.58525410000004], [73.97711230000004, 18.585261700000043], [73.97714180000008, 18.585285800000065], [73.97723970000004, 18.58552350000002]]}, "properties": {}}, {"type": "Feature", "geometry": {"type": "LineString", "coordinates": [[73.97643770000008, 18.58538250000004], [73.97647300000006, 18.585591200000067], [73.97672430000006, 18.585551000000066]]}, "properties": {}}, {"type": "Feature", "geometry": {"type": "LineString", "coordinates": [[73.97568940000008, 18.585461300000077], [73.97532550000005, 18.58554010000006]]}, "properties": {}}, {"type": "Feature", "geometry": {"type": "LineString", "coordinates": [[73.97372980000006, 18.585955600000034], [73.97340120000007, 18.585945600000056], [73.97342040000007, 18.585454600000045], [73.97345900000005, 18.585051900000053], [73.97348860000005, 18.585023900000067], [73.97353320000008, 18.585000700000027], [73.97426030000008, 18.58483320000005]]}, "properties": {}}, {"type": "Feature", "geometry": {"type": "LineString", "coordinates": [[73.97426250000007, 18.58550450000007], [73.97413100000006, 18.585496100000057], [73.97376510000004, 18.585478600000044], [73.97342040000007, 18.585454600000045], [73.9731573000001, 18.585450500000036], [73.97303130000006, 18.585448600000063]]}, "properties": {}}, {"type": "Feature", "geometry": {"type": "LineString", "coordinates": [[73.94232820000008, 18.576637800000068], [73.94246300000003, 18.577266400000045], [73.94253740000005, 18.577613000000042], [73.94270310000009, 18.57837870000003], [73.94276170000006, 18.57853200000005], [73.94285060000004, 18.578674100000057], [73.94304860000005, 18.578894700000035], [73.94354270000008, 18.57918310000002], [73.94390530000004, 18.579360600000033], [73.94399740000006, 18.579374000000026], [73.94420400000007, 18.579367800000053], [73.94457640000007, 18.579323700000025], [73.94486240000003, 18.579323200000026], [73.94502270000004, 18.579354300000023], [73.94520760000006, 18.579461000000038], [73.94537840000004, 18.579517600000027], [73.94552430000005, 18.57952840000007], [73.94578480000007, 18.57950900000003], [73.94644930000004, 18.579418400000062]]}, "properties": {}}, {"type": "Feature", "geometry": {"type": "LineString", "coordinates": [[73.92180780000007, 18.593095200000047], [73.92187750000005, 18.59317050000004], [73.92206520000008, 18.59331330000003], [73.92213930000008, 18.593363500000066], [73.92223780000006, 18.593414100000075], [73.92254500000007, 18.59352320000005], [73.92304550000007, 18.593667900000064], [73.92313100000007, 18.59368200000006], [73.92528030000005, 18.59404880000005], [73.92627000000005, 18.59421770000006], [73.92709230000008, 18.594358000000053], [73.92759020000005, 18.59444300000007], [73.92799420000006, 18.59451190000004], [73.92815470000005, 18.594554500000072], [73.92822970000003, 18.594591500000032], [73.92831520000004, 18.594633600000066], [73.92884100000003, 18.59498050000008], [73.92964190000004, 18.595508800000065], [73.92979770000005, 18.595584900000066], [73.92982270000005, 18.595597100000077], [73.92987630000005, 18.595619400000032], [73.93000790000008, 18.59567410000005], [73.93008410000004, 18.59569760000005], [73.93015220000007, 18.595718600000055], [73.93056090000005, 18.595840000000067], [73.93062880000008, 18.59585500000003], [73.93074500000006, 18.595884700000052], [73.93085420000006, 18.59589220000004], [73.93105670000006, 18.595897900000068], [73.93127130000005, 18.595911600000022], [73.93139410000003, 18.595917900000067], [73.93151570000003, 18.59590620000006], [73.93161090000007, 18.59588430000002], [73.93172930000003, 18.595858800000027], [73.93202520000006, 18.595776100000023], [73.93228090000008, 18.595710500000052], [73.93258040000006, 18.595633500000073], [73.93296530000003, 18.59553470000003], [73.93326860000008, 18.59544940000006], [73.93386880000008, 18.59528760000006], [73.93429220000007, 18.595171400000023], [73.93453230000006, 18.59510800000004], [73.93478460000006, 18.595041400000067], [73.93488730000007, 18.595014500000048], [73.93520930000005, 18.594930300000044], [73.93566900000008, 18.594802500000068], [73.93585580000007, 18.594736500000067], [73.93631210000007, 18.594623800000022], [73.93640990000006, 18.594596600000038], [73.93660230000006, 18.594543100000067], [73.93707060000008, 18.594418900000047], [73.93723070000004, 18.59438030000007], [73.93765240000005, 18.59427870000007], [73.93834480000004, 18.594111900000026], [73.93837610000008, 18.594104300000026], [73.93856890000006, 18.59405150000003], [73.93906310000006, 18.593916200000027], [73.93958910000003, 18.593772200000046], [73.93990080000003, 18.593692100000048], [73.94099940000007, 18.59341000000006], [73.94107780000007, 18.593389800000068], [73.94139180000008, 18.59331080000004], [73.94183810000004, 18.593197700000076], [73.94207860000006, 18.593138000000067], [73.94272720000004, 18.592957700000053], [73.94304080000006, 18.592874900000023], [73.94334960000003, 18.59279330000004], [73.94351980000005, 18.592748400000065], [73.94365860000005, 18.592710700000055], [73.94425030000008, 18.592550200000062], [73.94453590000006, 18.59247270000003], [73.94484540000009, 18.592380500000047], [73.94517510000003, 18.59228220000006], [73.94574440000008, 18.592112600000064], [73.94737520000007, 18.591681900000026], [73.94746490000006, 18.59165820000004], [73.94790350000005, 18.591542400000037], [73.94794370000005, 18.591531800000038], [73.94806240000008, 18.59150050000005], [73.94831640000007, 18.591433400000028], [73.94873170000005, 18.591323700000025], [73.94969030000004, 18.59107050000006], [73.94993250000005, 18.591006200000038], [73.95108770000007, 18.59069600000004], [73.95141990000008, 18.59061160000004], [73.95167060000006, 18.590545100000046], [73.95195440000003, 18.590469800000054], [73.95231140000004, 18.59037510000007], [73.95238030000007, 18.590356800000052], [73.95256220000005, 18.590310200000033], [73.95271880000007, 18.590270100000048], [73.95291680000008, 18.590219400000024], [73.95300220000007, 18.590197600000067], [73.95349200000004, 18.590072200000066], [73.95356610000005, 18.590053200000057], [73.95432530000005, 18.58987150000007], [73.9543995000001, 18.589850500000068], [73.95537610000008, 18.58957320000007], [73.95548880000007, 18.589542800000064], [73.95563730000003, 18.589500800000053], [73.9560190000001, 18.58939300000003], [73.95611060000004, 18.58936710000006], [73.95630200000005, 18.589316300000064], [73.95679790000008, 18.58919080000004], [73.95745360000006, 18.589012700000065], [73.95956930000007, 18.588438100000072], [73.96127190000004, 18.587958700000055], [73.96212310000004, 18.587741300000058], [73.96254730000004, 18.58762420000005], [73.96316710000008, 18.587447600000083], [73.96341600000005, 18.587376000000063], [73.96410600000007, 18.587174900000036], [73.96423000000004, 18.587137500000043], [73.96595220000006, 18.58667790000004], [73.96613260000004, 18.586626400000053], [73.96644750000009, 18.586536400000057], [73.96675590000007, 18.58644830000003], [73.96763920000006, 18.586209100000076], [73.96790410000006, 18.586138100000024], [73.96818000000007, 18.58606610000004], [73.96830750000004, 18.58602930000006], [73.96856860000008, 18.585957300000075], [73.96883550000007, 18.585887900000046], [73.96909780000004, 18.585816800000032], [73.96976210000008, 18.58561830000008], [73.96988390000007, 18.58558500000004], [73.97042960000005, 18.585435800000027], [73.97055650000004, 18.585401000000044], [73.97105950000008, 18.585261700000046], [73.97168710000005, 18.58508830000005], [73.97205760000008, 18.58498590000005], [73.97243420000007, 18.584881800000066], [73.97282300000006, 18.58477520000002], [73.97307690000008, 18.58470420000003], [73.97328070000003, 18.584648100000038], [73.97473350000007, 18.58428450000002]]}, "properties": {}}, {"type": "Feature", "geometry": {"type": "LineString", "coordinates": [[73.96928330000003, 18.59956780000004], [73.96930340000006, 18.59942710000007], [73.96930400000008, 18.599269100000075], [73.96915090000005, 18.59815360000005], [73.96915790000008, 18.59803610000006], [73.96920040000003, 18.59790860000004], [73.96929610000007, 18.59781120000002], [73.96968560000005, 18.59750580000002], [73.96983080000007, 18.597431900000057], [73.97008580000005, 18.597388300000038], [73.97076600000008, 18.59729550000003], [73.97129680000006, 18.597211600000037], [73.97267100000005, 18.596894900000056], [73.97294010000007, 18.596881500000052], [73.97341820000008, 18.596898300000078], [73.97430710000003, 18.59702250000004], [73.97443110000006, 18.59702250000004], [73.97453730000007, 18.596962000000076], [73.97461520000007, 18.596858000000054], [73.97470720000007, 18.596625300000028], [73.97484700000007, 18.595900600000046], [73.97488400000003, 18.59584650000005], [73.97497290000007, 18.595810800000034], [73.97506620000007, 18.59578960000004], [73.97585470000007, 18.595894700000034], [73.97598570000008, 18.595874500000033], [73.97606360000003, 18.59583090000006], [73.97610260000005, 18.59575370000004], [73.97603180000004, 18.594327200000066], [73.97604950000004, 18.594266800000074], [73.97611320000004, 18.594229800000047], [73.97626900000006, 18.59418960000005], [73.97638940000009, 18.59418620000002], [73.97644610000003, 18.594239900000044], [73.97648860000004, 18.59433050000007], [73.97654880000005, 18.59436750000003], [73.97661960000005, 18.594367500000033], [73.97721810000007, 18.594270100000074], [73.97851520000006, 18.59433750000005]]}, "properties": {}}, {"type": "Feature", "geometry": {"type": "LineString", "coordinates": [[73.93532560000006, 18.606724100000072], [73.93506900000007, 18.604174500000056], [73.93506350000007, 18.60411970000007], [73.93505810000005, 18.602691500000045], [73.93505270000003, 18.601930600000063], [73.93506890000003, 18.60189310000004], [73.93509760000006, 18.601860800000054], [73.93512280000006, 18.601818200000025], [73.93512280000006, 18.60176720000004], [73.93508070000009, 18.60154600000003], [73.93506600000006, 18.601498700000036], [73.93503270000008, 18.601439500000026], [73.93501460000004, 18.60139250000003], [73.93499630000008, 18.601210100000053]]}, "properties": {}}, {"type": "Feature", "geometry": {"type": "LineString", "coordinates": [[73.93484330000007, 18.604184100000047], [73.93487050000005, 18.604921700000034], [73.93488600000006, 18.605341900000045], [73.93494180000005, 18.606013900000054], [73.93500450000005, 18.60676970000003]]}, "properties": {}}, {"type": "Feature", "geometry": {"type": "LineString", "coordinates": [[73.93318620000008, 18.606110600000022], [73.93475350000006, 18.60584900000003]]}, "properties": {}}, {"type": "Feature", "geometry": {"type": "LineString", "coordinates": [[73.93470070000006, 18.60605730000002], [73.93476960000004, 18.606027500000035], [73.93494180000005, 18.606013900000054]]}, "properties": {}}, {"type": "Feature", "geometry": {"type": "LineString", "coordinates": [[73.93340290000003, 18.60640650000005], [73.93405090000005, 18.606232000000034], [73.93464400000005, 18.60607260000006], [73.93470070000006, 18.60605730000002]]}, "properties": {}}, {"type": "Feature", "geometry": {"type": "LineString", "coordinates": [[73.93464400000005, 18.60607260000006], [73.93470060000004, 18.606549600000047]]}, "properties": {}}, {"type": "Feature", "geometry": {"type": "LineString", "coordinates": [[73.93405090000005, 18.606232000000034], [73.93413080000005, 18.606894000000064]]}, "properties": {}}, {"type": "Feature", "geometry": {"type": "LineString", "coordinates": [[73.93384590000005, 18.606934700000068], [73.93413080000005, 18.606894000000064], [73.93500450000005, 18.60676970000003], [73.93532560000006, 18.606724100000072], [73.93562120000009, 18.606682000000035], [73.93593380000004, 18.606616600000045]]}, "properties": {}}, {"type": "Feature", "geometry": {"type": "LineString", "coordinates": [[73.93628370000005, 18.60657830000002], [73.93604900000008, 18.604913200000052]]}, "properties": {}}, {"type": "Feature", "geometry": {"type": "LineString", "coordinates": [[73.93593380000004, 18.606616600000045], [73.93584820000007, 18.60596400000003], [73.93572450000005, 18.605117400000037]]}, "properties": {}}, {"type": "Feature", "geometry": {"type": "LineString", "coordinates": [[73.93562120000009, 18.606682000000035], [73.93556620000004, 18.606299500000034], [73.93552900000003, 18.606003100000066], [73.93542140000007, 18.60519110000007]]}, "properties": {}}, {"type": "Feature", "geometry": {"type": "LineString", "coordinates": [[73.93552900000003, 18.606003100000066], [73.93584820000007, 18.60596400000003]]}, "properties": {}}, {"type": "Feature", "geometry": {"type": "LineString", "coordinates": [[73.93612360000003, 18.60660020000006], [73.93628370000005, 18.60657830000002], [73.93661330000003, 18.606540900000027], [73.93685050000005, 18.606507100000048], [73.93694580000005, 18.60649360000002], [73.93719790000006, 18.60645780000004], [73.93729860000008, 18.606443400000046], [73.93768760000006, 18.606388100000057], [73.93804250000005, 18.60633760000007], [73.93837960000008, 18.60629690000007], [73.93866990000004, 18.606260500000076], [73.93869560000007, 18.606243500000065]]}, "properties": {}}, {"type": "Feature", "geometry": {"type": "LineString", "coordinates": [[73.93554190000005, 18.60769390000007], [73.93574060000003, 18.607592300000018]]}, "properties": {}}, {"type": "Feature", "geometry": {"type": "LineString", "coordinates": [[73.93568450000004, 18.607964700000025], [73.93581480000006, 18.608222600000033]]}, "properties": {}}, {"type": "Feature", "geometry": {"type": "LineString", "coordinates": [[73.93581480000006, 18.608222600000033], [73.93583880000006, 18.60827000000006], [73.93609650000008, 18.608129400000053]]}, "properties": {}}, {"type": "Feature", "geometry": {"type": "LineString", "coordinates": [[73.93543940000006, 18.60881040000004], [73.93558480000007, 18.608702300000054], [73.93583700000005, 18.608605100000034]]}, "properties": {}}, {"type": "Feature", "geometry": {"type": "LineString", "coordinates": [[73.93561500000004, 18.60896180000003], [73.93530160000006, 18.60931860000005]]}, "properties": {}}, {"type": "Feature", "geometry": {"type": "LineString", "coordinates": [[73.93558200000007, 18.609824100000026], [73.93553270000007, 18.60955990000002], [73.93551420000006, 18.60951610000007], [73.93546800000007, 18.60946350000006], [73.93530160000006, 18.60931860000005]]}, "properties": {}}, {"type": "Feature", "geometry": {"type": "LineString", "coordinates": [[73.90779320000007, 18.60345910000007], [73.90764270000005, 18.604319000000036], [73.90757290000005, 18.604786100000066], [73.90751180000007, 18.605194700000027], [73.90746030000008, 18.605539200000067], [73.90747300000004, 18.606137500000045], [73.90747930000003, 18.606431900000075], [73.90746310000003, 18.60653980000006], [73.90742580000006, 18.606681400000063], [73.90735310000008, 18.60685090000004]]}, "properties": {}}, {"type": "Feature", "geometry": {"type": "LineString", "coordinates": [[73.90877370000004, 18.606950600000058], [73.90878250000003, 18.60660900000005], [73.90879380000007, 18.606166500000025]]}, "properties": {}}, {"type": "Feature", "geometry": {"type": "LineString", "coordinates": [[73.90849450000007, 18.60614660000004], [73.90850990000007, 18.606669300000075], [73.90851860000004, 18.606963200000052], [73.90800540000004, 18.607014200000034], [73.90794700000004, 18.606887600000046], [73.90794660000007, 18.606729700000074], [73.90801270000003, 18.60612810000004]]}, "properties": {}}, {"type": "Feature", "geometry": {"type": "LineString", "coordinates": [[73.90850990000007, 18.606669300000075], [73.90794660000007, 18.606729700000074]]}, "properties": {}}, {"type": "Feature", "geometry": {"type": "LineString", "coordinates": [[73.90851860000004, 18.606963200000052], [73.90877370000004, 18.606950600000058], [73.90945230000005, 18.606917200000055], [73.90967810000006, 18.606905300000054], [73.91023910000007, 18.606875800000065]]}, "properties": {}}, {"type": "Feature", "geometry": {"type": "LineString", "coordinates": [[73.90760820000008, 18.606124300000033], [73.90758160000007, 18.606896500000058]]}, "properties": {}}, {"type": "Feature", "geometry": {"type": "MultiLineString", "coordinates": [[[73.90738130000005, 18.609184500000026], [73.90738460000006, 18.609154100000065], [73.90736640000006, 18.60853680000002]], [[73.90736640000006, 18.60853680000002], [73.90743840000005, 18.607751800000074], [73.90752720000006, 18.60769780000004], [73.90770590000005, 18.60770840000004], [73.90772600000008, 18.607795300000074], [73.90774160000007, 18.60785700000002], [73.90770340000006, 18.60830480000004], [73.90775540000004, 18.60830170000003], [73.90777030000004, 18.60838850000005], [73.90777810000003, 18.60843620000003], [73.90778020000005, 18.608550200000018], [73.90776770000008, 18.60858590000003], [73.90773570000005, 18.608595400000073], [73.90736640000006, 18.60853680000002]]]}, "properties": {}}, {"type": "Feature", "geometry": {"type": "LineString", "coordinates": [[73.90735310000008, 18.60685090000004], [73.90625680000005, 18.61004960000003]]}, "properties": {}}, {"type": "Feature", "geometry": {"type": "LineString", "coordinates": [[73.90678770000005, 18.60958650000003], [73.90703560000003, 18.608303500000034], [73.90705150000008, 18.608274200000036], [73.90707780000008, 18.608275000000045], [73.90709120000008, 18.608295700000042], [73.90723790000004, 18.608314200000052], [73.90730250000007, 18.608345200000034], [73.90733670000003, 18.608365600000067], [73.90733540000008, 18.608404400000037], [73.90716150000003, 18.609665000000067]]}, "properties": {}}, {"type": "Feature", "geometry": {"type": "LineString", "coordinates": [[73.90627380000006, 18.61027590000003], [73.90715580000006, 18.610329400000072], [73.90723250000008, 18.610299500000053], [73.90726690000008, 18.610244000000016], [73.90727120000008, 18.610204100000033], [73.90738130000005, 18.609184500000026]]}, "properties": {}}, {"type": "Feature", "geometry": {"type": "LineString", "coordinates": [[73.90651230000003, 18.60986490000005], [73.90701680000006, 18.60990780000003], [73.90705870000005, 18.60990410000005], [73.90709660000005, 18.60989100000006], [73.90712210000004, 18.60986620000006], [73.90713550000004, 18.609816000000023], [73.90716150000003, 18.609665000000067]]}, "properties": {}}, {"type": "Feature", "geometry": {"type": "LineString", "coordinates": [[73.90625680000005, 18.61004960000003], [73.90632210000007, 18.61005910000006], [73.90637040000007, 18.61005650000004], [73.90639830000003, 18.610045100000036], [73.90648630000004, 18.60990830000003], [73.90651230000003, 18.60986490000005], [73.90661960000006, 18.60962170000005], [73.90664550000008, 18.609582700000033], [73.90669240000005, 18.609567600000048], [73.90678770000005, 18.60958650000003], [73.90716150000003, 18.609665000000067]]}, "properties": {}}, {"type": "Feature", "geometry": {"type": "LineString", "coordinates": [[73.90926120000006, 18.608915600000046], [73.90956520000003, 18.608847100000048], [73.90982920000005, 18.608785700000052]]}, "properties": {}}, {"type": "Feature", "geometry": {"type": "LineString", "coordinates": [[73.90920860000006, 18.60935070000005], [73.90911570000003, 18.608949800000058]]}, "properties": {}}, {"type": "Feature", "geometry": {"type": "LineString", "coordinates": [[73.90926120000006, 18.608915600000046], [73.90911570000003, 18.608949800000058], [73.90883750000006, 18.60901540000003], [73.90881820000004, 18.60903470000005], [73.90882450000004, 18.609073500000022], [73.90892070000007, 18.60943700000007]]}, "properties": {}}, {"type": "Feature", "geometry": {"type": "LineString", "coordinates": [[73.90837360000006, 18.60959740000004], [73.90829160000004, 18.609103700000045]]}, "properties": {}}, {"type": "Feature", "geometry": {"type": "LineString", "coordinates": [[73.90837360000006, 18.60959740000004], [73.90843130000007, 18.609583700000027], [73.90867600000009, 18.60951030000007], [73.90892070000007, 18.60943700000007], [73.90920860000006, 18.60935070000005], [73.90936870000007, 18.609302700000057], [73.90965360000007, 18.609231100000045], [73.90991740000004, 18.609164700000065]]}, "properties": {}}, {"type": "Feature", "geometry": {"type": "LineString", "coordinates": [[73.90971240000005, 18.615791100000017], [73.90954610000006, 18.61524210000005], [73.90932080000005, 18.61442610000006], [73.90920010000008, 18.61396600000006], [73.90905800000007, 18.613239000000075], [73.90884610000006, 18.61206210000006], [73.90860740000005, 18.610905500000058], [73.90837360000006, 18.60959740000004]]}, "properties": {}}, {"type": "Feature", "geometry": {"type": "LineString", "coordinates": [[73.99034030000007, 18.509087600000043], [73.98946860000007, 18.509219200000075]]}, "properties": {}}, {"type": "Feature", "geometry": {"type": "LineString", "coordinates": [[73.98928020000005, 18.509619400000073], [73.98968340000005, 18.50956290000004], [73.98999140000006, 18.509522600000025], [73.99016300000005, 18.509505800000056], [73.99032930000004, 18.50949410000004], [73.99046380000004, 18.50949070000007], [73.99066910000005, 18.509504100000072]]}, "properties": {}}, {"type": "Feature", "geometry": {"type": "LineString", "coordinates": [[73.99032150000005, 18.510362400000073], [73.99035410000005, 18.510917700000046]]}, "properties": {}}, {"type": "Feature", "geometry": {"type": "LineString", "coordinates": [[73.98996780000004, 18.51040290000003], [73.99000690000008, 18.510928700000022]]}, "properties": {}}, {"type": "Feature", "geometry": {"type": "LineString", "coordinates": [[73.99067550000007, 18.510383100000073], [73.99072040000004, 18.51091140000005], [73.99071830000008, 18.51093640000005], [73.99070820000003, 18.51094990000007], [73.99068790000007, 18.510963400000033], [73.99065130000008, 18.51096730000006], [73.99035410000005, 18.510917700000046], [73.99028870000006, 18.51091720000005], [73.99000690000008, 18.510928700000022], [73.98969990000006, 18.51099230000005], [73.98965460000005, 18.510999700000063], [73.98955770000003, 18.511015500000035], [73.98947230000005, 18.511021300000035], [73.98931710000005, 18.511026300000022], [73.98930550000006, 18.511026300000022], [73.98904250000005, 18.511025900000046], [73.98867420000005, 18.511023800000036]]}, "properties": {}}, {"type": "Feature", "geometry": {"type": "LineString", "coordinates": [[73.98872060000008, 18.511193100000067], [73.98883610000007, 18.51119000000006], [73.98911130000005, 18.51117450000003], [73.98933570000008, 18.511164100000027], [73.98961920000006, 18.511140100000034], [73.98982160000008, 18.51112040000004], [73.99008780000008, 18.511085000000037], [73.99017650000008, 18.51107840000003], [73.99039560000007, 18.511096800000075], [73.99047280000008, 18.511107600000052], [73.99078360000004, 18.51118020000007]]}, "properties": {}}, {"type": "Feature", "geometry": {"type": "LineString", "coordinates": [[73.99039560000007, 18.511096800000075], [73.99039360000008, 18.511462800000057], [73.99040380000008, 18.511487900000077], [73.99042010000007, 18.511503300000072], [73.99045660000007, 18.511512900000074], [73.99050340000008, 18.511512600000053], [73.99070460000007, 18.51151100000004], [73.99072480000007, 18.511516700000072], [73.99074170000006, 18.51152840000003], [73.99075250000004, 18.511548800000067], [73.99078810000003, 18.51282590000005]]}, "properties": {}}, {"type": "Feature", "geometry": {"type": "LineString", "coordinates": [[73.99053400000008, 18.512849000000074], [73.99050340000008, 18.511512600000053]]}, "properties": {}}, {"type": "Feature", "geometry": {"type": "LineString", "coordinates": [[73.98875650000008, 18.523973600000033], [73.98866010000006, 18.52392360000005], [73.98854100000005, 18.523905000000067], [73.98838120000005, 18.52391500000004], [73.98830870000006, 18.523934100000073], [73.98816410000006, 18.52397220000006], [73.98798170000003, 18.52405370000002], [73.98784140000004, 18.524136600000077], [73.98765450000008, 18.524298100000067], [73.98750980000005, 18.524411000000036], [73.98731680000003, 18.524496800000062], [73.98712840000007, 18.52453540000005], [73.98705560000008, 18.524539700000048], [73.98649760000006, 18.524572700000018], [73.98643220000008, 18.524581000000065], [73.98596300000008, 18.52464040000007], [73.98580410000005, 18.524660500000035], [73.98573170000003, 18.52465480000006], [73.98565940000003, 18.524630500000054], [73.98560210000005, 18.524571900000065], [73.98555690000006, 18.524477600000072], [73.98552080000007, 18.524357200000058], [73.98549740000004, 18.524264600000038], [73.98549100000008, 18.524239200000068]]}, "properties": {}}, {"type": "Feature", "geometry": {"type": "LineString", "coordinates": [[73.98875650000008, 18.523973600000033], [73.98903057696464, 18.52426444276924]]}, "properties": {}}, {"type": "Feature", "geometry": {"type": "LineString", "coordinates": [[73.97515510000005, 18.57952940000007], [73.97536050000008, 18.578534500000046], [73.97552420000005, 18.57765130000007]]}, "properties": {}}, {"type": "Feature", "geometry": {"type": "LineString", "coordinates": [[73.97555530000005, 18.57968750000003], [73.97568280000007, 18.579246400000045], [73.97583140000006, 18.578899900000067], [73.97565190000006, 18.578604500000043], [73.97582830000005, 18.57784540000006], [73.97601550000007, 18.57782720000006]]}, "properties": {}}, {"type": "Feature", "geometry": {"type": "LineString", "coordinates": [[73.97546100000005, 18.579762700000064], [73.97538160000005, 18.57999200000006], [73.9753643000001, 18.58002930000003], [73.97533470000008, 18.58006360000007], [73.97530000000006, 18.580092000000036], [73.97504070000008, 18.58030400000007]]}, "properties": {}}, {"type": "Feature", "geometry": {"type": "LineString", "coordinates": [[73.97455830000007, 18.580314700000034], [73.97470190000007, 18.580395700000057], [73.97472600000003, 18.580392900000046], [73.97481090000008, 18.58032710000003], [73.97528610000006, 18.579925100000025], [73.97535610000006, 18.579716100000045]]}, "properties": {}}, {"type": "Feature", "geometry": {"type": "LineString", "coordinates": [[73.97530000000006, 18.580092000000036], [73.97552260000003, 18.580315600000063]]}, "properties": {}}, {"type": "Feature", "geometry": {"type": "LineString", "coordinates": [[73.97530590000008, 18.58049630000005], [73.97551050000004, 18.580326400000047], [73.97552260000003, 18.580315600000063], [73.97593190000003, 18.579949000000052]]}, "properties": {}}, {"type": "Feature", "geometry": {"type": "LineString", "coordinates": [[73.97641790000006, 18.580358800000056], [73.97604730000006, 18.58018240000007], [73.97600230000006, 18.580189300000026], [73.97521620000003, 18.58087980000005]]}, "properties": {}}, {"type": "Feature", "geometry": {"type": "LineString", "coordinates": [[73.97714070000006, 18.58043740000005], [73.97700290000006, 18.58077140000006], [73.97697650000003, 18.580827400000036]]}, "properties": {}}, {"type": "Feature", "geometry": {"type": "LineString", "coordinates": [[73.97582900000003, 18.581433400000034], [73.97595640000003, 18.581200900000056], [73.97641790000006, 18.580358800000056], [73.97647350000005, 18.58025730000003], [73.97651240000005, 18.580186400000063]]}, "properties": {}}, {"type": "Feature", "geometry": {"type": "LineString", "coordinates": [[73.97609040000003, 18.581693100000052], [73.97682660000004, 18.580437300000032], [73.97688600000004, 18.58033610000007]]}, "properties": {}}, {"type": "Feature", "geometry": {"type": "LineString", "coordinates": [[73.97455980000007, 18.581296100000028], [73.97474790000007, 18.580749900000054], [73.97498070000006, 18.580835100000062]]}, "properties": {}}, {"type": "Feature", "geometry": {"type": "LineString", "coordinates": [[73.97697650000003, 18.580827400000036], [73.97694310000003, 18.58084670000005], [73.97673060000005, 18.581291000000018], [73.97673390000006, 18.581334900000062]]}, "properties": {}}, {"type": "Feature", "geometry": {"type": "LineString", "coordinates": [[73.97673390000006, 18.581334900000062], [73.97677300000004, 18.58131060000005], [73.97699040000003, 18.580867900000044], [73.97697650000003, 18.580827400000036]]}, "properties": {}}, {"type": "Feature", "geometry": {"type": "LineString", "coordinates": [[73.97595640000003, 18.581200900000056], [73.97552380000008, 18.580987200000035]]}, "properties": {}}, {"type": "Feature", "geometry": {"type": "LineString", "coordinates": [[73.97582900000003, 18.581433400000034], [73.97521620000003, 18.581128700000015]]}, "properties": {}}, {"type": "Feature", "geometry": {"type": "LineString", "coordinates": [[73.97392120000006, 18.581551000000047], [73.97432650000007, 18.581657600000028], [73.97469020000005, 18.58175330000006], [73.97503010000008, 18.581845200000032], [73.97538800000007, 18.581927700000048]]}, "properties": {}}, {"type": "Feature", "geometry": {"type": "LineString", "coordinates": [[73.97656560000007, 18.58170620000004], [73.97707210000004, 18.581818100000074], [73.97715390000008, 18.581844800000052], [73.97721690000003, 18.581885400000033], [73.97726790000007, 18.58193370000004], [73.97733900000003, 18.581965500000024], [73.97774460000005, 18.58204870000003], [73.97779960000008, 18.582048500000035], [73.97789450000005, 18.582021900000026], [73.97794590000007, 18.582011300000033], [73.97799330000004, 18.582008400000063], [73.97804040000005, 18.582013200000056], [73.97839980000003, 18.582097500000028]]}, "properties": {}}, {"type": "Feature", "geometry": {"type": "LineString", "coordinates": [[73.97698050000008, 18.582130300000074], [73.97647330000007, 18.582033700000068]]}, "properties": {}}, {"type": "Feature", "geometry": {"type": "LineString", "coordinates": [[73.97488740000006, 18.582372500000076], [73.97497370000008, 18.581998600000077], [73.97503010000008, 18.581845200000032]]}, "properties": {}}, {"type": "Feature", "geometry": {"type": "LineString", "coordinates": [[73.97642900000005, 18.583185100000037], [73.97718150000003, 18.583318100000042], [73.97735250000005, 18.583357500000034]]}, "properties": {}}, {"type": "Feature", "geometry": {"type": "LineString", "coordinates": [[73.97642900000005, 18.583185100000037], [73.97653780000007, 18.583498300000027], [73.97655800000007, 18.583516300000042], [73.97658470000005, 18.583512600000056], [73.97673830000008, 18.583462500000053], [73.97707290000005, 18.58335350000004], [73.97718150000003, 18.583318100000042]]}, "properties": {}}, {"type": "Feature", "geometry": {"type": "LineString", "coordinates": [[73.97473350000007, 18.58428450000002], [73.97585290000008, 18.583940600000066], [73.97593380000006, 18.58391830000005], [73.97597780000007, 18.58390620000006], [73.97620550000005, 18.58384360000002], [73.97648910000004, 18.58376560000005], [73.97656640000008, 18.58374430000003], [73.97679870000007, 18.58368040000005], [73.97682250000008, 18.583673900000065], [73.97716820000005, 18.58358600000003], [73.97731170000003, 18.58354950000006], [73.97773110000003, 18.58342970000007], [73.97819800000008, 18.583296400000048], [73.97890680000006, 18.583100600000023], [73.97940900000003, 18.582962500000065]]}, "properties": {}}, {"type": "Feature", "geometry": {"type": "LineString", "coordinates": [[73.97593380000006, 18.58391830000005], [73.97583630000008, 18.583610400000058], [73.97588500000006, 18.583360600000045]]}, "properties": {}}, {"type": "Feature", "geometry": {"type": "LineString", "coordinates": [[73.97791380000007, 18.584088100000027], [73.97773110000003, 18.58342970000007]]}, "properties": {}}, {"type": "Feature", "geometry": {"type": "LineString", "coordinates": [[73.95510350000008, 18.572090900000035], [73.95536730000003, 18.572270500000062], [73.95546040000005, 18.572333900000046], [73.95618460000003, 18.572827100000033], [73.95628600000003, 18.572894200000064], [73.95639960000005, 18.572969300000064], [73.95676890000004, 18.57318330000004], [73.95705310000005, 18.573336900000072], [73.95727160000007, 18.573452500000027], [73.95768930000008, 18.573657100000048], [73.95799940000006, 18.573801100000026], [73.95840810000004, 18.573976800000025], [73.95870650000006, 18.574112700000057], [73.95890550000007, 18.574204700000056], [73.95935580000008, 18.574408300000073], [73.95948520000007, 18.574466300000037], [73.95968710000005, 18.574556800000035], [73.95985190000005, 18.574630700000053], [73.95990560000007, 18.574650800000025], [73.96008460000007, 18.574717600000042], [73.96026080000007, 18.574783400000058], [73.96033040000003, 18.574808600000043], [73.96066490000004, 18.574929600000075], [73.96104760000003, 18.57506810000007], [73.96129480000008, 18.575157500000046], [73.96158660000003, 18.575273300000053], [73.96175700000003, 18.57534090000008], [73.96206930000005, 18.575475100000062], [73.96246970000004, 18.57564720000005], [73.96268220000007, 18.575722600000063], [73.96285670000003, 18.575784500000047], [73.96337310000007, 18.575942000000058], [73.96375290000003, 18.576057900000023], [73.96408840000004, 18.57616020000006], [73.96445960000005, 18.57627350000007], [73.96448940000005, 18.57628260000007], [73.96466460000005, 18.57632810000007], [73.96491070000008, 18.57639210000007], [73.96627240000004, 18.57674600000007], [73.96675150000004, 18.576852900000066], [73.96718200000004, 18.576930900000036], [73.96730210000004, 18.576945100000046], [73.96804770000006, 18.57703320000007], [73.96817310000006, 18.577046000000056], [73.96837190000008, 18.57706630000007], [73.96845420000005, 18.577074700000026], [73.96875080000007, 18.577093000000044], [73.96884880000005, 18.57711070000005], [73.96900500000004, 18.577139000000045], [73.96925490000007, 18.577198200000055], [73.96947860000006, 18.577275700000026], [73.96970050000004, 18.577369000000036], [73.97041420000005, 18.577691400000052], [73.97089490000008, 18.577908500000035], [73.97116740000007, 18.578013100000074], [73.97141530000005, 18.57811080000004], [73.97161850000003, 18.578191000000057], [73.97175300000004, 18.57824400000004], [73.97198090000006, 18.57832590000004], [73.97205600000007, 18.57835290000003], [73.97224560000006, 18.578421100000067], [73.97247660000005, 18.578527300000076], [73.97268300000007, 18.578669400000027], [73.97299150000003, 18.57890860000003], [73.97324810000003, 18.57906710000003], [73.97348190000008, 18.579171200000072], [73.97370790000008, 18.579247800000076], [73.97391660000005, 18.579299500000047], [73.97456610000006, 18.57943990000006], [73.97500150000008, 18.579580100000047], [73.97535610000006, 18.579716100000045], [73.97546100000005, 18.579762700000064], [73.97593190000003, 18.579949000000052], [73.97651240000005, 18.580186400000063], [73.97660550000006, 18.58022450000004], [73.97688600000004, 18.58033610000007], [73.97714070000006, 18.58043740000005], [73.97753910000006, 18.580595900000052], [73.97781070000008, 18.580679400000065], [73.97802560000008, 18.580729900000048], [73.97826440000007, 18.580753600000033], [73.97853770000006, 18.580770600000044], [73.97867460000003, 18.580773300000033], [73.97907770000006, 18.58077120000007], [73.98033900000007, 18.580782500000048], [73.98051660000004, 18.580778000000063], [73.98086360000008, 18.580769100000055], [73.98121230000004, 18.580760200000043], [73.98130300000008, 18.580751700000064], [73.98159520000007, 18.58072440000007], [73.98202860000004, 18.580639500000075], [73.98220570000007, 18.580599200000048], [73.98254500000007, 18.58052210000005], [73.98276760000005, 18.58048740000004], [73.98296290000008, 18.580483000000072], [73.98311010000003, 18.58050440000005], [73.98326790000004, 18.58053600000005], [73.98328280000004, 18.580539000000034], [73.98388190000003, 18.58072020000003], [73.98450260000004, 18.580907900000053], [73.98457350000007, 18.580929400000056], [73.98481560000005, 18.58100260000003], [73.98549750000006, 18.581208800000066], [73.98593090000008, 18.581339900000042], [73.98603070000009, 18.581370100000072], [73.98620290000008, 18.581427500000075], [73.98633760000007, 18.581476200000054], [73.98657750000007, 18.581576700000024], [73.98664080000003, 18.581605000000025], [73.98670920000006, 18.581635600000023], [73.98676650000004, 18.581661200000042], [73.98718790000004, 18.581874200000073], [73.98729860000003, 18.581927900000043], [73.98768540000003, 18.582115500000043], [73.98811390000003, 18.582349800000024], [73.98825860000005, 18.582437300000038], [73.98855550000007, 18.58261680000004], [73.98871280000003, 18.58271190000005], [73.98897440000007, 18.582873600000028], [73.98908850000004, 18.582944100000077], [73.98941780000007, 18.583138100000042], [73.98963060000005, 18.583266800000047], [73.98976180000005, 18.583346100000025], [73.99028560000005, 18.583662800000063], [73.99106020000005, 18.584124500000023], [73.99150580000008, 18.584400400000046], [73.99194520000003, 18.584666000000023], [73.99231010000005, 18.58488660000006], [73.99265760000003, 18.58509670000006], [73.99274330000003, 18.58514850000006], [73.99301310000004, 18.585318900000065], [73.99322940000008, 18.585478800000033], [73.99342110000005, 18.585621900000035], [73.99444790000007, 18.58651230000003], [73.99461280000008, 18.58665830000007], [73.99487470000008, 18.586890400000076], [73.99582720000006, 18.58793000000002], [73.99625100000003, 18.588423500000033], [73.99636470000007, 18.588552200000034], [73.99668040000006, 18.58887970000006], [73.99691810000007, 18.589126200000067], [73.99701810000005, 18.589229900000078], [73.99714920000008, 18.589399600000032], [73.99715630000003, 18.589408800000054], [73.99722680000009, 18.589500000000044], [73.99731140000006, 18.58960950000005], [73.99744940000005, 18.58980300000007], [73.99766420000003, 18.59010630000006], [73.99790340000004, 18.590444100000067], [73.99909620000005, 18.592482900000043], [73.99934760000008, 18.592865800000023], [73.99961010000004, 18.59324350000003], [73.99963920000005, 18.59328480000005], [73.99987050000006, 18.59365130000003], [74.00018800000004, 18.594064000000056], [74.00111930000008, 18.595386200000068], [74.00142780000004, 18.59577760000007]]}, "properties": {}}, {"type": "Feature", "geometry": {"type": "LineString", "coordinates": [[73.97682250000008, 18.583673900000065], [73.97722860000005, 18.584853800000076], [73.97728180000007, 18.58487140000005], [73.97744520000003, 18.584833800000062], [73.97751580000005, 18.584817500000046], [73.97776350000004, 18.584752000000037], [73.97799280000004, 18.58469140000005], [73.97811510000008, 18.584659000000038], [73.97820970000004, 18.58462830000007], [73.97831100000008, 18.584595500000027], [73.97837460000005, 18.58457310000006], [73.97842260000004, 18.584556200000065], [73.97848160000007, 18.584485000000033], [73.97847440000004, 18.584393900000066], [73.97844970000006, 18.584224500000058], [73.97834770000003, 18.583796900000042], [73.97819800000008, 18.583296400000048]]}, "properties": {}}, {"type": "Feature", "geometry": {"type": "LineString", "coordinates": [[73.97594400000008, 18.584296000000055], [73.97627180000006, 18.584218400000058]]}, "properties": {}}, {"type": "Feature", "geometry": {"type": "LineString", "coordinates": [[73.97620550000005, 18.58384360000002], [73.97627180000006, 18.584218400000058], [73.97635660000003, 18.584697400000035], [73.97635000000008, 18.584738600000037], [73.97631640000003, 18.58477340000007], [73.97594600000008, 18.58487800000006], [73.97590740000004, 18.584869500000025], [73.97589740000006, 18.584832900000038], [73.97594400000008, 18.584296000000055], [73.97597780000007, 18.58390620000006]]}, "properties": {}}, {"type": "Feature", "geometry": {"type": "LineString", "coordinates": [[73.97712480000007, 18.584933200000027], [73.97659940000005, 18.585096800000027], [73.97656650000005, 18.585107900000025], [73.97643980000004, 18.585120100000037], [73.97638140000004, 18.585125700000045], [73.97595810000007, 18.585286500000052], [73.97567370000009, 18.585375400000032], [73.97555950000003, 18.58539970000004], [73.97537660000006, 18.58541210000004], [73.97534540000004, 18.585410400000058], [73.97532340000004, 18.585400100000072], [73.97531390000006, 18.585376700000044], [73.97530840000007, 18.585341700000072], [73.97531150000003, 18.585257600000034], [73.97531320000007, 18.58521020000006], [73.97532330000007, 18.585177800000054], [73.97543770000006, 18.584947400000033], [73.97552710000008, 18.584777900000063], [73.97569790000006, 18.584585200000053], [73.97581980000007, 18.584400300000024], [73.97585290000008, 18.583940600000066]]}, "properties": {}}, {"type": "Feature", "geometry": {"type": "LineString", "coordinates": [[73.97434650000008, 18.58460750000006], [73.97431090000003, 18.584987500000068], [73.97426250000007, 18.58550450000007], [73.97464470000006, 18.585527400000046], [73.97468230000004, 18.585001700000074], [73.97472090000008, 18.584460900000064], [73.97473350000007, 18.58428450000002]]}, "properties": {}}, {"type": "Feature", "geometry": {"type": "LineString", "coordinates": [[73.97659940000005, 18.585096800000027], [73.97651490000004, 18.584833700000047], [73.97669740000003, 18.584779900000058]]}, "properties": {}}, {"type": "Feature", "geometry": {"type": "LineString", "coordinates": [[73.97431090000003, 18.584987500000068], [73.97468230000004, 18.585001700000074]]}, "properties": {}}, {"type": "Feature", "geometry": {"type": "LineString", "coordinates": [[73.97610000000003, 18.585661900000044], [73.97604370000005, 18.58542410000007]]}, "properties": {}}, {"type": "Feature", "geometry": {"type": "LineString", "coordinates": [[73.97411090000008, 18.585746000000025], [73.97413100000006, 18.585496100000057]]}, "properties": {}}, {"type": "Feature", "geometry": {"type": "LineString", "coordinates": [[73.97536060000004, 18.585801900000032], [73.97532550000005, 18.58554010000006]]}, "properties": {}}, {"type": "Feature", "geometry": {"type": "LineString", "coordinates": [[73.97536060000004, 18.585801900000032], [73.97610000000003, 18.585661900000044], [73.97647300000006, 18.585591200000067]]}, "properties": {}}, {"type": "Feature", "geometry": {"type": "LineString", "coordinates": [[74.00149620000008, 18.595734300000053], [74.00118900000007, 18.595344600000033], [74.00087280000008, 18.594895700000055], [74.00061170000004, 18.59452500000003], [74.00031680000006, 18.594106300000075], [73.99968120000005, 18.59320390000004], [73.99941940000008, 18.59282740000003], [73.99921540000008, 18.592517100000062], [73.99917000000005, 18.592447300000057], [73.99860280000007, 18.591459900000075], [73.99849080000007, 18.591265000000078], [73.99821010000005, 18.590776300000073], [73.99807550000008, 18.590541900000062], [73.99752630000006, 18.589771600000066], [73.99739680000005, 18.58958980000006], [73.99738120000006, 18.58956800000004], [73.99708480000004, 18.58918450000004], [73.99642160000008, 18.58843150000007], [73.99618920000006, 18.588167700000046], [73.99493600000005, 18.586839100000073], [73.99451540000007, 18.586466600000048], [73.99374100000006, 18.585796300000027], [73.99347650000004, 18.585565500000026], [73.99328200000008, 18.585420200000044], [73.99306300000006, 18.585258400000043], [73.99278990000005, 18.585085900000024], [73.99219080000006, 18.584722900000028], [73.99162460000008, 18.584386400000028], [73.99142570000004, 18.58427300000005], [73.99050040000004, 18.583707100000026], [73.98990600000008, 18.583343500000073], [73.98963130000004, 18.583178700000076], [73.98932500000006, 18.582995000000043], [73.98928490000003, 18.582967300000053], [73.98913760000005, 18.58288100000004], [73.98906540000007, 18.582837100000063], [73.98900320000007, 18.582799200000064], [73.98833920000004, 18.582401300000072], [73.98821130000005, 18.582322400000066], [73.98772610000003, 18.58204950000004], [73.98722740000005, 18.581807700000066], [73.98694560000007, 18.58166520000003], [73.98680480000007, 18.581594000000052], [73.98668480000005, 18.581540400000048], [73.98662190000005, 18.581512300000043], [73.98639480000008, 18.581410800000064], [73.98635250000007, 18.581396700000028], [73.98605780000008, 18.581298500000063], [73.98594690000004, 18.581265000000027], [73.98543360000008, 18.58111400000007], [73.98514710000006, 18.581029700000045], [73.98484520000005, 18.58094090000003], [73.98460700000004, 18.580859800000038], [73.98453980000005, 18.58083940000006], [73.98433200000007, 18.580776600000032], [73.98357320000008, 18.58054510000005], [73.98330690000006, 18.580466600000022], [73.98315540000004, 18.580427800000052], [73.98296680000004, 18.580407200000025], [73.98282050000006, 18.580410400000066], [73.98275960000007, 18.58041180000003], [73.98255990000007, 18.580442900000033], [73.98252810000008, 18.580447900000017], [73.98222250000003, 18.58051530000006], [73.98201010000008, 18.580565700000022], [73.98166610000004, 18.580633000000027], [73.98158230000007, 18.580649400000027], [73.98120690000007, 18.58068460000004], [73.98033900000007, 18.580706700000064], [73.97986790000004, 18.580694100000077], [73.97876130000003, 18.580667100000024], [73.97866710000005, 18.58066480000002], [73.97851430000003, 18.580662900000057], [73.97826750000007, 18.58065130000006], [73.97802230000008, 18.580636000000027], [73.97783090000007, 18.58060570000003], [73.97756890000005, 18.580525100000038], [73.97738470000007, 18.580451800000052], [73.97673030000004, 18.580191600000035], [73.97663960000006, 18.580155500000046], [73.97555530000005, 18.57968750000003], [73.97551050000004, 18.579669200000072], [73.97526100000005, 18.579567400000023], [73.97515510000005, 18.57952940000007], [73.97500220000006, 18.57947450000006], [73.97467860000006, 18.57938600000006], [73.97433790000008, 18.57930810000005], [73.97417780000006, 18.579271500000058], [73.97396660000004, 18.579223300000024], [73.97383180000008, 18.57919620000007], [73.97373870000007, 18.57917740000005], [73.97351450000008, 18.579101400000066], [73.97328960000004, 18.57900140000004], [73.97307600000005, 18.578870800000065], [73.97298780000006, 18.57880310000007], [73.97271210000008, 18.578598800000066], [73.97252120000007, 18.578463100000018], [73.97237940000008, 18.578397900000027], [73.97227940000005, 18.57835190000003], [73.97192210000003, 18.57822350000003], [73.97178450000007, 18.578174000000047], [73.97164910000004, 18.57812060000003], [73.97119980000008, 18.577943500000064], [73.97102270000005, 18.577875500000058], [73.97092930000008, 18.57783960000006], [73.97047920000006, 18.577636300000048], [73.96973660000003, 18.57730090000007], [73.96947920000008, 18.577188900000067], [73.96927880000004, 18.577125600000045], [73.96902330000006, 18.577065100000024], [73.96876260000005, 18.57701790000004], [73.96846360000006, 18.576999400000034]]}, "properties": {}}, {"type": "Feature", "geometry": {"type": "LineString", "coordinates": [[73.97793370000005, 18.586333900000053], [73.97765360000005, 18.586265800000035], [73.97749530000004, 18.586207700000045], [73.97736410000005, 18.58615950000006], [73.97726930000005, 18.58611920000004], [73.97722290000007, 18.58609950000004], [73.97709320000007, 18.58604440000005], [73.97684100000004, 18.585929400000055], [73.97655150000008, 18.585840800000028], [73.97646140000006, 18.58583970000006], [73.97635810000008, 18.58584490000004], [73.97614730000004, 18.58586270000006], [73.97563500000007, 18.585949700000068], [73.97553090000008, 18.585994000000028], [73.97536530000008, 18.585911600000035], [73.97521590000008, 18.585893900000027], [73.97514120000005, 18.585929400000058], [73.97508000000005, 18.58606080000004], [73.97496370000005, 18.586230400000034], [73.97497300000003, 18.586416300000057]]}, "properties": {}}, {"type": "Feature", "geometry": {"type": "LineString", "coordinates": [[73.97686790000006, 18.58747020000004], [73.97677820000007, 18.587045100000065], [73.97675790000005, 18.586954800000054], [73.97674510000007, 18.586882300000063], [73.97673840000004, 18.58679820000003], [73.97674760000007, 18.586478200000048], [73.97677570000008, 18.586248100000034], [73.97684100000004, 18.585929400000055]]}, "properties": {}}, {"type": "Feature", "geometry": {"type": "LineString", "coordinates": [[73.98024330000004, 18.58505400000007], [73.98015450000008, 18.58519260000003], [73.98009780000007, 18.585303400000043], [73.97990070000003, 18.58553250000006], [73.97955600000006, 18.585900500000037], [73.97924970000008, 18.586153900000053], [73.97912090000005, 18.586285600000053], [73.97898750000007, 18.586409800000066], [73.97882490000006, 18.586498600000027], [73.97865600000006, 18.58646550000003], [73.97859700000004, 18.58652140000003], [73.97860270000007, 18.586563300000023], [73.97859160000007, 18.58661290000003], [73.97857250000004, 18.586668900000056], [73.97851530000008, 18.586812800000075], [73.97846140000007, 18.58694600000007], [73.97842160000005, 18.58702000000005], [73.97841010000008, 18.587098200000064], [73.97835110000005, 18.587345900000056], [73.97805940000006, 18.58736810000005], [73.97799340000006, 18.587492600000072], [73.97797730000008, 18.58759680000003], [73.97795050000008, 18.587744300000054], [73.97793170000006, 18.58787390000003], [73.97794250000004, 18.58794000000006], [73.97798270000004, 18.587978200000066], [73.97806580000008, 18.587995900000067], [73.97953030000008, 18.588130700000022], [73.97964300000007, 18.58811040000006], [73.97976900000003, 18.588059500000035], [73.97989240000004, 18.58803410000007], [73.98004530000003, 18.58804430000004], [73.98016600000005, 18.588130700000026], [73.98032430000006, 18.588326400000028], [73.98052010000004, 18.588562900000056], [73.98064880000004, 18.588644200000036], [73.98088480000007, 18.588641700000043], [73.98125670000007, 18.588628700000072]]}, "properties": {}}, {"type": "Feature", "geometry": {"type": "LineString", "coordinates": [[73.97677820000007, 18.587045100000065], [73.97696260000004, 18.58701210000004], [73.97706840000006, 18.587000700000033], [73.97748860000007, 18.586991000000072]]}, "properties": {}}, {"type": "Feature", "geometry": {"type": "LineString", "coordinates": [[73.97768190000005, 18.586853300000026], [73.97761020000007, 18.586916700000078], [73.97757660000008, 18.586941400000054], [73.97748860000007, 18.586991000000072], [73.97735020000005, 18.587073900000064], [73.97721630000007, 18.58718700000003], [73.97704530000004, 18.587319700000027], [73.97686790000006, 18.58747020000004], [73.97668110000006, 18.587634000000037], [73.97660630000007, 18.587740200000038], [73.97647090000004, 18.58794830000005]]}, "properties": {}}, {"type": "Feature", "geometry": {"type": "MultiLineString", "coordinates": [[[73.98176010000003, 18.587100900000056], [73.98172400000004, 18.587094200000024]], [[73.98172400000004, 18.587094200000024], [73.98165960000006, 18.587367500000024], [73.98144990000003, 18.587378700000045], [73.98113750000005, 18.587348200000065], [73.98116340000007, 18.587110400000025], [73.98148030000004, 18.587142900000057], [73.98151180000008, 18.58689400000003], [73.98174830000005, 18.58692520000005], [73.98172400000004, 18.587094200000024]]]}, "properties": {}}, {"type": "Feature", "geometry": {"type": "LineString", "coordinates": [[73.98109040000008, 18.58750150000003], [73.98108170000006, 18.587595800000035], [73.98155460000004, 18.587633100000062], [73.98156230000006, 18.587594500000023], [73.98157130000004, 18.587595100000044]]}, "properties": {}}, {"type": "Feature", "geometry": {"type": "LineString", "coordinates": [[73.97507460000008, 18.58931990000008], [73.97505830000006, 18.589103000000016], [73.97506530000004, 18.589047600000068], [73.97510960000005, 18.58900340000002], [73.97596430000004, 18.588567400000045], [73.97600160000007, 18.588523100000028], [73.97602030000007, 18.588472200000066], [73.97603550000008, 18.588157900000056], [73.97605300000004, 18.588115900000044], [73.97614670000007, 18.58800370000006]]}, "properties": {}}, {"type": "Feature", "geometry": {"type": "LineString", "coordinates": [[73.97376370000006, 18.590772600000037], [73.97367740000004, 18.591079400000073], [73.97366810000005, 18.591132000000073], [73.97368660000006, 18.591184600000076], [73.97431860000007, 18.591623000000023], [73.97438950000003, 18.59164630000003], [73.97449130000007, 18.591631700000054], [73.97480570000005, 18.591617100000057], [73.97491980000008, 18.591617100000065], [73.97531910000004, 18.591660000000044]]}, "properties": {}}, {"type": "Feature", "geometry": {"type": "LineString", "coordinates": [[73.97303080000006, 18.593944600000043], [73.97318260000003, 18.593486300000055], [73.97324450000009, 18.593298600000026], [73.97334260000008, 18.59319290000008], [73.97350500000005, 18.593113600000038], [73.97382550000003, 18.59309690000003], [73.97396790000005, 18.59305900000004], [73.97405410000005, 18.59298920000003], [73.97412300000008, 18.592845500000067], [73.97420470000003, 18.592732300000023], [73.97442900000004, 18.59240790000007], [73.97453530000007, 18.59237270000005], [73.97501160000007, 18.59228870000004], [73.97505410000008, 18.59226190000004], [73.97509300000007, 18.592211500000072], [73.97522460000005, 18.591932000000043]]}, "properties": {}}, {"type": "Feature", "geometry": {"type": "LineString", "coordinates": [[73.98021790000007, 18.590795400000047], [73.98025260000003, 18.590871900000025], [73.98028750000003, 18.590917700000038], [73.98033110000006, 18.590964400000075], [73.98037060000007, 18.591006600000068], [73.98040020000008, 18.591055000000033], [73.98040820000006, 18.591090500000064], [73.98040280000004, 18.591136300000077], [73.98039210000007, 18.591232900000023], [73.98038940000004, 18.591286300000036], [73.98040280000004, 18.59133460000004], [73.98044310000006, 18.591403200000062], [73.98046720000008, 18.591449000000072], [73.98047790000004, 18.591520200000048], [73.98046180000006, 18.591637100000074], [73.98043500000006, 18.591954900000072], [73.98044310000006, 18.592008300000032], [73.98047260000004, 18.592054100000038], [73.98052620000004, 18.592092200000025], [73.98057670000003, 18.592095000000025], [73.98064960000005, 18.59208200000006], [73.98077570000004, 18.59204130000006], [73.98089900000008, 18.592018500000055], [73.98110290000005, 18.59198290000006], [73.98117150000007, 18.591967000000068], [73.98119580000008, 18.591961300000037], [73.98123430000004, 18.591952400000025], [73.98138990000007, 18.59189390000006], [73.98166590000005, 18.591773700000033], [73.98167040000004, 18.591516700000057], [73.98187560000008, 18.591460400000077]]}, "properties": {}}, {"type": "Feature", "geometry": {"type": "LineString", "coordinates": [[73.98103140000006, 18.592394300000027], [73.98115850000005, 18.592202100000062], [73.98115950000005, 18.592110400000024], [73.98117150000007, 18.591967000000068], [73.98117250000007, 18.591954900000076]]}, "properties": {}}, {"type": "Feature", "geometry": {"type": "LineString", "coordinates": [[73.98057670000003, 18.592095000000025], [73.98070020000006, 18.592271000000043], [73.98076740000005, 18.592328300000077], [73.98086970000008, 18.59237410000003], [73.98103140000006, 18.592394300000027], [73.98123970000006, 18.59237180000002], [73.98130670000006, 18.59236170000003], [73.98142740000003, 18.59233880000005], [73.98155850000006, 18.592344000000022], [73.9816678000001, 18.59235440000003], [73.98177340000007, 18.592349000000066], [73.98185390000003, 18.59234390000006], [73.98192630000005, 18.59231340000002], [73.98197300000004, 18.592260200000055], [73.98208260000007, 18.591967800000074]]}, "properties": {}}, {"type": "Feature", "geometry": {"type": "LineString", "coordinates": [[73.97851520000006, 18.59433750000005], [73.98068690000008, 18.59451170000006], [73.98099060000004, 18.594540500000054], [73.98104350000006, 18.594537900000034], [73.98112510000004, 18.594533800000022], [73.98127020000004, 18.594520400000018], [73.98135160000004, 18.594503600000056], [73.98144010000004, 18.59446340000005], [73.98162060000004, 18.59437610000003], [73.98178690000003, 18.594299000000035], [73.98187890000008, 18.594275500000034], [73.98195320000008, 18.594268800000066], [73.98202400000008, 18.594272200000027], [73.98214080000008, 18.594305700000064], [73.98221510000009, 18.594322500000033], [73.98231420000008, 18.594319100000067], [73.98277430000007, 18.594258700000065]]}, "properties": {}}, {"type": "Feature", "geometry": {"type": "LineString", "coordinates": [[73.98036060000004, 18.59491290000005], [73.98051630000003, 18.59490610000006], [73.98059770000003, 18.594899400000028], [73.98066850000004, 18.594879300000056], [73.98077120000005, 18.594815600000054], [73.98104350000006, 18.594537900000034]]}, "properties": {}}, {"type": "Feature", "geometry": {"type": "LineString", "coordinates": [[73.98172670000008, 18.593151800000044], [73.98151080000008, 18.59366500000004], [73.98148250000008, 18.593758900000065], [73.98148610000004, 18.593849500000033], [73.98153560000003, 18.59408770000005], [73.98162060000004, 18.59437610000003], [73.98171860000008, 18.594568600000052], [73.98182120000007, 18.594877300000057], [73.98186730000003, 18.595008100000026], [73.98189200000009, 18.595159000000024], [73.98190970000007, 18.59527980000007], [73.98192390000008, 18.595340200000063], [73.98196280000008, 18.595434100000034], [73.98202980000008, 18.595579000000043], [73.98209080000005, 18.59570420000006], [73.98211520000007, 18.595781200000033], [73.98213150000004, 18.595950800000022], [73.98209840000004, 18.596098600000055], [73.98205100000007, 18.59636250000006], [73.98188570000008, 18.597213000000067]]}, "properties": {}}, {"type": "Feature", "geometry": {"type": "LineString", "coordinates": [[73.97615000000008, 18.593296300000077], [73.97596410000006, 18.593411500000055], [73.97590240000005, 18.593432200000056], [73.97557500000005, 18.593469800000033], [73.97515700000008, 18.593536800000035], [73.97506430000004, 18.59357010000002], [73.97497880000003, 18.593615800000062], [73.97481010000008, 18.59372570000005], [73.97435670000004, 18.59402170000004], [73.97410010000004, 18.59436590000007], [73.97402410000007, 18.59443130000005], [73.97394800000006, 18.594452900000014], [73.97383870000004, 18.594455900000074], [73.97348300000004, 18.594394600000044], [73.97338720000005, 18.59437690000004]]}, "properties": {}}, {"type": "Feature", "geometry": {"type": "LineString", "coordinates": [[73.97417280000008, 18.595840500000058], [73.97441560000004, 18.595776400000034], [73.97450670000006, 18.595767500000022], [73.97469120000005, 18.595787400000063], [73.97488400000003, 18.59584650000005]]}, "properties": {}}, {"type": "Feature", "geometry": {"type": "LineString", "coordinates": [[73.97285240000008, 18.602776800000072], [73.97333530000003, 18.60277720000005], [73.97357630000005, 18.602777200000048], [73.97385550000007, 18.602777100000022], [73.97409650000003, 18.602790600000045], [73.97415010000003, 18.602793600000044], [73.9745389000001, 18.60285020000003], [73.97536650000006, 18.602823600000022], [73.97552090000005, 18.60282630000006], [73.97583810000003, 18.602867600000025], [73.97598630000005, 18.602869100000078], [73.97698760000003, 18.602730400000038], [73.97730410000008, 18.60261860000003], [73.97756700000008, 18.60247110000006], [73.97763480000003, 18.602364200000068], [73.97767430000005, 18.60211010000006], [73.97781370000007, 18.601017100000035]]}, "properties": {}}, {"type": "Feature", "geometry": {"type": "LineString", "coordinates": [[73.97860660000003, 18.60111350000005], [73.97859130000006, 18.601251000000047], [73.97861470000004, 18.601321800000047], [73.97869410000004, 18.601432500000044], [73.97871740000005, 18.60150770000007], [73.97872680000006, 18.601640500000023], [73.97872680000006, 18.601715700000057], [73.97876880000007, 18.60179540000007], [73.97881080000008, 18.60187950000005], [73.97882020000003, 18.60196360000003], [73.97871280000004, 18.602437200000054], [73.97865210000003, 18.60252130000003], [73.97857730000004, 18.602565500000026], [73.97843260000008, 18.602596500000065], [73.97836250000006, 18.60261420000006], [73.97832050000005, 18.602671800000056], [73.97826910000003, 18.60291080000008], [73.9782545706336, 18.60303730879113]]}, "properties": {}}, {"type": "Feature", "geometry": {"type": "LineString", "coordinates": [[73.95888040000006, 18.604075400000053], [73.95879430000008, 18.60339280000005], [73.95879700000006, 18.603035400000067]]}, "properties": {}}, {"type": "Feature", "geometry": {"type": "LineString", "coordinates": [[73.95526650000005, 18.60416160000005], [73.95541680000008, 18.604122900000053], [73.95572610000005, 18.604110400000025], [73.95610080000006, 18.604089600000062], [73.95614960000006, 18.604109500000053], [73.95618900000005, 18.604109500000053], [73.95642620000007, 18.604088800000056], [73.95657860000006, 18.604098600000047], [73.95706590000003, 18.604068300000048], [73.95713110000008, 18.604058900000037], [73.95719130000003, 18.604040100000077], [73.95727700000003, 18.603991000000068], [73.95731730000007, 18.603972600000077], [73.95735970000004, 18.60397110000002], [73.95738510000007, 18.603990900000042], [73.95750110000006, 18.604155500000047]]}, "properties": {}}, {"type": "Feature", "geometry": {"type": "LineString", "coordinates": [[73.95712600000007, 18.604993200000024], [73.95744980000006, 18.604999900000053], [73.95747280000006, 18.604989900000074], [73.95749230000007, 18.60495130000004], [73.95749230000007, 18.604880800000046], [73.95747110000008, 18.604189900000044], [73.95748340000006, 18.604161400000066], [73.95750110000006, 18.604155500000047], [73.95751350000006, 18.60415130000007], [73.95757190000006, 18.60413960000005], [73.95888040000006, 18.604075400000053], [73.95923180000005, 18.60405570000006], [73.95933970000004, 18.604062400000032], [73.95938580000006, 18.604080900000042], [73.95941050000005, 18.604109400000027], [73.95942650000006, 18.604168100000038], [73.95964740000005, 18.605195200000022]]}, "properties": {}}, {"type": "Feature", "geometry": {"type": "LineString", "coordinates": [[73.95889930000004, 18.60519120000003], [73.95884700000005, 18.604594100000043]]}, "properties": {}}, {"type": "Feature", "geometry": {"type": "LineString", "coordinates": [[73.95889930000004, 18.60519120000003], [73.95881490000005, 18.605209500000054], [73.95830740000008, 18.605319400000038], [73.95837630000005, 18.604884200000072]]}, "properties": {}}, {"type": "Feature", "geometry": {"type": "LineString", "coordinates": [[73.95964740000005, 18.605195200000022], [73.95958550000006, 18.605145300000057], [73.95948220000008, 18.605127200000027], [73.95923730000004, 18.60513450000007], [73.95897710000008, 18.605174400000067], [73.95889930000004, 18.60519120000003]]}, "properties": {}}, {"type": "Feature", "geometry": {"type": "LineString", "coordinates": [[73.95964740000005, 18.605195200000022], [73.95949730000007, 18.605222400000063], [73.95774120000004, 18.605541100000032], [73.95766910000003, 18.605580600000057], [73.95759700000008, 18.605659000000056], [73.95752300000004, 18.605773000000056], [73.95700370000003, 18.607203000000027], [73.95687320000008, 18.607580900000077]]}, "properties": {}}, {"type": "Feature", "geometry": {"type": "LineString", "coordinates": [[73.96322860000004, 18.614858600000044], [73.96319130000006, 18.614622500000056], [73.96271890000008, 18.61414630000007], [73.96222350000005, 18.613788100000022], [73.96193000000005, 18.61266870000003], [73.96167950000006, 18.61236350000007], [73.96151340000006, 18.612170800000058], [73.96094080000006, 18.611980900000045], [73.96064300000006, 18.61177190000006], [73.96034520000006, 18.611614500000023], [73.96005600000007, 18.611240000000063], [73.95952630000005, 18.610822200000026], [73.95948910000004, 18.61064030000005], [73.95936020000005, 18.61050190000003], [73.95918110000008, 18.61019660000005], [73.95864480000006, 18.60985370000003], [73.95856870000006, 18.60983020000003], [73.95838290000006, 18.609768200000076], [73.95834040000005, 18.609734600000014], [73.95829090000007, 18.609672600000064], [73.95811740000005, 18.609208000000024], [73.95797230000007, 18.60892790000003], [73.95796350000008, 18.608881000000054], [73.95797230000007, 18.608844100000056], [73.95801830000005, 18.608733400000066], [73.95803250000006, 18.608683100000064], [73.95802720000006, 18.608632800000063], [73.95792810000006, 18.60831240000004], [73.95782190000006, 18.608067600000027], [73.95779710000006, 18.607988800000044], [73.95770510000006, 18.607363200000066], [73.95768740000007, 18.60733130000006], [73.95763960000005, 18.607301200000048], [73.95700370000003, 18.607203000000027]]}, "properties": {}}, {"type": "Feature", "geometry": {"type": "LineString", "coordinates": [[73.94783991836042, 18.620369054041085], [73.94783520000004, 18.620359300000075], [73.94774050000007, 18.62007660000006], [73.94768620000008, 18.619914600000072], [73.94746090000007, 18.619514200000026], [73.94732740000006, 18.61933430000004], [73.94724490000004, 18.619251100000042], [73.94715240000005, 18.619182500000026], [73.94678980000003, 18.618971000000037], [73.94672270000007, 18.61890490000007], [73.94669190000008, 18.618856600000065], [73.94658600000008, 18.618560500000058], [73.94654970000005, 18.618505800000037], [73.94648700000005, 18.618448100000023], [73.94639650000005, 18.61839690000005], [73.94608790000008, 18.618327300000022], [73.94603290000003, 18.618291400000032], [73.94580830000007, 18.617968000000076], [73.94574430000006, 18.617895000000033], [73.94555050000008, 18.617691500000035], [73.94548680000008, 18.617645900000067], [73.94524000000007, 18.617549400000033], [73.94505860000004, 18.617466500000027], [73.94491900000008, 18.617402700000074], [73.94477700000004, 18.617294100000034], [73.94458560000004, 18.61714770000003], [73.94451670000007, 18.617080700000024], [73.94443610000008, 18.61701600000003], [73.94433600000008, 18.616898400000025], [73.94425830000006, 18.61680710000007], [73.94400700000006, 18.616391000000082], [73.94366820000005, 18.61580560000004], [73.94343510000004, 18.61542510000004], [73.94331950000003, 18.61523630000005], [73.94302530000004, 18.614804900000028], [73.94285710000008, 18.614440500000054], [73.94283760000008, 18.614377900000022], [73.94281070000005, 18.614057600000027], [73.94280630000003, 18.61398510000004], [73.94278330000003, 18.613601300000028], [73.94277710000006, 18.613499000000047], [73.94274130000008, 18.61342120000006], [73.94264540000006, 18.61333500000006], [73.94257690000006, 18.613294500000055], [73.94218090000004, 18.613134500000054], [73.94189900000003, 18.61301790000004], [73.94158760000005, 18.612827300000053], [73.94155740000008, 18.612800400000022], [73.94135300000005, 18.612617900000032], [73.94130960000007, 18.612579200000024], [73.94116250000008, 18.612482000000053], [73.94106240000008, 18.612430000000074], [73.94098870000006, 18.612391700000046], [73.94082510000004, 18.612323200000045], [73.94071820000005, 18.612296800000024], [73.94046130000004, 18.612270500000026], [73.94035280000008, 18.612259400000024], [73.94023910000004, 18.61224780000003], [73.93988580000007, 18.612211600000027], [73.93973940000006, 18.612161800000017], [73.93958920000006, 18.61208980000004], [73.93945180000003, 18.61199790000006], [73.93912300000005, 18.61183090000003], [73.93901730000005, 18.611789400000077], [73.93821260000004, 18.611636900000065], [73.93811040000008, 18.611618100000047], [73.93774670000005, 18.611551200000065], [73.93732230000006, 18.61137270000006], [73.93720690000004, 18.611317600000056], [73.93697610000004, 18.611126300000024], [73.93688060000005, 18.611030800000034], [73.93683060000006, 18.61091880000004], [73.93682240000004, 18.61085810000003], [73.93682280000007, 18.610785100000047], [73.93697960000003, 18.610242100000058], [73.93698900000005, 18.610001800000077], [73.93698500000005, 18.60988370000007], [73.93694920000007, 18.60984420000005], [73.93672670000007, 18.60972540000006], [73.93663580000003, 18.60968240000005], [73.93637420000005, 18.609496900000064], [73.93561500000004, 18.60896180000003], [73.93554110000008, 18.60890680000005], [73.93543940000006, 18.60881040000004], [73.93538640000008, 18.608760200000063], [73.93518710000006, 18.608337400000035], [73.93506930000007, 18.608097300000047], [73.93498230000006, 18.607982700000036], [73.93477000000007, 18.607769700000066], [73.93444080000006, 18.60747040000007], [73.93397410000006, 18.607061400000074], [73.93384590000005, 18.606934700000068], [73.93377500000008, 18.606867700000066], [73.93351950000005, 18.606565700000036], [73.93340290000003, 18.60640650000005], [73.93318620000008, 18.606110600000022], [73.93297490000003, 18.605776100000067], [73.93280420000008, 18.605505900000026], [73.93265050000008, 18.60526260000006], [73.93254330000008, 18.605101200000036], [73.93230270000004, 18.60475320000006], [73.93223040000004, 18.604647200000045], [73.93200310000003, 18.60431430000006], [73.93195650000007, 18.604256000000074], [73.93188260000005, 18.604163400000054], [73.93184510000003, 18.604128100000025], [73.93163530000004, 18.603930600000073], [73.93146790000003, 18.603778400000063], [73.93100900000007, 18.60336120000005], [73.93064060000006, 18.60314580000005], [73.93046460000005, 18.603062700000066], [73.93035990000004, 18.603005300000056], [73.93007900000003, 18.60293960000007], [73.92972810000003, 18.602857600000046], [73.92954620000006, 18.60282860000007], [73.92932720000005, 18.602793700000056], [73.92918700000007, 18.602771300000025], [73.92899500000004, 18.602757700000037], [73.92865860000006, 18.60276020000003], [73.92804790000008, 18.60277650000006], [73.92796160000006, 18.602797100000025], [73.92764190000008, 18.602935600000023], [73.92754480000008, 18.60298290000003]]}, "properties": {}}, {"type": "Feature", "geometry": {"type": "LineString", "coordinates": [[73.93377500000008, 18.606867700000066], [73.93335450000006, 18.606959700000054], [73.93331740000008, 18.606985900000037], [73.93330830000008, 18.607025300000032], [73.93331570000004, 18.607190400000036], [73.93333200000006, 18.60755780000005]]}, "properties": {}}, {"type": "Feature", "geometry": {"type": "LineString", "coordinates": [[73.93232070000005, 18.60730020000005], [73.93331570000004, 18.607190400000036]]}, "properties": {}}, {"type": "Feature", "geometry": {"type": "LineString", "coordinates": [[73.93444080000006, 18.60747040000007], [73.93462780000004, 18.60742400000003], [73.93522560000008, 18.607323900000036], [73.93529270000005, 18.607316300000033], [73.93533940000003, 18.60732890000003], [73.93537900000007, 18.607384800000037], [73.93554190000005, 18.60769390000007], [73.93568450000004, 18.607964700000025], [73.93598760000003, 18.607825600000073]]}, "properties": {}}, {"type": "Feature", "geometry": {"type": "LineString", "coordinates": [[73.93477000000007, 18.607769700000066], [73.93456200000003, 18.607955400000034], [73.93454660000003, 18.60798310000007], [73.93454510000004, 18.608010900000068], [73.93460050000004, 18.60831980000006], [73.93459110000003, 18.608346500000035], [73.93457500000005, 18.608365600000067], [73.93454680000008, 18.608383400000033], [73.93449050000004, 18.608384700000048], [73.93420480000003, 18.608378300000027], [73.93416590000004, 18.608391000000037], [73.93413510000005, 18.60841640000007], [73.93412440000003, 18.608450700000045], [73.93415250000004, 18.608693500000072], [73.93415520000008, 18.60873800000007], [73.93415120000003, 18.608781200000067], [73.93406670000007, 18.60919680000006], [73.93403320000004, 18.609514600000065], [73.93401570000003, 18.60955020000005], [73.93399030000006, 18.60957430000008], [73.93395940000005, 18.609602300000063], [73.93393800000007, 18.609634000000028], [73.93389200000007, 18.609846600000026]]}, "properties": {}}, {"type": "Feature", "geometry": {"type": "LineString", "coordinates": [[73.93530160000006, 18.60931860000005], [73.93523080000006, 18.609418300000073], [73.93521690000006, 18.60944600000004], [73.93521690000006, 18.609481000000066], [73.93530250000003, 18.609898000000047]]}, "properties": {}}, {"type": "Feature", "geometry": {"type": "LineString", "coordinates": [[73.94095860000004, 18.61300790000007], [73.94102770000006, 18.61266580000005], [73.94102230000004, 18.612625600000058], [73.94101170000005, 18.612587000000076], [73.94100820000006, 18.612553500000047], [73.94102590000006, 18.612503200000045], [73.94106240000008, 18.612430000000074]]}, "properties": {}}, {"type": "Feature", "geometry": {"type": "LineString", "coordinates": [[73.94032990000005, 18.61379240000002], [73.94037150000008, 18.61301350000002], [73.94040180000007, 18.61276270000008], [73.94046130000004, 18.612270500000026]]}, "properties": {}}, {"type": "Feature", "geometry": {"type": "LineString", "coordinates": [[73.93898920000004, 18.61371630000008], [73.93946060000007, 18.613746900000024], [73.93953320000008, 18.612723900000045]]}, "properties": {}}, {"type": "Feature", "geometry": {"type": "LineString", "coordinates": [[73.93899680000004, 18.613573700000074], [73.93836100000004, 18.61351890000003], [73.93833700000005, 18.613497500000047], [73.93832630000003, 18.613465700000056], [73.93839550000007, 18.612272800000028], [73.93840670000003, 18.612236800000062], [73.93844430000007, 18.612216400000023], [73.93907190000004, 18.61228250000005]]}, "properties": {}}, {"type": "Feature", "geometry": {"type": "LineString", "coordinates": [[73.93836100000004, 18.61351890000003], [73.93807660000004, 18.613511800000023]]}, "properties": {}}, {"type": "Feature", "geometry": {"type": "LineString", "coordinates": [[73.93895550000008, 18.61605650000007], [73.93895920000006, 18.614275200000062], [73.93898920000004, 18.61371630000008], [73.93899680000004, 18.613573700000074], [73.93903970000008, 18.613100900000063], [73.93907190000004, 18.61228250000005], [73.93912300000005, 18.61183090000003]]}, "properties": {}}, {"type": "Feature", "geometry": {"type": "LineString", "coordinates": [[73.93942400000003, 18.614656300000036], [73.93943790000003, 18.614380400000076], [73.93943330000008, 18.614338100000055], [73.93940550000008, 18.61431320000002], [73.93936860000008, 18.614303000000064], [73.93895920000006, 18.614275200000062]]}, "properties": {}}, {"type": "Feature", "geometry": {"type": "LineString", "coordinates": [[73.94100820000006, 18.612553500000047], [73.94088080000006, 18.612905500000068], [73.94082230000004, 18.613568500000042], [73.94081500000004, 18.61406750000003]]}, "properties": {}}, {"type": "Feature", "geometry": {"type": "LineString", "coordinates": [[73.94134300000007, 18.613582900000043], [73.94163080000004, 18.61367750000005], [73.94217790000005, 18.61389040000006]]}, "properties": {}}, {"type": "Feature", "geometry": {"type": "LineString", "coordinates": [[73.94153300000005, 18.61404280000005], [73.94121790000008, 18.61394260000003]]}, "properties": {}}, {"type": "Feature", "geometry": {"type": "LineString", "coordinates": [[73.94149590000006, 18.614281800000064], [73.94185880000003, 18.614432500000074]]}, "properties": {}}, {"type": "Feature", "geometry": {"type": "LineString", "coordinates": [[73.94095590000006, 18.61572950000004], [73.94140540000006, 18.614615800000024], [73.94147130000005, 18.614420900000027], [73.94147330000006, 18.61441110000004], [73.94148420000005, 18.61435690000008], [73.94149590000006, 18.614281800000064], [73.94153300000005, 18.61404280000005], [73.94153950000003, 18.614000700000073], [73.94163080000004, 18.61367750000005], [73.94177680000008, 18.613304200000076], [73.94189900000003, 18.61301790000004]]}, "properties": {}}, {"type": "Feature", "geometry": {"type": "LineString", "coordinates": [[73.94147330000006, 18.61441110000004], [73.94180790000007, 18.61454690000005]]}, "properties": {}}, {"type": "Feature", "geometry": {"type": "LineString", "coordinates": [[73.94190930000008, 18.614771800000028], [73.94204420000005, 18.61491660000007]]}, "properties": {}}, {"type": "Feature", "geometry": {"type": "LineString", "coordinates": [[73.93826190000004, 18.617835800000016], [73.93840670000003, 18.616633900000068], [73.93844850000005, 18.61619640000004], [73.93847650000004, 18.61590270000005], [73.93849750000004, 18.614290100000066], [73.93850860000003, 18.61426510000007], [73.93853540000003, 18.614258300000074], [73.93895920000006, 18.614275200000062]]}, "properties": {}}, {"type": "Feature", "geometry": {"type": "LineString", "coordinates": [[73.93942400000003, 18.614656300000036], [73.93942660000005, 18.616022900000072]]}, "properties": {}}, {"type": "Feature", "geometry": {"type": "LineString", "coordinates": [[73.84570820000005, 18.439999700000044], [73.84605150000004, 18.439905500000062]]}, "properties": {}}, {"type": "Feature", "geometry": {"type": "LineString", "coordinates": [[73.84605150000004, 18.439905500000062], [73.84619030000005, 18.43994680000003], [73.84643910000005, 18.440153700000053], [73.84672340000003, 18.440451300000063], [73.84688370000003, 18.44062620000005], [73.84703020000008, 18.44080710000003]]}, "properties": {}}, {"type": "Feature", "geometry": {"type": "LineString", "coordinates": [[73.84425320000008, 18.43999230000003], [73.84427840000006, 18.44024850000005], [73.84428760000003, 18.440355600000032]]}, "properties": {}}, {"type": "Feature", "geometry": {"type": "LineString", "coordinates": [[73.84336930000008, 18.442632500000055], [73.84336620000005, 18.44239350000004], [73.84337230000006, 18.442204100000023], [73.84346190000008, 18.44201180000004], [73.84364910000005, 18.44170990000004], [73.84385140000006, 18.44152750000006], [73.84407480000004, 18.44141960000007], [73.84433370000006, 18.44133250000004], [73.84473670000006, 18.441220100000066], [73.8448928000001, 18.441176600000066], [73.84541660000008, 18.440998200000028], [73.84588130000003, 18.440898900000036], [73.84644980000007, 18.440785700000042], [73.84669980000007, 18.440712700000063], [73.84688370000003, 18.44062620000005]]}, "properties": {}}, {"type": "Feature", "geometry": {"type": "LineString", "coordinates": [[73.84473670000006, 18.441220100000066], [73.84479000000005, 18.44140620000007], [73.84480220000006, 18.44148600000005], [73.84479610000005, 18.441533400000022], [73.84476190000004, 18.441570400000042], [73.84459490000006, 18.441613200000063], [73.84446570000006, 18.441654900000056], [73.84439860000003, 18.441717300000047], [73.84441080000005, 18.441772800000017], [73.84444490000004, 18.44183870000006], [73.84448400000008, 18.441861900000053], [73.84462170000006, 18.44186070000006], [73.84465460000007, 18.441864200000055], [73.84467290000003, 18.44187920000007], [73.84467780000006, 18.441939400000024], [73.84466070000008, 18.44210710000004], [73.84464610000003, 18.442134800000076], [73.84460100000008, 18.442147600000055], [73.84424380000007, 18.442197300000032]]}, "properties": {}}, {"type": "Feature", "geometry": {"type": "LineString", "coordinates": [[73.84099930000008, 18.439614300000073], [73.84096430000005, 18.439874100000054], [73.84095510000003, 18.44004970000003], [73.84099010000006, 18.44028880000007], [73.84103010000007, 18.440492900000034]]}, "properties": {}}, {"type": "Feature", "geometry": {"type": "LineString", "coordinates": [[73.84290610000005, 18.44089380000002], [73.84294360000007, 18.44081020000004], [73.84295470000006, 18.440759200000056], [73.84294910000006, 18.440708300000036], [73.84289170000005, 18.44060810000008], [73.84283610000006, 18.44049210000003], [73.84282050000007, 18.440453200000036], [73.84280650000005, 18.44037790000004], [73.84280980000005, 18.44001020000007]]}, "properties": {}}, {"type": "Feature", "geometry": {"type": "LineString", "coordinates": [[73.83788080000005, 18.443268800000055], [73.83850770000004, 18.44311040000002], [73.83868200000006, 18.44298050000003], [73.83883430000003, 18.442945400000042], [73.83901180000004, 18.442904400000035], [73.83934570000008, 18.44278800000006], [73.83985160000003, 18.442611600000077], [73.83971030000004, 18.442326800000046], [73.83965550000005, 18.442216400000063], [73.83963700000004, 18.44217900000007], [73.83974970000008, 18.442000900000036], [73.83996560000008, 18.44164220000005], [73.84007290000005, 18.441523800000027], [73.84006220000003, 18.44138140000006], [73.84010510000007, 18.441180300000045], [73.84015470000008, 18.44104930000003], [73.84026870000008, 18.440862300000052], [73.84029830000003, 18.440794800000052], [73.84032230000008, 18.440740100000024], [73.84033980000004, 18.440499700000032], [73.84035860000006, 18.440275800000055], [73.84033840000006, 18.440039100000035], [73.84033840000006, 18.43975290000003], [73.84039480000007, 18.439630700000063], [73.84086820000005, 18.439611700000057], [73.84099930000008, 18.439614300000073], [73.84131610000004, 18.439620600000065], [73.84172110000003, 18.439722400000047], [73.84206980000005, 18.439819000000057], [73.84255260000003, 18.43993860000006], [73.84280980000005, 18.44001020000007], [73.84297330000004, 18.44004860000007], [73.84348740000007, 18.44005190000007], [73.84381060000004, 18.440030200000017], [73.84407610000005, 18.440013700000065], [73.84425320000008, 18.43999230000003], [73.84438190000003, 18.439976800000068], [73.84455760000003, 18.439976800000068], [73.84490360000007, 18.43992210000005], [73.84550840000003, 18.439824100000063], [73.84570820000005, 18.439999700000044]]}, "properties": {}}, {"type": "Feature", "geometry": {"type": "LineString", "coordinates": [[73.77322680000003, 18.44018370000003], [73.77374500000008, 18.441081300000064], [73.77424330000008, 18.44189970000002], [73.77427960000006, 18.44202310000003], [73.77431110000003, 18.442150300000037], [73.77431110000003, 18.442348200000026], [73.77424440000004, 18.442774800000045], [73.77417340000005, 18.443176900000026], [73.77405290000007, 18.44360350000005], [73.77394530000004, 18.44386070000007], [73.77387000000006, 18.444054600000072], [73.77385280000004, 18.444177100000047], [73.77383770000006, 18.44440570000006], [73.77393460000008, 18.444789400000044], [73.77408730000008, 18.445352700000054], [73.77429390000003, 18.44594870000003], [73.77445960000006, 18.446481500000058], [73.77453270000007, 18.44673860000006], [73.77457700000008, 18.44684170000005], [73.77462670000006, 18.446974100000034], [73.77470210000007, 18.44708820000005], [73.77498760000003, 18.44738940000008], [73.77559860000008, 18.44793100000004], [73.77648700000003, 18.448728200000062], [73.77706280000007, 18.449260600000056], [73.77780620000004, 18.449951000000052], [73.77849170000007, 18.45055360000003], [73.77867370000007, 18.450712200000055], [73.77896720000007, 18.450918300000062], [73.77922170000005, 18.451059300000054], [73.77941490000006, 18.451156200000074], [73.77989600000006, 18.451348300000063], [73.78017830000005, 18.45141530000007], [73.78071150000005, 18.45151920000006], [73.78106260000004, 18.45157910000006], [73.78158080000003, 18.45167080000004], [73.78271950000004, 18.45193860000006], [73.78289980000005, 18.451972000000072], [73.78302810000008, 18.452007000000037], [73.78318850000005, 18.452081500000077], [73.78337290000007, 18.45221690000005], [73.78375780000005, 18.45261090000003], [73.78407690000006, 18.452936500000074], [73.78414350000008, 18.452998000000033], [73.78423870000006, 18.453066300000046], [73.78430950000006, 18.45309680000003], [73.78443560000007, 18.45313100000004], [73.78478940000008, 18.45319690000003], [73.78543520000005, 18.45330800000005], [73.78681550000005, 18.45355930000005], [73.78721690000003, 18.453628900000073], [73.78819460000005, 18.45382420000004], [73.78837220000008, 18.453843700000053], [73.78847120000006, 18.453840000000067], [73.78859470000003, 18.45381320000007], [73.78879800000004, 18.45373390000003], [73.78915690000008, 18.453572800000074], [73.78976540000008, 18.453189600000027], [73.79006260000006, 18.453013900000027], [73.79022470000007, 18.452946700000034], [73.79037650000004, 18.452897900000035], [73.79054760000008, 18.452858900000024], [73.79080100000004, 18.452834500000048], [73.79105060000006, 18.452843000000026], [73.79128480000003, 18.452877200000042], [73.79154980000004, 18.45294920000003], [73.79175820000006, 18.452993100000068], [73.79189330000008, 18.453012600000026], [73.79206310000006, 18.453028500000073], [73.79216600000007, 18.453039500000045], [73.79231650000008, 18.453085900000076], [73.79261370000006, 18.453194500000052], [73.79330070000003, 18.453366500000076], [73.79411500000003, 18.453615500000073], [73.79442630000005, 18.453687500000054], [73.79468140000006, 18.45376290000007], [73.79481580000004, 18.45378210000007]]}, "properties": {}}, {"type": "Feature", "geometry": {"type": "LineString", "coordinates": [[73.77373940000007, 18.440467100000035], [73.77442150000007, 18.44166890000002], [73.77457820000006, 18.44197700000007], [73.77460880000007, 18.442183600000078], [73.77460960000008, 18.442287000000025], [73.77453270000007, 18.442678500000056], [73.77437630000003, 18.443483400000048], [73.77416610000006, 18.444336900000053], [73.77418240000003, 18.444513100000044], [73.77432750000008, 18.445065900000024], [73.77444180000005, 18.445497500000045], [73.77461270000003, 18.445925500000037], [73.77475900000009, 18.44640250000003], [73.77488810000006, 18.446804900000075], [73.77494960000007, 18.446916900000073], [73.77502460000005, 18.44700550000004], [73.77508240000003, 18.447070800000063], [73.77532220000006, 18.447301800000048], [73.77633310000004, 18.448207900000057], [73.77742820000003, 18.44921730000004], [73.77880030000006, 18.45045600000003], [73.77907220000003, 18.450652200000036], [73.77930180000004, 18.45079420000007], [73.77957020000008, 18.450928500000032], [73.77987640000003, 18.45105640000002], [73.78016200000008, 18.451139800000075], [73.78062350000005, 18.45124060000006], [73.78105190000008, 18.451302400000035], [73.78156720000004, 18.451390200000045], [73.78209720000007, 18.451509400000077], [73.78271070000005, 18.451649200000073], [73.78313110000005, 18.45175860000006], [73.78330590000007, 18.451829100000047], [73.78343150000006, 18.451906000000065], [73.78352520000004, 18.451987200000072], [73.78399460000003, 18.452461500000027], [73.78427530000005, 18.452748700000026], [73.78438620000003, 18.45284170000002], [73.78443480000004, 18.452869500000073], [73.78450070000008, 18.45289300000007], [73.78466290000006, 18.45292860000006], [73.78507900000005, 18.453000800000037], [73.78585430000004, 18.453123300000073], [73.78659200000004, 18.453258900000034], [73.78754140000007, 18.453439700000047], [73.78802340000004, 18.453537100000062], [73.78834600000005, 18.45357710000007], [73.78842480000003, 18.453581400000076], [73.78848160000007, 18.453571900000043], [73.78861270000004, 18.453524900000048], [73.78883530000007, 18.453438900000034], [73.78920010000007, 18.45323370000005], [73.78960050000006, 18.452972100000064], [73.79010910000005, 18.452706100000057], [73.79032080000007, 18.45263390000002], [73.79052610000008, 18.452596500000027], [73.79090180000003, 18.45257740000005], [73.79107960000005, 18.452590500000046], [73.79136740000007, 18.45263220000004], [73.79165700000004, 18.452686100000054], [73.79181270000004, 18.452706900000067], [73.79198870000005, 18.452740800000075], [73.79233880000004, 18.452833900000034], [73.79250420000005, 18.452880100000073], [73.79322140000005, 18.453097100000036], [73.79379010000008, 18.453247100000052], [73.79444240000004, 18.453424800000047], [73.79453950000004, 18.453440000000057], [73.79477590000005, 18.45343130000003], [73.79493140000005, 18.45341940000003]]}, "properties": {}}, {"type": "Feature", "geometry": {"type": "LineString", "coordinates": [[73.86149800000004, 18.442948600000026], [73.86133440000003, 18.44313180000006], [73.86116360000005, 18.443486600000025], [73.86109860000005, 18.443833700000027], [73.86105100000003, 18.444138100000032], [73.86110670000005, 18.44443530000007], [73.86112770000005, 18.444452300000023], [73.86147930000004, 18.44473630000005], [73.86152580000004, 18.444767700000053], [73.86181360000006, 18.444961900000067]]}, "properties": {}}, {"type": "Feature", "geometry": {"type": "LineString", "coordinates": [[73.86291900000003, 18.444600500000035], [73.86303690000005, 18.444623600000057], [73.86313860000007, 18.444600500000035], [73.86319550000007, 18.444500200000054], [73.86321990000005, 18.44441530000006], [73.86322800000005, 18.444345900000034], [73.86321580000003, 18.44426880000003], [73.86316690000007, 18.44418480000007]]}, "properties": {}}, {"type": "Feature", "geometry": {"type": "LineString", "coordinates": [[73.86291900000003, 18.444600500000035], [73.86277270000005, 18.444515600000045], [73.86277270000005, 18.44442310000005], [73.86277270000005, 18.44441530000006], [73.86285800000007, 18.44434210000003], [73.86296370000008, 18.444280400000025], [73.86309790000007, 18.444249500000073], [73.86315080000003, 18.444299600000022], [73.86317520000006, 18.444399900000057]]}, "properties": {}}, {"type": "Feature", "geometry": {"type": "LineString", "coordinates": [[73.86181360000006, 18.444961900000067], [73.86218900000006, 18.445215100000034], [73.86253450000004, 18.445363900000075], [73.86275860000006, 18.445461400000053], [73.86312290000008, 18.445638600000056], [73.86338330000008, 18.445656300000053], [73.86368040000008, 18.445537700000045], [73.86387230000008, 18.44522560000007], [73.86402890000005, 18.44510700000006], [73.86398080000004, 18.444723500000066], [73.86393790000005, 18.444275700000045], [73.86389490000005, 18.44395000000003], [73.86379540000007, 18.443698200000025]]}, "properties": {}}, {"type": "Feature", "geometry": {"type": "LineString", "coordinates": [[73.86156010000008, 18.445288300000072], [73.86146220000006, 18.44565590000008], [73.86144680000007, 18.445713400000045], [73.86143550000008, 18.445762100000014]]}, "properties": {}}, {"type": "Feature", "geometry": {"type": "LineString", "coordinates": [[73.86128230000008, 18.445988500000055], [73.86132890000005, 18.44575620000006], [73.86133240000004, 18.445744900000022], [73.86133850000004, 18.445742400000032], [73.86141240000006, 18.44575870000006], [73.86142690000008, 18.44576420000004], [73.86143550000008, 18.445762100000014]]}, "properties": {}}, {"type": "Feature", "geometry": {"type": "LineString", "coordinates": [[73.86128230000008, 18.445988500000055], [73.86125860000004, 18.446252300000026]]}, "properties": {}}, {"type": "Feature", "geometry": {"type": "LineString", "coordinates": [[73.86089330000004, 18.44646830000004], [73.86089590000006, 18.446453700000063], [73.86090710000009, 18.44644820000007], [73.86112300000008, 18.44646980000004], [73.86114540000005, 18.446469400000066], [73.86116550000008, 18.446455000000064], [73.86118140000008, 18.44626100000005], [73.86118580000004, 18.446248200000067], [73.86120250000005, 18.446248400000055], [73.86124870000003, 18.446253800000022], [73.86125400000003, 18.446256000000066], [73.86125860000004, 18.446252300000026]]}, "properties": {}}, {"type": "Feature", "geometry": {"type": "LineString", "coordinates": [[73.86171560000008, 18.447596300000047], [73.86172190000008, 18.44738690000003], [73.86167740000008, 18.44717420000006], [73.86166290000006, 18.447000200000044], [73.86161800000008, 18.446851300000045], [73.86160920000003, 18.446822100000073], [73.86154490000007, 18.446720300000038], [73.86150480000003, 18.446589300000024], [73.86154490000007, 18.44623180000008], [73.86166290000006, 18.445768700000027], [73.86172190000008, 18.44544300000007], [73.86175410000006, 18.445331000000067], [73.86160390000003, 18.44529030000007], [73.86156010000008, 18.445288300000072], [73.86119380000008, 18.44527120000004]]}, "properties": {}}, {"type": "Feature", "geometry": {"type": "LineString", "coordinates": [[73.86203620000003, 18.447200900000045], [73.86191130000003, 18.44660050000005], [73.86190860000005, 18.44646820000003], [73.86204010000006, 18.446257000000056], [73.86213660000004, 18.446035600000073]]}, "properties": {}}, {"type": "Feature", "geometry": {"type": "LineString", "coordinates": [[73.86161800000008, 18.446851300000045], [73.86125290000007, 18.446805600000058], [73.86117540000005, 18.446800100000072]]}, "properties": {}}, {"type": "Feature", "geometry": {"type": "LineString", "coordinates": [[73.86051490000006, 18.446725400000044], [73.86065440000004, 18.44679660000003], [73.86080990000005, 18.446903500000072], [73.86099230000009, 18.44701540000005], [73.86101680000009, 18.447025200000038], [73.86110390000005, 18.447049200000038], [73.86136250000004, 18.447122300000043], [73.86167740000008, 18.44717420000006]]}, "properties": {}}, {"type": "Feature", "geometry": {"type": "LineString", "coordinates": [[73.86211860000003, 18.447656800000058], [73.86209530000008, 18.447528100000053], [73.86203620000003, 18.447200900000045]]}, "properties": {}}, {"type": "Feature", "geometry": {"type": "LineString", "coordinates": [[73.86172380000005, 18.45687500000003], [73.86137820000005, 18.456733300000053], [73.8610980000001, 18.455714400000033], [73.86050020000005, 18.454642400000065], [73.86030410000006, 18.453862800000024], [73.86005190000003, 18.45344630000005], [73.86005190000003, 18.453109700000027], [73.85987440000008, 18.452330000000075], [73.85984640000004, 18.451895900000068], [73.86004260000006, 18.451701000000075], [73.86003320000003, 18.45151490000006], [73.85958490000007, 18.451390900000032], [73.85982770000004, 18.45119600000004], [73.86035080000005, 18.45108080000006], [73.86082710000005, 18.450788400000018], [73.86083650000006, 18.45047830000004], [73.86110730000007, 18.45032770000006], [73.86147160000007, 18.450318800000044], [73.86159300000008, 18.452197100000035], [73.86166770000005, 18.45243630000004], [73.86226550000003, 18.45308310000007], [73.86262970000007, 18.453437500000064], [73.86272310000004, 18.454394300000047], [73.86311540000008, 18.454775300000048], [73.86331160000003, 18.45507650000008], [73.86337690000005, 18.455253700000075], [73.86363850000004, 18.45554610000005], [73.86360110000004, 18.455856200000024], [73.86353570000006, 18.45602450000007], [73.86312480000004, 18.456334600000044], [73.86263910000008, 18.456591500000055], [73.86172380000005, 18.45687500000003]]}, "properties": {}}, {"type": "Feature", "geometry": {"type": "LineString", "coordinates": [[73.86263440000005, 18.45778260000003], [73.86246400000005, 18.45712440000005]]}, "properties": {}}, {"type": "Feature", "geometry": {"type": "LineString", "coordinates": [[73.86237010000008, 18.45810120000004], [73.86231330000004, 18.458033200000045], [73.86226890000006, 18.45788700000003], [73.86206640000007, 18.457220400000043]]}, "properties": {}}, {"type": "Feature", "geometry": {"type": "LineString", "coordinates": [[73.86226890000006, 18.45788700000003], [73.86263440000005, 18.45778260000003]]}, "properties": {}}, {"type": "Feature", "geometry": {"type": "LineString", "coordinates": [[73.84628840000005, 18.44131260000006], [73.84628140000007, 18.44113110000006], [73.84627180000007, 18.441032400000037], [73.84624640000004, 18.440998000000032], [73.84620000000007, 18.440995400000077], [73.84584370000005, 18.441088700000027], [73.84558410000005, 18.441193600000076], [73.84535060000007, 18.44141370000006], [73.84518310000004, 18.44162790000007], [73.84510130000008, 18.44173470000004], [73.84504800000008, 18.441804200000036], [73.84499420000003, 18.441900400000062], [73.84498810000008, 18.44194120000003], [73.84499810000005, 18.442046800000067], [73.84505070000006, 18.442155900000046], [73.84528880000005, 18.441990400000066]]}, "properties": {}}, {"type": "Feature", "geometry": {"type": "LineString", "coordinates": [[73.84529360000005, 18.44244660000004], [73.84529670000006, 18.44208700000007], [73.84528880000005, 18.441990400000066], [73.84557990000008, 18.441796700000054], [73.84566560000007, 18.44173900000004], [73.84571960000005, 18.44170270000006], [73.84628840000005, 18.44131260000006], [73.84645660000007, 18.441179000000037], [73.84690710000007, 18.44088200000004]]}, "properties": {}}, {"type": "Feature", "geometry": {"type": "LineString", "coordinates": [[73.84644980000007, 18.440785700000042], [73.84644850000006, 18.440841900000063], [73.84644250000008, 18.440863600000057], [73.84643040000003, 18.440883900000074], [73.84641030000006, 18.44090110000008], [73.84637740000005, 18.44091890000004], [73.84628860000004, 18.440935400000054], [73.84616350000005, 18.44095130000005], [73.84600730000005, 18.440976800000048], [73.84581150000008, 18.441021900000067], [73.84567340000007, 18.44106710000005], [73.84557950000004, 18.441107800000054], [73.84551780000004, 18.44114600000006], [73.84537960000006, 18.44127580000003], [73.84523750000005, 18.441436100000033], [73.84511280000004, 18.441583600000065], [73.84498670000005, 18.44175790000002], [73.84485930000005, 18.44195890000003], [73.84474530000006, 18.44219050000003], [73.84464200000008, 18.44252380000006], [73.84455080000004, 18.442894000000024]]}, "properties": {}}, {"type": "Feature", "geometry": {"type": "LineString", "coordinates": [[73.82916020000005, 18.46891640000007], [73.82947410000008, 18.468910900000026], [73.82972360000008, 18.468906500000056], [73.82977190000008, 18.468891200000026], [73.82978800000006, 18.468849600000055], [73.82967770000005, 18.46797810000004]]}, "properties": {}}, {"type": "Feature", "geometry": {"type": "LineString", "coordinates": [[73.82926300000008, 18.469279000000032], [73.82963450000005, 18.469202500000055]]}, "properties": {}}, {"type": "Feature", "geometry": {"type": "LineString", "coordinates": [[73.82767980000006, 18.468252600000024], [73.82809380000003, 18.46830710000006], [73.82876460000006, 18.468391800000063], [73.82906650000007, 18.468437500000054], [73.82914730000005, 18.468850700000075], [73.82916020000005, 18.46891640000007], [73.82924600000007, 18.46923340000006], [73.82926300000008, 18.469279000000032], [73.82936810000007, 18.46974360000007], [73.82949280000008, 18.470098100000033], [73.82968370000003, 18.47048630000006]]}, "properties": {}}, {"type": "Feature", "geometry": {"type": "LineString", "coordinates": [[73.83016850000007, 18.468945200000064], [73.83005200000008, 18.468090100000033]]}, "properties": {}}, {"type": "Feature", "geometry": {"type": "LineString", "coordinates": [[73.83046100000007, 18.468898000000028], [73.83037570000005, 18.468199400000056]]}, "properties": {}}, {"type": "Feature", "geometry": {"type": "LineString", "coordinates": [[73.83074990000006, 18.468317900000045], [73.83077160000005, 18.46892780000007]]}, "properties": {}}, {"type": "Feature", "geometry": {"type": "LineString", "coordinates": [[73.83107340000004, 18.468393200000037], [73.83107090000004, 18.468939400000064]]}, "properties": {}}, {"type": "Feature", "geometry": {"type": "LineString", "coordinates": [[73.83138410000004, 18.468450500000074], [73.83138980000007, 18.469025600000062]]}, "properties": {}}, {"type": "Feature", "geometry": {"type": "LineString", "coordinates": [[73.83261410000006, 18.46903180000004], [73.83253190000005, 18.469232100000056], [73.83251580000007, 18.46936440000007], [73.83255870000005, 18.46941690000006], [73.83265530000006, 18.46941530000003], [73.83278940000008, 18.469359300000065], [73.83346800000004, 18.46894210000005], [73.83361550000006, 18.46889370000002], [73.83366910000007, 18.46892940000004], [73.83370670000005, 18.46901330000003], [73.83368440000004, 18.469088800000062], [73.83366240000005, 18.469163100000056]]}, "properties": {}}, {"type": "Feature", "geometry": {"type": "LineString", "coordinates": [[73.83311510000006, 18.469517000000057], [73.83343880000007, 18.47042780000004], [73.83231520000004, 18.470818200000057], [73.83168070000005, 18.471034600000042], [73.83120930000007, 18.471195400000056], [73.83102830000007, 18.471257100000056], [73.83098960000007, 18.471270300000064], [73.83034750000007, 18.471525200000027]]}, "properties": {}}, {"type": "Feature", "geometry": {"type": "LineString", "coordinates": [[73.83016850000007, 18.468945200000064], [73.83013710000006, 18.46898030000005], [73.83009040000007, 18.468993600000033], [73.82996660000003, 18.46898030000006], [73.82981480000007, 18.46894930000007], [73.82977190000008, 18.468891200000026]]}, "properties": {}}, {"type": "Feature", "geometry": {"type": "LineString", "coordinates": [[73.82963450000005, 18.469202500000055], [73.82977380000005, 18.469173300000023]]}, "properties": {}}, {"type": "Feature", "geometry": {"type": "LineString", "coordinates": [[73.82963450000005, 18.469202500000055], [73.82969560000004, 18.469458000000028]]}, "properties": {}}, {"type": "Feature", "geometry": {"type": "LineString", "coordinates": [[73.83086070000007, 18.46976680000006], [73.83088770000006, 18.469684400000066], [73.83091110000004, 18.46962460000003], [73.83097220000008, 18.46949040000004], [73.83101440000007, 18.469410200000024], [73.83106170000008, 18.469382200000037], [73.83112340000008, 18.469353800000025], [73.83117870000007, 18.469335100000016]]}, "properties": {}}, {"type": "Feature", "geometry": {"type": "LineString", "coordinates": [[73.83091590000004, 18.46987420000005], [73.83089710000007, 18.469837600000062], [73.83086070000007, 18.46976680000006], [73.83073400000006, 18.469520300000053], [73.83058730000005, 18.46923470000007]]}, "properties": {}}, {"type": "Feature", "geometry": {"type": "LineString", "coordinates": [[73.83019150000007, 18.46965620000003], [73.83056470000008, 18.469493800000063]]}, "properties": {}}, {"type": "Feature", "geometry": {"type": "LineString", "coordinates": [[73.83013530000005, 18.46947130000006], [73.83019150000007, 18.46965620000003], [73.83022710000006, 18.46979560000005]]}, "properties": {}}, {"type": "Feature", "geometry": {"type": "LineString", "coordinates": [[73.82976430000008, 18.470041100000053], [73.82995760000006, 18.469957500000078], [73.83022710000006, 18.46979560000005], [73.83062720000005, 18.469578700000053]]}, "properties": {}}, {"type": "Feature", "geometry": {"type": "LineString", "coordinates": [[73.82976430000008, 18.470041100000053], [73.82962840000005, 18.46964290000005], [73.82983230000008, 18.469586500000048], [73.82995760000006, 18.469957500000078]]}, "properties": {}}, {"type": "Feature", "geometry": {"type": "LineString", "coordinates": [[73.82667260000005, 18.471296600000066], [73.82714800000008, 18.471347100000056], [73.82738430000008, 18.471372200000072], [73.82780630000009, 18.47141700000003], [73.82794680000006, 18.47142640000004], [73.82815360000006, 18.471370700000023], [73.82836200000008, 18.471269200000048], [73.82915330000003, 18.47080410000007], [73.82960510000004, 18.470532900000023], [73.82968370000003, 18.47048630000006], [73.82978180000003, 18.470428200000075], [73.83038690000006, 18.470111000000024], [73.83059620000006, 18.470019100000062], [73.83091590000004, 18.46987420000005], [73.83190110000004, 18.469427900000028], [73.83253000000008, 18.469075300000043], [73.83261410000006, 18.46903180000004], [73.83291550000007, 18.468690800000047], [73.83310610000007, 18.468412000000054]]}, "properties": {}}, {"type": "Feature", "geometry": {"type": "LineString", "coordinates": [[73.83022710000006, 18.46979560000005], [73.83031110000007, 18.469977500000024], [73.83038690000006, 18.470111000000024]]}, "properties": {}}, {"type": "Feature", "geometry": {"type": "LineString", "coordinates": [[73.82839710000007, 18.471551800000036], [73.82851310000007, 18.471548400000074], [73.82863660000004, 18.471547600000065], [73.82872010000006, 18.47154560000007], [73.82883760000004, 18.47154790000008], [73.82897420000006, 18.471533900000054], [73.82910130000005, 18.471516000000065], [73.82945770000003, 18.471405700000048], [73.82982380000004, 18.47128770000006], [73.83028490000004, 18.471071500000043], [73.83080920000003, 18.470892900000024], [73.83102830000007, 18.471257100000056]]}, "properties": {}}, {"type": "Feature", "geometry": {"type": "LineString", "coordinates": [[73.82811650000008, 18.472554500000054], [73.82820740000005, 18.472496100000054], [73.82864660000007, 18.47235810000006], [73.82867550000003, 18.47235290000003], [73.82870770000005, 18.472347000000074], [73.82882330000007, 18.472323600000042], [73.82915860000008, 18.472190500000064], [73.82920010000004, 18.47216090000006], [73.82922480000008, 18.472111600000066], [73.82923520000008, 18.47202530000004], [73.82923810000005, 18.471980500000033], [73.82925350000005, 18.471926400000033], [73.82928840000005, 18.471855100000028], [73.82931860000008, 18.471794100000064], [73.82935350000008, 18.471759700000064], [73.82952990000007, 18.471664300000036], [73.82972570000004, 18.471554900000058], [73.82981900000004, 18.471501400000022], [73.82990100000006, 18.471462500000033], [73.82996950000006, 18.471437100000056], [73.83002560000006, 18.471427600000023], [73.83012170000006, 18.47143470000003], [73.83022620000008, 18.471464900000058], [73.83031650000004, 18.471499800000057], [73.83034750000007, 18.471525200000027], [73.83037000000007, 18.47157190000007], [73.83045160000006, 18.472017100000077]]}, "properties": {}}, {"type": "Feature", "geometry": {"type": "LineString", "coordinates": [[73.81847490000007, 18.48331520000005], [73.81864490000004, 18.482835500000018]]}, "properties": {}}, {"type": "Feature", "geometry": {"type": "LineString", "coordinates": [[73.81677830000007, 18.482868000000053], [73.81681170000007, 18.482783400000073], [73.81685830000004, 18.48261960000008], [73.81686090000005, 18.482564700000065], [73.81685030000006, 18.48250930000006], [73.81682930000005, 18.48247640000005], [73.81680170000004, 18.482438400000035], [73.81625850000006, 18.481745200000034]]}, "properties": {}}, {"type": "Feature", "geometry": {"type": "LineString", "coordinates": [[73.82423640000007, 18.481979300000027], [73.82472790000008, 18.482363500000076], [73.82528620000005, 18.482959800000057], [73.82589960000007, 18.48350320000003], [73.82652020000006, 18.483822400000065]]}, "properties": {}}, {"type": "Feature", "geometry": {"type": "LineString", "coordinates": [[73.81292660000008, 18.48756240000006], [73.81316500000008, 18.487851100000057], [73.81347480000005, 18.48818560000007], [73.81385560000007, 18.48858880000006], [73.81407020000006, 18.488766900000027], [73.81463620000005, 18.489382500000033], [73.81479980000007, 18.489635600000042], [73.81488290000004, 18.48980980000005], [73.81495270000005, 18.489962400000028]]}, "properties": {}}, {"type": "Feature", "geometry": {"type": "LineString", "coordinates": [[73.81226160000006, 18.486770300000046], [73.81238930000006, 18.487015500000037], [73.81287080000004, 18.487604100000055], [73.81311030000006, 18.487894100000062], [73.81347140000008, 18.488271700000045], [73.81381390000007, 18.488626100000033], [73.81391340000005, 18.48871770000005], [73.81401980000004, 18.48881460000006], [73.81405280000007, 18.488850500000066], [73.81430180000007, 18.489121300000015], [73.81436580000008, 18.489190900000036], [73.81446180000006, 18.489291700000027], [73.81457870000008, 18.48942250000005], [73.81473690000007, 18.48966720000004], [73.81476900000007, 18.48973440000003], [73.81481800000006, 18.48983710000004], [73.81488170000006, 18.48998510000007], [73.81496160000006, 18.490286500000025], [73.81500920000008, 18.49078170000007], [73.81510010000005, 18.491066200000034]]}, "properties": {}}, {"type": "Feature", "geometry": {"type": "LineString", "coordinates": [[73.83719290000005, 18.49101640000003], [73.83729970000007, 18.491072000000027], [73.83743650000008, 18.49113560000006], [73.83750620000006, 18.49111270000003], [73.83758130000007, 18.491064400000027], [73.83766990000004, 18.491046600000065], [73.83772080000007, 18.491110200000037], [73.83770470000007, 18.49119920000004], [73.83763500000003, 18.49131110000008], [73.83760280000007, 18.49140270000004], [73.83754650000003, 18.49149170000004], [73.83747140000008, 18.491575700000055], [73.83738820000008, 18.491575700000055], [73.83735340000004, 18.49154770000007], [73.83727560000005, 18.491535000000056], [73.83722190000003, 18.49153500000006], [73.83714680000008, 18.491499400000066], [73.83709590000007, 18.491445900000027], [73.83707440000006, 18.491362000000034], [73.83707440000006, 18.491301000000078], [73.83706010000003, 18.49121220000006]]}, "properties": {}}, {"type": "Feature", "geometry": {"type": "MultiLineString", "coordinates": [[[73.83794330000006, 18.491467600000078], [73.83793270000007, 18.491306000000066], [73.83789520000005, 18.491234800000026], [73.83787370000005, 18.491150900000036], [73.83788170000008, 18.491033900000048], [73.83783620000008, 18.490967700000056], [73.83782010000004, 18.49089650000007], [73.83778250000006, 18.49079980000005], [73.83773690000004, 18.490700600000025], [73.83769670000004, 18.490639600000065], [73.83757600000007, 18.490606500000066], [73.83743650000008, 18.49058870000005], [73.83735070000007, 18.490654800000073], [73.83725950000007, 18.49073120000002], [73.83720050000005, 18.490810000000067], [73.83716020000008, 18.490871100000053], [73.83718440000007, 18.490960100000052], [73.83719290000005, 18.49101640000003], [73.83719510000003, 18.491031300000028], [73.83712800000006, 18.491148300000074], [73.83706010000003, 18.49121220000006], [73.83693850000003, 18.491292200000025], [73.83691350000004, 18.491308600000018], [73.83682500000003, 18.49141540000005], [73.83681250000006, 18.491434000000027], [73.83674990000003, 18.491527300000026], [73.83667210000004, 18.491659600000045], [73.83661310000008, 18.491763900000024], [73.83654870000004, 18.491888600000046], [73.83647360000003, 18.492025900000037], [73.83640120000007, 18.49219130000005]], [[73.83640120000007, 18.49219130000005], [73.83641990000007, 18.49230830000004], [73.83636630000007, 18.492394800000056], [73.83629540000004, 18.49241600000005], [73.83626440000006, 18.492371900000027], [73.83628850000008, 18.49229300000007], [73.83631530000008, 18.49222430000003], [73.83640120000007, 18.49219130000005]]]}, "properties": {}}, {"type": "Feature", "geometry": {"type": "LineString", "coordinates": [[73.83667210000004, 18.491659600000045], [73.83675790000007, 18.491690100000024], [73.83687590000005, 18.491713000000065], [73.83697780000006, 18.49169780000005], [73.83708250000007, 18.49165450000004], [73.83718170000003, 18.49165200000004], [73.83728360000003, 18.491690100000024], [73.83739090000006, 18.49170790000005], [73.83746980000006, 18.49172890000005], [73.83757060000005, 18.49161890000005], [73.83765640000007, 18.491532400000036], [73.83769900000004, 18.491479000000027]]}, "properties": {}}, {"type": "Feature", "geometry": {"type": "LineString", "coordinates": [[73.83760280000007, 18.49140270000004], [73.83768330000004, 18.491466300000074], [73.83769900000004, 18.491479000000027], [73.83777450000008, 18.49154010000007], [73.83781740000006, 18.491641800000025], [73.83785490000008, 18.491748600000047], [73.83788440000006, 18.49183000000005], [73.83793000000003, 18.49196490000002], [73.83797290000007, 18.49206660000004], [73.83796760000007, 18.492125100000067], [73.83793810000003, 18.49213280000004], [73.83788170000008, 18.492094600000033], [73.83783080000006, 18.492043700000067], [73.83775300000008, 18.492010700000037], [73.83768860000004, 18.492005600000027], [73.83766450000007, 18.49197760000004], [73.83764840000005, 18.49194710000006], [73.83760280000007, 18.49191910000007]]}, "properties": {}}, {"type": "Feature", "geometry": {"type": "LineString", "coordinates": [[73.83516960000003, 18.49030160000007], [73.83639360000006, 18.491279300000027]]}, "properties": {}}, {"type": "Feature", "geometry": {"type": "LineString", "coordinates": [[73.83539860000008, 18.49219430000005], [73.83555010000003, 18.492040100000054], [73.83555120000005, 18.491965200000035], [73.83501720000004, 18.49148540000004], [73.83481260000008, 18.491301500000077], [73.83471560000004, 18.49121480000002], [73.83464910000004, 18.49116360000005], [73.83462420000006, 18.49113470000003], [73.83460480000008, 18.491086100000075], [73.83460070000007, 18.491040100000074], [73.83461590000007, 18.490931100000072], [73.83464910000004, 18.490856200000056], [73.83468430000005, 18.490801500000035], [73.83503410000003, 18.490425800000022], [73.83516960000003, 18.49030160000007], [73.83524300000005, 18.49023430000005], [73.8352965000001, 18.490199900000047], [73.83534830000008, 18.49018190000004], [73.83544150000006, 18.49016220000004], [73.8355589000001, 18.49016880000005], [73.83584550000006, 18.490206400000037]]}, "properties": {}}, {"type": "Feature", "geometry": {"type": "LineString", "coordinates": [[73.83669350000008, 18.491379900000023], [73.83681250000006, 18.491434000000027]]}, "properties": {}}, {"type": "Feature", "geometry": {"type": "LineString", "coordinates": [[73.83610880000003, 18.491974200000076], [73.83610640000006, 18.492012300000056], [73.83607340000003, 18.492068200000062], [73.83606160000005, 18.492134200000066], [73.83609230000008, 18.492182300000024], [73.83615250000008, 18.492229300000076], [73.83620320000006, 18.492239400000066], [73.83623390000008, 18.492228200000056], [73.83626810000004, 18.492185700000046], [73.83630580000005, 18.492127500000034], [73.83633300000008, 18.49210510000006], [73.83635540000006, 18.492078300000053], [73.83637900000008, 18.492020100000047], [73.83637540000007, 18.491961900000035], [73.83636950000005, 18.491931700000066], [73.83638490000004, 18.49190040000008], [73.83641320000004, 18.491883600000047], [73.83644270000008, 18.491857900000063], [73.83645680000006, 18.491823200000056], [73.83646740000006, 18.49180420000005], [73.83650280000008, 18.49179080000005], [73.83653350000003, 18.49177620000006], [73.83656180000008, 18.491753800000023], [73.83656770000005, 18.491718000000045], [73.83656650000006, 18.49168000000003], [73.83655000000005, 18.49164200000007], [73.83649930000007, 18.49160620000004], [73.83656890000003, 18.49149090000003], [73.83663610000008, 18.491424900000023], [73.83669350000008, 18.491379900000023], [73.83672460000008, 18.491355500000054], [73.83681900000005, 18.49125710000004], [73.83687450000008, 18.49122130000006], [73.83692400000007, 18.491228000000035], [73.83693850000003, 18.491292200000025]]}, "properties": {}}, {"type": "Feature", "geometry": {"type": "LineString", "coordinates": [[73.83610880000003, 18.491974200000076], [73.83610500000003, 18.491941900000032], [73.83610880000003, 18.49190640000006], [73.83612800000003, 18.49188280000004], [73.83616440000003, 18.491869200000053], [73.83619120000003, 18.49186190000006], [73.83620750000006, 18.491851900000032], [73.83623630000005, 18.49182370000005], [73.83627560000008, 18.49176740000007], [73.83632060000008, 18.491730100000037], [73.83638480000008, 18.491687400000046], [73.83643270000005, 18.49166560000003], [73.83647680000007, 18.491634700000077], [73.83649930000007, 18.49160620000004]]}, "properties": {}}, {"type": "Feature", "geometry": {"type": "LineString", "coordinates": [[73.83495710000005, 18.492858500000064], [73.83550940000003, 18.492538300000035], [73.83565420000008, 18.492239500000036]]}, "properties": {}}, {"type": "Feature", "geometry": {"type": "LineString", "coordinates": [[73.83513000000005, 18.493047500000046], [73.83561930000008, 18.492615700000044], [73.83583100000004, 18.492384100000038]]}, "properties": {}}, {"type": "Feature", "geometry": {"type": "LineString", "coordinates": [[73.83556280000005, 18.49313190000004], [73.83590940000005, 18.492772000000055], [73.83623980000004, 18.49250570000004], [73.83626810000004, 18.492469900000057], [73.83629540000004, 18.49241600000005]]}, "properties": {}}, {"type": "Feature", "geometry": {"type": "LineString", "coordinates": [[73.83521510000008, 18.493129700000058], [73.83573840000008, 18.492605400000052], [73.83586320000006, 18.492466700000023]]}, "properties": {}}, {"type": "Feature", "geometry": {"type": "LineString", "coordinates": [[73.85181910000006, 18.49903000000006], [73.85174850000004, 18.49901650000004], [73.85156940000007, 18.498981600000036], [73.85138550000005, 18.498973900000063], [73.85125500000004, 18.498984700000047], [73.85112220000008, 18.49901740000007], [73.85101920000005, 18.49906420000008], [73.85090580000008, 18.49914630000006], [73.85078030000005, 18.499258400000027], [73.85036240000005, 18.49959790000002], [73.85025800000005, 18.499669300000054], [73.85005270000005, 18.499809800000033], [73.84991480000008, 18.499905800000022], [73.84964340000005, 18.500094700000034], [73.84945810000005, 18.500223600000023], [73.84939720000006, 18.500262900000056], [73.84924100000006, 18.50036380000006], [73.84880610000005, 18.500644700000063], [73.84868790000007, 18.50070380000005], [73.84853520000007, 18.500758400000052], [73.84782790000008, 18.50094910000007], [73.84716540000005, 18.50112770000004], [73.84708280000007, 18.501144200000056], [73.84702150000004, 18.501156400000067], [73.84692280000007, 18.501167000000066], [73.84680290000006, 18.501170700000046], [73.84667630000007, 18.501174600000066], [73.84651030000003, 18.50116850000006], [73.84630650000008, 18.501161000000028], [73.84591190000003, 18.501149400000035], [73.84582820000003, 18.50114690000004], [73.84567590000006, 18.50113550000003], [73.84566470000004, 18.501130400000022]]}, "properties": {}}, {"type": "Feature", "geometry": {"type": "LineString", "coordinates": [[73.85084680000006, 18.49932850000005], [73.85097030000003, 18.499218300000056], [73.85107150000005, 18.499145000000052], [73.85115650000006, 18.499106400000073], [73.85127190000003, 18.499078000000054], [73.85138760000007, 18.499068400000056], [73.85155710000004, 18.49907550000006], [73.85172830000005, 18.49910890000007], [73.85179890000006, 18.499122300000067]]}, "properties": {}}, {"type": "Feature", "geometry": {"type": "LineString", "coordinates": [[73.85089890000006, 18.499424700000077], [73.85104310000008, 18.499256500000058], [73.85113760000007, 18.49918440000005], [73.85127310000007, 18.49913570000006], [73.85142720000005, 18.499122100000022], [73.85162640000004, 18.499126000000043], [73.85178850000005, 18.499166200000047]]}, "properties": {}}, {"type": "Feature", "geometry": {"type": "LineString", "coordinates": [[73.83022130000006, 18.49468580000007], [73.83102090000006, 18.49543310000007], [73.83177480000006, 18.49626410000008], [73.83218150000005, 18.496623700000047], [73.83251840000008, 18.496941500000048], [73.83256880000005, 18.49699500000002], [73.83258960000006, 18.497018500000024], [73.83260660000008, 18.497036100000063], [73.83263660000006, 18.49706850000007], [73.83266360000005, 18.49709610000002], [73.83268420000007, 18.49711720000005], [73.83271340000005, 18.497156200000063], [73.83274240000003, 18.497193300000045], [73.83276270000005, 18.497222200000063], [73.83279560000005, 18.497259000000046], [73.83282300000008, 18.49728720000007], [73.83286410000005, 18.49732220000004], [73.83289170000006, 18.497345700000036], [73.83292760000006, 18.497378000000026], [73.83296250000006, 18.497410700000042], [73.83299250000005, 18.49743740000002], [73.83302730000008, 18.49746560000006], [73.83308080000006, 18.497520000000065], [73.83313190000007, 18.497575500000032], [73.83316660000008, 18.49762070000002], [73.83324590000007, 18.497756700000025], [73.83327090000006, 18.497804900000062], [73.83334720000005, 18.497999200000038], [73.83344570000008, 18.498400400000033], [73.83356040000007, 18.498928900000063], [73.83361860000008, 18.499159400000053], [73.83367450000003, 18.49928700000004], [73.83393910000007, 18.499665700000037], [73.83414880000004, 18.499966200000078], [73.83429930000005, 18.500181900000026], [73.83452390000008, 18.500486100000046], [73.83460210000004, 18.500608800000062], [73.83471990000004, 18.500885800000052], [73.83488890000007, 18.50153830000005], [73.83492240000004, 18.501704200000063], [73.83498570000006, 18.50201790000006], [73.83502070000003, 18.50219130000005], [73.83504650000003, 18.502327300000047], [73.83506780000005, 18.502431800000068], [73.83507650000007, 18.502681300000063], [73.83507350000008, 18.502850300000034], [73.83506460000007, 18.503348600000038]]}, "properties": {}}, {"type": "Feature", "geometry": {"type": "LineString", "coordinates": [[73.83495300000004, 18.501307100000073], [73.83537480000008, 18.501337200000027], [73.83545330000004, 18.501351500000055], [73.83551350000005, 18.501363400000056], [73.83585500000004, 18.50130780000006]]}, "properties": {}}, {"type": "Feature", "geometry": {"type": "LineString", "coordinates": [[73.83507350000008, 18.502850300000034], [73.83515750000004, 18.502854500000065]]}, "properties": {}}, {"type": "Feature", "geometry": {"type": "LineString", "coordinates": [[73.83391180000007, 18.503216800000075], [73.83388980000007, 18.503205800000046], [73.83393150000006, 18.50283070000006], [73.83393500000005, 18.502799500000034], [73.83395620000005, 18.502774500000044], [73.83408390000005, 18.502752800000046], [73.83473610000004, 18.502836400000035]]}, "properties": {}}, {"type": "Feature", "geometry": {"type": "LineString", "coordinates": [[73.83517560000007, 18.50449580000003], [73.83516490000005, 18.503524000000024], [73.83515750000004, 18.502854500000065], [73.83515090000003, 18.50224910000003], [73.83514000000008, 18.502189100000063]]}, "properties": {}}, {"type": "Feature", "geometry": {"type": "LineString", "coordinates": [[73.83516490000005, 18.503524000000024], [73.83523920000005, 18.503542100000058], [73.83563180000004, 18.503637600000047]]}, "properties": {}}, {"type": "Feature", "geometry": {"type": "LineString", "coordinates": [[73.83557040000005, 18.504511200000028], [73.83529270000008, 18.504498600000034], [73.83517560000007, 18.50449580000003], [73.83504060000007, 18.50449260000005], [73.83492590000003, 18.504491700000074]]}, "properties": {}}, {"type": "Feature", "geometry": {"type": "LineString", "coordinates": [[73.83492630000006, 18.504563600000036], [73.83504000000006, 18.50456450000007], [73.83528790000008, 18.504570400000038], [73.83556670000007, 18.50458290000006]]}, "properties": {}}, {"type": "Feature", "geometry": {"type": "LineString", "coordinates": [[73.84928020000008, 18.50045330000006], [73.84962120000006, 18.501023500000034]]}, "properties": {}}, {"type": "Feature", "geometry": {"type": "LineString", "coordinates": [[73.84835850000007, 18.50090400000004], [73.84835160000006, 18.501204200000075], [73.84835910000004, 18.501235400000034], [73.84837900000008, 18.501255100000037], [73.84841520000003, 18.501261200000044], [73.84900160000007, 18.501258400000037], [73.84934750000008, 18.501212900000038], [73.84942940000008, 18.501183200000064], [73.84948990000004, 18.501143300000017], [73.84962120000006, 18.501023500000034], [73.84969700000005, 18.50092440000003]]}, "properties": {}}, {"type": "Feature", "geometry": {"type": "LineString", "coordinates": [[73.85030150000006, 18.499052900000038], [73.85073190000008, 18.500166900000064], [73.85075400000005, 18.500311500000066], [73.85075920000008, 18.500442700000065], [73.85076740000005, 18.500969800000057]]}, "properties": {}}, {"type": "Feature", "geometry": {"type": "LineString", "coordinates": [[73.84966310000004, 18.500198000000065], [73.84973050000008, 18.500301000000036], [73.84983490000008, 18.500417600000045], [73.84995760000004, 18.500498000000054], [73.85003640000008, 18.500509300000036], [73.85014020000006, 18.500488100000045], [73.85015450000003, 18.50047390000003], [73.85015180000005, 18.50045610000006], [73.84986460000005, 18.500057800000032]]}, "properties": {}}, {"type": "Feature", "geometry": {"type": "LineString", "coordinates": [[73.84951560000007, 18.500300600000052], [73.84960550000005, 18.500465300000027], [73.84963630000004, 18.50051360000003], [73.84968190000006, 18.500555300000027], [73.85028570000003, 18.500822800000034]]}, "properties": {}}, {"type": "Feature", "geometry": {"type": "LineString", "coordinates": [[73.85080220000003, 18.501322300000027], [73.85086990000008, 18.501027000000022], [73.85090740000004, 18.50010170000007], [73.85091680000005, 18.49986880000006]]}, "properties": {}}, {"type": "Feature", "geometry": {"type": "LineString", "coordinates": [[73.85028570000003, 18.500822800000034], [73.85043430000007, 18.500890200000065]]}, "properties": {}}, {"type": "Feature", "geometry": {"type": "LineString", "coordinates": [[73.85043430000007, 18.500890200000065], [73.85058570000007, 18.50096080000003]]}, "properties": {}}, {"type": "Feature", "geometry": {"type": "LineString", "coordinates": [[73.85080260000007, 18.501999700000056], [73.85097470000005, 18.501963000000043], [73.85102830000005, 18.50179000000003], [73.85102620000004, 18.50174240000007], [73.85101760000003, 18.50154750000007], [73.85125720000008, 18.501359300000043]]}, "properties": {}}, {"type": "Feature", "geometry": {"type": "LineString", "coordinates": [[73.85070290000004, 18.501303800000073], [73.85058030000005, 18.501434200000062], [73.85040860000004, 18.50170900000006], [73.85027230000003, 18.50202240000004], [73.85023160000003, 18.502116000000058], [73.85021550000005, 18.502625000000023]]}, "properties": {}}, {"type": "Feature", "geometry": {"type": "LineString", "coordinates": [[73.85027230000003, 18.50202240000004], [73.85080260000007, 18.501999700000056]]}, "properties": {}}, {"type": "Feature", "geometry": {"type": "LineString", "coordinates": [[73.84969210000008, 18.50171300000005], [73.84907800000008, 18.501845900000035], [73.84903830000009, 18.501839200000056], [73.84900100000004, 18.50181490000006], [73.84898930000008, 18.501759500000045], [73.84899560000008, 18.501652900000064]]}, "properties": {}}, {"type": "Feature", "geometry": {"type": "LineString", "coordinates": [[73.84844850000007, 18.502751800000055], [73.84864320000008, 18.502832400000045], [73.84883790000004, 18.50274960000007], [73.84901940000003, 18.50254640000002], [73.84913750000004, 18.502367000000042], [73.84908480000007, 18.502218000000028], [73.84890180000008, 18.502154600000036], [73.84894970000005, 18.501884600000036], [73.84900100000004, 18.50181490000006]]}, "properties": {}}, {"type": "Feature", "geometry": {"type": "LineString", "coordinates": [[73.84901940000003, 18.50254640000002], [73.84906620000004, 18.50258260000004]]}, "properties": {}}, {"type": "Feature", "geometry": {"type": "LineString", "coordinates": [[73.84906620000004, 18.50258260000004], [73.84912490000005, 18.50263110000003]]}, "properties": {}}, {"type": "Feature", "geometry": {"type": "LineString", "coordinates": [[73.84877160000008, 18.503412700000073], [73.84983720000008, 18.50343310000005]]}, "properties": {}}, {"type": "Feature", "geometry": {"type": "LineString", "coordinates": [[73.85023160000003, 18.502116000000058], [73.85007160000004, 18.50224040000006], [73.84964430000008, 18.50224310000004]]}, "properties": {}}, {"type": "Feature", "geometry": {"type": "LineString", "coordinates": [[73.85076740000005, 18.500969800000057], [73.85077480000007, 18.501044700000023], [73.85079070000006, 18.501205300000038], [73.85080220000003, 18.501322300000027], [73.85081010000005, 18.50172390000006], [73.85080260000007, 18.501999700000056], [73.85078690000006, 18.50257520000002], [73.85078060000006, 18.502807700000062], [73.85074110000005, 18.503429000000043], [73.85072920000005, 18.50362540000004], [73.85072230000003, 18.503746800000044], [73.85070300000007, 18.504085500000034], [73.85069420000008, 18.504239400000067]]}, "properties": {}}, {"type": "Feature", "geometry": {"type": "LineString", "coordinates": [[73.84912490000005, 18.50263110000003], [73.84988860000004, 18.502636800000065], [73.85006510000005, 18.502638100000073], [73.85021550000005, 18.502625000000023], [73.85078690000006, 18.50257520000002]]}, "properties": {}}, {"type": "Feature", "geometry": {"type": "LineString", "coordinates": [[73.84985550000005, 18.503032100000038], [73.84964640000004, 18.503029600000044]]}, "properties": {}}, {"type": "Feature", "geometry": {"type": "LineString", "coordinates": [[73.85032350000006, 18.50342850000004], [73.85039150000006, 18.503428600000063], [73.85068420000005, 18.503428900000074], [73.85074110000005, 18.503429000000043]]}, "properties": {}}, {"type": "Feature", "geometry": {"type": "LineString", "coordinates": [[73.85072920000005, 18.50362540000004], [73.85123000000004, 18.503617100000042]]}, "properties": {}}, {"type": "Feature", "geometry": {"type": "LineString", "coordinates": [[73.84985550000005, 18.503032100000038], [73.84983720000008, 18.50343310000005], [73.84983340000008, 18.503979900000044], [73.84982920000004, 18.504332100000052]]}, "properties": {}}, {"type": "Feature", "geometry": {"type": "LineString", "coordinates": [[73.85031230000004, 18.503734500000064], [73.85037700000004, 18.503736400000033], [73.85065120000007, 18.503744700000023], [73.85072230000003, 18.503746800000044]]}, "properties": {}}, {"type": "Feature", "geometry": {"type": "LineString", "coordinates": [[73.85029010000005, 18.504346400000035], [73.85030020000005, 18.50406730000003], [73.85031230000004, 18.503734500000064], [73.85032350000006, 18.50342850000004], [73.85032810000007, 18.503300600000046]]}, "properties": {}}, {"type": "Feature", "geometry": {"type": "LineString", "coordinates": [[73.85030020000005, 18.50406730000003], [73.85035710000005, 18.504069900000047], [73.85064530000005, 18.50408290000007], [73.85070300000007, 18.504085500000034]]}, "properties": {}}, {"type": "Feature", "geometry": {"type": "LineString", "coordinates": [[73.85127500000004, 18.504297900000036], [73.85126680000008, 18.504217400000073], [73.85124890000003, 18.504040900000067]]}, "properties": {}}, {"type": "Feature", "geometry": {"type": "LineString", "coordinates": [[73.85069420000008, 18.504239400000067], [73.85068930000006, 18.50432480000006]]}, "properties": {}}, {"type": "Feature", "geometry": {"type": "LineString", "coordinates": [[73.85068930000006, 18.50432480000006], [73.85078890000005, 18.504320400000037]]}, "properties": {}}, {"type": "Feature", "geometry": {"type": "LineString", "coordinates": [[73.85088840000003, 18.504316000000074], [73.85088870000004, 18.50440690000005], [73.85088950000005, 18.504613700000046]]}, "properties": {}}, {"type": "Feature", "geometry": {"type": "LineString", "coordinates": [[73.85018120000007, 18.504345800000067], [73.85017970000007, 18.50443480000007], [73.85017600000003, 18.50464380000005]]}, "properties": {}}, {"type": "Feature", "geometry": {"type": "LineString", "coordinates": [[73.76371330000006, 18.44621880000005], [73.76381040000007, 18.44626250000005], [73.76390750000007, 18.446306100000072], [73.76419450000004, 18.446382400000058], [73.76445470000004, 18.44647400000002], [73.76477660000006, 18.446608900000054], [73.76508500000006, 18.446664900000027], [73.76555170000006, 18.44673610000006], [73.76619280000006, 18.446812500000078], [73.76623610000007, 18.44682240000003], [73.76627950000005, 18.446838900000042], [73.76628970000007, 18.446874300000047], [73.76628660000006, 18.44691100000006], [73.76625180000008, 18.447392600000057], [73.76619010000007, 18.447410400000017], [73.76614450000005, 18.447428200000047], [73.76609620000005, 18.447466400000053], [73.76610430000005, 18.447570700000032], [73.76613650000007, 18.447764000000063], [73.76620350000007, 18.448323800000022]]}, "properties": {}}, {"type": "Feature", "geometry": {"type": "LineString", "coordinates": [[73.77303390000003, 18.440338200000035], [73.77314970000003, 18.44056290000003], [73.77335960000005, 18.44096980000006], [73.77384020000005, 18.44179220000006], [73.77391550000004, 18.44192990000005], [73.77401100000004, 18.442175400000057], [73.77404060000003, 18.442315600000025], [73.77404700000005, 18.442512200000063], [73.77403330000004, 18.442623100000052], [73.77398390000008, 18.442844600000054], [73.77393600000005, 18.443008000000074], [73.77383620000006, 18.443434100000047], [73.77380130000006, 18.44355720000004], [73.77371390000008, 18.443730000000073], [73.77359160000003, 18.44397140000007], [73.77354170000007, 18.444089800000025], [73.77350680000006, 18.444212900000025], [73.77349930000008, 18.444331200000022], [73.77350680000006, 18.444579800000046], [73.77362660000006, 18.44510770000005], [73.77389360000006, 18.44583440000002], [73.77416060000007, 18.446449800000043], [73.77441260000006, 18.447025000000053], [73.77452990000008, 18.447242800000026], [73.77466710000004, 18.447401400000047], [73.77484930000008, 18.447555300000037], [73.77525850000006, 18.44792930000005], [73.77570520000006, 18.44832930000007], [73.77631160000004, 18.448897400000078], [73.77693040000008, 18.449444200000073], [73.77752180000005, 18.450012300000026], [73.77808330000005, 18.450507100000035], [73.77851250000003, 18.450883400000066], [73.77870400000006, 18.45101710000006], [73.77890920000004, 18.45116040000005], [73.77917370000006, 18.451300000000064], [73.77940830000006, 18.45142070000003], [73.77995230000005, 18.451607700000068], [73.78048130000008, 18.451719000000022], [73.78137960000004, 18.45188710000002], [73.78215320000004, 18.452024400000024], [73.78285190000008, 18.452220800000077]]}, "properties": {}}, {"type": "Feature", "geometry": {"type": "LineString", "coordinates": [[73.78085420000008, 18.457570700000073], [73.78071850000003, 18.457525800000045], [73.78060370000003, 18.45749110000002], [73.78046280000007, 18.457444200000058], [73.78026540000008, 18.457376200000056], [73.78021440000003, 18.457360900000026], [73.77984530000003, 18.457250000000045], [73.77961810000005, 18.45717810000008], [73.77957490000006, 18.45716180000005], [73.77939940000005, 18.45710710000003], [73.77877310000008, 18.456926500000066], [73.77804190000006, 18.456725300000073], [73.7780253000001, 18.456720700000066], [73.77789410000008, 18.456692200000077], [73.77777380000003, 18.456666100000064], [73.77722410000007, 18.45654650000005], [73.77657830000004, 18.45638720000005], [73.77652690000008, 18.456371700000034], [73.77643060000008, 18.45634620000004], [73.77629830000006, 18.45631310000005], [73.77576530000005, 18.456172800000047], [73.77500080000004, 18.455935300000018], [73.77462950000006, 18.455815600000054], [73.77451490000004, 18.455778600000027], [73.77369550000003, 18.45551420000004], [73.77342660000005, 18.455415300000027], [73.77336860000008, 18.455394000000066], [73.77272070000004, 18.455241800000067], [73.77266310000005, 18.455121000000076], [73.77262420000005, 18.454971900000032], [73.77258040000004, 18.454777200000027], [73.77240630000006, 18.454032200000025], [73.77238860000006, 18.45395620000005], [73.77226950000005, 18.45331100000004], [73.77201960000008, 18.45249380000007], [73.77199250000007, 18.45231210000002], [73.77198910000004, 18.452137100000076], [73.77199340000004, 18.45196320000002], [73.77201300000007, 18.45184080000007], [73.77208390000004, 18.451564400000052], [73.77228670000005, 18.451223300000034], [73.77249370000004, 18.450957300000027], [73.77259720000006, 18.450726100000054], [73.77262050000007, 18.450507600000037], [73.77261390000007, 18.450045300000053], [73.77255710000003, 18.449516400000054], [73.77249030000007, 18.44908570000007], [73.77250040000007, 18.448651900000073], [73.77249410000007, 18.448571600000037], [73.77247100000005, 18.448276100000044], [73.77246700000006, 18.44822440000007], [73.77240690000008, 18.447480200000026], [73.77234010000006, 18.447030500000036], [73.77216650000008, 18.44673280000006], [73.77203630000008, 18.44653010000007], [73.77191950000008, 18.446172300000057], [73.77184940000006, 18.445735300000024], [73.77184940000006, 18.445666900000045], [73.77184940000006, 18.44550090000007], [73.77186270000004, 18.445111400000027], [73.77193950000003, 18.44466800000004], [73.77189610000006, 18.44420250000007], [73.77183270000006, 18.44373060000004], [73.77178590000005, 18.443214400000045], [73.77182130000006, 18.44296500000007], [73.77185810000003, 18.442667600000057], [73.77187940000005, 18.44247340000004], [73.77187060000006, 18.442376500000027], [73.77186610000007, 18.442327700000074], [73.77178590000005, 18.442197900000053], [73.77172250000007, 18.442074400000024], [73.77170920000003, 18.441697500000036], [73.77174500000007, 18.44138780000003]]}, "properties": {}}, {"type": "Feature", "geometry": {"type": "LineString", "coordinates": [[73.77337090000003, 18.440095800000048], [73.77346050000006, 18.44007130000005], [73.77340730000003, 18.439929100000025], [73.77313060000006, 18.439473100000043], [73.77303970000008, 18.43929850000006], [73.77307530000007, 18.43921420000003], [73.77324760000005, 18.43886080000004]]}, "properties": {}}, {"type": "Feature", "geometry": {"type": "LineString", "coordinates": [[73.76202730000006, 18.44829840000005], [73.76272910000006, 18.447449000000066], [73.76299200000005, 18.447176800000022], [73.76371330000006, 18.44621880000005], [73.76386200000007, 18.44602130000004], [73.76475370000003, 18.444795300000067], [73.76486510000007, 18.444642200000025], [73.76495270000004, 18.44451280000004], [73.76513600000004, 18.44428090000002], [73.76602380000008, 18.443074800000026], [73.76616500000006, 18.442932700000025], [73.76631790000005, 18.442833500000056], [73.76668900000004, 18.44271860000003], [73.76788530000005, 18.44237250000003], [73.76864970000008, 18.442153700000063], [73.76901890000005, 18.441970900000054], [73.76984600000003, 18.44151000000005], [73.77055310000003, 18.441054900000044], [73.77096980000005, 18.440838200000027], [73.77111910000008, 18.440892000000073], [73.77124610000004, 18.440990900000024], [73.77140170000007, 18.44120210000006], [73.77145440000004, 18.44127120000007], [73.77155190000008, 18.44131910000004], [73.77160550000008, 18.44135220000004], [73.77166720000008, 18.44137510000007], [73.77174500000007, 18.44138780000003], [73.77183620000005, 18.441354800000056], [73.77194080000004, 18.44130390000003], [73.77275890000004, 18.440540500000054], [73.77303390000003, 18.440338200000035], [73.77310050000006, 18.440285000000074]]}, "properties": {}}, {"type": "Feature", "geometry": {"type": "LineString", "coordinates": [[73.76627950000005, 18.446838900000042], [73.76629160000005, 18.44679240000005], [73.76629530000008, 18.44674700000007], [73.76630840000007, 18.446285200000034], [73.76630400000005, 18.446248900000057], [73.76628290000008, 18.446217900000025], [73.76624330000004, 18.446206800000027], [73.76597010000006, 18.44618240000006]]}, "properties": {}}, {"type": "Feature", "geometry": {"type": "LineString", "coordinates": [[73.77313060000006, 18.439473100000043], [73.77325600000006, 18.43950520000004], [73.77341510000008, 18.439530300000058], [73.77371990000006, 18.43957220000004], [73.77432120000003, 18.43975150000006], [73.77429870000003, 18.44002910000006], [73.77419510000006, 18.44020830000005], [73.77379450000006, 18.44022000000007], [73.77372880000007, 18.44022190000004], [73.77358930000008, 18.44018510000007], [73.77346050000006, 18.44007130000005]]}, "properties": {}}, {"type": "Feature", "geometry": {"type": "LineString", "coordinates": [[73.77379450000006, 18.44022000000007], [73.77388970000004, 18.439802000000046]]}, "properties": {}}, {"type": "Feature", "geometry": {"type": "LineString", "coordinates": [[73.77331220000008, 18.44012710000004], [73.77337090000003, 18.440095800000048]]}, "properties": {}}, {"type": "Feature", "geometry": {"type": "LineString", "coordinates": [[73.77318170000008, 18.440215200000065], [73.77322680000003, 18.44018370000003], [73.77331220000008, 18.44012710000004]]}, "properties": {}}, {"type": "Feature", "geometry": {"type": "LineString", "coordinates": [[73.77310050000006, 18.440285000000074], [73.77318170000008, 18.440215200000065]]}, "properties": {}}, {"type": "Feature", "geometry": {"type": "LineString", "coordinates": [[73.77262730000007, 18.44105550000006], [73.77316400000007, 18.441175100000066]]}, "properties": {}}, {"type": "Feature", "geometry": {"type": "LineString", "coordinates": [[73.77314970000003, 18.44056290000003], [73.77312740000008, 18.440613900000073], [73.77312330000007, 18.440646700000055], [73.77315990000005, 18.440826000000072], [73.77316800000007, 18.440864600000054], [73.77317010000007, 18.440895500000067], [73.77316400000007, 18.441175100000066], [73.77317010000007, 18.44120790000005], [73.77329200000008, 18.441452800000032], [73.77346780000005, 18.44187140000002]]}, "properties": {}}, {"type": "Feature", "geometry": {"type": "LineString", "coordinates": [[73.77187060000006, 18.442376500000027], [73.77214470000007, 18.442406200000043]]}, "properties": {}}, {"type": "Feature", "geometry": {"type": "LineString", "coordinates": [[73.77549340000007, 18.44235330000004], [73.77521060000004, 18.44183890000005], [73.77472650000004, 18.44125110000004], [73.77379450000006, 18.44022000000007]]}, "properties": {}}, {"type": "Feature", "geometry": {"type": "LineString", "coordinates": [[73.76704110000003, 18.446621700000037], [73.76745070000004, 18.44673870000003]]}, "properties": {}}, {"type": "Feature", "geometry": {"type": "LineString", "coordinates": [[73.76702420000004, 18.446911700000044], [73.76741860000004, 18.447028700000036]]}, "properties": {}}, {"type": "Feature", "geometry": {"type": "LineString", "coordinates": [[73.76784950000007, 18.44707040000003], [73.76785400000006, 18.447267100000037], [73.76788850000008, 18.447315400000036], [73.76793490000006, 18.44735510000004], [73.76798850000007, 18.44735510000003], [73.76804760000005, 18.447341300000055], [73.76809120000007, 18.447308500000073], [73.76811750000007, 18.447262000000023], [73.76810030000007, 18.446861900000044], [73.76807940000003, 18.44682140000003], [73.76805120000006, 18.446799800000065], [73.76801940000007, 18.446782600000063], [73.76793210000005, 18.44677050000007], [73.76788120000003, 18.44679640000004], [73.76784850000007, 18.446852400000072], [73.76784950000007, 18.44707040000003]]}, "properties": {}}, {"type": "Feature", "geometry": {"type": "LineString", "coordinates": [[73.76763230000006, 18.44708090000006], [73.76784950000007, 18.44707040000003]]}, "properties": {}}, {"type": "Feature", "geometry": {"type": "LineString", "coordinates": [[73.76625180000008, 18.447392600000057], [73.76665940000004, 18.447378600000036], [73.76699750000006, 18.447367000000042], [73.76743730000004, 18.447351900000058], [73.76749900000004, 18.447308600000042], [73.76763230000006, 18.44708090000006], [73.76776720000004, 18.44685060000006]]}, "properties": {}}, {"type": "Feature", "geometry": {"type": "LineString", "coordinates": [[73.76702960000006, 18.448285600000077], [73.76700450000004, 18.447753900000063], [73.76699750000006, 18.447367000000042], [73.76702420000004, 18.446911700000044], [73.76704110000003, 18.446621700000037], [73.76704840000008, 18.44649690000006]]}, "properties": {}}, {"type": "Feature", "geometry": {"type": "LineString", "coordinates": [[73.76803940000008, 18.447722800000065], [73.76803550000007, 18.44752740000007]]}, "properties": {}}, {"type": "Feature", "geometry": {"type": "LineString", "coordinates": [[73.76779200000004, 18.447730300000046], [73.76778580000007, 18.447540200000052]]}, "properties": {}}, {"type": "Feature", "geometry": {"type": "LineString", "coordinates": [[73.76700450000004, 18.447753900000063], [73.76730860000004, 18.447744800000066], [73.76763040000003, 18.447735100000042], [73.76779200000004, 18.447730300000046], [73.76794700000005, 18.44772560000007], [73.76803940000008, 18.447722800000065], [73.76827690000005, 18.44771570000006], [73.76836000000003, 18.447713200000063]]}, "properties": {}}, {"type": "Feature", "geometry": {"type": "LineString", "coordinates": [[73.76665940000004, 18.447378600000036], [73.76669970000006, 18.44821440000004], [73.76671100000004, 18.448252300000036], [73.76674050000008, 18.44827520000007], [73.76678040000007, 18.448277800000024], [73.76702960000006, 18.448285600000077], [73.76724210000003, 18.448287900000025], [73.76728500000007, 18.448280200000056], [73.76732470000007, 18.448247500000033]]}, "properties": {}}, {"type": "Feature", "geometry": {"type": "LineString", "coordinates": [[73.75987930000008, 18.44163120000007], [73.76023220000008, 18.441510100000073], [73.76025560000005, 18.44148800000005], [73.76026720000006, 18.441459200000054], [73.76026490000004, 18.44141490000004], [73.76019720000005, 18.440901000000054], [73.76017850000005, 18.440865600000052], [73.76008980000006, 18.440788000000058], [73.76007110000006, 18.44075700000008], [73.76006640000008, 18.440719400000035], [73.76005240000006, 18.440252000000044], [73.76003990000004, 18.44019930000007], [73.75998890000005, 18.440079700000066]]}, "properties": {}}, {"type": "Feature", "geometry": {"type": "LineString", "coordinates": [[73.75045030000007, 18.43886860000003], [73.75135310000007, 18.438580000000062], [73.75209910000007, 18.43840810000006], [73.75243840000007, 18.438336900000024], [73.75271740000005, 18.438297400000064], [73.75278240000006, 18.438285300000075], [73.75334170000008, 18.43815750000005], [73.75376880000005, 18.438014300000074], [73.75382110000004, 18.437994600000028], [73.75404370000007, 18.437881400000038], [73.75409330000008, 18.437850900000054], [73.75437360000006, 18.43761610000007], [73.75460630000003, 18.437413200000034], [73.75468610000007, 18.437345100000073], [73.75490070000006, 18.437142800000057], [73.75557190000006, 18.43654230000004], [73.75560010000004, 18.436524500000072], [73.75581800000003, 18.436424000000045], [73.75586090000007, 18.436410700000067], [73.75590850000003, 18.436401100000065], [73.75618280000003, 18.436376300000067], [73.75649590000006, 18.436355300000063], [73.75655760000006, 18.43634960000003], [73.75690830000008, 18.436320300000034], [73.75695860000008, 18.436323500000068], [73.75714700000003, 18.436371900000033], [73.75720470000005, 18.43639540000003], [73.75827490000006, 18.436947600000057], [73.75831110000007, 18.43697170000007], [73.75855320000005, 18.43719180000005], [73.75857400000007, 18.437219800000037], [73.75858940000006, 18.43725230000006], [73.75890190000007, 18.437861000000055], [73.75891730000006, 18.437898600000036], [73.75900380000007, 18.43815050000006], [73.75901450000003, 18.438185500000024], [73.75906110000005, 18.438492100000076], [73.75906480000003, 18.43860150000006], [73.75905680000005, 18.438698200000037], [73.75892270000008, 18.439275800000072], [73.75890520000007, 18.439368700000042], [73.75888090000007, 18.439827500000032], [73.75890520000007, 18.440451300000056], [73.75894010000007, 18.440573500000024], [73.75899910000004, 18.440672700000047], [73.75910640000006, 18.44081010000002], [73.75968190000003, 18.441321800000026], [73.75987930000008, 18.44163120000007], [73.75990570000005, 18.441802500000048], [73.75989640000006, 18.441875500000037], [73.75981180000008, 18.442207000000057], [73.75978770000006, 18.44230750000003], [73.75978230000004, 18.44254670000003], [73.75981060000004, 18.44286070000004], [73.75984270000004, 18.442958900000058], [73.76020540000007, 18.443902900000072], [73.76053600000006, 18.444850700000075], [73.76059230000006, 18.444955000000046], [73.76064600000007, 18.445036500000068], [73.76102420000007, 18.445466500000066], [73.76111540000005, 18.445558100000028], [73.76126020000004, 18.44568530000004], [73.76131920000006, 18.445766700000036], [73.76134600000006, 18.44585070000005], [73.76146410000007, 18.446860800000024], [73.76152310000003, 18.447163600000064], [73.76161430000008, 18.447588500000055], [73.76164380000006, 18.44766610000005], [73.76168530000007, 18.447766600000023], [73.76179930000006, 18.447963800000025], [73.76188250000007, 18.448126600000023], [73.76202730000006, 18.44829840000005]]}, "properties": {}}, {"type": "Feature", "geometry": {"type": "LineString", "coordinates": [[73.75091030000004, 18.438913900000045], [73.75096000000008, 18.438873900000033], [73.75099270000004, 18.43885190000003], [73.75108820000008, 18.438809900000027], [73.75111070000008, 18.438802100000032], [73.75113830000004, 18.438795500000026], [73.75137160000008, 18.438737600000024], [73.75155870000003, 18.438693100000027], [73.75161430000003, 18.43868420000007], [73.75188320000007, 18.438656800000047], [73.75193080000008, 18.43864730000007], [73.75234120000005, 18.438539800000058], [73.75239280000005, 18.43853020000006], [73.75270330000006, 18.438478700000076], [73.75277170000004, 18.43846470000005], [73.75287090000006, 18.438440600000035], [73.75355480000007, 18.438255300000037], [73.75390430000004, 18.438126300000015], [73.75394110000008, 18.43810850000006], [73.75426970000007, 18.437924700000053], [73.75429380000008, 18.437910700000028], [73.75477530000006, 18.43756330000002], [73.75480610000005, 18.43753850000007], [73.75508440000004, 18.437260500000036], [73.75511460000007, 18.437232500000054], [73.75540960000006, 18.43693290000005], [73.75544320000006, 18.43690300000003], [73.75564370000006, 18.43670900000006], [73.75569530000007, 18.43666830000007], [73.75574690000008, 18.436641600000026], [73.75594680000006, 18.436551900000033], [73.75598030000003, 18.43653920000002], [73.75611710000004, 18.436511200000037], [73.75615530000005, 18.43650860000003], [73.75650680000007, 18.436501000000078], [73.75654300000008, 18.43649720000007], [73.75694000000004, 18.43645270000008], [73.75696680000004, 18.436452700000075], [73.75699770000006, 18.43646030000002], [73.75752340000008, 18.43670970000005], [73.75795790000006, 18.43692600000003], [73.75799140000004, 18.436947600000057], [73.75822210000007, 18.43711050000007], [73.75825030000006, 18.437135900000044], [73.75841250000008, 18.437316600000027], [73.75843270000007, 18.437347100000068], [73.75872370000008, 18.437802600000055], [73.75887120000004, 18.438095200000078], [73.75888330000004, 18.438129500000056], [73.75894900000003, 18.438378900000032], [73.75895440000005, 18.438418300000027], [73.75896380000006, 18.43857600000007], [73.75896150000005, 18.438598100000036], [73.75893700000006, 18.438738800000063], [73.75884240000005, 18.439077700000045], [73.75882960000007, 18.439125300000057], [73.75874430000005, 18.439490800000048], [73.75873970000004, 18.439528500000044], [73.75872100000004, 18.43996930000003], [73.75873270000005, 18.440281600000052], [73.75873850000005, 18.44033480000007], [73.75877590000005, 18.440561800000072], [73.75878290000003, 18.440592800000044], [73.75882960000007, 18.440720200000044], [73.75884830000007, 18.440746800000056], [73.75903510000006, 18.44094720000004], [73.75933280000004, 18.44121190000004], [73.75935730000003, 18.441238500000058], [73.75947170000006, 18.441398000000046], [73.75948570000008, 18.441426800000045], [73.75951610000004, 18.44153090000003], [73.75951660000004, 18.44156140000007], [73.75949910000008, 18.441642200000047], [73.75948860000005, 18.441672100000062], [73.75945590000003, 18.441790600000044], [73.75945360000003, 18.441822800000065], [73.75944080000005, 18.442095200000043], [73.75944310000006, 18.44213060000004], [73.75948510000006, 18.442465100000053], [73.75949330000003, 18.442509400000066], [73.75955520000008, 18.44284270000003], [73.75956940000003, 18.442879300000072], [73.75968530000006, 18.44312420000006], [73.75971580000004, 18.443172400000034], [73.75987630000003, 18.443477100000052], [73.75989260000006, 18.44351370000004], [73.76002680000005, 18.443839600000043], [73.76004710000007, 18.443889800000015], [73.76014670000006, 18.44418860000008], [73.76015690000008, 18.44422530000003], [73.76028090000007, 18.44465340000005], [73.76029310000007, 18.444686100000066], [73.76043330000005, 18.44498120000003], [73.76045970000007, 18.445019700000042], [73.76067720000003, 18.44532630000003], [73.76070980000003, 18.445357200000043], [73.76089270000006, 18.445525000000035], [73.76092730000005, 18.44555200000008], [73.76117120000004, 18.44576600000005], [73.76119150000007, 18.44579680000004], [73.76120370000007, 18.445837300000047], [73.76122810000004, 18.446091900000052], [73.76126470000008, 18.446710900000028], [73.76126470000008, 18.446749400000044], [73.76125050000007, 18.447150500000074], [73.76125250000007, 18.447194900000056], [73.76132570000004, 18.447715500000072], [73.76144560000006, 18.448240000000055], [73.76162250000004, 18.448849300000063], [73.76164080000007, 18.44889950000004], [73.76173220000004, 18.449092300000075], [73.76176270000008, 18.44913280000003], [73.76197140000005, 18.44938290000005], [73.76202490000003, 18.449447100000043], [73.76205950000008, 18.449468300000035], [73.76255350000008, 18.449626400000056], [73.76312670000004, 18.449792200000044], [73.76315920000008, 18.449809600000034], [73.76317950000004, 18.449838500000055], [73.76340460000006, 18.450258800000032]]}, "properties": {}}, {"type": "Feature", "geometry": {"type": "LineString", "coordinates": [[73.76826080000006, 18.447524900000076], [73.76827690000005, 18.44771570000006], [73.76828760000006, 18.448219500000047]]}, "properties": {}}, {"type": "Feature", "geometry": {"type": "LineString", "coordinates": [[73.76794700000005, 18.44772560000007], [73.76795770000007, 18.448224600000056]]}, "properties": {}}, {"type": "Feature", "geometry": {"type": "LineString", "coordinates": [[73.76763040000003, 18.447735100000042], [73.76764650000007, 18.448247500000033]]}, "properties": {}}, {"type": "Feature", "geometry": {"type": "LineString", "coordinates": [[73.76730860000004, 18.447744800000066], [73.76733410000008, 18.44820400000003], [73.76732470000007, 18.448247500000033]]}, "properties": {}}, {"type": "Feature", "geometry": {"type": "LineString", "coordinates": [[73.75051170000006, 18.437668100000053], [73.75022450000007, 18.437752300000064], [73.75020110000008, 18.43777220000004], [73.75018950000003, 18.437796600000066], [73.75016610000006, 18.438007000000024], [73.75015680000007, 18.438049100000054], [73.75012690000005, 18.438136900000075], [73.75003660000004, 18.438306500000063], [73.75001350000008, 18.438341400000066], [73.74965840000004, 18.438850400000035], [73.74963850000006, 18.438889000000074], [73.74961550000006, 18.438978000000077], [73.74961190000005, 18.439013200000034], [73.74961130000008, 18.43910400000004]]}, "properties": {}}, {"type": "Feature", "geometry": {"type": "LineString", "coordinates": [[73.74951020000003, 18.43915320000008], [73.74961130000008, 18.43910400000004], [73.74980950000008, 18.43900760000003], [73.74986070000006, 18.438989200000037], [73.75045030000007, 18.43886860000003]]}, "properties": {}}, {"type": "Feature", "geometry": {"type": "LineString", "coordinates": [[73.74873836282224, 18.43571339053496], [73.74871950000005, 18.43577200000004], [73.74866720000006, 18.435932300000044], [73.74860020000006, 18.436090000000036], [73.74853980000006, 18.436222400000077], [73.74845000000005, 18.436361000000034], [73.74824520000004, 18.436658000000023], [73.74815490000003, 18.43675930000006], [73.74810670000006, 18.436802500000056], [73.74805700000007, 18.436836900000056], [73.74760510000004, 18.43703530000004], [73.74755280000005, 18.437064600000042], [73.74742000000003, 18.437160000000066], [73.74732080000007, 18.437263100000052], [73.74726180000005, 18.437362300000075], [73.74718670000004, 18.43747050000007], [73.74707400000005, 18.43766510000006], [73.74705250000005, 18.437722400000045], [73.74701230000005, 18.437911900000078], [73.74701370000008, 18.437964100000045], [73.74708070000008, 18.438231300000037], [73.74710220000003, 18.43828340000004], [73.74713440000005, 18.438342000000038], [73.74739230000006, 18.43873430000008], [73.74778390000006, 18.439182200000058], [73.74817010000004, 18.43956890000004], [73.74822860000006, 18.439608400000054], [73.74848640000005, 18.439748100000035], [73.74852970000006, 18.439767800000023], [73.74865830000005, 18.43980300000004], [73.74873830000007, 18.439806600000054], [73.74881880000004, 18.439798700000033], [73.74892070000004, 18.43976310000005], [73.74900250000009, 18.43972240000005], [73.74911050000003, 18.43963170000006], [73.74938340000007, 18.43925420000005], [73.74951020000003, 18.43915320000008]]}, "properties": {}}, {"type": "Feature", "geometry": {"type": "LineString", "coordinates": [[73.78869800000007, 18.463432100000027], [73.78873350000003, 18.46339640000002], [73.78875450000004, 18.46338210000005], [73.78877400000005, 18.463372100000075], [73.78880620000007, 18.463368200000044], [73.78896370000007, 18.463378500000033], [73.78911700000003, 18.463388500000065], [73.78914790000005, 18.463393500000052], [73.78916820000006, 18.46339990000007], [73.78918780000004, 18.463412700000053], [73.78920660000006, 18.46344060000007], [73.78929230000006, 18.46367320000007]]}, "properties": {}}, {"type": "Feature", "geometry": {"type": "LineString", "coordinates": [[73.75297490000008, 18.551805000000055], [73.75282850000008, 18.551798500000075], [73.75272940000008, 18.55174730000004], [73.75265510000008, 18.551567800000036], [73.75264710000005, 18.551467200000044], [73.75263560000008, 18.551355600000022], [73.75262810000004, 18.551279700000062], [73.75261010000008, 18.55109920000007], [73.75260460000004, 18.55104440000002], [73.75258780000007, 18.550896800000032], [73.75259360000007, 18.550803700000078], [73.75259670000008, 18.550754200000032], [73.75264090000009, 18.550624100000043], [73.75266300000004, 18.550510100000057], [73.75266510000006, 18.550308000000033], [73.75266570000008, 18.550254200000044], [73.75263080000008, 18.55011950000005], [73.75259670000008, 18.549983800000067], [73.75255150000004, 18.549901700000078], [73.75246620000007, 18.54974670000007], [73.75239100000005, 18.549574500000062]]}, "properties": {}}, {"type": "Feature", "geometry": {"type": "LineString", "coordinates": [[73.75098900000006, 18.551460700000064], [73.75104710000005, 18.55139910000003], [73.75110730000006, 18.55136560000005], [73.75186470000006, 18.551335400000028], [73.75190010000006, 18.551308600000027], [73.75192130000005, 18.551238100000035], [73.75187880000004, 18.550875700000063], [73.75182930000005, 18.55085560000003], [73.75088080000006, 18.550869000000034], [73.75086970000007, 18.550897700000064], [73.75086660000005, 18.551062500000057]]}, "properties": {}}, {"type": "Feature", "geometry": {"type": "LineString", "coordinates": [[73.75190010000006, 18.551308600000027], [73.75262810000004, 18.551279700000062]]}, "properties": {}}, {"type": "Feature", "geometry": {"type": "LineString", "coordinates": [[73.75173870000003, 18.551827100000022], [73.75173930000005, 18.551800700000054], [73.75173910000007, 18.551792600000052], [73.75172640000005, 18.551492100000072]]}, "properties": {}}, {"type": "Feature", "geometry": {"type": "LineString", "coordinates": [[73.75146540000003, 18.551849400000037], [73.75146360000008, 18.551817400000058], [73.75146320000005, 18.551808700000038], [73.75145100000003, 18.55149970000002], [73.75145740000005, 18.551485700000057], [73.75146520000004, 18.55148000000003], [73.75171120000005, 18.551477800000043], [73.75172310000005, 18.55148020000007], [73.75172640000005, 18.551492100000072]]}, "properties": {}}, {"type": "Feature", "geometry": {"type": "LineString", "coordinates": [[73.75146320000005, 18.551808700000038], [73.75173910000007, 18.551792600000052]]}, "properties": {}}, {"type": "Feature", "geometry": {"type": "LineString", "coordinates": [[73.75232720000008, 18.55177150000003], [73.75173870000003, 18.551827100000022], [73.75146540000003, 18.551849400000037], [73.75143150000008, 18.551852200000045]]}, "properties": {}}, {"type": "Feature", "geometry": {"type": "LineString", "coordinates": [[73.75186490000004, 18.55223440000003], [73.75143150000008, 18.551852200000045], [73.75098900000006, 18.551460700000064]]}, "properties": {}}, {"type": "Feature", "geometry": {"type": "LineString", "coordinates": [[73.75143150000008, 18.551852200000045], [73.75032230000005, 18.551882300000045]]}, "properties": {}}, {"type": "Feature", "geometry": {"type": "LineString", "coordinates": [[73.75301680000007, 18.552140700000052], [73.75186490000004, 18.55223440000003], [73.75014690000006, 18.552361900000054]]}, "properties": {}}, {"type": "Feature", "geometry": {"type": "LineString", "coordinates": [[73.75246910000004, 18.55243970000004], [73.75255300000003, 18.552985300000046]]}, "properties": {}}, {"type": "Feature", "geometry": {"type": "LineString", "coordinates": [[73.76546980000006, 18.549022100000055], [73.76532070000007, 18.549045600000056], [73.76476280000003, 18.549238900000034], [73.76441950000003, 18.54945250000003], [73.76420460000008, 18.549602600000068], [73.76399480000003, 18.549748300000033], [73.76398540000008, 18.54975480000007], [73.76395460000005, 18.549775200000056], [73.76362260000008, 18.549995500000023], [73.76335040000004, 18.550176200000063], [73.76307300000008, 18.550360300000023], [73.76290560000007, 18.55048840000006], [73.76251750000006, 18.550785200000057], [73.76243470000003, 18.550848500000026], [73.76187400000003, 18.55126120000005], [73.76154270000006, 18.551505000000077], [73.76147850000007, 18.551552300000022], [73.76125990000008, 18.55171310000003], [73.76117690000007, 18.55176650000004], [73.76107280000008, 18.551833500000036], [73.76085420000004, 18.55197430000004], [73.76082540000004, 18.551992800000047], [73.76055210000004, 18.552126700000027], [73.76039120000007, 18.55217280000005], [73.76006010000003, 18.55226770000008], [73.76002910000005, 18.552276600000024], [73.75976270000007, 18.55235290000007], [73.75974680000007, 18.552357500000028], [73.75959960000006, 18.552399700000024], [73.75922650000007, 18.552468200000078], [73.75898960000006, 18.552511700000025], [73.75884130000003, 18.552538600000048], [73.75866480000008, 18.55257130000006], [73.75847360000006, 18.55261220000006], [73.75838250000004, 18.552631700000063], [73.75831170000004, 18.552676700000063], [73.75827620000007, 18.552699200000063], [73.75812710000008, 18.552793800000078], [73.75808830000005, 18.552815600000027], [73.75783690000003, 18.552956900000027], [73.75775500000003, 18.553002900000028], [73.75766570000009, 18.553053100000053], [73.75736000000006, 18.55311420000003], [73.75698440000008, 18.553053200000022], [73.75673770000003, 18.552880200000065], [73.75662340000008, 18.552855000000022], [73.75595450000003, 18.552707300000062], [73.75568850000008, 18.552665000000044], [73.75549170000005, 18.552669600000055], [73.75543150000004, 18.552681400000044], [73.75529480000006, 18.552708300000063], [73.75512900000007, 18.552780900000066], [73.75482280000006, 18.552941600000054], [73.75464560000006, 18.553043000000063], [73.75462320000008, 18.553051600000064], [73.75433840000005, 18.553161100000068], [73.75406560000005, 18.55326590000004], [73.75402000000008, 18.55327750000004], [73.75392920000007, 18.553300500000038], [73.75369900000004, 18.55335880000007], [73.75358600000004, 18.553387500000042], [73.75356940000006, 18.55339170000008], [73.75317270000005, 18.553391400000066], [73.75306910000006, 18.55335780000007], [73.75275500000004, 18.55321260000005], [73.75255300000003, 18.552985300000046], [73.75236970000003, 18.552854000000025], [73.75233440000005, 18.552845500000046], [73.75217240000006, 18.552806400000062], [73.75198480000006, 18.552809000000025], [73.75169260000007, 18.552854000000025], [73.75140540000007, 18.552948100000037], [73.75124890000006, 18.553014800000028], [73.75117420000004, 18.55304660000007], [73.75109770000006, 18.55307950000002], [73.75085780000006, 18.55318270000004], [73.75079670000008, 18.553206500000048], [73.75073610000004, 18.553230100000064], [73.75061400000004, 18.553277700000024], [73.75030140000007, 18.55339950000006], [73.75023560000005, 18.55342510000002], [73.74997170000006, 18.553525500000028], [73.74984980000005, 18.553571900000062], [73.74962110000007, 18.553632300000068], [73.74922740000005, 18.553729500000028], [73.74902030000004, 18.553791800000056], [73.74876580000006, 18.553845400000053], [73.74803660000003, 18.553999100000055], [73.74762650000008, 18.55408480000006], [73.74731510000004, 18.554149900000027], [73.74706300000008, 18.554243100000065], [73.74699660000005, 18.55426670000003], [73.74665480000004, 18.554388300000028], [73.74645160000006, 18.554460800000072], [73.74606520000005, 18.554598600000077], [73.74569970000005, 18.55469930000003], [73.74492440000006, 18.55479900000006], [73.74424300000004, 18.554886700000058], [73.74384930000008, 18.55493730000006], [73.74369710000008, 18.554974600000033], [73.74267480000003, 18.55522540000004], [73.74227550000006, 18.555352300000035], [73.74222440000005, 18.555362900000034], [73.74210640000007, 18.55538750000005], [73.74203850000004, 18.55540120000006], [73.74157330000008, 18.55549530000007], [73.74152870000006, 18.555504300000052], [73.74089090000007, 18.55558750000006], [73.74084910000005, 18.55558710000002], [73.74059180000006, 18.55558620000005], [73.74054120000005, 18.555585000000058], [73.74047530000007, 18.555583400000046], [73.74025620000003, 18.555575900000065], [73.73992290000007, 18.555535700000064], [73.73960380000005, 18.55549720000005], [73.73947670000007, 18.555516900000047], [73.73936970000005, 18.555553400000065], [73.73913980000003, 18.55568590000007], [73.73894930000006, 18.555840100000065], [73.73877460000006, 18.555931200000032], [73.73867030000008, 18.555972300000057], [73.73848760000004, 18.55600070000003], [73.73832509106141, 18.556011676724413]]}, "properties": {}}, {"type": "Feature", "geometry": {"type": "LineString", "coordinates": [[73.75124890000006, 18.553014800000028], [73.75109710000004, 18.552826300000046], [73.7509901000001, 18.552710100000073]]}, "properties": {}}, {"type": "Feature", "geometry": {"type": "LineString", "coordinates": [[73.75073610000004, 18.553230100000064], [73.75059280000005, 18.55272910000002]]}, "properties": {}}, {"type": "Feature", "geometry": {"type": "LineString", "coordinates": [[73.75109770000006, 18.55307950000002], [73.75112610000008, 18.553199700000043], [73.75120400000003, 18.55352920000007], [73.75123040000005, 18.553560000000065], [73.75131170000003, 18.553590900000074]]}, "properties": {}}, {"type": "Feature", "geometry": {"type": "LineString", "coordinates": [[73.74741250000005, 18.563757300000077], [73.74730270000003, 18.56374570000003], [73.74717360000007, 18.563608400000078], [73.74699710000004, 18.563590900000065], [73.74661250000008, 18.563705800000033], [73.74650970000006, 18.56382310000004], [73.74640700000003, 18.564003000000067], [73.74639120000008, 18.564102800000054], [73.74644120000005, 18.56426020000004], [73.74666520000005, 18.564407500000073], [73.74698660000007, 18.56478710000004], [73.74699450000008, 18.564907000000066], [73.74690750000008, 18.56509430000005], [73.74674420000008, 18.565261600000046], [73.74657030000003, 18.56529160000002], [73.74598550000007, 18.565411500000035], [73.74560610000003, 18.56543140000002], [73.74536110000008, 18.56543890000006], [73.74513420000005, 18.565368500000034]]}, "properties": {}}, {"type": "Feature", "geometry": {"type": "LineString", "coordinates": [[73.75010500000008, 18.56769660000003], [73.74990020000007, 18.56751350000007], [73.74986460000008, 18.56649580000004], [73.74971820000007, 18.565878700000038], [73.74978460000005, 18.565540300000066], [73.74975620000004, 18.565328500000078], [73.74970200000007, 18.564925100000035], [73.74952780000007, 18.564824400000074], [73.74900570000005, 18.564787900000056], [73.74880920000004, 18.564553500000045], [73.74886080000005, 18.563697700000034], [73.74881420000008, 18.563652200000035], [73.74864470000006, 18.563801500000068], [73.74826130000008, 18.56397310000006], [73.74792950000005, 18.564035100000073], [73.74769280000004, 18.56387300000006], [73.74741250000005, 18.563757300000077], [73.74749290000005, 18.563189300000033], [73.74754000000007, 18.562960100000055], [73.74749270000008, 18.562857200000057], [73.74760540000005, 18.562741600000038], [73.74751940000004, 18.562403500000073], [73.74755370000008, 18.562175800000034]]}, "properties": {}}, {"type": "Feature", "geometry": {"type": "LineString", "coordinates": [[73.74903300000005, 18.56823120000007], [73.74908260000007, 18.567936900000067], [73.74913530000003, 18.566683200000053], [73.74915380000004, 18.565467000000066], [73.74917480000005, 18.565394600000047], [73.74928020000004, 18.56536710000006], [73.74975620000004, 18.565328500000078], [73.75117960000006, 18.565254700000025], [73.75330040000006, 18.565119900000063], [73.75348250000008, 18.565099600000053], [73.75378250000006, 18.56508740000004], [73.75385620000003, 18.565047500000052], [73.75389050000007, 18.564950100000036], [73.75376670000003, 18.564650400000062], [73.75355060000004, 18.564423100000056], [73.75340310000007, 18.564315700000066], [73.75331350000005, 18.564175900000063], [73.75329770000008, 18.56403600000004], [73.75332140000006, 18.563878700000032], [73.75338990000007, 18.56376130000007], [73.75350060000005, 18.563629000000045], [73.75355060000004, 18.563521600000055], [73.75351640000008, 18.563369200000068], [73.75348210000004, 18.563259400000046], [73.75338520000008, 18.563042000000053]]}, "properties": {}}, {"type": "Feature", "geometry": {"type": "LineString", "coordinates": [[73.74557370000008, 18.56824400000005], [73.74566230000005, 18.56791690000006], [73.74577950000008, 18.567311900000046], [73.74611390000007, 18.565691700000052], [73.74613930000004, 18.565630600000077], [73.74620960000004, 18.565571400000067], [73.74685010000007, 18.565512200000054], [73.74693690000004, 18.565507800000034], [73.74917480000005, 18.565394600000047]]}, "properties": {}}, {"type": "Feature", "geometry": {"type": "LineString", "coordinates": [[73.74693690000004, 18.565507800000034], [73.74686020000009, 18.56571210000004], [73.74687670000003, 18.56608580000005], [73.74676730000004, 18.566391000000063], [73.74667440000007, 18.566449700000078], [73.74644940000007, 18.566929100000042], [73.74631320000003, 18.56700350000005], [73.74615010000008, 18.567850700000065], [73.74612970000004, 18.568342900000058]]}, "properties": {}}, {"type": "Feature", "geometry": {"type": "LineString", "coordinates": [[73.85377650000004, 18.499734100000065], [73.85382100000004, 18.499793400000044], [73.85382630000004, 18.499820400000033], [73.85389630000003, 18.50017550000007], [73.85390290000004, 18.500257600000054], [73.85391440000006, 18.500440000000022], [73.85391250000004, 18.500562600000023], [73.85391170000008, 18.500590400000075], [73.85390310000008, 18.50087910000007], [73.85390060000003, 18.500963700000053], [73.85388410000007, 18.50122890000006]]}, "properties": {}}, {"type": "Feature", "geometry": {"type": "LineString", "coordinates": [[73.85228290000003, 18.500048000000046], [73.85228280000007, 18.500065400000043], [73.85228260000008, 18.500089400000036], [73.85222560000005, 18.50008670000005], [73.85215330000005, 18.500058200000066], [73.85208680000005, 18.500026800000054], [73.85204350000004, 18.49999350000007], [73.85203460000008, 18.499945300000032], [73.85202240000007, 18.499879600000046], [73.85205850000006, 18.499931600000025], [73.85209280000004, 18.499961800000047], [73.85213290000007, 18.499989800000037], [73.85218490000005, 18.50002230000007], [73.85223220000007, 18.500042500000063], [73.85228290000003, 18.500048000000046]]}, "properties": {}}, {"type": "Feature", "geometry": {"type": "LineString", "coordinates": [[73.85292750000008, 18.500326600000054], [73.85291410000008, 18.499739900000066], [73.85295170000006, 18.499750600000024], [73.85297930000009, 18.499758400000076], [73.85299680000003, 18.50032180000005], [73.85296370000003, 18.500324100000057], [73.85292750000008, 18.500326600000054]]}, "properties": {}}, {"type": "Feature", "geometry": {"type": "LineString", "coordinates": [[73.85295770000005, 18.500367300000054], [73.85296370000003, 18.500324100000057], [73.85295170000006, 18.499750600000024], [73.85295130000003, 18.499711300000055]]}, "properties": {}}, {"type": "Feature", "geometry": {"type": "LineString", "coordinates": [[73.85254010000006, 18.500140400000074], [73.85255640000008, 18.500123100000053], [73.85257650000005, 18.500101800000035], [73.85246310000008, 18.50001550000007], [73.85244070000005, 18.499983000000043], [73.85241710000008, 18.50000890000007], [73.85239580000007, 18.50003230000004], [73.85242340000008, 18.500041000000063], [73.85245010000006, 18.500069300000064], [73.85248820000004, 18.500104100000044], [73.85252980000007, 18.500130400000042], [73.85254010000006, 18.500140400000074]]}, "properties": {}}, {"type": "Feature", "geometry": {"type": "LineString", "coordinates": [[73.85239870000004, 18.49999390000005], [73.85241710000008, 18.50000890000007], [73.85255640000008, 18.500123100000053], [73.85257240000004, 18.500136200000043], [73.85259730000007, 18.500157800000068], [73.85261020000007, 18.500169000000035], [73.85264200000006, 18.500209400000074], [73.85266370000005, 18.50022690000003], [73.85269540000007, 18.500245100000026], [73.85272050000003, 18.50024900000005], [73.85275220000005, 18.50023000000005], [73.85278760000006, 18.500204500000056], [73.85280960000006, 18.500188700000027]]}, "properties": {}}, {"type": "Feature", "geometry": {"type": "LineString", "coordinates": [[73.8524123000001, 18.500229500000046], [73.85242320000003, 18.500225500000056], [73.85244890000007, 18.500216100000042], [73.85242920000007, 18.500183300000064], [73.85241310000004, 18.500158400000025], [73.85239100000007, 18.500125300000033], [73.85236500000008, 18.500096200000026], [73.85235830000005, 18.500101100000045], [73.85234130000003, 18.500113700000043], [73.85235320000004, 18.500127600000038], [73.85238150000004, 18.500167200000075], [73.85240530000004, 18.500207100000065], [73.8524123000001, 18.500229500000046]]}, "properties": {}}, {"type": "Feature", "geometry": {"type": "LineString", "coordinates": [[73.85233740000007, 18.500061000000077], [73.85235830000005, 18.500101100000045], [73.85242320000003, 18.500225500000056], [73.85245660000004, 18.50028970000005]]}, "properties": {}}, {"type": "Feature", "geometry": {"type": "LineString", "coordinates": [[73.85254010000006, 18.500140400000074], [73.85255810000007, 18.500154100000035], [73.85257770000004, 18.500169000000028], [73.85259730000007, 18.500157800000068], [73.85261910000008, 18.50014550000003], [73.85267700000003, 18.500148900000053], [73.85273490000003, 18.50017020000007], [73.85278760000006, 18.500204500000056], [73.85281050000003, 18.500219500000068], [73.85284350000006, 18.50027440000002], [73.85286150000007, 18.50035270000006], [73.85288570000006, 18.50034290000007], [73.85290620000006, 18.500334600000023], [73.85288770000005, 18.500275000000045], [73.85286320000006, 18.500227000000052], [73.85282460000008, 18.500176800000077], [73.85275490000004, 18.500133100000028], [73.85268520000005, 18.500109500000065], [73.85262140000003, 18.500099600000055], [73.85257650000005, 18.500101800000035], [73.85255640000008, 18.500123100000053], [73.85254010000006, 18.500140400000074]]}, "properties": {}}, {"type": "Feature", "geometry": {"type": "LineString", "coordinates": [[73.85258180000007, 18.500299700000028], [73.85259270000006, 18.500287900000046], [73.85262280000006, 18.500241100000043], [73.85264200000006, 18.500209400000074]]}, "properties": {}}, {"type": "Feature", "geometry": {"type": "LineString", "coordinates": [[73.85375690000006, 18.500811500000058], [73.85375360000006, 18.50075150000004], [73.85370180000007, 18.500677000000056], [73.85370510000007, 18.500618400000064], [73.85371180000004, 18.500542300000063], [73.85370010000008, 18.500452000000056], [73.85365170000006, 18.500127200000062], [73.85364000000004, 18.50008610000003], [73.85362320000007, 18.500027400000018], [73.85358980000007, 18.499965600000046], [73.85353300000008, 18.49991010000002], [73.85344780000008, 18.499876800000038], [73.85295130000003, 18.499711300000055], [73.85241780000007, 18.49954720000005], [73.85234070000007, 18.499523500000066], [73.85225310000004, 18.499496500000078], [73.85213450000003, 18.499482300000068], [73.85206260000007, 18.499483900000033], [73.85199250000005, 18.499499700000055], [73.85194570000004, 18.499536200000026], [73.85193400000003, 18.499582100000055], [73.85194230000008, 18.49966930000005], [73.85198210000004, 18.499885200000044], [73.85220170000008, 18.501078700000054]]}, "properties": {}}, {"type": "Feature", "geometry": {"type": "LineString", "coordinates": [[73.85404490000008, 18.501306200000045], [73.85403730000007, 18.50121140000004], [73.85402480000005, 18.501054100000026], [73.85400590000006, 18.500926100000065], [73.85401240000004, 18.500709700000073], [73.85401650000006, 18.50057150000003], [73.85401670000005, 18.500564700000034], [73.85401770000004, 18.50049830000006], [73.85401870000004, 18.500437800000043], [73.85400680000004, 18.500250900000026], [73.85399970000003, 18.500162100000068], [73.85398650000008, 18.500098900000065], [73.85393250000004, 18.499839200000054], [73.85392890000003, 18.499822300000062], [73.85389810000004, 18.499677100000046]]}, "properties": {}}, {"type": "Feature", "geometry": {"type": "LineString", "coordinates": [[73.85380820000006, 18.500544200000036], [73.85373740000006, 18.50054280000006], [73.85371180000004, 18.500542300000063]]}, "properties": {}}, {"type": "Feature", "geometry": {"type": "LineString", "coordinates": [[73.85360930000007, 18.500087400000044], [73.85364000000004, 18.50008610000003], [73.85367860000008, 18.50008450000007], [73.85372430000007, 18.50035550000007], [73.85373730000003, 18.50052810000005], [73.85373740000006, 18.50054280000006], [73.85373850000008, 18.500656900000024], [73.85380260000005, 18.50066310000005], [73.85379840000007, 18.50081180000007], [73.85379660000007, 18.500874400000047], [73.85379260000008, 18.500926800000055], [73.85376320000006, 18.501314500000035], [73.85373110000006, 18.50131300000004], [73.85369620000006, 18.501311400000073], [73.85369840000004, 18.50128030000008], [73.85370030000007, 18.501253000000077], [73.85372030000008, 18.50095310000006], [73.85372860000007, 18.500927800000056], [73.85373890000005, 18.500896100000034], [73.85373790000006, 18.500834600000072], [73.85372460000008, 18.500811700000042], [73.85370790000007, 18.50078270000006], [73.85368180000006, 18.500738700000053], [73.85365930000006, 18.500672600000026], [73.85365230000008, 18.500623300000026], [73.85365230000008, 18.50058740000003], [73.85366530000005, 18.50053590000005], [73.85367000000008, 18.500469800000072], [73.85364870000006, 18.500306200000068], [73.85360930000007, 18.500087400000044]]}, "properties": {}}, {"type": "Feature", "geometry": {"type": "LineString", "coordinates": [[73.85272050000003, 18.50024900000005], [73.85270880000007, 18.500273600000067], [73.85269290000008, 18.500303700000075], [73.85267710000005, 18.500321900000067], [73.85267490000007, 18.50033580000007], [73.85267370000008, 18.500343300000058], [73.85268910000008, 18.500382700000046], [73.85269670000008, 18.500402100000034]]}, "properties": {}}, {"type": "Feature", "geometry": {"type": "LineString", "coordinates": [[73.85267490000007, 18.50033580000007], [73.85265030000005, 18.50031560000002], [73.85261110000006, 18.50030210000006], [73.85258180000007, 18.500299700000028], [73.85249070000003, 18.500354500000075], [73.85244470000005, 18.500382100000024]]}, "properties": {}}, {"type": "Feature", "geometry": {"type": "LineString", "coordinates": [[73.85254080000004, 18.500610500000047], [73.85252160000005, 18.500591800000056], [73.85248970000004, 18.500560800000073], [73.85245530000003, 18.50048680000003], [73.85244560000007, 18.50040620000004], [73.85244470000005, 18.500382100000024], [73.85244800000004, 18.500344400000074], [73.85245660000004, 18.50028970000005], [73.85248970000004, 18.50023930000003], [73.85255810000007, 18.500154100000035], [73.85257240000004, 18.500136200000043], [73.85260540000007, 18.500123900000062], [73.85268400000007, 18.50013220000005], [73.85277810000008, 18.500166000000036], [73.85280960000006, 18.500188700000027], [73.85283640000006, 18.500219900000047], [73.85286660000008, 18.50026950000006], [73.85288570000006, 18.50034290000007], [73.85289410000009, 18.50037490000005]]}, "properties": {}}, {"type": "Feature", "geometry": {"type": "LineString", "coordinates": [[73.85250270000006, 18.500633800000053], [73.85252160000005, 18.500591800000056], [73.85253400000005, 18.50056420000004], [73.85250090000005, 18.500519700000037], [73.85248200000007, 18.50045360000007], [73.85248790000003, 18.50037520000006], [73.85249070000003, 18.500354500000075], [73.85250210000004, 18.500268800000075], [73.85253050000006, 18.500221700000054], [73.85257770000004, 18.500169000000028], [73.85255810000007, 18.500154100000035], [73.85254010000006, 18.500140400000074], [73.85253570000003, 18.500150700000063], [73.85247730000003, 18.50022840000002], [73.85246430000007, 18.50023070000003], [73.85244890000007, 18.500216100000042], [73.85242320000003, 18.500225500000056], [73.8524123000001, 18.500229500000046], [73.85241700000006, 18.500314700000047], [73.85240760000005, 18.50040540000003], [73.85240880000003, 18.50048390000006], [73.85242880000004, 18.500544400000024], [73.85245480000003, 18.500581400000048], [73.85250270000006, 18.500633800000053]]}, "properties": {}}, {"type": "Feature", "geometry": {"type": "LineString", "coordinates": [[73.85234220000007, 18.501609400000063], [73.85229860000004, 18.501615500000064], [73.85226180000006, 18.501620600000027], [73.85189130000003, 18.49962670000002], [73.85189360000004, 18.499557300000056], [73.85192910000006, 18.499494500000026], [73.85198110000005, 18.499460900000027], [73.85206850000003, 18.49944970000007], [73.85222920000007, 18.499458700000044], [73.85235680000005, 18.499487800000054], [73.85234070000007, 18.499523500000066], [73.85232840000003, 18.499550600000074], [73.85214410000005, 18.499512500000037], [73.85202830000003, 18.499523700000058], [73.85197400000004, 18.49957070000005], [73.85198110000005, 18.499655900000047], [73.85202240000007, 18.499879600000046], [73.85203460000008, 18.499945300000032], [73.85204350000004, 18.49999350000007], [73.85223860000008, 18.50104940000006], [73.85224280000006, 18.501071800000037], [73.85224720000008, 18.50109580000003], [73.85234220000007, 18.501609400000063]]}, "properties": {}}, {"type": "Feature", "geometry": {"type": "LineString", "coordinates": [[73.85343010000008, 18.500900700000045], [73.85342910000008, 18.500839200000026], [73.85341950000003, 18.50081320000004], [73.85340540000004, 18.50077500000003], [73.85340200000007, 18.50075830000003], [73.85339700000003, 18.500741700000045], [73.85339280000005, 18.500725900000077], [73.85339120000003, 18.500709200000077], [73.85338780000006, 18.50069340000005], [73.85338700000005, 18.500676000000052], [73.85338530000007, 18.50066010000006], [73.85338530000007, 18.500626000000068], [73.85338200000007, 18.500578500000074], [73.85337450000003, 18.500564200000046], [73.85337030000005, 18.500548400000074], [73.85336780000006, 18.50053260000004], [73.85335940000004, 18.500517500000058], [73.85335110000005, 18.50050240000007], [73.85333940000004, 18.50049060000003], [73.85332430000005, 18.50048030000005], [73.85330680000004, 18.500475500000046], [73.85327420000004, 18.50046280000004], [73.85326080000004, 18.500452500000048], [73.85324750000007, 18.500441400000053], [73.85323580000005, 18.500428800000066], [73.85322070000007, 18.50041850000002], [73.85320490000004, 18.500410500000044], [73.85317140000006, 18.500400200000055], [73.85315560000004, 18.500392300000037], [73.85314220000004, 18.50038120000005], [73.85312880000004, 18.50036780000005], [73.85311300000006, 18.500358300000077], [73.85309710000007, 18.50034870000007], [73.85308040000007, 18.500341600000066], [73.85306280000003, 18.500338400000032], [73.85302860000007, 18.500333700000056], [73.85301100000004, 18.500329700000066], [73.85299680000003, 18.50032180000005], [73.85296370000003, 18.500324100000057], [73.85292750000008, 18.500326600000054], [73.85290620000006, 18.500334600000023], [73.85288570000006, 18.50034290000007], [73.85286150000007, 18.50035270000006], [73.85285470000008, 18.500376000000074], [73.85284790000003, 18.500399400000045], [73.85286380000008, 18.500405000000057], [73.85287960000005, 18.500412900000068], [73.85289550000005, 18.500422400000048], [73.85291140000004, 18.50042950000005], [73.85292810000004, 18.50043510000006], [73.85294650000003, 18.500435900000067], [73.85296400000004, 18.500431100000075], [73.85298660000007, 18.50040420000004], [73.85299990000004, 18.500393100000046], [73.85301250000003, 18.500381200000046], [73.85302830000006, 18.500374900000054], [73.85304500000007, 18.50038120000005], [73.85306010000005, 18.50038440000003], [73.85307680000005, 18.50038990000007], [73.85309020000005, 18.500401000000068], [73.85310020000003, 18.50041450000003], [73.85311190000004, 18.500426400000034], [73.85312610000005, 18.50043430000005], [73.85314200000005, 18.500439800000038], [73.85315780000008, 18.500447000000065], [73.85317450000008, 18.500455700000025], [73.85319040000007, 18.500462000000024], [73.85320460000008, 18.50047150000006], [73.85322720000005, 18.50049530000007], [73.85325720000003, 18.500512700000055], [73.85327480000007, 18.500518300000067], [73.85329320000005, 18.50052300000004], [73.85330740000006, 18.500530900000054], [73.85331490000004, 18.500545200000033], [73.85331990000003, 18.500561100000027], [73.85332410000007, 18.50057770000006], [73.85332990000006, 18.500593500000036], [73.85333830000008, 18.500607000000052], [73.85334160000008, 18.500623600000043], [73.85334080000007, 18.500640300000047], [73.85333660000003, 18.50065530000006], [73.85333580000008, 18.50067040000004], [73.85333910000008, 18.50070290000002], [73.85334830000005, 18.500734600000047], [73.85335330000005, 18.500768600000068], [73.85336130000007, 18.500836800000062], [73.85336330000007, 18.500849400000046], [73.85336510000008, 18.500866800000036], [73.85336670000004, 18.50088270000003], [73.85336910000007, 18.500892300000036], [73.85337000000004, 18.500898600000024], [73.85340120000006, 18.500899700000048], [73.85343010000008, 18.500900700000045]]}, "properties": {}}, {"type": "Feature", "geometry": {"type": "LineString", "coordinates": [[73.85286150000007, 18.50035270000006], [73.85280890000008, 18.500360600000025], [73.85277210000004, 18.500367000000043], [73.85273700000005, 18.500371700000073], [73.85271950000003, 18.500374100000045], [73.85270280000003, 18.50037960000003], [73.85268910000008, 18.500382700000046], [73.85266850000005, 18.500389200000033], [73.85265100000004, 18.500395500000025], [73.85264010000003, 18.500405000000057], [73.85262920000008, 18.500418500000023], [73.85261920000005, 18.500431900000024], [73.85261000000008, 18.500446200000052], [73.85260000000005, 18.50045970000002], [73.85258910000005, 18.50047230000007], [73.85257910000007, 18.50048900000007], [73.85257160000003, 18.50050480000004], [73.85256240000007, 18.50051910000008], [73.85254570000006, 18.500549200000016], [73.85253400000005, 18.50056420000004], [73.85252160000005, 18.500591800000056], [73.85250270000006, 18.500633800000053], [73.85249390000007, 18.500663300000046], [73.85249310000006, 18.500679900000023], [73.85249310000006, 18.50069580000007], [73.85249890000006, 18.500729800000038], [73.85249810000005, 18.50074650000005], [73.85249810000005, 18.500763100000025], [73.85250140000005, 18.500794800000055], [73.85250310000004, 18.500811400000032], [73.85250310000004, 18.500827300000026], [73.85250060000004, 18.500843100000054], [73.85249470000008, 18.500859800000057], [73.85248720000004, 18.500874000000067], [73.85248050000007, 18.500883500000043], [73.85247800000008, 18.50089940000004], [73.85247300000003, 18.500916800000027], [73.85246880000005, 18.50093420000007], [73.85246300000006, 18.50095170000003], [73.85245960000003, 18.500968300000068], [73.85245800000007, 18.500984100000043], [73.85249450000003, 18.500981500000016], [73.85251790000007, 18.500979800000035], [73.85252210000004, 18.500954800000045], [73.85253960000006, 18.50092630000006], [73.85254540000005, 18.500910400000066], [73.85254880000008, 18.500894600000034], [73.85254710000004, 18.500878800000066], [73.85254800000007, 18.500861300000057], [73.85255800000004, 18.50084790000005], [73.85256880000003, 18.500835200000033], [73.85256720000007, 18.500819300000046], [73.85255880000005, 18.500787600000017], [73.85255300000006, 18.50077180000005], [73.85254540000005, 18.50075590000006], [73.85254040000007, 18.50072430000006], [73.85253630000005, 18.500684600000056], [73.85253710000006, 18.500668000000072], [73.85254290000006, 18.500653000000057], [73.85255210000008, 18.50063630000005], [73.85255880000005, 18.500619700000076], [73.85258300000004, 18.500576100000046], [73.85259220000006, 18.500561800000064], [73.85260060000007, 18.500545200000033], [73.85260640000007, 18.500528600000056], [73.85260980000004, 18.500511100000036], [73.85262060000008, 18.50047790000008], [73.85262980000005, 18.500463600000042], [73.85264570000004, 18.50045570000003], [73.85266320000005, 18.500450900000025], [73.85268000000008, 18.500444600000037], [73.85269920000009, 18.500441400000057], [73.85271500000005, 18.500435900000067], [73.85273180000007, 18.50043190000002], [73.85274850000008, 18.500425600000025], [73.85276520000008, 18.50042080000003], [73.85279940000004, 18.500408900000025], [73.85281200000003, 18.50040580000006], [73.85282870000003, 18.500400200000055], [73.85284790000003, 18.500399400000045], [73.85285470000008, 18.500376000000074], [73.85286150000007, 18.50035270000006]]}, "properties": {}}, {"type": "Feature", "geometry": {"type": "LineString", "coordinates": [[73.85311360000003, 18.500867900000056], [73.85325890000007, 18.500866700000074]]}, "properties": {}}, {"type": "Feature", "geometry": {"type": "LineString", "coordinates": [[73.85292260000006, 18.50037360000005], [73.85294100000004, 18.500372100000046], [73.85295770000005, 18.500367300000054], [73.85297600000007, 18.500361000000055], [73.85299440000006, 18.500357800000074], [73.85301110000006, 18.500353800000024], [73.85302950000005, 18.500350700000077], [73.85304620000005, 18.50035620000006], [73.85306210000005, 18.500363300000064], [73.85307710000006, 18.500372800000033], [73.85309050000006, 18.50038390000003], [73.85310300000003, 18.500395000000026], [73.85311810000007, 18.500406100000074], [73.85313480000008, 18.500412500000042], [73.85315150000008, 18.500418000000025], [73.85316650000004, 18.500425100000033], [73.85318240000004, 18.50043390000007], [73.85319580000004, 18.500444200000054], [73.85321000000005, 18.500453700000037], [73.85322330000008, 18.500464000000015], [73.85323840000007, 18.500474300000057], [73.85325420000004, 18.500481400000062], [73.85327180000007, 18.500486100000042], [73.85328850000008, 18.500490100000032], [73.85330350000004, 18.50049720000004], [73.85331690000004, 18.500507500000026], [73.85332690000007, 18.50052100000005], [73.85333530000008, 18.500536100000033], [73.85334110000008, 18.500552700000068], [73.85334700000004, 18.500569300000052], [73.85334950000004, 18.500585200000042], [73.85335780000008, 18.500616900000068], [73.85335870000006, 18.50063350000005], [73.85336030000008, 18.500649300000077], [73.85336370000005, 18.500666000000024], [73.85336370000005, 18.500681000000043], [73.85336540000003, 18.50069770000005], [73.85336700000006, 18.50071350000007], [73.85336870000003, 18.50073020000008], [73.85337290000007, 18.500746000000046], [73.85337960000004, 18.500776900000062], [73.85339040000008, 18.500813300000065], [73.85339540000007, 18.50085610000008], [73.85339640000008, 18.500866300000038], [73.85339710000005, 18.500872800000025], [73.85340120000006, 18.500899700000048], [73.85340210000004, 18.500905300000056], [73.85340210000004, 18.500927300000058], [73.85340210000004, 18.500956700000078], [73.85339880000004, 18.50097260000007], [73.85339630000004, 18.500988400000036], [73.85338960000007, 18.50102170000002], [73.85338620000005, 18.501037600000075], [73.85338120000006, 18.501054200000052], [73.85338120000006, 18.501056600000027], [73.85337870000006, 18.50107240000006], [73.85337870000006, 18.501089100000055], [73.85337710000005, 18.501105700000043], [73.85337540000006, 18.501120700000058], [73.85337370000008, 18.501137400000058], [73.85337040000007, 18.501154000000042], [73.85336450000005, 18.501168300000074], [73.85335870000006, 18.50118410000004], [73.85335200000003, 18.501199200000027], [73.85334360000007, 18.501212700000053], [73.85333700000007, 18.501226100000054], [73.85332690000007, 18.501241200000038], [73.85331610000003, 18.501255400000044], [73.85330270000003, 18.50126410000008], [73.85329180000008, 18.501276000000075], [73.85327760000007, 18.501284700000042], [73.85326340000006, 18.50129350000003], [73.85323420000003, 18.501306100000026], [73.85321830000004, 18.501311700000027], [73.85320330000008, 18.501318000000026], [73.85318820000003, 18.50132830000007], [73.85317240000006, 18.501334700000033], [73.85316490000008, 18.501338600000057], [73.85313390000005, 18.501352100000084], [73.85311720000004, 18.50135450000004], [73.85310050000004, 18.501357600000063], [73.85306710000003, 18.501357600000063], [73.85303370000008, 18.50136320000007], [73.85300110000003, 18.50136950000006], [73.85298690000008, 18.501377400000024], [73.85297440000006, 18.501386900000057]]}, "properties": {}}, {"type": "Feature", "geometry": {"type": "LineString", "coordinates": [[73.85315260000004, 18.50082350000002], [73.85313570000005, 18.500785800000077], [73.85311080000008, 18.500752200000015], [73.85307910000006, 18.50072430000006], [73.85304210000004, 18.50070330000005], [73.85300120000005, 18.500690000000073], [73.85295830000007, 18.50068510000006], [73.85291520000004, 18.50068870000007], [73.85287390000008, 18.500700800000065], [73.85283610000005, 18.500720700000045], [73.85280360000007, 18.500747700000037], [73.85277760000008, 18.50078040000005], [73.85275940000008, 18.50081760000006], [73.85274980000008, 18.50085760000007], [73.85274910000004, 18.500898600000024], [73.85275740000003, 18.50093880000003], [73.85277140000005, 18.500970100000075], [73.85277440000004, 18.500976500000036], [73.85279920000005, 18.501010000000065], [73.85283090000007, 18.50103790000003], [73.85286800000006, 18.501059000000055], [73.85290890000005, 18.501072300000033], [73.85295180000008, 18.501077200000054], [73.85299480000003, 18.501073500000075], [73.85303610000005, 18.50106150000005], [73.85307390000008, 18.501041500000042], [73.85310650000008, 18.501014600000072], [73.85313240000005, 18.500981800000034], [73.85315060000005, 18.500944600000025], [73.85316030000007, 18.50090470000003]]}, "properties": {}}, {"type": "Feature", "geometry": {"type": "LineString", "coordinates": [[73.85292260000006, 18.50037360000005], [73.85289410000009, 18.50037490000005], [73.85285470000008, 18.500376000000074], [73.85283230000005, 18.500376000000074], [73.85279730000008, 18.500379200000054], [73.85277970000004, 18.500380800000073], [73.85276220000003, 18.500382400000035], [73.85274380000004, 18.500384700000044], [73.85271040000003, 18.50039580000003], [73.85269670000008, 18.500402100000034], [73.85267950000008, 18.500410100000067], [73.85266360000008, 18.50041960000004], [73.85264850000004, 18.50042830000006], [73.85263430000003, 18.500439400000065], [73.85261100000008, 18.50046480000003], [73.85260340000008, 18.500479800000047], [73.85259510000003, 18.50049490000003], [73.85258670000007, 18.50051070000006], [73.85258340000007, 18.500519400000027], [73.85257920000004, 18.500535300000024], [73.85257340000004, 18.500550300000047], [73.85256750000008, 18.500566200000033], [73.85255000000006, 18.500595500000028], [73.85254080000004, 18.500610500000047], [73.85252410000004, 18.500639100000054], [73.85251740000007, 18.50065490000003], [73.85251400000004, 18.500670700000057], [73.85251320000003, 18.50068660000005], [73.85251150000005, 18.500702400000023], [73.85251070000004, 18.500719100000023], [73.85251070000004, 18.500735700000064], [73.85251910000007, 18.50076820000004], [73.85252570000006, 18.500784800000076], [73.85253070000005, 18.500799900000064], [73.85253410000007, 18.500815700000032], [73.85253580000006, 18.50083320000005], [73.85253490000008, 18.50085060000003], [73.85252990000005, 18.50086640000006], [73.85252570000006, 18.500883100000063], [73.85251650000004, 18.500910800000042], [73.85251240000008, 18.500927400000023], [73.85250650000006, 18.500942500000065], [73.85250150000007, 18.50095910000005], [73.85249450000003, 18.500981500000016], [73.85249060000007, 18.500994000000045], [73.85248810000007, 18.501010600000033], [73.85248700000005, 18.50102120000002], [73.85248810000007, 18.50104710000004], [73.85249060000007, 18.501063700000028], [73.85249650000003, 18.501078800000073], [73.85251240000008, 18.501108900000077], [73.85251650000004, 18.501124700000048], [73.85251990000006, 18.50114060000004], [73.85252990000005, 18.501188100000032], [73.85253490000008, 18.501203900000064], [73.85254330000004, 18.501218200000032], [73.85255660000007, 18.501227700000076], [73.85256920000006, 18.501239600000076], [73.85258250000004, 18.501248300000046], [73.85259590000004, 18.50125860000002], [73.85260930000004, 18.50127050000003], [73.85262350000005, 18.50128080000007], [73.85264020000005, 18.50128710000007], [73.85265610000005, 18.50129350000003], [73.85267280000005, 18.501297400000055], [73.85269030000006, 18.501303800000077], [73.85270790000004, 18.50130930000006], [73.85273960000006, 18.501322000000066], [73.85275630000007, 18.50132750000006], [73.85277140000005, 18.501335500000042], [73.85278720000008, 18.50134500000007], [73.85280230000006, 18.501352900000025], [73.85281730000008, 18.501362400000055], [73.85283320000008, 18.50137110000003], [73.85284990000008, 18.501376600000064], [73.85286580000007, 18.501379800000052], [73.85289830000005, 18.501379800000056], [73.85291420000004, 18.501383000000033], [73.85293010000004, 18.50138690000005], [73.85294400000004, 18.50138900000007], [73.85296100000005, 18.501388600000045], [73.85297440000006, 18.501386900000057]]}, "properties": {}}, {"type": "Feature", "geometry": {"type": "LineString", "coordinates": [[73.85274160000006, 18.500974400000075], [73.85277140000005, 18.500970100000075]]}, "properties": {}}, {"type": "Feature", "geometry": {"type": "LineString", "coordinates": [[73.85274160000006, 18.500974400000075], [73.85265780000003, 18.500987000000066]]}, "properties": {}}, {"type": "Feature", "geometry": {"type": "LineString", "coordinates": [[73.85265780000003, 18.500987000000066], [73.85252370000006, 18.501007100000038]]}, "properties": {}}, {"type": "Feature", "geometry": {"type": "LineString", "coordinates": [[73.85220170000008, 18.501078700000054], [73.85224280000006, 18.501071800000037], [73.85245920000006, 18.501035600000023], [73.85248700000005, 18.50102120000002], [73.85252010000005, 18.50100850000007], [73.85252370000006, 18.501007100000038]]}, "properties": {}}, {"type": "Feature", "geometry": {"type": "LineString", "coordinates": [[73.85223860000008, 18.50104940000006], [73.85245860000003, 18.501011900000034], [73.85245920000006, 18.501035600000023], [73.85245970000005, 18.501057900000035], [73.85224720000008, 18.50109580000003], [73.85224280000006, 18.501071800000037], [73.85223860000008, 18.50104940000006]]}, "properties": {}}, {"type": "Feature", "geometry": {"type": "LineString", "coordinates": [[73.85343010000008, 18.500900700000045], [73.85340120000006, 18.500899700000048], [73.85337000000004, 18.500898600000024], [73.85337340000007, 18.500928700000028], [73.85337340000007, 18.50096110000004], [73.85337670000007, 18.50098330000003], [73.85336080000008, 18.501010300000072], [73.85335500000008, 18.501025300000034], [73.85335160000005, 18.501040400000026], [73.85334910000006, 18.50105540000004], [73.85334830000005, 18.501072100000044], [73.85334830000005, 18.501137800000034], [73.85334580000006, 18.501154500000037], [73.85334000000006, 18.501169500000056], [73.85333160000005, 18.50118460000004], [73.85332160000007, 18.501198000000045], [73.85331320000006, 18.501212300000077], [73.85330240000009, 18.501225000000034], [73.85329570000005, 18.501240000000045], [73.85328650000008, 18.501253500000075], [73.85325810000006, 18.501269300000043], [73.85324300000008, 18.50127490000006], [73.85320960000007, 18.501284400000028], [73.85319210000006, 18.50128760000007], [73.85317620000006, 18.50129310000005], [73.85315030000004, 18.501313700000022], [73.85313530000008, 18.50132320000005], [73.85311940000008, 18.50133190000003], [73.85310270000008, 18.501331900000018], [73.85308680000003, 18.501330300000063], [73.85303750000008, 18.50132000000008], [73.85302080000008, 18.50132080000003], [73.85298820000008, 18.501329600000076], [73.85296150000005, 18.50134860000003], [73.85294560000006, 18.501355700000033], [73.85294400000004, 18.50138900000007], [73.85294160000007, 18.50143770000005], [73.85297810000003, 18.501435300000022], [73.85301070000008, 18.501433200000065], [73.85301350000003, 18.50141750000006], [73.85302270000005, 18.50140330000005], [73.85303530000004, 18.50139300000006], [73.85305030000006, 18.501385000000028], [73.85306620000006, 18.501381900000066], [73.85308290000006, 18.50137950000004], [73.85311550000006, 18.50138110000006], [73.85313300000007, 18.50138110000006], [73.85314970000007, 18.501373900000036], [73.85316310000007, 18.501363600000044], [73.85318900000004, 18.50134460000004], [73.85320400000006, 18.501338300000043], [73.85321990000006, 18.501333500000044], [73.85323740000007, 18.501328800000067], [73.85325420000004, 18.501325600000026], [73.85327000000007, 18.501320100000036], [73.85328840000005, 18.50130580000006], [73.85329840000003, 18.501292300000046], [73.85332500000004, 18.50126990000007], [73.85335110000005, 18.501248000000032], [73.85336280000007, 18.501236900000034], [73.85337450000003, 18.501225000000034], [73.85338280000008, 18.501211500000068], [73.85339120000003, 18.501198100000064], [73.85339700000003, 18.501183000000026], [73.85339950000008, 18.501167200000054], [73.85339950000008, 18.501117200000067], [73.85339780000004, 18.501101400000035], [73.85339700000003, 18.50108480000006], [73.85340200000007, 18.501068900000067], [73.85340790000004, 18.50105390000004], [73.85341370000003, 18.501045100000052], [73.85341960000005, 18.501030100000033], [73.85342290000006, 18.501014300000065], [73.85342370000006, 18.500998400000068], [73.85342880000007, 18.500983400000052], [73.85343290000003, 18.500967500000055], [73.85343380000006, 18.500951700000027], [73.85343200000005, 18.500927300000058], [73.85343010000008, 18.500900700000045]]}, "properties": {}}, {"type": "Feature", "geometry": {"type": "LineString", "coordinates": [[73.85245800000007, 18.500984100000043], [73.85245860000003, 18.501011900000034], [73.85245920000006, 18.501035600000023], [73.85245970000005, 18.501057900000035], [73.85246470000004, 18.501081600000077], [73.85249560000005, 18.501123600000028], [73.85250140000005, 18.501139400000056], [73.85250310000004, 18.50115530000005], [73.85250310000004, 18.501187800000025], [73.85250810000008, 18.501203600000053], [73.85251900000003, 18.501216300000067], [73.85253320000004, 18.50122660000005], [73.85254740000005, 18.501235300000076], [73.85255990000007, 18.501245600000065], [73.85256830000003, 18.501259900000033], [73.85257660000008, 18.501274900000055], [73.85258750000008, 18.50128920000003], [73.85260000000005, 18.501300300000022], [73.85261590000005, 18.50130820000004], [73.85263170000009, 18.50131370000002], [73.85264760000007, 18.50132090000005], [73.85269690000007, 18.50133190000002], [73.85271360000007, 18.50133350000004], [73.85272950000007, 18.501335900000072], [73.85274540000006, 18.50134220000007], [73.85277290000005, 18.50135970000002], [73.85278550000004, 18.501367600000037], [73.85279970000005, 18.501377900000023], [73.85281300000008, 18.501386600000043], [73.85282810000007, 18.50139300000006], [73.85284480000007, 18.50139530000007], [73.85286150000007, 18.50139530000007], [73.85287820000008, 18.50139850000005], [73.85289320000004, 18.50140400000004], [73.85292420000007, 18.501414300000018], [73.85293750000005, 18.50142460000006], [73.85294160000007, 18.50143770000005], [73.85294400000004, 18.50138900000007], [73.85294560000006, 18.501355700000033], [73.85292890000005, 18.501357300000052], [73.85289630000005, 18.501350900000034], [73.85287040000003, 18.50134860000003], [73.85285370000008, 18.501347000000063], [73.85283870000006, 18.501340600000045], [73.85282620000004, 18.501329600000073], [73.85281280000004, 18.501320800000027], [73.85279690000004, 18.501313700000026], [73.85278190000008, 18.50130500000006], [73.85276520000008, 18.501301800000018], [73.85274850000008, 18.501301800000025], [73.85273180000007, 18.501297900000058], [73.85271750000004, 18.501289100000065], [73.85270330000003, 18.50128200000006], [73.85266070000006, 18.501267800000054], [73.85264400000005, 18.501263800000057], [73.85262900000004, 18.501255900000046], [73.85261560000004, 18.50124640000007], [73.85260640000007, 18.501232100000035], [73.85259470000005, 18.501218600000076], [73.85258140000008, 18.50120990000005], [73.85256720000007, 18.50120280000004], [73.85255380000007, 18.501194100000077], [73.85254380000003, 18.50118140000006], [73.85253880000005, 18.501166300000023], [73.85254290000006, 18.50115050000005], [73.85255460000008, 18.501137000000025], [73.85255460000008, 18.501121200000057], [73.85254290000006, 18.501089500000035], [73.85252960000008, 18.501059400000027], [73.85252240000005, 18.50103970000003], [73.85252010000005, 18.50100850000007], [73.85251790000007, 18.500979800000035], [73.85249450000003, 18.500981500000016], [73.85245800000007, 18.500984100000043]]}, "properties": {}}, {"type": "Feature", "geometry": {"type": "LineString", "coordinates": [[73.85411740000006, 18.500714800000026], [73.85401240000004, 18.500709700000073]]}, "properties": {}}, {"type": "Feature", "geometry": {"type": "LineString", "coordinates": [[73.85373790000006, 18.500834600000072], [73.85342910000008, 18.500839200000026], [73.85341950000003, 18.50081320000004], [73.85340540000004, 18.50077500000003], [73.85343780000005, 18.500784500000066], [73.85349380000008, 18.500790800000058], [73.85370790000007, 18.50078270000006], [73.85372460000008, 18.500811700000042], [73.85373790000006, 18.500834600000072]]}, "properties": {}}, {"type": "Feature", "geometry": {"type": "LineString", "coordinates": [[73.85339040000008, 18.500813300000065], [73.85341950000003, 18.50081320000004], [73.85372460000008, 18.500811700000042], [73.85375690000006, 18.500811500000058], [73.85379840000007, 18.50081180000007], [73.85380930000008, 18.50081190000003]]}, "properties": {}}, {"type": "Feature", "geometry": {"type": "LineString", "coordinates": [[73.85380570000007, 18.500873500000065], [73.85380930000008, 18.50081190000003]]}, "properties": {}}, {"type": "Feature", "geometry": {"type": "LineString", "coordinates": [[73.85390310000008, 18.50087910000007], [73.85380570000007, 18.500873500000065]]}, "properties": {}}, {"type": "Feature", "geometry": {"type": "LineString", "coordinates": [[73.85380570000007, 18.500873500000065], [73.85380310000005, 18.500926500000045]]}, "properties": {}}, {"type": "Feature", "geometry": {"type": "LineString", "coordinates": [[73.85343380000006, 18.500951700000027], [73.85343200000005, 18.500927300000058], [73.85343010000008, 18.500900700000045], [73.85373890000005, 18.500896100000034], [73.85372860000007, 18.500927800000056], [73.85372030000008, 18.50095310000006], [73.85343380000006, 18.500951700000027]]}, "properties": {}}, {"type": "Feature", "geometry": {"type": "LineString", "coordinates": [[73.85340210000004, 18.500927300000058], [73.85343200000005, 18.500927300000058], [73.85372860000007, 18.500927800000056], [73.85375670000008, 18.500927800000056], [73.85379260000008, 18.500926800000055], [73.85380310000005, 18.500926500000045]]}, "properties": {}}, {"type": "Feature", "geometry": {"type": "LineString", "coordinates": [[73.85388410000007, 18.50122890000006], [73.85386510000006, 18.501334100000065]]}, "properties": {}}, {"type": "Feature", "geometry": {"type": "LineString", "coordinates": [[73.85465240000008, 18.50130940000003], [73.85434010000006, 18.501279300000018], [73.85425330000004, 18.50128000000006], [73.85416830000008, 18.50129770000006], [73.85410680000007, 18.501321200000056], [73.85407010000006, 18.501342300000033]]}, "properties": {}}, {"type": "Feature", "geometry": {"type": "LineString", "coordinates": [[73.85404490000008, 18.501306200000045], [73.85401000000007, 18.501286400000023], [73.85396920000005, 18.501278000000067], [73.85392790000003, 18.501283900000033], [73.85389160000005, 18.50130350000006], [73.85386510000006, 18.501334100000065], [73.85385510000003, 18.501357300000056], [73.85385090000005, 18.50138190000007], [73.85385280000008, 18.501406900000063], [73.85386070000004, 18.501430700000068], [73.85388040000004, 18.50145720000006]]}, "properties": {}}, {"type": "Feature", "geometry": {"type": "LineString", "coordinates": [[73.85346480000004, 18.501449200000025], [73.85347960000009, 18.501466000000043], [73.85349820000005, 18.50148720000004], [73.85369620000006, 18.501311400000073], [73.85369840000004, 18.50128030000008], [73.85370030000007, 18.501253000000077], [73.85346480000004, 18.501449200000025]]}, "properties": {}}, {"type": "Feature", "geometry": {"type": "LineString", "coordinates": [[73.85465240000008, 18.50130940000003], [73.85441670000006, 18.501389300000024], [73.85429220000003, 18.501425900000065], [73.85420320000004, 18.501449300000047]]}, "properties": {}}, {"type": "Feature", "geometry": {"type": "LineString", "coordinates": [[73.85406040000004, 18.501451200000076], [73.85407310000005, 18.501424000000043], [73.85408000000007, 18.501382900000063], [73.85407010000006, 18.501342300000033], [73.85404490000008, 18.501306200000045]]}, "properties": {}}, {"type": "Feature", "geometry": {"type": "LineString", "coordinates": [[73.85343370000004, 18.501504900000036], [73.85347960000009, 18.501466000000043], [73.85369840000004, 18.50128030000008], [73.85373540000006, 18.501248900000064]]}, "properties": {}}, {"type": "Feature", "geometry": {"type": "LineString", "coordinates": [[73.85420320000004, 18.501449300000047], [73.85413180000006, 18.50145860000003], [73.85406040000004, 18.501451200000076]]}, "properties": {}}, {"type": "Feature", "geometry": {"type": "LineString", "coordinates": [[73.85388040000004, 18.50145720000006], [73.85391140000007, 18.501482500000066], [73.85394730000007, 18.501494000000033], [73.85398510000005, 18.501493800000052], [73.85401380000008, 18.50148970000004], [73.85404010000008, 18.501469200000027], [73.85406040000004, 18.501451200000076]]}, "properties": {}}, {"type": "Feature", "geometry": {"type": "LineString", "coordinates": [[73.85420320000004, 18.501449300000047], [73.85408950000004, 18.501555200000045], [73.85396880000008, 18.501689400000032]]}, "properties": {}}, {"type": "Feature", "geometry": {"type": "LineString", "coordinates": [[73.85335110000005, 18.501248000000032], [73.85332500000004, 18.50126990000007], [73.85329840000003, 18.501292300000046], [73.85332400000004, 18.50130840000003], [73.85334470000004, 18.50134150000002], [73.85336300000006, 18.50138740000006], [73.85335890000005, 18.50141370000006], [73.85334700000004, 18.501436200000054], [73.85338980000006, 18.501418000000054], [73.85341790000007, 18.501406000000028], [73.85339780000004, 18.50134550000007], [73.85336480000007, 18.50128390000003], [73.85335110000005, 18.501248000000032]]}, "properties": {}}, {"type": "Feature", "geometry": {"type": "LineString", "coordinates": [[73.85220170000008, 18.501078700000054], [73.85229660000005, 18.501594500000067], [73.85229860000004, 18.501615500000064], [73.85230060000004, 18.501637500000072], [73.85230160000003, 18.50164840000002], [73.85228900000004, 18.501894100000072], [73.85228790000008, 18.50191460000008], [73.85227820000006, 18.50210470000007], [73.85228490000003, 18.502142700000036], [73.85230490000004, 18.502163300000063], [73.85235000000006, 18.502164900000025], [73.85299840000005, 18.50208230000004], [73.85301630000004, 18.502080000000035], [73.85302790000003, 18.502078500000042], [73.85305770000008, 18.502074700000033], [73.85307090000003, 18.502073000000056], [73.85365500000006, 18.501998500000074], [73.85367340000005, 18.501984300000068], [73.85368840000007, 18.501957300000072], [73.85373110000006, 18.50131300000004], [73.85373540000006, 18.501248900000064], [73.85375670000008, 18.500927800000056], [73.85376030000003, 18.50087350000006], [73.85375690000006, 18.500811500000058]]}, "properties": {}}, {"type": "Feature", "geometry": {"type": "LineString", "coordinates": [[73.85343420000004, 18.501777000000057], [73.85347320000005, 18.501763500000038], [73.85348260000006, 18.501729900000036], [73.85348970000007, 18.501649200000035], [73.85347910000007, 18.501555100000076], [73.85348030000006, 18.501514800000056], [73.85349820000005, 18.50148720000004], [73.85347960000009, 18.501466000000043], [73.85346480000004, 18.501449200000025], [73.85344600000008, 18.50141950000005], [73.85341790000007, 18.501406000000028], [73.85338980000006, 18.501418000000054], [73.85334700000004, 18.501436200000054], [73.85330780000004, 18.501453200000068], [73.85327470000004, 18.501468700000032], [73.85324540000005, 18.501476100000048], [73.85322750000006, 18.50151130000006], [73.85321090000008, 18.50155960000006], [73.85320500000006, 18.50164700000005], [73.85326830000008, 18.50166240000004], [73.85330570000008, 18.50167150000004], [73.85338430000007, 18.50166870000004], [73.85338610000008, 18.501740900000073], [73.85340310000004, 18.50175370000005], [73.85343420000004, 18.501777000000057]]}, "properties": {}}, {"type": "Feature", "geometry": {"type": "LineString", "coordinates": [[73.85326180000004, 18.501779300000067], [73.85332540000007, 18.501767900000065], [73.85338470000005, 18.501760000000047], [73.85340310000004, 18.50175370000005], [73.85342400000008, 18.501746500000024], [73.85344240000006, 18.501722700000066], [73.85345490000003, 18.50164510000008], [73.85344240000006, 18.501534900000024], [73.85343370000004, 18.501504900000036], [73.85343070000005, 18.50149450000003], [73.85339640000008, 18.501459700000055]]}, "properties": {}}, {"type": "Feature", "geometry": {"type": "LineString", "coordinates": [[73.85307090000003, 18.502073000000056], [73.85309010000003, 18.50204340000005], [73.85323830000004, 18.501815500000074], [73.85326180000004, 18.501779300000067], [73.85327060000003, 18.501752400000044], [73.85326830000008, 18.50166240000004], [73.85326610000004, 18.50157690000003], [73.85327170000005, 18.50154580000003], [73.85327530000006, 18.50152620000006], [73.85329870000004, 18.501493800000052], [73.85337050000004, 18.50146520000004], [73.85339640000008, 18.501459700000055], [73.85338980000006, 18.501418000000054], [73.85338470000005, 18.501386000000032], [73.85335630000003, 18.501321000000075], [73.85332500000004, 18.50126990000007], [73.85331610000003, 18.501255400000044]]}, "properties": {}}, {"type": "Feature", "geometry": {"type": "LineString", "coordinates": [[73.85305970000007, 18.502102000000033], [73.85305770000008, 18.502074700000033], [73.85305570000008, 18.50204700000006], [73.85309010000003, 18.50204340000005], [73.85312880000004, 18.50203940000005], [73.85363450000006, 18.501986600000066], [73.85366160000007, 18.501966400000068], [73.85366280000005, 18.501939500000045], [73.85369620000006, 18.501311400000073], [73.85373110000006, 18.50131300000004], [73.85376320000006, 18.501314500000035], [73.85371870000006, 18.50196740000007], [73.85370530000006, 18.502000600000027], [73.85367690000004, 18.50201810000004], [73.85305970000007, 18.502102000000033]]}, "properties": {}}, {"type": "Feature", "geometry": {"type": "LineString", "coordinates": [[73.85253430000006, 18.50170600000007], [73.85255640000008, 18.50170460000004], [73.85263850000008, 18.501699200000076], [73.85267630000004, 18.501697000000036], [73.85269520000008, 18.50170090000006], [73.85270350000008, 18.501711500000052], [73.85270350000008, 18.501731700000054], [73.85268750000007, 18.50175690000003]]}, "properties": {}}, {"type": "Feature", "geometry": {"type": "LineString", "coordinates": [[73.85320500000006, 18.50164700000005], [73.85326830000008, 18.50166240000004], [73.85330570000008, 18.50167150000004], [73.85330930000003, 18.501744300000045], [73.85338610000008, 18.501740900000073], [73.85340310000004, 18.50175370000005], [73.85343420000004, 18.501777000000057], [73.85338810000007, 18.501783700000026], [73.85335380000004, 18.501783700000033], [73.85330300000004, 18.501803800000058], [73.85326670000006, 18.50183400000003], [73.85323830000004, 18.501815500000074], [73.85320640000003, 18.501794800000024], [73.85320020000006, 18.50171200000005], [73.85320500000006, 18.50164700000005]]}, "properties": {}}, {"type": "Feature", "geometry": {"type": "LineString", "coordinates": [[73.85226180000006, 18.501620600000027], [73.85229860000004, 18.501615500000064], [73.85234220000007, 18.501609400000063], [73.85252160000005, 18.50159470000005], [73.85253960000006, 18.501598300000072], [73.85254520000007, 18.50161570000006], [73.85255380000007, 18.501684800000074], [73.85253180000007, 18.501688200000046], [73.85251070000004, 18.501691400000027], [73.85250240000005, 18.50164220000005], [73.85233860000005, 18.50166360000003], [73.85236680000008, 18.501860600000043], [73.85237040000004, 18.50188480000003], [73.85237370000004, 18.501907700000057], [73.85232140000005, 18.501913600000023], [73.85228790000008, 18.50191460000008], [73.85225050000008, 18.501915800000063], [73.85225840000004, 18.501799100000028], [73.85226100000006, 18.501704000000075], [73.85226180000006, 18.501620600000027]]}, "properties": {}}, {"type": "Feature", "geometry": {"type": "LineString", "coordinates": [[73.85228900000004, 18.501894100000072], [73.85237040000004, 18.50188480000003], [73.85253130000007, 18.501866500000062], [73.85254470000007, 18.501861700000056], [73.85255220000005, 18.50184980000006], [73.85255140000004, 18.50183000000004], [73.85254090000006, 18.501754200000054], [73.85253430000006, 18.50170600000007], [73.85253180000007, 18.501688200000046], [73.85252550000007, 18.501642300000075], [73.85250960000008, 18.501624800000062], [73.85248540000003, 18.501620900000027], [73.85230060000004, 18.501637500000072]]}, "properties": {}}, {"type": "Feature", "geometry": {"type": "LineString", "coordinates": [[73.85303230000005, 18.50215230000003], [73.85302790000003, 18.502078500000042], [73.85297810000003, 18.501435300000022], [73.85297440000006, 18.501386900000057]]}, "properties": {}}, {"type": "Feature", "geometry": {"type": "LineString", "coordinates": [[73.85294160000007, 18.50143770000005], [73.85299300000008, 18.50202070000006], [73.85299660000004, 18.502061200000075], [73.85299840000005, 18.50208230000004], [73.85300150000006, 18.502117200000047], [73.85300400000006, 18.502154900000054], [73.85303230000005, 18.50215230000003], [73.85306190000006, 18.502149300000042], [73.85305970000007, 18.502102000000033], [73.85305770000008, 18.502074700000033], [73.85305570000008, 18.50204700000006], [73.85301070000008, 18.501433200000065], [73.85297810000003, 18.501435300000022], [73.85294160000007, 18.50143770000005]]}, "properties": {}}, {"type": "Feature", "geometry": {"type": "LineString", "coordinates": [[73.85251070000004, 18.501691400000027], [73.85253180000007, 18.501688200000046], [73.85255380000007, 18.501684800000074], [73.85255640000008, 18.50170460000004], [73.85256290000007, 18.50175310000003], [73.85256550000008, 18.501772800000026], [73.85257750000005, 18.501853200000028], [73.85258010000007, 18.50187680000004], [73.85256920000006, 18.501886300000024], [73.85237370000004, 18.501907700000057], [73.85237040000004, 18.50188480000003], [73.85236680000008, 18.501860600000043], [73.85253080000008, 18.501841100000036], [73.85251070000004, 18.501691400000027]]}, "properties": {}}, {"type": "Feature", "geometry": {"type": "LineString", "coordinates": [[73.85295420000006, 18.502066100000036], [73.85299660000004, 18.502061200000075], [73.85299300000008, 18.50202070000006], [73.85270840000004, 18.50175610000002], [73.85272930000008, 18.50173470000004], [73.85273100000006, 18.501708600000025], [73.85272180000004, 18.501686400000033], [73.85269670000008, 18.501670600000068], [73.85255380000007, 18.501684800000074], [73.85255640000008, 18.50170460000004], [73.85256290000007, 18.50175310000003], [73.85256550000008, 18.501772800000026], [73.85265990000005, 18.501766400000065], [73.85267500000003, 18.501772000000077], [73.85269250000005, 18.501786200000026], [73.85295150000007, 18.502040600000043], [73.85295420000006, 18.502066100000036]]}, "properties": {}}, {"type": "Feature", "geometry": {"type": "LineString", "coordinates": [[73.85254090000006, 18.501754200000054], [73.85256290000007, 18.50175310000003], [73.85266630000007, 18.501748000000074], [73.85268750000007, 18.50175690000003], [73.85270590000005, 18.50177320000006], [73.85299660000004, 18.502061200000075], [73.85301630000004, 18.502080000000035]]}, "properties": {}}, {"type": "Feature", "geometry": {"type": "LineString", "coordinates": [[73.85305570000008, 18.50204700000006], [73.85320640000003, 18.501794800000024], [73.85323830000004, 18.501815500000074], [73.85326670000006, 18.50183400000003], [73.85312880000004, 18.50203940000005], [73.85309010000003, 18.50204340000005], [73.85305570000008, 18.50204700000006]]}, "properties": {}}, {"type": "Feature", "geometry": {"type": "LineString", "coordinates": [[73.85299660000004, 18.502061200000075], [73.85295420000006, 18.502066100000036], [73.85236860000003, 18.50213320000006], [73.85232850000006, 18.502133200000056], [73.85231430000005, 18.50211080000003], [73.85232140000005, 18.501913600000023], [73.85228790000008, 18.50191460000008], [73.85225050000008, 18.501915800000063], [73.85224580000005, 18.502148900000066], [73.85226230000006, 18.50218920000003], [73.85231190000007, 18.50220270000005], [73.85300150000006, 18.502117200000047], [73.85299840000005, 18.50208230000004], [73.85299660000004, 18.502061200000075]]}, "properties": {}}, {"type": "Feature", "geometry": {"type": "LineString", "coordinates": [[73.85303790000006, 18.50221920000007], [73.85303230000005, 18.50215230000003]]}, "properties": {}}, {"type": "Feature", "geometry": {"type": "LineString", "coordinates": [[73.85304460000003, 18.50231900000005], [73.85304110000004, 18.502268600000036], [73.85303790000006, 18.50221920000007]]}, "properties": {}}, {"type": "Feature", "geometry": {"type": "LineString", "coordinates": [[73.85224180000006, 18.502524000000054], [73.85188590000007, 18.50259730000005]]}, "properties": {}}, {"type": "Feature", "geometry": {"type": "LineString", "coordinates": [[73.85401380000008, 18.50148970000004], [73.85396880000008, 18.501689400000032]]}, "properties": {}}, {"type": "Feature", "geometry": {"type": "LineString", "coordinates": [[73.85386070000004, 18.501430700000068], [73.85380370000007, 18.50222150000008], [73.85378900000008, 18.50232450000004], [73.85378080000004, 18.50252230000007], [73.85382290000007, 18.502601500000026]]}, "properties": {}}, {"type": "Feature", "geometry": {"type": "LineString", "coordinates": [[73.85396880000008, 18.501689400000032], [73.85394390000005, 18.501797500000066], [73.85391850000008, 18.50195450000007], [73.85389190000006, 18.502221400000053], [73.85386410000007, 18.502530400000065], [73.85382290000007, 18.502601500000026]]}, "properties": {}}, {"type": "Feature", "geometry": {"type": "LineString", "coordinates": [[73.85382290000007, 18.502601500000026], [73.85376520000005, 18.50310460000003], [73.85374550000006, 18.503289900000023], [73.85368900000003, 18.50376820000002]]}, "properties": {}}, {"type": "Feature", "geometry": {"type": "LineString", "coordinates": [[73.85386950000003, 18.503288800000064], [73.85387530000008, 18.503116500000033], [73.85376520000005, 18.50310460000003]]}, "properties": {}}, {"type": "Feature", "geometry": {"type": "LineString", "coordinates": [[73.85374550000006, 18.503289900000023], [73.85382040000007, 18.50328920000004], [73.85386950000003, 18.503288800000064], [73.85403020000007, 18.503254600000044]]}, "properties": {}}, {"type": "Feature", "geometry": {"type": "LineString", "coordinates": [[73.85368900000003, 18.50376820000002], [73.85362680000003, 18.503882000000036], [73.85361610000007, 18.504011000000048]]}, "properties": {}}, {"type": "Feature", "geometry": {"type": "LineString", "coordinates": [[73.85368900000003, 18.50376820000002], [73.85372570000004, 18.503893200000046], [73.85370650000004, 18.504123500000045]]}, "properties": {}}, {"type": "Feature", "geometry": {"type": "LineString", "coordinates": [[73.85380370000007, 18.50222150000008], [73.85308580000003, 18.502314400000042], [73.85304460000003, 18.50231900000005], [73.85229770000007, 18.502410500000053], [73.85225000000008, 18.502448100000034], [73.85224180000006, 18.502524000000054], [73.85231730000004, 18.503237200000058], [73.85233480000005, 18.503542100000058], [73.85234930000007, 18.50386140000006], [73.85236590000005, 18.504227700000055]]}, "properties": {}}, {"type": "Feature", "geometry": {"type": "LineString", "coordinates": [[73.85236590000005, 18.504227700000055], [73.85250350000007, 18.504224400000055], [73.85273080000007, 18.50421700000004], [73.85316450000005, 18.50417870000006], [73.85333780000008, 18.504150500000033]]}, "properties": {}}, {"type": "Feature", "geometry": {"type": "LineString", "coordinates": [[73.85078890000005, 18.504320400000037], [73.85088840000003, 18.504316000000074], [73.85107240000008, 18.50430790000007], [73.85127500000004, 18.504297900000036], [73.85145640000007, 18.50428890000006], [73.85173940000004, 18.504263100000056], [73.85219250000006, 18.504221800000035], [73.85236590000005, 18.504227700000055]]}, "properties": {}}, {"type": "Feature", "geometry": {"type": "LineString", "coordinates": [[73.85358020000007, 18.505158100000067], [73.85342620000006, 18.50506290000004], [73.85326780000008, 18.504930400000035], [73.85287110000007, 18.50459010000003], [73.85274350000003, 18.504480600000022], [73.85265540000006, 18.504418500000035], [73.85254270000007, 18.504362300000025], [73.85236880000008, 18.504320300000078]]}, "properties": {}}, {"type": "Feature", "geometry": {"type": "LineString", "coordinates": [[73.85236590000005, 18.504227700000055], [73.85236880000008, 18.504320300000078], [73.85235950000005, 18.50512180000004], [73.85236900000007, 18.505552100000045], [73.85237380000007, 18.505769800000046], [73.85237730000006, 18.506130300000052]]}, "properties": {}}, {"type": "Feature", "geometry": {"type": "LineString", "coordinates": [[73.85361610000007, 18.504011000000048], [73.85357250000004, 18.50406310000005], [73.85351210000005, 18.504101300000055], [73.85333780000008, 18.504150500000033]]}, "properties": {}}, {"type": "Feature", "geometry": {"type": "LineString", "coordinates": [[73.85370650000004, 18.504123500000045], [73.85424680000006, 18.504048700000055]]}, "properties": {}}, {"type": "Feature", "geometry": {"type": "LineString", "coordinates": [[73.85333780000008, 18.504150500000033], [73.85350410000008, 18.504182700000058], [73.85356170000006, 18.50421190000003], [73.85359590000007, 18.504251600000035]]}, "properties": {}}, {"type": "Feature", "geometry": {"type": "LineString", "coordinates": [[73.85361610000007, 18.504011000000048], [73.85359590000007, 18.504251600000035], [73.85358770000005, 18.504333000000035], [73.85362280000004, 18.504460400000028]]}, "properties": {}}, {"type": "Feature", "geometry": {"type": "LineString", "coordinates": [[73.85370650000004, 18.504123500000045], [73.85368670000008, 18.504343000000055], [73.85362280000004, 18.504460400000028]]}, "properties": {}}, {"type": "Feature", "geometry": {"type": "LineString", "coordinates": [[73.83486230000005, 18.506400300000053], [73.83514730000007, 18.506374100000073]]}, "properties": {}}, {"type": "Feature", "geometry": {"type": "LineString", "coordinates": [[73.83456290000004, 18.50703030000005], [73.83487660000003, 18.50683980000002], [73.83592130000005, 18.50645930000008], [73.83600020000006, 18.506445800000048], [73.83604680000008, 18.506461300000066], [73.83610350000004, 18.506497500000023]]}, "properties": {}}, {"type": "Feature", "geometry": {"type": "LineString", "coordinates": [[73.83610350000004, 18.506497500000023], [73.83675510000006, 18.507653600000022], [73.83682050000004, 18.507742700000048]]}, "properties": {}}, {"type": "Feature", "geometry": {"type": "LineString", "coordinates": [[73.83682050000004, 18.507742700000048], [73.83696230000004, 18.50790070000005]]}, "properties": {}}, {"type": "Feature", "geometry": {"type": "LineString", "coordinates": [[73.85068930000006, 18.50432480000006], [73.85066720000003, 18.50487870000006], [73.85064930000004, 18.505358600000015], [73.85063170000006, 18.505830100000026], [73.85062480000005, 18.505914100000037]]}, "properties": {}}, {"type": "Feature", "geometry": {"type": "LineString", "coordinates": [[73.84576530000004, 18.50324370000004], [73.84590670000006, 18.50336630000004], [73.84603020000003, 18.503444200000047], [73.84618140000003, 18.50355150000007], [73.84628720000006, 18.503626600000075], [73.84674480000007, 18.503857900000067], [73.84679880000004, 18.50388520000007], [73.84718850000007, 18.50401100000005], [73.84733690000007, 18.504039800000044], [73.84760100000005, 18.50405080000007], [73.84771680000006, 18.504069600000033], [73.84814130000007, 18.504138400000045], [73.84875440000008, 18.504237800000052], [73.84920380000007, 18.504290200000074], [73.84951910000007, 18.504323600000074], [73.84982920000004, 18.504332100000052], [73.85018120000007, 18.504345800000067], [73.85029010000005, 18.504346400000035], [73.85068930000006, 18.50432480000006]]}, "properties": {}}, {"type": "Feature", "geometry": {"type": "LineString", "coordinates": [[73.84876000000008, 18.503968000000047], [73.84983340000008, 18.503979900000044]]}, "properties": {}}, {"type": "Feature", "geometry": {"type": "LineString", "coordinates": [[73.84066850000005, 18.509435700000036], [73.84064200000006, 18.50946270000003], [73.83948790000005, 18.51063640000006], [73.83938980000005, 18.51073620000005]]}, "properties": {}}, {"type": "Feature", "geometry": {"type": "LineString", "coordinates": [[73.84484520000007, 18.515179200000038], [73.84441130000005, 18.514584400000047], [73.84369200000003, 18.51359770000004], [73.84297630000003, 18.512874800000073], [73.84177980000004, 18.51174710000004], [73.84159390000008, 18.511510300000058], [73.84026270000004, 18.50960620000006], [73.84022460000006, 18.50949540000005], [73.84006650000003, 18.509353800000042], [73.83993040000007, 18.509229400000034], [73.83977230000005, 18.509087300000033], [73.83973460000004, 18.509001800000075], [73.83964520000006, 18.508891000000062], [73.83950030000005, 18.508741600000064], [73.83938010000008, 18.50863230000004], [73.83916810000005, 18.508410600000044], [73.83902720000003, 18.508211000000074]]}, "properties": {}}, {"type": "Feature", "geometry": {"type": "LineString", "coordinates": [[73.83696230000004, 18.50790070000005], [73.83954890000007, 18.51044950000005], [73.83967810000007, 18.51058660000006], [73.83974550000005, 18.510678000000038], [73.83991220000007, 18.510910200000065], [73.84002120000008, 18.511078200000043], [73.84100560000007, 18.512627900000037], [73.84108740000005, 18.512754500000028], [73.84115280000003, 18.512830800000078], [73.84123460000006, 18.51292000000006], [73.84131230000008, 18.51298970000005], [73.84142540000005, 18.513073700000067], [73.84235990000008, 18.513804800000063], [73.84279900000007, 18.51414840000007], [73.84290800000008, 18.514246600000032], [73.84301430000005, 18.514365500000046], [73.84362330000005, 18.515086800000063], [73.84372550000006, 18.51521080000003], [73.84406070000006, 18.515708400000054]]}, "properties": {}}, {"type": "Feature", "geometry": {"type": "LineString", "coordinates": [[73.87277740000007, 18.52024040000003], [73.87267810000003, 18.519863900000075]]}, "properties": {}}, {"type": "Feature", "geometry": {"type": "LineString", "coordinates": [[73.87308190000005, 18.52026600000005], [73.87297590000003, 18.51989950000007]]}, "properties": {}}, {"type": "Feature", "geometry": {"type": "LineString", "coordinates": [[73.87316870000006, 18.52023950000006], [73.87312740000004, 18.520106800000065]]}, "properties": {}}, {"type": "Feature", "geometry": {"type": "LineString", "coordinates": [[73.87287270000007, 18.520328700000046], [73.87286380000006, 18.520303000000073], [73.87284590000007, 18.520251000000027], [73.87284980000004, 18.52021940000003], [73.87296650000008, 18.52018310000005]]}, "properties": {}}, {"type": "Feature", "geometry": {"type": "LineString", "coordinates": [[73.87281230000008, 18.520348500000072], [73.87280080000005, 18.52031290000002], [73.87277740000007, 18.52024040000003]]}, "properties": {}}, {"type": "Feature", "geometry": {"type": "LineString", "coordinates": [[73.87216520000004, 18.52057890000003], [73.87212140000008, 18.520286300000066]]}, "properties": {}}, {"type": "Feature", "geometry": {"type": "LineString", "coordinates": [[73.87301150000008, 18.52037560000002], [73.87303590000005, 18.520439900000042], [73.87306020000005, 18.520504100000036]]}, "properties": {}}, {"type": "Feature", "geometry": {"type": "LineString", "coordinates": [[73.87261200000006, 18.520505500000066], [73.87255870000007, 18.52043340000005], [73.87245720000004, 18.520279000000073], [73.87235090000007, 18.520132800000052], [73.87229690000004, 18.52009480000004], [73.87190860000004, 18.520048400000064], [73.87154660000004, 18.52003110000004], [73.87129870000007, 18.52001790000002], [73.87112110000004, 18.52000460000005], [73.87076550000006, 18.51999260000002], [73.87051030000003, 18.519987300000018], [73.87020390000004, 18.520002500000025], [73.87004500000006, 18.52001280000007], [73.86953880000004, 18.52004530000005], [73.86920200000003, 18.52005950000006], [73.86906150000004, 18.52003310000003], [73.86883520000004, 18.519944600000034], [73.86867270000005, 18.519846800000035]]}, "properties": {}}, {"type": "Feature", "geometry": {"type": "LineString", "coordinates": [[73.86860550000006, 18.519861800000058], [73.86864300000008, 18.519878900000037], [73.86872580000005, 18.519928600000068], [73.86882400000007, 18.519978200000022], [73.86904090000007, 18.520070700000073], [73.86922160000006, 18.520090300000042], [73.86924600000003, 18.52009000000004], [73.86956450000008, 18.52008610000007], [73.86996040000008, 18.520068000000038], [73.87020030000008, 18.52005820000005], [73.87021820000007, 18.520057700000052], [73.87050850000003, 18.520048900000063], [73.87066780000004, 18.520044100000057], [73.87076210000004, 18.520047100000053], [73.87098190000006, 18.520054000000076], [73.87111710000005, 18.52005820000005], [73.87129690000006, 18.52006920000002], [73.87139340000006, 18.520075300000034], [73.87154680000003, 18.52008490000003], [73.87190910000004, 18.520107400000025], [73.87219340000007, 18.520125000000064], [73.87226090000007, 18.520143200000057], [73.87233450000008, 18.52019810000007], [73.87250040000004, 18.520455600000048], [73.87255710000005, 18.520526800000027]]}, "properties": {}}, {"type": "Feature", "geometry": {"type": "LineString", "coordinates": [[73.87306020000005, 18.520504100000036], [73.87296090000007, 18.52053390000003]]}, "properties": {}}, {"type": "Feature", "geometry": {"type": "LineString", "coordinates": [[73.87312670000006, 18.52033970000002], [73.87314780000008, 18.520401100000072], [73.87328820000005, 18.52080930000005]]}, "properties": {}}, {"type": "Feature", "geometry": {"type": "LineString", "coordinates": [[73.87255710000005, 18.520526800000027], [73.87258660000003, 18.52056870000007], [73.87294110000005, 18.521073000000058]]}, "properties": {}}, {"type": "Feature", "geometry": {"type": "LineString", "coordinates": [[73.87212160000007, 18.520686100000034], [73.87214600000004, 18.52072320000008], [73.87243250000006, 18.521158600000035]]}, "properties": {}}, {"type": "Feature", "geometry": {"type": "LineString", "coordinates": [[73.87541210000006, 18.519545900000022], [73.87536720000008, 18.51955990000004], [73.87512780000004, 18.519634400000026], [73.87473350000005, 18.51975720000007], [73.87406810000004, 18.519964300000023], [73.87371840000003, 18.52007130000004], [73.87365260000007, 18.520091400000073], [73.87341850000007, 18.520163000000025], [73.87316870000006, 18.52023950000006], [73.87308190000005, 18.52026600000005], [73.87287270000007, 18.520328700000046], [73.87281230000008, 18.520348500000072], [73.87265480000008, 18.520396700000045], [73.87255870000007, 18.52043340000005], [73.87250040000004, 18.520455600000048], [73.87227460000008, 18.52053920000003], [73.87216520000004, 18.52057890000003], [73.87191010000004, 18.520671400000026], [73.87174920000007, 18.52077740000004], [73.87168500000007, 18.520861300000035], [73.87162730000006, 18.520936600000027], [73.87142860000006, 18.521367200000046], [73.87122370000003, 18.521845400000068], [73.87115930000004, 18.52199580000007], [73.87107650000007, 18.522175400000034], [73.87092670000004, 18.522469500000057], [73.87082710000004, 18.52266520000006], [73.87041680000004, 18.52339480000006], [73.87033360000004, 18.52354280000003], [73.87022870000004, 18.523775500000056], [73.87015920000005, 18.523918000000037]]}, "properties": {}}, {"type": "Feature", "geometry": {"type": "LineString", "coordinates": [[73.87014240000008, 18.52415460000003], [73.87024080000003, 18.523975200000052], [73.87031160000004, 18.523813900000047], [73.87041500000004, 18.523579400000077], [73.87051930000007, 18.523391600000025], [73.87090390000004, 18.52269850000004], [73.87113250000004, 18.522260300000024], [73.87115870000008, 18.522210200000075], [73.87123060000005, 18.522042300000066], [73.87151150000005, 18.521400600000053], [73.87170590000005, 18.520979300000022], [73.87181310000005, 18.52083920000007], [73.87195240000005, 18.52074740000006], [73.87212160000007, 18.520686100000034], [73.87230720000008, 18.520618800000015], [73.87255710000005, 18.520526800000027], [73.87261200000006, 18.520505500000066], [73.87268530000006, 18.520477100000054], [73.87301150000008, 18.52037560000002], [73.87312670000006, 18.52033970000002], [73.87409050000008, 18.52003980000006], [73.87539030000005, 18.519638700000034], [73.87543660000006, 18.519624400000055]]}, "properties": {}}, {"type": "Feature", "geometry": {"type": "LineString", "coordinates": [[73.85060310000006, 18.52078550000004], [73.85091160000007, 18.520846600000027], [73.85120310000008, 18.520887900000044], [73.85166440000006, 18.520976900000054], [73.85218210000005, 18.521086300000032], [73.85259510000003, 18.52117530000004], [73.85289820000008, 18.521231300000068], [73.85313430000008, 18.521282100000068], [73.85359290000008, 18.521376200000077], [73.85423670000006, 18.521648400000053], [73.85441550000007, 18.52172050000007], [73.85456670000008, 18.521777300000053], [73.85470880000008, 18.521816600000022], [73.85485440000008, 18.521871400000062], [73.85518350000007, 18.521989200000064], [73.85552140000004, 18.52222060000003], [73.85574940000004, 18.522375700000055], [73.85584600000004, 18.52245200000004], [73.85618390000008, 18.522782700000043], [73.85658360000008, 18.523227700000067], [73.85723000000007, 18.52390170000007], [73.85805610000006, 18.524679900000024], [73.85856040000004, 18.525119900000046], [73.85918800000007, 18.525608200000022], [73.85958500000004, 18.525999900000045], [73.85971100000006, 18.52611180000002]]}, "properties": {}}, {"type": "Feature", "geometry": {"type": "LineString", "coordinates": [[73.81380450000006, 18.529417700000067], [73.81417290000007, 18.52950640000006], [73.81458330000004, 18.529689500000075], [73.81502780000005, 18.52994400000005], [73.81522290000004, 18.530078900000035], [73.81523710000005, 18.530152200000035], [73.81507770000007, 18.530355200000027]]}, "properties": {}}, {"type": "Feature", "geometry": {"type": "LineString", "coordinates": [[73.81435230000005, 18.53066550000005], [73.81429280000003, 18.530647500000043], [73.81412650000004, 18.530642400000033], [73.81400280000008, 18.53061030000003], [73.81391260000004, 18.530580400000073], [73.81386970000005, 18.530558000000045], [73.81383150000005, 18.530538100000058], [73.81382370000006, 18.530479100000033], [73.81382090000005, 18.530416400000032], [73.81382640000004, 18.53037070000005], [73.81385300000007, 18.530327000000057], [73.81399980000003, 18.530302600000027], [73.81410240000008, 18.53028890000007], [73.81427200000007, 18.53028540000002]]}, "properties": {}}, {"type": "Feature", "geometry": {"type": "LineString", "coordinates": [[73.81427200000007, 18.53028540000002], [73.81432710000007, 18.530327300000064], [73.81435860000005, 18.530377900000072], [73.81440560000004, 18.530524100000026], [73.81439780000005, 18.530610100000047], [73.81435230000005, 18.53066550000005]]}, "properties": {}}, {"type": "Feature", "geometry": {"type": "LineString", "coordinates": [[73.81452080000008, 18.53075970000003], [73.81483660000004, 18.530263200000032]]}, "properties": {}}, {"type": "Feature", "geometry": {"type": "LineString", "coordinates": [[73.81472790000004, 18.530875400000067], [73.81452080000008, 18.53075970000003], [73.81435230000005, 18.53066550000005]]}, "properties": {}}, {"type": "Feature", "geometry": {"type": "LineString", "coordinates": [[73.81398460000008, 18.53147860000007], [73.81422650000007, 18.531370600000056]]}, "properties": {}}, {"type": "Feature", "geometry": {"type": "LineString", "coordinates": [[73.81851280000006, 18.530961600000065], [73.81842460000007, 18.530908400000044], [73.81830180000003, 18.530820700000046], [73.81820510000006, 18.530741500000026], [73.81818140000007, 18.530657200000057], [73.81805090000006, 18.530445300000054], [73.81797770000003, 18.53034970000004], [73.81792040000005, 18.530205400000057], [73.81778990000004, 18.530023500000027]]}, "properties": {}}, {"type": "Feature", "geometry": {"type": "LineString", "coordinates": [[73.81334520000007, 18.530207700000062], [73.81355990000003, 18.529340500000046]]}, "properties": {}}, {"type": "Feature", "geometry": {"type": "LineString", "coordinates": [[73.81335770000004, 18.530662500000062], [73.81372480000005, 18.530634900000052]]}, "properties": {}}, {"type": "Feature", "geometry": {"type": "LineString", "coordinates": [[73.81386970000005, 18.530558000000045], [73.81385360000007, 18.530636000000072], [73.81386700000007, 18.530801300000064], [73.81394470000004, 18.531004700000032], [73.81401720000008, 18.531053100000065], [73.81412450000005, 18.531088700000055]]}, "properties": {}}, {"type": "Feature", "geometry": {"type": "LineString", "coordinates": [[73.81339990000004, 18.530987500000037], [73.81378260000008, 18.530953900000043]]}, "properties": {}}, {"type": "Feature", "geometry": {"type": "LineString", "coordinates": [[73.81274950000005, 18.532094800000035], [73.81275290000008, 18.53187530000002], [73.81276020000007, 18.53185250000007], [73.81277700000004, 18.53182170000002], [73.81279850000006, 18.53180640000005], [73.81282890000006, 18.531789400000036], [73.81286890000007, 18.53177290000007], [73.81293020000004, 18.53175010000007], [73.81300150000004, 18.531716400000054], [73.81307850000007, 18.531675900000042], [73.81315310000008, 18.531644500000027], [73.81324250000006, 18.53159930000004], [73.81330690000004, 18.531563300000073], [73.81339480000008, 18.531514800000025], [73.81347640000007, 18.531465300000036], [73.81342550000005, 18.53126060000005], [73.81339990000004, 18.530987500000037], [73.81335770000004, 18.530662500000062], [73.81333160000008, 18.530378200000033]]}, "properties": {}}, {"type": "Feature", "geometry": {"type": "LineString", "coordinates": [[73.81617410000007, 18.528452200000057], [73.81608680000005, 18.528511600000055], [73.81597950000008, 18.528570100000024], [73.81571660000003, 18.528715100000056], [73.81566570000007, 18.52875320000004], [73.81570860000005, 18.528811700000063], [73.81585880000006, 18.52895160000003], [73.81605190000005, 18.529094000000047], [73.81609750000007, 18.529256800000038], [73.81607600000007, 18.52941700000002], [73.81609750000007, 18.52955690000004], [73.81607070000007, 18.529729800000037], [73.81617800000004, 18.52991040000006], [73.81618070000007, 18.530045200000078], [73.81612430000007, 18.530146900000037], [73.81606530000005, 18.530291900000066], [73.81594460000008, 18.530439400000038], [73.81581860000006, 18.53057670000004], [73.81564690000005, 18.53072670000006], [73.81535190000005, 18.530937800000057], [73.81522040000004, 18.53103700000003], [73.81487170000008, 18.53132440000007], [73.81471410000006, 18.531555300000036], [73.81460890000007, 18.531672800000024], [73.81458200000003, 18.531838100000076], [73.81457490000008, 18.53196320000006], [73.81452470000005, 18.532159400000065], [73.81425570000005, 18.532464200000057], [73.81256220000006, 18.53321000000005], [73.81195640000004, 18.53369640000005], [73.81166780000007, 18.534047600000058]]}, "properties": {}}, {"type": "Feature", "geometry": {"type": "LineString", "coordinates": [[73.81386960000003, 18.531246100000036], [73.81347640000007, 18.531465300000036]]}, "properties": {}}, {"type": "Feature", "geometry": {"type": "LineString", "coordinates": [[73.81409250000007, 18.531713000000025], [73.81398460000008, 18.53147860000007], [73.81390370000008, 18.531302700000023]]}, "properties": {}}, {"type": "Feature", "geometry": {"type": "LineString", "coordinates": [[73.81313940000007, 18.532201100000073], [73.81331510000007, 18.532091800000046], [73.81357660000003, 18.531903600000074], [73.81377130000004, 18.531797800000053], [73.81393600000007, 18.53174380000007], [73.81409250000007, 18.531713000000025], [73.81419200000005, 18.531704500000046]]}, "properties": {}}, {"type": "Feature", "geometry": {"type": "LineString", "coordinates": [[73.81343180000005, 18.53255580000007], [73.81331070000005, 18.532408900000064]]}, "properties": {}}, {"type": "Feature", "geometry": {"type": "LineString", "coordinates": [[73.81348550000007, 18.532510400000035], [73.81391170000006, 18.53213980000004], [73.81419200000005, 18.531704500000046], [73.81465200000008, 18.53099030000004], [73.81472790000004, 18.530875400000067], [73.81486310000008, 18.530670600000064], [73.81497040000005, 18.530497700000062], [73.81507770000007, 18.530355200000027]]}, "properties": {}}, {"type": "Feature", "geometry": {"type": "LineString", "coordinates": [[73.81452470000005, 18.532159400000065], [73.81509380000006, 18.53226600000005], [73.81527270000005, 18.53235470000004], [73.81525230000005, 18.532516600000058], [73.81539460000005, 18.532605200000035], [73.81545970000009, 18.53280950000004], [73.81546370000007, 18.532925200000022], [73.81561010000007, 18.532851900000026], [73.81569550000006, 18.532894300000066], [73.81579310000006, 18.532851900000026], [73.81590620000003, 18.53303860000005]]}, "properties": {}}, {"type": "Feature", "geometry": {"type": "LineString", "coordinates": [[73.81130030000008, 18.53443750000002], [73.81156620000007, 18.53401230000003], [73.81163740000005, 18.533898400000055], [73.81216290000003, 18.533197700000073], [73.81268860000006, 18.53296380000006], [73.81343180000005, 18.53255580000007], [73.81348550000007, 18.532510400000035]]}, "properties": {}}, {"type": "Feature", "geometry": {"type": "LineString", "coordinates": [[73.85060310000006, 18.52078550000004], [73.85058650000008, 18.52051960000005]]}, "properties": {}}, {"type": "Feature", "geometry": {"type": "LineString", "coordinates": [[73.84264370000005, 18.528387700000057], [73.84280820000004, 18.528417200000032], [73.84286790000004, 18.528432000000066], [73.84293020000007, 18.528457700000043], [73.84295730000008, 18.528485300000053], [73.84309260000003, 18.528783600000054]]}, "properties": {}}, {"type": "Feature", "geometry": {"type": "LineString", "coordinates": [[73.84324120000008, 18.528810000000075], [73.84330790000007, 18.52878320000008], [73.84352080000008, 18.528697700000066], [73.84364360000006, 18.528653500000072], [73.84356020000008, 18.528480900000027], [73.84353400000003, 18.528426900000053]]}, "properties": {}}, {"type": "Feature", "geometry": {"type": "LineString", "coordinates": [[73.84393160000008, 18.528804300000047], [73.84386020000005, 18.52864160000007], [73.84383760000003, 18.528622100000064], [73.84381390000004, 18.52862770000007], [73.84340810000003, 18.52882710000006], [73.84339060000008, 18.528835700000062], [73.84335420000008, 18.528853600000048], [73.84333230000004, 18.528864300000063], [73.84328370000003, 18.528888300000062]]}, "properties": {}}, {"type": "Feature", "geometry": {"type": "LineString", "coordinates": [[73.84430840000005, 18.52880930000003], [73.84434570000008, 18.52878900000007], [73.84560950000008, 18.52877050000006], [73.84566000000007, 18.52878400000003], [73.84568710000008, 18.528830000000024], [73.8456535000001, 18.52941700000002]]}, "properties": {}}, {"type": "Feature", "geometry": {"type": "LineString", "coordinates": [[73.84578990000006, 18.529431300000052], [73.84569170000003, 18.52941640000006], [73.8456535000001, 18.52941700000002], [73.84495720000007, 18.52942960000007], [73.84436210000007, 18.529432100000065], [73.84433270000005, 18.529409300000054], [73.84432240000007, 18.529370500000027], [73.84430260000005, 18.528860700000045], [73.84430840000005, 18.52880930000003]]}, "properties": {}}, {"type": "Feature", "geometry": {"type": "LineString", "coordinates": [[73.84253070000005, 18.52882980000004], [73.84296250000006, 18.528822200000036], [73.84305800000004, 18.52879390000004], [73.84309260000003, 18.528783600000054], [73.84315340000006, 18.52876550000007]]}, "properties": {}}, {"type": "Feature", "geometry": {"type": "LineString", "coordinates": [[73.84398290000007, 18.52891960000005], [73.84393160000008, 18.528804300000047]]}, "properties": {}}, {"type": "Feature", "geometry": {"type": "LineString", "coordinates": [[73.84362420000008, 18.529365900000073], [73.84335420000008, 18.528853600000048]]}, "properties": {}}, {"type": "Feature", "geometry": {"type": "LineString", "coordinates": [[73.84355690000007, 18.52939200000003], [73.84359200000006, 18.529378100000034], [73.84362420000008, 18.529365900000073], [73.84365390000005, 18.529354700000056], [73.84367510000004, 18.529346700000076], [73.84406110000003, 18.52919470000006], [73.84407300000004, 18.529174200000057], [73.84407100000004, 18.52915260000003], [73.84398290000007, 18.52891960000005]]}, "properties": {}}, {"type": "Feature", "geometry": {"type": "LineString", "coordinates": [[73.84287240000003, 18.52818760000002], [73.84288550000008, 18.528277500000055], [73.84292210000007, 18.52833970000006], [73.84295200000008, 18.528394700000035], [73.84315340000006, 18.52876550000007], [73.84347110000004, 18.52938490000002], [73.84361110000003, 18.529657700000033], [73.84398150000004, 18.530361400000057]]}, "properties": {}}, {"type": "Feature", "geometry": {"type": "LineString", "coordinates": [[73.84287240000003, 18.52818760000002], [73.84293940000003, 18.528254500000063], [73.84297850000007, 18.528313000000022], [73.84300710000008, 18.528370300000063], [73.84306130000004, 18.52847900000006], [73.84311390000005, 18.528575800000052], [73.84324120000008, 18.528810000000075], [73.84328370000003, 18.528888300000062], [73.84355690000007, 18.52939200000003], [73.84387410000005, 18.529975100000062], [73.84446050000008, 18.53105450000004], [73.84452640000006, 18.531180900000038]]}, "properties": {}}, {"type": "Feature", "geometry": {"type": "LineString", "coordinates": [[73.84160600000007, 18.530215700000042], [73.84231180000006, 18.53018880000008], [73.84240900000003, 18.530159600000044], [73.84250050000003, 18.53009530000003], [73.84257920000006, 18.530057500000055], [73.84275490000005, 18.529977200000072], [73.84286100000008, 18.52992870000002], [73.84304810000003, 18.529852000000055], [73.84322310000005, 18.52979290000007], [73.84334180000008, 18.52975680000003], [73.84344500000003, 18.529724600000065], [73.84352940000008, 18.529694700000043], [73.84361110000003, 18.529657700000033]]}, "properties": {}}, {"type": "Feature", "geometry": {"type": "LineString", "coordinates": [[73.84161380000006, 18.530932800000077], [73.84162000000003, 18.530843300000065], [73.84160600000007, 18.530215700000042], [73.84161350000005, 18.53005750000005], [73.84164590000006, 18.52990860000005], [73.84182010000006, 18.52960840000003]]}, "properties": {}}, {"type": "Feature", "geometry": {"type": "LineString", "coordinates": [[73.79176580000006, 18.535799100000077], [73.79174250000005, 18.535663700000043], [73.79144570000005, 18.53546870000002]]}, "properties": {}}, {"type": "Feature", "geometry": {"type": "LineString", "coordinates": [[73.79156550000005, 18.536350500000026], [73.79176580000006, 18.535799100000077]]}, "properties": {}}, {"type": "Feature", "geometry": {"type": "LineString", "coordinates": [[73.79082740000007, 18.536783100000026], [73.79010810000005, 18.537181200000074]]}, "properties": {}}, {"type": "Feature", "geometry": {"type": "LineString", "coordinates": [[73.78889310000005, 18.53212630000007], [73.78896640000005, 18.53206890000007], [73.78916070000008, 18.531976800000045], [73.78919100000007, 18.531988800000015], [73.78922290000008, 18.53222900000003], [73.78927230000005, 18.53233480000006], [73.78936470000008, 18.532502400000052], [73.78955900000005, 18.532830200000035], [73.78973910000008, 18.533007000000055], [73.78977530000003, 18.53309820000004], [73.78985850000004, 18.53317370000008], [73.78987620000004, 18.533203900000046], [73.78988850000007, 18.533222300000027], [73.78990980000003, 18.533240800000044], [73.78993990000004, 18.533249200000053], [73.79004070000008, 18.533277700000042], [73.79006900000007, 18.53330120000004], [73.79008500000003, 18.533318000000065], [73.79010360000007, 18.533339600000033], [73.79015030000005, 18.533357300000034], [73.79019230000006, 18.533383900000047], [73.79022150000003, 18.533403800000034], [73.79023550000005, 18.533416000000038], [73.79025650000005, 18.533430400000043], [73.79026860000005, 18.533429500000068], [73.79029350000008, 18.53343790000002], [73.79029190000006, 18.533469900000057], [73.79032250000006, 18.53348660000006], [73.79037550000004, 18.533521700000048], [73.79042780000003, 18.533578100000057], [73.79046620000008, 18.533645800000045], [73.79048820000008, 18.533703000000056], [73.79048640000008, 18.533775900000023], [73.79045340000005, 18.53384880000005], [73.79044790000006, 18.533956400000026], [73.79050580000006, 18.53427660000006], [73.79065980000007, 18.534685600000046], [73.79073220000004, 18.53502760000003], [73.79072210000004, 18.535303200000033], [73.79076480000003, 18.535492100000056], [73.79095790000008, 18.535740700000073], [73.79107200000004, 18.53589680000005], [73.79112470000007, 18.535974900000042], [73.79114830000003, 18.536012600000046], [73.79115510000008, 18.536023100000023], [73.79116420000008, 18.536029400000075], [73.79117990000003, 18.53604570000005], [73.79124650000006, 18.53611850000004], [73.79130340000006, 18.53618790000007], [73.79137050000008, 18.53623600000003], [73.79144340000005, 18.53634750000003]]}, "properties": {}}, {"type": "Feature", "geometry": {"type": "LineString", "coordinates": [[73.78804410000004, 18.53587070000003], [73.78829920000004, 18.535697000000024], [73.78868690000009, 18.535464900000026], [73.78907090000007, 18.535169600000078], [73.78926170000005, 18.53498870000004], [73.78944280000009, 18.53470710000005], [73.78960680000006, 18.534429300000053]]}, "properties": {}}, {"type": "Feature", "geometry": {"type": "LineString", "coordinates": [[73.78944350000006, 18.535342500000066], [73.78968170000007, 18.535439300000068], [73.78969970000003, 18.53552090000005], [73.78969570000004, 18.535672700000077], [73.78980180000008, 18.535763800000037], [73.78992590000007, 18.53583020000008], [73.79006400000003, 18.535832100000047], [73.79026410000006, 18.53582830000005], [73.79055610000006, 18.536292700000047], [73.79062260000008, 18.536402600000027], [73.79065260000004, 18.53649100000007], [73.79067290000006, 18.536579100000036]]}, "properties": {}}, {"type": "Feature", "geometry": {"type": "LineString", "coordinates": [[73.78797430000003, 18.53611600000005], [73.78799440000006, 18.536051500000045], [73.78793270000006, 18.536031100000052], [73.78787840000007, 18.536037500000074], [73.78784740000003, 18.536005300000056]]}, "properties": {}}, {"type": "Feature", "geometry": {"type": "LineString", "coordinates": [[73.78295290000005, 18.53595080000002], [73.78301480000005, 18.536007900000076], [73.78306070000008, 18.536076600000065], [73.78308970000006, 18.53638110000003], [73.78314040000004, 18.53651160000004], [73.78326360000005, 18.536621500000027], [73.78352680000006, 18.536646700000063], [73.78410410000004, 18.536686900000063], [73.78471440000004, 18.536694800000078], [73.78525810000008, 18.536713200000065], [73.78602920000003, 18.536739500000063], [73.78631770000004, 18.536736900000047], [73.78680590000005, 18.536631700000044], [73.78734130000004, 18.53637920000005], [73.78760950000003, 18.536198600000034], [73.78784740000003, 18.536005300000056], [73.78785290000008, 18.536000800000068], [73.78796660000006, 18.535923400000055]]}, "properties": {}}, {"type": "Feature", "geometry": {"type": "LineString", "coordinates": [[73.78912360000005, 18.537204400000064], [73.78907680000003, 18.537200100000057], [73.78900630000004, 18.537193700000046], [73.78891320000008, 18.53717080000007], [73.78865130000008, 18.53710230000007], [73.78848420000008, 18.53709320000007], [73.78833000000003, 18.53710230000007], [73.78813730000007, 18.537145000000063], [73.78802120000006, 18.537193600000023], [73.78732550000007, 18.537484600000028], [73.78716650000007, 18.537577200000044], [73.78708410000007, 18.53763170000008], [73.78701660000007, 18.537676300000047], [73.78674320000005, 18.537812800000037], [73.78669490000004, 18.53783100000004], [73.78656840000008, 18.537878600000056], [73.78629100000008, 18.537949600000047], [73.78611160000008, 18.53797380000003], [73.78546640000008, 18.538060800000043], [73.78465450000004, 18.53817790000005], [73.78458740000008, 18.53818600000005]]}, "properties": {}}, {"type": "Feature", "geometry": {"type": "LineString", "coordinates": [[73.78669490000004, 18.53783100000004], [73.78685450000006, 18.537919800000054], [73.78722710000005, 18.53787740000007], [73.78733730000005, 18.538199500000072]]}, "properties": {}}, {"type": "Feature", "geometry": {"type": "LineString", "coordinates": [[73.78611160000008, 18.53797380000003], [73.78615790000005, 18.53820550000006]]}, "properties": {}}, {"type": "Feature", "geometry": {"type": "LineString", "coordinates": [[73.78709320000007, 18.538109400000053], [73.78615790000005, 18.53820550000006]]}, "properties": {}}, {"type": "Feature", "geometry": {"type": "LineString", "coordinates": [[73.78709320000007, 18.538109400000053], [73.78711750000008, 18.53823290000003], [73.78726470000004, 18.53821170000003]]}, "properties": {}}, {"type": "Feature", "geometry": {"type": "LineString", "coordinates": [[73.78733730000005, 18.538199500000072], [73.78742380000006, 18.538193900000067]]}, "properties": {}}, {"type": "Feature", "geometry": {"type": "LineString", "coordinates": [[73.78733730000005, 18.538199500000072], [73.78726470000004, 18.53821170000003]]}, "properties": {}}, {"type": "Feature", "geometry": {"type": "LineString", "coordinates": [[73.78813060000004, 18.53642840000003], [73.78806010000005, 18.53629020000005], [73.78801050000004, 18.536203800000067], [73.78797430000003, 18.53611600000005]]}, "properties": {}}, {"type": "Feature", "geometry": {"type": "LineString", "coordinates": [[73.78847850000005, 18.53694000000007], [73.78833910000003, 18.536947600000072], [73.78828810000005, 18.536784800000078], [73.78825590000008, 18.53663990000007], [73.78811640000004, 18.536449200000042], [73.78813060000004, 18.53642840000003], [73.78814590000007, 18.536405900000034], [73.78818890000008, 18.536390700000027], [73.78830960000005, 18.536479700000026], [73.78842220000007, 18.53645930000005], [73.78857780000004, 18.536581400000042], [73.78870120000005, 18.536764500000057], [73.78877630000005, 18.53687640000004], [73.78883260000003, 18.53692730000006], [73.78882990000007, 18.53697560000006], [73.78866090000008, 18.536955200000023], [73.78847850000005, 18.53694000000007]]}, "properties": {}}, {"type": "Feature", "geometry": {"type": "LineString", "coordinates": [[73.78802120000006, 18.537193600000023], [73.78795900000006, 18.53706340000002], [73.78767660000005, 18.536472400000036]]}, "properties": {}}, {"type": "Feature", "geometry": {"type": "LineString", "coordinates": [[73.79072450000007, 18.536559200000056], [73.79067290000006, 18.536579100000036], [73.79046980000004, 18.53665760000007], [73.79038140000006, 18.536707800000045], [73.78944490000003, 18.537134300000044], [73.78927460000006, 18.53717850000004]]}, "properties": {}}, {"type": "Feature", "geometry": {"type": "LineString", "coordinates": [[73.78927460000006, 18.53717850000004], [73.78912360000005, 18.537204400000064]]}, "properties": {}}, {"type": "Feature", "geometry": {"type": "LineString", "coordinates": [[73.78993950000006, 18.537715100000067], [73.78986060000005, 18.53766690000003], [73.78978680000006, 18.53761600000007], [73.78971740000003, 18.537552800000075], [73.78961620000007, 18.537397400000035], [73.78944490000003, 18.537134300000044]]}, "properties": {}}, {"type": "Feature", "geometry": {"type": "LineString", "coordinates": [[73.78862990000005, 18.538960000000028], [73.78864140000007, 18.538939000000028], [73.78866290000008, 18.538919400000054], [73.78908740000004, 18.538729400000026], [73.78934480000004, 18.538614100000075], [73.78932570000006, 18.53846560000005], [73.78921830000007, 18.53762970000002], [73.78920900000008, 18.53749220000003], [73.78915500000005, 18.53731060000007], [73.78907680000003, 18.537200100000057]]}, "properties": {}}, {"type": "Feature", "geometry": {"type": "LineString", "coordinates": [[73.78304900000006, 18.537386500000025], [73.78333780000008, 18.537357500000045], [73.78339830000004, 18.53735520000004], [73.78415870000003, 18.53729820000007]]}, "properties": {}}, {"type": "Feature", "geometry": {"type": "LineString", "coordinates": [[73.78615790000005, 18.53820550000006], [73.78550960000007, 18.53829870000004]]}, "properties": {}}, {"type": "Feature", "geometry": {"type": "LineString", "coordinates": [[73.78726470000004, 18.53821170000003], [73.78727950000007, 18.538274300000072], [73.78732850000006, 18.538481700000027]]}, "properties": {}}, {"type": "Feature", "geometry": {"type": "LineString", "coordinates": [[73.74355860000003, 18.573138300000043], [73.74350480000004, 18.573202700000017], [73.74352510000006, 18.573391700000055], [73.74361140000008, 18.573506800000075]]}, "properties": {}}, {"type": "Feature", "geometry": {"type": "LineString", "coordinates": [[73.74361140000008, 18.573506800000075], [73.74362300000007, 18.57412650000003]]}, "properties": {}}, {"type": "Feature", "geometry": {"type": "LineString", "coordinates": [[73.75813710000006, 18.57524150000006], [73.75831910000005, 18.57440690000003]]}, "properties": {}}, {"type": "Feature", "geometry": {"type": "LineString", "coordinates": [[73.75703440000007, 18.575121300000035], [73.75725570000003, 18.575097100000047], [73.75739480000004, 18.575085100000024], [73.75743240000008, 18.575090000000046], [73.75745860000006, 18.575108800000066], [73.75747130000008, 18.575131200000044], [73.75748780000004, 18.575232500000027], [73.75750510000006, 18.575248400000078], [73.75753790000005, 18.57525370000008], [73.75788600000004, 18.57525600000002], [73.75795900000008, 18.575251200000025], [73.75813710000006, 18.57524150000006]]}, "properties": {}}, {"type": "Feature", "geometry": {"type": "LineString", "coordinates": [[73.75848380000008, 18.57428960000004], [73.75845080000005, 18.574315500000065], [73.75843920000007, 18.57434270000004], [73.75821090000005, 18.575250300000047], [73.75812760000008, 18.575539000000045], [73.75812060000004, 18.575593800000032], [73.75813990000006, 18.576121800000063]]}, "properties": {}}, {"type": "Feature", "geometry": {"type": "LineString", "coordinates": [[73.75916340000003, 18.576819500000063], [73.75904610000003, 18.57679290000004], [73.75896900000004, 18.576754700000038], [73.75893570000005, 18.576713200000025], [73.75891290000004, 18.576660100000023], [73.75890420000007, 18.576600300000052], [73.75890420000007, 18.576543900000047], [73.75892320000008, 18.576199800000037], [73.75892570000008, 18.57615530000004], [73.75897250000008, 18.575293400000078]]}, "properties": {}}, {"type": "Feature", "geometry": {"type": "LineString", "coordinates": [[73.75813990000006, 18.576121800000063], [73.75892570000008, 18.57615530000004]]}, "properties": {}}, {"type": "Feature", "geometry": {"type": "LineString", "coordinates": [[73.75813710000006, 18.57524150000006], [73.75805940000004, 18.575505700000065], [73.75803580000009, 18.57564210000004], [73.75802550000003, 18.57575690000004], [73.75802410000007, 18.575884000000027], [73.75802280000005, 18.575999700000068], [73.75803350000007, 18.576130700000025], [73.75803490000006, 18.57631240000006], [73.75804560000006, 18.576476400000043], [73.75809210000006, 18.57682800000003], [73.75808300000006, 18.576863500000055], [73.75805020000007, 18.576894300000045], [73.75801650000005, 18.576903100000038], [73.75758610000008, 18.57691150000005], [73.75755070000008, 18.57692890000004], [73.75753430000003, 18.57695870000003], [73.75746700000008, 18.57713300000006], [73.75744210000005, 18.577206100000065]]}, "properties": {}}, {"type": "Feature", "geometry": {"type": "LineString", "coordinates": [[73.75942680000003, 18.576220500000034], [73.75944750000008, 18.576279700000043], [73.75949220000007, 18.576340800000025], [73.75953220000008, 18.57639120000004], [73.75958250000008, 18.57643850000005], [73.75964090000008, 18.57648400000005], [73.75970340000003, 18.57652410000003], [73.75971560000005, 18.576538800000037]]}, "properties": {}}, {"type": "Feature", "geometry": {"type": "LineString", "coordinates": [[73.75813990000006, 18.576121800000063], [73.75815830000005, 18.57637830000004], [73.75817410000008, 18.576414900000028], [73.75820210000006, 18.57644640000006], [73.75821610000008, 18.576469600000053], [73.75821790000003, 18.57650620000004], [73.75820390000007, 18.57686810000007], [73.75818110000006, 18.57693450000005], [73.75814430000008, 18.57697270000006], [73.75809700000008, 18.576995900000043], [73.7580270000001, 18.576995900000043], [73.75769240000005, 18.576997600000023], [73.75763640000008, 18.577014200000058], [73.75760840000004, 18.577039100000036], [73.75758380000008, 18.57709220000003], [73.75731060000004, 18.57809000000003], [73.75730360000006, 18.578198000000043], [73.75732640000007, 18.578244400000074], [73.75763700000005, 18.57856830000003]]}, "properties": {}}, {"type": "Feature", "geometry": {"type": "LineString", "coordinates": [[73.75640240000007, 18.576790000000077], [73.75646560000007, 18.576804000000042], [73.75672380000003, 18.57688880000006]]}, "properties": {}}, {"type": "Feature", "geometry": {"type": "LineString", "coordinates": [[73.75670450000007, 18.577014200000058], [73.75672380000003, 18.57688880000006]]}, "properties": {}}, {"type": "Feature", "geometry": {"type": "LineString", "coordinates": [[73.75672380000003, 18.57688880000006], [73.75746700000008, 18.57713300000006]]}, "properties": {}}, {"type": "Feature", "geometry": {"type": "LineString", "coordinates": [[73.75670450000007, 18.577014200000058], [73.75668090000005, 18.577045700000042], [73.75666580000006, 18.577071300000057], [73.75666210000003, 18.577077600000056], [73.75665440000006, 18.577090700000046], [73.75664050000006, 18.57711710000006]]}, "properties": {}}, {"type": "Feature", "geometry": {"type": "LineString", "coordinates": [[73.75670450000007, 18.577014200000058], [73.75673260000009, 18.577014200000068], [73.75744210000005, 18.577206100000065]]}, "properties": {}}, {"type": "Feature", "geometry": {"type": "MultiLineString", "coordinates": [[[73.75670450000007, 18.577014200000058], [73.75654980000007, 18.577062200000057], [73.75626440000008, 18.577144600000054], [73.75619770000003, 18.577100900000058], [73.75552400000004, 18.577273500000047]], [[73.75552400000004, 18.577273500000047], [73.75504330000007, 18.57738900000004], [73.75499100000008, 18.577245300000072], [73.75497570000005, 18.57717730000007], [73.75496580000004, 18.577129300000017], [73.75502850000004, 18.57708680000007], [73.75543950000008, 18.57698860000005], [73.75546280000003, 18.57708400000007], [73.75552400000004, 18.577273500000047]]]}, "properties": {}}, {"type": "Feature", "geometry": {"type": "LineString", "coordinates": [[73.75631150000004, 18.577447700000047], [73.75671160000007, 18.577324500000035], [73.75664050000006, 18.57711710000006]]}, "properties": {}}, {"type": "Feature", "geometry": {"type": "LineString", "coordinates": [[73.75664050000006, 18.57711710000006], [73.75662280000006, 18.577125800000033], [73.75627550000007, 18.57723520000008], [73.75625520000006, 18.577244300000075], [73.75624820000007, 18.577262800000028], [73.75630870000003, 18.577408100000067], [73.75631500000003, 18.577429400000025], [73.75631150000004, 18.577447700000047]]}, "properties": {}}, {"type": "Feature", "geometry": {"type": "LineString", "coordinates": [[73.75740820000004, 18.577345300000044], [73.75706820000005, 18.577269600000026]]}, "properties": {}}, {"type": "Feature", "geometry": {"type": "LineString", "coordinates": [[73.75631150000004, 18.577447700000047], [73.75614620000005, 18.577550600000052]]}, "properties": {}}, {"type": "Feature", "geometry": {"type": "LineString", "coordinates": [[73.75744210000005, 18.577206100000065], [73.75740820000004, 18.577345300000044], [73.75719260000005, 18.57823070000006]]}, "properties": {}}, {"type": "Feature", "geometry": {"type": "LineString", "coordinates": [[73.75719260000005, 18.57823070000006], [73.75764330000004, 18.578708700000046]]}, "properties": {}}, {"type": "Feature", "geometry": {"type": "LineString", "coordinates": [[73.76060400000007, 18.578717600000054], [73.75908510000005, 18.57864120000005], [73.75835320000004, 18.578604400000078], [73.75763700000005, 18.57856830000003]]}, "properties": {}}, {"type": "Feature", "geometry": {"type": "LineString", "coordinates": [[73.75783790000008, 18.57890030000004], [73.75769020000008, 18.578750700000057], [73.75764330000004, 18.578708700000046]]}, "properties": {}}, {"type": "Feature", "geometry": {"type": "LineString", "coordinates": [[73.75598090000005, 18.577591800000047], [73.75614620000005, 18.577550600000052], [73.75623760000008, 18.577886100000057], [73.75637860000006, 18.57840360000006], [73.75639160000003, 18.578436200000056], [73.75623560000008, 18.57847400000003], [73.75593030000005, 18.578548100000038]]}, "properties": {}}, {"type": "Feature", "geometry": {"type": "LineString", "coordinates": [[73.75719260000005, 18.57823070000006], [73.75667230000005, 18.57847100000004]]}, "properties": {}}, {"type": "Feature", "geometry": {"type": "LineString", "coordinates": [[73.75667230000005, 18.57847100000004], [73.75666370000005, 18.578521500000026], [73.75667450000003, 18.578565400000056], [73.75678230000005, 18.578641300000076], [73.75690540000005, 18.57873170000005]]}, "properties": {}}, {"type": "Feature", "geometry": {"type": "LineString", "coordinates": [[73.75667230000005, 18.57847100000004], [73.75552150000004, 18.578745200000064]]}, "properties": {}}, {"type": "Feature", "geometry": {"type": "LineString", "coordinates": [[73.87298080000005, 18.57717920000005], [73.87289170000008, 18.576718000000028], [73.87292210000004, 18.57653660000005], [73.87271650000008, 18.57622300000003]]}, "properties": {}}, {"type": "Feature", "geometry": {"type": "LineString", "coordinates": [[73.86467060000007, 18.58475450000003], [73.86478540000009, 18.58496550000007], [73.86485520000008, 18.58509770000006], [73.86492220000008, 18.585260400000035], [73.86497320000007, 18.585438400000047], [73.86504290000006, 18.585601100000073], [73.86522830000007, 18.585894600000074], [73.86556050000007, 18.586427500000074], [73.86581670000004, 18.58683840000003], [73.86597430000006, 18.58686380000006], [73.86607390000006, 18.58687530000003], [73.86619180000008, 18.58687920000006], [73.86631780000005, 18.586869600000057], [73.86674060000007, 18.58678860000003], [73.86698860000007, 18.586738600000047], [73.86713910000003, 18.586721200000056], [73.86743790000008, 18.586703900000032], [73.86757200000005, 18.586703900000035], [73.86769810000004, 18.586719300000023], [73.86781800000006, 18.58676170000007], [73.86824080000008, 18.587008300000033], [73.86826720000005, 18.58701410000003], [73.86829360000007, 18.587010200000066], [73.86831800000004, 18.58699870000004], [73.86833630000007, 18.58697550000005], [73.86852540000007, 18.586700000000064], [73.86856200000005, 18.58664800000002], [73.86857420000007, 18.58661330000007], [73.86861480000005, 18.586468800000034], [73.86862090000005, 18.586428400000045], [73.86862090000005, 18.58640140000005], [73.86860870000004, 18.586357100000043], [73.86857010000006, 18.586262700000077], [73.86855180000003, 18.586201000000074], [73.86852540000007, 18.586087300000028], [73.86847860000006, 18.585894700000043], [73.86845220000005, 18.585819500000067], [73.86842580000007, 18.58576750000003], [73.86837290000005, 18.585684600000036], [73.86825500000003, 18.585545900000056], [73.86819000000008, 18.585486200000048], [73.86812700000007, 18.58543220000007], [73.86807820000007, 18.585384100000056], [73.86774680000008, 18.584946700000042], [73.86756590000005, 18.58471160000005], [73.86754970000004, 18.58467890000003], [73.86754360000005, 18.58464420000007], [73.86755170000004, 18.584609500000056], [73.86757200000005, 18.58457100000004], [73.86774890000004, 18.584341700000042], [73.86777730000006, 18.584297400000025], [73.86780530000004, 18.584231600000066], [73.86789660000005, 18.58368920000004], [73.86794430000003, 18.583405800000037], [73.86796030000005, 18.58335710000006], [73.86797800000005, 18.58332190000004], [73.86801340000005, 18.58328160000007]]}, "properties": {}}, {"type": "Feature", "geometry": {"type": "LineString", "coordinates": [[73.87117030000007, 18.58828050000005], [73.87109930000008, 18.58826420000003], [73.87035770000006, 18.588094100000042], [73.87033050000008, 18.588078700000043], [73.87031980000006, 18.58805020000005], [73.87032510000006, 18.588017700000023], [73.87057200000005, 18.586996400000036], [73.87059400000004, 18.58693570000002], [73.87066730000004, 18.586795300000063], [73.87066770000007, 18.586756400000066], [73.87064590000006, 18.586714700000073], [73.87060840000004, 18.586673400000052], [73.87011620000004, 18.58634780000005], [73.87001110000006, 18.58629490000004], [73.86995770000004, 18.586265700000073], [73.86992400000008, 18.58623540000008], [73.86910310000007, 18.585316400000064], [73.86810800000006, 18.584293100000025], [73.86804880000007, 18.58427290000003], [73.86795040000004, 18.58425800000003], [73.86780530000004, 18.584231600000066], [73.86751180000005, 18.584226700000045], [73.86706420000007, 18.584295600000075], [73.86691750000006, 18.584341300000055], [73.86676190000003, 18.584411100000068], [73.86624630000006, 18.584675600000025], [73.8661875000001, 18.58470100000005], [73.86614190000006, 18.584711800000036], [73.86565010000004, 18.58472030000007], [73.86467060000007, 18.58475450000003], [73.86447740000006, 18.58476120000006], [73.86438830000003, 18.584778300000043], [73.86421290000004, 18.58482170000008], [73.86407170000007, 18.584885200000034], [73.86404420000008, 18.584898700000053], [73.86362280000003, 18.585105600000077], [73.86350970000007, 18.585140400000057], [73.86334180000006, 18.585160800000043], [73.86319430000003, 18.585172600000078]]}, "properties": {}}, {"type": "Feature", "geometry": {"type": "LineString", "coordinates": [[73.86556050000007, 18.586427500000074], [73.86596560000004, 18.586185100000026]]}, "properties": {}}, {"type": "Feature", "geometry": {"type": "LineString", "coordinates": [[73.86755840000006, 18.589364300000057], [73.86728430000005, 18.58905010000007], [73.86713130000004, 18.58884420000004], [73.86683900000008, 18.58836380000002], [73.86664260000003, 18.587987700000042], [73.86650770000007, 18.58778790000002], [73.86617650000005, 18.58735320000005], [73.86581670000004, 18.58683840000003]]}, "properties": {}}]}