{"type": "FeatureCollection", "features": [{"type": "Feature", "geometry": {"type": "Point", "coordinates": [73.959819, 18.482105]}, "properties": {"depth": 5.98}}, {"type": "Feature", "geometry": {"type": "Point", "coordinates": [73.959587, 18.4823]}, "properties": {"depth": 5.98}}, {"type": "Feature", "geometry": {"type": "Point", "coordinates": [73.95936, 18.482258]}, "properties": {"depth": 6.41}}, {"type": "Feature", "geometry": {"type": "Point", "coordinates": [73.860419, 18.44131]}, "properties": {"depth": 3.02}}, {"type": "Feature", "geometry": {"type": "Point", "coordinates": [73.860416, 18.441562]}, "properties": {"depth": 5.66}}, {"type": "Feature", "geometry": {"type": "Point", "coordinates": [73.860084, 18.442258]}, "properties": {"depth": 0.07}}, {"type": "Feature", "geometry": {"type": "Point", "coordinates": [73.860507, 18.442368]}, "properties": {"depth": 5.81}}, {"type": "Feature", "geometry": {"type": "Point", "coordinates": [73.860386, 18.442439]}, "properties": {"depth": 4.43}}, {"type": "Feature", "geometry": {"type": "Point", "coordinates": [73.859848, 18.443064]}, "properties": {"depth": 1.46}}, {"type": "Feature", "geometry": {"type": "Point", "coordinates": [73.860089, 18.443086]}, "properties": {"depth": 3.98}}, {"type": "Feature", "geometry": {"type": "Point", "coordinates": [73.860162, 18.44312]}, "properties": {"depth": 5.08}}, {"type": "Feature", "geometry": {"type": "Point", "coordinates": [73.860275, 18.443311]}, "properties": {"depth": 5.84}}, {"type": "Feature", "geometry": {"type": "Point", "coordinates": [73.859998, 18.443578]}, "properties": {"depth": 4.86}}, {"type": "Feature", "geometry": {"type": "Point", "coordinates": [73.85969, 18.443998]}, "properties": {"depth": 0.22}}, {"type": "Feature", "geometry": {"type": "Point", "coordinates": [73.860883, 18.442828]}, "properties": {"depth": 5.84}}, {"type": "Feature", "geometry": {"type": "Point", "coordinates": [73.861123, 18.442853]}, "properties": {"depth": 6.95}}, {"type": "Feature", "geometry": {"type": "Point", "coordinates": [73.860908, 18.443985]}, "properties": {"depth": 7.46}}, {"type": "Feature", "geometry": {"type": "Point", "coordinates": [73.860543, 18.444114]}, "properties": {"depth": 1.56}}, {"type": "Feature", "geometry": {"type": "Point", "coordinates": [73.860727, 18.444177]}, "properties": {"depth": 5.8}}, {"type": "Feature", "geometry": {"type": "Point", "coordinates": [73.860734, 18.444227]}, "properties": {"depth": 5.8}}, {"type": "Feature", "geometry": {"type": "Point", "coordinates": [73.860641, 18.444254]}, "properties": {"depth": 1.56}}, {"type": "Feature", "geometry": {"type": "Point", "coordinates": [73.860526, 18.444265]}, "properties": {"depth": 1.56}}, {"type": "Feature", "geometry": {"type": "Point", "coordinates": [73.860754, 18.44432]}, "properties": {"depth": 3.52}}, {"type": "Feature", "geometry": {"type": "Point", "coordinates": [73.860541, 18.444348]}, "properties": {"depth": 0.22}}, {"type": "Feature", "geometry": {"type": "Point", "coordinates": [73.860447, 18.444106]}, "properties": {"depth": 1.56}}, {"type": "Feature", "geometry": {"type": "Point", "coordinates": [73.860491, 18.44412]}, "properties": {"depth": 1.56}}, {"type": "Feature", "geometry": {"type": "Point", "coordinates": [73.860521, 18.444439]}, "properties": {"depth": 0.22}}, {"type": "Feature", "geometry": {"type": "Point", "coordinates": [73.860467, 18.444448]}, "properties": {"depth": 0.22}}, {"type": "Feature", "geometry": {"type": "Point", "coordinates": [73.860441, 18.444505]}, "properties": {"depth": 0.22}}, {"type": "Feature", "geometry": {"type": "Point", "coordinates": [73.843987, 18.433776]}, "properties": {"depth": 0.66}}, {"type": "Feature", "geometry": {"type": "Point", "coordinates": [73.839478, 18.432521]}, "properties": {"depth": 8.69}}, {"type": "Feature", "geometry": {"type": "Point", "coordinates": [73.840328, 18.432378]}, "properties": {"depth": 4.67}}, {"type": "Feature", "geometry": {"type": "Point", "coordinates": [73.83954, 18.43248]}, "properties": {"depth": 8.69}}, {"type": "Feature", "geometry": {"type": "Point", "coordinates": [73.839842, 18.432605]}, "properties": {"depth": 6.65}}, {"type": "Feature", "geometry": {"type": "Point", "coordinates": [73.839605, 18.432682]}, "properties": {"depth": 7.39}}, {"type": "Feature", "geometry": {"type": "Point", "coordinates": [73.840055, 18.432818]}, "properties": {"depth": 7.91}}, {"type": "Feature", "geometry": {"type": "Point", "coordinates": [73.83954, 18.432876]}, "properties": {"depth": 8.77}}, {"type": "Feature", "geometry": {"type": "Point", "coordinates": [73.842119, 18.433043]}, "properties": {"depth": 7.13}}, {"type": "Feature", "geometry": {"type": "Point", "coordinates": [73.842208, 18.43399]}, "properties": {"depth": 10.08}}, {"type": "Feature", "geometry": {"type": "Point", "coordinates": [73.841533, 18.439818]}, "properties": {"depth": 20.92}}, {"type": "Feature", "geometry": {"type": "Point", "coordinates": [73.840229, 18.432993]}, "properties": {"depth": 7.81}}, {"type": "Feature", "geometry": {"type": "Point", "coordinates": [73.840493, 18.433122]}, "properties": {"depth": 5.51}}, {"type": "Feature", "geometry": {"type": "Point", "coordinates": [73.840213, 18.439618]}, "properties": {"depth": 6.7}}, {"type": "Feature", "geometry": {"type": "Point", "coordinates": [73.840062, 18.439636]}, "properties": {"depth": 2.71}}, {"type": "Feature", "geometry": {"type": "Point", "coordinates": [73.8401, 18.439738]}, "properties": {"depth": 2.71}}, {"type": "Feature", "geometry": {"type": "Point", "coordinates": [73.840241, 18.439761]}, "properties": {"depth": 6.7}}, {"type": "Feature", "geometry": {"type": "Point", "coordinates": [73.841267, 18.439859]}, "properties": {"depth": 19.01}}, {"type": "Feature", "geometry": {"type": "Point", "coordinates": [73.840254, 18.439863]}, "properties": {"depth": 7.08}}, {"type": "Feature", "geometry": {"type": "Point", "coordinates": [73.840499, 18.439894]}, "properties": {"depth": 8.09}}, {"type": "Feature", "geometry": {"type": "Point", "coordinates": [73.840454, 18.440058]}, "properties": {"depth": 8.09}}, {"type": "Feature", "geometry": {"type": "Point", "coordinates": [73.840605, 18.44007]}, "properties": {"depth": 8.09}}, {"type": "Feature", "geometry": {"type": "Point", "coordinates": [73.840255, 18.440111]}, "properties": {"depth": 7.08}}, {"type": "Feature", "geometry": {"type": "Point", "coordinates": [73.840162, 18.440189]}, "properties": {"depth": 5.23}}, {"type": "Feature", "geometry": {"type": "Point", "coordinates": [73.840557, 18.440286]}, "properties": {"depth": 7.73}}, {"type": "Feature", "geometry": {"type": "Point", "coordinates": [73.84012, 18.440378]}, "properties": {"depth": 1.98}}, {"type": "Feature", "geometry": {"type": "Point", "coordinates": [73.840203, 18.440594]}, "properties": {"depth": 4.2}}, {"type": "Feature", "geometry": {"type": "Point", "coordinates": [73.840458, 18.440759]}, "properties": {"depth": 8.16}}, {"type": "Feature", "geometry": {"type": "Point", "coordinates": [73.846748, 18.438401]}, "properties": {"depth": 0.87}}, {"type": "Feature", "geometry": {"type": "Point", "coordinates": [73.846941, 18.438841]}, "properties": {"depth": 0.45}}, {"type": "Feature", "geometry": {"type": "Point", "coordinates": [73.847009, 18.439005]}, "properties": {"depth": 0.45}}, {"type": "Feature", "geometry": {"type": "Point", "coordinates": [73.847006, 18.439298]}, "properties": {"depth": 4.29}}, {"type": "Feature", "geometry": {"type": "Point", "coordinates": [73.847053, 18.439556]}, "properties": {"depth": 3.84}}, {"type": "Feature", "geometry": {"type": "Point", "coordinates": [73.846866, 18.439932]}, "properties": {"depth": 7.13}}, {"type": "Feature", "geometry": {"type": "Point", "coordinates": [73.844573, 18.435378]}, "properties": {"depth": 0.67}}, {"type": "Feature", "geometry": {"type": "Point", "coordinates": [73.846198, 18.435997]}, "properties": {"depth": 1.36}}, {"type": "Feature", "geometry": {"type": "Point", "coordinates": [73.843285, 18.434149]}, "properties": {"depth": 3.62}}, {"type": "Feature", "geometry": {"type": "Point", "coordinates": [73.844317, 18.440122]}, "properties": {"depth": 17.16}}, {"type": "Feature", "geometry": {"type": "Point", "coordinates": [73.843588, 18.440141]}, "properties": {"depth": 25.72}}, {"type": "Feature", "geometry": {"type": "Point", "coordinates": [73.843903, 18.440151]}, "properties": {"depth": 23.52}}, {"type": "Feature", "geometry": {"type": "Point", "coordinates": [73.84485, 18.435882]}, "properties": {"depth": 1.81}}, {"type": "Feature", "geometry": {"type": "Point", "coordinates": [73.844757, 18.435901]}, "properties": {"depth": 1.81}}, {"type": "Feature", "geometry": {"type": "Point", "coordinates": [73.845411, 18.436032]}, "properties": {"depth": 1.58}}, {"type": "Feature", "geometry": {"type": "Point", "coordinates": [73.844833, 18.436069]}, "properties": {"depth": 5.62}}, {"type": "Feature", "geometry": {"type": "Point", "coordinates": [73.845328, 18.436138]}, "properties": {"depth": 1.58}}, {"type": "Feature", "geometry": {"type": "Point", "coordinates": [73.84554, 18.436198]}, "properties": {"depth": 0.64}}, {"type": "Feature", "geometry": {"type": "Point", "coordinates": [73.844868, 18.436446]}, "properties": {"depth": 4.96}}, {"type": "Feature", "geometry": {"type": "Point", "coordinates": [73.84478, 18.440114]}, "properties": {"depth": 14.29}}, {"type": "Feature", "geometry": {"type": "Point", "coordinates": [73.845725, 18.436339]}, "properties": {"depth": 0.09}}, {"type": "Feature", "geometry": {"type": "Point", "coordinates": [73.846248, 18.437725]}, "properties": {"depth": 6.9}}, {"type": "Feature", "geometry": {"type": "Point", "coordinates": [73.846144, 18.438222]}, "properties": {"depth": 6.33}}, {"type": "Feature", "geometry": {"type": "Point", "coordinates": [73.846382, 18.438813]}, "properties": {"depth": 0.29}}, {"type": "Feature", "geometry": {"type": "Point", "coordinates": [73.846545, 18.439478]}, "properties": {"depth": 4.06}}, {"type": "Feature", "geometry": {"type": "Point", "coordinates": [73.84652, 18.439921]}, "properties": {"depth": 9.82}}, {"type": "Feature", "geometry": {"type": "Point", "coordinates": [73.846368, 18.439991]}, "properties": {"depth": 9.82}}, {"type": "Feature", "geometry": {"type": "Point", "coordinates": [73.846716, 18.43997]}, "properties": {"depth": 8.59}}, {"type": "Feature", "geometry": {"type": "Point", "coordinates": [73.847194, 18.440082]}, "properties": {"depth": 5.29}}, {"type": "Feature", "geometry": {"type": "Point", "coordinates": [73.846879, 18.440139]}, "properties": {"depth": 10.34}}, {"type": "Feature", "geometry": {"type": "Point", "coordinates": [73.847359, 18.440224]}, "properties": {"depth": 8.16}}, {"type": "Feature", "geometry": {"type": "Point", "coordinates": [73.847215, 18.440234]}, "properties": {"depth": 8.16}}, {"type": "Feature", "geometry": {"type": "Point", "coordinates": [73.84692, 18.440265]}, "properties": {"depth": 10.34}}, {"type": "Feature", "geometry": {"type": "Point", "coordinates": [73.846788, 18.440328]}, "properties": {"depth": 11.48}}, {"type": "Feature", "geometry": {"type": "Point", "coordinates": [73.847272, 18.440331]}, "properties": {"depth": 8.16}}, {"type": "Feature", "geometry": {"type": "Point", "coordinates": [73.846574, 18.440165]}, "properties": {"depth": 11.48}}, {"type": "Feature", "geometry": {"type": "Point", "coordinates": [73.846674, 18.440173]}, "properties": {"depth": 11.48}}, {"type": "Feature", "geometry": {"type": "Point", "coordinates": [73.846353, 18.440316]}, "properties": {"depth": 12.62}}, {"type": "Feature", "geometry": {"type": "Point", "coordinates": [73.84617, 18.440373]}, "properties": {"depth": 13.77}}, {"type": "Feature", "geometry": {"type": "Point", "coordinates": [73.84607, 18.440386]}, "properties": {"depth": 13.77}}, {"type": "Feature", "geometry": {"type": "Point", "coordinates": [73.846534, 18.440425]}, "properties": {"depth": 12.48}}, {"type": "Feature", "geometry": {"type": "Point", "coordinates": [73.846195, 18.440438]}, "properties": {"depth": 14.99}}, {"type": "Feature", "geometry": {"type": "Point", "coordinates": [73.846386, 18.440462]}, "properties": {"depth": 13.38}}, {"type": "Feature", "geometry": {"type": "Point", "coordinates": [73.846073, 18.440482]}, "properties": {"depth": 14.99}}, {"type": "Feature", "geometry": {"type": "Point", "coordinates": [73.84625, 18.440556]}, "properties": {"depth": 14.99}}, {"type": "Feature", "geometry": {"type": "Point", "coordinates": [73.844686, 18.440121]}, "properties": {"depth": 14.29}}, {"type": "Feature", "geometry": {"type": "Point", "coordinates": [73.844964, 18.440135]}, "properties": {"depth": 9.87}}, {"type": "Feature", "geometry": {"type": "Point", "coordinates": [73.844607, 18.440138]}, "properties": {"depth": 14.29}}, {"type": "Feature", "geometry": {"type": "Point", "coordinates": [73.844477, 18.440154]}, "properties": {"depth": 17.2}}, {"type": "Feature", "geometry": {"type": "Point", "coordinates": [73.846854, 18.440396]}, "properties": {"depth": 10.34}}, {"type": "Feature", "geometry": {"type": "Point", "coordinates": [73.846997, 18.440404]}, "properties": {"depth": 10.34}}, {"type": "Feature", "geometry": {"type": "Point", "coordinates": [73.846904, 18.440469]}, "properties": {"depth": 11.51}}, {"type": "Feature", "geometry": {"type": "Point", "coordinates": [73.846996, 18.440522]}, "properties": {"depth": 11.51}}, {"type": "Feature", "geometry": {"type": "Point", "coordinates": [73.847038, 18.44057]}, "properties": {"depth": 11.51}}, {"type": "Feature", "geometry": {"type": "Point", "coordinates": [73.847048, 18.44064]}, "properties": {"depth": 11.51}}, {"type": "Feature", "geometry": {"type": "Point", "coordinates": [73.844217, 18.440212]}, "properties": {"depth": 18.98}}, {"type": "Feature", "geometry": {"type": "Point", "coordinates": [73.844334, 18.440273]}, "properties": {"depth": 17.2}}, {"type": "Feature", "geometry": {"type": "Point", "coordinates": [73.844089, 18.440325]}, "properties": {"depth": 18.98}}, {"type": "Feature", "geometry": {"type": "Point", "coordinates": [73.843655, 18.440406]}, "properties": {"depth": 25.72}}, {"type": "Feature", "geometry": {"type": "Point", "coordinates": [73.846121, 18.44059]}, "properties": {"depth": 14.99}}, {"type": "Feature", "geometry": {"type": "Point", "coordinates": [73.846651, 18.440921]}, "properties": {"depth": 11.95}}, {"type": "Feature", "geometry": {"type": "Point", "coordinates": [73.846398, 18.441058]}, "properties": {"depth": 11.68}}, {"type": "Feature", "geometry": {"type": "Point", "coordinates": [73.864941, 18.442392]}, "properties": {"depth": 0.62}}, {"type": "Feature", "geometry": {"type": "Point", "coordinates": [73.861158, 18.442549]}, "properties": {"depth": 8.32}}, {"type": "Feature", "geometry": {"type": "Point", "coordinates": [73.860787, 18.442805]}, "properties": {"depth": 5.84}}, {"type": "Feature", "geometry": {"type": "Point", "coordinates": [73.861255, 18.442812]}, "properties": {"depth": 8.59}}, {"type": "Feature", "geometry": {"type": "Point", "coordinates": [73.861001, 18.442828]}, "properties": {"depth": 6.95}}, {"type": "Feature", "geometry": {"type": "Point", "coordinates": [73.862777, 18.441346]}, "properties": {"depth": 2.55}}, {"type": "Feature", "geometry": {"type": "Point", "coordinates": [73.862836, 18.441548]}, "properties": {"depth": 5.12}}, {"type": "Feature", "geometry": {"type": "Point", "coordinates": [73.863419, 18.441912]}, "properties": {"depth": 1.34}}, {"type": "Feature", "geometry": {"type": "Point", "coordinates": [73.863472, 18.442048]}, "properties": {"depth": 1.34}}, {"type": "Feature", "geometry": {"type": "Point", "coordinates": [73.863527, 18.442159]}, "properties": {"depth": 1.63}}, {"type": "Feature", "geometry": {"type": "Point", "coordinates": [73.864197, 18.442448]}, "properties": {"depth": 0.51}}, {"type": "Feature", "geometry": {"type": "Point", "coordinates": [73.863415, 18.442572]}, "properties": {"depth": 1.51}}, {"type": "Feature", "geometry": {"type": "Point", "coordinates": [73.862065, 18.442628]}, "properties": {"depth": 8.39}}, {"type": "Feature", "geometry": {"type": "Point", "coordinates": [73.861435, 18.444908]}, "properties": {"depth": 7.54}}, {"type": "Feature", "geometry": {"type": "Point", "coordinates": [73.861465, 18.444918]}, "properties": {"depth": 7.54}}, {"type": "Feature", "geometry": {"type": "Point", "coordinates": [73.8615, 18.444921]}, "properties": {"depth": 7.54}}, {"type": "Feature", "geometry": {"type": "Point", "coordinates": [73.861533, 18.444923]}, "properties": {"depth": 9.57}}, {"type": "Feature", "geometry": {"type": "Point", "coordinates": [73.864459, 18.442683]}, "properties": {"depth": 0.83}}, {"type": "Feature", "geometry": {"type": "Point", "coordinates": [73.86399, 18.442766]}, "properties": {"depth": 0.52}}, {"type": "Feature", "geometry": {"type": "Point", "coordinates": [73.86352, 18.442781]}, "properties": {"depth": 2.73}}, {"type": "Feature", "geometry": {"type": "Point", "coordinates": [73.863668, 18.442797]}, "properties": {"depth": 2.73}}, {"type": "Feature", "geometry": {"type": "Point", "coordinates": [73.863607, 18.442812]}, "properties": {"depth": 2.73}}, {"type": "Feature", "geometry": {"type": "Point", "coordinates": [73.864047, 18.442846]}, "properties": {"depth": 0.93}}, {"type": "Feature", "geometry": {"type": "Point", "coordinates": [73.863816, 18.442859]}, "properties": {"depth": 0.52}}, {"type": "Feature", "geometry": {"type": "Point", "coordinates": [73.863523, 18.44286]}, "properties": {"depth": 2.73}}, {"type": "Feature", "geometry": {"type": "Point", "coordinates": [73.863686, 18.442902]}, "properties": {"depth": 2.73}}, {"type": "Feature", "geometry": {"type": "Point", "coordinates": [73.864006, 18.442942]}, "properties": {"depth": 1.17}}, {"type": "Feature", "geometry": {"type": "Point", "coordinates": [73.865559, 18.443002]}, "properties": {"depth": 1.5}}, {"type": "Feature", "geometry": {"type": "Point", "coordinates": [73.865472, 18.443024]}, "properties": {"depth": 1.5}}, {"type": "Feature", "geometry": {"type": "Point", "coordinates": [73.864959, 18.443196]}, "properties": {"depth": 6.57}}, {"type": "Feature", "geometry": {"type": "Point", "coordinates": [73.865102, 18.443199]}, "properties": {"depth": 6.57}}, {"type": "Feature", "geometry": {"type": "Point", "coordinates": [73.86515, 18.443582]}, "properties": {"depth": 4.9}}, {"type": "Feature", "geometry": {"type": "Point", "coordinates": [73.864845, 18.443799]}, "properties": {"depth": 5.88}}, {"type": "Feature", "geometry": {"type": "Point", "coordinates": [73.865212, 18.443801]}, "properties": {"depth": 4.69}}, {"type": "Feature", "geometry": {"type": "Point", "coordinates": [73.863626, 18.442943]}, "properties": {"depth": 3.98}}, {"type": "Feature", "geometry": {"type": "Point", "coordinates": [73.863874, 18.442986]}, "properties": {"depth": 1.17}}, {"type": "Feature", "geometry": {"type": "Point", "coordinates": [73.863654, 18.443019]}, "properties": {"depth": 3.98}}, {"type": "Feature", "geometry": {"type": "Point", "coordinates": [73.863757, 18.443032]}, "properties": {"depth": 1.17}}, {"type": "Feature", "geometry": {"type": "Point", "coordinates": [73.864029, 18.443066]}, "properties": {"depth": 2.34}}, {"type": "Feature", "geometry": {"type": "Point", "coordinates": [73.863895, 18.443073]}, "properties": {"depth": 1.17}}, {"type": "Feature", "geometry": {"type": "Point", "coordinates": [73.863793, 18.443112]}, "properties": {"depth": 1.17}}, {"type": "Feature", "geometry": {"type": "Point", "coordinates": [73.863927, 18.443121]}, "properties": {"depth": 1.17}}, {"type": "Feature", "geometry": {"type": "Point", "coordinates": [73.864069, 18.443148]}, "properties": {"depth": 2.34}}, {"type": "Feature", "geometry": {"type": "Point", "coordinates": [73.864107, 18.443222]}, "properties": {"depth": 5.22}}, {"type": "Feature", "geometry": {"type": "Point", "coordinates": [73.863329, 18.441561]}, "properties": {"depth": 1.98}}, {"type": "Feature", "geometry": {"type": "Point", "coordinates": [73.863417, 18.441819]}, "properties": {"depth": 1.34}}, {"type": "Feature", "geometry": {"type": "Point", "coordinates": [73.863334, 18.442606]}, "properties": {"depth": 1.51}}, {"type": "Feature", "geometry": {"type": "Point", "coordinates": [73.863282, 18.443154]}, "properties": {"depth": 6.22}}, {"type": "Feature", "geometry": {"type": "Point", "coordinates": [73.862595, 18.445665]}, "properties": {"depth": 13.35}}, {"type": "Feature", "geometry": {"type": "Point", "coordinates": [73.862417, 18.446087]}, "properties": {"depth": 11.57}}, {"type": "Feature", "geometry": {"type": "Point", "coordinates": [73.862731, 18.446218]}, "properties": {"depth": 11.55}}, {"type": "Feature", "geometry": {"type": "Point", "coordinates": [73.862353, 18.446222]}, "properties": {"depth": 14.04}}, {"type": "Feature", "geometry": {"type": "Point", "coordinates": [73.862805, 18.446284]}, "properties": {"depth": 13.02}}, {"type": "Feature", "geometry": {"type": "Point", "coordinates": [73.862298, 18.446356]}, "properties": {"depth": 12.19}}, {"type": "Feature", "geometry": {"type": "Point", "coordinates": [73.864181, 18.443232]}, "properties": {"depth": 5.22}}, {"type": "Feature", "geometry": {"type": "Point", "coordinates": [73.863934, 18.44323]}, "properties": {"depth": 2.63}}, {"type": "Feature", "geometry": {"type": "Point", "coordinates": [73.864736, 18.443422]}, "properties": {"depth": 7.42}}, {"type": "Feature", "geometry": {"type": "Point", "coordinates": [73.863468, 18.443414]}, "properties": {"depth": 5.94}}, {"type": "Feature", "geometry": {"type": "Point", "coordinates": [73.864579, 18.443465]}, "properties": {"depth": 3.1}}, {"type": "Feature", "geometry": {"type": "Point", "coordinates": [73.864715, 18.443555]}, "properties": {"depth": 6.03}}, {"type": "Feature", "geometry": {"type": "Point", "coordinates": [73.864546, 18.445464]}, "properties": {"depth": 6.91}}, {"type": "Feature", "geometry": {"type": "Point", "coordinates": [73.864574, 18.445533]}, "properties": {"depth": 6.91}}, {"type": "Feature", "geometry": {"type": "Point", "coordinates": [73.864271, 18.445605]}, "properties": {"depth": 4.69}}, {"type": "Feature", "geometry": {"type": "Point", "coordinates": [73.864463, 18.445626]}, "properties": {"depth": 6.91}}, {"type": "Feature", "geometry": {"type": "Point", "coordinates": [73.861461, 18.444995]}, "properties": {"depth": 7.54}}, {"type": "Feature", "geometry": {"type": "Point", "coordinates": [73.861496, 18.445005]}, "properties": {"depth": 7.54}}, {"type": "Feature", "geometry": {"type": "Point", "coordinates": [73.861529, 18.445007]}, "properties": {"depth": 9.57}}, {"type": "Feature", "geometry": {"type": "Point", "coordinates": [73.861557, 18.445011]}, "properties": {"depth": 9.57}}, {"type": "Feature", "geometry": {"type": "Point", "coordinates": [73.861821, 18.445014]}, "properties": {"depth": 9.33}}, {"type": "Feature", "geometry": {"type": "Point", "coordinates": [73.861406, 18.44506]}, "properties": {"depth": 7.54}}, {"type": "Feature", "geometry": {"type": "Point", "coordinates": [73.861775, 18.445067]}, "properties": {"depth": 9.57}}, {"type": "Feature", "geometry": {"type": "Point", "coordinates": [73.861585, 18.44509]}, "properties": {"depth": 9.57}}, {"type": "Feature", "geometry": {"type": "Point", "coordinates": [73.861696, 18.445095]}, "properties": {"depth": 9.57}}, {"type": "Feature", "geometry": {"type": "Point", "coordinates": [73.861652, 18.44513]}, "properties": {"depth": 9.57}}, {"type": "Feature", "geometry": {"type": "Point", "coordinates": [73.86171, 18.445144]}, "properties": {"depth": 12.44}}, {"type": "Feature", "geometry": {"type": "Point", "coordinates": [73.86157, 18.445159]}, "properties": {"depth": 12.44}}, {"type": "Feature", "geometry": {"type": "Point", "coordinates": [73.861635, 18.44517]}, "properties": {"depth": 12.44}}, {"type": "Feature", "geometry": {"type": "Point", "coordinates": [73.861689, 18.445189]}, "properties": {"depth": 12.44}}, {"type": "Feature", "geometry": {"type": "Point", "coordinates": [73.861762, 18.445194]}, "properties": {"depth": 12.44}}, {"type": "Feature", "geometry": {"type": "Point", "coordinates": [73.86197, 18.445196]}, "properties": {"depth": 12.09}}, {"type": "Feature", "geometry": {"type": "Point", "coordinates": [73.861806, 18.445202]}, "properties": {"depth": 12.09}}, {"type": "Feature", "geometry": {"type": "Point", "coordinates": [73.862026, 18.445234]}, "properties": {"depth": 12.09}}, {"type": "Feature", "geometry": {"type": "Point", "coordinates": [73.861451, 18.445237]}, "properties": {"depth": 7.82}}, {"type": "Feature", "geometry": {"type": "Point", "coordinates": [73.861627, 18.445247]}, "properties": {"depth": 12.44}}, {"type": "Feature", "geometry": {"type": "Point", "coordinates": [73.861749, 18.445264]}, "properties": {"depth": 12.44}}, {"type": "Feature", "geometry": {"type": "Point", "coordinates": [73.861943, 18.445276]}, "properties": {"depth": 12.09}}, {"type": "Feature", "geometry": {"type": "Point", "coordinates": [73.861992, 18.445283]}, "properties": {"depth": 12.09}}, {"type": "Feature", "geometry": {"type": "Point", "coordinates": [73.861844, 18.445295]}, "properties": {"depth": 12.09}}, {"type": "Feature", "geometry": {"type": "Point", "coordinates": [73.8621, 18.445297]}, "properties": {"depth": 12.97}}, {"type": "Feature", "geometry": {"type": "Point", "coordinates": [73.86148, 18.445322]}, "properties": {"depth": 7.82}}, {"type": "Feature", "geometry": {"type": "Point", "coordinates": [73.861612, 18.445327]}, "properties": {"depth": 12.44}}, {"type": "Feature", "geometry": {"type": "Point", "coordinates": [73.861907, 18.44533]}, "properties": {"depth": 12.09}}, {"type": "Feature", "geometry": {"type": "Point", "coordinates": [73.86169, 18.445341]}, "properties": {"depth": 12.44}}, {"type": "Feature", "geometry": {"type": "Point", "coordinates": [73.861792, 18.445369]}, "properties": {"depth": 12.44}}, {"type": "Feature", "geometry": {"type": "Point", "coordinates": [73.861469, 18.445373]}, "properties": {"depth": 7.82}}, {"type": "Feature", "geometry": {"type": "Point", "coordinates": [73.861683, 18.445381]}, "properties": {"depth": 12.44}}, {"type": "Feature", "geometry": {"type": "Point", "coordinates": [73.861599, 18.445383]}, "properties": {"depth": 12.44}}, {"type": "Feature", "geometry": {"type": "Point", "coordinates": [73.861885, 18.445404]}, "properties": {"depth": 12.09}}, {"type": "Feature", "geometry": {"type": "Point", "coordinates": [73.861437, 18.445417]}, "properties": {"depth": 9.27}}, {"type": "Feature", "geometry": {"type": "Point", "coordinates": [73.861674, 18.445421]}, "properties": {"depth": 10.89}}, {"type": "Feature", "geometry": {"type": "Point", "coordinates": [73.861952, 18.445433]}, "properties": {"depth": 14.09}}, {"type": "Feature", "geometry": {"type": "Point", "coordinates": [73.861814, 18.445444]}, "properties": {"depth": 14.09}}, {"type": "Feature", "geometry": {"type": "Point", "coordinates": [73.861584, 18.445452]}, "properties": {"depth": 10.89}}, {"type": "Feature", "geometry": {"type": "Point", "coordinates": [73.861857, 18.445486]}, "properties": {"depth": 14.09}}, {"type": "Feature", "geometry": {"type": "Point", "coordinates": [73.861422, 18.445494]}, "properties": {"depth": 9.27}}, {"type": "Feature", "geometry": {"type": "Point", "coordinates": [73.861659, 18.445516]}, "properties": {"depth": 10.89}}, {"type": "Feature", "geometry": {"type": "Point", "coordinates": [73.861855, 18.445522]}, "properties": {"depth": 14.09}}, {"type": "Feature", "geometry": {"type": "Point", "coordinates": [73.861947, 18.445532]}, "properties": {"depth": 14.09}}, {"type": "Feature", "geometry": {"type": "Point", "coordinates": [73.861561, 18.445542]}, "properties": {"depth": 10.89}}, {"type": "Feature", "geometry": {"type": "Point", "coordinates": [73.861776, 18.445544]}, "properties": {"depth": 10.89}}, {"type": "Feature", "geometry": {"type": "Point", "coordinates": [73.861419, 18.445543]}, "properties": {"depth": 9.27}}, {"type": "Feature", "geometry": {"type": "Point", "coordinates": [73.861635, 18.445587]}, "properties": {"depth": 10.89}}, {"type": "Feature", "geometry": {"type": "Point", "coordinates": [73.861845, 18.445589]}, "properties": {"depth": 14.09}}, {"type": "Feature", "geometry": {"type": "Point", "coordinates": [73.861542, 18.44559]}, "properties": {"depth": 10.89}}, {"type": "Feature", "geometry": {"type": "Point", "coordinates": [73.86176, 18.445598]}, "properties": {"depth": 10.89}}, {"type": "Feature", "geometry": {"type": "Point", "coordinates": [73.861834, 18.445657]}, "properties": {"depth": 14.09}}, {"type": "Feature", "geometry": {"type": "Point", "coordinates": [73.861605, 18.445681]}, "properties": {"depth": 10.89}}, {"type": "Feature", "geometry": {"type": "Point", "coordinates": [73.861921, 18.445707]}, "properties": {"depth": 15.14}}, {"type": "Feature", "geometry": {"type": "Point", "coordinates": [73.861817, 18.445712]}, "properties": {"depth": 15.14}}, {"type": "Feature", "geometry": {"type": "Point", "coordinates": [73.861605, 18.445757]}, "properties": {"depth": 14.13}}, {"type": "Feature", "geometry": {"type": "Point", "coordinates": [73.861844, 18.445772]}, "properties": {"depth": 15.14}}, {"type": "Feature", "geometry": {"type": "Point", "coordinates": [73.861589, 18.445789]}, "properties": {"depth": 14.13}}, {"type": "Feature", "geometry": {"type": "Point", "coordinates": [73.86149, 18.445798]}, "properties": {"depth": 7.89}}, {"type": "Feature", "geometry": {"type": "Point", "coordinates": [73.861595, 18.445829]}, "properties": {"depth": 14.13}}, {"type": "Feature", "geometry": {"type": "Point", "coordinates": [73.861733, 18.445835]}, "properties": {"depth": 14.13}}, {"type": "Feature", "geometry": {"type": "Point", "coordinates": [73.861876, 18.445837]}, "properties": {"depth": 15.14}}, {"type": "Feature", "geometry": {"type": "Point", "coordinates": [73.861502, 18.445855]}, "properties": {"depth": 7.89}}, {"type": "Feature", "geometry": {"type": "Point", "coordinates": [73.861575, 18.44586]}, "properties": {"depth": 14.13}}, {"type": "Feature", "geometry": {"type": "Point", "coordinates": [73.861773, 18.445901]}, "properties": {"depth": 14.13}}, {"type": "Feature", "geometry": {"type": "Point", "coordinates": [73.861559, 18.445904]}, "properties": {"depth": 14.13}}, {"type": "Feature", "geometry": {"type": "Point", "coordinates": [73.861825, 18.445912]}, "properties": {"depth": 15.14}}, {"type": "Feature", "geometry": {"type": "Point", "coordinates": [73.862102, 18.445929]}, "properties": {"depth": 15.09}}, {"type": "Feature", "geometry": {"type": "Point", "coordinates": [73.861686, 18.445939]}, "properties": {"depth": 14.13}}, {"type": "Feature", "geometry": {"type": "Point", "coordinates": [73.861541, 18.44597]}, "properties": {"depth": 14.13}}, {"type": "Feature", "geometry": {"type": "Point", "coordinates": [73.860633, 18.444369]}, "properties": {"depth": 0.22}}, {"type": "Feature", "geometry": {"type": "Point", "coordinates": [73.860928, 18.444466]}, "properties": {"depth": 3.52}}, {"type": "Feature", "geometry": {"type": "Point", "coordinates": [73.860845, 18.444472]}, "properties": {"depth": 3.52}}, {"type": "Feature", "geometry": {"type": "Point", "coordinates": [73.860995, 18.444512]}, "properties": {"depth": 8.58}}, {"type": "Feature", "geometry": {"type": "Point", "coordinates": [73.860723, 18.444544]}, "properties": {"depth": 3.52}}, {"type": "Feature", "geometry": {"type": "Point", "coordinates": [73.860731, 18.44471]}, "properties": {"depth": 1.13}}, {"type": "Feature", "geometry": {"type": "Point", "coordinates": [73.860727, 18.44481]}, "properties": {"depth": 1.13}}, {"type": "Feature", "geometry": {"type": "Point", "coordinates": [73.860689, 18.444869]}, "properties": {"depth": 1.33}}, {"type": "Feature", "geometry": {"type": "Point", "coordinates": [73.861308, 18.444887]}, "properties": {"depth": 7.54}}, {"type": "Feature", "geometry": {"type": "Point", "coordinates": [73.861378, 18.444894]}, "properties": {"depth": 7.54}}, {"type": "Feature", "geometry": {"type": "Point", "coordinates": [73.860698, 18.444906]}, "properties": {"depth": 2.38}}, {"type": "Feature", "geometry": {"type": "Point", "coordinates": [73.860585, 18.444922]}, "properties": {"depth": 1.33}}, {"type": "Feature", "geometry": {"type": "Point", "coordinates": [73.860732, 18.444958]}, "properties": {"depth": 2.38}}, {"type": "Feature", "geometry": {"type": "Point", "coordinates": [73.860848, 18.444964]}, "properties": {"depth": 2.38}}, {"type": "Feature", "geometry": {"type": "Point", "coordinates": [73.860595, 18.444971]}, "properties": {"depth": 1.33}}, {"type": "Feature", "geometry": {"type": "Point", "coordinates": [73.861272, 18.444984]}, "properties": {"depth": 7.54}}, {"type": "Feature", "geometry": {"type": "Point", "coordinates": [73.86133, 18.44499]}, "properties": {"depth": 7.54}}, {"type": "Feature", "geometry": {"type": "Point", "coordinates": [73.860445, 18.444938]}, "properties": {"depth": 1.33}}, {"type": "Feature", "geometry": {"type": "Point", "coordinates": [73.860473, 18.445029]}, "properties": {"depth": 1.33}}, {"type": "Feature", "geometry": {"type": "Point", "coordinates": [73.861115, 18.445001]}, "properties": {"depth": 3.26}}, {"type": "Feature", "geometry": {"type": "Point", "coordinates": [73.86103, 18.445]}, "properties": {"depth": 3.26}}, {"type": "Feature", "geometry": {"type": "Point", "coordinates": [73.861191, 18.445012]}, "properties": {"depth": 3.26}}, {"type": "Feature", "geometry": {"type": "Point", "coordinates": [73.860725, 18.445018]}, "properties": {"depth": 2.38}}, {"type": "Feature", "geometry": {"type": "Point", "coordinates": [73.860569, 18.445041]}, "properties": {"depth": 1.33}}, {"type": "Feature", "geometry": {"type": "Point", "coordinates": [73.861277, 18.445063]}, "properties": {"depth": 7.54}}, {"type": "Feature", "geometry": {"type": "Point", "coordinates": [73.86135, 18.44518]}, "properties": {"depth": 7.82}}, {"type": "Feature", "geometry": {"type": "Point", "coordinates": [73.86054, 18.445319]}, "properties": {"depth": 0.25}}, {"type": "Feature", "geometry": {"type": "Point", "coordinates": [73.86056, 18.4454]}, "properties": {"depth": 0.25}}, {"type": "Feature", "geometry": {"type": "Point", "coordinates": [73.861343, 18.445416]}, "properties": {"depth": 7.82}}, {"type": "Feature", "geometry": {"type": "Point", "coordinates": [73.860506, 18.445222]}, "properties": {"depth": 0.25}}, {"type": "Feature", "geometry": {"type": "Point", "coordinates": [73.860442, 18.445397]}, "properties": {"depth": 0.25}}, {"type": "Feature", "geometry": {"type": "Point", "coordinates": [73.860438, 18.445502]}, "properties": {"depth": 0.98}}, {"type": "Feature", "geometry": {"type": "Point", "coordinates": [73.860507, 18.445719]}, "properties": {"depth": 1.81}}, {"type": "Feature", "geometry": {"type": "Point", "coordinates": [73.860417, 18.445744]}, "properties": {"depth": 1.81}}, {"type": "Feature", "geometry": {"type": "Point", "coordinates": [73.860529, 18.445496]}, "properties": {"depth": 0.98}}, {"type": "Feature", "geometry": {"type": "Point", "coordinates": [73.861021, 18.445636]}, "properties": {"depth": 3.94}}, {"type": "Feature", "geometry": {"type": "Point", "coordinates": [73.860661, 18.445698]}, "properties": {"depth": 1.81}}, {"type": "Feature", "geometry": {"type": "Point", "coordinates": [73.86058, 18.445706]}, "properties": {"depth": 1.81}}, {"type": "Feature", "geometry": {"type": "Point", "coordinates": [73.860847, 18.445754]}, "properties": {"depth": 3.99}}, {"type": "Feature", "geometry": {"type": "Point", "coordinates": [73.861242, 18.44578]}, "properties": {"depth": 5.15}}, {"type": "Feature", "geometry": {"type": "Point", "coordinates": [73.860516, 18.445779]}, "properties": {"depth": 1.81}}, {"type": "Feature", "geometry": {"type": "Point", "coordinates": [73.861362, 18.445798]}, "properties": {"depth": 7.89}}, {"type": "Feature", "geometry": {"type": "Point", "coordinates": [73.860654, 18.44585]}, "properties": {"depth": 1.81}}, {"type": "Feature", "geometry": {"type": "Point", "coordinates": [73.861139, 18.445888]}, "properties": {"depth": 5.15}}, {"type": "Feature", "geometry": {"type": "Point", "coordinates": [73.865368, 18.443998]}, "properties": {"depth": 4.69}}, {"type": "Feature", "geometry": {"type": "Point", "coordinates": [73.865, 18.444123]}, "properties": {"depth": 8.02}}, {"type": "Feature", "geometry": {"type": "Point", "coordinates": [73.86492, 18.444179]}, "properties": {"depth": 8.02}}, {"type": "Feature", "geometry": {"type": "Point", "coordinates": [73.865544, 18.445168]}, "properties": {"depth": 6.58}}, {"type": "Feature", "geometry": {"type": "Point", "coordinates": [73.865591, 18.445171]}, "properties": {"depth": 6.58}}, {"type": "Feature", "geometry": {"type": "Point", "coordinates": [73.865583, 18.445372]}, "properties": {"depth": 6.58}}, {"type": "Feature", "geometry": {"type": "Point", "coordinates": [73.865681, 18.445411]}, "properties": {"depth": 6.58}}, {"type": "Feature", "geometry": {"type": "Point", "coordinates": [73.865373, 18.445427]}, "properties": {"depth": 4.74}}, {"type": "Feature", "geometry": {"type": "Point", "coordinates": [73.864762, 18.445601]}, "properties": {"depth": 6.39}}, {"type": "Feature", "geometry": {"type": "Point", "coordinates": [73.864901, 18.445602]}, "properties": {"depth": 5.6}}, {"type": "Feature", "geometry": {"type": "Point", "coordinates": [73.865026, 18.445626]}, "properties": {"depth": 5.6}}, {"type": "Feature", "geometry": {"type": "Point", "coordinates": [73.865244, 18.445644]}, "properties": {"depth": 4.74}}, {"type": "Feature", "geometry": {"type": "Point", "coordinates": [73.864992, 18.445792]}, "properties": {"depth": 4.36}}, {"type": "Feature", "geometry": {"type": "Point", "coordinates": [73.864826, 18.445815]}, "properties": {"depth": 5.35}}, {"type": "Feature", "geometry": {"type": "Point", "coordinates": [73.865274, 18.445849]}, "properties": {"depth": 2.88}}, {"type": "Feature", "geometry": {"type": "Point", "coordinates": [73.865087, 18.445858]}, "properties": {"depth": 4.36}}, {"type": "Feature", "geometry": {"type": "Point", "coordinates": [73.865592, 18.445889]}, "properties": {"depth": 2.82}}, {"type": "Feature", "geometry": {"type": "Point", "coordinates": [73.86546, 18.445893]}, "properties": {"depth": 2.82}}, {"type": "Feature", "geometry": {"type": "Point", "coordinates": [73.865245, 18.446109]}, "properties": {"depth": 2.3}}, {"type": "Feature", "geometry": {"type": "Point", "coordinates": [73.865657, 18.446131]}, "properties": {"depth": 0.32}}, {"type": "Feature", "geometry": {"type": "Point", "coordinates": [73.865528, 18.44615]}, "properties": {"depth": 0.32}}, {"type": "Feature", "geometry": {"type": "Point", "coordinates": [73.864549, 18.445762]}, "properties": {"depth": 2.96}}, {"type": "Feature", "geometry": {"type": "Point", "coordinates": [73.864371, 18.445762]}, "properties": {"depth": 2.96}}, {"type": "Feature", "geometry": {"type": "Point", "coordinates": [73.864679, 18.445801]}, "properties": {"depth": 5.35}}, {"type": "Feature", "geometry": {"type": "Point", "coordinates": [73.864274, 18.446016]}, "properties": {"depth": 7.13}}, {"type": "Feature", "geometry": {"type": "Point", "coordinates": [73.8642, 18.446188]}, "properties": {"depth": 7.13}}, {"type": "Feature", "geometry": {"type": "Point", "coordinates": [73.864654, 18.446332]}, "properties": {"depth": 3.5}}, {"type": "Feature", "geometry": {"type": "Point", "coordinates": [73.864618, 18.446407]}, "properties": {"depth": 3.5}}, {"type": "Feature", "geometry": {"type": "Point", "coordinates": [73.864471, 18.446462]}, "properties": {"depth": 4.82}}, {"type": "Feature", "geometry": {"type": "Point", "coordinates": [73.864675, 18.446548]}, "properties": {"depth": 1.51}}, {"type": "Feature", "geometry": {"type": "Point", "coordinates": [73.86458, 18.446569]}, "properties": {"depth": 1.23}}, {"type": "Feature", "geometry": {"type": "Point", "coordinates": [73.841438, 18.43985]}, "properties": {"depth": 19.01}}, {"type": "Feature", "geometry": {"type": "Point", "coordinates": [73.841493, 18.440336]}, "properties": {"depth": 16.14}}, {"type": "Feature", "geometry": {"type": "Point", "coordinates": [73.860437, 18.445835]}, "properties": {"depth": 1.81}}, {"type": "Feature", "geometry": {"type": "Point", "coordinates": [73.860481, 18.445884]}, "properties": {"depth": 1.81}}, {"type": "Feature", "geometry": {"type": "Point", "coordinates": [73.861346, 18.445896]}, "properties": {"depth": 7.89}}, {"type": "Feature", "geometry": {"type": "Point", "coordinates": [73.860568, 18.445894]}, "properties": {"depth": 1.81}}, {"type": "Feature", "geometry": {"type": "Point", "coordinates": [73.860649, 18.445903]}, "properties": {"depth": 1.81}}, {"type": "Feature", "geometry": {"type": "Point", "coordinates": [73.861352, 18.445964]}, "properties": {"depth": 7.89}}, {"type": "Feature", "geometry": {"type": "Point", "coordinates": [73.860669, 18.445985]}, "properties": {"depth": 1.42}}, {"type": "Feature", "geometry": {"type": "Point", "coordinates": [73.86082, 18.445981]}, "properties": {"depth": 4.01}}, {"type": "Feature", "geometry": {"type": "Point", "coordinates": [73.860817, 18.446086]}, "properties": {"depth": 4.01}}, {"type": "Feature", "geometry": {"type": "Point", "coordinates": [73.861322, 18.446099]}, "properties": {"depth": 11.48}}, {"type": "Feature", "geometry": {"type": "Point", "coordinates": [73.860512, 18.446108]}, "properties": {"depth": 1.42}}, {"type": "Feature", "geometry": {"type": "Point", "coordinates": [73.861325, 18.44617]}, "properties": {"depth": 11.48}}, {"type": "Feature", "geometry": {"type": "Point", "coordinates": [73.860494, 18.445964]}, "properties": {"depth": 1.81}}, {"type": "Feature", "geometry": {"type": "Point", "coordinates": [73.860238, 18.446039]}, "properties": {"depth": 1.79}}, {"type": "Feature", "geometry": {"type": "Point", "coordinates": [73.860315, 18.44607]}, "properties": {"depth": 1.79}}, {"type": "Feature", "geometry": {"type": "Point", "coordinates": [73.86022, 18.446132]}, "properties": {"depth": 1.79}}, {"type": "Feature", "geometry": {"type": "Point", "coordinates": [73.860277, 18.446147]}, "properties": {"depth": 1.79}}, {"type": "Feature", "geometry": {"type": "Point", "coordinates": [73.860407, 18.446243]}, "properties": {"depth": 1.79}}, {"type": "Feature", "geometry": {"type": "Point", "coordinates": [73.860462, 18.446312]}, "properties": {"depth": 3.55}}, {"type": "Feature", "geometry": {"type": "Point", "coordinates": [73.860821, 18.446179]}, "properties": {"depth": 4.01}}, {"type": "Feature", "geometry": {"type": "Point", "coordinates": [73.861304, 18.446217]}, "properties": {"depth": 11.48}}, {"type": "Feature", "geometry": {"type": "Point", "coordinates": [73.861386, 18.446231]}, "properties": {"depth": 11.48}}, {"type": "Feature", "geometry": {"type": "Point", "coordinates": [73.860573, 18.44628]}, "properties": {"depth": 3.55}}, {"type": "Feature", "geometry": {"type": "Point", "coordinates": [73.860832, 18.446284]}, "properties": {"depth": 1.46}}, {"type": "Feature", "geometry": {"type": "Point", "coordinates": [73.861305, 18.446297]}, "properties": {"depth": 11.75}}, {"type": "Feature", "geometry": {"type": "Point", "coordinates": [73.86138, 18.446316]}, "properties": {"depth": 11.75}}, {"type": "Feature", "geometry": {"type": "Point", "coordinates": [73.861307, 18.446354]}, "properties": {"depth": 11.75}}, {"type": "Feature", "geometry": {"type": "Point", "coordinates": [73.861386, 18.446357]}, "properties": {"depth": 11.75}}, {"type": "Feature", "geometry": {"type": "Point", "coordinates": [73.860536, 18.446441]}, "properties": {"depth": 3.55}}, {"type": "Feature", "geometry": {"type": "Point", "coordinates": [73.860429, 18.446393]}, "properties": {"depth": 3.55}}, {"type": "Feature", "geometry": {"type": "Point", "coordinates": [73.861303, 18.446456]}, "properties": {"depth": 11.75}}, {"type": "Feature", "geometry": {"type": "Point", "coordinates": [73.861292, 18.446518]}, "properties": {"depth": 11.75}}, {"type": "Feature", "geometry": {"type": "Point", "coordinates": [73.861171, 18.446542]}, "properties": {"depth": 6.3}}, {"type": "Feature", "geometry": {"type": "Point", "coordinates": [73.861278, 18.446557]}, "properties": {"depth": 11.99}}, {"type": "Feature", "geometry": {"type": "Point", "coordinates": [73.861198, 18.44662]}, "properties": {"depth": 6.3}}, {"type": "Feature", "geometry": {"type": "Point", "coordinates": [73.861278, 18.446623]}, "properties": {"depth": 11.99}}, {"type": "Feature", "geometry": {"type": "Point", "coordinates": [73.865213, 18.446277]}, "properties": {"depth": 1.59}}, {"type": "Feature", "geometry": {"type": "Point", "coordinates": [73.865374, 18.446309]}, "properties": {"depth": 1.59}}, {"type": "Feature", "geometry": {"type": "Point", "coordinates": [73.864932, 18.446456]}, "properties": {"depth": 1.94}}, {"type": "Feature", "geometry": {"type": "Point", "coordinates": [73.865189, 18.446527]}, "properties": {"depth": 1.59}}, {"type": "Feature", "geometry": {"type": "Point", "coordinates": [73.864815, 18.44678]}, "properties": {"depth": 1.51}}, {"type": "Feature", "geometry": {"type": "Point", "coordinates": [73.861764, 18.445991]}, "properties": {"depth": 16.0}}, {"type": "Feature", "geometry": {"type": "Point", "coordinates": [73.861837, 18.446016]}, "properties": {"depth": 16.46}}, {"type": "Feature", "geometry": {"type": "Point", "coordinates": [73.862056, 18.446035]}, "properties": {"depth": 16.46}}, {"type": "Feature", "geometry": {"type": "Point", "coordinates": [73.861534, 18.446034]}, "properties": {"depth": 16.0}}, {"type": "Feature", "geometry": {"type": "Point", "coordinates": [73.861666, 18.446049]}, "properties": {"depth": 16.0}}, {"type": "Feature", "geometry": {"type": "Point", "coordinates": [73.862277, 18.446081]}, "properties": {"depth": 14.04}}, {"type": "Feature", "geometry": {"type": "Point", "coordinates": [73.861406, 18.446077]}, "properties": {"depth": 11.48}}, {"type": "Feature", "geometry": {"type": "Point", "coordinates": [73.861732, 18.446106]}, "properties": {"depth": 16.0}}, {"type": "Feature", "geometry": {"type": "Point", "coordinates": [73.861793, 18.446129]}, "properties": {"depth": 16.0}}, {"type": "Feature", "geometry": {"type": "Point", "coordinates": [73.861401, 18.446142]}, "properties": {"depth": 11.48}}, {"type": "Feature", "geometry": {"type": "Point", "coordinates": [73.8615, 18.446152]}, "properties": {"depth": 11.48}}, {"type": "Feature", "geometry": {"type": "Point", "coordinates": [73.861625, 18.44617]}, "properties": {"depth": 16.0}}, {"type": "Feature", "geometry": {"type": "Point", "coordinates": [73.861716, 18.446187]}, "properties": {"depth": 16.0}}, {"type": "Feature", "geometry": {"type": "Point", "coordinates": [73.861411, 18.446186]}, "properties": {"depth": 11.48}}, {"type": "Feature", "geometry": {"type": "Point", "coordinates": [73.861485, 18.446192]}, "properties": {"depth": 11.48}}, {"type": "Feature", "geometry": {"type": "Point", "coordinates": [73.861476, 18.446228]}, "properties": {"depth": 11.48}}, {"type": "Feature", "geometry": {"type": "Point", "coordinates": [73.861698, 18.446234]}, "properties": {"depth": 16.0}}, {"type": "Feature", "geometry": {"type": "Point", "coordinates": [73.861609, 18.446257]}, "properties": {"depth": 15.33}}, {"type": "Feature", "geometry": {"type": "Point", "coordinates": [73.861679, 18.446274]}, "properties": {"depth": 15.33}}, {"type": "Feature", "geometry": {"type": "Point", "coordinates": [73.86145, 18.446301]}, "properties": {"depth": 11.75}}, {"type": "Feature", "geometry": {"type": "Point", "coordinates": [73.861592, 18.446334]}, "properties": {"depth": 15.33}}, {"type": "Feature", "geometry": {"type": "Point", "coordinates": [73.861395, 18.446402]}, "properties": {"depth": 11.75}}, {"type": "Feature", "geometry": {"type": "Point", "coordinates": [73.861422, 18.446536]}, "properties": {"depth": 11.99}}, {"type": "Feature", "geometry": {"type": "Point", "coordinates": [73.861415, 18.446574]}, "properties": {"depth": 11.99}}, {"type": "Feature", "geometry": {"type": "Point", "coordinates": [73.861417, 18.446605]}, "properties": {"depth": 11.99}}, {"type": "Feature", "geometry": {"type": "Point", "coordinates": [73.861468, 18.446641]}, "properties": {"depth": 11.99}}, {"type": "Feature", "geometry": {"type": "Point", "coordinates": [73.861621, 18.446702]}, "properties": {"depth": 16.39}}, {"type": "Feature", "geometry": {"type": "Point", "coordinates": [73.861502, 18.446791]}, "properties": {"depth": 11.99}}, {"type": "Feature", "geometry": {"type": "Point", "coordinates": [73.861551, 18.446877]}, "properties": {"depth": 15.45}}, {"type": "Feature", "geometry": {"type": "Point", "coordinates": [73.861371, 18.446699]}, "properties": {"depth": 11.99}}, {"type": "Feature", "geometry": {"type": "Point", "coordinates": [73.861272, 18.446707]}, "properties": {"depth": 11.99}}, {"type": "Feature", "geometry": {"type": "Point", "coordinates": [73.861117, 18.446741]}, "properties": {"depth": 6.3}}, {"type": "Feature", "geometry": {"type": "Point", "coordinates": [73.861242, 18.446773]}, "properties": {"depth": 6.3}}, {"type": "Feature", "geometry": {"type": "Point", "coordinates": [73.861365, 18.446795]}, "properties": {"depth": 11.99}}, {"type": "Feature", "geometry": {"type": "Point", "coordinates": [73.861583, 18.44693]}, "properties": {"depth": 15.45}}, {"type": "Feature", "geometry": {"type": "Point", "coordinates": [73.861733, 18.446968]}, "properties": {"depth": 15.45}}, {"type": "Feature", "geometry": {"type": "Point", "coordinates": [73.861617, 18.447032]}, "properties": {"depth": 15.45}}, {"type": "Feature", "geometry": {"type": "Point", "coordinates": [73.864176, 18.446686]}, "properties": {"depth": 2.99}}, {"type": "Feature", "geometry": {"type": "Point", "coordinates": [73.864296, 18.446695]}, "properties": {"depth": 2.99}}, {"type": "Feature", "geometry": {"type": "Point", "coordinates": [73.864442, 18.446718]}, "properties": {"depth": 1.23}}, {"type": "Feature", "geometry": {"type": "Point", "coordinates": [73.864592, 18.446744]}, "properties": {"depth": 1.51}}, {"type": "Feature", "geometry": {"type": "Point", "coordinates": [73.864713, 18.44677]}, "properties": {"depth": 1.51}}, {"type": "Feature", "geometry": {"type": "Point", "coordinates": [73.86095, 18.457641]}, "properties": {"depth": 6.07}}, {"type": "Feature", "geometry": {"type": "Point", "coordinates": [73.861999, 18.457667]}, "properties": {"depth": 18.18}}, {"type": "Feature", "geometry": {"type": "Point", "coordinates": [73.862754, 18.457371]}, "properties": {"depth": 18.42}}, {"type": "Feature", "geometry": {"type": "Point", "coordinates": [73.863201, 18.457702]}, "properties": {"depth": 15.0}}, {"type": "Feature", "geometry": {"type": "Point", "coordinates": [73.862582, 18.457977]}, "properties": {"depth": 20.28}}, {"type": "Feature", "geometry": {"type": "Point", "coordinates": [73.863311, 18.458046]}, "properties": {"depth": 14.91}}, {"type": "Feature", "geometry": {"type": "Point", "coordinates": [73.864944, 18.45567]}, "properties": {"depth": 6.73}}, {"type": "Feature", "geometry": {"type": "Point", "coordinates": [73.865048, 18.456624]}, "properties": {"depth": 7.67}}, {"type": "Feature", "geometry": {"type": "Point", "coordinates": [73.886925, 18.432698]}, "properties": {"depth": 11.9}}, {"type": "Feature", "geometry": {"type": "Point", "coordinates": [73.88732, 18.433999]}, "properties": {"depth": 14.62}}, {"type": "Feature", "geometry": {"type": "Point", "coordinates": [73.922964, 18.447112]}, "properties": {"depth": 5.69}}, {"type": "Feature", "geometry": {"type": "Point", "coordinates": [73.92275, 18.44741]}, "properties": {"depth": 5.6}}, {"type": "Feature", "geometry": {"type": "Point", "coordinates": [73.923319, 18.448431]}, "properties": {"depth": 7.01}}, {"type": "Feature", "geometry": {"type": "Point", "coordinates": [73.864702, 18.456965]}, "properties": {"depth": 12.25}}, {"type": "Feature", "geometry": {"type": "Point", "coordinates": [73.864106, 18.456173]}, "properties": {"depth": 10.27}}, {"type": "Feature", "geometry": {"type": "Point", "coordinates": [73.864513, 18.456319]}, "properties": {"depth": 7.04}}, {"type": "Feature", "geometry": {"type": "Point", "coordinates": [73.863757, 18.456683]}, "properties": {"depth": 9.32}}, {"type": "Feature", "geometry": {"type": "Point", "coordinates": [73.863901, 18.457274]}, "properties": {"depth": 11.73}}, {"type": "Feature", "geometry": {"type": "Point", "coordinates": [73.864425, 18.457277]}, "properties": {"depth": 9.39}}, {"type": "Feature", "geometry": {"type": "Point", "coordinates": [73.863375, 18.45737]}, "properties": {"depth": 13.47}}, {"type": "Feature", "geometry": {"type": "Point", "coordinates": [73.864548, 18.4575]}, "properties": {"depth": 15.49}}, {"type": "Feature", "geometry": {"type": "Point", "coordinates": [73.864447, 18.457563]}, "properties": {"depth": 15.49}}, {"type": "Feature", "geometry": {"type": "Point", "coordinates": [73.863805, 18.457836]}, "properties": {"depth": 10.69}}, {"type": "Feature", "geometry": {"type": "Point", "coordinates": [73.863643, 18.458082]}, "properties": {"depth": 10.4}}, {"type": "Feature", "geometry": {"type": "Point", "coordinates": [73.863028, 18.458292]}, "properties": {"depth": 12.22}}, {"type": "Feature", "geometry": {"type": "Point", "coordinates": [73.86227, 18.458431]}, "properties": {"depth": 20.84}}, {"type": "Feature", "geometry": {"type": "Point", "coordinates": [73.854688, 18.473832]}, "properties": {"depth": 2.58}}, {"type": "Feature", "geometry": {"type": "Point", "coordinates": [73.855292, 18.473907]}, "properties": {"depth": 4.46}}, {"type": "Feature", "geometry": {"type": "Point", "coordinates": [73.854751, 18.474155]}, "properties": {"depth": 3.46}}, {"type": "Feature", "geometry": {"type": "Point", "coordinates": [73.855125, 18.4742]}, "properties": {"depth": 3.85}}, {"type": "Feature", "geometry": {"type": "Point", "coordinates": [73.855257, 18.474211]}, "properties": {"depth": 3.42}}, {"type": "Feature", "geometry": {"type": "Point", "coordinates": [73.854599, 18.474567]}, "properties": {"depth": 6.1}}, {"type": "Feature", "geometry": {"type": "Point", "coordinates": [73.855406, 18.473914]}, "properties": {"depth": 4.46}}, {"type": "Feature", "geometry": {"type": "Point", "coordinates": [73.855382, 18.474157]}, "properties": {"depth": 3.42}}, {"type": "Feature", "geometry": {"type": "Point", "coordinates": [73.855485, 18.474218]}, "properties": {"depth": 2.19}}, {"type": "Feature", "geometry": {"type": "Point", "coordinates": [73.855621, 18.474222]}, "properties": {"depth": 2.19}}, {"type": "Feature", "geometry": {"type": "Point", "coordinates": [73.855769, 18.474231]}, "properties": {"depth": 4.42}}, {"type": "Feature", "geometry": {"type": "Point", "coordinates": [73.855995, 18.474235]}, "properties": {"depth": 7.7}}, {"type": "Feature", "geometry": {"type": "Point", "coordinates": [73.855884, 18.474244]}, "properties": {"depth": 4.42}}, {"type": "Feature", "geometry": {"type": "Point", "coordinates": [73.853333, 18.473323]}, "properties": {"depth": 2.65}}, {"type": "Feature", "geometry": {"type": "Point", "coordinates": [73.853454, 18.473469]}, "properties": {"depth": 2.65}}, {"type": "Feature", "geometry": {"type": "Point", "coordinates": [73.854204, 18.473242]}, "properties": {"depth": 0.95}}, {"type": "Feature", "geometry": {"type": "Point", "coordinates": [73.853764, 18.473242]}, "properties": {"depth": 1.32}}, {"type": "Feature", "geometry": {"type": "Point", "coordinates": [73.853775, 18.473355]}, "properties": {"depth": 1.32}}, {"type": "Feature", "geometry": {"type": "Point", "coordinates": [73.854338, 18.473394]}, "properties": {"depth": 0.55}}, {"type": "Feature", "geometry": {"type": "Point", "coordinates": [73.854221, 18.4734]}, "properties": {"depth": 0.95}}, {"type": "Feature", "geometry": {"type": "Point", "coordinates": [73.853937, 18.473412]}, "properties": {"depth": 1.32}}, {"type": "Feature", "geometry": {"type": "Point", "coordinates": [73.854518, 18.473436]}, "properties": {"depth": 0.55}}, {"type": "Feature", "geometry": {"type": "Point", "coordinates": [73.853789, 18.473474]}, "properties": {"depth": 3.28}}, {"type": "Feature", "geometry": {"type": "Point", "coordinates": [73.854355, 18.473512]}, "properties": {"depth": 3.2}}, {"type": "Feature", "geometry": {"type": "Point", "coordinates": [73.854236, 18.473512]}, "properties": {"depth": 2.58}}, {"type": "Feature", "geometry": {"type": "Point", "coordinates": [73.853952, 18.47351]}, "properties": {"depth": 3.28}}, {"type": "Feature", "geometry": {"type": "Point", "coordinates": [73.854076, 18.473539]}, "properties": {"depth": 2.58}}, {"type": "Feature", "geometry": {"type": "Point", "coordinates": [73.854252, 18.473625]}, "properties": {"depth": 2.58}}, {"type": "Feature", "geometry": {"type": "Point", "coordinates": [73.853806, 18.473623]}, "properties": {"depth": 3.28}}, {"type": "Feature", "geometry": {"type": "Point", "coordinates": [73.853969, 18.473626]}, "properties": {"depth": 3.28}}, {"type": "Feature", "geometry": {"type": "Point", "coordinates": [73.854241, 18.473835]}, "properties": {"depth": 1.13}}, {"type": "Feature", "geometry": {"type": "Point", "coordinates": [73.854465, 18.473862]}, "properties": {"depth": 1.68}}, {"type": "Feature", "geometry": {"type": "Point", "coordinates": [73.854055, 18.47386]}, "properties": {"depth": 1.13}}, {"type": "Feature", "geometry": {"type": "Point", "coordinates": [73.853279, 18.473533]}, "properties": {"depth": 4.36}}, {"type": "Feature", "geometry": {"type": "Point", "coordinates": [73.853238, 18.473673]}, "properties": {"depth": 4.36}}, {"type": "Feature", "geometry": {"type": "Point", "coordinates": [73.853567, 18.47368]}, "properties": {"depth": 5.12}}, {"type": "Feature", "geometry": {"type": "Point", "coordinates": [73.853419, 18.473689]}, "properties": {"depth": 4.36}}, {"type": "Feature", "geometry": {"type": "Point", "coordinates": [73.854381, 18.474557]}, "properties": {"depth": 5.37}}, {"type": "Feature", "geometry": {"type": "Point", "coordinates": [73.854052, 18.474565]}, "properties": {"depth": 5.12}}, {"type": "Feature", "geometry": {"type": "Point", "coordinates": [73.854479, 18.474651]}, "properties": {"depth": 4.64}}, {"type": "Feature", "geometry": {"type": "Point", "coordinates": [73.854321, 18.474653]}, "properties": {"depth": 4.64}}, {"type": "Feature", "geometry": {"type": "Point", "coordinates": [73.854075, 18.474758]}, "properties": {"depth": 6.34}}, {"type": "Feature", "geometry": {"type": "Point", "coordinates": [73.853975, 18.474768]}, "properties": {"depth": 6.82}}, {"type": "Feature", "geometry": {"type": "Point", "coordinates": [73.853857, 18.474772]}, "properties": {"depth": 6.82}}, {"type": "Feature", "geometry": {"type": "Point", "coordinates": [73.854177, 18.474775]}, "properties": {"depth": 6.34}}, {"type": "Feature", "geometry": {"type": "Point", "coordinates": [73.854364, 18.474783]}, "properties": {"depth": 4.64}}, {"type": "Feature", "geometry": {"type": "Point", "coordinates": [73.853099, 18.473883]}, "properties": {"depth": 4.08}}, {"type": "Feature", "geometry": {"type": "Point", "coordinates": [73.853544, 18.47389]}, "properties": {"depth": 7.44}}, {"type": "Feature", "geometry": {"type": "Point", "coordinates": [73.853546, 18.474029]}, "properties": {"depth": 7.69}}, {"type": "Feature", "geometry": {"type": "Point", "coordinates": [73.853439, 18.474029]}, "properties": {"depth": 8.32}}, {"type": "Feature", "geometry": {"type": "Point", "coordinates": [73.853516, 18.474258]}, "properties": {"depth": 7.69}}, {"type": "Feature", "geometry": {"type": "Point", "coordinates": [73.852987, 18.47495]}, "properties": {"depth": 5.26}}, {"type": "Feature", "geometry": {"type": "Point", "coordinates": [73.853401, 18.475018]}, "properties": {"depth": 8.0}}, {"type": "Feature", "geometry": {"type": "Point", "coordinates": [73.853462, 18.47507]}, "properties": {"depth": 8.0}}, {"type": "Feature", "geometry": {"type": "Point", "coordinates": [73.853579, 18.475066]}, "properties": {"depth": 8.38}}, {"type": "Feature", "geometry": {"type": "Point", "coordinates": [73.852742, 18.475086]}, "properties": {"depth": 5.45}}, {"type": "Feature", "geometry": {"type": "Point", "coordinates": [73.852695, 18.47485]}, "properties": {"depth": 5.05}}, {"type": "Feature", "geometry": {"type": "Point", "coordinates": [73.852641, 18.474929]}, "properties": {"depth": 5.45}}, {"type": "Feature", "geometry": {"type": "Point", "coordinates": [73.852575, 18.474937]}, "properties": {"depth": 2.0}}, {"type": "Feature", "geometry": {"type": "Point", "coordinates": [73.854456, 18.474786]}, "properties": {"depth": 4.64}}, {"type": "Feature", "geometry": {"type": "Point", "coordinates": [73.853753, 18.474806]}, "properties": {"depth": 6.82}}, {"type": "Feature", "geometry": {"type": "Point", "coordinates": [73.853723, 18.475161]}, "properties": {"depth": 9.52}}, {"type": "Feature", "geometry": {"type": "Point", "coordinates": [73.853674, 18.475181]}, "properties": {"depth": 9.52}}, {"type": "Feature", "geometry": {"type": "Point", "coordinates": [73.853707, 18.475228]}, "properties": {"depth": 9.52}}, {"type": "Feature", "geometry": {"type": "Point", "coordinates": [73.853657, 18.475233]}, "properties": {"depth": 9.52}}, {"type": "Feature", "geometry": {"type": "Point", "coordinates": [73.853792, 18.475238]}, "properties": {"depth": 7.92}}, {"type": "Feature", "geometry": {"type": "Point", "coordinates": [73.853784, 18.475304]}, "properties": {"depth": 7.92}}, {"type": "Feature", "geometry": {"type": "Point", "coordinates": [73.853788, 18.475364]}, "properties": {"depth": 7.92}}, {"type": "Feature", "geometry": {"type": "Point", "coordinates": [73.853698, 18.475393]}, "properties": {"depth": 9.52}}, {"type": "Feature", "geometry": {"type": "Point", "coordinates": [73.852629, 18.475174]}, "properties": {"depth": 3.46}}, {"type": "Feature", "geometry": {"type": "Point", "coordinates": [73.852667, 18.475325]}, "properties": {"depth": 6.42}}, {"type": "Feature", "geometry": {"type": "Point", "coordinates": [73.852946, 18.475119]}, "properties": {"depth": 5.26}}, {"type": "Feature", "geometry": {"type": "Point", "coordinates": [73.852892, 18.475209]}, "properties": {"depth": 6.42}}, {"type": "Feature", "geometry": {"type": "Point", "coordinates": [73.852818, 18.475252]}, "properties": {"depth": 6.42}}, {"type": "Feature", "geometry": {"type": "Point", "coordinates": [73.852736, 18.475271]}, "properties": {"depth": 6.42}}, {"type": "Feature", "geometry": {"type": "Point", "coordinates": [73.853579, 18.475373]}, "properties": {"depth": 9.52}}, {"type": "Feature", "geometry": {"type": "Point", "coordinates": [73.853402, 18.47544]}, "properties": {"depth": 8.92}}, {"type": "Feature", "geometry": {"type": "Point", "coordinates": [73.852925, 18.475472]}, "properties": {"depth": 8.53}}, {"type": "Feature", "geometry": {"type": "Point", "coordinates": [73.853386, 18.475487]}, "properties": {"depth": 8.92}}, {"type": "Feature", "geometry": {"type": "Point", "coordinates": [73.853359, 18.475548]}, "properties": {"depth": 8.92}}, {"type": "Feature", "geometry": {"type": "Point", "coordinates": [73.853249, 18.475675]}, "properties": {"depth": 8.92}}, {"type": "Feature", "geometry": {"type": "Point", "coordinates": [73.852565, 18.475382]}, "properties": {"depth": 3.46}}, {"type": "Feature", "geometry": {"type": "Point", "coordinates": [73.852428, 18.475403]}, "properties": {"depth": 3.46}}, {"type": "Feature", "geometry": {"type": "Point", "coordinates": [73.852385, 18.475546]}, "properties": {"depth": 5.22}}, {"type": "Feature", "geometry": {"type": "Point", "coordinates": [73.852642, 18.475595]}, "properties": {"depth": 7.02}}, {"type": "Feature", "geometry": {"type": "Point", "coordinates": [73.852477, 18.475804]}, "properties": {"depth": 4.79}}, {"type": "Feature", "geometry": {"type": "Point", "coordinates": [73.853639, 18.475505]}, "properties": {"depth": 7.43}}, {"type": "Feature", "geometry": {"type": "Point", "coordinates": [73.853703, 18.475513]}, "properties": {"depth": 7.43}}, {"type": "Feature", "geometry": {"type": "Point", "coordinates": [73.853811, 18.475519]}, "properties": {"depth": 6.59}}, {"type": "Feature", "geometry": {"type": "Point", "coordinates": [73.853736, 18.475543]}, "properties": {"depth": 7.43}}, {"type": "Feature", "geometry": {"type": "Point", "coordinates": [73.854153, 18.475728]}, "properties": {"depth": 10.33}}, {"type": "Feature", "geometry": {"type": "Point", "coordinates": [73.853951, 18.475742]}, "properties": {"depth": 10.18}}, {"type": "Feature", "geometry": {"type": "Point", "coordinates": [73.854397, 18.475745]}, "properties": {"depth": 9.86}}, {"type": "Feature", "geometry": {"type": "Point", "coordinates": [73.854088, 18.475782]}, "properties": {"depth": 10.33}}, {"type": "Feature", "geometry": {"type": "Point", "coordinates": [73.854418, 18.475828]}, "properties": {"depth": 9.86}}, {"type": "Feature", "geometry": {"type": "Point", "coordinates": [73.853959, 18.475865]}, "properties": {"depth": 10.18}}, {"type": "Feature", "geometry": {"type": "Point", "coordinates": [73.852404, 18.474954]}, "properties": {"depth": 2.0}}, {"type": "Feature", "geometry": {"type": "Point", "coordinates": [73.852494, 18.474958]}, "properties": {"depth": 2.0}}, {"type": "Feature", "geometry": {"type": "Point", "coordinates": [73.852413, 18.474989]}, "properties": {"depth": 2.0}}, {"type": "Feature", "geometry": {"type": "Point", "coordinates": [73.852438, 18.475018]}, "properties": {"depth": 2.0}}, {"type": "Feature", "geometry": {"type": "Point", "coordinates": [73.852398, 18.475338]}, "properties": {"depth": 3.46}}, {"type": "Feature", "geometry": {"type": "Point", "coordinates": [73.852468, 18.475351]}, "properties": {"depth": 3.46}}, {"type": "Feature", "geometry": {"type": "Point", "coordinates": [73.852432, 18.475368]}, "properties": {"depth": 3.46}}, {"type": "Feature", "geometry": {"type": "Point", "coordinates": [73.852606, 18.475385]}, "properties": {"depth": 3.46}}, {"type": "Feature", "geometry": {"type": "Point", "coordinates": [73.852487, 18.475386]}, "properties": {"depth": 3.46}}, {"type": "Feature", "geometry": {"type": "Point", "coordinates": [73.852529, 18.475453]}, "properties": {"depth": 5.22}}, {"type": "Feature", "geometry": {"type": "Point", "coordinates": [73.852474, 18.475496]}, "properties": {"depth": 5.22}}, {"type": "Feature", "geometry": {"type": "Point", "coordinates": [73.852587, 18.47581]}, "properties": {"depth": 4.79}}, {"type": "Feature", "geometry": {"type": "Point", "coordinates": [73.852395, 18.475827]}, "properties": {"depth": 4.79}}, {"type": "Feature", "geometry": {"type": "Point", "coordinates": [73.852504, 18.475859]}, "properties": {"depth": 4.79}}, {"type": "Feature", "geometry": {"type": "Point", "coordinates": [73.852463, 18.475948]}, "properties": {"depth": 4.79}}, {"type": "Feature", "geometry": {"type": "Point", "coordinates": [73.854851, 18.474602]}, "properties": {"depth": 3.65}}, {"type": "Feature", "geometry": {"type": "Point", "coordinates": [73.855088, 18.474641]}, "properties": {"depth": 2.9}}, {"type": "Feature", "geometry": {"type": "Point", "coordinates": [73.854705, 18.474669]}, "properties": {"depth": 3.65}}, {"type": "Feature", "geometry": {"type": "Point", "coordinates": [73.855293, 18.474709]}, "properties": {"depth": 3.67}}, {"type": "Feature", "geometry": {"type": "Point", "coordinates": [73.854561, 18.474796]}, "properties": {"depth": 4.64}}, {"type": "Feature", "geometry": {"type": "Point", "coordinates": [73.854668, 18.474799]}, "properties": {"depth": 3.65}}, {"type": "Feature", "geometry": {"type": "Point", "coordinates": [73.854877, 18.474809]}, "properties": {"depth": 2.9}}, {"type": "Feature", "geometry": {"type": "Point", "coordinates": [73.854968, 18.474814]}, "properties": {"depth": 2.9}}, {"type": "Feature", "geometry": {"type": "Point", "coordinates": [73.854779, 18.474813]}, "properties": {"depth": 3.65}}, {"type": "Feature", "geometry": {"type": "Point", "coordinates": [73.85517, 18.474955]}, "properties": {"depth": 5.03}}, {"type": "Feature", "geometry": {"type": "Point", "coordinates": [73.855712, 18.474521]}, "properties": {"depth": 7.61}}, {"type": "Feature", "geometry": {"type": "Point", "coordinates": [73.855992, 18.474811]}, "properties": {"depth": 6.99}}, {"type": "Feature", "geometry": {"type": "Point", "coordinates": [73.855744, 18.47481]}, "properties": {"depth": 5.85}}, {"type": "Feature", "geometry": {"type": "Point", "coordinates": [73.8554, 18.474943]}, "properties": {"depth": 5.03}}, {"type": "Feature", "geometry": {"type": "Point", "coordinates": [73.8557, 18.475046]}, "properties": {"depth": 3.96}}, {"type": "Feature", "geometry": {"type": "Point", "coordinates": [73.855983, 18.475093]}, "properties": {"depth": 8.24}}, {"type": "Feature", "geometry": {"type": "Point", "coordinates": [73.855363, 18.475188]}, "properties": {"depth": 7.42}}, {"type": "Feature", "geometry": {"type": "Point", "coordinates": [73.855518, 18.475293]}, "properties": {"depth": 5.95}}, {"type": "Feature", "geometry": {"type": "Point", "coordinates": [73.855588, 18.475398]}, "properties": {"depth": 5.95}}, {"type": "Feature", "geometry": {"type": "Point", "coordinates": [73.855876, 18.475423]}, "properties": {"depth": 6.53}}, {"type": "Feature", "geometry": {"type": "Point", "coordinates": [73.855243, 18.475032]}, "properties": {"depth": 5.03}}, {"type": "Feature", "geometry": {"type": "Point", "coordinates": [73.854833, 18.475031]}, "properties": {"depth": 9.23}}, {"type": "Feature", "geometry": {"type": "Point", "coordinates": [73.855305, 18.475112]}, "properties": {"depth": 5.03}}, {"type": "Feature", "geometry": {"type": "Point", "coordinates": [73.855175, 18.475264]}, "properties": {"depth": 7.42}}, {"type": "Feature", "geometry": {"type": "Point", "coordinates": [73.85502, 18.475341]}, "properties": {"depth": 5.9}}, {"type": "Feature", "geometry": {"type": "Point", "coordinates": [73.854718, 18.47535]}, "properties": {"depth": 9.48}}, {"type": "Feature", "geometry": {"type": "Point", "coordinates": [73.85525, 18.475362]}, "properties": {"depth": 7.42}}, {"type": "Feature", "geometry": {"type": "Point", "coordinates": [73.855113, 18.475428]}, "properties": {"depth": 4.7}}, {"type": "Feature", "geometry": {"type": "Point", "coordinates": [73.854636, 18.475467]}, "properties": {"depth": 6.33}}, {"type": "Feature", "geometry": {"type": "Point", "coordinates": [73.854584, 18.475604]}, "properties": {"depth": 6.33}}, {"type": "Feature", "geometry": {"type": "Point", "coordinates": [73.85562, 18.475486]}, "properties": {"depth": 7.61}}, {"type": "Feature", "geometry": {"type": "Point", "coordinates": [73.855674, 18.47557]}, "properties": {"depth": 7.61}}, {"type": "Feature", "geometry": {"type": "Point", "coordinates": [73.855722, 18.475656]}, "properties": {"depth": 6.53}}, {"type": "Feature", "geometry": {"type": "Point", "coordinates": [73.855376, 18.475823]}, "properties": {"depth": 5.99}}, {"type": "Feature", "geometry": {"type": "Point", "coordinates": [73.855837, 18.47591]}, "properties": {"depth": 7.5}}, {"type": "Feature", "geometry": {"type": "Point", "coordinates": [73.855412, 18.475936]}, "properties": {"depth": 5.99}}, {"type": "Feature", "geometry": {"type": "Point", "coordinates": [73.855912, 18.476009]}, "properties": {"depth": 8.62}}, {"type": "Feature", "geometry": {"type": "Point", "coordinates": [73.855942, 18.47609]}, "properties": {"depth": 8.62}}, {"type": "Feature", "geometry": {"type": "Point", "coordinates": [73.855665, 18.476105]}, "properties": {"depth": 10.02}}, {"type": "Feature", "geometry": {"type": "Point", "coordinates": [73.85551, 18.476132]}, "properties": {"depth": 10.02}}, {"type": "Feature", "geometry": {"type": "Point", "coordinates": [73.855015, 18.475897]}, "properties": {"depth": 4.58}}, {"type": "Feature", "geometry": {"type": "Point", "coordinates": [73.855315, 18.475964]}, "properties": {"depth": 5.99}}, {"type": "Feature", "geometry": {"type": "Point", "coordinates": [73.855191, 18.475991]}, "properties": {"depth": 9.75}}, {"type": "Feature", "geometry": {"type": "Point", "coordinates": [73.855084, 18.476026]}, "properties": {"depth": 8.72}}, {"type": "Feature", "geometry": {"type": "Point", "coordinates": [73.854968, 18.476041]}, "properties": {"depth": 8.72}}, {"type": "Feature", "geometry": {"type": "Point", "coordinates": [73.85527, 18.476175]}, "properties": {"depth": 9.75}}, {"type": "Feature", "geometry": {"type": "Point", "coordinates": [73.854644, 18.476218]}, "properties": {"depth": 9.79}}, {"type": "Feature", "geometry": {"type": "Point", "coordinates": [73.855183, 18.476225]}, "properties": {"depth": 9.75}}, {"type": "Feature", "geometry": {"type": "Point", "coordinates": [73.854682, 18.476297]}, "properties": {"depth": 10.68}}, {"type": "Feature", "geometry": {"type": "Point", "coordinates": [73.85502, 18.476409]}, "properties": {"depth": 9.77}}, {"type": "Feature", "geometry": {"type": "Point", "coordinates": [73.856239, 18.475435]}, "properties": {"depth": 8.79}}, {"type": "Feature", "geometry": {"type": "Point", "coordinates": [73.855377, 18.476147]}, "properties": {"depth": 9.75}}, {"type": "Feature", "geometry": {"type": "Point", "coordinates": [73.855986, 18.476184]}, "properties": {"depth": 10.59}}, {"type": "Feature", "geometry": {"type": "Point", "coordinates": [73.855685, 18.476229]}, "properties": {"depth": 10.02}}, {"type": "Feature", "geometry": {"type": "Point", "coordinates": [73.855363, 18.476317]}, "properties": {"depth": 10.02}}, {"type": "Feature", "geometry": {"type": "Point", "coordinates": [73.855823, 18.476691]}, "properties": {"depth": 8.07}}, {"type": "Feature", "geometry": {"type": "Point", "coordinates": [73.854143, 18.475903]}, "properties": {"depth": 10.33}}, {"type": "Feature", "geometry": {"type": "Point", "coordinates": [73.854473, 18.475925]}, "properties": {"depth": 9.86}}, {"type": "Feature", "geometry": {"type": "Point", "coordinates": [73.853978, 18.47593]}, "properties": {"depth": 10.18}}, {"type": "Feature", "geometry": {"type": "Point", "coordinates": [73.85408, 18.475958]}, "properties": {"depth": 10.33}}, {"type": "Feature", "geometry": {"type": "Point", "coordinates": [73.854167, 18.475967]}, "properties": {"depth": 10.33}}, {"type": "Feature", "geometry": {"type": "Point", "coordinates": [73.85409, 18.475989]}, "properties": {"depth": 11.69}}, {"type": "Feature", "geometry": {"type": "Point", "coordinates": [73.854022, 18.476004]}, "properties": {"depth": 10.66}}, {"type": "Feature", "geometry": {"type": "Point", "coordinates": [73.853957, 18.476012]}, "properties": {"depth": 10.66}}, {"type": "Feature", "geometry": {"type": "Point", "coordinates": [73.854131, 18.476019]}, "properties": {"depth": 11.69}}, {"type": "Feature", "geometry": {"type": "Point", "coordinates": [73.854201, 18.476045]}, "properties": {"depth": 11.69}}, {"type": "Feature", "geometry": {"type": "Point", "coordinates": [73.85338, 18.475715]}, "properties": {"depth": 10.65}}, {"type": "Feature", "geometry": {"type": "Point", "coordinates": [73.853255, 18.475771]}, "properties": {"depth": 10.65}}, {"type": "Feature", "geometry": {"type": "Point", "coordinates": [73.853357, 18.475809]}, "properties": {"depth": 10.65}}, {"type": "Feature", "geometry": {"type": "Point", "coordinates": [73.852959, 18.47586]}, "properties": {"depth": 9.74}}, {"type": "Feature", "geometry": {"type": "Point", "coordinates": [73.852904, 18.476099]}, "properties": {"depth": 6.2}}, {"type": "Feature", "geometry": {"type": "Point", "coordinates": [73.853235, 18.476173]}, "properties": {"depth": 7.89}}, {"type": "Feature", "geometry": {"type": "Point", "coordinates": [73.853544, 18.476205]}, "properties": {"depth": 9.62}}, {"type": "Feature", "geometry": {"type": "Point", "coordinates": [73.852882, 18.476186]}, "properties": {"depth": 6.2}}, {"type": "Feature", "geometry": {"type": "Point", "coordinates": [73.852857, 18.476261]}, "properties": {"depth": 9.36}}, {"type": "Feature", "geometry": {"type": "Point", "coordinates": [73.853201, 18.476318]}, "properties": {"depth": 9.77}}, {"type": "Feature", "geometry": {"type": "Point", "coordinates": [73.85397, 18.476047]}, "properties": {"depth": 10.66}}, {"type": "Feature", "geometry": {"type": "Point", "coordinates": [73.854092, 18.476055]}, "properties": {"depth": 11.69}}, {"type": "Feature", "geometry": {"type": "Point", "coordinates": [73.854041, 18.476064]}, "properties": {"depth": 11.69}}, {"type": "Feature", "geometry": {"type": "Point", "coordinates": [73.854147, 18.476072]}, "properties": {"depth": 11.69}}, {"type": "Feature", "geometry": {"type": "Point", "coordinates": [73.853989, 18.476089]}, "properties": {"depth": 10.66}}, {"type": "Feature", "geometry": {"type": "Point", "coordinates": [73.854061, 18.476099]}, "properties": {"depth": 11.69}}, {"type": "Feature", "geometry": {"type": "Point", "coordinates": [73.85439, 18.476115]}, "properties": {"depth": 11.19}}, {"type": "Feature", "geometry": {"type": "Point", "coordinates": [73.854002, 18.476127]}, "properties": {"depth": 10.66}}, {"type": "Feature", "geometry": {"type": "Point", "coordinates": [73.854383, 18.476149]}, "properties": {"depth": 11.19}}, {"type": "Feature", "geometry": {"type": "Point", "coordinates": [73.854098, 18.476151]}, "properties": {"depth": 11.69}}, {"type": "Feature", "geometry": {"type": "Point", "coordinates": [73.85433, 18.476167]}, "properties": {"depth": 11.19}}, {"type": "Feature", "geometry": {"type": "Point", "coordinates": [73.854063, 18.476168]}, "properties": {"depth": 11.69}}, {"type": "Feature", "geometry": {"type": "Point", "coordinates": [73.854021, 18.476174]}, "properties": {"depth": 10.66}}, {"type": "Feature", "geometry": {"type": "Point", "coordinates": [73.854373, 18.476183]}, "properties": {"depth": 11.19}}, {"type": "Feature", "geometry": {"type": "Point", "coordinates": [73.854338, 18.476196]}, "properties": {"depth": 11.19}}, {"type": "Feature", "geometry": {"type": "Point", "coordinates": [73.854127, 18.476203]}, "properties": {"depth": 11.69}}, {"type": "Feature", "geometry": {"type": "Point", "coordinates": [73.854273, 18.47621]}, "properties": {"depth": 11.69}}, {"type": "Feature", "geometry": {"type": "Point", "coordinates": [73.854199, 18.476234]}, "properties": {"depth": 11.69}}, {"type": "Feature", "geometry": {"type": "Point", "coordinates": [73.854112, 18.476251]}, "properties": {"depth": 11.9}}, {"type": "Feature", "geometry": {"type": "Point", "coordinates": [73.854296, 18.476259]}, "properties": {"depth": 11.9}}, {"type": "Feature", "geometry": {"type": "Point", "coordinates": [73.852664, 18.476433]}, "properties": {"depth": 9.36}}, {"type": "Feature", "geometry": {"type": "Point", "coordinates": [73.854047, 18.476259]}, "properties": {"depth": 11.9}}, {"type": "Feature", "geometry": {"type": "Point", "coordinates": [73.854251, 18.476268]}, "properties": {"depth": 11.9}}, {"type": "Feature", "geometry": {"type": "Point", "coordinates": [73.8544, 18.476291]}, "properties": {"depth": 11.66}}, {"type": "Feature", "geometry": {"type": "Point", "coordinates": [73.854279, 18.476299]}, "properties": {"depth": 11.9}}, {"type": "Feature", "geometry": {"type": "Point", "coordinates": [73.854206, 18.476298]}, "properties": {"depth": 11.9}}, {"type": "Feature", "geometry": {"type": "Point", "coordinates": [73.854329, 18.476324]}, "properties": {"depth": 11.66}}, {"type": "Feature", "geometry": {"type": "Point", "coordinates": [73.854125, 18.476351]}, "properties": {"depth": 11.9}}, {"type": "Feature", "geometry": {"type": "Point", "coordinates": [73.854264, 18.476366]}, "properties": {"depth": 11.9}}, {"type": "Feature", "geometry": {"type": "Point", "coordinates": [73.854269, 18.476456]}, "properties": {"depth": 11.9}}, {"type": "Feature", "geometry": {"type": "Point", "coordinates": [73.853715, 18.476696]}, "properties": {"depth": 11.4}}, {"type": "Feature", "geometry": {"type": "Point", "coordinates": [73.85337, 18.476323]}, "properties": {"depth": 9.77}}, {"type": "Feature", "geometry": {"type": "Point", "coordinates": [73.853073, 18.476343]}, "properties": {"depth": 9.02}}, {"type": "Feature", "geometry": {"type": "Point", "coordinates": [73.853438, 18.476393]}, "properties": {"depth": 9.77}}, {"type": "Feature", "geometry": {"type": "Point", "coordinates": [73.853371, 18.476399]}, "properties": {"depth": 9.77}}, {"type": "Feature", "geometry": {"type": "Point", "coordinates": [73.852767, 18.476526]}, "properties": {"depth": 9.36}}, {"type": "Feature", "geometry": {"type": "Point", "coordinates": [73.853569, 18.476625]}, "properties": {"depth": 11.4}}, {"type": "Feature", "geometry": {"type": "Point", "coordinates": [73.853447, 18.476635]}, "properties": {"depth": 11.4}}, {"type": "Feature", "geometry": {"type": "Point", "coordinates": [73.853349, 18.476679]}, "properties": {"depth": 11.4}}, {"type": "Feature", "geometry": {"type": "Point", "coordinates": [73.853975, 18.476758]}, "properties": {"depth": 12.37}}, {"type": "Feature", "geometry": {"type": "Point", "coordinates": [73.854749, 18.47643]}, "properties": {"depth": 10.68}}, {"type": "Feature", "geometry": {"type": "Point", "coordinates": [73.854538, 18.476507]}, "properties": {"depth": 11.66}}, {"type": "Feature", "geometry": {"type": "Point", "coordinates": [73.838345, 18.489758]}, "properties": {"depth": 2.7}}, {"type": "Feature", "geometry": {"type": "Point", "coordinates": [73.959968, 18.482304]}, "properties": {"depth": 5.84}}, {"type": "Feature", "geometry": {"type": "Point", "coordinates": [73.960366, 18.48239]}, "properties": {"depth": 7.84}}, {"type": "Feature", "geometry": {"type": "Point", "coordinates": [73.95962, 18.482443]}, "properties": {"depth": 6.85}}, {"type": "Feature", "geometry": {"type": "Point", "coordinates": [73.960446, 18.48257]}, "properties": {"depth": 7.82}}, {"type": "Feature", "geometry": {"type": "Point", "coordinates": [73.959926, 18.482588]}, "properties": {"depth": 6.31}}, {"type": "Feature", "geometry": {"type": "Point", "coordinates": [73.959673, 18.482645]}, "properties": {"depth": 7.82}}, {"type": "Feature", "geometry": {"type": "Point", "coordinates": [73.960467, 18.482792]}, "properties": {"depth": 8.0}}, {"type": "Feature", "geometry": {"type": "Point", "coordinates": [73.960832, 18.483131]}, "properties": {"depth": 9.83}}, {"type": "Feature", "geometry": {"type": "Point", "coordinates": [73.959924, 18.483233]}, "properties": {"depth": 10.52}}, {"type": "Feature", "geometry": {"type": "Point", "coordinates": [73.959763, 18.483236]}, "properties": {"depth": 10.06}}, {"type": "Feature", "geometry": {"type": "Point", "coordinates": [73.959322, 18.482972]}, "properties": {"depth": 9.67}}, {"type": "Feature", "geometry": {"type": "Point", "coordinates": [73.959524, 18.483133]}, "properties": {"depth": 9.67}}, {"type": "Feature", "geometry": {"type": "Point", "coordinates": [73.958853, 18.48332]}, "properties": {"depth": 8.39}}, {"type": "Feature", "geometry": {"type": "Point", "coordinates": [73.958918, 18.484218]}, "properties": {"depth": 7.8}}, {"type": "Feature", "geometry": {"type": "Point", "coordinates": [73.958788, 18.48464]}, "properties": {"depth": 7.43}}, {"type": "Feature", "geometry": {"type": "Point", "coordinates": [73.95942, 18.485017]}, "properties": {"depth": 8.55}}, {"type": "Feature", "geometry": {"type": "Point", "coordinates": [73.960325, 18.483274]}, "properties": {"depth": 10.96}}, {"type": "Feature", "geometry": {"type": "Point", "coordinates": [73.95988, 18.484492]}, "properties": {"depth": 10.38}}, {"type": "Feature", "geometry": {"type": "Point", "coordinates": [73.960189, 18.485258]}, "properties": {"depth": 8.53}}, {"type": "Feature", "geometry": {"type": "Point", "coordinates": [73.96034, 18.4856]}, "properties": {"depth": 8.94}}, {"type": "Feature", "geometry": {"type": "Point", "coordinates": [73.966367, 18.485155]}, "properties": {"depth": 10.13}}, {"type": "Feature", "geometry": {"type": "Point", "coordinates": [73.966288, 18.485435]}, "properties": {"depth": 10.19}}, {"type": "Feature", "geometry": {"type": "Point", "coordinates": [73.966801, 18.485655]}, "properties": {"depth": 10.69}}, {"type": "Feature", "geometry": {"type": "Point", "coordinates": [73.967269, 18.485796]}, "properties": {"depth": 11.19}}, {"type": "Feature", "geometry": {"type": "Point", "coordinates": [73.966945, 18.48603]}, "properties": {"depth": 12.07}}, {"type": "Feature", "geometry": {"type": "Point", "coordinates": [73.967768, 18.487222]}, "properties": {"depth": 8.17}}, {"type": "Feature", "geometry": {"type": "Point", "coordinates": [73.967559, 18.487624]}, "properties": {"depth": 8.77}}, {"type": "Feature", "geometry": {"type": "Point", "coordinates": [73.967818, 18.487695]}, "properties": {"depth": 8.11}}, {"type": "Feature", "geometry": {"type": "Point", "coordinates": [73.967807, 18.488177]}, "properties": {"depth": 10.87}}, {"type": "Feature", "geometry": {"type": "Point", "coordinates": [73.92526, 18.498202]}, "properties": {"depth": 9.88}}, {"type": "Feature", "geometry": {"type": "Point", "coordinates": [73.924847, 18.49826]}, "properties": {"depth": 7.57}}, {"type": "Feature", "geometry": {"type": "Point", "coordinates": [73.924319, 18.498342]}, "properties": {"depth": 6.36}}, {"type": "Feature", "geometry": {"type": "Point", "coordinates": [73.926728, 18.498212]}, "properties": {"depth": 7.84}}, {"type": "Feature", "geometry": {"type": "Point", "coordinates": [73.925963, 18.498236]}, "properties": {"depth": 10.01}}, {"type": "Feature", "geometry": {"type": "Point", "coordinates": [73.926289, 18.498278]}, "properties": {"depth": 7.32}}, {"type": "Feature", "geometry": {"type": "Point", "coordinates": [73.925861, 18.498314]}, "properties": {"depth": 10.01}}, {"type": "Feature", "geometry": {"type": "Point", "coordinates": [73.926367, 18.49834]}, "properties": {"depth": 7.32}}, {"type": "Feature", "geometry": {"type": "Point", "coordinates": [73.926271, 18.498353]}, "properties": {"depth": 7.32}}, {"type": "Feature", "geometry": {"type": "Point", "coordinates": [73.92679, 18.498383]}, "properties": {"depth": 7.84}}, {"type": "Feature", "geometry": {"type": "Point", "coordinates": [73.926146, 18.498408]}, "properties": {"depth": 9.12}}, {"type": "Feature", "geometry": {"type": "Point", "coordinates": [73.925837, 18.498411]}, "properties": {"depth": 10.01}}, {"type": "Feature", "geometry": {"type": "Point", "coordinates": [73.92595, 18.498419]}, "properties": {"depth": 10.01}}, {"type": "Feature", "geometry": {"type": "Point", "coordinates": [73.92625, 18.498432]}, "properties": {"depth": 7.32}}, {"type": "Feature", "geometry": {"type": "Point", "coordinates": [73.926047, 18.498442]}, "properties": {"depth": 9.12}}, {"type": "Feature", "geometry": {"type": "Point", "coordinates": [73.926346, 18.498455]}, "properties": {"depth": 7.32}}, {"type": "Feature", "geometry": {"type": "Point", "coordinates": [73.92383, 18.498489]}, "properties": {"depth": 0.65}}, {"type": "Feature", "geometry": {"type": "Point", "coordinates": [73.925254, 18.498413]}, "properties": {"depth": 9.88}}, {"type": "Feature", "geometry": {"type": "Point", "coordinates": [73.924034, 18.498508]}, "properties": {"depth": 5.08}}, {"type": "Feature", "geometry": {"type": "Point", "coordinates": [73.925253, 18.498609]}, "properties": {"depth": 9.16}}, {"type": "Feature", "geometry": {"type": "Point", "coordinates": [73.924903, 18.49909]}, "properties": {"depth": 10.84}}, {"type": "Feature", "geometry": {"type": "Point", "coordinates": [73.924965, 18.499413]}, "properties": {"depth": 10.21}}, {"type": "Feature", "geometry": {"type": "Point", "coordinates": [73.924595, 18.499544]}, "properties": {"depth": 9.47}}, {"type": "Feature", "geometry": {"type": "Point", "coordinates": [73.924251, 18.499752]}, "properties": {"depth": 7.25}}, {"type": "Feature", "geometry": {"type": "Point", "coordinates": [73.924391, 18.500159]}, "properties": {"depth": 14.21}}, {"type": "Feature", "geometry": {"type": "Point", "coordinates": [73.9247, 18.500277]}, "properties": {"depth": 13.79}}, {"type": "Feature", "geometry": {"type": "Point", "coordinates": [73.924769, 18.500805]}, "properties": {"depth": 11.96}}, {"type": "Feature", "geometry": {"type": "Point", "coordinates": [73.923328, 18.499207]}, "properties": {"depth": 9.43}}, {"type": "Feature", "geometry": {"type": "Point", "coordinates": [73.923231, 18.499207]}, "properties": {"depth": 9.43}}, {"type": "Feature", "geometry": {"type": "Point", "coordinates": [73.92341, 18.499214]}, "properties": {"depth": 9.43}}, {"type": "Feature", "geometry": {"type": "Point", "coordinates": [73.922639, 18.499403]}, "properties": {"depth": 5.98}}, {"type": "Feature", "geometry": {"type": "Point", "coordinates": [73.92304, 18.499419]}, "properties": {"depth": 8.43}}, {"type": "Feature", "geometry": {"type": "Point", "coordinates": [73.922854, 18.499488]}, "properties": {"depth": 5.98}}, {"type": "Feature", "geometry": {"type": "Point", "coordinates": [73.922971, 18.500393]}, "properties": {"depth": 9.61}}, {"type": "Feature", "geometry": {"type": "Point", "coordinates": [73.926948, 18.498483]}, "properties": {"depth": 11.72}}, {"type": "Feature", "geometry": {"type": "Point", "coordinates": [73.926557, 18.498493]}, "properties": {"depth": 11.94}}, {"type": "Feature", "geometry": {"type": "Point", "coordinates": [73.92705, 18.498502]}, "properties": {"depth": 11.72}}, {"type": "Feature", "geometry": {"type": "Point", "coordinates": [73.926826, 18.498632]}, "properties": {"depth": 11.72}}, {"type": "Feature", "geometry": {"type": "Point", "coordinates": [73.925934, 18.498826]}, "properties": {"depth": 5.69}}, {"type": "Feature", "geometry": {"type": "Point", "coordinates": [73.92622, 18.498883]}, "properties": {"depth": 2.94}}, {"type": "Feature", "geometry": {"type": "Point", "coordinates": [73.926478, 18.501742]}, "properties": {"depth": 8.64}}, {"type": "Feature", "geometry": {"type": "Point", "coordinates": [73.92612, 18.502082]}, "properties": {"depth": 11.57}}, {"type": "Feature", "geometry": {"type": "Point", "coordinates": [73.924636, 18.501364]}, "properties": {"depth": 8.91}}, {"type": "Feature", "geometry": {"type": "Point", "coordinates": [73.924316, 18.501456]}, "properties": {"depth": 3.37}}, {"type": "Feature", "geometry": {"type": "Point", "coordinates": [73.924198, 18.501711]}, "properties": {"depth": 12.73}}, {"type": "Feature", "geometry": {"type": "Point", "coordinates": [73.925237, 18.501949]}, "properties": {"depth": 12.58}}, {"type": "Feature", "geometry": {"type": "Point", "coordinates": [73.92435, 18.501987]}, "properties": {"depth": 12.58}}, {"type": "Feature", "geometry": {"type": "Point", "coordinates": [73.924337, 18.502105]}, "properties": {"depth": 12.68}}, {"type": "Feature", "geometry": {"type": "Point", "coordinates": [73.925057, 18.502179]}, "properties": {"depth": 9.46}}, {"type": "Feature", "geometry": {"type": "Point", "coordinates": [73.925253, 18.502225]}, "properties": {"depth": 10.58}}, {"type": "Feature", "geometry": {"type": "Point", "coordinates": [73.925054, 18.502321]}, "properties": {"depth": 9.46}}, {"type": "Feature", "geometry": {"type": "Point", "coordinates": [73.925268, 18.502434]}, "properties": {"depth": 10.69}}, {"type": "Feature", "geometry": {"type": "Point", "coordinates": [73.923073, 18.500913]}, "properties": {"depth": 11.09}}, {"type": "Feature", "geometry": {"type": "Point", "coordinates": [73.922114, 18.50112]}, "properties": {"depth": 7.83}}, {"type": "Feature", "geometry": {"type": "Point", "coordinates": [73.923705, 18.501942]}, "properties": {"depth": 10.57}}, {"type": "Feature", "geometry": {"type": "Point", "coordinates": [73.923299, 18.502151]}, "properties": {"depth": 8.81}}, {"type": "Feature", "geometry": {"type": "Point", "coordinates": [73.923375, 18.502381]}, "properties": {"depth": 9.74}}, {"type": "Feature", "geometry": {"type": "Point", "coordinates": [73.923803, 18.502411]}, "properties": {"depth": 10.4}}, {"type": "Feature", "geometry": {"type": "Point", "coordinates": [73.923921, 18.50242]}, "properties": {"depth": 10.4}}, {"type": "Feature", "geometry": {"type": "Point", "coordinates": [73.923882, 18.502728]}, "properties": {"depth": 10.95}}, {"type": "Feature", "geometry": {"type": "Point", "coordinates": [73.922884, 18.502771]}, "properties": {"depth": 9.26}}, {"type": "Feature", "geometry": {"type": "Point", "coordinates": [73.923365, 18.502774]}, "properties": {"depth": 9.94}}, {"type": "Feature", "geometry": {"type": "Point", "coordinates": [73.907178, 18.500426]}, "properties": {"depth": 12.68}}, {"type": "Feature", "geometry": {"type": "Point", "coordinates": [73.906978, 18.500459]}, "properties": {"depth": 13.99}}, {"type": "Feature", "geometry": {"type": "Point", "coordinates": [73.906817, 18.500468]}, "properties": {"depth": 13.99}}, {"type": "Feature", "geometry": {"type": "Point", "coordinates": [73.90665, 18.500478]}, "properties": {"depth": 14.11}}, {"type": "Feature", "geometry": {"type": "Point", "coordinates": [73.921167, 18.500428]}, "properties": {"depth": 5.64}}, {"type": "Feature", "geometry": {"type": "Point", "coordinates": [73.921285, 18.500436]}, "properties": {"depth": 6.25}}, {"type": "Feature", "geometry": {"type": "Point", "coordinates": [73.921456, 18.500493]}, "properties": {"depth": 6.25}}, {"type": "Feature", "geometry": {"type": "Point", "coordinates": [73.921122, 18.500496]}, "properties": {"depth": 5.64}}, {"type": "Feature", "geometry": {"type": "Point", "coordinates": [73.921007, 18.500498]}, "properties": {"depth": 5.64}}, {"type": "Feature", "geometry": {"type": "Point", "coordinates": [73.921293, 18.500509]}, "properties": {"depth": 6.25}}, {"type": "Feature", "geometry": {"type": "Point", "coordinates": [73.921189, 18.50051]}, "properties": {"depth": 5.64}}, {"type": "Feature", "geometry": {"type": "Point", "coordinates": [73.92166, 18.500528]}, "properties": {"depth": 4.42}}, {"type": "Feature", "geometry": {"type": "Point", "coordinates": [73.921538, 18.500529]}, "properties": {"depth": 4.42}}, {"type": "Feature", "geometry": {"type": "Point", "coordinates": [73.921058, 18.500537]}, "properties": {"depth": 5.64}}, {"type": "Feature", "geometry": {"type": "Point", "coordinates": [73.921408, 18.500541]}, "properties": {"depth": 6.25}}, {"type": "Feature", "geometry": {"type": "Point", "coordinates": [73.92134, 18.500542]}, "properties": {"depth": 6.25}}, {"type": "Feature", "geometry": {"type": "Point", "coordinates": [73.921372, 18.500543]}, "properties": {"depth": 6.25}}, {"type": "Feature", "geometry": {"type": "Point", "coordinates": [73.92124, 18.500551]}, "properties": {"depth": 5.64}}, {"type": "Feature", "geometry": {"type": "Point", "coordinates": [73.921469, 18.500556]}, "properties": {"depth": 6.25}}, {"type": "Feature", "geometry": {"type": "Point", "coordinates": [73.921188, 18.500554]}, "properties": {"depth": 5.64}}, {"type": "Feature", "geometry": {"type": "Point", "coordinates": [73.921619, 18.500561]}, "properties": {"depth": 4.42}}, {"type": "Feature", "geometry": {"type": "Point", "coordinates": [73.921147, 18.50056]}, "properties": {"depth": 5.64}}, {"type": "Feature", "geometry": {"type": "Point", "coordinates": [73.921549, 18.500567]}, "properties": {"depth": 4.42}}, {"type": "Feature", "geometry": {"type": "Point", "coordinates": [73.921097, 18.500569]}, "properties": {"depth": 5.64}}, {"type": "Feature", "geometry": {"type": "Point", "coordinates": [73.921573, 18.500594]}, "properties": {"depth": 4.42}}, {"type": "Feature", "geometry": {"type": "Point", "coordinates": [73.921248, 18.500597]}, "properties": {"depth": 5.64}}, {"type": "Feature", "geometry": {"type": "Point", "coordinates": [73.921664, 18.500606]}, "properties": {"depth": 4.42}}, {"type": "Feature", "geometry": {"type": "Point", "coordinates": [73.921308, 18.500606]}, "properties": {"depth": 6.25}}, {"type": "Feature", "geometry": {"type": "Point", "coordinates": [73.921185, 18.500621]}, "properties": {"depth": 5.64}}, {"type": "Feature", "geometry": {"type": "Point", "coordinates": [73.921567, 18.500633]}, "properties": {"depth": 4.42}}, {"type": "Feature", "geometry": {"type": "Point", "coordinates": [73.921616, 18.500651]}, "properties": {"depth": 4.42}}, {"type": "Feature", "geometry": {"type": "Point", "coordinates": [73.921136, 18.500664]}, "properties": {"depth": 5.64}}, {"type": "Feature", "geometry": {"type": "Point", "coordinates": [73.921316, 18.50067]}, "properties": {"depth": 6.25}}, {"type": "Feature", "geometry": {"type": "Point", "coordinates": [73.921589, 18.500698]}, "properties": {"depth": 7.79}}, {"type": "Feature", "geometry": {"type": "Point", "coordinates": [73.921479, 18.500701]}, "properties": {"depth": 6.92}}, {"type": "Feature", "geometry": {"type": "Point", "coordinates": [73.9213, 18.500708]}, "properties": {"depth": 6.92}}, {"type": "Feature", "geometry": {"type": "Point", "coordinates": [73.921673, 18.50072]}, "properties": {"depth": 7.79}}, {"type": "Feature", "geometry": {"type": "Point", "coordinates": [73.921573, 18.500738]}, "properties": {"depth": 7.79}}, {"type": "Feature", "geometry": {"type": "Point", "coordinates": [73.921495, 18.500756]}, "properties": {"depth": 6.92}}, {"type": "Feature", "geometry": {"type": "Point", "coordinates": [73.907389, 18.50049]}, "properties": {"depth": 11.09}}, {"type": "Feature", "geometry": {"type": "Point", "coordinates": [73.907689, 18.500886]}, "properties": {"depth": 11.63}}, {"type": "Feature", "geometry": {"type": "Point", "coordinates": [73.90738, 18.501089]}, "properties": {"depth": 10.61}}, {"type": "Feature", "geometry": {"type": "Point", "coordinates": [73.908094, 18.502848]}, "properties": {"depth": 13.79}}, {"type": "Feature", "geometry": {"type": "Point", "coordinates": [73.908082, 18.502947]}, "properties": {"depth": 14.94}}, {"type": "Feature", "geometry": {"type": "Point", "coordinates": [73.907659, 18.502958]}, "properties": {"depth": 13.8}}, {"type": "Feature", "geometry": {"type": "Point", "coordinates": [73.908051, 18.503081]}, "properties": {"depth": 14.94}}, {"type": "Feature", "geometry": {"type": "Point", "coordinates": [73.90806, 18.503442]}, "properties": {"depth": 15.03}}, {"type": "Feature", "geometry": {"type": "Point", "coordinates": [73.907769, 18.503925]}, "properties": {"depth": 16.78}}, {"type": "Feature", "geometry": {"type": "Point", "coordinates": [73.90798, 18.504011]}, "properties": {"depth": 16.45}}, {"type": "Feature", "geometry": {"type": "Point", "coordinates": [73.907781, 18.504134]}, "properties": {"depth": 16.33}}, {"type": "Feature", "geometry": {"type": "Point", "coordinates": [73.921363, 18.500772]}, "properties": {"depth": 6.92}}, {"type": "Feature", "geometry": {"type": "Point", "coordinates": [73.921492, 18.500792]}, "properties": {"depth": 6.92}}, {"type": "Feature", "geometry": {"type": "Point", "coordinates": [73.9216, 18.5008]}, "properties": {"depth": 7.79}}, {"type": "Feature", "geometry": {"type": "Point", "coordinates": [73.921549, 18.500809]}, "properties": {"depth": 7.79}}, {"type": "Feature", "geometry": {"type": "Point", "coordinates": [73.921611, 18.500833]}, "properties": {"depth": 7.79}}, {"type": "Feature", "geometry": {"type": "Point", "coordinates": [73.921443, 18.500894]}, "properties": {"depth": 6.92}}, {"type": "Feature", "geometry": {"type": "Point", "coordinates": [73.920892, 18.50136]}, "properties": {"depth": 0.39}}, {"type": "Feature", "geometry": {"type": "Point", "coordinates": [73.921226, 18.501404]}, "properties": {"depth": 1.86}}, {"type": "Feature", "geometry": {"type": "Point", "coordinates": [73.920601, 18.501454]}, "properties": {"depth": 1.14}}, {"type": "Feature", "geometry": {"type": "Point", "coordinates": [73.921167, 18.501867]}, "properties": {"depth": 2.21}}, {"type": "Feature", "geometry": {"type": "Point", "coordinates": [73.921381, 18.50199]}, "properties": {"depth": 4.57}}, {"type": "Feature", "geometry": {"type": "Point", "coordinates": [73.921273, 18.502082]}, "properties": {"depth": 4.57}}, {"type": "Feature", "geometry": {"type": "Point", "coordinates": [73.921168, 18.502138]}, "properties": {"depth": 2.61}}, {"type": "Feature", "geometry": {"type": "Point", "coordinates": [73.921387, 18.502377]}, "properties": {"depth": 1.01}}, {"type": "Feature", "geometry": {"type": "Point", "coordinates": [73.920148, 18.502437]}, "properties": {"depth": 1.71}}, {"type": "Feature", "geometry": {"type": "Point", "coordinates": [73.921189, 18.502446]}, "properties": {"depth": 1.65}}, {"type": "Feature", "geometry": {"type": "Point", "coordinates": [73.920156, 18.502631]}, "properties": {"depth": 1.71}}, {"type": "Feature", "geometry": {"type": "Point", "coordinates": [73.920809, 18.502649]}, "properties": {"depth": 2.8}}, {"type": "Feature", "geometry": {"type": "Point", "coordinates": [73.921274, 18.502666]}, "properties": {"depth": 4.38}}, {"type": "Feature", "geometry": {"type": "Point", "coordinates": [73.921004, 18.502733]}, "properties": {"depth": 3.8}}, {"type": "Feature", "geometry": {"type": "Point", "coordinates": [73.920823, 18.502839]}, "properties": {"depth": 2.8}}, {"type": "Feature", "geometry": {"type": "Point", "coordinates": [73.920599, 18.502903]}, "properties": {"depth": 0.86}}, {"type": "Feature", "geometry": {"type": "Point", "coordinates": [73.920185, 18.503097]}, "properties": {"depth": 2.74}}, {"type": "Feature", "geometry": {"type": "Point", "coordinates": [73.920416, 18.503228]}, "properties": {"depth": 3.48}}, {"type": "Feature", "geometry": {"type": "Point", "coordinates": [73.92129, 18.503291]}, "properties": {"depth": 6.35}}, {"type": "Feature", "geometry": {"type": "Point", "coordinates": [73.920216, 18.503318]}, "properties": {"depth": 3.48}}, {"type": "Feature", "geometry": {"type": "Point", "coordinates": [73.920435, 18.503351]}, "properties": {"depth": 1.7}}, {"type": "Feature", "geometry": {"type": "Point", "coordinates": [73.920874, 18.503441]}, "properties": {"depth": 2.19}}, {"type": "Feature", "geometry": {"type": "Point", "coordinates": [73.920624, 18.503455]}, "properties": {"depth": 1.7}}, {"type": "Feature", "geometry": {"type": "Point", "coordinates": [73.920228, 18.503471]}, "properties": {"depth": 3.48}}, {"type": "Feature", "geometry": {"type": "Point", "coordinates": [73.921294, 18.503611]}, "properties": {"depth": 6.9}}, {"type": "Feature", "geometry": {"type": "Point", "coordinates": [73.920901, 18.503659]}, "properties": {"depth": 1.22}}, {"type": "Feature", "geometry": {"type": "Point", "coordinates": [73.920258, 18.503682]}, "properties": {"depth": 4.01}}, {"type": "Feature", "geometry": {"type": "Point", "coordinates": [73.921268, 18.503709]}, "properties": {"depth": 6.9}}, {"type": "Feature", "geometry": {"type": "Point", "coordinates": [73.920666, 18.503839]}, "properties": {"depth": 6.59}}, {"type": "Feature", "geometry": {"type": "Point", "coordinates": [73.905773, 18.500483]}, "properties": {"depth": 15.36}}, {"type": "Feature", "geometry": {"type": "Point", "coordinates": [73.906501, 18.500489]}, "properties": {"depth": 15.08}}, {"type": "Feature", "geometry": {"type": "Point", "coordinates": [73.906354, 18.500497]}, "properties": {"depth": 15.08}}, {"type": "Feature", "geometry": {"type": "Point", "coordinates": [73.906207, 18.500509]}, "properties": {"depth": 15.51}}, {"type": "Feature", "geometry": {"type": "Point", "coordinates": [73.906062, 18.500527]}, "properties": {"depth": 15.51}}, {"type": "Feature", "geometry": {"type": "Point", "coordinates": [73.907022, 18.501063]}, "properties": {"depth": 15.31}}, {"type": "Feature", "geometry": {"type": "Point", "coordinates": [73.905827, 18.501059]}, "properties": {"depth": 16.25}}, {"type": "Feature", "geometry": {"type": "Point", "coordinates": [73.907192, 18.501098]}, "properties": {"depth": 12.33}}, {"type": "Feature", "geometry": {"type": "Point", "coordinates": [73.90687, 18.501129]}, "properties": {"depth": 15.31}}, {"type": "Feature", "geometry": {"type": "Point", "coordinates": [73.906123, 18.501158]}, "properties": {"depth": 16.11}}, {"type": "Feature", "geometry": {"type": "Point", "coordinates": [73.906417, 18.50127]}, "properties": {"depth": 13.22}}, {"type": "Feature", "geometry": {"type": "Point", "coordinates": [73.905568, 18.501308]}, "properties": {"depth": 17.25}}, {"type": "Feature", "geometry": {"type": "Point", "coordinates": [73.905851, 18.501579]}, "properties": {"depth": 14.49}}, {"type": "Feature", "geometry": {"type": "Point", "coordinates": [73.907325, 18.501648]}, "properties": {"depth": 18.05}}, {"type": "Feature", "geometry": {"type": "Point", "coordinates": [73.907219, 18.501663]}, "properties": {"depth": 18.05}}, {"type": "Feature", "geometry": {"type": "Point", "coordinates": [73.907015, 18.50168]}, "properties": {"depth": 14.58}}, {"type": "Feature", "geometry": {"type": "Point", "coordinates": [73.905629, 18.501819]}, "properties": {"depth": 9.61}}, {"type": "Feature", "geometry": {"type": "Point", "coordinates": [73.906882, 18.501955]}, "properties": {"depth": 18.0}}, {"type": "Feature", "geometry": {"type": "Point", "coordinates": [73.907265, 18.501971]}, "properties": {"depth": 13.93}}, {"type": "Feature", "geometry": {"type": "Point", "coordinates": [73.906922, 18.503368]}, "properties": {"depth": 19.34}}, {"type": "Feature", "geometry": {"type": "Point", "coordinates": [73.905365, 18.500435]}, "properties": {"depth": 12.64}}, {"type": "Feature", "geometry": {"type": "Point", "coordinates": [73.905388, 18.500724]}, "properties": {"depth": 13.74}}, {"type": "Feature", "geometry": {"type": "Point", "coordinates": [73.905336, 18.501308]}, "properties": {"depth": 12.4}}, {"type": "Feature", "geometry": {"type": "Point", "coordinates": [73.905378, 18.501784]}, "properties": {"depth": 12.66}}, {"type": "Feature", "geometry": {"type": "Point", "coordinates": [73.920246, 18.503896]}, "properties": {"depth": 5.12}}, {"type": "Feature", "geometry": {"type": "Point", "coordinates": [73.920528, 18.504036]}, "properties": {"depth": 7.75}}, {"type": "Feature", "geometry": {"type": "Point", "coordinates": [73.906934, 18.503505]}, "properties": {"depth": 19.75}}, {"type": "Feature", "geometry": {"type": "Point", "coordinates": [73.907084, 18.50374]}, "properties": {"depth": 19.27}}, {"type": "Feature", "geometry": {"type": "Point", "coordinates": [73.925065, 18.502458]}, "properties": {"depth": 8.69}}, {"type": "Feature", "geometry": {"type": "Point", "coordinates": [73.925072, 18.502595]}, "properties": {"depth": 8.69}}, {"type": "Feature", "geometry": {"type": "Point", "coordinates": [73.925276, 18.502627]}, "properties": {"depth": 10.69}}, {"type": "Feature", "geometry": {"type": "Point", "coordinates": [73.924232, 18.502716]}, "properties": {"depth": 10.75}}, {"type": "Feature", "geometry": {"type": "Point", "coordinates": [73.925099, 18.502746]}, "properties": {"depth": 8.06}}, {"type": "Feature", "geometry": {"type": "Point", "coordinates": [73.924964, 18.502784]}, "properties": {"depth": 8.06}}, {"type": "Feature", "geometry": {"type": "Point", "coordinates": [73.92483, 18.502817]}, "properties": {"depth": 9.36}}, {"type": "Feature", "geometry": {"type": "Point", "coordinates": [73.922968, 18.502778]}, "properties": {"depth": 9.38}}, {"type": "Feature", "geometry": {"type": "Point", "coordinates": [73.922791, 18.502786]}, "properties": {"depth": 9.26}}, {"type": "Feature", "geometry": {"type": "Point", "coordinates": [73.922485, 18.503115]}, "properties": {"depth": 5.16}}, {"type": "Feature", "geometry": {"type": "Point", "coordinates": [73.922788, 18.503156]}, "properties": {"depth": 7.88}}, {"type": "Feature", "geometry": {"type": "Point", "coordinates": [73.923354, 18.503188]}, "properties": {"depth": 4.3}}, {"type": "Feature", "geometry": {"type": "Point", "coordinates": [73.923599, 18.503774]}, "properties": {"depth": 12.42}}, {"type": "Feature", "geometry": {"type": "Point", "coordinates": [73.923647, 18.503875]}, "properties": {"depth": 12.42}}, {"type": "Feature", "geometry": {"type": "Point", "coordinates": [73.922832, 18.503972]}, "properties": {"depth": 11.54}}, {"type": "Feature", "geometry": {"type": "Point", "coordinates": [73.923565, 18.504006]}, "properties": {"depth": 12.42}}, {"type": "Feature", "geometry": {"type": "Point", "coordinates": [73.922684, 18.504001]}, "properties": {"depth": 11.54}}, {"type": "Feature", "geometry": {"type": "Point", "coordinates": [73.922352, 18.504116]}, "properties": {"depth": 10.17}}, {"type": "Feature", "geometry": {"type": "Point", "coordinates": [73.922766, 18.504391]}, "properties": {"depth": 11.95}}, {"type": "Feature", "geometry": {"type": "Point", "coordinates": [73.92258, 18.504464]}, "properties": {"depth": 12.28}}, {"type": "Feature", "geometry": {"type": "Point", "coordinates": [73.92229, 18.504539]}, "properties": {"depth": 11.8}}, {"type": "Feature", "geometry": {"type": "Point", "coordinates": [73.929924, 18.513339]}, "properties": {"depth": 8.89}}, {"type": "Feature", "geometry": {"type": "Point", "coordinates": [73.930218, 18.513342]}, "properties": {"depth": 10.49}}, {"type": "Feature", "geometry": {"type": "Point", "coordinates": [73.929672, 18.51334]}, "properties": {"depth": 9.0}}, {"type": "Feature", "geometry": {"type": "Point", "coordinates": [73.930068, 18.513352]}, "properties": {"depth": 8.89}}, {"type": "Feature", "geometry": {"type": "Point", "coordinates": [73.931512, 18.51296]}, "properties": {"depth": 10.72}}, {"type": "Feature", "geometry": {"type": "Point", "coordinates": [73.931792, 18.512964]}, "properties": {"depth": 10.54}}, {"type": "Feature", "geometry": {"type": "Point", "coordinates": [73.931216, 18.51299]}, "properties": {"depth": 11.96}}, {"type": "Feature", "geometry": {"type": "Point", "coordinates": [73.93183, 18.513203]}, "properties": {"depth": 11.39}}, {"type": "Feature", "geometry": {"type": "Point", "coordinates": [73.931653, 18.513217]}, "properties": {"depth": 9.27}}, {"type": "Feature", "geometry": {"type": "Point", "coordinates": [73.931855, 18.513644]}, "properties": {"depth": 10.32}}, {"type": "Feature", "geometry": {"type": "Point", "coordinates": [73.931127, 18.513748]}, "properties": {"depth": 11.28}}, {"type": "Feature", "geometry": {"type": "Point", "coordinates": [73.931856, 18.51379]}, "properties": {"depth": 11.32}}, {"type": "Feature", "geometry": {"type": "Point", "coordinates": [73.931668, 18.513795]}, "properties": {"depth": 10.36}}, {"type": "Feature", "geometry": {"type": "Point", "coordinates": [73.931339, 18.513854]}, "properties": {"depth": 9.78}}, {"type": "Feature", "geometry": {"type": "Point", "coordinates": [73.931843, 18.513926]}, "properties": {"depth": 11.32}}, {"type": "Feature", "geometry": {"type": "Point", "coordinates": [73.93168, 18.51394]}, "properties": {"depth": 10.36}}, {"type": "Feature", "geometry": {"type": "Point", "coordinates": [73.931855, 18.514066]}, "properties": {"depth": 12.69}}, {"type": "Feature", "geometry": {"type": "Point", "coordinates": [73.931383, 18.514071]}, "properties": {"depth": 8.74}}, {"type": "Feature", "geometry": {"type": "Point", "coordinates": [73.931668, 18.514073]}, "properties": {"depth": 11.45}}, {"type": "Feature", "geometry": {"type": "Point", "coordinates": [73.932197, 18.513453]}, "properties": {"depth": 11.58}}, {"type": "Feature", "geometry": {"type": "Point", "coordinates": [73.932214, 18.513585]}, "properties": {"depth": 10.36}}, {"type": "Feature", "geometry": {"type": "Point", "coordinates": [73.932164, 18.513738]}, "properties": {"depth": 10.36}}, {"type": "Feature", "geometry": {"type": "Point", "coordinates": [73.932172, 18.513912]}, "properties": {"depth": 10.18}}, {"type": "Feature", "geometry": {"type": "Point", "coordinates": [73.932178, 18.514079]}, "properties": {"depth": 10.91}}, {"type": "Feature", "geometry": {"type": "Point", "coordinates": [73.932171, 18.514258]}, "properties": {"depth": 10.91}}, {"type": "Feature", "geometry": {"type": "Point", "coordinates": [73.932028, 18.514943]}, "properties": {"depth": 12.84}}, {"type": "Feature", "geometry": {"type": "Point", "coordinates": [73.932372, 18.515107]}, "properties": {"depth": 11.38}}, {"type": "Feature", "geometry": {"type": "Point", "coordinates": [73.927395, 18.514191]}, "properties": {"depth": 9.17}}, {"type": "Feature", "geometry": {"type": "Point", "coordinates": [73.927808, 18.516319]}, "properties": {"depth": 10.45}}, {"type": "Feature", "geometry": {"type": "Point", "coordinates": [73.928139, 18.516653]}, "properties": {"depth": 9.16}}, {"type": "Feature", "geometry": {"type": "Point", "coordinates": [73.927078, 18.517003]}, "properties": {"depth": 7.44}}, {"type": "Feature", "geometry": {"type": "Point", "coordinates": [73.92759, 18.517145]}, "properties": {"depth": 10.29}}, {"type": "Feature", "geometry": {"type": "Point", "coordinates": [73.927431, 18.51769]}, "properties": {"depth": 8.99}}, {"type": "Feature", "geometry": {"type": "Point", "coordinates": [73.93135, 18.513277]}, "properties": {"depth": 9.69}}, {"type": "Feature", "geometry": {"type": "Point", "coordinates": [73.931209, 18.513275]}, "properties": {"depth": 9.47}}, {"type": "Feature", "geometry": {"type": "Point", "coordinates": [73.931061, 18.513295]}, "properties": {"depth": 9.47}}, {"type": "Feature", "geometry": {"type": "Point", "coordinates": [73.931645, 18.513351]}, "properties": {"depth": 9.27}}, {"type": "Feature", "geometry": {"type": "Point", "coordinates": [73.931842, 18.513379]}, "properties": {"depth": 11.39}}, {"type": "Feature", "geometry": {"type": "Point", "coordinates": [73.931361, 18.513458]}, "properties": {"depth": 9.69}}, {"type": "Feature", "geometry": {"type": "Point", "coordinates": [73.931224, 18.513463]}, "properties": {"depth": 9.47}}, {"type": "Feature", "geometry": {"type": "Point", "coordinates": [73.931071, 18.513475]}, "properties": {"depth": 11.28}}, {"type": "Feature", "geometry": {"type": "Point", "coordinates": [73.931645, 18.513509]}, "properties": {"depth": 10.63}}, {"type": "Feature", "geometry": {"type": "Point", "coordinates": [73.931657, 18.51364]}, "properties": {"depth": 10.63}}, {"type": "Feature", "geometry": {"type": "Point", "coordinates": [73.930878, 18.513367]}, "properties": {"depth": 8.59}}, {"type": "Feature", "geometry": {"type": "Point", "coordinates": [73.930448, 18.513483]}, "properties": {"depth": 10.34}}, {"type": "Feature", "geometry": {"type": "Point", "coordinates": [73.930225, 18.513507]}, "properties": {"depth": 10.41}}, {"type": "Feature", "geometry": {"type": "Point", "coordinates": [73.930074, 18.513523]}, "properties": {"depth": 10.06}}, {"type": "Feature", "geometry": {"type": "Point", "coordinates": [73.930878, 18.513536]}, "properties": {"depth": 10.23}}, {"type": "Feature", "geometry": {"type": "Point", "coordinates": [73.929926, 18.513532]}, "properties": {"depth": 10.06}}, {"type": "Feature", "geometry": {"type": "Point", "coordinates": [73.930474, 18.513624]}, "properties": {"depth": 10.34}}, {"type": "Feature", "geometry": {"type": "Point", "coordinates": [73.930872, 18.513691]}, "properties": {"depth": 10.23}}, {"type": "Feature", "geometry": {"type": "Point", "coordinates": [73.930475, 18.513792]}, "properties": {"depth": 9.33}}, {"type": "Feature", "geometry": {"type": "Point", "coordinates": [73.92967, 18.513819]}, "properties": {"depth": 11.57}}, {"type": "Feature", "geometry": {"type": "Point", "coordinates": [73.929368, 18.513349]}, "properties": {"depth": 8.32}}, {"type": "Feature", "geometry": {"type": "Point", "coordinates": [73.929521, 18.513362]}, "properties": {"depth": 8.32}}, {"type": "Feature", "geometry": {"type": "Point", "coordinates": [73.929379, 18.513553]}, "properties": {"depth": 8.35}}, {"type": "Feature", "geometry": {"type": "Point", "coordinates": [73.929071, 18.51358]}, "properties": {"depth": 8.05}}, {"type": "Feature", "geometry": {"type": "Point", "coordinates": [73.929074, 18.513807]}, "properties": {"depth": 9.02}}, {"type": "Feature", "geometry": {"type": "Point", "coordinates": [73.929372, 18.513896]}, "properties": {"depth": 9.58}}, {"type": "Feature", "geometry": {"type": "Point", "coordinates": [73.930878, 18.513898]}, "properties": {"depth": 11.59}}, {"type": "Feature", "geometry": {"type": "Point", "coordinates": [73.930106, 18.513878]}, "properties": {"depth": 12.4}}, {"type": "Feature", "geometry": {"type": "Point", "coordinates": [73.930495, 18.513943]}, "properties": {"depth": 9.33}}, {"type": "Feature", "geometry": {"type": "Point", "coordinates": [73.929761, 18.514082]}, "properties": {"depth": 11.2}}, {"type": "Feature", "geometry": {"type": "Point", "coordinates": [73.930407, 18.514124]}, "properties": {"depth": 9.97}}, {"type": "Feature", "geometry": {"type": "Point", "coordinates": [73.930142, 18.514364]}, "properties": {"depth": 8.6}}, {"type": "Feature", "geometry": {"type": "Point", "coordinates": [73.929845, 18.514427]}, "properties": {"depth": 8.07}}, {"type": "Feature", "geometry": {"type": "Point", "coordinates": [73.929655, 18.514448]}, "properties": {"depth": 8.07}}, {"type": "Feature", "geometry": {"type": "Point", "coordinates": [73.929765, 18.515097]}, "properties": {"depth": 9.47}}, {"type": "Feature", "geometry": {"type": "Point", "coordinates": [73.930464, 18.515315]}, "properties": {"depth": 10.17}}, {"type": "Feature", "geometry": {"type": "Point", "coordinates": [73.930944, 18.514129]}, "properties": {"depth": 8.69}}, {"type": "Feature", "geometry": {"type": "Point", "coordinates": [73.931664, 18.514332]}, "properties": {"depth": 7.99}}, {"type": "Feature", "geometry": {"type": "Point", "coordinates": [73.931937, 18.514346]}, "properties": {"depth": 7.42}}, {"type": "Feature", "geometry": {"type": "Point", "coordinates": [73.931459, 18.514354]}, "properties": {"depth": 8.26}}, {"type": "Feature", "geometry": {"type": "Point", "coordinates": [73.931716, 18.514954]}, "properties": {"depth": 11.27}}, {"type": "Feature", "geometry": {"type": "Point", "coordinates": [73.931552, 18.515019]}, "properties": {"depth": 11.27}}, {"type": "Feature", "geometry": {"type": "Point", "coordinates": [73.931256, 18.51511]}, "properties": {"depth": 7.68}}, {"type": "Feature", "geometry": {"type": "Point", "coordinates": [73.931886, 18.515251]}, "properties": {"depth": 11.15}}, {"type": "Feature", "geometry": {"type": "Point", "coordinates": [73.931535, 18.515255]}, "properties": {"depth": 12.87}}, {"type": "Feature", "geometry": {"type": "Point", "coordinates": [73.931112, 18.515256]}, "properties": {"depth": 10.78}}, {"type": "Feature", "geometry": {"type": "Point", "coordinates": [73.930942, 18.515372]}, "properties": {"depth": 9.21}}, {"type": "Feature", "geometry": {"type": "Point", "coordinates": [73.931304, 18.515443]}, "properties": {"depth": 10.64}}, {"type": "Feature", "geometry": {"type": "Point", "coordinates": [73.930951, 18.515534]}, "properties": {"depth": 11.04}}, {"type": "Feature", "geometry": {"type": "Point", "coordinates": [73.931849, 18.515626]}, "properties": {"depth": 11.3}}, {"type": "Feature", "geometry": {"type": "Point", "coordinates": [73.931543, 18.51563]}, "properties": {"depth": 12.54}}, {"type": "Feature", "geometry": {"type": "Point", "coordinates": [73.930956, 18.515708]}, "properties": {"depth": 12.46}}, {"type": "Feature", "geometry": {"type": "Point", "coordinates": [73.931636, 18.515903]}, "properties": {"depth": 13.41}}, {"type": "Feature", "geometry": {"type": "Point", "coordinates": [73.9314, 18.515924]}, "properties": {"depth": 12.11}}, {"type": "Feature", "geometry": {"type": "Point", "coordinates": [73.931187, 18.515937]}, "properties": {"depth": 12.41}}, {"type": "Feature", "geometry": {"type": "Point", "coordinates": [73.931832, 18.516078]}, "properties": {"depth": 12.21}}, {"type": "Feature", "geometry": {"type": "Point", "coordinates": [73.929092, 18.514037]}, "properties": {"depth": 9.85}}, {"type": "Feature", "geometry": {"type": "Point", "coordinates": [73.929103, 18.514229]}, "properties": {"depth": 9.85}}, {"type": "Feature", "geometry": {"type": "Point", "coordinates": [73.929128, 18.514433]}, "properties": {"depth": 7.91}}, {"type": "Feature", "geometry": {"type": "Point", "coordinates": [73.929506, 18.514436]}, "properties": {"depth": 7.57}}, {"type": "Feature", "geometry": {"type": "Point", "coordinates": [73.929337, 18.514458]}, "properties": {"depth": 7.57}}, {"type": "Feature", "geometry": {"type": "Point", "coordinates": [73.929205, 18.515558]}, "properties": {"depth": 5.67}}, {"type": "Feature", "geometry": {"type": "Point", "coordinates": [73.928449, 18.516953]}, "properties": {"depth": 8.39}}, {"type": "Feature", "geometry": {"type": "Point", "coordinates": [73.930564, 18.515556]}, "properties": {"depth": 12.19}}, {"type": "Feature", "geometry": {"type": "Point", "coordinates": [73.930574, 18.515694]}, "properties": {"depth": 12.19}}, {"type": "Feature", "geometry": {"type": "Point", "coordinates": [73.929778, 18.515728]}, "properties": {"depth": 12.72}}, {"type": "Feature", "geometry": {"type": "Point", "coordinates": [73.93057, 18.515919]}, "properties": {"depth": 12.7}}, {"type": "Feature", "geometry": {"type": "Point", "coordinates": [73.930342, 18.515955]}, "properties": {"depth": 13.72}}, {"type": "Feature", "geometry": {"type": "Point", "coordinates": [73.929999, 18.515979]}, "properties": {"depth": 13.7}}, {"type": "Feature", "geometry": {"type": "Point", "coordinates": [73.930365, 18.516146]}, "properties": {"depth": 12.39}}, {"type": "Feature", "geometry": {"type": "Point", "coordinates": [73.930004, 18.516162]}, "properties": {"depth": 13.7}}, {"type": "Feature", "geometry": {"type": "Point", "coordinates": [73.929813, 18.51618]}, "properties": {"depth": 12.04}}, {"type": "Feature", "geometry": {"type": "Point", "coordinates": [73.931665, 18.516081]}, "properties": {"depth": 13.15}}, {"type": "Feature", "geometry": {"type": "Point", "coordinates": [73.9315, 18.516092]}, "properties": {"depth": 12.87}}, {"type": "Feature", "geometry": {"type": "Point", "coordinates": [73.931338, 18.516504]}, "properties": {"depth": 13.54}}, {"type": "Feature", "geometry": {"type": "Point", "coordinates": [73.925067, 18.515471]}, "properties": {"depth": 10.67}}, {"type": "Feature", "geometry": {"type": "Point", "coordinates": [73.925589, 18.517153]}, "properties": {"depth": 9.16}}, {"type": "Feature", "geometry": {"type": "Point", "coordinates": [73.924084, 18.518655]}, "properties": {"depth": 14.01}}, {"type": "Feature", "geometry": {"type": "Point", "coordinates": [73.924098, 18.519008]}, "properties": {"depth": 13.93}}, {"type": "Feature", "geometry": {"type": "Point", "coordinates": [73.926649, 18.517786]}, "properties": {"depth": 10.39}}, {"type": "Feature", "geometry": {"type": "Point", "coordinates": [73.926048, 18.51866]}, "properties": {"depth": 14.55}}, {"type": "Feature", "geometry": {"type": "Point", "coordinates": [73.924462, 18.519051]}, "properties": {"depth": 6.93}}, {"type": "Feature", "geometry": {"type": "Point", "coordinates": [73.924796, 18.51909]}, "properties": {"depth": 3.76}}, {"type": "Feature", "geometry": {"type": "Point", "coordinates": [73.925244, 18.519114]}, "properties": {"depth": 8.65}}, {"type": "Feature", "geometry": {"type": "Point", "coordinates": [73.925225, 18.519569]}, "properties": {"depth": 14.71}}, {"type": "Feature", "geometry": {"type": "Point", "coordinates": [73.924184, 18.519658]}, "properties": {"depth": 16.68}}, {"type": "Feature", "geometry": {"type": "Point", "coordinates": [73.924942, 18.519787]}, "properties": {"depth": 19.2}}, {"type": "Feature", "geometry": {"type": "Point", "coordinates": [73.925487, 18.519848]}, "properties": {"depth": 18.36}}, {"type": "Feature", "geometry": {"type": "Point", "coordinates": [73.924471, 18.520074]}, "properties": {"depth": 10.44}}, {"type": "Feature", "geometry": {"type": "Point", "coordinates": [73.924843, 18.520697]}, "properties": {"depth": 15.38}}, {"type": "Feature", "geometry": {"type": "Point", "coordinates": [73.925351, 18.520814]}, "properties": {"depth": 10.86}}, {"type": "Feature", "geometry": {"type": "Point", "coordinates": [73.926061, 18.519155]}, "properties": {"depth": 10.29}}, {"type": "Feature", "geometry": {"type": "Point", "coordinates": [73.925669, 18.519168]}, "properties": {"depth": 8.37}}, {"type": "Feature", "geometry": {"type": "Point", "coordinates": [73.92599, 18.519626]}, "properties": {"depth": 17.29}}, {"type": "Feature", "geometry": {"type": "Point", "coordinates": [73.926311, 18.519708]}, "properties": {"depth": 20.07}}, {"type": "Feature", "geometry": {"type": "Point", "coordinates": [73.926144, 18.519729]}, "properties": {"depth": 17.29}}, {"type": "Feature", "geometry": {"type": "Point", "coordinates": [73.925966, 18.519888]}, "properties": {"depth": 16.79}}, {"type": "Feature", "geometry": {"type": "Point", "coordinates": [73.926771, 18.520521]}, "properties": {"depth": 15.93}}, {"type": "Feature", "geometry": {"type": "Point", "coordinates": [73.925809, 18.520935]}, "properties": {"depth": 12.57}}, {"type": "Feature", "geometry": {"type": "Point", "coordinates": [73.926269, 18.521058]}, "properties": {"depth": 14.12}}, {"type": "Feature", "geometry": {"type": "Point", "coordinates": [73.926005, 18.521444]}, "properties": {"depth": 14.62}}, {"type": "Feature", "geometry": {"type": "Point", "coordinates": [73.926462, 18.521459]}, "properties": {"depth": 16.91}}, {"type": "Feature", "geometry": {"type": "Point", "coordinates": [73.92456, 18.520972]}, "properties": {"depth": 16.63}}, {"type": "Feature", "geometry": {"type": "Point", "coordinates": [73.924691, 18.521106]}, "properties": {"depth": 20.12}}, {"type": "Feature", "geometry": {"type": "Point", "coordinates": [73.924928, 18.521179]}, "properties": {"depth": 14.75}}, {"type": "Feature", "geometry": {"type": "Point", "coordinates": [73.925417, 18.52129]}, "properties": {"depth": 15.11}}, {"type": "Feature", "geometry": {"type": "Point", "coordinates": [73.924463, 18.521368]}, "properties": {"depth": 16.9}}, {"type": "Feature", "geometry": {"type": "Point", "coordinates": [73.925334, 18.521645]}, "properties": {"depth": 16.88}}, {"type": "Feature", "geometry": {"type": "Point", "coordinates": [73.923624, 18.520497]}, "properties": {"depth": 16.9}}, {"type": "Feature", "geometry": {"type": "Point", "coordinates": [73.923812, 18.521125]}, "properties": {"depth": 17.65}}, {"type": "Feature", "geometry": {"type": "Point", "coordinates": [73.923494, 18.519331]}, "properties": {"depth": 9.1}}, {"type": "Feature", "geometry": {"type": "Point", "coordinates": [73.923722, 18.519527]}, "properties": {"depth": 9.1}}, {"type": "Feature", "geometry": {"type": "Point", "coordinates": [73.923626, 18.519568]}, "properties": {"depth": 9.1}}, {"type": "Feature", "geometry": {"type": "Point", "coordinates": [73.923305, 18.520241]}, "properties": {"depth": 15.34}}, {"type": "Feature", "geometry": {"type": "Point", "coordinates": [73.872536, 18.519728]}, "properties": {"depth": 4.58}}, {"type": "Feature", "geometry": {"type": "Point", "coordinates": [73.872565, 18.520185]}, "properties": {"depth": 11.11}}, {"type": "Feature", "geometry": {"type": "Point", "coordinates": [73.872591, 18.520951]}, "properties": {"depth": 11.82}}, {"type": "Feature", "geometry": {"type": "Point", "coordinates": [73.872217, 18.522439]}, "properties": {"depth": 9.4}}, {"type": "Feature", "geometry": {"type": "Point", "coordinates": [73.875266, 18.519333]}, "properties": {"depth": 8.47}}, {"type": "Feature", "geometry": {"type": "Point", "coordinates": [73.873724, 18.519539]}, "properties": {"depth": 4.25}}, {"type": "Feature", "geometry": {"type": "Point", "coordinates": [73.873358, 18.519712]}, "properties": {"depth": 3.98}}, {"type": "Feature", "geometry": {"type": "Point", "coordinates": [73.872975, 18.519718]}, "properties": {"depth": 3.06}}, {"type": "Feature", "geometry": {"type": "Point", "coordinates": [73.873797, 18.519835]}, "properties": {"depth": 2.96}}, {"type": "Feature", "geometry": {"type": "Point", "coordinates": [73.873465, 18.519943]}, "properties": {"depth": 6.01}}, {"type": "Feature", "geometry": {"type": "Point", "coordinates": [73.873153, 18.52002]}, "properties": {"depth": 6.32}}, {"type": "Feature", "geometry": {"type": "Point", "coordinates": [73.872825, 18.520037]}, "properties": {"depth": 5.68}}, {"type": "Feature", "geometry": {"type": "Point", "coordinates": [73.873788, 18.520371]}, "properties": {"depth": 8.05}}, {"type": "Feature", "geometry": {"type": "Point", "coordinates": [73.873576, 18.520489]}, "properties": {"depth": 6.85}}, {"type": "Feature", "geometry": {"type": "Point", "coordinates": [73.873843, 18.52053]}, "properties": {"depth": 5.56}}, {"type": "Feature", "geometry": {"type": "Point", "coordinates": [73.872878, 18.520615]}, "properties": {"depth": 12.77}}, {"type": "Feature", "geometry": {"type": "Point", "coordinates": [73.873436, 18.520832]}, "properties": {"depth": 8.91}}, {"type": "Feature", "geometry": {"type": "Point", "coordinates": [73.873187, 18.520857]}, "properties": {"depth": 12.6}}, {"type": "Feature", "geometry": {"type": "Point", "coordinates": [73.873621, 18.521146]}, "properties": {"depth": 12.98}}, {"type": "Feature", "geometry": {"type": "Point", "coordinates": [73.875627, 18.519737]}, "properties": {"depth": 8.96}}, {"type": "Feature", "geometry": {"type": "Point", "coordinates": [73.87588, 18.519855]}, "properties": {"depth": 3.49}}, {"type": "Feature", "geometry": {"type": "Point", "coordinates": [73.876148, 18.520178]}, "properties": {"depth": 7.18}}, {"type": "Feature", "geometry": {"type": "Point", "coordinates": [73.87594, 18.520213]}, "properties": {"depth": 10.69}}, {"type": "Feature", "geometry": {"type": "Point", "coordinates": [73.876041, 18.520489]}, "properties": {"depth": 8.25}}, {"type": "Feature", "geometry": {"type": "Point", "coordinates": [73.876135, 18.520735]}, "properties": {"depth": 7.27}}, {"type": "Feature", "geometry": {"type": "Point", "coordinates": [73.875075, 18.52102]}, "properties": {"depth": 12.16}}, {"type": "Feature", "geometry": {"type": "Point", "coordinates": [73.875215, 18.52109]}, "properties": {"depth": 11.35}}, {"type": "Feature", "geometry": {"type": "Point", "coordinates": [73.875549, 18.521422]}, "properties": {"depth": 8.08}}, {"type": "Feature", "geometry": {"type": "Point", "coordinates": [73.874604, 18.519357]}, "properties": {"depth": 9.78}}, {"type": "Feature", "geometry": {"type": "Point", "coordinates": [73.873943, 18.520293]}, "properties": {"depth": 8.05}}, {"type": "Feature", "geometry": {"type": "Point", "coordinates": [73.87439, 18.522012]}, "properties": {"depth": 4.26}}, {"type": "Feature", "geometry": {"type": "Point", "coordinates": [73.87394, 18.522123]}, "properties": {"depth": 6.45}}, {"type": "Feature", "geometry": {"type": "Point", "coordinates": [73.874919, 18.522201]}, "properties": {"depth": 10.75}}, {"type": "Feature", "geometry": {"type": "Point", "coordinates": [73.874159, 18.522299]}, "properties": {"depth": 8.55}}, {"type": "Feature", "geometry": {"type": "Point", "coordinates": [73.874459, 18.522309]}, "properties": {"depth": 7.06}}, {"type": "Feature", "geometry": {"type": "Point", "coordinates": [73.874295, 18.523157]}, "properties": {"depth": 6.19}}, {"type": "Feature", "geometry": {"type": "Point", "coordinates": [73.873441, 18.521246]}, "properties": {"depth": 12.31}}, {"type": "Feature", "geometry": {"type": "Point", "coordinates": [73.873085, 18.521358]}, "properties": {"depth": 8.56}}, {"type": "Feature", "geometry": {"type": "Point", "coordinates": [73.873285, 18.521406]}, "properties": {"depth": 9.94}}, {"type": "Feature", "geometry": {"type": "Point", "coordinates": [73.872751, 18.521768]}, "properties": {"depth": 9.79}}, {"type": "Feature", "geometry": {"type": "Point", "coordinates": [73.873152, 18.521803]}, "properties": {"depth": 8.43}}, {"type": "Feature", "geometry": {"type": "Point", "coordinates": [73.873577, 18.521989]}, "properties": {"depth": 9.4}}, {"type": "Feature", "geometry": {"type": "Point", "coordinates": [73.873511, 18.522184]}, "properties": {"depth": 5.71}}, {"type": "Feature", "geometry": {"type": "Point", "coordinates": [73.872939, 18.522471]}, "properties": {"depth": 4.99}}, {"type": "Feature", "geometry": {"type": "Point", "coordinates": [73.872999, 18.522831]}, "properties": {"depth": 7.48}}, {"type": "Feature", "geometry": {"type": "Point", "coordinates": [73.873281, 18.522977]}, "properties": {"depth": 6.49}}, {"type": "Feature", "geometry": {"type": "Point", "coordinates": [73.875094, 18.522026]}, "properties": {"depth": 11.4}}, {"type": "Feature", "geometry": {"type": "Point", "coordinates": [73.875677, 18.522486]}, "properties": {"depth": 12.77}}, {"type": "Feature", "geometry": {"type": "Point", "coordinates": [73.87508, 18.522604]}, "properties": {"depth": 2.96}}, {"type": "Feature", "geometry": {"type": "Point", "coordinates": [73.875715, 18.522919]}, "properties": {"depth": 10.94}}, {"type": "Feature", "geometry": {"type": "Point", "coordinates": [73.875148, 18.522907]}, "properties": {"depth": 10.4}}, {"type": "Feature", "geometry": {"type": "Point", "coordinates": [73.875425, 18.522945]}, "properties": {"depth": 7.02}}, {"type": "Feature", "geometry": {"type": "Point", "coordinates": [73.875018, 18.5231]}, "properties": {"depth": 11.41}}, {"type": "Feature", "geometry": {"type": "Point", "coordinates": [73.875441, 18.523152]}, "properties": {"depth": 7.02}}, {"type": "Feature", "geometry": {"type": "Point", "coordinates": [73.873062, 18.523186]}, "properties": {"depth": 10.62}}, {"type": "Feature", "geometry": {"type": "Point", "coordinates": [73.873585, 18.523202]}, "properties": {"depth": 4.57}}, {"type": "Feature", "geometry": {"type": "Point", "coordinates": [73.872976, 18.523465]}, "properties": {"depth": 6.11}}, {"type": "Feature", "geometry": {"type": "Point", "coordinates": [73.870648, 18.536834]}, "properties": {"depth": 0.92}}, {"type": "Feature", "geometry": {"type": "Point", "coordinates": [73.851178, 18.500143]}, "properties": {"depth": 8.73}}, {"type": "Feature", "geometry": {"type": "Point", "coordinates": [73.851089, 18.500255]}, "properties": {"depth": 8.73}}, {"type": "Feature", "geometry": {"type": "Point", "coordinates": [73.854371, 18.499413]}, "properties": {"depth": 2.11}}, {"type": "Feature", "geometry": {"type": "Point", "coordinates": [73.85484, 18.499503]}, "properties": {"depth": 2.06}}, {"type": "Feature", "geometry": {"type": "Point", "coordinates": [73.854615, 18.49955]}, "properties": {"depth": 2.06}}, {"type": "Feature", "geometry": {"type": "Point", "coordinates": [73.854821, 18.499805]}, "properties": {"depth": 1.72}}, {"type": "Feature", "geometry": {"type": "Point", "coordinates": [73.854662, 18.499828]}, "properties": {"depth": 1.72}}, {"type": "Feature", "geometry": {"type": "Point", "coordinates": [73.854545, 18.499892]}, "properties": {"depth": 0.06}}, {"type": "Feature", "geometry": {"type": "Point", "coordinates": [73.854433, 18.499909]}, "properties": {"depth": 0.06}}, {"type": "Feature", "geometry": {"type": "Point", "coordinates": [73.854668, 18.500399]}, "properties": {"depth": 1.58}}, {"type": "Feature", "geometry": {"type": "Point", "coordinates": [73.85447, 18.500792]}, "properties": {"depth": 2.09}}, {"type": "Feature", "geometry": {"type": "Point", "coordinates": [73.854167, 18.499938]}, "properties": {"depth": 0.76}}, {"type": "Feature", "geometry": {"type": "Point", "coordinates": [73.853337, 18.499296]}, "properties": {"depth": 1.81}}, {"type": "Feature", "geometry": {"type": "Point", "coordinates": [73.853, 18.500875]}, "properties": {"depth": 7.0}}, {"type": "Feature", "geometry": {"type": "Point", "coordinates": [73.85254, 18.502887]}, "properties": {"depth": 14.85}}, {"type": "Feature", "geometry": {"type": "Point", "coordinates": [73.852569, 18.503377]}, "properties": {"depth": 3.0}}, {"type": "Feature", "geometry": {"type": "Point", "coordinates": [73.852687, 18.503961]}, "properties": {"depth": 5.57}}, {"type": "Feature", "geometry": {"type": "Point", "coordinates": [73.849678, 18.501254]}, "properties": {"depth": 6.87}}, {"type": "Feature", "geometry": {"type": "Point", "coordinates": [73.849557, 18.501312]}, "properties": {"depth": 4.51}}, {"type": "Feature", "geometry": {"type": "Point", "coordinates": [73.850525, 18.501174]}, "properties": {"depth": 18.97}}, {"type": "Feature", "geometry": {"type": "Point", "coordinates": [73.850367, 18.501475]}, "properties": {"depth": 8.94}}, {"type": "Feature", "geometry": {"type": "Point", "coordinates": [73.85018, 18.501744]}, "properties": {"depth": 7.04}}, {"type": "Feature", "geometry": {"type": "Point", "coordinates": [73.850611, 18.501819]}, "properties": {"depth": 7.16}}, {"type": "Feature", "geometry": {"type": "Point", "coordinates": [73.850496, 18.502151]}, "properties": {"depth": 3.93}}, {"type": "Feature", "geometry": {"type": "Point", "coordinates": [73.850296, 18.50233]}, "properties": {"depth": 3.95}}, {"type": "Feature", "geometry": {"type": "Point", "coordinates": [73.852017, 18.502998]}, "properties": {"depth": 1.13}}, {"type": "Feature", "geometry": {"type": "Point", "coordinates": [73.851761, 18.503161]}, "properties": {"depth": 0.99}}, {"type": "Feature", "geometry": {"type": "Point", "coordinates": [73.851546, 18.503206]}, "properties": {"depth": 2.35}}, {"type": "Feature", "geometry": {"type": "Point", "coordinates": [73.851678, 18.503425]}, "properties": {"depth": 2.35}}, {"type": "Feature", "geometry": {"type": "Point", "coordinates": [73.852136, 18.503442]}, "properties": {"depth": 2.4}}, {"type": "Feature", "geometry": {"type": "Point", "coordinates": [73.851937, 18.503453]}, "properties": {"depth": 5.01}}, {"type": "Feature", "geometry": {"type": "Point", "coordinates": [73.849423, 18.501353]}, "properties": {"depth": 4.51}}, {"type": "Feature", "geometry": {"type": "Point", "coordinates": [73.849561, 18.501572]}, "properties": {"depth": 3.96}}, {"type": "Feature", "geometry": {"type": "Point", "coordinates": [73.850005, 18.502012]}, "properties": {"depth": 5.84}}, {"type": "Feature", "geometry": {"type": "Point", "coordinates": [73.849901, 18.502365]}, "properties": {"depth": 5.93}}, {"type": "Feature", "geometry": {"type": "Point", "coordinates": [73.849992, 18.502531]}, "properties": {"depth": 5.93}}, {"type": "Feature", "geometry": {"type": "Point", "coordinates": [73.849878, 18.502532]}, "properties": {"depth": 5.93}}, {"type": "Feature", "geometry": {"type": "Point", "coordinates": [73.849732, 18.50279]}, "properties": {"depth": 8.07}}, {"type": "Feature", "geometry": {"type": "Point", "coordinates": [73.849497, 18.502803]}, "properties": {"depth": 9.03}}, {"type": "Feature", "geometry": {"type": "Point", "coordinates": [73.849573, 18.503036]}, "properties": {"depth": 9.19}}, {"type": "Feature", "geometry": {"type": "Point", "coordinates": [73.849387, 18.503032]}, "properties": {"depth": 9.19}}, {"type": "Feature", "geometry": {"type": "Point", "coordinates": [73.85071, 18.501539]}, "properties": {"depth": 5.19}}, {"type": "Feature", "geometry": {"type": "Point", "coordinates": [73.850663, 18.502142]}, "properties": {"depth": 3.93}}, {"type": "Feature", "geometry": {"type": "Point", "coordinates": [73.851242, 18.503126]}, "properties": {"depth": 4.37}}, {"type": "Feature", "geometry": {"type": "Point", "coordinates": [73.851244, 18.503319]}, "properties": {"depth": 4.54}}, {"type": "Feature", "geometry": {"type": "Point", "coordinates": [73.850972, 18.503488]}, "properties": {"depth": 7.79}}, {"type": "Feature", "geometry": {"type": "Point", "coordinates": [73.851181, 18.503862]}, "properties": {"depth": 3.28}}, {"type": "Feature", "geometry": {"type": "Point", "coordinates": [73.85093, 18.503957]}, "properties": {"depth": 5.45}}, {"type": "Feature", "geometry": {"type": "Point", "coordinates": [73.851353, 18.504154]}, "properties": {"depth": 2.61}}, {"type": "Feature", "geometry": {"type": "Point", "coordinates": [73.851184, 18.504155]}, "properties": {"depth": 3.95}}, {"type": "Feature", "geometry": {"type": "Point", "coordinates": [73.851017, 18.504159]}, "properties": {"depth": 3.95}}, {"type": "Feature", "geometry": {"type": "Point", "coordinates": [73.850146, 18.502337]}, "properties": {"depth": 3.95}}, {"type": "Feature", "geometry": {"type": "Point", "coordinates": [73.850022, 18.502363]}, "properties": {"depth": 5.93}}, {"type": "Feature", "geometry": {"type": "Point", "coordinates": [73.85049, 18.50245]}, "properties": {"depth": 5.33}}, {"type": "Feature", "geometry": {"type": "Point", "coordinates": [73.850645, 18.502468]}, "properties": {"depth": 5.33}}, {"type": "Feature", "geometry": {"type": "Point", "coordinates": [73.850294, 18.502512]}, "properties": {"depth": 6.65}}, {"type": "Feature", "geometry": {"type": "Point", "coordinates": [73.850146, 18.502528]}, "properties": {"depth": 6.65}}, {"type": "Feature", "geometry": {"type": "Point", "coordinates": [73.85002, 18.502785]}, "properties": {"depth": 8.24}}, {"type": "Feature", "geometry": {"type": "Point", "coordinates": [73.850448, 18.502893]}, "properties": {"depth": 7.13}}, {"type": "Feature", "geometry": {"type": "Point", "coordinates": [73.85024, 18.503351]}, "properties": {"depth": 8.07}}, {"type": "Feature", "geometry": {"type": "Point", "coordinates": [73.850533, 18.503373]}, "properties": {"depth": 8.08}}, {"type": "Feature", "geometry": {"type": "Point", "coordinates": [73.850003, 18.503071]}, "properties": {"depth": 11.54}}, {"type": "Feature", "geometry": {"type": "Point", "coordinates": [73.849646, 18.503335]}, "properties": {"depth": 13.38}}, {"type": "Feature", "geometry": {"type": "Point", "coordinates": [73.849942, 18.503449]}, "properties": {"depth": 11.92}}, {"type": "Feature", "geometry": {"type": "Point", "coordinates": [73.849717, 18.503759]}, "properties": {"depth": 13.12}}, {"type": "Feature", "geometry": {"type": "Point", "coordinates": [73.849964, 18.503782]}, "properties": {"depth": 12.57}}, {"type": "Feature", "geometry": {"type": "Point", "coordinates": [73.84997, 18.504122]}, "properties": {"depth": 10.94}}, {"type": "Feature", "geometry": {"type": "Point", "coordinates": [73.850229, 18.50347]}, "properties": {"depth": 8.07}}, {"type": "Feature", "geometry": {"type": "Point", "coordinates": [73.850526, 18.5035]}, "properties": {"depth": 7.87}}, {"type": "Feature", "geometry": {"type": "Point", "coordinates": [73.85024, 18.503599]}, "properties": {"depth": 10.14}}, {"type": "Feature", "geometry": {"type": "Point", "coordinates": [73.850532, 18.503645]}, "properties": {"depth": 7.87}}, {"type": "Feature", "geometry": {"type": "Point", "coordinates": [73.850226, 18.503716]}, "properties": {"depth": 10.14}}, {"type": "Feature", "geometry": {"type": "Point", "coordinates": [73.850532, 18.503816]}, "properties": {"depth": 6.2}}, {"type": "Feature", "geometry": {"type": "Point", "coordinates": [73.850214, 18.503836]}, "properties": {"depth": 8.25}}, {"type": "Feature", "geometry": {"type": "Point", "coordinates": [73.850206, 18.503969]}, "properties": {"depth": 8.25}}, {"type": "Feature", "geometry": {"type": "Point", "coordinates": [73.850489, 18.504181]}, "properties": {"depth": 6.8}}, {"type": "Feature", "geometry": {"type": "Point", "coordinates": [73.850193, 18.504182]}, "properties": {"depth": 7.62}}, {"type": "Feature", "geometry": {"type": "Point", "coordinates": [73.851794, 18.503746]}, "properties": {"depth": 3.42}}, {"type": "Feature", "geometry": {"type": "Point", "coordinates": [73.852152, 18.503954]}, "properties": {"depth": 1.87}}, {"type": "Feature", "geometry": {"type": "Point", "coordinates": [73.851841, 18.50405]}, "properties": {"depth": 4.44}}, {"type": "Feature", "geometry": {"type": "Point", "coordinates": [73.851617, 18.504112]}, "properties": {"depth": 3.33}}, {"type": "Feature", "geometry": {"type": "Point", "coordinates": [73.854764, 18.501047]}, "properties": {"depth": 0.49}}, {"type": "Feature", "geometry": {"type": "Point", "coordinates": [73.854897, 18.501739]}, "properties": {"depth": 3.19}}, {"type": "Feature", "geometry": {"type": "Point", "coordinates": [73.851519, 18.520204]}, "properties": {"depth": 0.82}}, {"type": "Feature", "geometry": {"type": "Point", "coordinates": [73.851517, 18.520368]}, "properties": {"depth": 0.82}}, {"type": "Feature", "geometry": {"type": "Point", "coordinates": [73.853446, 18.532481]}, "properties": {"depth": 2.68}}, {"type": "Feature", "geometry": {"type": "Point", "coordinates": [73.853643, 18.534082]}, "properties": {"depth": 0.27}}, {"type": "Feature", "geometry": {"type": "Point", "coordinates": [73.863264, 18.530997]}, "properties": {"depth": 0.7}}, {"type": "Feature", "geometry": {"type": "Point", "coordinates": [73.862833, 18.53102]}, "properties": {"depth": 1.23}}, {"type": "Feature", "geometry": {"type": "Point", "coordinates": [73.861506, 18.535951]}, "properties": {"depth": 1.23}}, {"type": "Feature", "geometry": {"type": "Point", "coordinates": [73.861336, 18.535953]}, "properties": {"depth": 1.23}}, {"type": "Feature", "geometry": {"type": "Point", "coordinates": [73.861021, 18.536972]}, "properties": {"depth": 0.91}}, {"type": "Feature", "geometry": {"type": "Point", "coordinates": [73.862431, 18.536602]}, "properties": {"depth": 2.78}}, {"type": "Feature", "geometry": {"type": "Point", "coordinates": [73.860339, 18.533896]}, "properties": {"depth": 0.17}}, {"type": "Feature", "geometry": {"type": "Point", "coordinates": [73.860873, 18.535389]}, "properties": {"depth": 5.1}}, {"type": "Feature", "geometry": {"type": "Point", "coordinates": [73.861197, 18.536973]}, "properties": {"depth": 0.91}}, {"type": "Feature", "geometry": {"type": "Point", "coordinates": [73.861565, 18.537232]}, "properties": {"depth": 0.11}}, {"type": "Feature", "geometry": {"type": "Point", "coordinates": [73.861342, 18.537306]}, "properties": {"depth": 0.53}}, {"type": "Feature", "geometry": {"type": "Point", "coordinates": [73.863284, 18.537437]}, "properties": {"depth": 2.82}}, {"type": "Feature", "geometry": {"type": "Point", "coordinates": [73.863073, 18.537618]}, "properties": {"depth": 1.73}}, {"type": "Feature", "geometry": {"type": "Point", "coordinates": [73.863774, 18.538035]}, "properties": {"depth": 1.35}}, {"type": "Feature", "geometry": {"type": "Point", "coordinates": [73.863694, 18.538102]}, "properties": {"depth": 0.49}}, {"type": "Feature", "geometry": {"type": "Point", "coordinates": [73.86385, 18.538109]}, "properties": {"depth": 1.35}}, {"type": "Feature", "geometry": {"type": "Point", "coordinates": [73.863743, 18.538163]}, "properties": {"depth": 0.49}}, {"type": "Feature", "geometry": {"type": "Point", "coordinates": [73.863877, 18.538175]}, "properties": {"depth": 1.35}}, {"type": "Feature", "geometry": {"type": "Point", "coordinates": [73.868161, 18.532084]}, "properties": {"depth": 6.52}}, {"type": "Feature", "geometry": {"type": "Point", "coordinates": [73.868059, 18.532107]}, "properties": {"depth": 6.52}}, {"type": "Feature", "geometry": {"type": "Point", "coordinates": [73.868173, 18.532136]}, "properties": {"depth": 6.52}}, {"type": "Feature", "geometry": {"type": "Point", "coordinates": [73.868166, 18.532205]}, "properties": {"depth": 6.52}}, {"type": "Feature", "geometry": {"type": "Point", "coordinates": [73.867933, 18.532222]}, "properties": {"depth": 6.52}}, {"type": "Feature", "geometry": {"type": "Point", "coordinates": [73.868005, 18.53223]}, "properties": {"depth": 6.52}}, {"type": "Feature", "geometry": {"type": "Point", "coordinates": [73.862931, 18.531225]}, "properties": {"depth": 2.59}}, {"type": "Feature", "geometry": {"type": "Point", "coordinates": [73.863761, 18.531275]}, "properties": {"depth": 0.02}}, {"type": "Feature", "geometry": {"type": "Point", "coordinates": [73.863385, 18.531335]}, "properties": {"depth": 3.69}}, {"type": "Feature", "geometry": {"type": "Point", "coordinates": [73.863166, 18.531433]}, "properties": {"depth": 3.11}}, {"type": "Feature", "geometry": {"type": "Point", "coordinates": [73.86378, 18.532035]}, "properties": {"depth": 3.78}}, {"type": "Feature", "geometry": {"type": "Point", "coordinates": [73.863359, 18.53219]}, "properties": {"depth": 2.47}}, {"type": "Feature", "geometry": {"type": "Point", "coordinates": [73.863774, 18.532243]}, "properties": {"depth": 4.88}}, {"type": "Feature", "geometry": {"type": "Point", "coordinates": [73.863451, 18.537029]}, "properties": {"depth": 1.01}}, {"type": "Feature", "geometry": {"type": "Point", "coordinates": [73.867018, 18.531542]}, "properties": {"depth": 0.66}}, {"type": "Feature", "geometry": {"type": "Point", "coordinates": [73.864263, 18.538785]}, "properties": {"depth": 1.8}}, {"type": "Feature", "geometry": {"type": "Point", "coordinates": [73.864198, 18.538824]}, "properties": {"depth": 1.8}}, {"type": "Feature", "geometry": {"type": "Point", "coordinates": [73.864342, 18.538952]}, "properties": {"depth": 3.1}}, {"type": "Feature", "geometry": {"type": "Point", "coordinates": [73.864266, 18.538978]}, "properties": {"depth": 1.8}}, {"type": "Feature", "geometry": {"type": "Point", "coordinates": [73.864551, 18.538986]}, "properties": {"depth": 3.1}}, {"type": "Feature", "geometry": {"type": "Point", "coordinates": [73.863526, 18.538184]}, "properties": {"depth": 0.49}}, {"type": "Feature", "geometry": {"type": "Point", "coordinates": [73.863787, 18.538229]}, "properties": {"depth": 2.98}}, {"type": "Feature", "geometry": {"type": "Point", "coordinates": [73.864104, 18.538239]}, "properties": {"depth": 2.69}}, {"type": "Feature", "geometry": {"type": "Point", "coordinates": [73.86327, 18.538248]}, "properties": {"depth": 0.23}}, {"type": "Feature", "geometry": {"type": "Point", "coordinates": [73.863358, 18.538325]}, "properties": {"depth": 0.23}}, {"type": "Feature", "geometry": {"type": "Point", "coordinates": [73.863684, 18.538467]}, "properties": {"depth": 0.58}}, {"type": "Feature", "geometry": {"type": "Point", "coordinates": [73.86401, 18.538516]}, "properties": {"depth": 2.67}}, {"type": "Feature", "geometry": {"type": "Point", "coordinates": [73.864129, 18.538536]}, "properties": {"depth": 2.79}}, {"type": "Feature", "geometry": {"type": "Point", "coordinates": [73.864109, 18.538645]}, "properties": {"depth": 2.79}}, {"type": "Feature", "geometry": {"type": "Point", "coordinates": [73.864016, 18.538674]}, "properties": {"depth": 2.67}}, {"type": "Feature", "geometry": {"type": "Point", "coordinates": [73.863803, 18.538694]}, "properties": {"depth": 2.67}}, {"type": "Feature", "geometry": {"type": "Point", "coordinates": [73.863452, 18.538699]}, "properties": {"depth": 0.74}}, {"type": "Feature", "geometry": {"type": "Point", "coordinates": [73.864119, 18.538852]}, "properties": {"depth": 1.8}}, {"type": "Feature", "geometry": {"type": "Point", "coordinates": [73.863195, 18.538893]}, "properties": {"depth": 1.44}}, {"type": "Feature", "geometry": {"type": "Point", "coordinates": [73.863947, 18.538924]}, "properties": {"depth": 1.45}}, {"type": "Feature", "geometry": {"type": "Point", "coordinates": [73.86366, 18.538928]}, "properties": {"depth": 1.53}}, {"type": "Feature", "geometry": {"type": "Point", "coordinates": [73.863304, 18.538973]}, "properties": {"depth": 1.44}}, {"type": "Feature", "geometry": {"type": "Point", "coordinates": [73.875032, 18.539903]}, "properties": {"depth": 3.74}}, {"type": "Feature", "geometry": {"type": "Point", "coordinates": [73.875599, 18.539999]}, "properties": {"depth": 0.53}}, {"type": "Feature", "geometry": {"type": "Point", "coordinates": [73.876325, 18.540539]}, "properties": {"depth": 1.66}}, {"type": "Feature", "geometry": {"type": "Point", "coordinates": [73.879209, 18.540729]}, "properties": {"depth": 0.08}}, {"type": "Feature", "geometry": {"type": "Point", "coordinates": [73.879351, 18.540745]}, "properties": {"depth": 0.61}}, {"type": "Feature", "geometry": {"type": "Point", "coordinates": [73.879489, 18.540759]}, "properties": {"depth": 0.61}}, {"type": "Feature", "geometry": {"type": "Point", "coordinates": [73.879188, 18.54093]}, "properties": {"depth": 0.08}}, {"type": "Feature", "geometry": {"type": "Point", "coordinates": [73.879475, 18.540959]}, "properties": {"depth": 0.61}}, {"type": "Feature", "geometry": {"type": "Point", "coordinates": [73.879182, 18.541093]}, "properties": {"depth": 1.23}}, {"type": "Feature", "geometry": {"type": "Point", "coordinates": [73.879463, 18.541131]}, "properties": {"depth": 1.62}}, {"type": "Feature", "geometry": {"type": "Point", "coordinates": [73.880318, 18.541295]}, "properties": {"depth": 2.79}}, {"type": "Feature", "geometry": {"type": "Point", "coordinates": [73.879265, 18.541349]}, "properties": {"depth": 1.87}}, {"type": "Feature", "geometry": {"type": "Point", "coordinates": [73.879121, 18.541355]}, "properties": {"depth": 1.87}}, {"type": "Feature", "geometry": {"type": "Point", "coordinates": [73.879413, 18.541358]}, "properties": {"depth": 1.86}}, {"type": "Feature", "geometry": {"type": "Point", "coordinates": [73.879693, 18.541393]}, "properties": {"depth": 1.41}}, {"type": "Feature", "geometry": {"type": "Point", "coordinates": [73.879882, 18.541413]}, "properties": {"depth": 3.51}}, {"type": "Feature", "geometry": {"type": "Point", "coordinates": [73.87886, 18.543548]}, "properties": {"depth": 0.64}}, {"type": "Feature", "geometry": {"type": "Point", "coordinates": [73.878965, 18.543563]}, "properties": {"depth": 0.64}}, {"type": "Feature", "geometry": {"type": "Point", "coordinates": [73.878723, 18.543641]}, "properties": {"depth": 0.74}}, {"type": "Feature", "geometry": {"type": "Point", "coordinates": [73.877664, 18.543669]}, "properties": {"depth": 5.2}}, {"type": "Feature", "geometry": {"type": "Point", "coordinates": [73.87769, 18.543837]}, "properties": {"depth": 3.42}}, {"type": "Feature", "geometry": {"type": "Point", "coordinates": [73.877611, 18.543841]}, "properties": {"depth": 6.3}}, {"type": "Feature", "geometry": {"type": "Point", "coordinates": [73.877575, 18.543894]}, "properties": {"depth": 6.3}}, {"type": "Feature", "geometry": {"type": "Point", "coordinates": [73.877553, 18.543931]}, "properties": {"depth": 6.3}}, {"type": "Feature", "geometry": {"type": "Point", "coordinates": [73.88016, 18.541511]}, "properties": {"depth": 2.79}}, {"type": "Feature", "geometry": {"type": "Point", "coordinates": [73.880336, 18.541539]}, "properties": {"depth": 0.01}}, {"type": "Feature", "geometry": {"type": "Point", "coordinates": [73.877562, 18.543987]}, "properties": {"depth": 6.3}}, {"type": "Feature", "geometry": {"type": "Point", "coordinates": [73.877595, 18.544069]}, "properties": {"depth": 4.38}}, {"type": "Feature", "geometry": {"type": "Point", "coordinates": [73.877703, 18.544079]}, "properties": {"depth": 2.39}}, {"type": "Feature", "geometry": {"type": "Point", "coordinates": [73.877495, 18.54409]}, "properties": {"depth": 4.38}}, {"type": "Feature", "geometry": {"type": "Point", "coordinates": [73.877689, 18.544242]}, "properties": {"depth": 2.39}}, {"type": "Feature", "geometry": {"type": "Point", "coordinates": [73.882998, 18.544547]}, "properties": {"depth": 3.4}}, {"type": "Feature", "geometry": {"type": "Point", "coordinates": [73.871208, 18.536821]}, "properties": {"depth": 2.15}}, {"type": "Feature", "geometry": {"type": "Point", "coordinates": [73.872051, 18.538321]}, "properties": {"depth": 1.17}}, {"type": "Feature", "geometry": {"type": "Point", "coordinates": [73.873596, 18.539231]}, "properties": {"depth": 2.04}}, {"type": "Feature", "geometry": {"type": "Point", "coordinates": [73.87354, 18.539334]}, "properties": {"depth": 5.67}}, {"type": "Feature", "geometry": {"type": "Point", "coordinates": [73.87375, 18.539204]}, "properties": {"depth": 2.04}}, {"type": "Feature", "geometry": {"type": "Point", "coordinates": [73.874184, 18.539335]}, "properties": {"depth": 0.93}}, {"type": "Feature", "geometry": {"type": "Point", "coordinates": [73.873945, 18.539347]}, "properties": {"depth": 0.01}}, {"type": "Feature", "geometry": {"type": "Point", "coordinates": [73.874069, 18.539386]}, "properties": {"depth": 0.93}}, {"type": "Feature", "geometry": {"type": "Point", "coordinates": [73.874167, 18.539418]}, "properties": {"depth": 0.93}}, {"type": "Feature", "geometry": {"type": "Point", "coordinates": [73.873901, 18.539484]}, "properties": {"depth": 0.01}}, {"type": "Feature", "geometry": {"type": "Point", "coordinates": [73.873988, 18.539505]}, "properties": {"depth": 0.01}}, {"type": "Feature", "geometry": {"type": "Point", "coordinates": [73.874228, 18.53957]}, "properties": {"depth": 0.93}}, {"type": "Feature", "geometry": {"type": "Point", "coordinates": [73.874415, 18.539621]}, "properties": {"depth": 3.99}}, {"type": "Feature", "geometry": {"type": "Point", "coordinates": [73.874487, 18.539633]}, "properties": {"depth": 3.99}}, {"type": "Feature", "geometry": {"type": "Point", "coordinates": [73.875563, 18.540236]}, "properties": {"depth": 2.04}}, {"type": "Feature", "geometry": {"type": "Point", "coordinates": [73.874161, 18.552702]}, "properties": {"depth": 9.54}}, {"type": "Feature", "geometry": {"type": "Point", "coordinates": [73.874365, 18.552721]}, "properties": {"depth": 9.24}}, {"type": "Feature", "geometry": {"type": "Point", "coordinates": [73.874506, 18.552743]}, "properties": {"depth": 9.24}}, {"type": "Feature", "geometry": {"type": "Point", "coordinates": [73.874711, 18.552754]}, "properties": {"depth": 9.45}}, {"type": "Feature", "geometry": {"type": "Point", "coordinates": [73.874059, 18.552838]}, "properties": {"depth": 9.54}}, {"type": "Feature", "geometry": {"type": "Point", "coordinates": [73.874328, 18.552895]}, "properties": {"depth": 9.24}}, {"type": "Feature", "geometry": {"type": "Point", "coordinates": [73.874568, 18.552918]}, "properties": {"depth": 8.8}}, {"type": "Feature", "geometry": {"type": "Point", "coordinates": [73.874687, 18.552945]}, "properties": {"depth": 9.18}}, {"type": "Feature", "geometry": {"type": "Point", "coordinates": [73.874051, 18.552943]}, "properties": {"depth": 8.21}}, {"type": "Feature", "geometry": {"type": "Point", "coordinates": [73.875614, 18.552783]}, "properties": {"depth": 9.2}}, {"type": "Feature", "geometry": {"type": "Point", "coordinates": [73.87486, 18.552797]}, "properties": {"depth": 9.45}}, {"type": "Feature", "geometry": {"type": "Point", "coordinates": [73.875401, 18.552819]}, "properties": {"depth": 7.32}}, {"type": "Feature", "geometry": {"type": "Point", "coordinates": [73.875139, 18.552813]}, "properties": {"depth": 7.32}}, {"type": "Feature", "geometry": {"type": "Point", "coordinates": [73.875729, 18.552865]}, "properties": {"depth": 10.24}}, {"type": "Feature", "geometry": {"type": "Point", "coordinates": [73.875599, 18.552873]}, "properties": {"depth": 9.2}}, {"type": "Feature", "geometry": {"type": "Point", "coordinates": [73.875111, 18.552995]}, "properties": {"depth": 8.88}}, {"type": "Feature", "geometry": {"type": "Point", "coordinates": [73.875712, 18.553003]}, "properties": {"depth": 9.89}}, {"type": "Feature", "geometry": {"type": "Point", "coordinates": [73.875392, 18.553064]}, "properties": {"depth": 9.49}}, {"type": "Feature", "geometry": {"type": "Point", "coordinates": [73.875017, 18.553118]}, "properties": {"depth": 8.88}}, {"type": "Feature", "geometry": {"type": "Point", "coordinates": [73.876343, 18.54438]}, "properties": {"depth": 2.91}}, {"type": "Feature", "geometry": {"type": "Point", "coordinates": [73.876502, 18.552703]}, "properties": {"depth": 7.38}}, {"type": "Feature", "geometry": {"type": "Point", "coordinates": [73.876674, 18.552751]}, "properties": {"depth": 8.46}}, {"type": "Feature", "geometry": {"type": "Point", "coordinates": [73.876855, 18.552777]}, "properties": {"depth": 7.9}}, {"type": "Feature", "geometry": {"type": "Point", "coordinates": [73.877042, 18.552783]}, "properties": {"depth": 7.9}}, {"type": "Feature", "geometry": {"type": "Point", "coordinates": [73.877323, 18.552833]}, "properties": {"depth": 5.94}}, {"type": "Feature", "geometry": {"type": "Point", "coordinates": [73.877504, 18.552844]}, "properties": {"depth": 4.14}}, {"type": "Feature", "geometry": {"type": "Point", "coordinates": [73.87742, 18.552846]}, "properties": {"depth": 4.14}}, {"type": "Feature", "geometry": {"type": "Point", "coordinates": [73.877586, 18.552851]}, "properties": {"depth": 4.14}}, {"type": "Feature", "geometry": {"type": "Point", "coordinates": [73.87749, 18.55295]}, "properties": {"depth": 5.95}}, {"type": "Feature", "geometry": {"type": "Point", "coordinates": [73.881567, 18.552054]}, "properties": {"depth": 5.2}}, {"type": "Feature", "geometry": {"type": "Point", "coordinates": [73.880478, 18.551964]}, "properties": {"depth": 5.91}}, {"type": "Feature", "geometry": {"type": "Point", "coordinates": [73.880559, 18.552131]}, "properties": {"depth": 7.24}}, {"type": "Feature", "geometry": {"type": "Point", "coordinates": [73.880485, 18.552156]}, "properties": {"depth": 7.24}}, {"type": "Feature", "geometry": {"type": "Point", "coordinates": [73.880412, 18.552174]}, "properties": {"depth": 7.42}}, {"type": "Feature", "geometry": {"type": "Point", "coordinates": [73.880328, 18.552201]}, "properties": {"depth": 7.42}}, {"type": "Feature", "geometry": {"type": "Point", "coordinates": [73.8804, 18.552407]}, "properties": {"depth": 7.51}}, {"type": "Feature", "geometry": {"type": "Point", "coordinates": [73.880577, 18.552418]}, "properties": {"depth": 6.95}}, {"type": "Feature", "geometry": {"type": "Point", "coordinates": [73.88014, 18.55245]}, "properties": {"depth": 7.51}}, {"type": "Feature", "geometry": {"type": "Point", "coordinates": [73.880235, 18.552457]}, "properties": {"depth": 7.51}}, {"type": "Feature", "geometry": {"type": "Point", "coordinates": [73.881239, 18.552102]}, "properties": {"depth": 7.51}}, {"type": "Feature", "geometry": {"type": "Point", "coordinates": [73.881775, 18.552191]}, "properties": {"depth": 5.28}}, {"type": "Feature", "geometry": {"type": "Point", "coordinates": [73.881852, 18.552257]}, "properties": {"depth": 3.69}}, {"type": "Feature", "geometry": {"type": "Point", "coordinates": [73.881926, 18.552334]}, "properties": {"depth": 3.69}}, {"type": "Feature", "geometry": {"type": "Point", "coordinates": [73.882277, 18.552515]}, "properties": {"depth": 5.23}}, {"type": "Feature", "geometry": {"type": "Point", "coordinates": [73.882334, 18.552549]}, "properties": {"depth": 5.23}}, {"type": "Feature", "geometry": {"type": "Point", "coordinates": [73.88074, 18.552631]}, "properties": {"depth": 7.89}}, {"type": "Feature", "geometry": {"type": "Point", "coordinates": [73.880601, 18.552656]}, "properties": {"depth": 8.73}}, {"type": "Feature", "geometry": {"type": "Point", "coordinates": [73.880914, 18.55276]}, "properties": {"depth": 9.64}}, {"type": "Feature", "geometry": {"type": "Point", "coordinates": [73.88072, 18.552773]}, "properties": {"depth": 9.64}}, {"type": "Feature", "geometry": {"type": "Point", "coordinates": [73.879935, 18.552501]}, "properties": {"depth": 8.72}}, {"type": "Feature", "geometry": {"type": "Point", "coordinates": [73.880081, 18.552609]}, "properties": {"depth": 8.72}}, {"type": "Feature", "geometry": {"type": "Point", "coordinates": [73.880178, 18.55262]}, "properties": {"depth": 7.51}}, {"type": "Feature", "geometry": {"type": "Point", "coordinates": [73.880514, 18.552629]}, "properties": {"depth": 6.95}}, {"type": "Feature", "geometry": {"type": "Point", "coordinates": [73.880096, 18.552774]}, "properties": {"depth": 6.96}}, {"type": "Feature", "geometry": {"type": "Point", "coordinates": [73.880486, 18.552789]}, "properties": {"depth": 8.73}}, {"type": "Feature", "geometry": {"type": "Point", "coordinates": [73.877575, 18.552971]}, "properties": {"depth": 5.95}}, {"type": "Feature", "geometry": {"type": "Point", "coordinates": [73.877234, 18.552825]}, "properties": {"depth": 5.94}}, {"type": "Feature", "geometry": {"type": "Point", "coordinates": [73.876614, 18.552862]}, "properties": {"depth": 8.46}}, {"type": "Feature", "geometry": {"type": "Point", "coordinates": [73.876838, 18.552886]}, "properties": {"depth": 7.9}}, {"type": "Feature", "geometry": {"type": "Point", "coordinates": [73.87706, 18.552919]}, "properties": {"depth": 6.1}}, {"type": "Feature", "geometry": {"type": "Point", "coordinates": [73.876112, 18.552921]}, "properties": {"depth": 8.66}}, {"type": "Feature", "geometry": {"type": "Point", "coordinates": [73.877022, 18.553209]}, "properties": {"depth": 4.68}}, {"type": "Feature", "geometry": {"type": "Point", "coordinates": [73.877179, 18.553234]}, "properties": {"depth": 6.14}}, {"type": "Feature", "geometry": {"type": "Point", "coordinates": [73.877285, 18.553252]}, "properties": {"depth": 6.14}}, {"type": "Feature", "geometry": {"type": "Point", "coordinates": [73.876285, 18.553327]}, "properties": {"depth": 7.51}}, {"type": "Feature", "geometry": {"type": "Point", "coordinates": [73.87605, 18.553336]}, "properties": {"depth": 9.05}}, {"type": "Feature", "geometry": {"type": "Point", "coordinates": [73.877385, 18.553127]}, "properties": {"depth": 5.95}}, {"type": "Feature", "geometry": {"type": "Point", "coordinates": [73.877578, 18.553217]}, "properties": {"depth": 8.64}}, {"type": "Feature", "geometry": {"type": "Point", "coordinates": [73.877409, 18.553259]}, "properties": {"depth": 8.64}}, {"type": "Feature", "geometry": {"type": "Point", "coordinates": [73.876625, 18.553358]}, "properties": {"depth": 6.48}}, {"type": "Feature", "geometry": {"type": "Point", "coordinates": [73.876391, 18.553357]}, "properties": {"depth": 7.51}}, {"type": "Feature", "geometry": {"type": "Point", "coordinates": [73.876715, 18.553365]}, "properties": {"depth": 6.48}}, {"type": "Feature", "geometry": {"type": "Point", "coordinates": [73.876546, 18.553366]}, "properties": {"depth": 6.48}}, {"type": "Feature", "geometry": {"type": "Point", "coordinates": [73.876792, 18.553391]}, "properties": {"depth": 6.48}}, {"type": "Feature", "geometry": {"type": "Point", "coordinates": [73.876899, 18.553399]}, "properties": {"depth": 4.68}}, {"type": "Feature", "geometry": {"type": "Point", "coordinates": [73.876962, 18.553404]}, "properties": {"depth": 4.68}}, {"type": "Feature", "geometry": {"type": "Point", "coordinates": [73.877009, 18.553428]}, "properties": {"depth": 4.68}}, {"type": "Feature", "geometry": {"type": "Point", "coordinates": [73.877234, 18.553466]}, "properties": {"depth": 6.14}}, {"type": "Feature", "geometry": {"type": "Point", "coordinates": [73.87713, 18.553471]}, "properties": {"depth": 6.14}}, {"type": "Feature", "geometry": {"type": "Point", "coordinates": [73.943074, 18.515604]}, "properties": {"depth": 7.02}}, {"type": "Feature", "geometry": {"type": "Point", "coordinates": [73.942362, 18.515864]}, "properties": {"depth": 9.7}}, {"type": "Feature", "geometry": {"type": "Point", "coordinates": [73.943119, 18.515895]}, "properties": {"depth": 8.16}}, {"type": "Feature", "geometry": {"type": "Point", "coordinates": [73.942287, 18.515445]}, "properties": {"depth": 8.54}}, {"type": "Feature", "geometry": {"type": "Point", "coordinates": [73.942266, 18.515712]}, "properties": {"depth": 10.23}}, {"type": "Feature", "geometry": {"type": "Point", "coordinates": [73.941448, 18.515999]}, "properties": {"depth": 14.54}}, {"type": "Feature", "geometry": {"type": "Point", "coordinates": [73.94104, 18.516319]}, "properties": {"depth": 13.32}}, {"type": "Feature", "geometry": {"type": "Point", "coordinates": [73.94156, 18.516421]}, "properties": {"depth": 16.43}}, {"type": "Feature", "geometry": {"type": "Point", "coordinates": [73.943669, 18.51591]}, "properties": {"depth": 7.97}}, {"type": "Feature", "geometry": {"type": "Point", "coordinates": [73.94239, 18.516029]}, "properties": {"depth": 9.11}}, {"type": "Feature", "geometry": {"type": "Point", "coordinates": [73.943983, 18.516085]}, "properties": {"depth": 7.82}}, {"type": "Feature", "geometry": {"type": "Point", "coordinates": [73.943692, 18.516139]}, "properties": {"depth": 8.91}}, {"type": "Feature", "geometry": {"type": "Point", "coordinates": [73.942439, 18.516253]}, "properties": {"depth": 10.55}}, {"type": "Feature", "geometry": {"type": "Point", "coordinates": [73.94402, 18.516302]}, "properties": {"depth": 7.72}}, {"type": "Feature", "geometry": {"type": "Point", "coordinates": [73.944054, 18.516531]}, "properties": {"depth": 10.02}}, {"type": "Feature", "geometry": {"type": "Point", "coordinates": [73.943778, 18.516575]}, "properties": {"depth": 8.93}}, {"type": "Feature", "geometry": {"type": "Point", "coordinates": [73.943301, 18.516644]}, "properties": {"depth": 10.55}}, {"type": "Feature", "geometry": {"type": "Point", "coordinates": [73.94245, 18.516687]}, "properties": {"depth": 10.58}}, {"type": "Feature", "geometry": {"type": "Point", "coordinates": [73.944553, 18.516493]}, "properties": {"depth": 9.21}}, {"type": "Feature", "geometry": {"type": "Point", "coordinates": [73.941142, 18.516975]}, "properties": {"depth": 11.14}}, {"type": "Feature", "geometry": {"type": "Point", "coordinates": [73.941411, 18.517805]}, "properties": {"depth": 5.93}}, {"type": "Feature", "geometry": {"type": "Point", "coordinates": [73.941852, 18.518578]}, "properties": {"depth": 9.79}}, {"type": "Feature", "geometry": {"type": "Point", "coordinates": [73.943577, 18.517068]}, "properties": {"depth": 10.49}}, {"type": "Feature", "geometry": {"type": "Point", "coordinates": [73.94055, 18.517659]}, "properties": {"depth": 13.12}}, {"type": "Feature", "geometry": {"type": "Point", "coordinates": [73.940882, 18.517827]}, "properties": {"depth": 8.89}}, {"type": "Feature", "geometry": {"type": "Point", "coordinates": [73.940434, 18.519461]}, "properties": {"depth": 9.14}}, {"type": "Feature", "geometry": {"type": "Point", "coordinates": [73.932088, 18.515238]}, "properties": {"depth": 12.82}}, {"type": "Feature", "geometry": {"type": "Point", "coordinates": [73.93212, 18.515421]}, "properties": {"depth": 11.88}}, {"type": "Feature", "geometry": {"type": "Point", "coordinates": [73.932485, 18.515428]}, "properties": {"depth": 11.58}}, {"type": "Feature", "geometry": {"type": "Point", "coordinates": [73.932193, 18.515597]}, "properties": {"depth": 11.88}}, {"type": "Feature", "geometry": {"type": "Point", "coordinates": [73.93202, 18.515603]}, "properties": {"depth": 11.3}}, {"type": "Feature", "geometry": {"type": "Point", "coordinates": [73.932568, 18.515672]}, "properties": {"depth": 11.58}}, {"type": "Feature", "geometry": {"type": "Point", "coordinates": [73.93258, 18.515864]}, "properties": {"depth": 12.98}}, {"type": "Feature", "geometry": {"type": "Point", "coordinates": [73.932159, 18.515886]}, "properties": {"depth": 13.08}}, {"type": "Feature", "geometry": {"type": "Point", "coordinates": [73.932312, 18.516063]}, "properties": {"depth": 12.28}}, {"type": "Feature", "geometry": {"type": "Point", "coordinates": [73.932112, 18.516072]}, "properties": {"depth": 12.28}}, {"type": "Feature", "geometry": {"type": "Point", "coordinates": [73.932021, 18.516456]}, "properties": {"depth": 9.51}}, {"type": "Feature", "geometry": {"type": "Point", "coordinates": [73.936519, 18.533013]}, "properties": {"depth": 0.17}}, {"type": "Feature", "geometry": {"type": "Point", "coordinates": [73.936416, 18.533105]}, "properties": {"depth": 0.17}}, {"type": "Feature", "geometry": {"type": "Point", "coordinates": [73.936355, 18.533485]}, "properties": {"depth": 1.8}}, {"type": "Feature", "geometry": {"type": "Point", "coordinates": [73.936735, 18.533498]}, "properties": {"depth": 0.01}}, {"type": "Feature", "geometry": {"type": "Point", "coordinates": [73.936608, 18.533499]}, "properties": {"depth": 0.01}}, {"type": "Feature", "geometry": {"type": "Point", "coordinates": [73.936463, 18.533512]}, "properties": {"depth": 1.8}}, {"type": "Feature", "geometry": {"type": "Point", "coordinates": [73.93657, 18.533572]}, "properties": {"depth": 0.01}}, {"type": "Feature", "geometry": {"type": "Point", "coordinates": [73.936317, 18.533576]}, "properties": {"depth": 1.8}}, {"type": "Feature", "geometry": {"type": "Point", "coordinates": [73.936704, 18.533594]}, "properties": {"depth": 0.01}}, {"type": "Feature", "geometry": {"type": "Point", "coordinates": [73.936429, 18.533617]}, "properties": {"depth": 1.8}}, {"type": "Feature", "geometry": {"type": "Point", "coordinates": [73.936544, 18.53365]}, "properties": {"depth": 0.01}}, {"type": "Feature", "geometry": {"type": "Point", "coordinates": [73.936632, 18.533658]}, "properties": {"depth": 0.01}}, {"type": "Feature", "geometry": {"type": "Point", "coordinates": [73.936709, 18.533683]}, "properties": {"depth": 0.01}}, {"type": "Feature", "geometry": {"type": "Point", "coordinates": [73.936389, 18.53375]}, "properties": {"depth": 1.8}}, {"type": "Feature", "geometry": {"type": "Point", "coordinates": [73.936557, 18.533752]}, "properties": {"depth": 0.02}}, {"type": "Feature", "geometry": {"type": "Point", "coordinates": [73.936662, 18.533772]}, "properties": {"depth": 0.02}}, {"type": "Feature", "geometry": {"type": "Point", "coordinates": [73.93677, 18.533783]}, "properties": {"depth": 0.02}}, {"type": "Feature", "geometry": {"type": "Point", "coordinates": [73.936529, 18.533817]}, "properties": {"depth": 0.02}}, {"type": "Feature", "geometry": {"type": "Point", "coordinates": [73.936661, 18.53383]}, "properties": {"depth": 0.02}}, {"type": "Feature", "geometry": {"type": "Point", "coordinates": [73.936784, 18.533844]}, "properties": {"depth": 0.02}}, {"type": "Feature", "geometry": {"type": "Point", "coordinates": [73.936245, 18.53371]}, "properties": {"depth": 1.05}}, {"type": "Feature", "geometry": {"type": "Point", "coordinates": [73.936013, 18.53378]}, "properties": {"depth": 3.94}}, {"type": "Feature", "geometry": {"type": "Point", "coordinates": [73.935882, 18.533823]}, "properties": {"depth": 3.65}}, {"type": "Feature", "geometry": {"type": "Point", "coordinates": [73.936167, 18.53387]}, "properties": {"depth": 3.94}}, {"type": "Feature", "geometry": {"type": "Point", "coordinates": [73.936017, 18.533873]}, "properties": {"depth": 3.94}}, {"type": "Feature", "geometry": {"type": "Point", "coordinates": [73.936259, 18.533889]}, "properties": {"depth": 1.43}}, {"type": "Feature", "geometry": {"type": "Point", "coordinates": [73.935883, 18.533912]}, "properties": {"depth": 3.65}}, {"type": "Feature", "geometry": {"type": "Point", "coordinates": [73.936157, 18.533939]}, "properties": {"depth": 3.94}}, {"type": "Feature", "geometry": {"type": "Point", "coordinates": [73.936004, 18.533952]}, "properties": {"depth": 3.94}}, {"type": "Feature", "geometry": {"type": "Point", "coordinates": [73.936244, 18.533962]}, "properties": {"depth": 3.94}}, {"type": "Feature", "geometry": {"type": "Point", "coordinates": [73.93637, 18.533897]}, "properties": {"depth": 1.43}}, {"type": "Feature", "geometry": {"type": "Point", "coordinates": [73.936508, 18.533927]}, "properties": {"depth": 1.43}}, {"type": "Feature", "geometry": {"type": "Point", "coordinates": [73.936643, 18.533957]}, "properties": {"depth": 0.02}}, {"type": "Feature", "geometry": {"type": "Point", "coordinates": [73.936755, 18.533963]}, "properties": {"depth": 0.02}}, {"type": "Feature", "geometry": {"type": "Point", "coordinates": [73.93637, 18.533997]}, "properties": {"depth": 1.43}}, {"type": "Feature", "geometry": {"type": "Point", "coordinates": [73.936504, 18.53401]}, "properties": {"depth": 1.43}}, {"type": "Feature", "geometry": {"type": "Point", "coordinates": [73.936628, 18.534029]}, "properties": {"depth": 0.63}}, {"type": "Feature", "geometry": {"type": "Point", "coordinates": [73.938579, 18.53403]}, "properties": {"depth": 0.52}}, {"type": "Feature", "geometry": {"type": "Point", "coordinates": [73.9385, 18.534034]}, "properties": {"depth": 0.52}}, {"type": "Feature", "geometry": {"type": "Point", "coordinates": [73.937786, 18.534032]}, "properties": {"depth": 0.23}}, {"type": "Feature", "geometry": {"type": "Point", "coordinates": [73.936747, 18.534047]}, "properties": {"depth": 0.63}}, {"type": "Feature", "geometry": {"type": "Point", "coordinates": [73.937642, 18.534055]}, "properties": {"depth": 0.23}}, {"type": "Feature", "geometry": {"type": "Point", "coordinates": [73.936873, 18.534071]}, "properties": {"depth": 0.9}}, {"type": "Feature", "geometry": {"type": "Point", "coordinates": [73.937028, 18.534079]}, "properties": {"depth": 0.9}}, {"type": "Feature", "geometry": {"type": "Point", "coordinates": [73.936496, 18.534095]}, "properties": {"depth": 1.07}}, {"type": "Feature", "geometry": {"type": "Point", "coordinates": [73.936617, 18.534108]}, "properties": {"depth": 0.63}}, {"type": "Feature", "geometry": {"type": "Point", "coordinates": [73.938658, 18.534045]}, "properties": {"depth": 0.52}}, {"type": "Feature", "geometry": {"type": "Point", "coordinates": [73.938723, 18.534067]}, "properties": {"depth": 0.52}}, {"type": "Feature", "geometry": {"type": "Point", "coordinates": [73.938778, 18.534071]}, "properties": {"depth": 0.27}}, {"type": "Feature", "geometry": {"type": "Point", "coordinates": [73.937887, 18.534071]}, "properties": {"depth": 0.23}}, {"type": "Feature", "geometry": {"type": "Point", "coordinates": [73.938844, 18.534082]}, "properties": {"depth": 0.27}}, {"type": "Feature", "geometry": {"type": "Point", "coordinates": [73.938491, 18.534095]}, "properties": {"depth": 0.52}}, {"type": "Feature", "geometry": {"type": "Point", "coordinates": [73.938116, 18.534103]}, "properties": {"depth": 0.22}}, {"type": "Feature", "geometry": {"type": "Point", "coordinates": [73.938958, 18.534103]}, "properties": {"depth": 0.27}}, {"type": "Feature", "geometry": {"type": "Point", "coordinates": [73.938568, 18.534106]}, "properties": {"depth": 0.52}}, {"type": "Feature", "geometry": {"type": "Point", "coordinates": [73.936154, 18.534026]}, "properties": {"depth": 3.94}}, {"type": "Feature", "geometry": {"type": "Point", "coordinates": [73.935942, 18.534028]}, "properties": {"depth": 4.56}}, {"type": "Feature", "geometry": {"type": "Point", "coordinates": [73.936028, 18.534036]}, "properties": {"depth": 0.34}}, {"type": "Feature", "geometry": {"type": "Point", "coordinates": [73.936257, 18.534039]}, "properties": {"depth": 1.07}}, {"type": "Feature", "geometry": {"type": "Point", "coordinates": [73.936001, 18.534111]}, "properties": {"depth": 0.34}}, {"type": "Feature", "geometry": {"type": "Point", "coordinates": [73.936141, 18.534112]}, "properties": {"depth": 0.34}}, {"type": "Feature", "geometry": {"type": "Point", "coordinates": [73.936232, 18.534114]}, "properties": {"depth": 0.34}}, {"type": "Feature", "geometry": {"type": "Point", "coordinates": [73.936, 18.534175]}, "properties": {"depth": 0.34}}, {"type": "Feature", "geometry": {"type": "Point", "coordinates": [73.936138, 18.534186]}, "properties": {"depth": 0.34}}, {"type": "Feature", "geometry": {"type": "Point", "coordinates": [73.936239, 18.534206]}, "properties": {"depth": 0.34}}, {"type": "Feature", "geometry": {"type": "Point", "coordinates": [73.938405, 18.534113]}, "properties": {"depth": 0.55}}, {"type": "Feature", "geometry": {"type": "Point", "coordinates": [73.938643, 18.534119]}, "properties": {"depth": 0.52}}, {"type": "Feature", "geometry": {"type": "Point", "coordinates": [73.937759, 18.534132]}, "properties": {"depth": 0.23}}, {"type": "Feature", "geometry": {"type": "Point", "coordinates": [73.938485, 18.534144]}, "properties": {"depth": 0.52}}, {"type": "Feature", "geometry": {"type": "Point", "coordinates": [73.93857, 18.53416]}, "properties": {"depth": 0.52}}, {"type": "Feature", "geometry": {"type": "Point", "coordinates": [73.938718, 18.534162]}, "properties": {"depth": 0.52}}, {"type": "Feature", "geometry": {"type": "Point", "coordinates": [73.936736, 18.534124]}, "properties": {"depth": 0.63}}, {"type": "Feature", "geometry": {"type": "Point", "coordinates": [73.936377, 18.534128]}, "properties": {"depth": 1.07}}, {"type": "Feature", "geometry": {"type": "Point", "coordinates": [73.937032, 18.53415]}, "properties": {"depth": 0.9}}, {"type": "Feature", "geometry": {"type": "Point", "coordinates": [73.936852, 18.534151]}, "properties": {"depth": 0.9}}, {"type": "Feature", "geometry": {"type": "Point", "coordinates": [73.936485, 18.534169]}, "properties": {"depth": 1.07}}, {"type": "Feature", "geometry": {"type": "Point", "coordinates": [73.936593, 18.534196]}, "properties": {"depth": 0.63}}, {"type": "Feature", "geometry": {"type": "Point", "coordinates": [73.938637, 18.534169]}, "properties": {"depth": 0.52}}, {"type": "Feature", "geometry": {"type": "Point", "coordinates": [73.938813, 18.53418]}, "properties": {"depth": 0.27}}, {"type": "Feature", "geometry": {"type": "Point", "coordinates": [73.938964, 18.534212]}, "properties": {"depth": 0.27}}, {"type": "Feature", "geometry": {"type": "Point", "coordinates": [73.938408, 18.534216]}, "properties": {"depth": 0.55}}, {"type": "Feature", "geometry": {"type": "Point", "coordinates": [73.937869, 18.534214]}, "properties": {"depth": 0.23}}, {"type": "Feature", "geometry": {"type": "Point", "coordinates": [73.938467, 18.534229]}, "properties": {"depth": 0.55}}, {"type": "Feature", "geometry": {"type": "Point", "coordinates": [73.93864, 18.534249]}, "properties": {"depth": 0.52}}, {"type": "Feature", "geometry": {"type": "Point", "coordinates": [73.936691, 18.534211]}, "properties": {"depth": 0.63}}, {"type": "Feature", "geometry": {"type": "Point", "coordinates": [73.937008, 18.534227]}, "properties": {"depth": 0.9}}, {"type": "Feature", "geometry": {"type": "Point", "coordinates": [73.936839, 18.534241]}, "properties": {"depth": 0.9}}, {"type": "Feature", "geometry": {"type": "Point", "coordinates": [73.936373, 18.534243]}, "properties": {"depth": 1.07}}, {"type": "Feature", "geometry": {"type": "Point", "coordinates": [73.936492, 18.534285]}, "properties": {"depth": 1.07}}, {"type": "Feature", "geometry": {"type": "Point", "coordinates": [73.936597, 18.534301]}, "properties": {"depth": 0.63}}, {"type": "Feature", "geometry": {"type": "Point", "coordinates": [73.936353, 18.534309]}, "properties": {"depth": 0.57}}, {"type": "Feature", "geometry": {"type": "Point", "coordinates": [73.937752, 18.534247]}, "properties": {"depth": 0.23}}, {"type": "Feature", "geometry": {"type": "Point", "coordinates": [73.938786, 18.534266]}, "properties": {"depth": 0.27}}, {"type": "Feature", "geometry": {"type": "Point", "coordinates": [73.93871, 18.53428]}, "properties": {"depth": 0.52}}, {"type": "Feature", "geometry": {"type": "Point", "coordinates": [73.938563, 18.534286]}, "properties": {"depth": 0.52}}, {"type": "Feature", "geometry": {"type": "Point", "coordinates": [73.938369, 18.534304]}, "properties": {"depth": 0.55}}, {"type": "Feature", "geometry": {"type": "Point", "coordinates": [73.938463, 18.534306]}, "properties": {"depth": 2.81}}, {"type": "Feature", "geometry": {"type": "Point", "coordinates": [73.938639, 18.534332]}, "properties": {"depth": 1.13}}, {"type": "Feature", "geometry": {"type": "Point", "coordinates": [73.939086, 18.534335]}, "properties": {"depth": 0.95}}, {"type": "Feature", "geometry": {"type": "Point", "coordinates": [73.938988, 18.534336]}, "properties": {"depth": 1.29}}, {"type": "Feature", "geometry": {"type": "Point", "coordinates": [73.939798, 18.534316]}, "properties": {"depth": 1.12}}, {"type": "Feature", "geometry": {"type": "Point", "coordinates": [73.938778, 18.534336]}, "properties": {"depth": 1.29}}, {"type": "Feature", "geometry": {"type": "Point", "coordinates": [73.937857, 18.534336]}, "properties": {"depth": 3.39}}, {"type": "Feature", "geometry": {"type": "Point", "coordinates": [73.93917, 18.534352]}, "properties": {"depth": 0.95}}, {"type": "Feature", "geometry": {"type": "Point", "coordinates": [73.938086, 18.534351]}, "properties": {"depth": 1.49}}, {"type": "Feature", "geometry": {"type": "Point", "coordinates": [73.939231, 18.534358]}, "properties": {"depth": 0.95}}, {"type": "Feature", "geometry": {"type": "Point", "coordinates": [73.939312, 18.534362]}, "properties": {"depth": 1.91}}, {"type": "Feature", "geometry": {"type": "Point", "coordinates": [73.937738, 18.534355]}, "properties": {"depth": 3.39}}, {"type": "Feature", "geometry": {"type": "Point", "coordinates": [73.938553, 18.534389]}, "properties": {"depth": 1.13}}, {"type": "Feature", "geometry": {"type": "Point", "coordinates": [73.938914, 18.534422]}, "properties": {"depth": 1.29}}, {"type": "Feature", "geometry": {"type": "Point", "coordinates": [73.938448, 18.534424]}, "properties": {"depth": 2.81}}, {"type": "Feature", "geometry": {"type": "Point", "coordinates": [73.939403, 18.534372]}, "properties": {"depth": 1.91}}, {"type": "Feature", "geometry": {"type": "Point", "coordinates": [73.93956, 18.534388]}, "properties": {"depth": 1.91}}, {"type": "Feature", "geometry": {"type": "Point", "coordinates": [73.939491, 18.534389]}, "properties": {"depth": 1.91}}, {"type": "Feature", "geometry": {"type": "Point", "coordinates": [73.939796, 18.534401]}, "properties": {"depth": 1.12}}, {"type": "Feature", "geometry": {"type": "Point", "coordinates": [73.939639, 18.534415]}, "properties": {"depth": 1.12}}, {"type": "Feature", "geometry": {"type": "Point", "coordinates": [73.936672, 18.534314]}, "properties": {"depth": 2.68}}, {"type": "Feature", "geometry": {"type": "Point", "coordinates": [73.93701, 18.534319]}, "properties": {"depth": 4.93}}, {"type": "Feature", "geometry": {"type": "Point", "coordinates": [73.93757, 18.534325]}, "properties": {"depth": 2.9}}, {"type": "Feature", "geometry": {"type": "Point", "coordinates": [73.936822, 18.534337]}, "properties": {"depth": 4.93}}, {"type": "Feature", "geometry": {"type": "Point", "coordinates": [73.937392, 18.534356]}, "properties": {"depth": 2.9}}, {"type": "Feature", "geometry": {"type": "Point", "coordinates": [73.936349, 18.534412]}, "properties": {"depth": 0.57}}, {"type": "Feature", "geometry": {"type": "Point", "coordinates": [73.936701, 18.534427]}, "properties": {"depth": 2.68}}, {"type": "Feature", "geometry": {"type": "Point", "coordinates": [73.937012, 18.534434]}, "properties": {"depth": 4.93}}, {"type": "Feature", "geometry": {"type": "Point", "coordinates": [73.937373, 18.534455]}, "properties": {"depth": 2.9}}, {"type": "Feature", "geometry": {"type": "Point", "coordinates": [73.937282, 18.534459]}, "properties": {"depth": 2.94}}, {"type": "Feature", "geometry": {"type": "Point", "coordinates": [73.939348, 18.534473]}, "properties": {"depth": 1.91}}, {"type": "Feature", "geometry": {"type": "Point", "coordinates": [73.939428, 18.53448]}, "properties": {"depth": 1.91}}, {"type": "Feature", "geometry": {"type": "Point", "coordinates": [73.939784, 18.534486]}, "properties": {"depth": 1.12}}, {"type": "Feature", "geometry": {"type": "Point", "coordinates": [73.939011, 18.534437]}, "properties": {"depth": 1.29}}, {"type": "Feature", "geometry": {"type": "Point", "coordinates": [73.93855, 18.534439]}, "properties": {"depth": 1.13}}, {"type": "Feature", "geometry": {"type": "Point", "coordinates": [73.939107, 18.534454]}, "properties": {"depth": 0.95}}, {"type": "Feature", "geometry": {"type": "Point", "coordinates": [73.937832, 18.534454]}, "properties": {"depth": 3.39}}, {"type": "Feature", "geometry": {"type": "Point", "coordinates": [73.938663, 18.534463]}, "properties": {"depth": 1.13}}, {"type": "Feature", "geometry": {"type": "Point", "coordinates": [73.93773, 18.534461]}, "properties": {"depth": 3.39}}, {"type": "Feature", "geometry": {"type": "Point", "coordinates": [73.939273, 18.53447]}, "properties": {"depth": 0.95}}, {"type": "Feature", "geometry": {"type": "Point", "coordinates": [73.938767, 18.534468]}, "properties": {"depth": 1.29}}, {"type": "Feature", "geometry": {"type": "Point", "coordinates": [73.93849, 18.534539]}, "properties": {"depth": 1.13}}, {"type": "Feature", "geometry": {"type": "Point", "coordinates": [73.938899, 18.534544]}, "properties": {"depth": 1.29}}, {"type": "Feature", "geometry": {"type": "Point", "coordinates": [73.939638, 18.534497]}, "properties": {"depth": 1.12}}, {"type": "Feature", "geometry": {"type": "Point", "coordinates": [73.939529, 18.534497]}, "properties": {"depth": 1.91}}, {"type": "Feature", "geometry": {"type": "Point", "coordinates": [73.939628, 18.534556]}, "properties": {"depth": 1.12}}, {"type": "Feature", "geometry": {"type": "Point", "coordinates": [73.939793, 18.534582]}, "properties": {"depth": 1.12}}, {"type": "Feature", "geometry": {"type": "Point", "coordinates": [73.938992, 18.534552]}, "properties": {"depth": 1.29}}, {"type": "Feature", "geometry": {"type": "Point", "coordinates": [73.938627, 18.534551]}, "properties": {"depth": 1.13}}, {"type": "Feature", "geometry": {"type": "Point", "coordinates": [73.939075, 18.534563]}, "properties": {"depth": 0.95}}, {"type": "Feature", "geometry": {"type": "Point", "coordinates": [73.938767, 18.534568]}, "properties": {"depth": 1.29}}, {"type": "Feature", "geometry": {"type": "Point", "coordinates": [73.937822, 18.534563]}, "properties": {"depth": 3.39}}, {"type": "Feature", "geometry": {"type": "Point", "coordinates": [73.939204, 18.534579]}, "properties": {"depth": 0.95}}, {"type": "Feature", "geometry": {"type": "Point", "coordinates": [73.939283, 18.534611]}, "properties": {"depth": 0.57}}, {"type": "Feature", "geometry": {"type": "Point", "coordinates": [73.938898, 18.534639]}, "properties": {"depth": 0.44}}, {"type": "Feature", "geometry": {"type": "Point", "coordinates": [73.938344, 18.534651]}, "properties": {"depth": 1.48}}, {"type": "Feature", "geometry": {"type": "Point", "coordinates": [73.939122, 18.534658]}, "properties": {"depth": 0.57}}, {"type": "Feature", "geometry": {"type": "Point", "coordinates": [73.939638, 18.534619]}, "properties": {"depth": 0.98}}, {"type": "Feature", "geometry": {"type": "Point", "coordinates": [73.939378, 18.53462]}, "properties": {"depth": 1.44}}, {"type": "Feature", "geometry": {"type": "Point", "coordinates": [73.939481, 18.534637]}, "properties": {"depth": 1.44}}, {"type": "Feature", "geometry": {"type": "Point", "coordinates": [73.939786, 18.534667]}, "properties": {"depth": 0.98}}, {"type": "Feature", "geometry": {"type": "Point", "coordinates": [73.938532, 18.534656]}, "properties": {"depth": 1.92}}, {"type": "Feature", "geometry": {"type": "Point", "coordinates": [73.939034, 18.53466]}, "properties": {"depth": 0.57}}, {"type": "Feature", "geometry": {"type": "Point", "coordinates": [73.938655, 18.53466]}, "properties": {"depth": 1.92}}, {"type": "Feature", "geometry": {"type": "Point", "coordinates": [73.938601, 18.534662]}, "properties": {"depth": 1.92}}, {"type": "Feature", "geometry": {"type": "Point", "coordinates": [73.93845, 18.534662]}, "properties": {"depth": 1.48}}, {"type": "Feature", "geometry": {"type": "Point", "coordinates": [73.938757, 18.534676]}, "properties": {"depth": 0.44}}, {"type": "Feature", "geometry": {"type": "Point", "coordinates": [73.939247, 18.53469]}, "properties": {"depth": 0.57}}, {"type": "Feature", "geometry": {"type": "Point", "coordinates": [73.938557, 18.534718]}, "properties": {"depth": 1.92}}, {"type": "Feature", "geometry": {"type": "Point", "coordinates": [73.9386, 18.53472]}, "properties": {"depth": 1.92}}, {"type": "Feature", "geometry": {"type": "Point", "coordinates": [73.938654, 18.534728]}, "properties": {"depth": 1.92}}, {"type": "Feature", "geometry": {"type": "Point", "coordinates": [73.94048, 18.534686]}, "properties": {"depth": 0.78}}, {"type": "Feature", "geometry": {"type": "Point", "coordinates": [73.939623, 18.534684]}, "properties": {"depth": 0.98}}, {"type": "Feature", "geometry": {"type": "Point", "coordinates": [73.939348, 18.534721]}, "properties": {"depth": 1.44}}, {"type": "Feature", "geometry": {"type": "Point", "coordinates": [73.939797, 18.534725]}, "properties": {"depth": 0.98}}, {"type": "Feature", "geometry": {"type": "Point", "coordinates": [73.939442, 18.534732]}, "properties": {"depth": 1.44}}, {"type": "Feature", "geometry": {"type": "Point", "coordinates": [73.939514, 18.53475]}, "properties": {"depth": 1.44}}, {"type": "Feature", "geometry": {"type": "Point", "coordinates": [73.939569, 18.534757]}, "properties": {"depth": 1.44}}, {"type": "Feature", "geometry": {"type": "Point", "coordinates": [73.940459, 18.534767]}, "properties": {"depth": 0.78}}, {"type": "Feature", "geometry": {"type": "Point", "coordinates": [73.939621, 18.534762]}, "properties": {"depth": 0.98}}, {"type": "Feature", "geometry": {"type": "Point", "coordinates": [73.939683, 18.534764]}, "properties": {"depth": 0.98}}, {"type": "Feature", "geometry": {"type": "Point", "coordinates": [73.938738, 18.534736]}, "properties": {"depth": 1.92}}, {"type": "Feature", "geometry": {"type": "Point", "coordinates": [73.938894, 18.53476]}, "properties": {"depth": 0.44}}, {"type": "Feature", "geometry": {"type": "Point", "coordinates": [73.938993, 18.534772]}, "properties": {"depth": 0.44}}, {"type": "Feature", "geometry": {"type": "Point", "coordinates": [73.939059, 18.534777]}, "properties": {"depth": 0.57}}, {"type": "Feature", "geometry": {"type": "Point", "coordinates": [73.939124, 18.53479]}, "properties": {"depth": 0.57}}, {"type": "Feature", "geometry": {"type": "Point", "coordinates": [73.939205, 18.534793]}, "properties": {"depth": 0.57}}, {"type": "Feature", "geometry": {"type": "Point", "coordinates": [73.938432, 18.534809]}, "properties": {"depth": 1.48}}, {"type": "Feature", "geometry": {"type": "Point", "coordinates": [73.938524, 18.534821]}, "properties": {"depth": 1.92}}, {"type": "Feature", "geometry": {"type": "Point", "coordinates": [73.93872, 18.534829]}, "properties": {"depth": 1.92}}, {"type": "Feature", "geometry": {"type": "Point", "coordinates": [73.938611, 18.534854]}, "properties": {"depth": 1.92}}, {"type": "Feature", "geometry": {"type": "Point", "coordinates": [73.939806, 18.534807]}, "properties": {"depth": 0.98}}, {"type": "Feature", "geometry": {"type": "Point", "coordinates": [73.939316, 18.534808]}, "properties": {"depth": 1.44}}, {"type": "Feature", "geometry": {"type": "Point", "coordinates": [73.939402, 18.534822]}, "properties": {"depth": 1.44}}, {"type": "Feature", "geometry": {"type": "Point", "coordinates": [73.939469, 18.534828]}, "properties": {"depth": 1.44}}, {"type": "Feature", "geometry": {"type": "Point", "coordinates": [73.939601, 18.534836]}, "properties": {"depth": 0.98}}, {"type": "Feature", "geometry": {"type": "Point", "coordinates": [73.93953, 18.534836]}, "properties": {"depth": 1.44}}, {"type": "Feature", "geometry": {"type": "Point", "coordinates": [73.940441, 18.534851]}, "properties": {"depth": 0.78}}, {"type": "Feature", "geometry": {"type": "Point", "coordinates": [73.940109, 18.534883]}, "properties": {"depth": 0.9}}, {"type": "Feature", "geometry": {"type": "Point", "coordinates": [73.939685, 18.534897]}, "properties": {"depth": 1.8}}, {"type": "Feature", "geometry": {"type": "Point", "coordinates": [73.939777, 18.534905]}, "properties": {"depth": 1.8}}, {"type": "Feature", "geometry": {"type": "Point", "coordinates": [73.940014, 18.534906]}, "properties": {"depth": 0.9}}, {"type": "Feature", "geometry": {"type": "Point", "coordinates": [73.93993, 18.534926]}, "properties": {"depth": 0.9}}, {"type": "Feature", "geometry": {"type": "Point", "coordinates": [73.940423, 18.53493]}, "properties": {"depth": 2.08}}, {"type": "Feature", "geometry": {"type": "Point", "coordinates": [73.940101, 18.534929]}, "properties": {"depth": 0.9}}, {"type": "Feature", "geometry": {"type": "Point", "coordinates": [73.938713, 18.534907]}, "properties": {"depth": 2.41}}, {"type": "Feature", "geometry": {"type": "Point", "coordinates": [73.938876, 18.534913]}, "properties": {"depth": 2.81}}, {"type": "Feature", "geometry": {"type": "Point", "coordinates": [73.939159, 18.534923]}, "properties": {"depth": 2.49}}, {"type": "Feature", "geometry": {"type": "Point", "coordinates": [73.93899, 18.534927]}, "properties": {"depth": 2.81}}, {"type": "Feature", "geometry": {"type": "Point", "coordinates": [73.939215, 18.534929]}, "properties": {"depth": 2.49}}, {"type": "Feature", "geometry": {"type": "Point", "coordinates": [73.939302, 18.534934]}, "properties": {"depth": 2.49}}, {"type": "Feature", "geometry": {"type": "Point", "coordinates": [73.939065, 18.534934]}, "properties": {"depth": 2.49}}, {"type": "Feature", "geometry": {"type": "Point", "coordinates": [73.939116, 18.534935]}, "properties": {"depth": 2.49}}, {"type": "Feature", "geometry": {"type": "Point", "coordinates": [73.938957, 18.534992]}, "properties": {"depth": 2.81}}, {"type": "Feature", "geometry": {"type": "Point", "coordinates": [73.939052, 18.534998]}, "properties": {"depth": 2.49}}, {"type": "Feature", "geometry": {"type": "Point", "coordinates": [73.93938, 18.534943]}, "properties": {"depth": 1.11}}, {"type": "Feature", "geometry": {"type": "Point", "coordinates": [73.940015, 18.534966]}, "properties": {"depth": 0.9}}, {"type": "Feature", "geometry": {"type": "Point", "coordinates": [73.940093, 18.534975]}, "properties": {"depth": 0.9}}, {"type": "Feature", "geometry": {"type": "Point", "coordinates": [73.939787, 18.534978]}, "properties": {"depth": 1.8}}, {"type": "Feature", "geometry": {"type": "Point", "coordinates": [73.939579, 18.53498]}, "properties": {"depth": 1.11}}, {"type": "Feature", "geometry": {"type": "Point", "coordinates": [73.939497, 18.534983]}, "properties": {"depth": 1.11}}, {"type": "Feature", "geometry": {"type": "Point", "coordinates": [73.939646, 18.534984]}, "properties": {"depth": 1.8}}, {"type": "Feature", "geometry": {"type": "Point", "coordinates": [73.939903, 18.534991]}, "properties": {"depth": 0.9}}, {"type": "Feature", "geometry": {"type": "Point", "coordinates": [73.940588, 18.53501]}, "properties": {"depth": 2.08}}, {"type": "Feature", "geometry": {"type": "Point", "coordinates": [73.939772, 18.535016]}, "properties": {"depth": 1.8}}, {"type": "Feature", "geometry": {"type": "Point", "coordinates": [73.940005, 18.535022]}, "properties": {"depth": 0.9}}, {"type": "Feature", "geometry": {"type": "Point", "coordinates": [73.939374, 18.53502]}, "properties": {"depth": 1.11}}, {"type": "Feature", "geometry": {"type": "Point", "coordinates": [73.940079, 18.535038]}, "properties": {"depth": 0.9}}, {"type": "Feature", "geometry": {"type": "Point", "coordinates": [73.939428, 18.535042]}, "properties": {"depth": 1.11}}, {"type": "Feature", "geometry": {"type": "Point", "coordinates": [73.939898, 18.535057]}, "properties": {"depth": 0.9}}, {"type": "Feature", "geometry": {"type": "Point", "coordinates": [73.93924, 18.535004]}, "properties": {"depth": 2.49}}, {"type": "Feature", "geometry": {"type": "Point", "coordinates": [73.939108, 18.535002]}, "properties": {"depth": 2.49}}, {"type": "Feature", "geometry": {"type": "Point", "coordinates": [73.939168, 18.535004]}, "properties": {"depth": 2.49}}, {"type": "Feature", "geometry": {"type": "Point", "coordinates": [73.939305, 18.535017]}, "properties": {"depth": 2.49}}, {"type": "Feature", "geometry": {"type": "Point", "coordinates": [73.938779, 18.535071]}, "properties": {"depth": 2.81}}, {"type": "Feature", "geometry": {"type": "Point", "coordinates": [73.938843, 18.535096]}, "properties": {"depth": 2.81}}, {"type": "Feature", "geometry": {"type": "Point", "coordinates": [73.93889, 18.535111]}, "properties": {"depth": 2.81}}, {"type": "Feature", "geometry": {"type": "Point", "coordinates": [73.938941, 18.53513]}, "properties": {"depth": 2.81}}, {"type": "Feature", "geometry": {"type": "Point", "coordinates": [73.938985, 18.535143]}, "properties": {"depth": 12.0}}, {"type": "Feature", "geometry": {"type": "Point", "coordinates": [73.939218, 18.535149]}, "properties": {"depth": 0.09}}, {"type": "Feature", "geometry": {"type": "Point", "coordinates": [73.939492, 18.535067]}, "properties": {"depth": 1.11}}, {"type": "Feature", "geometry": {"type": "Point", "coordinates": [73.939548, 18.535069]}, "properties": {"depth": 1.11}}, {"type": "Feature", "geometry": {"type": "Point", "coordinates": [73.939995, 18.535075]}, "properties": {"depth": 0.9}}, {"type": "Feature", "geometry": {"type": "Point", "coordinates": [73.939624, 18.535082]}, "properties": {"depth": 1.8}}, {"type": "Feature", "geometry": {"type": "Point", "coordinates": [73.939755, 18.53509]}, "properties": {"depth": 1.8}}, {"type": "Feature", "geometry": {"type": "Point", "coordinates": [73.939869, 18.53512]}, "properties": {"depth": 0.9}}, {"type": "Feature", "geometry": {"type": "Point", "coordinates": [73.940058, 18.535127]}, "properties": {"depth": 0.9}}, {"type": "Feature", "geometry": {"type": "Point", "coordinates": [73.939974, 18.535134]}, "properties": {"depth": 0.9}}, {"type": "Feature", "geometry": {"type": "Point", "coordinates": [73.940454, 18.535151]}, "properties": {"depth": 3.21}}, {"type": "Feature", "geometry": {"type": "Point", "coordinates": [73.939745, 18.535153]}, "properties": {"depth": 0.3}}, {"type": "Feature", "geometry": {"type": "Point", "coordinates": [73.940195, 18.535162]}, "properties": {"depth": 0.07}}, {"type": "Feature", "geometry": {"type": "Point", "coordinates": [73.939314, 18.535158]}, "properties": {"depth": 1.23}}, {"type": "Feature", "geometry": {"type": "Point", "coordinates": [73.940512, 18.535166]}, "properties": {"depth": 3.21}}, {"type": "Feature", "geometry": {"type": "Point", "coordinates": [73.939362, 18.535168]}, "properties": {"depth": 1.23}}, {"type": "Feature", "geometry": {"type": "Point", "coordinates": [73.939842, 18.535187]}, "properties": {"depth": 0.3}}, {"type": "Feature", "geometry": {"type": "Point", "coordinates": [73.940367, 18.535193]}, "properties": {"depth": 0.07}}, {"type": "Feature", "geometry": {"type": "Point", "coordinates": [73.940267, 18.535196]}, "properties": {"depth": 0.07}}, {"type": "Feature", "geometry": {"type": "Point", "coordinates": [73.939468, 18.535201]}, "properties": {"depth": 1.23}}, {"type": "Feature", "geometry": {"type": "Point", "coordinates": [73.941474, 18.534784]}, "properties": {"depth": 0.4}}, {"type": "Feature", "geometry": {"type": "Point", "coordinates": [73.941559, 18.535021]}, "properties": {"depth": 0.05}}, {"type": "Feature", "geometry": {"type": "Point", "coordinates": [73.941797, 18.535284]}, "properties": {"depth": 1.77}}, {"type": "Feature", "geometry": {"type": "Point", "coordinates": [73.940967, 18.535555]}, "properties": {"depth": 3.23}}, {"type": "Feature", "geometry": {"type": "Point", "coordinates": [73.94093, 18.535588]}, "properties": {"depth": 3.23}}, {"type": "Feature", "geometry": {"type": "Point", "coordinates": [73.941639, 18.536301]}, "properties": {"depth": 1.89}}, {"type": "Feature", "geometry": {"type": "Point", "coordinates": [73.939549, 18.535204]}, "properties": {"depth": 1.23}}, {"type": "Feature", "geometry": {"type": "Point", "coordinates": [73.940432, 18.535216]}, "properties": {"depth": 3.21}}, {"type": "Feature", "geometry": {"type": "Point", "coordinates": [73.939963, 18.535226]}, "properties": {"depth": 0.87}}, {"type": "Feature", "geometry": {"type": "Point", "coordinates": [73.939833, 18.535239]}, "properties": {"depth": 0.3}}, {"type": "Feature", "geometry": {"type": "Point", "coordinates": [73.940047, 18.535245]}, "properties": {"depth": 0.87}}, {"type": "Feature", "geometry": {"type": "Point", "coordinates": [73.939349, 18.535262]}, "properties": {"depth": 1.23}}, {"type": "Feature", "geometry": {"type": "Point", "coordinates": [73.940255, 18.535268]}, "properties": {"depth": 0.07}}, {"type": "Feature", "geometry": {"type": "Point", "coordinates": [73.939691, 18.535264]}, "properties": {"depth": 0.3}}, {"type": "Feature", "geometry": {"type": "Point", "coordinates": [73.940163, 18.535273]}, "properties": {"depth": 0.07}}, {"type": "Feature", "geometry": {"type": "Point", "coordinates": [73.940347, 18.535281]}, "properties": {"depth": 0.07}}, {"type": "Feature", "geometry": {"type": "Point", "coordinates": [73.939814, 18.535302]}, "properties": {"depth": 0.3}}, {"type": "Feature", "geometry": {"type": "Point", "coordinates": [73.940784, 18.53535]}, "properties": {"depth": 3.61}}, {"type": "Feature", "geometry": {"type": "Point", "coordinates": [73.940231, 18.535348]}, "properties": {"depth": 0.07}}, {"type": "Feature", "geometry": {"type": "Point", "coordinates": [73.940343, 18.535377]}, "properties": {"depth": 0.07}}, {"type": "Feature", "geometry": {"type": "Point", "coordinates": [73.940111, 18.535418]}, "properties": {"depth": 3.86}}, {"type": "Feature", "geometry": {"type": "Point", "coordinates": [73.940681, 18.535429]}, "properties": {"depth": 5.79}}, {"type": "Feature", "geometry": {"type": "Point", "coordinates": [73.940193, 18.535429]}, "properties": {"depth": 6.01}}, {"type": "Feature", "geometry": {"type": "Point", "coordinates": [73.940007, 18.535437]}, "properties": {"depth": 3.86}}, {"type": "Feature", "geometry": {"type": "Point", "coordinates": [73.940322, 18.535464]}, "properties": {"depth": 6.01}}, {"type": "Feature", "geometry": {"type": "Point", "coordinates": [73.939996, 18.535481]}, "properties": {"depth": 3.86}}, {"type": "Feature", "geometry": {"type": "Point", "coordinates": [73.935308, 18.534225]}, "properties": {"depth": 3.43}}, {"type": "Feature", "geometry": {"type": "Point", "coordinates": [73.936013, 18.534251]}, "properties": {"depth": 0.34}}, {"type": "Feature", "geometry": {"type": "Point", "coordinates": [73.936133, 18.53428]}, "properties": {"depth": 0.34}}, {"type": "Feature", "geometry": {"type": "Point", "coordinates": [73.936226, 18.534295]}, "properties": {"depth": 0.34}}, {"type": "Feature", "geometry": {"type": "Point", "coordinates": [73.935421, 18.53441]}, "properties": {"depth": 4.9}}, {"type": "Feature", "geometry": {"type": "Point", "coordinates": [73.935205, 18.534447]}, "properties": {"depth": 2.65}}, {"type": "Feature", "geometry": {"type": "Point", "coordinates": [73.935515, 18.537431]}, "properties": {"depth": 6.29}}, {"type": "Feature", "geometry": {"type": "Point", "coordinates": [73.935697, 18.537493]}, "properties": {"depth": 6.34}}, {"type": "Feature", "geometry": {"type": "Point", "coordinates": [73.935737, 18.537597]}, "properties": {"depth": 6.34}}, {"type": "Feature", "geometry": {"type": "Point", "coordinates": [73.935617, 18.537596]}, "properties": {"depth": 6.29}}, {"type": "Feature", "geometry": {"type": "Point", "coordinates": [73.937522, 18.534464]}, "properties": {"depth": 2.9}}, {"type": "Feature", "geometry": {"type": "Point", "coordinates": [73.937171, 18.534463]}, "properties": {"depth": 2.94}}, {"type": "Feature", "geometry": {"type": "Point", "coordinates": [73.936808, 18.538215]}, "properties": {"depth": 2.83}}, {"type": "Feature", "geometry": {"type": "Point", "coordinates": [73.939078, 18.535156]}, "properties": {"depth": 0.09}}, {"type": "Feature", "geometry": {"type": "Point", "coordinates": [73.939039, 18.535157]}, "properties": {"depth": 0.09}}, {"type": "Feature", "geometry": {"type": "Point", "coordinates": [73.93912, 18.535158]}, "properties": {"depth": 0.09}}, {"type": "Feature", "geometry": {"type": "Point", "coordinates": [73.939271, 18.53516]}, "properties": {"depth": 0.09}}, {"type": "Feature", "geometry": {"type": "Point", "coordinates": [73.939165, 18.535165]}, "properties": {"depth": 0.09}}, {"type": "Feature", "geometry": {"type": "Point", "coordinates": [73.939208, 18.535236]}, "properties": {"depth": 0.09}}, {"type": "Feature", "geometry": {"type": "Point", "coordinates": [73.939258, 18.535247]}, "properties": {"depth": 0.09}}, {"type": "Feature", "geometry": {"type": "Point", "coordinates": [73.939306, 18.535252]}, "properties": {"depth": 1.23}}, {"type": "Feature", "geometry": {"type": "Point", "coordinates": [73.940096, 18.535485]}, "properties": {"depth": 3.86}}, {"type": "Feature", "geometry": {"type": "Point", "coordinates": [73.940177, 18.535516]}, "properties": {"depth": 6.01}}, {"type": "Feature", "geometry": {"type": "Point", "coordinates": [73.939959, 18.535522]}, "properties": {"depth": 3.86}}, {"type": "Feature", "geometry": {"type": "Point", "coordinates": [73.940284, 18.535532]}, "properties": {"depth": 6.01}}, {"type": "Feature", "geometry": {"type": "Point", "coordinates": [73.940093, 18.535569]}, "properties": {"depth": 3.86}}, {"type": "Feature", "geometry": {"type": "Point", "coordinates": [73.940212, 18.535595]}, "properties": {"depth": 6.01}}, {"type": "Feature", "geometry": {"type": "Point", "coordinates": [73.940677, 18.5413]}, "properties": {"depth": 4.1}}, {"type": "Feature", "geometry": {"type": "Point", "coordinates": [73.940122, 18.541499]}, "properties": {"depth": 3.27}}, {"type": "Feature", "geometry": {"type": "Point", "coordinates": [73.949081, 18.543295]}, "properties": {"depth": 10.63}}, {"type": "Feature", "geometry": {"type": "Point", "coordinates": [73.949533, 18.544106]}, "properties": {"depth": 5.61}}, {"type": "Feature", "geometry": {"type": "Point", "coordinates": [73.949162, 18.544126]}, "properties": {"depth": 7.05}}, {"type": "Feature", "geometry": {"type": "Point", "coordinates": [73.950558, 18.546436]}, "properties": {"depth": 6.32}}, {"type": "Feature", "geometry": {"type": "Point", "coordinates": [73.941582, 18.53634]}, "properties": {"depth": 1.89}}, {"type": "Feature", "geometry": {"type": "Point", "coordinates": [73.941652, 18.536362]}, "properties": {"depth": 1.89}}, {"type": "Feature", "geometry": {"type": "Point", "coordinates": [73.941561, 18.536385]}, "properties": {"depth": 1.89}}, {"type": "Feature", "geometry": {"type": "Point", "coordinates": [73.941526, 18.536473]}, "properties": {"depth": 3.1}}, {"type": "Feature", "geometry": {"type": "Point", "coordinates": [73.941562, 18.536521]}, "properties": {"depth": 1.89}}, {"type": "Feature", "geometry": {"type": "Point", "coordinates": [73.942012, 18.536574]}, "properties": {"depth": 1.01}}, {"type": "Feature", "geometry": {"type": "Point", "coordinates": [73.941575, 18.536608]}, "properties": {"depth": 0.83}}, {"type": "Feature", "geometry": {"type": "Point", "coordinates": [73.941427, 18.536614]}, "properties": {"depth": 3.0}}, {"type": "Feature", "geometry": {"type": "Point", "coordinates": [73.942334, 18.53655]}, "properties": {"depth": 0.62}}, {"type": "Feature", "geometry": {"type": "Point", "coordinates": [73.942294, 18.536617]}, "properties": {"depth": 0.62}}, {"type": "Feature", "geometry": {"type": "Point", "coordinates": [73.942235, 18.536678]}, "properties": {"depth": 0.62}}, {"type": "Feature", "geometry": {"type": "Point", "coordinates": [73.944262, 18.538914]}, "properties": {"depth": 1.85}}, {"type": "Feature", "geometry": {"type": "Point", "coordinates": [73.941246, 18.536847]}, "properties": {"depth": 6.59}}, {"type": "Feature", "geometry": {"type": "Point", "coordinates": [73.941997, 18.536989]}, "properties": {"depth": 0.27}}, {"type": "Feature", "geometry": {"type": "Point", "coordinates": [73.941598, 18.543737]}, "properties": {"depth": 1.92}}, {"type": "Feature", "geometry": {"type": "Point", "coordinates": [73.941929, 18.54379]}, "properties": {"depth": 1.17}}, {"type": "Feature", "geometry": {"type": "Point", "coordinates": [73.941819, 18.543947]}, "properties": {"depth": 1.17}}, {"type": "Feature", "geometry": {"type": "Point", "coordinates": [73.941948, 18.54396]}, "properties": {"depth": 1.17}}, {"type": "Feature", "geometry": {"type": "Point", "coordinates": [73.943815, 18.53851]}, "properties": {"depth": 0.34}}, {"type": "Feature", "geometry": {"type": "Point", "coordinates": [73.943655, 18.539221]}, "properties": {"depth": 1.8}}, {"type": "Feature", "geometry": {"type": "Point", "coordinates": [73.942195, 18.545359]}, "properties": {"depth": 4.08}}, {"type": "Feature", "geometry": {"type": "Point", "coordinates": [73.945819, 18.543846]}, "properties": {"depth": 4.07}}, {"type": "Feature", "geometry": {"type": "Point", "coordinates": [73.942097, 18.545081]}, "properties": {"depth": 0.87}}, {"type": "Feature", "geometry": {"type": "Point", "coordinates": [73.963188, 18.547361]}, "properties": {"depth": 4.79}}, {"type": "Feature", "geometry": {"type": "Point", "coordinates": [73.962861, 18.547389]}, "properties": {"depth": 1.09}}, {"type": "Feature", "geometry": {"type": "Point", "coordinates": [73.955488, 18.548358]}, "properties": {"depth": 0.35}}, {"type": "Feature", "geometry": {"type": "Point", "coordinates": [73.950792, 18.547181]}, "properties": {"depth": 2.23}}, {"type": "Feature", "geometry": {"type": "Point", "coordinates": [73.948018, 18.542883]}, "properties": {"depth": 10.64}}, {"type": "Feature", "geometry": {"type": "Point", "coordinates": [73.947453, 18.542882]}, "properties": {"depth": 8.73}}, {"type": "Feature", "geometry": {"type": "Point", "coordinates": [73.948565, 18.543102]}, "properties": {"depth": 10.91}}, {"type": "Feature", "geometry": {"type": "Point", "coordinates": [73.947292, 18.543262]}, "properties": {"depth": 3.73}}, {"type": "Feature", "geometry": {"type": "Point", "coordinates": [73.948212, 18.543411]}, "properties": {"depth": 10.06}}, {"type": "Feature", "geometry": {"type": "Point", "coordinates": [73.948411, 18.543454]}, "properties": {"depth": 10.06}}, {"type": "Feature", "geometry": {"type": "Point", "coordinates": [73.947157, 18.543631]}, "properties": {"depth": 4.7}}, {"type": "Feature", "geometry": {"type": "Point", "coordinates": [73.947028, 18.544085]}, "properties": {"depth": 4.82}}, {"type": "Feature", "geometry": {"type": "Point", "coordinates": [73.948766, 18.544107]}, "properties": {"depth": 8.92}}, {"type": "Feature", "geometry": {"type": "Point", "coordinates": [73.948428, 18.544102]}, "properties": {"depth": 5.97}}, {"type": "Feature", "geometry": {"type": "Point", "coordinates": [73.947633, 18.544137]}, "properties": {"depth": 6.51}}, {"type": "Feature", "geometry": {"type": "Point", "coordinates": [73.947983, 18.544156]}, "properties": {"depth": 6.07}}, {"type": "Feature", "geometry": {"type": "Point", "coordinates": [73.953909, 18.547354]}, "properties": {"depth": 2.88}}, {"type": "Feature", "geometry": {"type": "Point", "coordinates": [73.953996, 18.547382]}, "properties": {"depth": 1.98}}, {"type": "Feature", "geometry": {"type": "Point", "coordinates": [73.953049, 18.547418]}, "properties": {"depth": 1.01}}, {"type": "Feature", "geometry": {"type": "Point", "coordinates": [73.953889, 18.547504]}, "properties": {"depth": 1.98}}, {"type": "Feature", "geometry": {"type": "Point", "coordinates": [73.954014, 18.547668]}, "properties": {"depth": 0.31}}, {"type": "Feature", "geometry": {"type": "Point", "coordinates": [73.953675, 18.548029]}, "properties": {"depth": 3.69}}, {"type": "Feature", "geometry": {"type": "Point", "coordinates": [73.95067, 18.546526]}, "properties": {"depth": 6.32}}, {"type": "Feature", "geometry": {"type": "Point", "coordinates": [73.950691, 18.546798]}, "properties": {"depth": 1.04}}, {"type": "Feature", "geometry": {"type": "Point", "coordinates": [73.950745, 18.547097]}, "properties": {"depth": 2.23}}, {"type": "Feature", "geometry": {"type": "Point", "coordinates": [73.950523, 18.547102]}, "properties": {"depth": 1.64}}, {"type": "Feature", "geometry": {"type": "Point", "coordinates": [73.931644, 18.533518]}, "properties": {"depth": 0.82}}, {"type": "Feature", "geometry": {"type": "Point", "coordinates": [73.931754, 18.533532]}, "properties": {"depth": 0.82}}, {"type": "Feature", "geometry": {"type": "Point", "coordinates": [73.931394, 18.533543]}, "properties": {"depth": 0.37}}, {"type": "Feature", "geometry": {"type": "Point", "coordinates": [73.931506, 18.533554]}, "properties": {"depth": 0.37}}, {"type": "Feature", "geometry": {"type": "Point", "coordinates": [73.930773, 18.533963]}, "properties": {"depth": 0.07}}, {"type": "Feature", "geometry": {"type": "Point", "coordinates": [73.930942, 18.53382]}, "properties": {"depth": 0.07}}, {"type": "Feature", "geometry": {"type": "Point", "coordinates": [73.931333, 18.533864]}, "properties": {"depth": 0.44}}, {"type": "Feature", "geometry": {"type": "Point", "coordinates": [73.931647, 18.533899]}, "properties": {"depth": 2.14}}, {"type": "Feature", "geometry": {"type": "Point", "coordinates": [73.931482, 18.533903]}, "properties": {"depth": 0.44}}, {"type": "Feature", "geometry": {"type": "Point", "coordinates": [73.931497, 18.533987]}, "properties": {"depth": 0.44}}, {"type": "Feature", "geometry": {"type": "Point", "coordinates": [73.931713, 18.534003]}, "properties": {"depth": 2.14}}, {"type": "Feature", "geometry": {"type": "Point", "coordinates": [73.931623, 18.534003]}, "properties": {"depth": 2.14}}, {"type": "Feature", "geometry": {"type": "Point", "coordinates": [73.931465, 18.534055]}, "properties": {"depth": 0.56}}, {"type": "Feature", "geometry": {"type": "Point", "coordinates": [73.931838, 18.534107]}, "properties": {"depth": 1.65}}, {"type": "Feature", "geometry": {"type": "Point", "coordinates": [73.93146, 18.534124]}, "properties": {"depth": 0.56}}, {"type": "Feature", "geometry": {"type": "Point", "coordinates": [73.933318, 18.533273]}, "properties": {"depth": 0.86}}, {"type": "Feature", "geometry": {"type": "Point", "coordinates": [73.933555, 18.533336]}, "properties": {"depth": 3.15}}, {"type": "Feature", "geometry": {"type": "Point", "coordinates": [73.934676, 18.53344]}, "properties": {"depth": 0.68}}, {"type": "Feature", "geometry": {"type": "Point", "coordinates": [73.934332, 18.53345]}, "properties": {"depth": 4.31}}, {"type": "Feature", "geometry": {"type": "Point", "coordinates": [73.936292, 18.533063]}, "properties": {"depth": 0.17}}, {"type": "Feature", "geometry": {"type": "Point", "coordinates": [73.936263, 18.533148]}, "properties": {"depth": 0.17}}, {"type": "Feature", "geometry": {"type": "Point", "coordinates": [73.936211, 18.533214]}, "properties": {"depth": 3.24}}, {"type": "Feature", "geometry": {"type": "Point", "coordinates": [73.936186, 18.533279]}, "properties": {"depth": 3.24}}, {"type": "Feature", "geometry": {"type": "Point", "coordinates": [73.936151, 18.533333]}, "properties": {"depth": 3.24}}, {"type": "Feature", "geometry": {"type": "Point", "coordinates": [73.936229, 18.533366]}, "properties": {"depth": 3.24}}, {"type": "Feature", "geometry": {"type": "Point", "coordinates": [73.932324, 18.533476]}, "properties": {"depth": 3.96}}, {"type": "Feature", "geometry": {"type": "Point", "coordinates": [73.932936, 18.533499]}, "properties": {"depth": 1.62}}, {"type": "Feature", "geometry": {"type": "Point", "coordinates": [73.936171, 18.53343]}, "properties": {"depth": 3.24}}, {"type": "Feature", "geometry": {"type": "Point", "coordinates": [73.936085, 18.53345]}, "properties": {"depth": 3.24}}, {"type": "Feature", "geometry": {"type": "Point", "coordinates": [73.934853, 18.533449]}, "properties": {"depth": 0.68}}, {"type": "Feature", "geometry": {"type": "Point", "coordinates": [73.936245, 18.53346]}, "properties": {"depth": 3.24}}, {"type": "Feature", "geometry": {"type": "Point", "coordinates": [73.935984, 18.533471]}, "properties": {"depth": 3.24}}, {"type": "Feature", "geometry": {"type": "Point", "coordinates": [73.935085, 18.533491]}, "properties": {"depth": 3.12}}, {"type": "Feature", "geometry": {"type": "Point", "coordinates": [73.936137, 18.533532]}, "properties": {"depth": 1.05}}, {"type": "Feature", "geometry": {"type": "Point", "coordinates": [73.936053, 18.53354]}, "properties": {"depth": 1.05}}, {"type": "Feature", "geometry": {"type": "Point", "coordinates": [73.936215, 18.533558]}, "properties": {"depth": 1.05}}, {"type": "Feature", "geometry": {"type": "Point", "coordinates": [73.93603, 18.533667]}, "properties": {"depth": 1.05}}, {"type": "Feature", "geometry": {"type": "Point", "coordinates": [73.93168, 18.533638]}, "properties": {"depth": 0.82}}, {"type": "Feature", "geometry": {"type": "Point", "coordinates": [73.931511, 18.533657]}, "properties": {"depth": 0.37}}, {"type": "Feature", "geometry": {"type": "Point", "coordinates": [73.931402, 18.533682]}, "properties": {"depth": 0.37}}, {"type": "Feature", "geometry": {"type": "Point", "coordinates": [73.931315, 18.533692]}, "properties": {"depth": 0.37}}, {"type": "Feature", "geometry": {"type": "Point", "coordinates": [73.931577, 18.533769]}, "properties": {"depth": 2.14}}, {"type": "Feature", "geometry": {"type": "Point", "coordinates": [73.931697, 18.533773]}, "properties": {"depth": 2.14}}, {"type": "Feature", "geometry": {"type": "Point", "coordinates": [73.931492, 18.533784]}, "properties": {"depth": 0.44}}, {"type": "Feature", "geometry": {"type": "Point", "coordinates": [73.931416, 18.533812]}, "properties": {"depth": 0.44}}, {"type": "Feature", "geometry": {"type": "Point", "coordinates": [73.932442, 18.533496]}, "properties": {"depth": 3.13}}, {"type": "Feature", "geometry": {"type": "Point", "coordinates": [73.932816, 18.5337]}, "properties": {"depth": 0.02}}, {"type": "Feature", "geometry": {"type": "Point", "coordinates": [73.932122, 18.533957]}, "properties": {"depth": 3.04}}, {"type": "Feature", "geometry": {"type": "Point", "coordinates": [73.932056, 18.533975]}, "properties": {"depth": 1.34}}, {"type": "Feature", "geometry": {"type": "Point", "coordinates": [73.931985, 18.53398]}, "properties": {"depth": 1.34}}, {"type": "Feature", "geometry": {"type": "Point", "coordinates": [73.932488, 18.534027]}, "properties": {"depth": 3.88}}, {"type": "Feature", "geometry": {"type": "Point", "coordinates": [73.93204, 18.534065]}, "properties": {"depth": 1.65}}, {"type": "Feature", "geometry": {"type": "Point", "coordinates": [73.932304, 18.534089]}, "properties": {"depth": 2.18}}, {"type": "Feature", "geometry": {"type": "Point", "coordinates": [73.931982, 18.534091]}, "properties": {"depth": 1.65}}, {"type": "Feature", "geometry": {"type": "Point", "coordinates": [73.932136, 18.534098]}, "properties": {"depth": 2.18}}, {"type": "Feature", "geometry": {"type": "Point", "coordinates": [73.931923, 18.534107]}, "properties": {"depth": 1.65}}, {"type": "Feature", "geometry": {"type": "Point", "coordinates": [73.932569, 18.534156]}, "properties": {"depth": 1.91}}, {"type": "Feature", "geometry": {"type": "Point", "coordinates": [73.932169, 18.534174]}, "properties": {"depth": 2.18}}, {"type": "Feature", "geometry": {"type": "Point", "coordinates": [73.932049, 18.534178]}, "properties": {"depth": 1.65}}, {"type": "Feature", "geometry": {"type": "Point", "coordinates": [73.931952, 18.534179]}, "properties": {"depth": 1.65}}, {"type": "Feature", "geometry": {"type": "Point", "coordinates": [73.932325, 18.534189]}, "properties": {"depth": 2.18}}, {"type": "Feature", "geometry": {"type": "Point", "coordinates": [73.932046, 18.534311]}, "properties": {"depth": 2.51}}, {"type": "Feature", "geometry": {"type": "Point", "coordinates": [73.9324, 18.534414]}, "properties": {"depth": 2.46}}, {"type": "Feature", "geometry": {"type": "Point", "coordinates": [73.932291, 18.534424]}, "properties": {"depth": 2.68}}, {"type": "Feature", "geometry": {"type": "Point", "coordinates": [73.931943, 18.534432]}, "properties": {"depth": 2.51}}, {"type": "Feature", "geometry": {"type": "Point", "coordinates": [73.931848, 18.534181]}, "properties": {"depth": 1.65}}, {"type": "Feature", "geometry": {"type": "Point", "coordinates": [73.930984, 18.534212]}, "properties": {"depth": 1.11}}, {"type": "Feature", "geometry": {"type": "Point", "coordinates": [73.931449, 18.534217]}, "properties": {"depth": 0.56}}, {"type": "Feature", "geometry": {"type": "Point", "coordinates": [73.931886, 18.534313]}, "properties": {"depth": 2.51}}, {"type": "Feature", "geometry": {"type": "Point", "coordinates": [73.930918, 18.534331]}, "properties": {"depth": 0.21}}, {"type": "Feature", "geometry": {"type": "Point", "coordinates": [73.931186, 18.534403]}, "properties": {"depth": 1.71}}, {"type": "Feature", "geometry": {"type": "Point", "coordinates": [73.931291, 18.534405]}, "properties": {"depth": 1.62}}, {"type": "Feature", "geometry": {"type": "Point", "coordinates": [73.931, 18.534438]}, "properties": {"depth": 1.71}}, {"type": "Feature", "geometry": {"type": "Point", "coordinates": [73.930853, 18.534461]}, "properties": {"depth": 0.21}}, {"type": "Feature", "geometry": {"type": "Point", "coordinates": [73.932804, 18.534442]}, "properties": {"depth": 3.42}}, {"type": "Feature", "geometry": {"type": "Point", "coordinates": [73.93202, 18.534441]}, "properties": {"depth": 2.51}}, {"type": "Feature", "geometry": {"type": "Point", "coordinates": [73.932495, 18.534456]}, "properties": {"depth": 2.46}}, {"type": "Feature", "geometry": {"type": "Point", "coordinates": [73.931952, 18.534529]}, "properties": {"depth": 2.51}}, {"type": "Feature", "geometry": {"type": "Point", "coordinates": [73.932026, 18.534534]}, "properties": {"depth": 2.51}}, {"type": "Feature", "geometry": {"type": "Point", "coordinates": [73.932193, 18.534591]}, "properties": {"depth": 4.33}}, {"type": "Feature", "geometry": {"type": "Point", "coordinates": [73.932001, 18.534633]}, "properties": {"depth": 4.3}}, {"type": "Feature", "geometry": {"type": "Point", "coordinates": [73.932257, 18.534704]}, "properties": {"depth": 4.33}}, {"type": "Feature", "geometry": {"type": "Point", "coordinates": [73.932372, 18.534817]}, "properties": {"depth": 4.15}}, {"type": "Feature", "geometry": {"type": "Point", "coordinates": [73.932041, 18.535035]}, "properties": {"depth": 3.26}}, {"type": "Feature", "geometry": {"type": "Point", "coordinates": [73.930732, 18.53433]}, "properties": {"depth": 0.21}}, {"type": "Feature", "geometry": {"type": "Point", "coordinates": [73.930723, 18.534412]}, "properties": {"depth": 0.21}}, {"type": "Feature", "geometry": {"type": "Point", "coordinates": [73.930718, 18.534535]}, "properties": {"depth": 0.21}}, {"type": "Feature", "geometry": {"type": "Point", "coordinates": [73.930582, 18.534593]}, "properties": {"depth": 0.07}}, {"type": "Feature", "geometry": {"type": "Point", "coordinates": [73.930473, 18.534648]}, "properties": {"depth": 0.07}}, {"type": "Feature", "geometry": {"type": "Point", "coordinates": [73.930582, 18.534682]}, "properties": {"depth": 0.07}}, {"type": "Feature", "geometry": {"type": "Point", "coordinates": [73.931013, 18.534486]}, "properties": {"depth": 1.71}}, {"type": "Feature", "geometry": {"type": "Point", "coordinates": [73.931059, 18.534554]}, "properties": {"depth": 1.71}}, {"type": "Feature", "geometry": {"type": "Point", "coordinates": [73.930958, 18.534559]}, "properties": {"depth": 0.21}}, {"type": "Feature", "geometry": {"type": "Point", "coordinates": [73.930845, 18.534566]}, "properties": {"depth": 0.21}}, {"type": "Feature", "geometry": {"type": "Point", "coordinates": [73.931108, 18.534615]}, "properties": {"depth": 0.43}}, {"type": "Feature", "geometry": {"type": "Point", "coordinates": [73.931325, 18.534657]}, "properties": {"depth": 0.11}}, {"type": "Feature", "geometry": {"type": "Point", "coordinates": [73.931498, 18.534667]}, "properties": {"depth": 0.11}}, {"type": "Feature", "geometry": {"type": "Point", "coordinates": [73.931162, 18.534693]}, "properties": {"depth": 0.43}}, {"type": "Feature", "geometry": {"type": "Point", "coordinates": [73.93107, 18.53471]}, "properties": {"depth": 0.43}}, {"type": "Feature", "geometry": {"type": "Point", "coordinates": [73.930989, 18.534713]}, "properties": {"depth": 0.43}}, {"type": "Feature", "geometry": {"type": "Point", "coordinates": [73.931471, 18.534816]}, "properties": {"depth": 0.11}}, {"type": "Feature", "geometry": {"type": "Point", "coordinates": [73.931673, 18.534816]}, "properties": {"depth": 1.0}}, {"type": "Feature", "geometry": {"type": "Point", "coordinates": [73.931599, 18.534821]}, "properties": {"depth": 1.0}}, {"type": "Feature", "geometry": {"type": "Point", "coordinates": [73.931053, 18.534859]}, "properties": {"depth": 0.43}}, {"type": "Feature", "geometry": {"type": "Point", "coordinates": [73.931233, 18.534913]}, "properties": {"depth": 0.11}}, {"type": "Feature", "geometry": {"type": "Point", "coordinates": [73.931066, 18.534929]}, "properties": {"depth": 0.11}}, {"type": "Feature", "geometry": {"type": "Point", "coordinates": [73.930967, 18.534937]}, "properties": {"depth": 0.08}}, {"type": "Feature", "geometry": {"type": "Point", "coordinates": [73.930861, 18.534954]}, "properties": {"depth": 0.08}}, {"type": "Feature", "geometry": {"type": "Point", "coordinates": [73.930474, 18.534742]}, "properties": {"depth": 0.07}}, {"type": "Feature", "geometry": {"type": "Point", "coordinates": [73.930609, 18.534768]}, "properties": {"depth": 0.07}}, {"type": "Feature", "geometry": {"type": "Point", "coordinates": [73.930761, 18.534884]}, "properties": {"depth": 0.08}}, {"type": "Feature", "geometry": {"type": "Point", "coordinates": [73.930565, 18.534938]}, "properties": {"depth": 2.05}}, {"type": "Feature", "geometry": {"type": "Point", "coordinates": [73.930749, 18.534969]}, "properties": {"depth": 0.08}}, {"type": "Feature", "geometry": {"type": "Point", "coordinates": [73.930757, 18.53504]}, "properties": {"depth": 0.08}}, {"type": "Feature", "geometry": {"type": "Point", "coordinates": [73.931081, 18.535007]}, "properties": {"depth": 0.11}}, {"type": "Feature", "geometry": {"type": "Point", "coordinates": [73.930973, 18.535018]}, "properties": {"depth": 0.11}}, {"type": "Feature", "geometry": {"type": "Point", "coordinates": [73.930858, 18.535026]}, "properties": {"depth": 0.08}}, {"type": "Feature", "geometry": {"type": "Point", "coordinates": [73.931852, 18.53507]}, "properties": {"depth": 3.26}}, {"type": "Feature", "geometry": {"type": "Point", "coordinates": [73.931252, 18.535067]}, "properties": {"depth": 0.01}}, {"type": "Feature", "geometry": {"type": "Point", "coordinates": [73.931105, 18.535084]}, "properties": {"depth": 0.11}}, {"type": "Feature", "geometry": {"type": "Point", "coordinates": [73.931002, 18.535146]}, "properties": {"depth": 2.05}}, {"type": "Feature", "geometry": {"type": "Point", "coordinates": [73.931568, 18.535145]}, "properties": {"depth": 4.9}}, {"type": "Feature", "geometry": {"type": "Point", "coordinates": [73.931268, 18.535152]}, "properties": {"depth": 3.53}}, {"type": "Feature", "geometry": {"type": "Point", "coordinates": [73.931441, 18.535186]}, "properties": {"depth": 3.53}}, {"type": "Feature", "geometry": {"type": "Point", "coordinates": [73.93056, 18.535046]}, "properties": {"depth": 2.05}}, {"type": "Feature", "geometry": {"type": "Point", "coordinates": [73.930769, 18.535109]}, "properties": {"depth": 0.08}}, {"type": "Feature", "geometry": {"type": "Point", "coordinates": [73.93063, 18.535151]}, "properties": {"depth": 0.23}}, {"type": "Feature", "geometry": {"type": "Point", "coordinates": [73.930514, 18.53521]}, "properties": {"depth": 0.23}}, {"type": "Feature", "geometry": {"type": "Point", "coordinates": [73.930661, 18.535267]}, "properties": {"depth": 0.23}}, {"type": "Feature", "geometry": {"type": "Point", "coordinates": [73.92847, 18.535162]}, "properties": {"depth": 0.47}}, {"type": "Feature", "geometry": {"type": "Point", "coordinates": [73.928183, 18.53523]}, "properties": {"depth": 0.61}}, {"type": "Feature", "geometry": {"type": "Point", "coordinates": [73.928487, 18.535266]}, "properties": {"depth": 0.85}}, {"type": "Feature", "geometry": {"type": "Point", "coordinates": [73.928766, 18.535422]}, "properties": {"depth": 2.69}}, {"type": "Feature", "geometry": {"type": "Point", "coordinates": [73.928991, 18.535446]}, "properties": {"depth": 2.69}}, {"type": "Feature", "geometry": {"type": "Point", "coordinates": [73.928424, 18.535463]}, "properties": {"depth": 2.44}}, {"type": "Feature", "geometry": {"type": "Point", "coordinates": [73.929137, 18.535479]}, "properties": {"depth": 0.11}}, {"type": "Feature", "geometry": {"type": "Point", "coordinates": [73.929058, 18.535496]}, "properties": {"depth": 0.11}}, {"type": "Feature", "geometry": {"type": "Point", "coordinates": [73.930529, 18.535319]}, "properties": {"depth": 0.23}}, {"type": "Feature", "geometry": {"type": "Point", "coordinates": [73.930367, 18.535347]}, "properties": {"depth": 1.24}}, {"type": "Feature", "geometry": {"type": "Point", "coordinates": [73.930741, 18.535377]}, "properties": {"depth": 1.14}}, {"type": "Feature", "geometry": {"type": "Point", "coordinates": [73.930516, 18.535383]}, "properties": {"depth": 0.23}}, {"type": "Feature", "geometry": {"type": "Point", "coordinates": [73.929769, 18.535435]}, "properties": {"depth": 0.84}}, {"type": "Feature", "geometry": {"type": "Point", "coordinates": [73.930632, 18.535444]}, "properties": {"depth": 4.29}}, {"type": "Feature", "geometry": {"type": "Point", "coordinates": [73.93052, 18.535462]}, "properties": {"depth": 4.29}}, {"type": "Feature", "geometry": {"type": "Point", "coordinates": [73.930007, 18.5355]}, "properties": {"depth": 3.53}}, {"type": "Feature", "geometry": {"type": "Point", "coordinates": [73.930768, 18.535506]}, "properties": {"depth": 4.64}}, {"type": "Feature", "geometry": {"type": "Point", "coordinates": [73.934119, 18.533452]}, "properties": {"depth": 2.75}}, {"type": "Feature", "geometry": {"type": "Point", "coordinates": [73.933899, 18.533459]}, "properties": {"depth": 1.99}}, {"type": "Feature", "geometry": {"type": "Point", "coordinates": [73.933557, 18.533533]}, "properties": {"depth": 1.54}}, {"type": "Feature", "geometry": {"type": "Point", "coordinates": [73.934363, 18.537218]}, "properties": {"depth": 1.3}}, {"type": "Feature", "geometry": {"type": "Point", "coordinates": [73.934736, 18.537464]}, "properties": {"depth": 0.98}}, {"type": "Feature", "geometry": {"type": "Point", "coordinates": [73.934622, 18.537494]}, "properties": {"depth": 0.98}}, {"type": "Feature", "geometry": {"type": "Point", "coordinates": [73.933802, 18.537527]}, "properties": {"depth": 11.65}}, {"type": "Feature", "geometry": {"type": "Point", "coordinates": [73.934738, 18.53756]}, "properties": {"depth": 0.98}}, {"type": "Feature", "geometry": {"type": "Point", "coordinates": [73.933727, 18.537555]}, "properties": {"depth": 10.37}}, {"type": "Feature", "geometry": {"type": "Point", "coordinates": [73.932261, 18.535054]}, "properties": {"depth": 5.31}}, {"type": "Feature", "geometry": {"type": "Point", "coordinates": [73.93312, 18.537393]}, "properties": {"depth": 14.79}}, {"type": "Feature", "geometry": {"type": "Point", "coordinates": [73.933021, 18.537402]}, "properties": {"depth": 14.79}}, {"type": "Feature", "geometry": {"type": "Point", "coordinates": [73.933041, 18.537483]}, "properties": {"depth": 14.79}}, {"type": "Feature", "geometry": {"type": "Point", "coordinates": [73.933144, 18.537501]}, "properties": {"depth": 14.79}}, {"type": "Feature", "geometry": {"type": "Point", "coordinates": [73.932748, 18.537503]}, "properties": {"depth": 12.28}}, {"type": "Feature", "geometry": {"type": "Point", "coordinates": [73.932954, 18.537545]}, "properties": {"depth": 14.79}}, {"type": "Feature", "geometry": {"type": "Point", "coordinates": [73.932661, 18.537562]}, "properties": {"depth": 12.28}}, {"type": "Feature", "geometry": {"type": "Point", "coordinates": [73.932857, 18.537563]}, "properties": {"depth": 12.28}}, {"type": "Feature", "geometry": {"type": "Point", "coordinates": [73.933056, 18.537568]}, "properties": {"depth": 14.79}}, {"type": "Feature", "geometry": {"type": "Point", "coordinates": [73.934826, 18.537629]}, "properties": {"depth": 0.98}}, {"type": "Feature", "geometry": {"type": "Point", "coordinates": [73.935387, 18.537658]}, "properties": {"depth": 2.79}}, {"type": "Feature", "geometry": {"type": "Point", "coordinates": [73.935474, 18.537665]}, "properties": {"depth": 2.66}}, {"type": "Feature", "geometry": {"type": "Point", "coordinates": [73.935629, 18.537669]}, "properties": {"depth": 2.66}}, {"type": "Feature", "geometry": {"type": "Point", "coordinates": [73.935329, 18.537669]}, "properties": {"depth": 2.79}}, {"type": "Feature", "geometry": {"type": "Point", "coordinates": [73.935247, 18.537672]}, "properties": {"depth": 2.79}}, {"type": "Feature", "geometry": {"type": "Point", "coordinates": [73.935756, 18.537711]}, "properties": {"depth": 4.63}}, {"type": "Feature", "geometry": {"type": "Point", "coordinates": [73.935393, 18.537713]}, "properties": {"depth": 2.79}}, {"type": "Feature", "geometry": {"type": "Point", "coordinates": [73.935473, 18.537719]}, "properties": {"depth": 2.66}}, {"type": "Feature", "geometry": {"type": "Point", "coordinates": [73.935269, 18.537723]}, "properties": {"depth": 2.79}}, {"type": "Feature", "geometry": {"type": "Point", "coordinates": [73.933644, 18.537557]}, "properties": {"depth": 10.37}}, {"type": "Feature", "geometry": {"type": "Point", "coordinates": [73.933553, 18.537564]}, "properties": {"depth": 10.37}}, {"type": "Feature", "geometry": {"type": "Point", "coordinates": [73.933457, 18.53758]}, "properties": {"depth": 11.7}}, {"type": "Feature", "geometry": {"type": "Point", "coordinates": [73.933332, 18.537594]}, "properties": {"depth": 11.7}}, {"type": "Feature", "geometry": {"type": "Point", "coordinates": [73.933256, 18.537608]}, "properties": {"depth": 11.7}}, {"type": "Feature", "geometry": {"type": "Point", "coordinates": [73.934464, 18.537678]}, "properties": {"depth": 10.76}}, {"type": "Feature", "geometry": {"type": "Point", "coordinates": [73.933862, 18.537676]}, "properties": {"depth": 11.11}}, {"type": "Feature", "geometry": {"type": "Point", "coordinates": [73.933606, 18.537707]}, "properties": {"depth": 9.32}}, {"type": "Feature", "geometry": {"type": "Point", "coordinates": [73.933656, 18.537709]}, "properties": {"depth": 9.32}}, {"type": "Feature", "geometry": {"type": "Point", "coordinates": [73.933532, 18.537728]}, "properties": {"depth": 9.32}}, {"type": "Feature", "geometry": {"type": "Point", "coordinates": [73.932306, 18.537572]}, "properties": {"depth": 5.88}}, {"type": "Feature", "geometry": {"type": "Point", "coordinates": [73.932233, 18.537584]}, "properties": {"depth": 5.88}}, {"type": "Feature", "geometry": {"type": "Point", "coordinates": [73.932763, 18.537587]}, "properties": {"depth": 12.28}}, {"type": "Feature", "geometry": {"type": "Point", "coordinates": [73.932147, 18.537605]}, "properties": {"depth": 5.88}}, {"type": "Feature", "geometry": {"type": "Point", "coordinates": [73.933163, 18.537615]}, "properties": {"depth": 14.79}}, {"type": "Feature", "geometry": {"type": "Point", "coordinates": [73.931878, 18.537674]}, "properties": {"depth": 3.04}}, {"type": "Feature", "geometry": {"type": "Point", "coordinates": [73.932744, 18.537706]}, "properties": {"depth": 6.42}}, {"type": "Feature", "geometry": {"type": "Point", "coordinates": [73.932606, 18.53772]}, "properties": {"depth": 4.23}}, {"type": "Feature", "geometry": {"type": "Point", "coordinates": [73.932671, 18.537721]}, "properties": {"depth": 6.42}}, {"type": "Feature", "geometry": {"type": "Point", "coordinates": [73.932445, 18.537736]}, "properties": {"depth": 4.23}}, {"type": "Feature", "geometry": {"type": "Point", "coordinates": [73.931614, 18.537627]}, "properties": {"depth": 6.81}}, {"type": "Feature", "geometry": {"type": "Point", "coordinates": [73.931337, 18.537645]}, "properties": {"depth": 5.45}}, {"type": "Feature", "geometry": {"type": "Point", "coordinates": [73.93143, 18.537647]}, "properties": {"depth": 5.45}}, {"type": "Feature", "geometry": {"type": "Point", "coordinates": [73.931536, 18.53765]}, "properties": {"depth": 2.48}}, {"type": "Feature", "geometry": {"type": "Point", "coordinates": [73.931277, 18.537658]}, "properties": {"depth": 5.45}}, {"type": "Feature", "geometry": {"type": "Point", "coordinates": [73.931796, 18.537699]}, "properties": {"depth": 2.48}}, {"type": "Feature", "geometry": {"type": "Point", "coordinates": [73.931694, 18.537708]}, "properties": {"depth": 2.48}}, {"type": "Feature", "geometry": {"type": "Point", "coordinates": [73.931611, 18.537718]}, "properties": {"depth": 2.48}}, {"type": "Feature", "geometry": {"type": "Point", "coordinates": [73.931028, 18.537719]}, "properties": {"depth": 6.62}}, {"type": "Feature", "geometry": {"type": "Point", "coordinates": [73.931524, 18.537727]}, "properties": {"depth": 5.45}}, {"type": "Feature", "geometry": {"type": "Point", "coordinates": [73.932531, 18.537737]}, "properties": {"depth": 4.23}}, {"type": "Feature", "geometry": {"type": "Point", "coordinates": [73.93238, 18.537741]}, "properties": {"depth": 4.23}}, {"type": "Feature", "geometry": {"type": "Point", "coordinates": [73.932147, 18.537757]}, "properties": {"depth": 2.83}}, {"type": "Feature", "geometry": {"type": "Point", "coordinates": [73.932743, 18.537761]}, "properties": {"depth": 6.42}}, {"type": "Feature", "geometry": {"type": "Point", "coordinates": [73.932907, 18.537763]}, "properties": {"depth": 6.42}}, {"type": "Feature", "geometry": {"type": "Point", "coordinates": [73.932217, 18.537761]}, "properties": {"depth": 2.83}}, {"type": "Feature", "geometry": {"type": "Point", "coordinates": [73.932296, 18.537765]}, "properties": {"depth": 2.83}}, {"type": "Feature", "geometry": {"type": "Point", "coordinates": [73.932083, 18.537775]}, "properties": {"depth": 3.04}}, {"type": "Feature", "geometry": {"type": "Point", "coordinates": [73.933182, 18.537782]}, "properties": {"depth": 11.22}}, {"type": "Feature", "geometry": {"type": "Point", "coordinates": [73.932006, 18.537782]}, "properties": {"depth": 3.04}}, {"type": "Feature", "geometry": {"type": "Point", "coordinates": [73.935088, 18.537728]}, "properties": {"depth": 2.52}}, {"type": "Feature", "geometry": {"type": "Point", "coordinates": [73.934952, 18.53774]}, "properties": {"depth": 2.52}}, {"type": "Feature", "geometry": {"type": "Point", "coordinates": [73.93564, 18.537745]}, "properties": {"depth": 2.66}}, {"type": "Feature", "geometry": {"type": "Point", "coordinates": [73.935441, 18.537774]}, "properties": {"depth": 2.66}}, {"type": "Feature", "geometry": {"type": "Point", "coordinates": [73.935277, 18.537783]}, "properties": {"depth": 2.79}}, {"type": "Feature", "geometry": {"type": "Point", "coordinates": [73.935772, 18.537823]}, "properties": {"depth": 4.63}}, {"type": "Feature", "geometry": {"type": "Point", "coordinates": [73.935639, 18.537836]}, "properties": {"depth": 2.66}}, {"type": "Feature", "geometry": {"type": "Point", "coordinates": [73.935103, 18.53784]}, "properties": {"depth": 2.52}}, {"type": "Feature", "geometry": {"type": "Point", "coordinates": [73.935278, 18.537854]}, "properties": {"depth": 2.79}}, {"type": "Feature", "geometry": {"type": "Point", "coordinates": [73.935445, 18.537862]}, "properties": {"depth": 2.66}}, {"type": "Feature", "geometry": {"type": "Point", "coordinates": [73.933449, 18.537736]}, "properties": {"depth": 11.98}}, {"type": "Feature", "geometry": {"type": "Point", "coordinates": [73.933327, 18.53775]}, "properties": {"depth": 11.98}}, {"type": "Feature", "geometry": {"type": "Point", "coordinates": [73.933847, 18.537805]}, "properties": {"depth": 11.11}}, {"type": "Feature", "geometry": {"type": "Point", "coordinates": [73.934462, 18.537819]}, "properties": {"depth": 10.76}}, {"type": "Feature", "geometry": {"type": "Point", "coordinates": [73.933654, 18.537828]}, "properties": {"depth": 9.32}}, {"type": "Feature", "geometry": {"type": "Point", "coordinates": [73.933549, 18.537846]}, "properties": {"depth": 9.32}}, {"type": "Feature", "geometry": {"type": "Point", "coordinates": [73.933387, 18.537863]}, "properties": {"depth": 11.98}}, {"type": "Feature", "geometry": {"type": "Point", "coordinates": [73.933892, 18.537878]}, "properties": {"depth": 11.11}}, {"type": "Feature", "geometry": {"type": "Point", "coordinates": [73.933806, 18.537889]}, "properties": {"depth": 11.11}}, {"type": "Feature", "geometry": {"type": "Point", "coordinates": [73.933735, 18.537894]}, "properties": {"depth": 9.32}}, {"type": "Feature", "geometry": {"type": "Point", "coordinates": [73.933063, 18.5378]}, "properties": {"depth": 11.22}}, {"type": "Feature", "geometry": {"type": "Point", "coordinates": [73.93264, 18.537814]}, "properties": {"depth": 6.42}}, {"type": "Feature", "geometry": {"type": "Point", "coordinates": [73.932758, 18.537827]}, "properties": {"depth": 6.42}}, {"type": "Feature", "geometry": {"type": "Point", "coordinates": [73.932535, 18.537832]}, "properties": {"depth": 4.23}}, {"type": "Feature", "geometry": {"type": "Point", "coordinates": [73.932446, 18.537831]}, "properties": {"depth": 4.23}}, {"type": "Feature", "geometry": {"type": "Point", "coordinates": [73.932374, 18.537829]}, "properties": {"depth": 4.23}}, {"type": "Feature", "geometry": {"type": "Point", "coordinates": [73.93187, 18.537831]}, "properties": {"depth": 3.04}}, {"type": "Feature", "geometry": {"type": "Point", "coordinates": [73.932263, 18.53785]}, "properties": {"depth": 2.83}}, {"type": "Feature", "geometry": {"type": "Point", "coordinates": [73.932869, 18.537926]}, "properties": {"depth": 1.67}}, {"type": "Feature", "geometry": {"type": "Point", "coordinates": [73.93238, 18.537971]}, "properties": {"depth": 0.68}}, {"type": "Feature", "geometry": {"type": "Point", "coordinates": [73.928385, 18.535551]}, "properties": {"depth": 2.44}}, {"type": "Feature", "geometry": {"type": "Point", "coordinates": [73.928207, 18.535585]}, "properties": {"depth": 2.44}}, {"type": "Feature", "geometry": {"type": "Point", "coordinates": [73.928538, 18.535639]}, "properties": {"depth": 2.29}}, {"type": "Feature", "geometry": {"type": "Point", "coordinates": [73.928692, 18.535702]}, "properties": {"depth": 2.98}}, {"type": "Feature", "geometry": {"type": "Point", "coordinates": [73.928809, 18.535724]}, "properties": {"depth": 1.97}}, {"type": "Feature", "geometry": {"type": "Point", "coordinates": [73.928689, 18.535797]}, "properties": {"depth": 2.98}}, {"type": "Feature", "geometry": {"type": "Point", "coordinates": [73.929399, 18.535817]}, "properties": {"depth": 0.97}}, {"type": "Feature", "geometry": {"type": "Point", "coordinates": [73.928097, 18.535815]}, "properties": {"depth": 0.21}}, {"type": "Feature", "geometry": {"type": "Point", "coordinates": [73.92925, 18.535904]}, "properties": {"depth": 1.49}}, {"type": "Feature", "geometry": {"type": "Point", "coordinates": [73.928103, 18.535903]}, "properties": {"depth": 0.21}}, {"type": "Feature", "geometry": {"type": "Point", "coordinates": [73.929342, 18.535953]}, "properties": {"depth": 0.97}}, {"type": "Feature", "geometry": {"type": "Point", "coordinates": [73.92886, 18.535962]}, "properties": {"depth": 1.97}}, {"type": "Feature", "geometry": {"type": "Point", "coordinates": [73.929052, 18.536092]}, "properties": {"depth": 5.01}}, {"type": "Feature", "geometry": {"type": "Point", "coordinates": [73.928897, 18.536107]}, "properties": {"depth": 4.67}}, {"type": "Feature", "geometry": {"type": "Point", "coordinates": [73.928742, 18.536136]}, "properties": {"depth": 3.95}}, {"type": "Feature", "geometry": {"type": "Point", "coordinates": [73.928636, 18.536164]}, "properties": {"depth": 3.95}}, {"type": "Feature", "geometry": {"type": "Point", "coordinates": [73.928481, 18.536188]}, "properties": {"depth": 3.95}}, {"type": "Feature", "geometry": {"type": "Point", "coordinates": [73.928732, 18.536247]}, "properties": {"depth": 3.95}}, {"type": "Feature", "geometry": {"type": "Point", "coordinates": [73.928374, 18.536253]}, "properties": {"depth": 4.87}}, {"type": "Feature", "geometry": {"type": "Point", "coordinates": [73.928214, 18.536391]}, "properties": {"depth": 4.87}}, {"type": "Feature", "geometry": {"type": "Point", "coordinates": [73.930809, 18.535189]}, "properties": {"depth": 1.14}}, {"type": "Feature", "geometry": {"type": "Point", "coordinates": [73.931483, 18.535269]}, "properties": {"depth": 3.53}}, {"type": "Feature", "geometry": {"type": "Point", "coordinates": [73.931376, 18.535343]}, "properties": {"depth": 3.53}}, {"type": "Feature", "geometry": {"type": "Point", "coordinates": [73.931531, 18.535364]}, "properties": {"depth": 4.9}}, {"type": "Feature", "geometry": {"type": "Point", "coordinates": [73.931231, 18.535366]}, "properties": {"depth": 2.05}}, {"type": "Feature", "geometry": {"type": "Point", "coordinates": [73.931117, 18.535368]}, "properties": {"depth": 2.05}}, {"type": "Feature", "geometry": {"type": "Point", "coordinates": [73.931041, 18.535416]}, "properties": {"depth": 2.05}}, {"type": "Feature", "geometry": {"type": "Point", "coordinates": [73.931739, 18.537545]}, "properties": {"depth": 6.81}}, {"type": "Feature", "geometry": {"type": "Point", "coordinates": [73.931521, 18.537556]}, "properties": {"depth": 6.55}}, {"type": "Feature", "geometry": {"type": "Point", "coordinates": [73.931418, 18.537556]}, "properties": {"depth": 6.55}}, {"type": "Feature", "geometry": {"type": "Point", "coordinates": [73.929894, 18.535507]}, "properties": {"depth": 3.53}}, {"type": "Feature", "geometry": {"type": "Point", "coordinates": [73.93063, 18.535533]}, "properties": {"depth": 4.29}}, {"type": "Feature", "geometry": {"type": "Point", "coordinates": [73.930092, 18.535579]}, "properties": {"depth": 3.53}}, {"type": "Feature", "geometry": {"type": "Point", "coordinates": [73.9297, 18.535796]}, "properties": {"depth": 2.82}}, {"type": "Feature", "geometry": {"type": "Point", "coordinates": [73.929543, 18.535802]}, "properties": {"depth": 0.97}}, {"type": "Feature", "geometry": {"type": "Point", "coordinates": [73.930705, 18.537782]}, "properties": {"depth": 5.18}}, {"type": "Feature", "geometry": {"type": "Point", "coordinates": [73.930593, 18.537796]}, "properties": {"depth": 9.64}}, {"type": "Feature", "geometry": {"type": "Point", "coordinates": [73.930485, 18.537822]}, "properties": {"depth": 9.64}}, {"type": "Feature", "geometry": {"type": "Point", "coordinates": [73.930713, 18.537949]}, "properties": {"depth": 6.79}}, {"type": "Feature", "geometry": {"type": "Point", "coordinates": [73.930733, 18.538015]}, "properties": {"depth": 6.79}}, {"type": "Feature", "geometry": {"type": "Point", "coordinates": [73.931452, 18.537729]}, "properties": {"depth": 5.45}}, {"type": "Feature", "geometry": {"type": "Point", "coordinates": [73.93137, 18.537729]}, "properties": {"depth": 5.45}}, {"type": "Feature", "geometry": {"type": "Point", "coordinates": [73.931306, 18.537734]}, "properties": {"depth": 5.45}}, {"type": "Feature", "geometry": {"type": "Point", "coordinates": [73.93121, 18.537743]}, "properties": {"depth": 6.62}}, {"type": "Feature", "geometry": {"type": "Point", "coordinates": [73.930803, 18.53775]}, "properties": {"depth": 5.18}}, {"type": "Feature", "geometry": {"type": "Point", "coordinates": [73.930897, 18.537777]}, "properties": {"depth": 5.18}}, {"type": "Feature", "geometry": {"type": "Point", "coordinates": [73.931046, 18.53778]}, "properties": {"depth": 6.62}}, {"type": "Feature", "geometry": {"type": "Point", "coordinates": [73.931563, 18.537872]}, "properties": {"depth": 2.48}}, {"type": "Feature", "geometry": {"type": "Point", "coordinates": [73.93139, 18.537878]}, "properties": {"depth": 5.45}}, {"type": "Feature", "geometry": {"type": "Point", "coordinates": [73.931489, 18.537889]}, "properties": {"depth": 5.45}}, {"type": "Feature", "geometry": {"type": "Point", "coordinates": [73.930846, 18.537922]}, "properties": {"depth": 6.79}}, {"type": "Feature", "geometry": {"type": "Point", "coordinates": [73.931413, 18.537947]}, "properties": {"depth": 2.92}}, {"type": "Feature", "geometry": {"type": "Point", "coordinates": [73.930864, 18.537992]}, "properties": {"depth": 6.79}}, {"type": "Feature", "geometry": {"type": "Point", "coordinates": [73.931051, 18.537997]}, "properties": {"depth": 3.53}}, {"type": "Feature", "geometry": {"type": "Point", "coordinates": [73.931823, 18.538002]}, "properties": {"depth": 0.54}}, {"type": "Feature", "geometry": {"type": "Point", "coordinates": [73.931167, 18.537999]}, "properties": {"depth": 3.53}}, {"type": "Feature", "geometry": {"type": "Point", "coordinates": [73.931624, 18.538008]}, "properties": {"depth": 2.97}}, {"type": "Feature", "geometry": {"type": "Point", "coordinates": [73.931709, 18.538009]}, "properties": {"depth": 2.97}}, {"type": "Feature", "geometry": {"type": "Point", "coordinates": [73.931522, 18.538013]}, "properties": {"depth": 2.92}}, {"type": "Feature", "geometry": {"type": "Point", "coordinates": [73.931432, 18.538027]}, "properties": {"depth": 2.92}}, {"type": "Feature", "geometry": {"type": "Point", "coordinates": [73.931356, 18.538037]}, "properties": {"depth": 2.92}}, {"type": "Feature", "geometry": {"type": "Point", "coordinates": [73.931276, 18.538056]}, "properties": {"depth": 2.92}}, {"type": "Feature", "geometry": {"type": "Point", "coordinates": [73.931064, 18.538084]}, "properties": {"depth": 3.53}}, {"type": "Feature", "geometry": {"type": "Point", "coordinates": [73.931182, 18.538086]}, "properties": {"depth": 3.53}}, {"type": "Feature", "geometry": {"type": "Point", "coordinates": [73.930897, 18.538092]}, "properties": {"depth": 6.79}}, {"type": "Feature", "geometry": {"type": "Point", "coordinates": [73.930812, 18.538105]}, "properties": {"depth": 6.79}}, {"type": "Feature", "geometry": {"type": "Point", "coordinates": [73.93168, 18.53815]}, "properties": {"depth": 2.97}}, {"type": "Feature", "geometry": {"type": "Point", "coordinates": [73.931596, 18.538151]}, "properties": {"depth": 2.97}}, {"type": "Feature", "geometry": {"type": "Point", "coordinates": [73.93182, 18.538156]}, "properties": {"depth": 0.54}}, {"type": "Feature", "geometry": {"type": "Point", "coordinates": [73.93141, 18.53818]}, "properties": {"depth": 2.92}}, {"type": "Feature", "geometry": {"type": "Point", "coordinates": [73.930023, 18.538108]}, "properties": {"depth": 6.4}}, {"type": "Feature", "geometry": {"type": "Point", "coordinates": [73.93076, 18.538114]}, "properties": {"depth": 6.79}}, {"type": "Feature", "geometry": {"type": "Point", "coordinates": [73.930707, 18.538125]}, "properties": {"depth": 6.79}}, {"type": "Feature", "geometry": {"type": "Point", "coordinates": [73.929875, 18.538139]}, "properties": {"depth": 6.4}}, {"type": "Feature", "geometry": {"type": "Point", "coordinates": [73.930288, 18.538179]}, "properties": {"depth": 7.13}}, {"type": "Feature", "geometry": {"type": "Point", "coordinates": [73.930207, 18.538189]}, "properties": {"depth": 7.13}}, {"type": "Feature", "geometry": {"type": "Point", "coordinates": [73.93036, 18.538192]}, "properties": {"depth": 7.13}}, {"type": "Feature", "geometry": {"type": "Point", "coordinates": [73.930052, 18.538216]}, "properties": {"depth": 4.46}}, {"type": "Feature", "geometry": {"type": "Point", "coordinates": [73.930444, 18.538218]}, "properties": {"depth": 4.44}}, {"type": "Feature", "geometry": {"type": "Point", "coordinates": [73.930748, 18.538328]}, "properties": {"depth": 5.23}}, {"type": "Feature", "geometry": {"type": "Point", "coordinates": [73.931576, 18.538332]}, "properties": {"depth": 0.8}}, {"type": "Feature", "geometry": {"type": "Point", "coordinates": [73.931137, 18.538341]}, "properties": {"depth": 4.46}}, {"type": "Feature", "geometry": {"type": "Point", "coordinates": [73.931086, 18.53835]}, "properties": {"depth": 4.46}}, {"type": "Feature", "geometry": {"type": "Point", "coordinates": [73.931793, 18.538367]}, "properties": {"depth": 0.8}}, {"type": "Feature", "geometry": {"type": "Point", "coordinates": [73.931426, 18.538369]}, "properties": {"depth": 0.66}}, {"type": "Feature", "geometry": {"type": "Point", "coordinates": [73.930778, 18.538423]}, "properties": {"depth": 5.23}}, {"type": "Feature", "geometry": {"type": "Point", "coordinates": [73.931415, 18.538428]}, "properties": {"depth": 0.66}}, {"type": "Feature", "geometry": {"type": "Point", "coordinates": [73.931235, 18.538427]}, "properties": {"depth": 4.46}}, {"type": "Feature", "geometry": {"type": "Point", "coordinates": [73.931547, 18.538439]}, "properties": {"depth": 0.8}}, {"type": "Feature", "geometry": {"type": "Point", "coordinates": [73.931142, 18.538438]}, "properties": {"depth": 4.46}}, {"type": "Feature", "geometry": {"type": "Point", "coordinates": [73.930664, 18.538383]}, "properties": {"depth": 4.44}}, {"type": "Feature", "geometry": {"type": "Point", "coordinates": [73.930576, 18.538389]}, "properties": {"depth": 4.44}}, {"type": "Feature", "geometry": {"type": "Point", "coordinates": [73.930516, 18.538394]}, "properties": {"depth": 4.44}}, {"type": "Feature", "geometry": {"type": "Point", "coordinates": [73.92999, 18.538398]}, "properties": {"depth": 4.46}}, {"type": "Feature", "geometry": {"type": "Point", "coordinates": [73.930278, 18.538404]}, "properties": {"depth": 2.77}}, {"type": "Feature", "geometry": {"type": "Point", "coordinates": [73.929654, 18.538437]}, "properties": {"depth": 5.01}}, {"type": "Feature", "geometry": {"type": "Point", "coordinates": [73.930489, 18.53847]}, "properties": {"depth": 4.44}}, {"type": "Feature", "geometry": {"type": "Point", "coordinates": [73.93039, 18.538478]}, "properties": {"depth": 2.04}}, {"type": "Feature", "geometry": {"type": "Point", "coordinates": [73.930285, 18.538496]}, "properties": {"depth": 2.04}}, {"type": "Feature", "geometry": {"type": "Point", "coordinates": [73.930701, 18.538557]}, "properties": {"depth": 2.63}}, {"type": "Feature", "geometry": {"type": "Point", "coordinates": [73.927689, 18.535906]}, "properties": {"depth": 4.96}}, {"type": "Feature", "geometry": {"type": "Point", "coordinates": [73.928015, 18.535911]}, "properties": {"depth": 0.21}}, {"type": "Feature", "geometry": {"type": "Point", "coordinates": [73.927927, 18.535972]}, "properties": {"depth": 3.21}}, {"type": "Feature", "geometry": {"type": "Point", "coordinates": [73.927692, 18.536026]}, "properties": {"depth": 1.42}}, {"type": "Feature", "geometry": {"type": "Point", "coordinates": [73.927181, 18.536466]}, "properties": {"depth": 3.3}}, {"type": "Feature", "geometry": {"type": "Point", "coordinates": [73.927976, 18.536524]}, "properties": {"depth": 4.47}}, {"type": "Feature", "geometry": {"type": "Point", "coordinates": [73.922945, 18.536335]}, "properties": {"depth": 1.63}}, {"type": "Feature", "geometry": {"type": "Point", "coordinates": [73.922673, 18.536369]}, "properties": {"depth": 3.09}}, {"type": "Feature", "geometry": {"type": "Point", "coordinates": [73.922807, 18.536446]}, "properties": {"depth": 3.09}}, {"type": "Feature", "geometry": {"type": "Point", "coordinates": [73.922954, 18.536486]}, "properties": {"depth": 1.63}}, {"type": "Feature", "geometry": {"type": "Point", "coordinates": [73.922678, 18.536519]}, "properties": {"depth": 3.09}}, {"type": "Feature", "geometry": {"type": "Point", "coordinates": [73.922957, 18.536596]}, "properties": {"depth": 0.75}}, {"type": "Feature", "geometry": {"type": "Point", "coordinates": [73.922822, 18.536615]}, "properties": {"depth": 2.76}}, {"type": "Feature", "geometry": {"type": "Point", "coordinates": [73.922965, 18.53671]}, "properties": {"depth": 0.75}}, {"type": "Feature", "geometry": {"type": "Point", "coordinates": [73.922717, 18.53672]}, "properties": {"depth": 2.76}}, {"type": "Feature", "geometry": {"type": "Point", "coordinates": [73.922839, 18.536789]}, "properties": {"depth": 2.76}}, {"type": "Feature", "geometry": {"type": "Point", "coordinates": [73.922969, 18.536809]}, "properties": {"depth": 0.72}}, {"type": "Feature", "geometry": {"type": "Point", "coordinates": [73.92271, 18.536859]}, "properties": {"depth": 3.39}}, {"type": "Feature", "geometry": {"type": "Point", "coordinates": [73.922985, 18.536912]}, "properties": {"depth": 0.72}}, {"type": "Feature", "geometry": {"type": "Point", "coordinates": [73.922853, 18.537021]}, "properties": {"depth": 3.39}}, {"type": "Feature", "geometry": {"type": "Point", "coordinates": [73.922997, 18.537031]}, "properties": {"depth": 0.72}}, {"type": "Feature", "geometry": {"type": "Point", "coordinates": [73.923007, 18.537134]}, "properties": {"depth": 2.15}}, {"type": "Feature", "geometry": {"type": "Point", "coordinates": [73.92274, 18.537142]}, "properties": {"depth": 3.17}}, {"type": "Feature", "geometry": {"type": "Point", "coordinates": [73.922868, 18.537225]}, "properties": {"depth": 3.17}}, {"type": "Feature", "geometry": {"type": "Point", "coordinates": [73.925853, 18.536618]}, "properties": {"depth": 1.35}}, {"type": "Feature", "geometry": {"type": "Point", "coordinates": [73.926525, 18.540087]}, "properties": {"depth": 0.25}}, {"type": "Feature", "geometry": {"type": "Point", "coordinates": [73.92583, 18.54069]}, "properties": {"depth": 0.27}}, {"type": "Feature", "geometry": {"type": "Point", "coordinates": [73.935768, 18.537884]}, "properties": {"depth": 4.63}}, {"type": "Feature", "geometry": {"type": "Point", "coordinates": [73.934956, 18.537888]}, "properties": {"depth": 2.52}}, {"type": "Feature", "geometry": {"type": "Point", "coordinates": [73.935639, 18.537939]}, "properties": {"depth": 1.18}}, {"type": "Feature", "geometry": {"type": "Point", "coordinates": [73.935099, 18.537938]}, "properties": {"depth": 0.14}}, {"type": "Feature", "geometry": {"type": "Point", "coordinates": [73.93549, 18.537962]}, "properties": {"depth": 1.18}}, {"type": "Feature", "geometry": {"type": "Point", "coordinates": [73.935758, 18.537964]}, "properties": {"depth": 3.67}}, {"type": "Feature", "geometry": {"type": "Point", "coordinates": [73.935296, 18.537963]}, "properties": {"depth": 0.49}}, {"type": "Feature", "geometry": {"type": "Point", "coordinates": [73.935403, 18.537964]}, "properties": {"depth": 0.49}}, {"type": "Feature", "geometry": {"type": "Point", "coordinates": [73.935773, 18.538053]}, "properties": {"depth": 3.67}}, {"type": "Feature", "geometry": {"type": "Point", "coordinates": [73.935098, 18.538049]}, "properties": {"depth": 0.14}}, {"type": "Feature", "geometry": {"type": "Point", "coordinates": [73.933644, 18.53791]}, "properties": {"depth": 9.32}}, {"type": "Feature", "geometry": {"type": "Point", "coordinates": [73.933541, 18.537919]}, "properties": {"depth": 10.02}}, {"type": "Feature", "geometry": {"type": "Point", "coordinates": [73.933446, 18.53793]}, "properties": {"depth": 7.48}}, {"type": "Feature", "geometry": {"type": "Point", "coordinates": [73.934454, 18.537961]}, "properties": {"depth": 9.44}}, {"type": "Feature", "geometry": {"type": "Point", "coordinates": [73.933214, 18.538047]}, "properties": {"depth": 7.48}}, {"type": "Feature", "geometry": {"type": "Point", "coordinates": [73.933296, 18.538122]}, "properties": {"depth": 7.48}}, {"type": "Feature", "geometry": {"type": "Point", "coordinates": [73.933229, 18.538124]}, "properties": {"depth": 7.48}}, {"type": "Feature", "geometry": {"type": "Point", "coordinates": [73.933466, 18.538133]}, "properties": {"depth": 7.48}}, {"type": "Feature", "geometry": {"type": "Point", "coordinates": [73.933629, 18.538135]}, "properties": {"depth": 10.02}}, {"type": "Feature", "geometry": {"type": "Point", "coordinates": [73.933382, 18.538134]}, "properties": {"depth": 7.48}}, {"type": "Feature", "geometry": {"type": "Point", "coordinates": [73.933064, 18.537986]}, "properties": {"depth": 1.88}}, {"type": "Feature", "geometry": {"type": "Point", "coordinates": [73.932743, 18.537987]}, "properties": {"depth": 1.67}}, {"type": "Feature", "geometry": {"type": "Point", "coordinates": [73.931883, 18.537987]}, "properties": {"depth": 0.54}}, {"type": "Feature", "geometry": {"type": "Point", "coordinates": [73.93289, 18.538019]}, "properties": {"depth": 1.67}}, {"type": "Feature", "geometry": {"type": "Point", "coordinates": [73.932205, 18.538053]}, "properties": {"depth": 0.34}}, {"type": "Feature", "geometry": {"type": "Point", "coordinates": [73.932064, 18.53806]}, "properties": {"depth": 0.54}}, {"type": "Feature", "geometry": {"type": "Point", "coordinates": [73.93248, 18.538065]}, "properties": {"depth": 0.68}}, {"type": "Feature", "geometry": {"type": "Point", "coordinates": [73.932558, 18.538071]}, "properties": {"depth": 0.68}}, {"type": "Feature", "geometry": {"type": "Point", "coordinates": [73.932387, 18.538082]}, "properties": {"depth": 0.68}}, {"type": "Feature", "geometry": {"type": "Point", "coordinates": [73.93276, 18.538093]}, "properties": {"depth": 1.67}}, {"type": "Feature", "geometry": {"type": "Point", "coordinates": [73.935635, 18.538053]}, "properties": {"depth": 1.18}}, {"type": "Feature", "geometry": {"type": "Point", "coordinates": [73.934955, 18.53805]}, "properties": {"depth": 0.14}}, {"type": "Feature", "geometry": {"type": "Point", "coordinates": [73.935273, 18.538057]}, "properties": {"depth": 0.49}}, {"type": "Feature", "geometry": {"type": "Point", "coordinates": [73.935487, 18.538066]}, "properties": {"depth": 1.18}}, {"type": "Feature", "geometry": {"type": "Point", "coordinates": [73.935401, 18.538068]}, "properties": {"depth": 0.49}}, {"type": "Feature", "geometry": {"type": "Point", "coordinates": [73.935427, 18.538224]}, "properties": {"depth": 1.21}}, {"type": "Feature", "geometry": {"type": "Point", "coordinates": [73.935775, 18.53825]}, "properties": {"depth": 1.71}}, {"type": "Feature", "geometry": {"type": "Point", "coordinates": [73.935645, 18.538252]}, "properties": {"depth": 1.21}}, {"type": "Feature", "geometry": {"type": "Point", "coordinates": [73.932309, 18.538095]}, "properties": {"depth": 0.34}}, {"type": "Feature", "geometry": {"type": "Point", "coordinates": [73.932647, 18.538097]}, "properties": {"depth": 1.67}}, {"type": "Feature", "geometry": {"type": "Point", "coordinates": [73.932957, 18.538102]}, "properties": {"depth": 1.88}}, {"type": "Feature", "geometry": {"type": "Point", "coordinates": [73.93286, 18.538103]}, "properties": {"depth": 1.67}}, {"type": "Feature", "geometry": {"type": "Point", "coordinates": [73.933061, 18.538106]}, "properties": {"depth": 1.88}}, {"type": "Feature", "geometry": {"type": "Point", "coordinates": [73.933148, 18.538126]}, "properties": {"depth": 1.88}}, {"type": "Feature", "geometry": {"type": "Point", "coordinates": [73.932415, 18.538273]}, "properties": {"depth": 0.61}}, {"type": "Feature", "geometry": {"type": "Point", "coordinates": [73.932549, 18.538273]}, "properties": {"depth": 0.61}}, {"type": "Feature", "geometry": {"type": "Point", "coordinates": [73.932274, 18.538276]}, "properties": {"depth": 0.89}}, {"type": "Feature", "geometry": {"type": "Point", "coordinates": [73.932656, 18.538279]}, "properties": {"depth": 1.93}}, {"type": "Feature", "geometry": {"type": "Point", "coordinates": [73.933558, 18.538141]}, "properties": {"depth": 10.02}}, {"type": "Feature", "geometry": {"type": "Point", "coordinates": [73.933958, 18.538156]}, "properties": {"depth": 10.46}}, {"type": "Feature", "geometry": {"type": "Point", "coordinates": [73.933854, 18.538162]}, "properties": {"depth": 10.46}}, {"type": "Feature", "geometry": {"type": "Point", "coordinates": [73.933774, 18.538163]}, "properties": {"depth": 10.46}}, {"type": "Feature", "geometry": {"type": "Point", "coordinates": [73.933712, 18.538163]}, "properties": {"depth": 10.02}}, {"type": "Feature", "geometry": {"type": "Point", "coordinates": [73.933962, 18.538301]}, "properties": {"depth": 7.7}}, {"type": "Feature", "geometry": {"type": "Point", "coordinates": [73.933787, 18.538308]}, "properties": {"depth": 7.7}}, {"type": "Feature", "geometry": {"type": "Point", "coordinates": [73.933657, 18.538309]}, "properties": {"depth": 5.21}}, {"type": "Feature", "geometry": {"type": "Point", "coordinates": [73.933516, 18.538309]}, "properties": {"depth": 5.21}}, {"type": "Feature", "geometry": {"type": "Point", "coordinates": [73.933314, 18.538313]}, "properties": {"depth": 0.92}}, {"type": "Feature", "geometry": {"type": "Point", "coordinates": [73.931564, 18.538198]}, "properties": {"depth": 0.8}}, {"type": "Feature", "geometry": {"type": "Point", "coordinates": [73.931498, 18.538198]}, "properties": {"depth": 0.66}}, {"type": "Feature", "geometry": {"type": "Point", "coordinates": [73.931645, 18.538201]}, "properties": {"depth": 0.8}}, {"type": "Feature", "geometry": {"type": "Point", "coordinates": [73.931403, 18.538248]}, "properties": {"depth": 0.66}}, {"type": "Feature", "geometry": {"type": "Point", "coordinates": [73.931519, 18.538254]}, "properties": {"depth": 0.66}}, {"type": "Feature", "geometry": {"type": "Point", "coordinates": [73.931629, 18.538257]}, "properties": {"depth": 0.8}}, {"type": "Feature", "geometry": {"type": "Point", "coordinates": [73.931825, 18.538275]}, "properties": {"depth": 0.52}}, {"type": "Feature", "geometry": {"type": "Point", "coordinates": [73.93117, 18.538275]}, "properties": {"depth": 4.46}}, {"type": "Feature", "geometry": {"type": "Point", "coordinates": [73.930867, 18.538299]}, "properties": {"depth": 5.23}}, {"type": "Feature", "geometry": {"type": "Point", "coordinates": [73.931448, 18.538313]}, "properties": {"depth": 0.66}}, {"type": "Feature", "geometry": {"type": "Point", "coordinates": [73.935776, 18.538347]}, "properties": {"depth": 1.71}}, {"type": "Feature", "geometry": {"type": "Point", "coordinates": [73.935664, 18.538359]}, "properties": {"depth": 1.21}}, {"type": "Feature", "geometry": {"type": "Point", "coordinates": [73.935776, 18.538433]}, "properties": {"depth": 1.71}}, {"type": "Feature", "geometry": {"type": "Point", "coordinates": [73.935396, 18.538484]}, "properties": {"depth": 0.16}}, {"type": "Feature", "geometry": {"type": "Point", "coordinates": [73.935637, 18.538487]}, "properties": {"depth": 0.89}}, {"type": "Feature", "geometry": {"type": "Point", "coordinates": [73.935772, 18.538506]}, "properties": {"depth": 0.36}}, {"type": "Feature", "geometry": {"type": "Point", "coordinates": [73.931631, 18.538444]}, "properties": {"depth": 0.8}}, {"type": "Feature", "geometry": {"type": "Point", "coordinates": [73.931765, 18.538452]}, "properties": {"depth": 0.8}}, {"type": "Feature", "geometry": {"type": "Point", "coordinates": [73.931002, 18.538469]}, "properties": {"depth": 4.46}}, {"type": "Feature", "geometry": {"type": "Point", "coordinates": [73.931859, 18.538477]}, "properties": {"depth": 0.03}}, {"type": "Feature", "geometry": {"type": "Point", "coordinates": [73.931368, 18.538503]}, "properties": {"depth": 2.34}}, {"type": "Feature", "geometry": {"type": "Point", "coordinates": [73.931238, 18.538504]}, "properties": {"depth": 2.67}}, {"type": "Feature", "geometry": {"type": "Point", "coordinates": [73.931451, 18.538511]}, "properties": {"depth": 2.34}}, {"type": "Feature", "geometry": {"type": "Point", "coordinates": [73.931136, 18.538524]}, "properties": {"depth": 2.67}}, {"type": "Feature", "geometry": {"type": "Point", "coordinates": [73.930956, 18.538524]}, "properties": {"depth": 2.63}}, {"type": "Feature", "geometry": {"type": "Point", "coordinates": [73.931558, 18.538541]}, "properties": {"depth": 0.82}}, {"type": "Feature", "geometry": {"type": "Point", "coordinates": [73.934785, 18.538561]}, "properties": {"depth": 3.87}}, {"type": "Feature", "geometry": {"type": "Point", "coordinates": [73.935393, 18.538597]}, "properties": {"depth": 0.16}}, {"type": "Feature", "geometry": {"type": "Point", "coordinates": [73.935633, 18.538618]}, "properties": {"depth": 0.89}}, {"type": "Feature", "geometry": {"type": "Point", "coordinates": [73.93524, 18.538634]}, "properties": {"depth": 0.16}}, {"type": "Feature", "geometry": {"type": "Point", "coordinates": [73.935774, 18.538643]}, "properties": {"depth": 0.36}}, {"type": "Feature", "geometry": {"type": "Point", "coordinates": [73.935349, 18.538688]}, "properties": {"depth": 0.16}}, {"type": "Feature", "geometry": {"type": "Point", "coordinates": [73.935416, 18.53869]}, "properties": {"depth": 0.16}}, {"type": "Feature", "geometry": {"type": "Point", "coordinates": [73.93547, 18.538695]}, "properties": {"depth": 0.89}}, {"type": "Feature", "geometry": {"type": "Point", "coordinates": [73.935241, 18.538712]}, "properties": {"depth": 0.16}}, {"type": "Feature", "geometry": {"type": "Point", "coordinates": [73.93578, 18.538718]}, "properties": {"depth": 0.36}}, {"type": "Feature", "geometry": {"type": "Point", "coordinates": [73.921148, 18.540125]}, "properties": {"depth": 9.11}}, {"type": "Feature", "geometry": {"type": "Point", "coordinates": [73.923022, 18.537274]}, "properties": {"depth": 2.15}}, {"type": "Feature", "geometry": {"type": "Point", "coordinates": [73.922749, 18.537282]}, "properties": {"depth": 3.17}}, {"type": "Feature", "geometry": {"type": "Point", "coordinates": [73.922767, 18.537455]}, "properties": {"depth": 4.61}}, {"type": "Feature", "geometry": {"type": "Point", "coordinates": [73.922891, 18.53746]}, "properties": {"depth": 4.61}}, {"type": "Feature", "geometry": {"type": "Point", "coordinates": [73.923044, 18.537465]}, "properties": {"depth": 3.15}}, {"type": "Feature", "geometry": {"type": "Point", "coordinates": [73.922783, 18.537569]}, "properties": {"depth": 4.61}}, {"type": "Feature", "geometry": {"type": "Point", "coordinates": [73.922905, 18.537644]}, "properties": {"depth": 1.52}}, {"type": "Feature", "geometry": {"type": "Point", "coordinates": [73.922806, 18.537675]}, "properties": {"depth": 1.52}}, {"type": "Feature", "geometry": {"type": "Point", "coordinates": [73.922804, 18.537766]}, "properties": {"depth": 1.52}}, {"type": "Feature", "geometry": {"type": "Point", "coordinates": [73.921735, 18.539981]}, "properties": {"depth": 9.26}}, {"type": "Feature", "geometry": {"type": "Point", "coordinates": [73.932172, 18.538277]}, "properties": {"depth": 0.89}}, {"type": "Feature", "geometry": {"type": "Point", "coordinates": [73.931916, 18.53828]}, "properties": {"depth": 0.52}}, {"type": "Feature", "geometry": {"type": "Point", "coordinates": [73.932999, 18.538289]}, "properties": {"depth": 2.07}}, {"type": "Feature", "geometry": {"type": "Point", "coordinates": [73.932109, 18.538284]}, "properties": {"depth": 0.89}}, {"type": "Feature", "geometry": {"type": "Point", "coordinates": [73.932763, 18.538289]}, "properties": {"depth": 1.93}}, {"type": "Feature", "geometry": {"type": "Point", "coordinates": [73.932883, 18.538291]}, "properties": {"depth": 1.93}}, {"type": "Feature", "geometry": {"type": "Point", "coordinates": [73.933087, 18.538315]}, "properties": {"depth": 2.07}}, {"type": "Feature", "geometry": {"type": "Point", "coordinates": [73.932618, 18.538571]}, "properties": {"depth": 1.34}}, {"type": "Feature", "geometry": {"type": "Point", "coordinates": [73.932111, 18.53871]}, "properties": {"depth": 0.44}}, {"type": "Feature", "geometry": {"type": "Point", "coordinates": [73.935652, 18.538732]}, "properties": {"depth": 0.89}}, {"type": "Feature", "geometry": {"type": "Point", "coordinates": [73.934795, 18.538731]}, "properties": {"depth": 3.87}}, {"type": "Feature", "geometry": {"type": "Point", "coordinates": [73.933204, 18.538317]}, "properties": {"depth": 0.92}}, {"type": "Feature", "geometry": {"type": "Point", "coordinates": [73.933404, 18.538319]}, "properties": {"depth": 0.92}}, {"type": "Feature", "geometry": {"type": "Point", "coordinates": [73.933991, 18.538588]}, "properties": {"depth": 2.87}}, {"type": "Feature", "geometry": {"type": "Point", "coordinates": [73.934658, 18.538586]}, "properties": {"depth": 3.87}}, {"type": "Feature", "geometry": {"type": "Point", "coordinates": [73.906742, 18.538911]}, "properties": {"depth": 6.14}}, {"type": "Feature", "geometry": {"type": "Point", "coordinates": [73.906182, 18.539587]}, "properties": {"depth": 1.11}}, {"type": "Feature", "geometry": {"type": "Point", "coordinates": [73.906649, 18.539885]}, "properties": {"depth": 2.23}}, {"type": "Feature", "geometry": {"type": "Point", "coordinates": [73.908725, 18.538376]}, "properties": {"depth": 1.44}}, {"type": "Feature", "geometry": {"type": "Point", "coordinates": [73.908683, 18.538378]}, "properties": {"depth": 1.44}}, {"type": "Feature", "geometry": {"type": "Point", "coordinates": [73.914652, 18.537641]}, "properties": {"depth": 1.14}}, {"type": "Feature", "geometry": {"type": "Point", "coordinates": [73.914855, 18.538434]}, "properties": {"depth": 2.2}}, {"type": "Feature", "geometry": {"type": "Point", "coordinates": [73.909176, 18.53817]}, "properties": {"depth": 1.03}}, {"type": "Feature", "geometry": {"type": "Point", "coordinates": [73.909193, 18.538474]}, "properties": {"depth": 3.38}}, {"type": "Feature", "geometry": {"type": "Point", "coordinates": [73.911007, 18.538592]}, "properties": {"depth": 0.87}}, {"type": "Feature", "geometry": {"type": "Point", "coordinates": [73.909228, 18.538652]}, "properties": {"depth": 3.38}}, {"type": "Feature", "geometry": {"type": "Point", "coordinates": [73.909272, 18.538874]}, "properties": {"depth": 1.64}}, {"type": "Feature", "geometry": {"type": "Point", "coordinates": [73.909285, 18.539302]}, "properties": {"depth": 3.93}}, {"type": "Feature", "geometry": {"type": "Point", "coordinates": [73.914654, 18.538617]}, "properties": {"depth": 4.3}}, {"type": "Feature", "geometry": {"type": "Point", "coordinates": [73.907159, 18.539001]}, "properties": {"depth": 3.59}}, {"type": "Feature", "geometry": {"type": "Point", "coordinates": [73.907228, 18.539643]}, "properties": {"depth": 4.46}}, {"type": "Feature", "geometry": {"type": "Point", "coordinates": [73.908704, 18.539757]}, "properties": {"depth": 2.2}}, {"type": "Feature", "geometry": {"type": "Point", "coordinates": [73.908731, 18.542609]}, "properties": {"depth": 4.1}}, {"type": "Feature", "geometry": {"type": "Point", "coordinates": [73.90789, 18.542663]}, "properties": {"depth": 0.67}}, {"type": "Feature", "geometry": {"type": "Point", "coordinates": [73.907086, 18.542711]}, "properties": {"depth": 2.11}}, {"type": "Feature", "geometry": {"type": "Point", "coordinates": [73.90886, 18.543073]}, "properties": {"depth": 2.73}}, {"type": "Feature", "geometry": {"type": "Point", "coordinates": [73.908469, 18.543145]}, "properties": {"depth": 7.12}}, {"type": "Feature", "geometry": {"type": "Point", "coordinates": [73.908862, 18.543218]}, "properties": {"depth": 2.07}}, {"type": "Feature", "geometry": {"type": "Point", "coordinates": [73.904113, 18.543183]}, "properties": {"depth": 1.8}}, {"type": "Feature", "geometry": {"type": "Point", "coordinates": [73.904047, 18.543488]}, "properties": {"depth": 1.39}}, {"type": "Feature", "geometry": {"type": "Point", "coordinates": [73.906875, 18.540032]}, "properties": {"depth": 6.89}}, {"type": "Feature", "geometry": {"type": "Point", "coordinates": [73.906782, 18.542462]}, "properties": {"depth": 3.78}}, {"type": "Feature", "geometry": {"type": "Point", "coordinates": [73.906702, 18.542473]}, "properties": {"depth": 3.78}}, {"type": "Feature", "geometry": {"type": "Point", "coordinates": [73.906014, 18.543012]}, "properties": {"depth": 8.17}}, {"type": "Feature", "geometry": {"type": "Point", "coordinates": [73.906509, 18.543558]}, "properties": {"depth": 4.58}}, {"type": "Feature", "geometry": {"type": "Point", "coordinates": [73.905916, 18.544004]}, "properties": {"depth": 2.79}}, {"type": "Feature", "geometry": {"type": "Point", "coordinates": [73.909275, 18.539614]}, "properties": {"depth": 4.94}}, {"type": "Feature", "geometry": {"type": "Point", "coordinates": [73.912115, 18.547592]}, "properties": {"depth": 4.71}}, {"type": "Feature", "geometry": {"type": "Point", "coordinates": [73.908432, 18.543348]}, "properties": {"depth": 6.41}}, {"type": "Feature", "geometry": {"type": "Point", "coordinates": [73.908871, 18.543354]}, "properties": {"depth": 2.07}}, {"type": "Feature", "geometry": {"type": "Point", "coordinates": [73.907926, 18.543367]}, "properties": {"depth": 6.16}}, {"type": "Feature", "geometry": {"type": "Point", "coordinates": [73.908785, 18.54344]}, "properties": {"depth": 2.07}}, {"type": "Feature", "geometry": {"type": "Point", "coordinates": [73.910435, 18.545492]}, "properties": {"depth": 12.04}}, {"type": "Feature", "geometry": {"type": "Point", "coordinates": [73.910083, 18.545874]}, "properties": {"depth": 3.44}}, {"type": "Feature", "geometry": {"type": "Point", "coordinates": [73.909709, 18.546205]}, "properties": {"depth": 0.4}}, {"type": "Feature", "geometry": {"type": "Point", "coordinates": [73.909851, 18.546481]}, "properties": {"depth": 2.44}}, {"type": "Feature", "geometry": {"type": "Point", "coordinates": [73.90964, 18.546661]}, "properties": {"depth": 0.8}}, {"type": "Feature", "geometry": {"type": "Point", "coordinates": [73.910166, 18.546677]}, "properties": {"depth": 4.47}}, {"type": "Feature", "geometry": {"type": "Point", "coordinates": [73.909817, 18.546786]}, "properties": {"depth": 0.8}}, {"type": "Feature", "geometry": {"type": "Point", "coordinates": [73.909656, 18.54676]}, "properties": {"depth": 0.8}}, {"type": "Feature", "geometry": {"type": "Point", "coordinates": [73.910704, 18.546848]}, "properties": {"depth": 5.16}}, {"type": "Feature", "geometry": {"type": "Point", "coordinates": [73.910388, 18.546855]}, "properties": {"depth": 2.09}}, {"type": "Feature", "geometry": {"type": "Point", "coordinates": [73.910761, 18.547054]}, "properties": {"depth": 5.16}}, {"type": "Feature", "geometry": {"type": "Point", "coordinates": [73.910314, 18.547116]}, "properties": {"depth": 1.66}}, {"type": "Feature", "geometry": {"type": "Point", "coordinates": [73.910462, 18.547257]}, "properties": {"depth": 4.62}}, {"type": "Feature", "geometry": {"type": "Point", "coordinates": [73.910473, 18.547522]}, "properties": {"depth": 4.95}}, {"type": "Feature", "geometry": {"type": "Point", "coordinates": [73.911053, 18.547542]}, "properties": {"depth": 0.55}}, {"type": "Feature", "geometry": {"type": "Point", "coordinates": [73.910517, 18.547595]}, "properties": {"depth": 4.95}}, {"type": "Feature", "geometry": {"type": "Point", "coordinates": [73.910258, 18.547659]}, "properties": {"depth": 1.48}}, {"type": "Feature", "geometry": {"type": "Point", "coordinates": [73.910549, 18.547669]}, "properties": {"depth": 3.17}}, {"type": "Feature", "geometry": {"type": "Point", "coordinates": [73.915244, 18.547538]}, "properties": {"depth": 13.72}}, {"type": "Feature", "geometry": {"type": "Point", "coordinates": [73.910293, 18.54773]}, "properties": {"depth": 1.48}}, {"type": "Feature", "geometry": {"type": "Point", "coordinates": [73.910591, 18.547751]}, "properties": {"depth": 3.17}}, {"type": "Feature", "geometry": {"type": "Point", "coordinates": [73.910624, 18.54783]}, "properties": {"depth": 3.17}}, {"type": "Feature", "geometry": {"type": "Point", "coordinates": [73.910334, 18.54783]}, "properties": {"depth": 1.48}}, {"type": "Feature", "geometry": {"type": "Point", "coordinates": [73.910371, 18.54788]}, "properties": {"depth": 1.48}}, {"type": "Feature", "geometry": {"type": "Point", "coordinates": [73.910685, 18.547893]}, "properties": {"depth": 3.17}}, {"type": "Feature", "geometry": {"type": "Point", "coordinates": [73.910446, 18.547978]}, "properties": {"depth": 0.14}}, {"type": "Feature", "geometry": {"type": "Point", "coordinates": [73.910483, 18.548028]}, "properties": {"depth": 0.14}}, {"type": "Feature", "geometry": {"type": "Point", "coordinates": [73.910535, 18.548107]}, "properties": {"depth": 0.14}}, {"type": "Feature", "geometry": {"type": "Point", "coordinates": [73.914676, 18.548614]}, "properties": {"depth": 3.06}}, {"type": "Feature", "geometry": {"type": "Point", "coordinates": [73.914592, 18.548731]}, "properties": {"depth": 3.06}}, {"type": "Feature", "geometry": {"type": "Point", "coordinates": [73.914689, 18.548738]}, "properties": {"depth": 3.06}}, {"type": "Feature", "geometry": {"type": "Point", "coordinates": [73.915626, 18.549056]}, "properties": {"depth": 14.87}}, {"type": "Feature", "geometry": {"type": "Point", "coordinates": [73.93103, 18.538543]}, "properties": {"depth": 2.67}}, {"type": "Feature", "geometry": {"type": "Point", "coordinates": [73.931621, 18.538547]}, "properties": {"depth": 0.82}}, {"type": "Feature", "geometry": {"type": "Point", "coordinates": [73.930806, 18.538547]}, "properties": {"depth": 2.63}}, {"type": "Feature", "geometry": {"type": "Point", "coordinates": [73.931837, 18.538565]}, "properties": {"depth": 0.03}}, {"type": "Feature", "geometry": {"type": "Point", "coordinates": [73.931384, 18.538604]}, "properties": {"depth": 2.34}}, {"type": "Feature", "geometry": {"type": "Point", "coordinates": [73.931842, 18.53866]}, "properties": {"depth": 0.03}}, {"type": "Feature", "geometry": {"type": "Point", "coordinates": [73.931173, 18.538675]}, "properties": {"depth": 2.67}}, {"type": "Feature", "geometry": {"type": "Point", "coordinates": [73.931833, 18.538717]}, "properties": {"depth": 0.03}}, {"type": "Feature", "geometry": {"type": "Point", "coordinates": [73.931334, 18.538718]}, "properties": {"depth": 2.34}}, {"type": "Feature", "geometry": {"type": "Point", "coordinates": [73.931004, 18.538731]}, "properties": {"depth": 2.67}}, {"type": "Feature", "geometry": {"type": "Point", "coordinates": [73.930062, 18.538572]}, "properties": {"depth": 2.6}}, {"type": "Feature", "geometry": {"type": "Point", "coordinates": [73.930281, 18.538578]}, "properties": {"depth": 2.04}}, {"type": "Feature", "geometry": {"type": "Point", "coordinates": [73.93047, 18.538601]}, "properties": {"depth": 0.31}}, {"type": "Feature", "geometry": {"type": "Point", "coordinates": [73.930553, 18.538604]}, "properties": {"depth": 0.31}}, {"type": "Feature", "geometry": {"type": "Point", "coordinates": [73.9304, 18.538609]}, "properties": {"depth": 2.04}}, {"type": "Feature", "geometry": {"type": "Point", "coordinates": [73.929612, 18.538606]}, "properties": {"depth": 1.99}}, {"type": "Feature", "geometry": {"type": "Point", "coordinates": [73.930058, 18.538653]}, "properties": {"depth": 2.6}}, {"type": "Feature", "geometry": {"type": "Point", "coordinates": [73.930295, 18.538675]}, "properties": {"depth": 2.04}}, {"type": "Feature", "geometry": {"type": "Point", "coordinates": [73.930698, 18.538758]}, "properties": {"depth": 0.7}}, {"type": "Feature", "geometry": {"type": "Point", "coordinates": [73.931105, 18.53876]}, "properties": {"depth": 0.43}}, {"type": "Feature", "geometry": {"type": "Point", "coordinates": [73.930767, 18.538759]}, "properties": {"depth": 0.7}}, {"type": "Feature", "geometry": {"type": "Point", "coordinates": [73.930841, 18.538768]}, "properties": {"depth": 0.7}}, {"type": "Feature", "geometry": {"type": "Point", "coordinates": [73.931375, 18.538796]}, "properties": {"depth": 0.87}}, {"type": "Feature", "geometry": {"type": "Point", "coordinates": [73.931503, 18.538835]}, "properties": {"depth": 0.87}}, {"type": "Feature", "geometry": {"type": "Point", "coordinates": [73.928315, 18.536397]}, "properties": {"depth": 4.87}}, {"type": "Feature", "geometry": {"type": "Point", "coordinates": [73.92834, 18.536479]}, "properties": {"depth": 4.87}}, {"type": "Feature", "geometry": {"type": "Point", "coordinates": [73.930537, 18.538835]}, "properties": {"depth": 1.38}}, {"type": "Feature", "geometry": {"type": "Point", "coordinates": [73.929569, 18.538878]}, "properties": {"depth": 2.27}}, {"type": "Feature", "geometry": {"type": "Point", "coordinates": [73.9307, 18.538886]}, "properties": {"depth": 0.7}}, {"type": "Feature", "geometry": {"type": "Point", "coordinates": [73.929995, 18.538893]}, "properties": {"depth": 0.83}}, {"type": "Feature", "geometry": {"type": "Point", "coordinates": [73.929832, 18.538899]}, "properties": {"depth": 0.39}}, {"type": "Feature", "geometry": {"type": "Point", "coordinates": [73.931373, 18.538849]}, "properties": {"depth": 0.87}}, {"type": "Feature", "geometry": {"type": "Point", "coordinates": [73.930887, 18.538852]}, "properties": {"depth": 0.7}}, {"type": "Feature", "geometry": {"type": "Point", "coordinates": [73.930816, 18.53887]}, "properties": {"depth": 0.7}}, {"type": "Feature", "geometry": {"type": "Point", "coordinates": [73.931183, 18.538878]}, "properties": {"depth": 0.43}}, {"type": "Feature", "geometry": {"type": "Point", "coordinates": [73.930988, 18.538883]}, "properties": {"depth": 0.43}}, {"type": "Feature", "geometry": {"type": "Point", "coordinates": [73.930882, 18.538896]}, "properties": {"depth": 0.7}}, {"type": "Feature", "geometry": {"type": "Point", "coordinates": [73.931314, 18.538914]}, "properties": {"depth": 0.87}}, {"type": "Feature", "geometry": {"type": "Point", "coordinates": [73.930763, 18.538913]}, "properties": {"depth": 0.7}}, {"type": "Feature", "geometry": {"type": "Point", "coordinates": [73.9314, 18.538921]}, "properties": {"depth": 0.87}}, {"type": "Feature", "geometry": {"type": "Point", "coordinates": [73.931504, 18.538934]}, "properties": {"depth": 0.87}}, {"type": "Feature", "geometry": {"type": "Point", "coordinates": [73.931085, 18.538943]}, "properties": {"depth": 0.43}}, {"type": "Feature", "geometry": {"type": "Point", "coordinates": [73.930811, 18.538946]}, "properties": {"depth": 0.7}}, {"type": "Feature", "geometry": {"type": "Point", "coordinates": [73.930985, 18.538951]}, "properties": {"depth": 0.43}}, {"type": "Feature", "geometry": {"type": "Point", "coordinates": [73.93088, 18.538952]}, "properties": {"depth": 0.7}}, {"type": "Feature", "geometry": {"type": "Point", "coordinates": [73.931181, 18.538959]}, "properties": {"depth": 0.43}}, {"type": "Feature", "geometry": {"type": "Point", "coordinates": [73.930703, 18.538952]}, "properties": {"depth": 0.7}}, {"type": "Feature", "geometry": {"type": "Point", "coordinates": [73.929789, 18.538987]}, "properties": {"depth": 0.39}}, {"type": "Feature", "geometry": {"type": "Point", "coordinates": [73.929499, 18.539009]}, "properties": {"depth": 2.27}}, {"type": "Feature", "geometry": {"type": "Point", "coordinates": [73.931394, 18.538996]}, "properties": {"depth": 0.87}}, {"type": "Feature", "geometry": {"type": "Point", "coordinates": [73.931304, 18.539005]}, "properties": {"depth": 0.87}}, {"type": "Feature", "geometry": {"type": "Point", "coordinates": [73.927749, 18.536548]}, "properties": {"depth": 8.12}}, {"type": "Feature", "geometry": {"type": "Point", "coordinates": [73.927823, 18.536607]}, "properties": {"depth": 8.12}}, {"type": "Feature", "geometry": {"type": "Point", "coordinates": [73.927637, 18.539859]}, "properties": {"depth": 1.08}}, {"type": "Feature", "geometry": {"type": "Point", "coordinates": [73.924435, 18.53743]}, "properties": {"depth": 4.23}}, {"type": "Feature", "geometry": {"type": "Point", "coordinates": [73.924159, 18.537696]}, "properties": {"depth": 5.97}}, {"type": "Feature", "geometry": {"type": "Point", "coordinates": [73.921976, 18.540062]}, "properties": {"depth": 8.87}}, {"type": "Feature", "geometry": {"type": "Point", "coordinates": [73.923471, 18.540494]}, "properties": {"depth": 2.18}}, {"type": "Feature", "geometry": {"type": "Point", "coordinates": [73.922395, 18.540543]}, "properties": {"depth": 2.6}}, {"type": "Feature", "geometry": {"type": "Point", "coordinates": [73.921967, 18.540615]}, "properties": {"depth": 5.21}}, {"type": "Feature", "geometry": {"type": "Point", "coordinates": [73.922424, 18.540662]}, "properties": {"depth": 2.6}}, {"type": "Feature", "geometry": {"type": "Point", "coordinates": [73.921945, 18.54076]}, "properties": {"depth": 3.4}}, {"type": "Feature", "geometry": {"type": "Point", "coordinates": [73.922456, 18.54083]}, "properties": {"depth": 3.52}}, {"type": "Feature", "geometry": {"type": "Point", "coordinates": [73.922487, 18.541042]}, "properties": {"depth": 3.42}}, {"type": "Feature", "geometry": {"type": "Point", "coordinates": [73.922496, 18.541191]}, "properties": {"depth": 3.42}}, {"type": "Feature", "geometry": {"type": "Point", "coordinates": [73.922432, 18.54135]}, "properties": {"depth": 1.41}}, {"type": "Feature", "geometry": {"type": "Point", "coordinates": [73.917014, 18.546416]}, "properties": {"depth": 6.42}}, {"type": "Feature", "geometry": {"type": "Point", "coordinates": [73.916635, 18.546499]}, "properties": {"depth": 7.33}}, {"type": "Feature", "geometry": {"type": "Point", "coordinates": [73.899037, 18.540448]}, "properties": {"depth": 0.02}}, {"type": "Feature", "geometry": {"type": "Point", "coordinates": [73.898818, 18.540469]}, "properties": {"depth": 0.5}}, {"type": "Feature", "geometry": {"type": "Point", "coordinates": [73.898936, 18.540472]}, "properties": {"depth": 0.5}}, {"type": "Feature", "geometry": {"type": "Point", "coordinates": [73.90063, 18.540258]}, "properties": {"depth": 3.81}}, {"type": "Feature", "geometry": {"type": "Point", "coordinates": [73.899145, 18.540434]}, "properties": {"depth": 0.02}}, {"type": "Feature", "geometry": {"type": "Point", "coordinates": [73.899273, 18.540443]}, "properties": {"depth": 0.02}}, {"type": "Feature", "geometry": {"type": "Point", "coordinates": [73.886482, 18.541532]}, "properties": {"depth": 0.3}}, {"type": "Feature", "geometry": {"type": "Point", "coordinates": [73.886485, 18.541571]}, "properties": {"depth": 0.3}}, {"type": "Feature", "geometry": {"type": "Point", "coordinates": [73.885734, 18.541731]}, "properties": {"depth": 1.01}}, {"type": "Feature", "geometry": {"type": "Point", "coordinates": [73.885809, 18.541734]}, "properties": {"depth": 1.01}}, {"type": "Feature", "geometry": {"type": "Point", "coordinates": [73.885952, 18.541781]}, "properties": {"depth": 1.01}}, {"type": "Feature", "geometry": {"type": "Point", "coordinates": [73.886043, 18.541806]}, "properties": {"depth": 1.55}}, {"type": "Feature", "geometry": {"type": "Point", "coordinates": [73.885723, 18.541826]}, "properties": {"depth": 1.16}}, {"type": "Feature", "geometry": {"type": "Point", "coordinates": [73.886424, 18.541887]}, "properties": {"depth": 3.0}}, {"type": "Feature", "geometry": {"type": "Point", "coordinates": [73.891091, 18.54189]}, "properties": {"depth": 1.59}}, {"type": "Feature", "geometry": {"type": "Point", "coordinates": [73.891078, 18.542096]}, "properties": {"depth": 0.91}}, {"type": "Feature", "geometry": {"type": "Point", "coordinates": [73.892142, 18.542103]}, "properties": {"depth": 1.54}}, {"type": "Feature", "geometry": {"type": "Point", "coordinates": [73.88633, 18.541922]}, "properties": {"depth": 3.0}}, {"type": "Feature", "geometry": {"type": "Point", "coordinates": [73.885766, 18.541973]}, "properties": {"depth": 1.16}}, {"type": "Feature", "geometry": {"type": "Point", "coordinates": [73.886163, 18.541985]}, "properties": {"depth": 1.55}}, {"type": "Feature", "geometry": {"type": "Point", "coordinates": [73.886277, 18.541991]}, "properties": {"depth": 3.0}}, {"type": "Feature", "geometry": {"type": "Point", "coordinates": [73.885859, 18.542011]}, "properties": {"depth": 1.16}}, {"type": "Feature", "geometry": {"type": "Point", "coordinates": [73.893639, 18.541574]}, "properties": {"depth": 0.83}}, {"type": "Feature", "geometry": {"type": "Point", "coordinates": [73.892515, 18.542058]}, "properties": {"depth": 2.28}}, {"type": "Feature", "geometry": {"type": "Point", "coordinates": [73.897103, 18.552809]}, "properties": {"depth": 6.68}}, {"type": "Feature", "geometry": {"type": "Point", "coordinates": [73.897085, 18.553035]}, "properties": {"depth": 6.5}}, {"type": "Feature", "geometry": {"type": "Point", "coordinates": [73.781289, 18.462147]}, "properties": {"depth": 7.51}}, {"type": "Feature", "geometry": {"type": "Point", "coordinates": [73.783455, 18.459306]}, "properties": {"depth": 2.65}}, {"type": "Feature", "geometry": {"type": "Point", "coordinates": [73.780147, 18.462058]}, "properties": {"depth": 3.51}}, {"type": "Feature", "geometry": {"type": "Point", "coordinates": [73.779783, 18.462487]}, "properties": {"depth": 2.39}}, {"type": "Feature", "geometry": {"type": "Point", "coordinates": [73.780206, 18.462568]}, "properties": {"depth": 2.42}}, {"type": "Feature", "geometry": {"type": "Point", "coordinates": [73.781059, 18.462458]}, "properties": {"depth": 4.55}}, {"type": "Feature", "geometry": {"type": "Point", "coordinates": [73.780716, 18.462479]}, "properties": {"depth": 1.87}}, {"type": "Feature", "geometry": {"type": "Point", "coordinates": [73.78061, 18.462694]}, "properties": {"depth": 3.54}}, {"type": "Feature", "geometry": {"type": "Point", "coordinates": [73.781367, 18.462869]}, "properties": {"depth": 4.41}}, {"type": "Feature", "geometry": {"type": "Point", "coordinates": [73.781314, 18.463076]}, "properties": {"depth": 1.83}}, {"type": "Feature", "geometry": {"type": "Point", "coordinates": [73.780874, 18.463095]}, "properties": {"depth": 5.33}}, {"type": "Feature", "geometry": {"type": "Point", "coordinates": [73.780784, 18.463337]}, "properties": {"depth": 4.75}}, {"type": "Feature", "geometry": {"type": "Point", "coordinates": [73.781376, 18.46342]}, "properties": {"depth": 0.12}}, {"type": "Feature", "geometry": {"type": "Point", "coordinates": [73.780573, 18.463423]}, "properties": {"depth": 4.88}}, {"type": "Feature", "geometry": {"type": "Point", "coordinates": [73.780695, 18.463462]}, "properties": {"depth": 4.75}}, {"type": "Feature", "geometry": {"type": "Point", "coordinates": [73.779689, 18.462731]}, "properties": {"depth": 1.73}}, {"type": "Feature", "geometry": {"type": "Point", "coordinates": [73.780559, 18.462968]}, "properties": {"depth": 5.28}}, {"type": "Feature", "geometry": {"type": "Point", "coordinates": [73.780216, 18.463265]}, "properties": {"depth": 4.05}}, {"type": "Feature", "geometry": {"type": "Point", "coordinates": [73.780283, 18.463393]}, "properties": {"depth": 4.05}}, {"type": "Feature", "geometry": {"type": "Point", "coordinates": [73.780444, 18.463429]}, "properties": {"depth": 4.88}}, {"type": "Feature", "geometry": {"type": "Point", "coordinates": [73.780433, 18.46359]}, "properties": {"depth": 3.93}}, {"type": "Feature", "geometry": {"type": "Point", "coordinates": [73.780789, 18.46348]}, "properties": {"depth": 2.2}}, {"type": "Feature", "geometry": {"type": "Point", "coordinates": [73.78058, 18.463532]}, "properties": {"depth": 3.93}}, {"type": "Feature", "geometry": {"type": "Point", "coordinates": [73.780791, 18.463541]}, "properties": {"depth": 2.2}}, {"type": "Feature", "geometry": {"type": "Point", "coordinates": [73.780862, 18.463657]}, "properties": {"depth": 2.2}}, {"type": "Feature", "geometry": {"type": "Point", "coordinates": [73.782106, 18.459344]}, "properties": {"depth": 4.26}}, {"type": "Feature", "geometry": {"type": "Point", "coordinates": [73.781938, 18.459354]}, "properties": {"depth": 4.49}}, {"type": "Feature", "geometry": {"type": "Point", "coordinates": [73.781746, 18.459386]}, "properties": {"depth": 6.18}}, {"type": "Feature", "geometry": {"type": "Point", "coordinates": [73.78213, 18.459425]}, "properties": {"depth": 4.26}}, {"type": "Feature", "geometry": {"type": "Point", "coordinates": [73.783167, 18.459323]}, "properties": {"depth": 3.35}}, {"type": "Feature", "geometry": {"type": "Point", "coordinates": [73.782491, 18.459361]}, "properties": {"depth": 4.3}}, {"type": "Feature", "geometry": {"type": "Point", "coordinates": [73.783414, 18.459381]}, "properties": {"depth": 2.65}}, {"type": "Feature", "geometry": {"type": "Point", "coordinates": [73.782859, 18.459407]}, "properties": {"depth": 4.39}}, {"type": "Feature", "geometry": {"type": "Point", "coordinates": [73.783182, 18.459413]}, "properties": {"depth": 3.35}}, {"type": "Feature", "geometry": {"type": "Point", "coordinates": [73.783194, 18.459509]}, "properties": {"depth": 3.35}}, {"type": "Feature", "geometry": {"type": "Point", "coordinates": [73.781744, 18.459476]}, "properties": {"depth": 6.18}}, {"type": "Feature", "geometry": {"type": "Point", "coordinates": [73.78238, 18.459489]}, "properties": {"depth": 4.3}}, {"type": "Feature", "geometry": {"type": "Point", "coordinates": [73.781984, 18.459501]}, "properties": {"depth": 4.49}}, {"type": "Feature", "geometry": {"type": "Point", "coordinates": [73.781948, 18.459561]}, "properties": {"depth": 4.49}}, {"type": "Feature", "geometry": {"type": "Point", "coordinates": [73.78242, 18.459567]}, "properties": {"depth": 4.3}}, {"type": "Feature", "geometry": {"type": "Point", "coordinates": [73.781747, 18.459568]}, "properties": {"depth": 6.18}}, {"type": "Feature", "geometry": {"type": "Point", "coordinates": [73.782311, 18.459598]}, "properties": {"depth": 6.1}}, {"type": "Feature", "geometry": {"type": "Point", "coordinates": [73.782205, 18.459667]}, "properties": {"depth": 6.1}}, {"type": "Feature", "geometry": {"type": "Point", "coordinates": [73.781905, 18.459666]}, "properties": {"depth": 3.28}}, {"type": "Feature", "geometry": {"type": "Point", "coordinates": [73.78172, 18.459706]}, "properties": {"depth": 5.56}}, {"type": "Feature", "geometry": {"type": "Point", "coordinates": [73.783038, 18.459532]}, "properties": {"depth": 3.35}}, {"type": "Feature", "geometry": {"type": "Point", "coordinates": [73.783394, 18.459565]}, "properties": {"depth": 2.65}}, {"type": "Feature", "geometry": {"type": "Point", "coordinates": [73.782837, 18.459581]}, "properties": {"depth": 4.39}}, {"type": "Feature", "geometry": {"type": "Point", "coordinates": [73.782531, 18.45958]}, "properties": {"depth": 4.3}}, {"type": "Feature", "geometry": {"type": "Point", "coordinates": [73.78272, 18.459711]}, "properties": {"depth": 1.99}}, {"type": "Feature", "geometry": {"type": "Point", "coordinates": [73.783069, 18.459726]}, "properties": {"depth": 1.68}}, {"type": "Feature", "geometry": {"type": "Point", "coordinates": [73.782885, 18.45973]}, "properties": {"depth": 1.99}}, {"type": "Feature", "geometry": {"type": "Point", "coordinates": [73.782979, 18.459742]}, "properties": {"depth": 1.68}}, {"type": "Feature", "geometry": {"type": "Point", "coordinates": [73.782605, 18.459759]}, "properties": {"depth": 3.16}}, {"type": "Feature", "geometry": {"type": "Point", "coordinates": [73.783359, 18.45981]}, "properties": {"depth": 1.64}}, {"type": "Feature", "geometry": {"type": "Point", "coordinates": [73.783974, 18.459694]}, "properties": {"depth": 7.08}}, {"type": "Feature", "geometry": {"type": "Point", "coordinates": [73.783616, 18.459712]}, "properties": {"depth": 4.35}}, {"type": "Feature", "geometry": {"type": "Point", "coordinates": [73.783578, 18.459914]}, "properties": {"depth": 2.52}}, {"type": "Feature", "geometry": {"type": "Point", "coordinates": [73.783483, 18.460089]}, "properties": {"depth": 2.52}}, {"type": "Feature", "geometry": {"type": "Point", "coordinates": [73.783893, 18.460111]}, "properties": {"depth": 5.62}}, {"type": "Feature", "geometry": {"type": "Point", "coordinates": [73.784007, 18.460118]}, "properties": {"depth": 5.62}}, {"type": "Feature", "geometry": {"type": "Point", "coordinates": [73.783633, 18.460118]}, "properties": {"depth": 2.52}}, {"type": "Feature", "geometry": {"type": "Point", "coordinates": [73.78265, 18.459899]}, "properties": {"depth": 3.67}}, {"type": "Feature", "geometry": {"type": "Point", "coordinates": [73.782835, 18.459926]}, "properties": {"depth": 3.67}}, {"type": "Feature", "geometry": {"type": "Point", "coordinates": [73.782457, 18.459929]}, "properties": {"depth": 7.48}}, {"type": "Feature", "geometry": {"type": "Point", "coordinates": [73.78264, 18.460018]}, "properties": {"depth": 3.67}}, {"type": "Feature", "geometry": {"type": "Point", "coordinates": [73.78287, 18.460058]}, "properties": {"depth": 3.67}}, {"type": "Feature", "geometry": {"type": "Point", "coordinates": [73.782409, 18.459795]}, "properties": {"depth": 3.16}}, {"type": "Feature", "geometry": {"type": "Point", "coordinates": [73.781917, 18.459824]}, "properties": {"depth": 3.28}}, {"type": "Feature", "geometry": {"type": "Point", "coordinates": [73.781732, 18.459839]}, "properties": {"depth": 5.56}}, {"type": "Feature", "geometry": {"type": "Point", "coordinates": [73.782164, 18.459866]}, "properties": {"depth": 7.05}}, {"type": "Feature", "geometry": {"type": "Point", "coordinates": [73.782077, 18.459904]}, "properties": {"depth": 6.28}}, {"type": "Feature", "geometry": {"type": "Point", "coordinates": [73.781725, 18.459945]}, "properties": {"depth": 0.6}}, {"type": "Feature", "geometry": {"type": "Point", "coordinates": [73.781986, 18.459982]}, "properties": {"depth": 6.28}}, {"type": "Feature", "geometry": {"type": "Point", "coordinates": [73.782375, 18.460044]}, "properties": {"depth": 7.48}}, {"type": "Feature", "geometry": {"type": "Point", "coordinates": [73.782032, 18.460149]}, "properties": {"depth": 6.58}}, {"type": "Feature", "geometry": {"type": "Point", "coordinates": [73.781701, 18.460142]}, "properties": {"depth": 4.66}}, {"type": "Feature", "geometry": {"type": "Point", "coordinates": [73.782611, 18.460179]}, "properties": {"depth": 6.79}}, {"type": "Feature", "geometry": {"type": "Point", "coordinates": [73.783075, 18.46022]}, "properties": {"depth": 1.8}}, {"type": "Feature", "geometry": {"type": "Point", "coordinates": [73.782937, 18.460222]}, "properties": {"depth": 1.8}}, {"type": "Feature", "geometry": {"type": "Point", "coordinates": [73.783249, 18.460237]}, "properties": {"depth": 2.01}}, {"type": "Feature", "geometry": {"type": "Point", "coordinates": [73.783164, 18.46025]}, "properties": {"depth": 1.8}}, {"type": "Feature", "geometry": {"type": "Point", "coordinates": [73.78275, 18.460252]}, "properties": {"depth": 5.2}}, {"type": "Feature", "geometry": {"type": "Point", "coordinates": [73.782828, 18.460253]}, "properties": {"depth": 5.2}}, {"type": "Feature", "geometry": {"type": "Point", "coordinates": [73.783349, 18.460273]}, "properties": {"depth": 2.01}}, {"type": "Feature", "geometry": {"type": "Point", "coordinates": [73.783065, 18.46032]}, "properties": {"depth": 1.8}}, {"type": "Feature", "geometry": {"type": "Point", "coordinates": [73.783738, 18.460122]}, "properties": {"depth": 2.52}}, {"type": "Feature", "geometry": {"type": "Point", "coordinates": [73.784106, 18.460178]}, "properties": {"depth": 6.75}}, {"type": "Feature", "geometry": {"type": "Point", "coordinates": [73.784305, 18.460224]}, "properties": {"depth": 6.75}}, {"type": "Feature", "geometry": {"type": "Point", "coordinates": [73.78356, 18.460301]}, "properties": {"depth": 4.81}}, {"type": "Feature", "geometry": {"type": "Point", "coordinates": [73.783721, 18.460324]}, "properties": {"depth": 4.81}}, {"type": "Feature", "geometry": {"type": "Point", "coordinates": [73.783813, 18.460333]}, "properties": {"depth": 5.87}}, {"type": "Feature", "geometry": {"type": "Point", "coordinates": [73.783775, 18.460473]}, "properties": {"depth": 6.87}}, {"type": "Feature", "geometry": {"type": "Point", "coordinates": [73.783609, 18.460523]}, "properties": {"depth": 4.73}}, {"type": "Feature", "geometry": {"type": "Point", "coordinates": [73.783742, 18.460557]}, "properties": {"depth": 4.73}}, {"type": "Feature", "geometry": {"type": "Point", "coordinates": [73.783914, 18.460548]}, "properties": {"depth": 6.87}}, {"type": "Feature", "geometry": {"type": "Point", "coordinates": [73.782959, 18.46032]}, "properties": {"depth": 1.8}}, {"type": "Feature", "geometry": {"type": "Point", "coordinates": [73.783196, 18.460343]}, "properties": {"depth": 2.01}}, {"type": "Feature", "geometry": {"type": "Point", "coordinates": [73.782562, 18.460353]}, "properties": {"depth": 6.79}}, {"type": "Feature", "geometry": {"type": "Point", "coordinates": [73.78245, 18.46038]}, "properties": {"depth": 6.79}}, {"type": "Feature", "geometry": {"type": "Point", "coordinates": [73.783091, 18.460461]}, "properties": {"depth": 2.32}}, {"type": "Feature", "geometry": {"type": "Point", "coordinates": [73.783221, 18.460477]}, "properties": {"depth": 2.69}}, {"type": "Feature", "geometry": {"type": "Point", "coordinates": [73.782581, 18.460474]}, "properties": {"depth": 4.51}}, {"type": "Feature", "geometry": {"type": "Point", "coordinates": [73.783285, 18.460484]}, "properties": {"depth": 2.69}}, {"type": "Feature", "geometry": {"type": "Point", "coordinates": [73.7828, 18.460527]}, "properties": {"depth": 0.36}}, {"type": "Feature", "geometry": {"type": "Point", "coordinates": [73.782576, 18.460528]}, "properties": {"depth": 4.51}}, {"type": "Feature", "geometry": {"type": "Point", "coordinates": [73.796975, 18.461772]}, "properties": {"depth": 2.13}}, {"type": "Feature", "geometry": {"type": "Point", "coordinates": [73.788609, 18.460449]}, "properties": {"depth": 2.31}}, {"type": "Feature", "geometry": {"type": "Point", "coordinates": [73.789026, 18.461023]}, "properties": {"depth": 6.14}}, {"type": "Feature", "geometry": {"type": "Point", "coordinates": [73.789303, 18.461062]}, "properties": {"depth": 5.78}}, {"type": "Feature", "geometry": {"type": "Point", "coordinates": [73.788984, 18.464058]}, "properties": {"depth": 3.28}}, {"type": "Feature", "geometry": {"type": "Point", "coordinates": [73.789303, 18.464161]}, "properties": {"depth": 4.01}}, {"type": "Feature", "geometry": {"type": "Point", "coordinates": [73.78889, 18.464329]}, "properties": {"depth": 4.23}}, {"type": "Feature", "geometry": {"type": "Point", "coordinates": [73.789266, 18.464366]}, "properties": {"depth": 3.32}}, {"type": "Feature", "geometry": {"type": "Point", "coordinates": [73.788614, 18.464473]}, "properties": {"depth": 5.3}}, {"type": "Feature", "geometry": {"type": "Point", "coordinates": [73.792688, 18.461093]}, "properties": {"depth": 3.94}}, {"type": "Feature", "geometry": {"type": "Point", "coordinates": [73.793289, 18.461431]}, "properties": {"depth": 6.1}}, {"type": "Feature", "geometry": {"type": "Point", "coordinates": [73.792841, 18.465793]}, "properties": {"depth": 0.65}}, {"type": "Feature", "geometry": {"type": "Point", "coordinates": [73.79198, 18.461264]}, "properties": {"depth": 5.99}}, {"type": "Feature", "geometry": {"type": "Point", "coordinates": [73.79123, 18.465331]}, "properties": {"depth": 4.43}}, {"type": "Feature", "geometry": {"type": "Point", "coordinates": [73.792247, 18.466036]}, "properties": {"depth": 1.2}}, {"type": "Feature", "geometry": {"type": "Point", "coordinates": [73.789785, 18.460655]}, "properties": {"depth": 0.76}}, {"type": "Feature", "geometry": {"type": "Point", "coordinates": [73.790578, 18.461323]}, "properties": {"depth": 7.34}}, {"type": "Feature", "geometry": {"type": "Point", "coordinates": [73.790804, 18.464511]}, "properties": {"depth": 5.66}}, {"type": "Feature", "geometry": {"type": "Point", "coordinates": [73.790091, 18.464561]}, "properties": {"depth": 0.57}}, {"type": "Feature", "geometry": {"type": "Point", "coordinates": [73.790274, 18.46488]}, "properties": {"depth": 4.51}}, {"type": "Feature", "geometry": {"type": "Point", "coordinates": [73.789988, 18.465007]}, "properties": {"depth": 2.85}}, {"type": "Feature", "geometry": {"type": "Point", "coordinates": [73.788555, 18.464747]}, "properties": {"depth": 5.41}}, {"type": "Feature", "geometry": {"type": "Point", "coordinates": [73.799227, 18.464007]}, "properties": {"depth": 1.02}}, {"type": "Feature", "geometry": {"type": "Point", "coordinates": [73.799307, 18.464272]}, "properties": {"depth": 0.7}}, {"type": "Feature", "geometry": {"type": "Point", "coordinates": [73.799406, 18.464994]}, "properties": {"depth": 9.92}}, {"type": "Feature", "geometry": {"type": "Point", "coordinates": [73.800014, 18.468239]}, "properties": {"depth": 3.98}}, {"type": "Feature", "geometry": {"type": "Point", "coordinates": [73.794921, 18.461376]}, "properties": {"depth": 3.17}}, {"type": "Feature", "geometry": {"type": "Point", "coordinates": [73.794443, 18.461121]}, "properties": {"depth": 5.2}}, {"type": "Feature", "geometry": {"type": "Point", "coordinates": [73.793967, 18.461389]}, "properties": {"depth": 2.55}}, {"type": "Feature", "geometry": {"type": "Point", "coordinates": [73.794215, 18.466914]}, "properties": {"depth": 0.63}}, {"type": "Feature", "geometry": {"type": "Point", "coordinates": [73.794328, 18.466933]}, "properties": {"depth": 1.62}}, {"type": "Feature", "geometry": {"type": "Point", "coordinates": [73.794632, 18.467047]}, "properties": {"depth": 0.91}}, {"type": "Feature", "geometry": {"type": "Point", "coordinates": [73.794495, 18.467281]}, "properties": {"depth": 0.04}}, {"type": "Feature", "geometry": {"type": "Point", "coordinates": [73.79515, 18.461842]}, "properties": {"depth": 6.84}}, {"type": "Feature", "geometry": {"type": "Point", "coordinates": [73.795279, 18.466175]}, "properties": {"depth": 4.11}}, {"type": "Feature", "geometry": {"type": "Point", "coordinates": [73.795097, 18.466636]}, "properties": {"depth": 1.86}}, {"type": "Feature", "geometry": {"type": "Point", "coordinates": [73.795458, 18.466925]}, "properties": {"depth": 2.66}}, {"type": "Feature", "geometry": {"type": "Point", "coordinates": [73.795522, 18.467262]}, "properties": {"depth": 1.34}}, {"type": "Feature", "geometry": {"type": "Point", "coordinates": [73.795041, 18.467346]}, "properties": {"depth": 1.66}}, {"type": "Feature", "geometry": {"type": "Point", "coordinates": [73.796467, 18.467446]}, "properties": {"depth": 0.16}}, {"type": "Feature", "geometry": {"type": "Point", "coordinates": [73.796787, 18.461429]}, "properties": {"depth": 3.93}}, {"type": "Feature", "geometry": {"type": "Point", "coordinates": [73.798034, 18.463198]}, "properties": {"depth": 5.74}}, {"type": "Feature", "geometry": {"type": "Point", "coordinates": [73.798645, 18.463405]}, "properties": {"depth": 1.82}}, {"type": "Feature", "geometry": {"type": "Point", "coordinates": [73.79883, 18.463472]}, "properties": {"depth": 0.22}}, {"type": "Feature", "geometry": {"type": "Point", "coordinates": [73.798424, 18.463619]}, "properties": {"depth": 0.08}}, {"type": "Feature", "geometry": {"type": "Point", "coordinates": [73.798686, 18.463686]}, "properties": {"depth": 2.57}}, {"type": "Feature", "geometry": {"type": "Point", "coordinates": [73.799004, 18.46379]}, "properties": {"depth": 2.35}}, {"type": "Feature", "geometry": {"type": "Point", "coordinates": [73.798214, 18.46381]}, "properties": {"depth": 2.83}}, {"type": "Feature", "geometry": {"type": "Point", "coordinates": [73.798024, 18.463992]}, "properties": {"depth": 0.63}}, {"type": "Feature", "geometry": {"type": "Point", "coordinates": [73.799061, 18.464046]}, "properties": {"depth": 5.48}}, {"type": "Feature", "geometry": {"type": "Point", "coordinates": [73.795974, 18.461564]}, "properties": {"depth": 0.5}}, {"type": "Feature", "geometry": {"type": "Point", "coordinates": [73.796315, 18.46191]}, "properties": {"depth": 6.1}}, {"type": "Feature", "geometry": {"type": "Point", "coordinates": [73.795887, 18.46641]}, "properties": {"depth": 3.73}}, {"type": "Feature", "geometry": {"type": "Point", "coordinates": [73.796049, 18.466591]}, "properties": {"depth": 2.31}}, {"type": "Feature", "geometry": {"type": "Point", "coordinates": [73.795775, 18.466602]}, "properties": {"depth": 3.75}}, {"type": "Feature", "geometry": {"type": "Point", "coordinates": [73.796594, 18.466988]}, "properties": {"depth": 1.76}}, {"type": "Feature", "geometry": {"type": "Point", "coordinates": [73.795898, 18.467066]}, "properties": {"depth": 1.31}}, {"type": "Feature", "geometry": {"type": "Point", "coordinates": [73.796511, 18.467253]}, "properties": {"depth": 1.78}}, {"type": "Feature", "geometry": {"type": "Point", "coordinates": [73.796801, 18.462318]}, "properties": {"depth": 5.53}}, {"type": "Feature", "geometry": {"type": "Point", "coordinates": [73.797794, 18.462367]}, "properties": {"depth": 3.91}}, {"type": "Feature", "geometry": {"type": "Point", "coordinates": [73.797545, 18.463224]}, "properties": {"depth": 4.63}}, {"type": "Feature", "geometry": {"type": "Point", "coordinates": [73.797176, 18.466936]}, "properties": {"depth": 3.82}}, {"type": "Feature", "geometry": {"type": "Point", "coordinates": [73.797081, 18.467032]}, "properties": {"depth": 1.9}}, {"type": "Feature", "geometry": {"type": "Point", "coordinates": [73.796998, 18.467392]}, "properties": {"depth": 0.1}}, {"type": "Feature", "geometry": {"type": "Point", "coordinates": [73.797262, 18.467403]}, "properties": {"depth": 1.67}}, {"type": "Feature", "geometry": {"type": "Point", "coordinates": [73.797494, 18.467453]}, "properties": {"depth": 2.98}}, {"type": "Feature", "geometry": {"type": "Point", "coordinates": [73.799128, 18.464942]}, "properties": {"depth": 1.79}}, {"type": "Feature", "geometry": {"type": "Point", "coordinates": [73.796953, 18.467464]}, "properties": {"depth": 0.1}}, {"type": "Feature", "geometry": {"type": "Point", "coordinates": [73.797792, 18.467485]}, "properties": {"depth": 5.77}}, {"type": "Feature", "geometry": {"type": "Point", "coordinates": [73.796853, 18.467546]}, "properties": {"depth": 0.1}}, {"type": "Feature", "geometry": {"type": "Point", "coordinates": [73.797716, 18.467687]}, "properties": {"depth": 5.24}}, {"type": "Feature", "geometry": {"type": "Point", "coordinates": [73.797161, 18.467707]}, "properties": {"depth": 1.22}}, {"type": "Feature", "geometry": {"type": "Point", "coordinates": [73.79742, 18.467727]}, "properties": {"depth": 5.01}}, {"type": "Feature", "geometry": {"type": "Point", "coordinates": [73.797664, 18.46785]}, "properties": {"depth": 5.24}}, {"type": "Feature", "geometry": {"type": "Point", "coordinates": [73.797599, 18.468003]}, "properties": {"depth": 2.32}}, {"type": "Feature", "geometry": {"type": "Point", "coordinates": [73.797298, 18.468049]}, "properties": {"depth": 2.72}}, {"type": "Feature", "geometry": {"type": "Point", "coordinates": [73.79752, 18.468272]}, "properties": {"depth": 1.21}}, {"type": "Feature", "geometry": {"type": "Point", "coordinates": [73.792468, 18.46609]}, "properties": {"depth": 1.68}}, {"type": "Feature", "geometry": {"type": "Point", "coordinates": [73.792302, 18.466216]}, "properties": {"depth": 1.2}}, {"type": "Feature", "geometry": {"type": "Point", "coordinates": [73.792206, 18.466376]}, "properties": {"depth": 0.38}}, {"type": "Feature", "geometry": {"type": "Point", "coordinates": [73.792435, 18.46642]}, "properties": {"depth": 1.31}}, {"type": "Feature", "geometry": {"type": "Point", "coordinates": [73.791679, 18.466485]}, "properties": {"depth": 3.36}}, {"type": "Feature", "geometry": {"type": "Point", "coordinates": [73.791314, 18.466491]}, "properties": {"depth": 2.55}}, {"type": "Feature", "geometry": {"type": "Point", "coordinates": [73.792363, 18.466603]}, "properties": {"depth": 3.41}}, {"type": "Feature", "geometry": {"type": "Point", "coordinates": [73.792823, 18.465983]}, "properties": {"depth": 1.15}}, {"type": "Feature", "geometry": {"type": "Point", "coordinates": [73.792786, 18.466177]}, "properties": {"depth": 1.15}}, {"type": "Feature", "geometry": {"type": "Point", "coordinates": [73.792754, 18.466341]}, "properties": {"depth": 4.67}}, {"type": "Feature", "geometry": {"type": "Point", "coordinates": [73.792724, 18.466488]}, "properties": {"depth": 4.67}}, {"type": "Feature", "geometry": {"type": "Point", "coordinates": [73.792693, 18.466611]}, "properties": {"depth": 4.43}}, {"type": "Feature", "geometry": {"type": "Point", "coordinates": [73.79266, 18.466735]}, "properties": {"depth": 4.43}}, {"type": "Feature", "geometry": {"type": "Point", "coordinates": [73.799476, 18.468822]}, "properties": {"depth": 1.73}}, {"type": "Feature", "geometry": {"type": "Point", "coordinates": [73.799427, 18.469016]}, "properties": {"depth": 1.73}}, {"type": "Feature", "geometry": {"type": "Point", "coordinates": [73.800174, 18.469166]}, "properties": {"depth": 0.22}}, {"type": "Feature", "geometry": {"type": "Point", "coordinates": [73.800145, 18.469303]}, "properties": {"depth": 0.22}}, {"type": "Feature", "geometry": {"type": "Point", "coordinates": [73.784642, 18.459909]}, "properties": {"depth": 3.85}}, {"type": "Feature", "geometry": {"type": "Point", "coordinates": [73.784617, 18.460001]}, "properties": {"depth": 3.85}}, {"type": "Feature", "geometry": {"type": "Point", "coordinates": [73.784586, 18.460104]}, "properties": {"depth": 3.85}}, {"type": "Feature", "geometry": {"type": "Point", "coordinates": [73.784625, 18.460264]}, "properties": {"depth": 6.84}}, {"type": "Feature", "geometry": {"type": "Point", "coordinates": [73.784612, 18.460335]}, "properties": {"depth": 6.84}}, {"type": "Feature", "geometry": {"type": "Point", "coordinates": [73.784548, 18.460612]}, "properties": {"depth": 7.53}}, {"type": "Feature", "geometry": {"type": "Point", "coordinates": [73.785475, 18.460739]}, "properties": {"depth": 3.96}}, {"type": "Feature", "geometry": {"type": "Point", "coordinates": [73.785617, 18.460838]}, "properties": {"depth": 3.96}}, {"type": "Feature", "geometry": {"type": "Point", "coordinates": [73.784558, 18.460838]}, "properties": {"depth": 0.07}}, {"type": "Feature", "geometry": {"type": "Point", "coordinates": [73.786289, 18.460443]}, "properties": {"depth": 3.11}}, {"type": "Feature", "geometry": {"type": "Point", "coordinates": [73.785713, 18.460847]}, "properties": {"depth": 0.75}}, {"type": "Feature", "geometry": {"type": "Point", "coordinates": [73.786207, 18.460895]}, "properties": {"depth": 2.47}}, {"type": "Feature", "geometry": {"type": "Point", "coordinates": [73.785855, 18.460997]}, "properties": {"depth": 5.33}}, {"type": "Feature", "geometry": {"type": "Point", "coordinates": [73.786615, 18.46377]}, "properties": {"depth": 2.39}}, {"type": "Feature", "geometry": {"type": "Point", "coordinates": [73.785076, 18.460882]}, "properties": {"depth": 0.45}}, {"type": "Feature", "geometry": {"type": "Point", "coordinates": [73.784875, 18.46089]}, "properties": {"depth": 0.45}}, {"type": "Feature", "geometry": {"type": "Point", "coordinates": [73.785369, 18.46092]}, "properties": {"depth": 0.17}}, {"type": "Feature", "geometry": {"type": "Point", "coordinates": [73.784793, 18.460992]}, "properties": {"depth": 1.94}}, {"type": "Feature", "geometry": {"type": "Point", "coordinates": [73.784517, 18.461017]}, "properties": {"depth": 1.65}}, {"type": "Feature", "geometry": {"type": "Point", "coordinates": [73.784929, 18.461032]}, "properties": {"depth": 1.76}}, {"type": "Feature", "geometry": {"type": "Point", "coordinates": [73.784783, 18.461061]}, "properties": {"depth": 1.94}}, {"type": "Feature", "geometry": {"type": "Point", "coordinates": [73.784509, 18.461117]}, "properties": {"depth": 1.65}}, {"type": "Feature", "geometry": {"type": "Point", "coordinates": [73.784957, 18.461162]}, "properties": {"depth": 1.76}}, {"type": "Feature", "geometry": {"type": "Point", "coordinates": [73.784735, 18.46128]}, "properties": {"depth": 0.08}}, {"type": "Feature", "geometry": {"type": "Point", "coordinates": [73.784578, 18.461302]}, "properties": {"depth": 0.81}}, {"type": "Feature", "geometry": {"type": "Point", "coordinates": [73.784808, 18.461331]}, "properties": {"depth": 0.08}}, {"type": "Feature", "geometry": {"type": "Point", "coordinates": [73.784526, 18.461404]}, "properties": {"depth": 0.81}}, {"type": "Feature", "geometry": {"type": "Point", "coordinates": [73.784627, 18.461429]}, "properties": {"depth": 0.08}}, {"type": "Feature", "geometry": {"type": "Point", "coordinates": [73.784691, 18.461443]}, "properties": {"depth": 0.08}}, {"type": "Feature", "geometry": {"type": "Point", "coordinates": [73.784521, 18.461516]}, "properties": {"depth": 0.81}}, {"type": "Feature", "geometry": {"type": "Point", "coordinates": [73.78465, 18.461538]}, "properties": {"depth": 4.42}}, {"type": "Feature", "geometry": {"type": "Point", "coordinates": [73.784681, 18.4616]}, "properties": {"depth": 4.42}}, {"type": "Feature", "geometry": {"type": "Point", "coordinates": [73.784589, 18.46165]}, "properties": {"depth": 4.42}}, {"type": "Feature", "geometry": {"type": "Point", "coordinates": [73.785404, 18.461664]}, "properties": {"depth": 1.6}}, {"type": "Feature", "geometry": {"type": "Point", "coordinates": [73.787832, 18.460678]}, "properties": {"depth": 1.2}}, {"type": "Feature", "geometry": {"type": "Point", "coordinates": [73.787774, 18.461138]}, "properties": {"depth": 2.44}}, {"type": "Feature", "geometry": {"type": "Point", "coordinates": [73.787826, 18.464455]}, "properties": {"depth": 7.07}}, {"type": "Feature", "geometry": {"type": "Point", "coordinates": [73.787485, 18.464704]}, "properties": {"depth": 2.62}}, {"type": "Feature", "geometry": {"type": "Point", "coordinates": [73.787946, 18.464758]}, "properties": {"depth": 7.75}}, {"type": "Feature", "geometry": {"type": "Point", "coordinates": [73.787544, 18.46486]}, "properties": {"depth": 2.62}}, {"type": "Feature", "geometry": {"type": "Point", "coordinates": [73.785079, 18.461723]}, "properties": {"depth": 0.53}}, {"type": "Feature", "geometry": {"type": "Point", "coordinates": [73.784643, 18.461723]}, "properties": {"depth": 4.42}}, {"type": "Feature", "geometry": {"type": "Point", "coordinates": [73.784756, 18.461781]}, "properties": {"depth": 4.42}}, {"type": "Feature", "geometry": {"type": "Point", "coordinates": [73.785582, 18.461811]}, "properties": {"depth": 5.64}}, {"type": "Feature", "geometry": {"type": "Point", "coordinates": [73.785077, 18.462096]}, "properties": {"depth": 12.0}}, {"type": "Feature", "geometry": {"type": "Point", "coordinates": [73.784668, 18.463957]}, "properties": {"depth": 1.91}}, {"type": "Feature", "geometry": {"type": "Point", "coordinates": [73.784849, 18.464252]}, "properties": {"depth": 5.6}}, {"type": "Feature", "geometry": {"type": "Point", "coordinates": [73.785029, 18.464315]}, "properties": {"depth": 7.91}}, {"type": "Feature", "geometry": {"type": "Point", "coordinates": [73.785434, 18.464335]}, "properties": {"depth": 7.25}}, {"type": "Feature", "geometry": {"type": "Point", "coordinates": [73.784569, 18.464327]}, "properties": {"depth": 0.16}}, {"type": "Feature", "geometry": {"type": "Point", "coordinates": [73.786624, 18.464056]}, "properties": {"depth": 3.82}}, {"type": "Feature", "geometry": {"type": "Point", "coordinates": [73.786243, 18.464153]}, "properties": {"depth": 7.51}}, {"type": "Feature", "geometry": {"type": "Point", "coordinates": [73.786551, 18.464251]}, "properties": {"depth": 3.82}}, {"type": "Feature", "geometry": {"type": "Point", "coordinates": [73.786729, 18.464266]}, "properties": {"depth": 3.82}}, {"type": "Feature", "geometry": {"type": "Point", "coordinates": [73.786294, 18.464357]}, "properties": {"depth": 5.01}}, {"type": "Feature", "geometry": {"type": "Point", "coordinates": [73.785885, 18.464358]}, "properties": {"depth": 4.31}}, {"type": "Feature", "geometry": {"type": "Point", "coordinates": [73.786561, 18.464374]}, "properties": {"depth": 5.65}}, {"type": "Feature", "geometry": {"type": "Point", "coordinates": [73.786373, 18.464507]}, "properties": {"depth": 5.01}}, {"type": "Feature", "geometry": {"type": "Point", "coordinates": [73.786102, 18.464533]}, "properties": {"depth": 6.49}}, {"type": "Feature", "geometry": {"type": "Point", "coordinates": [73.786582, 18.464593]}, "properties": {"depth": 7.23}}, {"type": "Feature", "geometry": {"type": "Point", "coordinates": [73.784815, 18.464413]}, "properties": {"depth": 5.45}}, {"type": "Feature", "geometry": {"type": "Point", "coordinates": [73.785005, 18.464458]}, "properties": {"depth": 7.91}}, {"type": "Feature", "geometry": {"type": "Point", "coordinates": [73.785176, 18.464506]}, "properties": {"depth": 8.38}}, {"type": "Feature", "geometry": {"type": "Point", "coordinates": [73.78538, 18.464531]}, "properties": {"depth": 8.38}}, {"type": "Feature", "geometry": {"type": "Point", "coordinates": [73.784778, 18.464536]}, "properties": {"depth": 5.45}}, {"type": "Feature", "geometry": {"type": "Point", "coordinates": [73.784977, 18.464555]}, "properties": {"depth": 7.91}}, {"type": "Feature", "geometry": {"type": "Point", "coordinates": [73.784748, 18.464652]}, "properties": {"depth": 5.05}}, {"type": "Feature", "geometry": {"type": "Point", "coordinates": [73.784933, 18.464712]}, "properties": {"depth": 7.39}}, {"type": "Feature", "geometry": {"type": "Point", "coordinates": [73.784718, 18.464748]}, "properties": {"depth": 5.05}}, {"type": "Feature", "geometry": {"type": "Point", "coordinates": [73.783631, 18.460587]}, "properties": {"depth": 4.73}}, {"type": "Feature", "geometry": {"type": "Point", "coordinates": [73.784164, 18.460602]}, "properties": {"depth": 7.34}}, {"type": "Feature", "geometry": {"type": "Point", "coordinates": [73.784045, 18.460601]}, "properties": {"depth": 7.34}}, {"type": "Feature", "geometry": {"type": "Point", "coordinates": [73.783768, 18.460682]}, "properties": {"depth": 6.87}}, {"type": "Feature", "geometry": {"type": "Point", "coordinates": [73.783993, 18.460687]}, "properties": {"depth": 6.87}}, {"type": "Feature", "geometry": {"type": "Point", "coordinates": [73.784132, 18.460698]}, "properties": {"depth": 6.0}}, {"type": "Feature", "geometry": {"type": "Point", "coordinates": [73.784406, 18.460709]}, "properties": {"depth": 0.07}}, {"type": "Feature", "geometry": {"type": "Point", "coordinates": [73.783572, 18.460731]}, "properties": {"depth": 4.8}}, {"type": "Feature", "geometry": {"type": "Point", "coordinates": [73.784205, 18.460804]}, "properties": {"depth": 6.0}}, {"type": "Feature", "geometry": {"type": "Point", "coordinates": [73.783978, 18.460843]}, "properties": {"depth": 5.92}}, {"type": "Feature", "geometry": {"type": "Point", "coordinates": [73.784225, 18.460912]}, "properties": {"depth": 6.0}}, {"type": "Feature", "geometry": {"type": "Point", "coordinates": [73.78397, 18.460935]}, "properties": {"depth": 5.92}}, {"type": "Feature", "geometry": {"type": "Point", "coordinates": [73.784153, 18.461106]}, "properties": {"depth": 1.4}}, {"type": "Feature", "geometry": {"type": "Point", "coordinates": [73.783784, 18.461117]}, "properties": {"depth": 7.28}}, {"type": "Feature", "geometry": {"type": "Point", "coordinates": [73.783513, 18.461119]}, "properties": {"depth": 4.66}}, {"type": "Feature", "geometry": {"type": "Point", "coordinates": [73.783603, 18.461126]}, "properties": {"depth": 4.66}}, {"type": "Feature", "geometry": {"type": "Point", "coordinates": [73.784382, 18.461142]}, "properties": {"depth": 1.65}}, {"type": "Feature", "geometry": {"type": "Point", "coordinates": [73.783852, 18.461195]}, "properties": {"depth": 7.28}}, {"type": "Feature", "geometry": {"type": "Point", "coordinates": [73.784133, 18.461204]}, "properties": {"depth": 1.4}}, {"type": "Feature", "geometry": {"type": "Point", "coordinates": [73.784269, 18.461208]}, "properties": {"depth": 1.4}}, {"type": "Feature", "geometry": {"type": "Point", "coordinates": [73.782429, 18.460169]}, "properties": {"depth": 6.79}}, {"type": "Feature", "geometry": {"type": "Point", "coordinates": [73.782298, 18.460196]}, "properties": {"depth": 0.35}}, {"type": "Feature", "geometry": {"type": "Point", "coordinates": [73.782176, 18.460306]}, "properties": {"depth": 0.35}}, {"type": "Feature", "geometry": {"type": "Point", "coordinates": [73.78236, 18.460344]}, "properties": {"depth": 0.35}}, {"type": "Feature", "geometry": {"type": "Point", "coordinates": [73.782362, 18.460444]}, "properties": {"depth": 4.51}}, {"type": "Feature", "geometry": {"type": "Point", "coordinates": [73.782214, 18.460524]}, "properties": {"depth": 5.32}}, {"type": "Feature", "geometry": {"type": "Point", "coordinates": [73.78227, 18.460533]}, "properties": {"depth": 5.32}}, {"type": "Feature", "geometry": {"type": "Point", "coordinates": [73.782164, 18.460543]}, "properties": {"depth": 5.32}}, {"type": "Feature", "geometry": {"type": "Point", "coordinates": [73.782393, 18.460588]}, "properties": {"depth": 4.51}}, {"type": "Feature", "geometry": {"type": "Point", "coordinates": [73.781526, 18.462113]}, "properties": {"depth": 7.51}}, {"type": "Feature", "geometry": {"type": "Point", "coordinates": [73.78299, 18.460623]}, "properties": {"depth": 2.32}}, {"type": "Feature", "geometry": {"type": "Point", "coordinates": [73.782645, 18.460712]}, "properties": {"depth": 4.08}}, {"type": "Feature", "geometry": {"type": "Point", "coordinates": [73.782971, 18.46073]}, "properties": {"depth": 0.55}}, {"type": "Feature", "geometry": {"type": "Point", "coordinates": [73.783063, 18.460747]}, "properties": {"depth": 0.55}}, {"type": "Feature", "geometry": {"type": "Point", "coordinates": [73.782763, 18.460754]}, "properties": {"depth": 4.08}}, {"type": "Feature", "geometry": {"type": "Point", "coordinates": [73.782468, 18.460777]}, "properties": {"depth": 0.91}}, {"type": "Feature", "geometry": {"type": "Point", "coordinates": [73.783041, 18.46085]}, "properties": {"depth": 0.55}}, {"type": "Feature", "geometry": {"type": "Point", "coordinates": [73.783365, 18.460893]}, "properties": {"depth": 1.67}}, {"type": "Feature", "geometry": {"type": "Point", "coordinates": [73.783187, 18.46092]}, "properties": {"depth": 0.55}}, {"type": "Feature", "geometry": {"type": "Point", "coordinates": [73.782535, 18.462618]}, "properties": {"depth": 9.85}}, {"type": "Feature", "geometry": {"type": "Point", "coordinates": [73.784123, 18.461259]}, "properties": {"depth": 6.85}}, {"type": "Feature", "geometry": {"type": "Point", "coordinates": [73.784213, 18.461302]}, "properties": {"depth": 6.85}}, {"type": "Feature", "geometry": {"type": "Point", "coordinates": [73.784294, 18.461307]}, "properties": {"depth": 6.85}}, {"type": "Feature", "geometry": {"type": "Point", "coordinates": [73.784116, 18.461314]}, "properties": {"depth": 6.85}}, {"type": "Feature", "geometry": {"type": "Point", "coordinates": [73.783954, 18.461401]}, "properties": {"depth": 1.1}}, {"type": "Feature", "geometry": {"type": "Point", "coordinates": [73.7842, 18.461434]}, "properties": {"depth": 6.85}}, {"type": "Feature", "geometry": {"type": "Point", "coordinates": [73.784037, 18.461446]}, "properties": {"depth": 6.85}}, {"type": "Feature", "geometry": {"type": "Point", "coordinates": [73.784119, 18.461591]}, "properties": {"depth": 3.85}}, {"type": "Feature", "geometry": {"type": "Point", "coordinates": [73.784327, 18.461858]}, "properties": {"depth": 12.0}}, {"type": "Feature", "geometry": {"type": "Point", "coordinates": [73.783806, 18.463173]}, "properties": {"depth": 10.25}}, {"type": "Feature", "geometry": {"type": "Point", "coordinates": [73.781718, 18.462346]}, "properties": {"depth": 6.39}}, {"type": "Feature", "geometry": {"type": "Point", "coordinates": [73.781702, 18.462385]}, "properties": {"depth": 7.01}}, {"type": "Feature", "geometry": {"type": "Point", "coordinates": [73.781851, 18.462422]}, "properties": {"depth": 6.18}}, {"type": "Feature", "geometry": {"type": "Point", "coordinates": [73.781691, 18.462433]}, "properties": {"depth": 7.01}}, {"type": "Feature", "geometry": {"type": "Point", "coordinates": [73.781692, 18.462474]}, "properties": {"depth": 7.01}}, {"type": "Feature", "geometry": {"type": "Point", "coordinates": [73.781693, 18.462512]}, "properties": {"depth": 7.01}}, {"type": "Feature", "geometry": {"type": "Point", "coordinates": [73.781779, 18.462519]}, "properties": {"depth": 7.01}}, {"type": "Feature", "geometry": {"type": "Point", "coordinates": [73.781553, 18.462527]}, "properties": {"depth": 7.01}}, {"type": "Feature", "geometry": {"type": "Point", "coordinates": [73.781691, 18.462545]}, "properties": {"depth": 7.01}}, {"type": "Feature", "geometry": {"type": "Point", "coordinates": [73.781966, 18.462589]}, "properties": {"depth": 6.18}}, {"type": "Feature", "geometry": {"type": "Point", "coordinates": [73.782108, 18.462609]}, "properties": {"depth": 6.64}}, {"type": "Feature", "geometry": {"type": "Point", "coordinates": [73.781854, 18.462625]}, "properties": {"depth": 6.18}}, {"type": "Feature", "geometry": {"type": "Point", "coordinates": [73.781674, 18.462637]}, "properties": {"depth": 7.01}}, {"type": "Feature", "geometry": {"type": "Point", "coordinates": [73.781555, 18.462647]}, "properties": {"depth": 3.66}}, {"type": "Feature", "geometry": {"type": "Point", "coordinates": [73.781741, 18.46266]}, "properties": {"depth": 3.66}}, {"type": "Feature", "geometry": {"type": "Point", "coordinates": [73.781946, 18.462695]}, "properties": {"depth": 3.39}}, {"type": "Feature", "geometry": {"type": "Point", "coordinates": [73.782191, 18.462712]}, "properties": {"depth": 4.03}}, {"type": "Feature", "geometry": {"type": "Point", "coordinates": [73.781616, 18.4628]}, "properties": {"depth": 3.66}}, {"type": "Feature", "geometry": {"type": "Point", "coordinates": [73.782123, 18.462822]}, "properties": {"depth": 4.03}}, {"type": "Feature", "geometry": {"type": "Point", "coordinates": [73.782354, 18.462847]}, "properties": {"depth": 4.03}}, {"type": "Feature", "geometry": {"type": "Point", "coordinates": [73.781605, 18.462899]}, "properties": {"depth": 3.66}}, {"type": "Feature", "geometry": {"type": "Point", "coordinates": [73.782371, 18.462922]}, "properties": {"depth": 4.91}}, {"type": "Feature", "geometry": {"type": "Point", "coordinates": [73.781712, 18.462945]}, "properties": {"depth": 2.56}}, {"type": "Feature", "geometry": {"type": "Point", "coordinates": [73.781609, 18.462973]}, "properties": {"depth": 2.56}}, {"type": "Feature", "geometry": {"type": "Point", "coordinates": [73.78193, 18.46298]}, "properties": {"depth": 0.61}}, {"type": "Feature", "geometry": {"type": "Point", "coordinates": [73.781822, 18.46298]}, "properties": {"depth": 0.61}}, {"type": "Feature", "geometry": {"type": "Point", "coordinates": [73.782355, 18.462992]}, "properties": {"depth": 1.91}}, {"type": "Feature", "geometry": {"type": "Point", "coordinates": [73.782253, 18.462997]}, "properties": {"depth": 1.91}}, {"type": "Feature", "geometry": {"type": "Point", "coordinates": [73.781924, 18.463082]}, "properties": {"depth": 0.61}}, {"type": "Feature", "geometry": {"type": "Point", "coordinates": [73.782084, 18.463089]}, "properties": {"depth": 1.91}}, {"type": "Feature", "geometry": {"type": "Point", "coordinates": [73.78257, 18.46294]}, "properties": {"depth": 4.91}}, {"type": "Feature", "geometry": {"type": "Point", "coordinates": [73.782462, 18.462946]}, "properties": {"depth": 4.91}}, {"type": "Feature", "geometry": {"type": "Point", "coordinates": [73.78245, 18.463138]}, "properties": {"depth": 4.91}}, {"type": "Feature", "geometry": {"type": "Point", "coordinates": [73.783213, 18.463291]}, "properties": {"depth": 8.46}}, {"type": "Feature", "geometry": {"type": "Point", "coordinates": [73.782468, 18.463345]}, "properties": {"depth": 3.08}}, {"type": "Feature", "geometry": {"type": "Point", "coordinates": [73.78274, 18.463522]}, "properties": {"depth": 4.89}}, {"type": "Feature", "geometry": {"type": "Point", "coordinates": [73.78261, 18.463584]}, "properties": {"depth": 5.08}}, {"type": "Feature", "geometry": {"type": "Point", "coordinates": [73.782516, 18.463623]}, "properties": {"depth": 5.08}}, {"type": "Feature", "geometry": {"type": "Point", "coordinates": [73.78301, 18.463676]}, "properties": {"depth": 4.18}}, {"type": "Feature", "geometry": {"type": "Point", "coordinates": [73.783386, 18.463682]}, "properties": {"depth": 7.68}}, {"type": "Feature", "geometry": {"type": "Point", "coordinates": [73.782233, 18.463124]}, "properties": {"depth": 1.91}}, {"type": "Feature", "geometry": {"type": "Point", "coordinates": [73.781929, 18.463197]}, "properties": {"depth": 3.25}}, {"type": "Feature", "geometry": {"type": "Point", "coordinates": [73.782038, 18.463241]}, "properties": {"depth": 3.25}}, {"type": "Feature", "geometry": {"type": "Point", "coordinates": [73.782175, 18.463244]}, "properties": {"depth": 3.27}}, {"type": "Feature", "geometry": {"type": "Point", "coordinates": [73.782351, 18.463237]}, "properties": {"depth": 3.27}}, {"type": "Feature", "geometry": {"type": "Point", "coordinates": [73.782166, 18.463344]}, "properties": {"depth": 3.27}}, {"type": "Feature", "geometry": {"type": "Point", "coordinates": [73.782322, 18.46336]}, "properties": {"depth": 3.27}}, {"type": "Feature", "geometry": {"type": "Point", "coordinates": [73.782191, 18.463482]}, "properties": {"depth": 4.5}}, {"type": "Feature", "geometry": {"type": "Point", "coordinates": [73.78233, 18.463513]}, "properties": {"depth": 4.5}}, {"type": "Feature", "geometry": {"type": "Point", "coordinates": [73.782177, 18.463543]}, "properties": {"depth": 4.5}}, {"type": "Feature", "geometry": {"type": "Point", "coordinates": [73.784011, 18.463219]}, "properties": {"depth": 5.35}}, {"type": "Feature", "geometry": {"type": "Point", "coordinates": [73.783724, 18.463397]}, "properties": {"depth": 9.0}}, {"type": "Feature", "geometry": {"type": "Point", "coordinates": [73.783872, 18.463399]}, "properties": {"depth": 5.35}}, {"type": "Feature", "geometry": {"type": "Point", "coordinates": [73.783714, 18.463449]}, "properties": {"depth": 9.0}}, {"type": "Feature", "geometry": {"type": "Point", "coordinates": [73.783702, 18.463499]}, "properties": {"depth": 7.17}}, {"type": "Feature", "geometry": {"type": "Point", "coordinates": [73.783845, 18.463546]}, "properties": {"depth": 4.4}}, {"type": "Feature", "geometry": {"type": "Point", "coordinates": [73.783849, 18.463658]}, "properties": {"depth": 4.4}}, {"type": "Feature", "geometry": {"type": "Point", "coordinates": [73.783694, 18.463662]}, "properties": {"depth": 7.17}}, {"type": "Feature", "geometry": {"type": "Point", "coordinates": [73.783961, 18.463665]}, "properties": {"depth": 4.4}}, {"type": "Feature", "geometry": {"type": "Point", "coordinates": [73.784364, 18.463746]}, "properties": {"depth": 4.9}}, {"type": "Feature", "geometry": {"type": "Point", "coordinates": [73.782177, 18.463665]}, "properties": {"depth": 4.5}}, {"type": "Feature", "geometry": {"type": "Point", "coordinates": [73.78238, 18.46367]}, "properties": {"depth": 5.08}}, {"type": "Feature", "geometry": {"type": "Point", "coordinates": [73.781949, 18.463691]}, "properties": {"depth": 3.49}}, {"type": "Feature", "geometry": {"type": "Point", "coordinates": [73.781826, 18.463913]}, "properties": {"depth": 2.13}}, {"type": "Feature", "geometry": {"type": "Point", "coordinates": [73.781515, 18.463938]}, "properties": {"depth": 1.04}}, {"type": "Feature", "geometry": {"type": "Point", "coordinates": [73.782298, 18.464021]}, "properties": {"depth": 2.56}}, {"type": "Feature", "geometry": {"type": "Point", "coordinates": [73.78368, 18.463767]}, "properties": {"depth": 5.31}}, {"type": "Feature", "geometry": {"type": "Point", "coordinates": [73.783669, 18.463819]}, "properties": {"depth": 5.31}}, {"type": "Feature", "geometry": {"type": "Point", "coordinates": [73.783867, 18.463863]}, "properties": {"depth": 4.8}}, {"type": "Feature", "geometry": {"type": "Point", "coordinates": [73.783837, 18.463979]}, "properties": {"depth": 4.8}}, {"type": "Feature", "geometry": {"type": "Point", "coordinates": [73.783807, 18.46411]}, "properties": {"depth": 1.26}}, {"type": "Feature", "geometry": {"type": "Point", "coordinates": [73.783782, 18.46418]}, "properties": {"depth": 1.26}}, {"type": "Feature", "geometry": {"type": "Point", "coordinates": [73.783447, 18.464235]}, "properties": {"depth": 2.94}}, {"type": "Feature", "geometry": {"type": "Point", "coordinates": [73.783762, 18.46426]}, "properties": {"depth": 1.26}}, {"type": "Feature", "geometry": {"type": "Point", "coordinates": [73.783362, 18.463886]}, "properties": {"depth": 5.67}}, {"type": "Feature", "geometry": {"type": "Point", "coordinates": [73.782936, 18.464189]}, "properties": {"depth": 0.22}}, {"type": "Feature", "geometry": {"type": "Point", "coordinates": [73.783225, 18.464213]}, "properties": {"depth": 2.94}}, {"type": "Feature", "geometry": {"type": "Point", "coordinates": [73.783193, 18.46455]}, "properties": {"depth": 1.09}}, {"type": "Feature", "geometry": {"type": "Point", "coordinates": [73.783396, 18.464571]}, "properties": {"depth": 3.97}}, {"type": "Feature", "geometry": {"type": "Point", "coordinates": [73.782939, 18.464723]}, "properties": {"depth": 2.3}}, {"type": "Feature", "geometry": {"type": "Point", "coordinates": [73.783163, 18.46483]}, "properties": {"depth": 2.3}}, {"type": "Feature", "geometry": {"type": "Point", "coordinates": [73.783747, 18.464358]}, "properties": {"depth": 4.1}}, {"type": "Feature", "geometry": {"type": "Point", "coordinates": [73.783881, 18.464379]}, "properties": {"depth": 0.21}}, {"type": "Feature", "geometry": {"type": "Point", "coordinates": [73.783735, 18.464472]}, "properties": {"depth": 4.1}}, {"type": "Feature", "geometry": {"type": "Point", "coordinates": [73.783718, 18.464538]}, "properties": {"depth": 4.1}}, {"type": "Feature", "geometry": {"type": "Point", "coordinates": [73.78417, 18.464553]}, "properties": {"depth": 0.88}}, {"type": "Feature", "geometry": {"type": "Point", "coordinates": [73.783701, 18.464612]}, "properties": {"depth": 3.21}}, {"type": "Feature", "geometry": {"type": "Point", "coordinates": [73.783851, 18.464768]}, "properties": {"depth": 3.39}}, {"type": "Feature", "geometry": {"type": "Point", "coordinates": [73.783662, 18.464792]}, "properties": {"depth": 3.21}}, {"type": "Feature", "geometry": {"type": "Point", "coordinates": [73.78443, 18.465341]}, "properties": {"depth": 3.55}}, {"type": "Feature", "geometry": {"type": "Point", "coordinates": [73.784898, 18.464858]}, "properties": {"depth": 7.39}}, {"type": "Feature", "geometry": {"type": "Point", "coordinates": [73.784689, 18.464887]}, "properties": {"depth": 4.5}}, {"type": "Feature", "geometry": {"type": "Point", "coordinates": [73.784655, 18.465056]}, "properties": {"depth": 4.5}}, {"type": "Feature", "geometry": {"type": "Point", "coordinates": [73.785064, 18.465068]}, "properties": {"depth": 5.04}}, {"type": "Feature", "geometry": {"type": "Point", "coordinates": [73.784623, 18.465182]}, "properties": {"depth": 4.86}}, {"type": "Feature", "geometry": {"type": "Point", "coordinates": [73.785963, 18.464841]}, "properties": {"depth": 6.1}}, {"type": "Feature", "geometry": {"type": "Point", "coordinates": [73.785591, 18.464906]}, "properties": {"depth": 3.61}}, {"type": "Feature", "geometry": {"type": "Point", "coordinates": [73.774425, 18.460565]}, "properties": {"depth": 0.69}}, {"type": "Feature", "geometry": {"type": "Point", "coordinates": [73.774507, 18.460572]}, "properties": {"depth": 0.69}}, {"type": "Feature", "geometry": {"type": "Point", "coordinates": [73.774405, 18.460612]}, "properties": {"depth": 0.69}}, {"type": "Feature", "geometry": {"type": "Point", "coordinates": [73.774654, 18.460621]}, "properties": {"depth": 3.65}}, {"type": "Feature", "geometry": {"type": "Point", "coordinates": [73.774717, 18.460654]}, "properties": {"depth": 3.65}}, {"type": "Feature", "geometry": {"type": "Point", "coordinates": [73.775211, 18.460752]}, "properties": {"depth": 3.98}}, {"type": "Feature", "geometry": {"type": "Point", "coordinates": [73.775276, 18.460773]}, "properties": {"depth": 3.98}}, {"type": "Feature", "geometry": {"type": "Point", "coordinates": [73.775101, 18.46078]}, "properties": {"depth": 1.75}}, {"type": "Feature", "geometry": {"type": "Point", "coordinates": [73.775519, 18.460826]}, "properties": {"depth": 4.31}}, {"type": "Feature", "geometry": {"type": "Point", "coordinates": [73.775175, 18.46083]}, "properties": {"depth": 3.98}}, {"type": "Feature", "geometry": {"type": "Point", "coordinates": [73.775342, 18.460831]}, "properties": {"depth": 3.98}}, {"type": "Feature", "geometry": {"type": "Point", "coordinates": [73.775042, 18.460846]}, "properties": {"depth": 1.75}}, {"type": "Feature", "geometry": {"type": "Point", "coordinates": [73.775634, 18.46085]}, "properties": {"depth": 4.31}}, {"type": "Feature", "geometry": {"type": "Point", "coordinates": [73.775227, 18.460861]}, "properties": {"depth": 3.98}}, {"type": "Feature", "geometry": {"type": "Point", "coordinates": [73.775105, 18.460901]}, "properties": {"depth": 1.75}}, {"type": "Feature", "geometry": {"type": "Point", "coordinates": [73.77532, 18.460906]}, "properties": {"depth": 3.98}}, {"type": "Feature", "geometry": {"type": "Point", "coordinates": [73.775531, 18.460923]}, "properties": {"depth": 4.31}}, {"type": "Feature", "geometry": {"type": "Point", "coordinates": [73.775837, 18.460945]}, "properties": {"depth": 5.87}}, {"type": "Feature", "geometry": {"type": "Point", "coordinates": [73.775305, 18.460953]}, "properties": {"depth": 3.98}}, {"type": "Feature", "geometry": {"type": "Point", "coordinates": [73.775457, 18.460968]}, "properties": {"depth": 4.31}}, {"type": "Feature", "geometry": {"type": "Point", "coordinates": [73.774931, 18.460994]}, "properties": {"depth": 0.3}}, {"type": "Feature", "geometry": {"type": "Point", "coordinates": [73.775127, 18.461036]}, "properties": {"depth": 0.3}}, {"type": "Feature", "geometry": {"type": "Point", "coordinates": [73.775273, 18.461075]}, "properties": {"depth": 0.17}}, {"type": "Feature", "geometry": {"type": "Point", "coordinates": [73.776124, 18.461189]}, "properties": {"depth": 2.4}}, {"type": "Feature", "geometry": {"type": "Point", "coordinates": [73.776197, 18.461204]}, "properties": {"depth": 2.4}}, {"type": "Feature", "geometry": {"type": "Point", "coordinates": [73.776433, 18.461328]}, "properties": {"depth": 0.49}}, {"type": "Feature", "geometry": {"type": "Point", "coordinates": [73.776283, 18.461511]}, "properties": {"depth": 0.49}}, {"type": "Feature", "geometry": {"type": "Point", "coordinates": [73.776699, 18.461582]}, "properties": {"depth": 1.85}}, {"type": "Feature", "geometry": {"type": "Point", "coordinates": [73.776657, 18.461765]}, "properties": {"depth": 1.85}}, {"type": "Feature", "geometry": {"type": "Point", "coordinates": [73.775945, 18.461878]}, "properties": {"depth": 0.11}}, {"type": "Feature", "geometry": {"type": "Point", "coordinates": [73.775786, 18.461838]}, "properties": {"depth": 0.11}}, {"type": "Feature", "geometry": {"type": "Point", "coordinates": [73.775759, 18.461961]}, "properties": {"depth": 0.11}}, {"type": "Feature", "geometry": {"type": "Point", "coordinates": [73.775716, 18.462076]}, "properties": {"depth": 0.11}}, {"type": "Feature", "geometry": {"type": "Point", "coordinates": [73.776462, 18.461902]}, "properties": {"depth": 1.69}}, {"type": "Feature", "geometry": {"type": "Point", "coordinates": [73.776235, 18.461917]}, "properties": {"depth": 0.97}}, {"type": "Feature", "geometry": {"type": "Point", "coordinates": [73.776362, 18.461949]}, "properties": {"depth": 1.69}}, {"type": "Feature", "geometry": {"type": "Point", "coordinates": [73.776405, 18.462243]}, "properties": {"depth": 1.73}}, {"type": "Feature", "geometry": {"type": "Point", "coordinates": [73.776551, 18.462298]}, "properties": {"depth": 1.53}}, {"type": "Feature", "geometry": {"type": "Point", "coordinates": [73.776636, 18.462359]}, "properties": {"depth": 1.53}}, {"type": "Feature", "geometry": {"type": "Point", "coordinates": [73.778153, 18.462494]}, "properties": {"depth": 4.34}}, {"type": "Feature", "geometry": {"type": "Point", "coordinates": [73.777563, 18.462556]}, "properties": {"depth": 0.34}}, {"type": "Feature", "geometry": {"type": "Point", "coordinates": [73.77817, 18.46277]}, "properties": {"depth": 2.31}}, {"type": "Feature", "geometry": {"type": "Point", "coordinates": [73.777748, 18.462847]}, "properties": {"depth": 1.33}}, {"type": "Feature", "geometry": {"type": "Point", "coordinates": [73.806253, 18.469651]}, "properties": {"depth": 1.91}}, {"type": "Feature", "geometry": {"type": "Point", "coordinates": [73.830815, 18.469342]}, "properties": {"depth": 29.42}}, {"type": "Feature", "geometry": {"type": "Point", "coordinates": [73.830346, 18.469378]}, "properties": {"depth": 36.96}}, {"type": "Feature", "geometry": {"type": "Point", "coordinates": [73.830522, 18.469778]}, "properties": {"depth": 36.26}}, {"type": "Feature", "geometry": {"type": "Point", "coordinates": [73.829796, 18.469838]}, "properties": {"depth": 42.78}}, {"type": "Feature", "geometry": {"type": "Point", "coordinates": [73.829979, 18.470107]}, "properties": {"depth": 34.11}}, {"type": "Feature", "geometry": {"type": "Point", "coordinates": [73.831471, 18.469053]}, "properties": {"depth": 33.95}}, {"type": "Feature", "geometry": {"type": "Point", "coordinates": [73.83116, 18.469081]}, "properties": {"depth": 32.88}}, {"type": "Feature", "geometry": {"type": "Point", "coordinates": [73.83131, 18.469096]}, "properties": {"depth": 33.95}}, {"type": "Feature", "geometry": {"type": "Point", "coordinates": [73.83187, 18.469211]}, "properties": {"depth": 28.65}}, {"type": "Feature", "geometry": {"type": "Point", "coordinates": [73.831725, 18.469239]}, "properties": {"depth": 29.7}}, {"type": "Feature", "geometry": {"type": "Point", "coordinates": [73.831203, 18.469237]}, "properties": {"depth": 32.88}}, {"type": "Feature", "geometry": {"type": "Point", "coordinates": [73.83148, 18.469316]}, "properties": {"depth": 33.9}}, {"type": "Feature", "geometry": {"type": "Point", "coordinates": [73.831194, 18.469464]}, "properties": {"depth": 28.15}}, {"type": "Feature", "geometry": {"type": "Point", "coordinates": [73.807549, 18.469827]}, "properties": {"depth": 0.54}}, {"type": "Feature", "geometry": {"type": "Point", "coordinates": [73.808175, 18.46988]}, "properties": {"depth": 0.72}}, {"type": "Feature", "geometry": {"type": "Point", "coordinates": [73.807682, 18.469929]}, "properties": {"depth": 0.89}}, {"type": "Feature", "geometry": {"type": "Point", "coordinates": [73.808121, 18.469961]}, "properties": {"depth": 0.72}}, {"type": "Feature", "geometry": {"type": "Point", "coordinates": [73.808452, 18.470768]}, "properties": {"depth": 0.99}}, {"type": "Feature", "geometry": {"type": "Point", "coordinates": [73.808205, 18.470789]}, "properties": {"depth": 0.99}}, {"type": "Feature", "geometry": {"type": "Point", "coordinates": [73.80847, 18.470864]}, "properties": {"depth": 0.99}}, {"type": "Feature", "geometry": {"type": "Point", "coordinates": [73.808548, 18.470779]}, "properties": {"depth": 1.5}}, {"type": "Feature", "geometry": {"type": "Point", "coordinates": [73.808749, 18.470811]}, "properties": {"depth": 1.5}}, {"type": "Feature", "geometry": {"type": "Point", "coordinates": [73.809399, 18.470918]}, "properties": {"depth": 0.24}}, {"type": "Feature", "geometry": {"type": "Point", "coordinates": [73.81071, 18.475752]}, "properties": {"depth": 0.3}}, {"type": "Feature", "geometry": {"type": "Point", "coordinates": [73.809968, 18.47764]}, "properties": {"depth": 0.91}}, {"type": "Feature", "geometry": {"type": "Point", "coordinates": [73.809835, 18.477712]}, "properties": {"depth": 1.24}}, {"type": "Feature", "geometry": {"type": "Point", "coordinates": [73.808546, 18.474523]}, "properties": {"depth": 8.25}}, {"type": "Feature", "geometry": {"type": "Point", "coordinates": [73.808796, 18.474623]}, "properties": {"depth": 9.34}}, {"type": "Feature", "geometry": {"type": "Point", "coordinates": [73.808827, 18.474777]}, "properties": {"depth": 9.34}}, {"type": "Feature", "geometry": {"type": "Point", "coordinates": [73.808515, 18.474937]}, "properties": {"depth": 4.05}}, {"type": "Feature", "geometry": {"type": "Point", "coordinates": [73.809344, 18.477141]}, "properties": {"depth": 5.83}}, {"type": "Feature", "geometry": {"type": "Point", "coordinates": [73.808823, 18.477279]}, "properties": {"depth": 3.33}}, {"type": "Feature", "geometry": {"type": "Point", "coordinates": [73.809287, 18.477293]}, "properties": {"depth": 4.93}}, {"type": "Feature", "geometry": {"type": "Point", "coordinates": [73.809642, 18.477332]}, "properties": {"depth": 6.06}}, {"type": "Feature", "geometry": {"type": "Point", "coordinates": [73.809097, 18.477342]}, "properties": {"depth": 4.93}}, {"type": "Feature", "geometry": {"type": "Point", "coordinates": [73.809496, 18.477373]}, "properties": {"depth": 2.86}}, {"type": "Feature", "geometry": {"type": "Point", "coordinates": [73.809436, 18.477403]}, "properties": {"depth": 2.86}}, {"type": "Feature", "geometry": {"type": "Point", "coordinates": [73.809631, 18.477432]}, "properties": {"depth": 2.92}}, {"type": "Feature", "geometry": {"type": "Point", "coordinates": [73.809337, 18.477444]}, "properties": {"depth": 2.86}}, {"type": "Feature", "geometry": {"type": "Point", "coordinates": [73.809555, 18.477457]}, "properties": {"depth": 2.86}}, {"type": "Feature", "geometry": {"type": "Point", "coordinates": [73.80925, 18.477462]}, "properties": {"depth": 0.9}}, {"type": "Feature", "geometry": {"type": "Point", "coordinates": [73.809508, 18.477481]}, "properties": {"depth": 2.86}}, {"type": "Feature", "geometry": {"type": "Point", "coordinates": [73.809161, 18.477488]}, "properties": {"depth": 0.9}}, {"type": "Feature", "geometry": {"type": "Point", "coordinates": [73.809434, 18.477509]}, "properties": {"depth": 2.86}}, {"type": "Feature", "geometry": {"type": "Point", "coordinates": [73.809372, 18.477529]}, "properties": {"depth": 2.86}}, {"type": "Feature", "geometry": {"type": "Point", "coordinates": [73.809265, 18.477567]}, "properties": {"depth": 0.9}}, {"type": "Feature", "geometry": {"type": "Point", "coordinates": [73.809159, 18.477603]}, "properties": {"depth": 0.9}}, {"type": "Feature", "geometry": {"type": "Point", "coordinates": [73.808517, 18.477608]}, "properties": {"depth": 0.97}}, {"type": "Feature", "geometry": {"type": "Point", "coordinates": [73.809071, 18.477636]}, "properties": {"depth": 0.9}}, {"type": "Feature", "geometry": {"type": "Point", "coordinates": [73.808924, 18.477688]}, "properties": {"depth": 0.37}}, {"type": "Feature", "geometry": {"type": "Point", "coordinates": [73.809337, 18.477718]}, "properties": {"depth": 1.32}}, {"type": "Feature", "geometry": {"type": "Point", "coordinates": [73.808789, 18.477733]}, "properties": {"depth": 0.37}}, {"type": "Feature", "geometry": {"type": "Point", "coordinates": [73.809686, 18.477747]}, "properties": {"depth": 1.24}}, {"type": "Feature", "geometry": {"type": "Point", "coordinates": [73.809631, 18.477808]}, "properties": {"depth": 1.24}}, {"type": "Feature", "geometry": {"type": "Point", "coordinates": [73.809579, 18.477841]}, "properties": {"depth": 1.32}}, {"type": "Feature", "geometry": {"type": "Point", "coordinates": [73.809514, 18.477863]}, "properties": {"depth": 1.32}}, {"type": "Feature", "geometry": {"type": "Point", "coordinates": [73.809439, 18.477893]}, "properties": {"depth": 1.32}}, {"type": "Feature", "geometry": {"type": "Point", "coordinates": [73.809703, 18.477987]}, "properties": {"depth": 1.01}}, {"type": "Feature", "geometry": {"type": "Point", "coordinates": [73.809604, 18.478014]}, "properties": {"depth": 1.01}}, {"type": "Feature", "geometry": {"type": "Point", "coordinates": [73.809783, 18.477751]}, "properties": {"depth": 1.24}}, {"type": "Feature", "geometry": {"type": "Point", "coordinates": [73.810003, 18.477806]}, "properties": {"depth": 0.91}}, {"type": "Feature", "geometry": {"type": "Point", "coordinates": [73.810111, 18.477882]}, "properties": {"depth": 0.91}}, {"type": "Feature", "geometry": {"type": "Point", "coordinates": [73.809786, 18.477916]}, "properties": {"depth": 1.24}}, {"type": "Feature", "geometry": {"type": "Point", "coordinates": [73.809962, 18.477959]}, "properties": {"depth": 1.91}}, {"type": "Feature", "geometry": {"type": "Point", "coordinates": [73.810136, 18.478028]}, "properties": {"depth": 1.91}}, {"type": "Feature", "geometry": {"type": "Point", "coordinates": [73.81005, 18.478057]}, "properties": {"depth": 1.91}}, {"type": "Feature", "geometry": {"type": "Point", "coordinates": [73.809967, 18.478093]}, "properties": {"depth": 1.91}}, {"type": "Feature", "geometry": {"type": "Point", "coordinates": [73.809832, 18.478335]}, "properties": {"depth": 0.04}}, {"type": "Feature", "geometry": {"type": "Point", "coordinates": [73.810102, 18.478396]}, "properties": {"depth": 0.14}}, {"type": "Feature", "geometry": {"type": "Point", "coordinates": [73.809347, 18.478116]}, "properties": {"depth": 0.82}}, {"type": "Feature", "geometry": {"type": "Point", "coordinates": [73.809506, 18.478287]}, "properties": {"depth": 1.12}}, {"type": "Feature", "geometry": {"type": "Point", "coordinates": [73.808184, 18.474967]}, "properties": {"depth": 4.63}}, {"type": "Feature", "geometry": {"type": "Point", "coordinates": [73.808191, 18.475139]}, "properties": {"depth": 5.09}}, {"type": "Feature", "geometry": {"type": "Point", "coordinates": [73.807816, 18.47541]}, "properties": {"depth": 4.2}}, {"type": "Feature", "geometry": {"type": "Point", "coordinates": [73.812215, 18.477169]}, "properties": {"depth": 0.32}}, {"type": "Feature", "geometry": {"type": "Point", "coordinates": [73.813871, 18.478578]}, "properties": {"depth": 2.57}}, {"type": "Feature", "geometry": {"type": "Point", "coordinates": [73.81334, 18.480479]}, "properties": {"depth": 2.63}}, {"type": "Feature", "geometry": {"type": "Point", "coordinates": [73.813401, 18.480499]}, "properties": {"depth": 2.63}}, {"type": "Feature", "geometry": {"type": "Point", "coordinates": [73.813477, 18.480611]}, "properties": {"depth": 3.89}}, {"type": "Feature", "geometry": {"type": "Point", "coordinates": [73.813644, 18.480687]}, "properties": {"depth": 3.89}}, {"type": "Feature", "geometry": {"type": "Point", "coordinates": [73.813717, 18.480699]}, "properties": {"depth": 0.66}}, {"type": "Feature", "geometry": {"type": "Point", "coordinates": [73.813543, 18.480732]}, "properties": {"depth": 0.66}}, {"type": "Feature", "geometry": {"type": "Point", "coordinates": [73.81379, 18.480758]}, "properties": {"depth": 1.37}}, {"type": "Feature", "geometry": {"type": "Point", "coordinates": [73.813984, 18.480821]}, "properties": {"depth": 1.37}}, {"type": "Feature", "geometry": {"type": "Point", "coordinates": [73.814335, 18.481009]}, "properties": {"depth": 1.8}}, {"type": "Feature", "geometry": {"type": "Point", "coordinates": [73.809692, 18.478329]}, "properties": {"depth": 0.04}}, {"type": "Feature", "geometry": {"type": "Point", "coordinates": [73.810224, 18.478408]}, "properties": {"depth": 0.62}}, {"type": "Feature", "geometry": {"type": "Point", "coordinates": [73.810392, 18.478449]}, "properties": {"depth": 0.62}}, {"type": "Feature", "geometry": {"type": "Point", "coordinates": [73.810232, 18.47859]}, "properties": {"depth": 0.15}}, {"type": "Feature", "geometry": {"type": "Point", "coordinates": [73.810357, 18.478612]}, "properties": {"depth": 0.15}}, {"type": "Feature", "geometry": {"type": "Point", "coordinates": [73.810454, 18.478635]}, "properties": {"depth": 0.72}}, {"type": "Feature", "geometry": {"type": "Point", "coordinates": [73.810535, 18.478639]}, "properties": {"depth": 0.72}}, {"type": "Feature", "geometry": {"type": "Point", "coordinates": [73.810653, 18.478673]}, "properties": {"depth": 0.72}}, {"type": "Feature", "geometry": {"type": "Point", "coordinates": [73.810179, 18.478727]}, "properties": {"depth": 0.15}}, {"type": "Feature", "geometry": {"type": "Point", "coordinates": [73.810269, 18.478746]}, "properties": {"depth": 0.15}}, {"type": "Feature", "geometry": {"type": "Point", "coordinates": [73.812946, 18.481115]}, "properties": {"depth": 0.27}}, {"type": "Feature", "geometry": {"type": "Point", "coordinates": [73.813919, 18.480926]}, "properties": {"depth": 1.37}}, {"type": "Feature", "geometry": {"type": "Point", "coordinates": [73.770524, 18.45555]}, "properties": {"depth": 0.94}}, {"type": "Feature", "geometry": {"type": "Point", "coordinates": [73.770826, 18.455608]}, "properties": {"depth": 3.25}}, {"type": "Feature", "geometry": {"type": "Point", "coordinates": [73.770621, 18.455619]}, "properties": {"depth": 0.94}}, {"type": "Feature", "geometry": {"type": "Point", "coordinates": [73.77054, 18.455688]}, "properties": {"depth": 0.94}}, {"type": "Feature", "geometry": {"type": "Point", "coordinates": [73.770628, 18.455702]}, "properties": {"depth": 0.61}}, {"type": "Feature", "geometry": {"type": "Point", "coordinates": [73.770742, 18.455704]}, "properties": {"depth": 3.1}}, {"type": "Feature", "geometry": {"type": "Point", "coordinates": [73.7708, 18.455742]}, "properties": {"depth": 3.1}}, {"type": "Feature", "geometry": {"type": "Point", "coordinates": [73.770548, 18.455813]}, "properties": {"depth": 0.61}}, {"type": "Feature", "geometry": {"type": "Point", "coordinates": [73.768941, 18.453033]}, "properties": {"depth": 6.12}}, {"type": "Feature", "geometry": {"type": "Point", "coordinates": [73.768734, 18.45325]}, "properties": {"depth": 4.43}}, {"type": "Feature", "geometry": {"type": "Point", "coordinates": [73.768634, 18.453267]}, "properties": {"depth": 4.43}}, {"type": "Feature", "geometry": {"type": "Point", "coordinates": [73.768261, 18.453329]}, "properties": {"depth": 0.39}}, {"type": "Feature", "geometry": {"type": "Point", "coordinates": [73.768673, 18.453654]}, "properties": {"depth": 3.18}}, {"type": "Feature", "geometry": {"type": "Point", "coordinates": [73.769752, 18.454305]}, "properties": {"depth": 3.17}}, {"type": "Feature", "geometry": {"type": "Point", "coordinates": [73.769878, 18.45454]}, "properties": {"depth": 3.75}}, {"type": "Feature", "geometry": {"type": "Point", "coordinates": [73.769862, 18.454993]}, "properties": {"depth": 4.66}}, {"type": "Feature", "geometry": {"type": "Point", "coordinates": [73.770435, 18.455568]}, "properties": {"depth": 0.94}}, {"type": "Feature", "geometry": {"type": "Point", "coordinates": [73.770093, 18.455581]}, "properties": {"depth": 1.03}}, {"type": "Feature", "geometry": {"type": "Point", "coordinates": [73.769993, 18.455604]}, "properties": {"depth": 1.03}}, {"type": "Feature", "geometry": {"type": "Point", "coordinates": [73.770459, 18.455763]}, "properties": {"depth": 0.61}}, {"type": "Feature", "geometry": {"type": "Point", "coordinates": [73.769125, 18.45526]}, "properties": {"depth": 0.85}}, {"type": "Feature", "geometry": {"type": "Point", "coordinates": [73.777678, 18.461756]}, "properties": {"depth": 9.08}}, {"type": "Feature", "geometry": {"type": "Point", "coordinates": [73.77765, 18.461851]}, "properties": {"depth": 7.41}}, {"type": "Feature", "geometry": {"type": "Point", "coordinates": [73.778115, 18.46188]}, "properties": {"depth": 3.63}}, {"type": "Feature", "geometry": {"type": "Point", "coordinates": [73.777941, 18.46211]}, "properties": {"depth": 1.11}}, {"type": "Feature", "geometry": {"type": "Point", "coordinates": [73.777436, 18.462404]}, "properties": {"depth": 0.34}}, {"type": "Feature", "geometry": {"type": "Point", "coordinates": [73.775866, 18.460883]}, "properties": {"depth": 5.87}}, {"type": "Feature", "geometry": {"type": "Point", "coordinates": [73.776031, 18.461163]}, "properties": {"depth": 2.4}}, {"type": "Feature", "geometry": {"type": "Point", "coordinates": [73.774932, 18.460341]}, "properties": {"depth": 8.76}}, {"type": "Feature", "geometry": {"type": "Point", "coordinates": [73.775082, 18.460502]}, "properties": {"depth": 6.78}}, {"type": "Feature", "geometry": {"type": "Point", "coordinates": [73.774772, 18.460529]}, "properties": {"depth": 3.65}}, {"type": "Feature", "geometry": {"type": "Point", "coordinates": [73.774861, 18.460565]}, "properties": {"depth": 6.78}}, {"type": "Feature", "geometry": {"type": "Point", "coordinates": [73.774972, 18.460614]}, "properties": {"depth": 6.78}}, {"type": "Feature", "geometry": {"type": "Point", "coordinates": [73.774862, 18.460687]}, "properties": {"depth": 6.78}}, {"type": "Feature", "geometry": {"type": "Point", "coordinates": [73.774775, 18.460693]}, "properties": {"depth": 3.65}}, {"type": "Feature", "geometry": {"type": "Point", "coordinates": [73.775138, 18.46071]}, "properties": {"depth": 1.75}}, {"type": "Feature", "geometry": {"type": "Point", "coordinates": [73.77512, 18.460744]}, "properties": {"depth": 1.75}}, {"type": "Feature", "geometry": {"type": "Point", "coordinates": [73.774503, 18.460351]}, "properties": {"depth": 3.55}}, {"type": "Feature", "geometry": {"type": "Point", "coordinates": [73.774339, 18.460349]}, "properties": {"depth": 3.55}}, {"type": "Feature", "geometry": {"type": "Point", "coordinates": [73.773817, 18.460362]}, "properties": {"depth": 1.2}}, {"type": "Feature", "geometry": {"type": "Point", "coordinates": [73.773941, 18.460367]}, "properties": {"depth": 1.2}}, {"type": "Feature", "geometry": {"type": "Point", "coordinates": [73.774032, 18.460371]}, "properties": {"depth": 1.35}}, {"type": "Feature", "geometry": {"type": "Point", "coordinates": [73.774115, 18.460387]}, "properties": {"depth": 1.35}}, {"type": "Feature", "geometry": {"type": "Point", "coordinates": [73.774718, 18.460413]}, "properties": {"depth": 6.37}}, {"type": "Feature", "geometry": {"type": "Point", "coordinates": [73.774185, 18.460412]}, "properties": {"depth": 1.35}}, {"type": "Feature", "geometry": {"type": "Point", "coordinates": [73.774571, 18.460425]}, "properties": {"depth": 0.69}}, {"type": "Feature", "geometry": {"type": "Point", "coordinates": [73.774478, 18.460429]}, "properties": {"depth": 0.69}}, {"type": "Feature", "geometry": {"type": "Point", "coordinates": [73.77306, 18.454641]}, "properties": {"depth": 0.35}}, {"type": "Feature", "geometry": {"type": "Point", "coordinates": [73.773163, 18.455017]}, "properties": {"depth": 0.95}}, {"type": "Feature", "geometry": {"type": "Point", "coordinates": [73.772742, 18.458674]}, "properties": {"depth": 7.73}}, {"type": "Feature", "geometry": {"type": "Point", "coordinates": [73.772223, 18.452589]}, "properties": {"depth": 1.38}}, {"type": "Feature", "geometry": {"type": "Point", "coordinates": [73.772253, 18.45274]}, "properties": {"depth": 2.13}}, {"type": "Feature", "geometry": {"type": "Point", "coordinates": [73.772318, 18.452876]}, "properties": {"depth": 2.13}}, {"type": "Feature", "geometry": {"type": "Point", "coordinates": [73.77238, 18.458595]}, "properties": {"depth": 2.83}}, {"type": "Feature", "geometry": {"type": "Point", "coordinates": [73.772527, 18.458655]}, "properties": {"depth": 2.83}}, {"type": "Feature", "geometry": {"type": "Point", "coordinates": [73.772305, 18.458666]}, "properties": {"depth": 3.12}}, {"type": "Feature", "geometry": {"type": "Point", "coordinates": [73.772227, 18.45874]}, "properties": {"depth": 3.12}}, {"type": "Feature", "geometry": {"type": "Point", "coordinates": [73.771627, 18.458791]}, "properties": {"depth": 4.12}}, {"type": "Feature", "geometry": {"type": "Point", "coordinates": [73.773744, 18.459532]}, "properties": {"depth": 7.4}}, {"type": "Feature", "geometry": {"type": "Point", "coordinates": [73.772657, 18.458678]}, "properties": {"depth": 7.73}}, {"type": "Feature", "geometry": {"type": "Point", "coordinates": [73.772897, 18.458715]}, "properties": {"depth": 7.73}}, {"type": "Feature", "geometry": {"type": "Point", "coordinates": [73.772969, 18.458734]}, "properties": {"depth": 12.0}}, {"type": "Feature", "geometry": {"type": "Point", "coordinates": [73.7728, 18.458745]}, "properties": {"depth": 7.73}}, {"type": "Feature", "geometry": {"type": "Point", "coordinates": [73.772723, 18.458766]}, "properties": {"depth": 1.98}}, {"type": "Feature", "geometry": {"type": "Point", "coordinates": [73.772866, 18.458779]}, "properties": {"depth": 1.98}}, {"type": "Feature", "geometry": {"type": "Point", "coordinates": [73.772945, 18.458813]}, "properties": {"depth": 2.97}}, {"type": "Feature", "geometry": {"type": "Point", "coordinates": [73.77303, 18.458845]}, "properties": {"depth": 2.97}}, {"type": "Feature", "geometry": {"type": "Point", "coordinates": [73.772691, 18.458862]}, "properties": {"depth": 1.98}}, {"type": "Feature", "geometry": {"type": "Point", "coordinates": [73.773, 18.458884]}, "properties": {"depth": 2.97}}, {"type": "Feature", "geometry": {"type": "Point", "coordinates": [73.772803, 18.458884]}, "properties": {"depth": 1.98}}, {"type": "Feature", "geometry": {"type": "Point", "coordinates": [73.773097, 18.458888]}, "properties": {"depth": 2.97}}, {"type": "Feature", "geometry": {"type": "Point", "coordinates": [73.772672, 18.458913]}, "properties": {"depth": 1.98}}, {"type": "Feature", "geometry": {"type": "Point", "coordinates": [73.772971, 18.458917]}, "properties": {"depth": 2.97}}, {"type": "Feature", "geometry": {"type": "Point", "coordinates": [73.773164, 18.458923]}, "properties": {"depth": 2.97}}, {"type": "Feature", "geometry": {"type": "Point", "coordinates": [73.773211, 18.458929]}, "properties": {"depth": 12.0}}, {"type": "Feature", "geometry": {"type": "Point", "coordinates": [73.773072, 18.458951]}, "properties": {"depth": 2.97}}, {"type": "Feature", "geometry": {"type": "Point", "coordinates": [73.772655, 18.458964]}, "properties": {"depth": 1.98}}, {"type": "Feature", "geometry": {"type": "Point", "coordinates": [73.772771, 18.458975]}, "properties": {"depth": 1.98}}, {"type": "Feature", "geometry": {"type": "Point", "coordinates": [73.772833, 18.45898]}, "properties": {"depth": 1.98}}, {"type": "Feature", "geometry": {"type": "Point", "coordinates": [73.771956, 18.458809]}, "properties": {"depth": 2.42}}, {"type": "Feature", "geometry": {"type": "Point", "coordinates": [73.77161, 18.4591]}, "properties": {"depth": 3.3}}, {"type": "Feature", "geometry": {"type": "Point", "coordinates": [73.771753, 18.459119]}, "properties": {"depth": 3.3}}, {"type": "Feature", "geometry": {"type": "Point", "coordinates": [73.772618, 18.45913]}, "properties": {"depth": 2.84}}, {"type": "Feature", "geometry": {"type": "Point", "coordinates": [73.77211, 18.459176]}, "properties": {"depth": 7.29}}, {"type": "Feature", "geometry": {"type": "Point", "coordinates": [73.77259, 18.45921]}, "properties": {"depth": 2.84}}, {"type": "Feature", "geometry": {"type": "Point", "coordinates": [73.772572, 18.459264]}, "properties": {"depth": 2.84}}, {"type": "Feature", "geometry": {"type": "Point", "coordinates": [73.77192, 18.459372]}, "properties": {"depth": 1.22}}, {"type": "Feature", "geometry": {"type": "Point", "coordinates": [73.773134, 18.459004]}, "properties": {"depth": 2.97}}, {"type": "Feature", "geometry": {"type": "Point", "coordinates": [73.773238, 18.459002]}, "properties": {"depth": 12.0}}, {"type": "Feature", "geometry": {"type": "Point", "coordinates": [73.772943, 18.459007]}, "properties": {"depth": 2.97}}, {"type": "Feature", "geometry": {"type": "Point", "coordinates": [73.773027, 18.459022]}, "properties": {"depth": 2.97}}, {"type": "Feature", "geometry": {"type": "Point", "coordinates": [73.772639, 18.459034]}, "properties": {"depth": 2.84}}, {"type": "Feature", "geometry": {"type": "Point", "coordinates": [73.7729, 18.45905]}, "properties": {"depth": 0.07}}, {"type": "Feature", "geometry": {"type": "Point", "coordinates": [73.773095, 18.45906]}, "properties": {"depth": 4.21}}, {"type": "Feature", "geometry": {"type": "Point", "coordinates": [73.772978, 18.459094]}, "properties": {"depth": 4.21}}, {"type": "Feature", "geometry": {"type": "Point", "coordinates": [73.772821, 18.459132]}, "properties": {"depth": 0.07}}, {"type": "Feature", "geometry": {"type": "Point", "coordinates": [73.773067, 18.459161]}, "properties": {"depth": 4.21}}, {"type": "Feature", "geometry": {"type": "Point", "coordinates": [73.771289, 18.459082]}, "properties": {"depth": 1.54}}, {"type": "Feature", "geometry": {"type": "Point", "coordinates": [73.771465, 18.459105]}, "properties": {"depth": 1.54}}, {"type": "Feature", "geometry": {"type": "Point", "coordinates": [73.771382, 18.459139]}, "properties": {"depth": 1.54}}, {"type": "Feature", "geometry": {"type": "Point", "coordinates": [73.771329, 18.45919]}, "properties": {"depth": 1.54}}, {"type": "Feature", "geometry": {"type": "Point", "coordinates": [73.77143, 18.459252]}, "properties": {"depth": 1.54}}, {"type": "Feature", "geometry": {"type": "Point", "coordinates": [73.771354, 18.459259]}, "properties": {"depth": 1.54}}, {"type": "Feature", "geometry": {"type": "Point", "coordinates": [73.772912, 18.459175]}, "properties": {"depth": 0.07}}, {"type": "Feature", "geometry": {"type": "Point", "coordinates": [73.772762, 18.45921]}, "properties": {"depth": 0.07}}, {"type": "Feature", "geometry": {"type": "Point", "coordinates": [73.772842, 18.459297]}, "properties": {"depth": 0.07}}, {"type": "Feature", "geometry": {"type": "Point", "coordinates": [73.772734, 18.459296]}, "properties": {"depth": 0.07}}, {"type": "Feature", "geometry": {"type": "Point", "coordinates": [73.773368, 18.459368]}, "properties": {"depth": 3.65}}, {"type": "Feature", "geometry": {"type": "Point", "coordinates": [73.773322, 18.459456]}, "properties": {"depth": 3.65}}, {"type": "Feature", "geometry": {"type": "Point", "coordinates": [73.773531, 18.459485]}, "properties": {"depth": 7.4}}, {"type": "Feature", "geometry": {"type": "Point", "coordinates": [73.773666, 18.459499]}, "properties": {"depth": 7.4}}, {"type": "Feature", "geometry": {"type": "Point", "coordinates": [73.770471, 18.455951]}, "properties": {"depth": 0.61}}, {"type": "Feature", "geometry": {"type": "Point", "coordinates": [73.770616, 18.455848]}, "properties": {"depth": 0.61}}, {"type": "Feature", "geometry": {"type": "Point", "coordinates": [73.77083, 18.455852]}, "properties": {"depth": 3.1}}, {"type": "Feature", "geometry": {"type": "Point", "coordinates": [73.771062, 18.455888]}, "properties": {"depth": 8.52}}, {"type": "Feature", "geometry": {"type": "Point", "coordinates": [73.770752, 18.456001]}, "properties": {"depth": 0.21}}, {"type": "Feature", "geometry": {"type": "Point", "coordinates": [73.770671, 18.455993]}, "properties": {"depth": 0.17}}, {"type": "Feature", "geometry": {"type": "Point", "coordinates": [73.770484, 18.456039]}, "properties": {"depth": 0.17}}, {"type": "Feature", "geometry": {"type": "Point", "coordinates": [73.770916, 18.456083]}, "properties": {"depth": 0.21}}, {"type": "Feature", "geometry": {"type": "Point", "coordinates": [73.770489, 18.456113]}, "properties": {"depth": 0.17}}, {"type": "Feature", "geometry": {"type": "Point", "coordinates": [73.770821, 18.456134]}, "properties": {"depth": 0.21}}, {"type": "Feature", "geometry": {"type": "Point", "coordinates": [73.771129, 18.456154]}, "properties": {"depth": 6.28}}, {"type": "Feature", "geometry": {"type": "Point", "coordinates": [73.770634, 18.456181]}, "properties": {"depth": 0.17}}, {"type": "Feature", "geometry": {"type": "Point", "coordinates": [73.770489, 18.456188]}, "properties": {"depth": 0.17}}, {"type": "Feature", "geometry": {"type": "Point", "coordinates": [73.770565, 18.456194]}, "properties": {"depth": 0.17}}, {"type": "Feature", "geometry": {"type": "Point", "coordinates": [73.770662, 18.456302]}, "properties": {"depth": 0.37}}, {"type": "Feature", "geometry": {"type": "Point", "coordinates": [73.770549, 18.456336]}, "properties": {"depth": 0.37}}, {"type": "Feature", "geometry": {"type": "Point", "coordinates": [73.770536, 18.456479]}, "properties": {"depth": 0.37}}, {"type": "Feature", "geometry": {"type": "Point", "coordinates": [73.770747, 18.456505]}, "properties": {"depth": 1.4}}, {"type": "Feature", "geometry": {"type": "Point", "coordinates": [73.770928, 18.456645]}, "properties": {"depth": 1.7}}, {"type": "Feature", "geometry": {"type": "Point", "coordinates": [73.770533, 18.456656]}, "properties": {"depth": 0.63}}, {"type": "Feature", "geometry": {"type": "Point", "coordinates": [73.771165, 18.456679]}, "properties": {"depth": 1.69}}, {"type": "Feature", "geometry": {"type": "Point", "coordinates": [73.770379, 18.45656]}, "properties": {"depth": 0.03}}, {"type": "Feature", "geometry": {"type": "Point", "coordinates": [73.770281, 18.456687]}, "properties": {"depth": 0.03}}, {"type": "Feature", "geometry": {"type": "Point", "coordinates": [73.770419, 18.456701]}, "properties": {"depth": 0.63}}, {"type": "Feature", "geometry": {"type": "Point", "coordinates": [73.770378, 18.456705]}, "properties": {"depth": 0.03}}, {"type": "Feature", "geometry": {"type": "Point", "coordinates": [73.770233, 18.456736]}, "properties": {"depth": 0.03}}, {"type": "Feature", "geometry": {"type": "Point", "coordinates": [73.770163, 18.456753]}, "properties": {"depth": 0.03}}, {"type": "Feature", "geometry": {"type": "Point", "coordinates": [73.770393, 18.456769]}, "properties": {"depth": 0.03}}, {"type": "Feature", "geometry": {"type": "Point", "coordinates": [73.770307, 18.456777]}, "properties": {"depth": 0.03}}, {"type": "Feature", "geometry": {"type": "Point", "coordinates": [73.769928, 18.456821]}, "properties": {"depth": 0.69}}, {"type": "Feature", "geometry": {"type": "Point", "coordinates": [73.77003, 18.456828]}, "properties": {"depth": 0.69}}, {"type": "Feature", "geometry": {"type": "Point", "coordinates": [73.770451, 18.456857]}, "properties": {"depth": 2.2}}, {"type": "Feature", "geometry": {"type": "Point", "coordinates": [73.770288, 18.456882]}, "properties": {"depth": 0.67}}, {"type": "Feature", "geometry": {"type": "Point", "coordinates": [73.770359, 18.456893]}, "properties": {"depth": 0.67}}, {"type": "Feature", "geometry": {"type": "Point", "coordinates": [73.770121, 18.456892]}, "properties": {"depth": 0.69}}, {"type": "Feature", "geometry": {"type": "Point", "coordinates": [73.770211, 18.456905]}, "properties": {"depth": 0.67}}, {"type": "Feature", "geometry": {"type": "Point", "coordinates": [73.770034, 18.456904]}, "properties": {"depth": 0.69}}, {"type": "Feature", "geometry": {"type": "Point", "coordinates": [73.769938, 18.456917]}, "properties": {"depth": 0.69}}, {"type": "Feature", "geometry": {"type": "Point", "coordinates": [73.770397, 18.456943]}, "properties": {"depth": 0.67}}, {"type": "Feature", "geometry": {"type": "Point", "coordinates": [73.770363, 18.456952]}, "properties": {"depth": 0.67}}, {"type": "Feature", "geometry": {"type": "Point", "coordinates": [73.770272, 18.456972]}, "properties": {"depth": 0.67}}, {"type": "Feature", "geometry": {"type": "Point", "coordinates": [73.769863, 18.456975]}, "properties": {"depth": 0.69}}, {"type": "Feature", "geometry": {"type": "Point", "coordinates": [73.770314, 18.456978]}, "properties": {"depth": 0.67}}, {"type": "Feature", "geometry": {"type": "Point", "coordinates": [73.770233, 18.457012]}, "properties": {"depth": 0.67}}, {"type": "Feature", "geometry": {"type": "Point", "coordinates": [73.769952, 18.457015]}, "properties": {"depth": 0.69}}, {"type": "Feature", "geometry": {"type": "Point", "coordinates": [73.770045, 18.45703]}, "properties": {"depth": 0.69}}, {"type": "Feature", "geometry": {"type": "Point", "coordinates": [73.770158, 18.457039]}, "properties": {"depth": 0.67}}, {"type": "Feature", "geometry": {"type": "Point", "coordinates": [73.770655, 18.456745]}, "properties": {"depth": 0.63}}, {"type": "Feature", "geometry": {"type": "Point", "coordinates": [73.770593, 18.456797]}, "properties": {"depth": 0.63}}, {"type": "Feature", "geometry": {"type": "Point", "coordinates": [73.770762, 18.457196]}, "properties": {"depth": 0.26}}, {"type": "Feature", "geometry": {"type": "Point", "coordinates": [73.770786, 18.457202]}, "properties": {"depth": 0.26}}, {"type": "Feature", "geometry": {"type": "Point", "coordinates": [73.77078, 18.457201]}, "properties": {"depth": 0.26}}, {"type": "Feature", "geometry": {"type": "Point", "coordinates": [73.770489, 18.457572]}, "properties": {"depth": 1.01}}, {"type": "Feature", "geometry": {"type": "Point", "coordinates": [73.771414, 18.457635]}, "properties": {"depth": 0.72}}, {"type": "Feature", "geometry": {"type": "Point", "coordinates": [73.770195, 18.457438]}, "properties": {"depth": 0.18}}, {"type": "Feature", "geometry": {"type": "Point", "coordinates": [73.770182, 18.457511]}, "properties": {"depth": 0.18}}, {"type": "Feature", "geometry": {"type": "Point", "coordinates": [73.770048, 18.457539]}, "properties": {"depth": 0.82}}, {"type": "Feature", "geometry": {"type": "Point", "coordinates": [73.770356, 18.457542]}, "properties": {"depth": 0.18}}, {"type": "Feature", "geometry": {"type": "Point", "coordinates": [73.770402, 18.457558]}, "properties": {"depth": 0.18}}, {"type": "Feature", "geometry": {"type": "Point", "coordinates": [73.772283, 18.459546]}, "properties": {"depth": 3.04}}, {"type": "Feature", "geometry": {"type": "Point", "coordinates": [73.773375, 18.45951]}, "properties": {"depth": 3.65}}, {"type": "Feature", "geometry": {"type": "Point", "coordinates": [73.773179, 18.459526]}, "properties": {"depth": 2.88}}, {"type": "Feature", "geometry": {"type": "Point", "coordinates": [73.773428, 18.459537]}, "properties": {"depth": 3.65}}, {"type": "Feature", "geometry": {"type": "Point", "coordinates": [73.773263, 18.459577]}, "properties": {"depth": 3.65}}, {"type": "Feature", "geometry": {"type": "Point", "coordinates": [73.77345, 18.45958]}, "properties": {"depth": 3.65}}, {"type": "Feature", "geometry": {"type": "Point", "coordinates": [73.773122, 18.459581]}, "properties": {"depth": 2.88}}, {"type": "Feature", "geometry": {"type": "Point", "coordinates": [73.773544, 18.459616]}, "properties": {"depth": 2.63}}, {"type": "Feature", "geometry": {"type": "Point", "coordinates": [73.773787, 18.459552]}, "properties": {"depth": 8.13}}, {"type": "Feature", "geometry": {"type": "Point", "coordinates": [73.773819, 18.459572]}, "properties": {"depth": 8.13}}, {"type": "Feature", "geometry": {"type": "Point", "coordinates": [73.773874, 18.4596]}, "properties": {"depth": 2.69}}, {"type": "Feature", "geometry": {"type": "Point", "coordinates": [73.773741, 18.459618]}, "properties": {"depth": 2.63}}, {"type": "Feature", "geometry": {"type": "Point", "coordinates": [73.773836, 18.459674]}, "properties": {"depth": 2.69}}, {"type": "Feature", "geometry": {"type": "Point", "coordinates": [73.773927, 18.459689]}, "properties": {"depth": 2.69}}, {"type": "Feature", "geometry": {"type": "Point", "coordinates": [73.774013, 18.459688]}, "properties": {"depth": 2.69}}, {"type": "Feature", "geometry": {"type": "Point", "coordinates": [73.773734, 18.45969]}, "properties": {"depth": 2.63}}, {"type": "Feature", "geometry": {"type": "Point", "coordinates": [73.774044, 18.459757]}, "properties": {"depth": 6.75}}, {"type": "Feature", "geometry": {"type": "Point", "coordinates": [73.774128, 18.45978]}, "properties": {"depth": 6.75}}, {"type": "Feature", "geometry": {"type": "Point", "coordinates": [73.773223, 18.45964]}, "properties": {"depth": 0.61}}, {"type": "Feature", "geometry": {"type": "Point", "coordinates": [73.773641, 18.459653]}, "properties": {"depth": 2.63}}, {"type": "Feature", "geometry": {"type": "Point", "coordinates": [73.773337, 18.459687]}, "properties": {"depth": 0.61}}, {"type": "Feature", "geometry": {"type": "Point", "coordinates": [73.773553, 18.459708]}, "properties": {"depth": 2.63}}, {"type": "Feature", "geometry": {"type": "Point", "coordinates": [73.773195, 18.459705]}, "properties": {"depth": 0.61}}, {"type": "Feature", "geometry": {"type": "Point", "coordinates": [73.773617, 18.459736]}, "properties": {"depth": 2.63}}, {"type": "Feature", "geometry": {"type": "Point", "coordinates": [73.77369, 18.459777]}, "properties": {"depth": 2.63}}, {"type": "Feature", "geometry": {"type": "Point", "coordinates": [73.773433, 18.459793]}, "properties": {"depth": 0.61}}, {"type": "Feature", "geometry": {"type": "Point", "coordinates": [73.773301, 18.459814]}, "properties": {"depth": 0.61}}, {"type": "Feature", "geometry": {"type": "Point", "coordinates": [73.773371, 18.459854]}, "properties": {"depth": 0.61}}, {"type": "Feature", "geometry": {"type": "Point", "coordinates": [73.773886, 18.459781]}, "properties": {"depth": 2.69}}, {"type": "Feature", "geometry": {"type": "Point", "coordinates": [73.77379, 18.459788]}, "properties": {"depth": 2.69}}, {"type": "Feature", "geometry": {"type": "Point", "coordinates": [73.773855, 18.459836]}, "properties": {"depth": 2.69}}, {"type": "Feature", "geometry": {"type": "Point", "coordinates": [73.7742, 18.459843]}, "properties": {"depth": 6.75}}, {"type": "Feature", "geometry": {"type": "Point", "coordinates": [73.773964, 18.459852]}, "properties": {"depth": 2.69}}, {"type": "Feature", "geometry": {"type": "Point", "coordinates": [73.774029, 18.459882]}, "properties": {"depth": 0.76}}, {"type": "Feature", "geometry": {"type": "Point", "coordinates": [73.774076, 18.459906]}, "properties": {"depth": 0.76}}, {"type": "Feature", "geometry": {"type": "Point", "coordinates": [73.774365, 18.459908]}, "properties": {"depth": 7.36}}, {"type": "Feature", "geometry": {"type": "Point", "coordinates": [73.77415, 18.45993]}, "properties": {"depth": 0.76}}, {"type": "Feature", "geometry": {"type": "Point", "coordinates": [73.773814, 18.459942]}, "properties": {"depth": 2.09}}, {"type": "Feature", "geometry": {"type": "Point", "coordinates": [73.774253, 18.459958]}, "properties": {"depth": 0.76}}, {"type": "Feature", "geometry": {"type": "Point", "coordinates": [73.773921, 18.45999]}, "properties": {"depth": 2.09}}, {"type": "Feature", "geometry": {"type": "Point", "coordinates": [73.773795, 18.46]}, "properties": {"depth": 2.09}}, {"type": "Feature", "geometry": {"type": "Point", "coordinates": [73.774034, 18.460015]}, "properties": {"depth": 0.76}}, {"type": "Feature", "geometry": {"type": "Point", "coordinates": [73.774318, 18.460028]}, "properties": {"depth": 7.36}}, {"type": "Feature", "geometry": {"type": "Point", "coordinates": [73.774101, 18.460042]}, "properties": {"depth": 0.76}}, {"type": "Feature", "geometry": {"type": "Point", "coordinates": [73.773778, 18.460047]}, "properties": {"depth": 2.09}}, {"type": "Feature", "geometry": {"type": "Point", "coordinates": [73.773903, 18.460076]}, "properties": {"depth": 2.09}}, {"type": "Feature", "geometry": {"type": "Point", "coordinates": [73.774162, 18.460079]}, "properties": {"depth": 0.76}}, {"type": "Feature", "geometry": {"type": "Point", "coordinates": [73.774073, 18.460088]}, "properties": {"depth": 0.76}}, {"type": "Feature", "geometry": {"type": "Point", "coordinates": [73.773769, 18.460094]}, "properties": {"depth": 2.09}}, {"type": "Feature", "geometry": {"type": "Point", "coordinates": [73.773988, 18.460102]}, "properties": {"depth": 2.09}}, {"type": "Feature", "geometry": {"type": "Point", "coordinates": [73.773757, 18.460145]}, "properties": {"depth": 1.2}}, {"type": "Feature", "geometry": {"type": "Point", "coordinates": [73.774243, 18.460157]}, "properties": {"depth": 1.35}}, {"type": "Feature", "geometry": {"type": "Point", "coordinates": [73.774124, 18.460156]}, "properties": {"depth": 1.35}}, {"type": "Feature", "geometry": {"type": "Point", "coordinates": [73.773875, 18.460161]}, "properties": {"depth": 1.2}}, {"type": "Feature", "geometry": {"type": "Point", "coordinates": [73.773967, 18.460178]}, "properties": {"depth": 1.2}}, {"type": "Feature", "geometry": {"type": "Point", "coordinates": [73.77375, 18.460192]}, "properties": {"depth": 1.2}}, {"type": "Feature", "geometry": {"type": "Point", "coordinates": [73.774535, 18.460227]}, "properties": {"depth": 3.55}}, {"type": "Feature", "geometry": {"type": "Point", "coordinates": [73.774015, 18.460244]}, "properties": {"depth": 1.2}}, {"type": "Feature", "geometry": {"type": "Point", "coordinates": [73.77383, 18.460244]}, "properties": {"depth": 1.2}}, {"type": "Feature", "geometry": {"type": "Point", "coordinates": [73.774353, 18.460257]}, "properties": {"depth": 3.55}}, {"type": "Feature", "geometry": {"type": "Point", "coordinates": [73.774082, 18.460266]}, "properties": {"depth": 1.35}}, {"type": "Feature", "geometry": {"type": "Point", "coordinates": [73.774534, 18.460284]}, "properties": {"depth": 3.55}}, {"type": "Feature", "geometry": {"type": "Point", "coordinates": [73.774166, 18.460303]}, "properties": {"depth": 1.35}}, {"type": "Feature", "geometry": {"type": "Point", "coordinates": [73.774258, 18.460304]}, "properties": {"depth": 1.35}}, {"type": "Feature", "geometry": {"type": "Point", "coordinates": [73.774369, 18.460317]}, "properties": {"depth": 3.55}}, {"type": "Feature", "geometry": {"type": "Point", "coordinates": [73.774647, 18.460344]}, "properties": {"depth": 6.37}}, {"type": "Feature", "geometry": {"type": "Point", "coordinates": [73.773893, 18.460343]}, "properties": {"depth": 1.2}}, {"type": "Feature", "geometry": {"type": "Point", "coordinates": [73.774314, 18.460433]}, "properties": {"depth": 0.69}}, {"type": "Feature", "geometry": {"type": "Point", "coordinates": [73.774638, 18.46047]}, "properties": {"depth": 3.65}}, {"type": "Feature", "geometry": {"type": "Point", "coordinates": [73.77454, 18.460491]}, "properties": {"depth": 0.69}}, {"type": "Feature", "geometry": {"type": "Point", "coordinates": [73.774442, 18.460518]}, "properties": {"depth": 0.69}}, {"type": "Feature", "geometry": {"type": "Point", "coordinates": [73.774593, 18.460559]}, "properties": {"depth": 3.65}}, {"type": "Feature", "geometry": {"type": "Point", "coordinates": [73.752098, 18.551905]}, "properties": {"depth": 14.58}}, {"type": "Feature", "geometry": {"type": "Point", "coordinates": [73.750169, 18.551904]}, "properties": {"depth": 10.19}}, {"type": "Feature", "geometry": {"type": "Point", "coordinates": [73.752479, 18.551979]}, "properties": {"depth": 14.09}}, {"type": "Feature", "geometry": {"type": "Point", "coordinates": [73.750656, 18.552003]}, "properties": {"depth": 10.09}}, {"type": "Feature", "geometry": {"type": "Point", "coordinates": [73.752882, 18.552046]}, "properties": {"depth": 11.79}}, {"type": "Feature", "geometry": {"type": "Point", "coordinates": [73.752772, 18.552076]}, "properties": {"depth": 11.79}}, {"type": "Feature", "geometry": {"type": "Point", "coordinates": [73.752644, 18.552083]}, "properties": {"depth": 11.79}}, {"type": "Feature", "geometry": {"type": "Point", "coordinates": [73.749749, 18.552175]}, "properties": {"depth": 9.5}}, {"type": "Feature", "geometry": {"type": "Point", "coordinates": [73.75044, 18.552214]}, "properties": {"depth": 12.45}}, {"type": "Feature", "geometry": {"type": "Point", "coordinates": [73.752917, 18.552249]}, "properties": {"depth": 10.84}}, {"type": "Feature", "geometry": {"type": "Point", "coordinates": [73.752804, 18.55233]}, "properties": {"depth": 11.4}}, {"type": "Feature", "geometry": {"type": "Point", "coordinates": [73.752939, 18.552387]}, "properties": {"depth": 11.91}}, {"type": "Feature", "geometry": {"type": "Point", "coordinates": [73.752691, 18.552427]}, "properties": {"depth": 9.25}}, {"type": "Feature", "geometry": {"type": "Point", "coordinates": [73.750905, 18.552518]}, "properties": {"depth": 15.17}}, {"type": "Feature", "geometry": {"type": "Point", "coordinates": [73.749043, 18.56374]}, "properties": {"depth": 8.32}}, {"type": "Feature", "geometry": {"type": "Point", "coordinates": [73.815738, 18.481727]}, "properties": {"depth": 1.98}}, {"type": "Feature", "geometry": {"type": "Point", "coordinates": [73.816191, 18.481602]}, "properties": {"depth": 5.28}}, {"type": "Feature", "geometry": {"type": "Point", "coordinates": [73.816339, 18.481674]}, "properties": {"depth": 5.74}}, {"type": "Feature", "geometry": {"type": "Point", "coordinates": [73.816451, 18.481789]}, "properties": {"depth": 5.74}}, {"type": "Feature", "geometry": {"type": "Point", "coordinates": [73.815842, 18.481821]}, "properties": {"depth": 2.22}}, {"type": "Feature", "geometry": {"type": "Point", "coordinates": [73.815975, 18.481843]}, "properties": {"depth": 2.91}}, {"type": "Feature", "geometry": {"type": "Point", "coordinates": [73.816229, 18.482093]}, "properties": {"depth": 0.48}}, {"type": "Feature", "geometry": {"type": "Point", "coordinates": [73.816582, 18.482412]}, "properties": {"depth": 0.74}}, {"type": "Feature", "geometry": {"type": "Point", "coordinates": [73.816713, 18.482506]}, "properties": {"depth": 0.74}}, {"type": "Feature", "geometry": {"type": "Point", "coordinates": [73.822221, 18.48042]}, "properties": {"depth": 1.4}}, {"type": "Feature", "geometry": {"type": "Point", "coordinates": [73.822084, 18.480556]}, "properties": {"depth": 1.4}}, {"type": "Feature", "geometry": {"type": "Point", "coordinates": [73.821995, 18.481074]}, "properties": {"depth": 0.77}}, {"type": "Feature", "geometry": {"type": "Point", "coordinates": [73.821997, 18.481123]}, "properties": {"depth": 0.77}}, {"type": "Feature", "geometry": {"type": "Point", "coordinates": [73.821824, 18.481218]}, "properties": {"depth": 0.77}}, {"type": "Feature", "geometry": {"type": "Point", "coordinates": [73.822325, 18.481277]}, "properties": {"depth": 1.3}}, {"type": "Feature", "geometry": {"type": "Point", "coordinates": [73.822216, 18.481284]}, "properties": {"depth": 1.3}}, {"type": "Feature", "geometry": {"type": "Point", "coordinates": [73.822116, 18.481387]}, "properties": {"depth": 1.3}}, {"type": "Feature", "geometry": {"type": "Point", "coordinates": [73.823365, 18.483672]}, "properties": {"depth": 3.43}}, {"type": "Feature", "geometry": {"type": "Point", "coordinates": [73.823338, 18.483793]}, "properties": {"depth": 2.35}}, {"type": "Feature", "geometry": {"type": "Point", "coordinates": [73.823831, 18.483807]}, "properties": {"depth": 4.16}}, {"type": "Feature", "geometry": {"type": "Point", "coordinates": [73.822382, 18.480927]}, "properties": {"depth": 2.4}}, {"type": "Feature", "geometry": {"type": "Point", "coordinates": [73.822486, 18.481149]}, "properties": {"depth": 2.35}}, {"type": "Feature", "geometry": {"type": "Point", "coordinates": [73.82314, 18.48365]}, "properties": {"depth": 4.39}}, {"type": "Feature", "geometry": {"type": "Point", "coordinates": [73.823125, 18.48374]}, "properties": {"depth": 4.39}}, {"type": "Feature", "geometry": {"type": "Point", "coordinates": [73.823328, 18.484063]}, "properties": {"depth": 3.17}}, {"type": "Feature", "geometry": {"type": "Point", "coordinates": [73.823127, 18.484182]}, "properties": {"depth": 5.08}}, {"type": "Feature", "geometry": {"type": "Point", "coordinates": [73.823131, 18.484336]}, "properties": {"depth": 3.69}}, {"type": "Feature", "geometry": {"type": "Point", "coordinates": [73.823108, 18.48448]}, "properties": {"depth": 3.69}}, {"type": "Feature", "geometry": {"type": "Point", "coordinates": [73.823288, 18.484604]}, "properties": {"depth": 5.77}}, {"type": "Feature", "geometry": {"type": "Point", "coordinates": [73.822086, 18.481538]}, "properties": {"depth": 1.26}}, {"type": "Feature", "geometry": {"type": "Point", "coordinates": [73.821338, 18.481709]}, "properties": {"depth": 4.85}}, {"type": "Feature", "geometry": {"type": "Point", "coordinates": [73.821558, 18.481753]}, "properties": {"depth": 4.98}}, {"type": "Feature", "geometry": {"type": "Point", "coordinates": [73.822201, 18.48176]}, "properties": {"depth": 1.26}}, {"type": "Feature", "geometry": {"type": "Point", "coordinates": [73.821905, 18.481789]}, "properties": {"depth": 0.15}}, {"type": "Feature", "geometry": {"type": "Point", "coordinates": [73.822208, 18.481914]}, "properties": {"depth": 1.12}}, {"type": "Feature", "geometry": {"type": "Point", "coordinates": [73.822057, 18.483451]}, "properties": {"depth": 8.14}}, {"type": "Feature", "geometry": {"type": "Point", "coordinates": [73.821595, 18.483587]}, "properties": {"depth": 10.37}}, {"type": "Feature", "geometry": {"type": "Point", "coordinates": [73.823542, 18.483894]}, "properties": {"depth": 3.01}}, {"type": "Feature", "geometry": {"type": "Point", "coordinates": [73.823374, 18.483935]}, "properties": {"depth": 2.35}}, {"type": "Feature", "geometry": {"type": "Point", "coordinates": [73.823847, 18.483947]}, "properties": {"depth": 4.16}}, {"type": "Feature", "geometry": {"type": "Point", "coordinates": [73.823547, 18.484038]}, "properties": {"depth": 4.67}}, {"type": "Feature", "geometry": {"type": "Point", "coordinates": [73.82385, 18.48404]}, "properties": {"depth": 4.31}}, {"type": "Feature", "geometry": {"type": "Point", "coordinates": [73.823542, 18.484136]}, "properties": {"depth": 4.67}}, {"type": "Feature", "geometry": {"type": "Point", "coordinates": [73.823838, 18.484185]}, "properties": {"depth": 4.31}}, {"type": "Feature", "geometry": {"type": "Point", "coordinates": [73.824084, 18.484206]}, "properties": {"depth": 3.61}}, {"type": "Feature", "geometry": {"type": "Point", "coordinates": [73.823339, 18.484236]}, "properties": {"depth": 3.17}}, {"type": "Feature", "geometry": {"type": "Point", "coordinates": [73.823504, 18.484287]}, "properties": {"depth": 4.67}}, {"type": "Feature", "geometry": {"type": "Point", "coordinates": [73.821309, 18.483806]}, "properties": {"depth": 10.5}}, {"type": "Feature", "geometry": {"type": "Point", "coordinates": [73.821882, 18.484863]}, "properties": {"depth": 4.92}}, {"type": "Feature", "geometry": {"type": "Point", "coordinates": [73.821973, 18.484892]}, "properties": {"depth": 4.92}}, {"type": "Feature", "geometry": {"type": "Point", "coordinates": [73.822031, 18.48503]}, "properties": {"depth": 4.92}}, {"type": "Feature", "geometry": {"type": "Point", "coordinates": [73.821841, 18.485046]}, "properties": {"depth": 4.92}}, {"type": "Feature", "geometry": {"type": "Point", "coordinates": [73.822029, 18.480859]}, "properties": {"depth": 1.44}}, {"type": "Feature", "geometry": {"type": "Point", "coordinates": [73.822015, 18.480998]}, "properties": {"depth": 0.77}}, {"type": "Feature", "geometry": {"type": "Point", "coordinates": [73.821883, 18.481019]}, "properties": {"depth": 0.77}}, {"type": "Feature", "geometry": {"type": "Point", "coordinates": [73.820078, 18.481319]}, "properties": {"depth": 1.71}}, {"type": "Feature", "geometry": {"type": "Point", "coordinates": [73.820145, 18.481639]}, "properties": {"depth": 1.49}}, {"type": "Feature", "geometry": {"type": "Point", "coordinates": [73.820369, 18.481642]}, "properties": {"depth": 1.49}}, {"type": "Feature", "geometry": {"type": "Point", "coordinates": [73.820521, 18.481655]}, "properties": {"depth": 2.61}}, {"type": "Feature", "geometry": {"type": "Point", "coordinates": [73.820785, 18.48169]}, "properties": {"depth": 0.27}}, {"type": "Feature", "geometry": {"type": "Point", "coordinates": [73.821035, 18.481706]}, "properties": {"depth": 3.52}}, {"type": "Feature", "geometry": {"type": "Point", "coordinates": [73.821156, 18.485031]}, "properties": {"depth": 7.62}}, {"type": "Feature", "geometry": {"type": "Point", "coordinates": [73.818122, 18.483892]}, "properties": {"depth": 1.48}}, {"type": "Feature", "geometry": {"type": "Point", "coordinates": [73.818689, 18.484034]}, "properties": {"depth": 0.58}}, {"type": "Feature", "geometry": {"type": "Point", "coordinates": [73.818901, 18.484056]}, "properties": {"depth": 2.52}}, {"type": "Feature", "geometry": {"type": "Point", "coordinates": [73.81812, 18.4841]}, "properties": {"depth": 1.27}}, {"type": "Feature", "geometry": {"type": "Point", "coordinates": [73.818681, 18.484115]}, "properties": {"depth": 0.58}}, {"type": "Feature", "geometry": {"type": "Point", "coordinates": [73.819003, 18.484132]}, "properties": {"depth": 2.52}}, {"type": "Feature", "geometry": {"type": "Point", "coordinates": [73.818277, 18.484151]}, "properties": {"depth": 0.88}}, {"type": "Feature", "geometry": {"type": "Point", "coordinates": [73.818644, 18.484195]}, "properties": {"depth": 0.58}}, {"type": "Feature", "geometry": {"type": "Point", "coordinates": [73.81827, 18.484261]}, "properties": {"depth": 0.88}}, {"type": "Feature", "geometry": {"type": "Point", "coordinates": [73.818643, 18.484282]}, "properties": {"depth": 0.58}}, {"type": "Feature", "geometry": {"type": "Point", "coordinates": [73.819986, 18.483511]}, "properties": {"depth": 4.96}}, {"type": "Feature", "geometry": {"type": "Point", "coordinates": [73.819029, 18.483777]}, "properties": {"depth": 4.17}}, {"type": "Feature", "geometry": {"type": "Point", "coordinates": [73.819188, 18.483911]}, "properties": {"depth": 4.17}}, {"type": "Feature", "geometry": {"type": "Point", "coordinates": [73.819168, 18.48418]}, "properties": {"depth": 4.13}}, {"type": "Feature", "geometry": {"type": "Point", "coordinates": [73.819411, 18.48418]}, "properties": {"depth": 3.37}}, {"type": "Feature", "geometry": {"type": "Point", "coordinates": [73.819716, 18.484245]}, "properties": {"depth": 3.16}}, {"type": "Feature", "geometry": {"type": "Point", "coordinates": [73.819295, 18.48443]}, "properties": {"depth": 2.59}}, {"type": "Feature", "geometry": {"type": "Point", "coordinates": [73.819113, 18.484472]}, "properties": {"depth": 2.59}}, {"type": "Feature", "geometry": {"type": "Point", "coordinates": [73.819994, 18.484855]}, "properties": {"depth": 4.93}}, {"type": "Feature", "geometry": {"type": "Point", "coordinates": [73.818106, 18.484295]}, "properties": {"depth": 1.27}}, {"type": "Feature", "geometry": {"type": "Point", "coordinates": [73.818054, 18.484437]}, "properties": {"depth": 0.27}}, {"type": "Feature", "geometry": {"type": "Point", "coordinates": [73.818868, 18.484456]}, "properties": {"depth": 2.17}}, {"type": "Feature", "geometry": {"type": "Point", "coordinates": [73.818254, 18.484495]}, "properties": {"depth": 0.66}}, {"type": "Feature", "geometry": {"type": "Point", "coordinates": [73.818459, 18.48457]}, "properties": {"depth": 0.66}}, {"type": "Feature", "geometry": {"type": "Point", "coordinates": [73.817124, 18.482649]}, "properties": {"depth": 0.75}}, {"type": "Feature", "geometry": {"type": "Point", "coordinates": [73.817171, 18.482784]}, "properties": {"depth": 0.75}}, {"type": "Feature", "geometry": {"type": "Point", "coordinates": [73.817093, 18.482788]}, "properties": {"depth": 0.75}}, {"type": "Feature", "geometry": {"type": "Point", "coordinates": [73.817444, 18.483234]}, "properties": {"depth": 4.1}}, {"type": "Feature", "geometry": {"type": "Point", "coordinates": [73.817415, 18.48336]}, "properties": {"depth": 4.1}}, {"type": "Feature", "geometry": {"type": "Point", "coordinates": [73.817094, 18.48347]}, "properties": {"depth": 4.9}}, {"type": "Feature", "geometry": {"type": "Point", "coordinates": [73.817391, 18.483538]}, "properties": {"depth": 0.54}}, {"type": "Feature", "geometry": {"type": "Point", "coordinates": [73.81762, 18.483602]}, "properties": {"depth": 0.54}}, {"type": "Feature", "geometry": {"type": "Point", "coordinates": [73.817356, 18.483664]}, "properties": {"depth": 2.84}}, {"type": "Feature", "geometry": {"type": "Point", "coordinates": [73.817036, 18.483661]}, "properties": {"depth": 5.53}}, {"type": "Feature", "geometry": {"type": "Point", "coordinates": [73.817329, 18.483788]}, "properties": {"depth": 0.92}}, {"type": "Feature", "geometry": {"type": "Point", "coordinates": [73.817017, 18.483787]}, "properties": {"depth": 2.29}}, {"type": "Feature", "geometry": {"type": "Point", "coordinates": [73.817602, 18.483792]}, "properties": {"depth": 3.96}}, {"type": "Feature", "geometry": {"type": "Point", "coordinates": [73.817102, 18.483815]}, "properties": {"depth": 0.92}}, {"type": "Feature", "geometry": {"type": "Point", "coordinates": [73.817185, 18.48384]}, "properties": {"depth": 0.92}}, {"type": "Feature", "geometry": {"type": "Point", "coordinates": [73.817303, 18.483887]}, "properties": {"depth": 0.92}}, {"type": "Feature", "geometry": {"type": "Point", "coordinates": [73.816958, 18.483895]}, "properties": {"depth": 2.29}}, {"type": "Feature", "geometry": {"type": "Point", "coordinates": [73.817525, 18.483949]}, "properties": {"depth": 3.96}}, {"type": "Feature", "geometry": {"type": "Point", "coordinates": [73.817147, 18.483953]}, "properties": {"depth": 0.92}}, {"type": "Feature", "geometry": {"type": "Point", "coordinates": [73.81725, 18.483976]}, "properties": {"depth": 0.92}}, {"type": "Feature", "geometry": {"type": "Point", "coordinates": [73.817627, 18.484099]}, "properties": {"depth": 0.23}}, {"type": "Feature", "geometry": {"type": "Point", "coordinates": [73.817459, 18.484419]}, "properties": {"depth": 0.64}}, {"type": "Feature", "geometry": {"type": "Point", "coordinates": [73.817611, 18.484462]}, "properties": {"depth": 0.64}}, {"type": "Feature", "geometry": {"type": "Point", "coordinates": [73.813046, 18.4849]}, "properties": {"depth": 8.15}}, {"type": "Feature", "geometry": {"type": "Point", "coordinates": [73.813149, 18.484937]}, "properties": {"depth": 8.15}}, {"type": "Feature", "geometry": {"type": "Point", "coordinates": [73.813081, 18.485001]}, "properties": {"depth": 8.15}}, {"type": "Feature", "geometry": {"type": "Point", "coordinates": [73.812765, 18.484889]}, "properties": {"depth": 6.99}}, {"type": "Feature", "geometry": {"type": "Point", "coordinates": [73.812386, 18.484888]}, "properties": {"depth": 7.37}}, {"type": "Feature", "geometry": {"type": "Point", "coordinates": [73.812839, 18.484916]}, "properties": {"depth": 6.99}}, {"type": "Feature", "geometry": {"type": "Point", "coordinates": [73.812476, 18.484926]}, "properties": {"depth": 7.37}}, {"type": "Feature", "geometry": {"type": "Point", "coordinates": [73.81293, 18.484946]}, "properties": {"depth": 8.15}}, {"type": "Feature", "geometry": {"type": "Point", "coordinates": [73.812547, 18.484947]}, "properties": {"depth": 7.37}}, {"type": "Feature", "geometry": {"type": "Point", "coordinates": [73.812638, 18.484973]}, "properties": {"depth": 7.37}}, {"type": "Feature", "geometry": {"type": "Point", "coordinates": [73.812721, 18.485002]}, "properties": {"depth": 6.99}}, {"type": "Feature", "geometry": {"type": "Point", "coordinates": [73.812866, 18.48505]}, "properties": {"depth": 6.99}}, {"type": "Feature", "geometry": {"type": "Point", "coordinates": [73.813002, 18.4851]}, "properties": {"depth": 8.15}}, {"type": "Feature", "geometry": {"type": "Point", "coordinates": [73.813452, 18.485139]}, "properties": {"depth": 11.34}}, {"type": "Feature", "geometry": {"type": "Point", "coordinates": [73.813133, 18.485152]}, "properties": {"depth": 12.24}}, {"type": "Feature", "geometry": {"type": "Point", "coordinates": [73.81329, 18.485219]}, "properties": {"depth": 11.34}}, {"type": "Feature", "geometry": {"type": "Point", "coordinates": [73.813401, 18.485259]}, "properties": {"depth": 11.34}}, {"type": "Feature", "geometry": {"type": "Point", "coordinates": [73.813353, 18.485715]}, "properties": {"depth": 9.64}}, {"type": "Feature", "geometry": {"type": "Point", "coordinates": [73.813621, 18.485929]}, "properties": {"depth": 6.26}}, {"type": "Feature", "geometry": {"type": "Point", "coordinates": [73.813502, 18.485943]}, "properties": {"depth": 6.26}}, {"type": "Feature", "geometry": {"type": "Point", "coordinates": [73.824147, 18.484338]}, "properties": {"depth": 3.43}}, {"type": "Feature", "geometry": {"type": "Point", "coordinates": [73.823519, 18.484434]}, "properties": {"depth": 5.16}}, {"type": "Feature", "geometry": {"type": "Point", "coordinates": [73.823873, 18.484467]}, "properties": {"depth": 5.06}}, {"type": "Feature", "geometry": {"type": "Point", "coordinates": [73.823648, 18.484554]}, "properties": {"depth": 5.16}}, {"type": "Feature", "geometry": {"type": "Point", "coordinates": [73.82365, 18.484691]}, "properties": {"depth": 5.29}}, {"type": "Feature", "geometry": {"type": "Point", "coordinates": [73.823542, 18.484848]}, "properties": {"depth": 5.29}}, {"type": "Feature", "geometry": {"type": "Point", "coordinates": [73.824157, 18.484933]}, "properties": {"depth": 0.07}}, {"type": "Feature", "geometry": {"type": "Point", "coordinates": [73.822422, 18.484864]}, "properties": {"depth": 3.26}}, {"type": "Feature", "geometry": {"type": "Point", "coordinates": [73.822584, 18.484937]}, "properties": {"depth": 3.26}}, {"type": "Feature", "geometry": {"type": "Point", "coordinates": [73.822322, 18.48504]}, "properties": {"depth": 3.67}}, {"type": "Feature", "geometry": {"type": "Point", "coordinates": [73.822407, 18.48511]}, "properties": {"depth": 3.26}}, {"type": "Feature", "geometry": {"type": "Point", "coordinates": [73.82445, 18.484009]}, "properties": {"depth": 3.02}}, {"type": "Feature", "geometry": {"type": "Point", "coordinates": [73.825651, 18.483627]}, "properties": {"depth": 8.81}}, {"type": "Feature", "geometry": {"type": "Point", "coordinates": [73.826236, 18.483924]}, "properties": {"depth": 4.66}}, {"type": "Feature", "geometry": {"type": "Point", "coordinates": [73.826239, 18.48715]}, "properties": {"depth": 1.23}}, {"type": "Feature", "geometry": {"type": "Point", "coordinates": [73.826107, 18.487227]}, "properties": {"depth": 1.23}}, {"type": "Feature", "geometry": {"type": "Point", "coordinates": [73.824523, 18.484334]}, "properties": {"depth": 0.21}}, {"type": "Feature", "geometry": {"type": "Point", "coordinates": [73.825235, 18.485826]}, "properties": {"depth": 4.8}}, {"type": "Feature", "geometry": {"type": "Point", "coordinates": [73.824584, 18.486481]}, "properties": {"depth": 2.01}}, {"type": "Feature", "geometry": {"type": "Point", "coordinates": [73.810312, 18.485975]}, "properties": {"depth": 4.15}}, {"type": "Feature", "geometry": {"type": "Point", "coordinates": [73.809949, 18.486075]}, "properties": {"depth": 1.56}}, {"type": "Feature", "geometry": {"type": "Point", "coordinates": [73.81008, 18.486361]}, "properties": {"depth": 1.59}}, {"type": "Feature", "geometry": {"type": "Point", "coordinates": [73.811576, 18.485115]}, "properties": {"depth": 5.59}}, {"type": "Feature", "geometry": {"type": "Point", "coordinates": [73.811378, 18.486103]}, "properties": {"depth": 11.23}}, {"type": "Feature", "geometry": {"type": "Point", "coordinates": [73.811237, 18.486445]}, "properties": {"depth": 4.7}}, {"type": "Feature", "geometry": {"type": "Point", "coordinates": [73.811017, 18.487442]}, "properties": {"depth": 3.39}}, {"type": "Feature", "geometry": {"type": "Point", "coordinates": [73.810858, 18.488483]}, "properties": {"depth": 1.7}}, {"type": "Feature", "geometry": {"type": "Point", "coordinates": [73.810976, 18.488516]}, "properties": {"depth": 1.79}}, {"type": "Feature", "geometry": {"type": "Point", "coordinates": [73.811162, 18.48857]}, "properties": {"depth": 1.79}}, {"type": "Feature", "geometry": {"type": "Point", "coordinates": [73.811573, 18.488582]}, "properties": {"depth": 4.57}}, {"type": "Feature", "geometry": {"type": "Point", "coordinates": [73.811773, 18.48859]}, "properties": {"depth": 4.57}}, {"type": "Feature", "geometry": {"type": "Point", "coordinates": [73.811862, 18.488616]}, "properties": {"depth": 3.87}}, {"type": "Feature", "geometry": {"type": "Point", "coordinates": [73.813722, 18.485975]}, "properties": {"depth": 6.57}}, {"type": "Feature", "geometry": {"type": "Point", "coordinates": [73.813286, 18.485981]}, "properties": {"depth": 5.2}}, {"type": "Feature", "geometry": {"type": "Point", "coordinates": [73.813401, 18.486014]}, "properties": {"depth": 5.2}}, {"type": "Feature", "geometry": {"type": "Point", "coordinates": [73.813624, 18.486036]}, "properties": {"depth": 6.57}}, {"type": "Feature", "geometry": {"type": "Point", "coordinates": [73.813043, 18.486036]}, "properties": {"depth": 5.49}}, {"type": "Feature", "geometry": {"type": "Point", "coordinates": [73.813172, 18.486066]}, "properties": {"depth": 5.49}}, {"type": "Feature", "geometry": {"type": "Point", "coordinates": [73.813299, 18.486092]}, "properties": {"depth": 5.2}}, {"type": "Feature", "geometry": {"type": "Point", "coordinates": [73.813494, 18.486189]}, "properties": {"depth": 6.57}}, {"type": "Feature", "geometry": {"type": "Point", "coordinates": [73.813308, 18.486218]}, "properties": {"depth": 5.2}}, {"type": "Feature", "geometry": {"type": "Point", "coordinates": [73.813815, 18.486257]}, "properties": {"depth": 4.15}}, {"type": "Feature", "geometry": {"type": "Point", "coordinates": [73.813951, 18.486298]}, "properties": {"depth": 4.15}}, {"type": "Feature", "geometry": {"type": "Point", "coordinates": [73.814041, 18.486367]}, "properties": {"depth": 9.6}}, {"type": "Feature", "geometry": {"type": "Point", "coordinates": [73.814155, 18.486416]}, "properties": {"depth": 9.6}}, {"type": "Feature", "geometry": {"type": "Point", "coordinates": [73.813995, 18.486507]}, "properties": {"depth": 4.15}}, {"type": "Feature", "geometry": {"type": "Point", "coordinates": [73.814463, 18.486559]}, "properties": {"depth": 6.79}}, {"type": "Feature", "geometry": {"type": "Point", "coordinates": [73.814081, 18.486563]}, "properties": {"depth": 8.27}}, {"type": "Feature", "geometry": {"type": "Point", "coordinates": [73.814185, 18.486606]}, "properties": {"depth": 8.27}}, {"type": "Feature", "geometry": {"type": "Point", "coordinates": [73.813628, 18.486289]}, "properties": {"depth": 6.9}}, {"type": "Feature", "geometry": {"type": "Point", "coordinates": [73.813143, 18.486326]}, "properties": {"depth": 0.91}}, {"type": "Feature", "geometry": {"type": "Point", "coordinates": [73.813416, 18.48633]}, "properties": {"depth": 5.15}}, {"type": "Feature", "geometry": {"type": "Point", "coordinates": [73.813593, 18.486381]}, "properties": {"depth": 6.9}}, {"type": "Feature", "geometry": {"type": "Point", "coordinates": [73.813708, 18.486441]}, "properties": {"depth": 6.9}}, {"type": "Feature", "geometry": {"type": "Point", "coordinates": [73.813445, 18.486452]}, "properties": {"depth": 5.15}}, {"type": "Feature", "geometry": {"type": "Point", "coordinates": [73.813629, 18.486509]}, "properties": {"depth": 6.9}}, {"type": "Feature", "geometry": {"type": "Point", "coordinates": [73.813293, 18.486554]}, "properties": {"depth": 4.75}}, {"type": "Feature", "geometry": {"type": "Point", "coordinates": [73.813463, 18.486632]}, "properties": {"depth": 4.75}}, {"type": "Feature", "geometry": {"type": "Point", "coordinates": [73.813886, 18.486665]}, "properties": {"depth": 8.55}}, {"type": "Feature", "geometry": {"type": "Point", "coordinates": [73.814284, 18.486639]}, "properties": {"depth": 8.27}}, {"type": "Feature", "geometry": {"type": "Point", "coordinates": [73.814054, 18.486652]}, "properties": {"depth": 8.27}}, {"type": "Feature", "geometry": {"type": "Point", "coordinates": [73.814432, 18.486695]}, "properties": {"depth": 6.79}}, {"type": "Feature", "geometry": {"type": "Point", "coordinates": [73.814213, 18.486735]}, "properties": {"depth": 8.27}}, {"type": "Feature", "geometry": {"type": "Point", "coordinates": [73.81457, 18.486771]}, "properties": {"depth": 6.79}}, {"type": "Feature", "geometry": {"type": "Point", "coordinates": [73.814143, 18.486856]}, "properties": {"depth": 7.51}}, {"type": "Feature", "geometry": {"type": "Point", "coordinates": [73.814291, 18.486871]}, "properties": {"depth": 7.51}}, {"type": "Feature", "geometry": {"type": "Point", "coordinates": [73.812934, 18.485428]}, "properties": {"depth": 7.13}}, {"type": "Feature", "geometry": {"type": "Point", "coordinates": [73.812614, 18.485573]}, "properties": {"depth": 7.88}}, {"type": "Feature", "geometry": {"type": "Point", "coordinates": [73.81295, 18.485728]}, "properties": {"depth": 6.75}}, {"type": "Feature", "geometry": {"type": "Point", "coordinates": [73.812179, 18.485891]}, "properties": {"depth": 7.77}}, {"type": "Feature", "geometry": {"type": "Point", "coordinates": [73.812838, 18.48605]}, "properties": {"depth": 2.69}}, {"type": "Feature", "geometry": {"type": "Point", "coordinates": [73.812815, 18.48633]}, "properties": {"depth": 5.8}}, {"type": "Feature", "geometry": {"type": "Point", "coordinates": [73.812972, 18.486621]}, "properties": {"depth": 0.96}}, {"type": "Feature", "geometry": {"type": "Point", "coordinates": [73.812841, 18.486906]}, "properties": {"depth": 2.94}}, {"type": "Feature", "geometry": {"type": "Point", "coordinates": [73.812769, 18.488028]}, "properties": {"depth": 2.54}}, {"type": "Feature", "geometry": {"type": "Point", "coordinates": [73.812959, 18.488212]}, "properties": {"depth": 1.71}}, {"type": "Feature", "geometry": {"type": "Point", "coordinates": [73.813678, 18.486675]}, "properties": {"depth": 1.54}}, {"type": "Feature", "geometry": {"type": "Point", "coordinates": [73.813535, 18.486736]}, "properties": {"depth": 1.54}}, {"type": "Feature", "geometry": {"type": "Point", "coordinates": [73.813791, 18.486787]}, "properties": {"depth": 8.55}}, {"type": "Feature", "geometry": {"type": "Point", "coordinates": [73.81391, 18.486838]}, "properties": {"depth": 9.68}}, {"type": "Feature", "geometry": {"type": "Point", "coordinates": [73.813435, 18.48687]}, "properties": {"depth": 3.41}}, {"type": "Feature", "geometry": {"type": "Point", "coordinates": [73.813192, 18.486888]}, "properties": {"depth": 6.96}}, {"type": "Feature", "geometry": {"type": "Point", "coordinates": [73.813285, 18.48703]}, "properties": {"depth": 3.41}}, {"type": "Feature", "geometry": {"type": "Point", "coordinates": [73.813651, 18.487045]}, "properties": {"depth": 11.18}}, {"type": "Feature", "geometry": {"type": "Point", "coordinates": [73.81351, 18.487063]}, "properties": {"depth": 11.18}}, {"type": "Feature", "geometry": {"type": "Point", "coordinates": [73.813827, 18.487082]}, "properties": {"depth": 9.68}}, {"type": "Feature", "geometry": {"type": "Point", "coordinates": [73.814103, 18.486938]}, "properties": {"depth": 7.51}}, {"type": "Feature", "geometry": {"type": "Point", "coordinates": [73.814252, 18.486942]}, "properties": {"depth": 7.51}}, {"type": "Feature", "geometry": {"type": "Point", "coordinates": [73.814037, 18.487021]}, "properties": {"depth": 7.51}}, {"type": "Feature", "geometry": {"type": "Point", "coordinates": [73.8142, 18.487025]}, "properties": {"depth": 7.51}}, {"type": "Feature", "geometry": {"type": "Point", "coordinates": [73.814009, 18.487093]}, "properties": {"depth": 6.92}}, {"type": "Feature", "geometry": {"type": "Point", "coordinates": [73.81398, 18.487165]}, "properties": {"depth": 6.92}}, {"type": "Feature", "geometry": {"type": "Point", "coordinates": [73.814371, 18.487196]}, "properties": {"depth": 4.43}}, {"type": "Feature", "geometry": {"type": "Point", "coordinates": [73.814099, 18.487216]}, "properties": {"depth": 3.58}}, {"type": "Feature", "geometry": {"type": "Point", "coordinates": [73.813917, 18.487261]}, "properties": {"depth": 6.92}}, {"type": "Feature", "geometry": {"type": "Point", "coordinates": [73.814039, 18.487315]}, "properties": {"depth": 3.58}}, {"type": "Feature", "geometry": {"type": "Point", "coordinates": [73.813457, 18.487176]}, "properties": {"depth": 8.31}}, {"type": "Feature", "geometry": {"type": "Point", "coordinates": [73.813615, 18.48719]}, "properties": {"depth": 8.02}}, {"type": "Feature", "geometry": {"type": "Point", "coordinates": [73.813747, 18.487199]}, "properties": {"depth": 8.02}}, {"type": "Feature", "geometry": {"type": "Point", "coordinates": [73.81373, 18.48727]}, "properties": {"depth": 8.02}}, {"type": "Feature", "geometry": {"type": "Point", "coordinates": [73.813871, 18.487358]}, "properties": {"depth": 6.92}}, {"type": "Feature", "geometry": {"type": "Point", "coordinates": [73.813539, 18.487553]}, "properties": {"depth": 9.9}}, {"type": "Feature", "geometry": {"type": "Point", "coordinates": [73.813788, 18.487864]}, "properties": {"depth": 14.58}}, {"type": "Feature", "geometry": {"type": "Point", "coordinates": [73.81388, 18.488046]}, "properties": {"depth": 9.88}}, {"type": "Feature", "geometry": {"type": "Point", "coordinates": [73.813347, 18.488406]}, "properties": {"depth": 6.05}}, {"type": "Feature", "geometry": {"type": "Point", "coordinates": [73.813227, 18.488464]}, "properties": {"depth": 6.05}}, {"type": "Feature", "geometry": {"type": "Point", "coordinates": [73.81399, 18.48742]}, "properties": {"depth": 10.15}}, {"type": "Feature", "geometry": {"type": "Point", "coordinates": [73.814424, 18.487753]}, "properties": {"depth": 1.56}}, {"type": "Feature", "geometry": {"type": "Point", "coordinates": [73.814126, 18.488214]}, "properties": {"depth": 2.64}}, {"type": "Feature", "geometry": {"type": "Point", "coordinates": [73.814251, 18.488386]}, "properties": {"depth": 2.64}}, {"type": "Feature", "geometry": {"type": "Point", "coordinates": [73.814417, 18.488557]}, "properties": {"depth": 4.18}}, {"type": "Feature", "geometry": {"type": "Point", "coordinates": [73.814003, 18.489056]}, "properties": {"depth": 0.82}}, {"type": "Feature", "geometry": {"type": "Point", "coordinates": [73.810891, 18.488614]}, "properties": {"depth": 1.7}}, {"type": "Feature", "geometry": {"type": "Point", "coordinates": [73.810889, 18.4887]}, "properties": {"depth": 1.7}}, {"type": "Feature", "geometry": {"type": "Point", "coordinates": [73.811412, 18.488704]}, "properties": {"depth": 3.08}}, {"type": "Feature", "geometry": {"type": "Point", "coordinates": [73.811785, 18.488826]}, "properties": {"depth": 3.68}}, {"type": "Feature", "geometry": {"type": "Point", "coordinates": [73.811512, 18.488828]}, "properties": {"depth": 0.76}}, {"type": "Feature", "geometry": {"type": "Point", "coordinates": [73.811632, 18.48884]}, "properties": {"depth": 3.68}}, {"type": "Feature", "geometry": {"type": "Point", "coordinates": [73.811422, 18.488901]}, "properties": {"depth": 0.76}}, {"type": "Feature", "geometry": {"type": "Point", "coordinates": [73.811895, 18.489124]}, "properties": {"depth": 4.43}}, {"type": "Feature", "geometry": {"type": "Point", "coordinates": [73.812975, 18.488428]}, "properties": {"depth": 1.71}}, {"type": "Feature", "geometry": {"type": "Point", "coordinates": [73.812684, 18.488615]}, "properties": {"depth": 3.23}}, {"type": "Feature", "geometry": {"type": "Point", "coordinates": [73.812497, 18.488794]}, "properties": {"depth": 0.67}}, {"type": "Feature", "geometry": {"type": "Point", "coordinates": [73.812189, 18.488817]}, "properties": {"depth": 2.32}}, {"type": "Feature", "geometry": {"type": "Point", "coordinates": [73.812061, 18.488851]}, "properties": {"depth": 4.31}}, {"type": "Feature", "geometry": {"type": "Point", "coordinates": [73.812759, 18.488995]}, "properties": {"depth": 0.73}}, {"type": "Feature", "geometry": {"type": "Point", "coordinates": [73.812005, 18.489115]}, "properties": {"depth": 4.43}}, {"type": "Feature", "geometry": {"type": "Point", "coordinates": [73.812945, 18.48913]}, "properties": {"depth": 2.89}}, {"type": "Feature", "geometry": {"type": "Point", "coordinates": [73.812162, 18.489128]}, "properties": {"depth": 2.34}}, {"type": "Feature", "geometry": {"type": "Point", "coordinates": [73.812362, 18.489158]}, "properties": {"depth": 0.79}}, {"type": "Feature", "geometry": {"type": "Point", "coordinates": [73.813313, 18.488574]}, "properties": {"depth": 5.79}}, {"type": "Feature", "geometry": {"type": "Point", "coordinates": [73.813535, 18.488646]}, "properties": {"depth": 5.04}}, {"type": "Feature", "geometry": {"type": "Point", "coordinates": [73.813276, 18.488772]}, "properties": {"depth": 3.54}}, {"type": "Feature", "geometry": {"type": "Point", "coordinates": [73.813827, 18.488829]}, "properties": {"depth": 4.19}}, {"type": "Feature", "geometry": {"type": "Point", "coordinates": [73.813581, 18.488851]}, "properties": {"depth": 3.3}}, {"type": "Feature", "geometry": {"type": "Point", "coordinates": [73.813284, 18.488927]}, "properties": {"depth": 3.54}}, {"type": "Feature", "geometry": {"type": "Point", "coordinates": [73.813183, 18.488937]}, "properties": {"depth": 3.74}}, {"type": "Feature", "geometry": {"type": "Point", "coordinates": [73.813542, 18.489029]}, "properties": {"depth": 2.78}}, {"type": "Feature", "geometry": {"type": "Point", "coordinates": [73.813887, 18.489074]}, "properties": {"depth": 0.82}}, {"type": "Feature", "geometry": {"type": "Point", "coordinates": [73.813363, 18.489092]}, "properties": {"depth": 1.68}}, {"type": "Feature", "geometry": {"type": "Point", "coordinates": [73.812614, 18.489166]}, "properties": {"depth": 0.79}}, {"type": "Feature", "geometry": {"type": "Point", "coordinates": [73.812908, 18.489279]}, "properties": {"depth": 2.61}}, {"type": "Feature", "geometry": {"type": "Point", "coordinates": [73.812364, 18.48946]}, "properties": {"depth": 1.31}}, {"type": "Feature", "geometry": {"type": "Point", "coordinates": [73.812817, 18.489562]}, "properties": {"depth": 0.07}}, {"type": "Feature", "geometry": {"type": "Point", "coordinates": [73.81383, 18.489129]}, "properties": {"depth": 0.82}}, {"type": "Feature", "geometry": {"type": "Point", "coordinates": [73.813234, 18.489166]}, "properties": {"depth": 1.68}}, {"type": "Feature", "geometry": {"type": "Point", "coordinates": [73.813403, 18.489266]}, "properties": {"depth": 1.68}}, {"type": "Feature", "geometry": {"type": "Point", "coordinates": [73.813731, 18.489274]}, "properties": {"depth": 2.78}}, {"type": "Feature", "geometry": {"type": "Point", "coordinates": [73.829636, 18.492491]}, "properties": {"depth": 6.34}}, {"type": "Feature", "geometry": {"type": "Point", "coordinates": [73.829794, 18.493357]}, "properties": {"depth": 8.02}}, {"type": "Feature", "geometry": {"type": "Point", "coordinates": [73.829584, 18.494488]}, "properties": {"depth": 0.19}}, {"type": "Feature", "geometry": {"type": "Point", "coordinates": [73.829842, 18.494561]}, "properties": {"depth": 0.19}}, {"type": "Feature", "geometry": {"type": "Point", "coordinates": [73.829911, 18.494665]}, "properties": {"depth": 2.9}}, {"type": "Feature", "geometry": {"type": "Point", "coordinates": [73.830045, 18.495033]}, "properties": {"depth": 0.75}}, {"type": "Feature", "geometry": {"type": "Point", "coordinates": [73.829877, 18.495074]}, "properties": {"depth": 0.75}}, {"type": "Feature", "geometry": {"type": "Point", "coordinates": [73.835516, 18.491801]}, "properties": {"depth": 14.42}}, {"type": "Feature", "geometry": {"type": "Point", "coordinates": [73.836995, 18.492148]}, "properties": {"depth": 11.81}}, {"type": "Feature", "geometry": {"type": "Point", "coordinates": [73.836143, 18.492402]}, "properties": {"depth": 11.62}}, {"type": "Feature", "geometry": {"type": "Point", "coordinates": [73.832288, 18.49645]}, "properties": {"depth": 3.82}}, {"type": "Feature", "geometry": {"type": "Point", "coordinates": [73.832374, 18.49718]}, "properties": {"depth": 0.22}}, {"type": "Feature", "geometry": {"type": "Point", "coordinates": [73.833263, 18.497234]}, "properties": {"depth": 1.28}}, {"type": "Feature", "geometry": {"type": "Point", "coordinates": [73.832502, 18.497332]}, "properties": {"depth": 0.22}}, {"type": "Feature", "geometry": {"type": "Point", "coordinates": [73.833274, 18.497366]}, "properties": {"depth": 0.81}}, {"type": "Feature", "geometry": {"type": "Point", "coordinates": [73.830124, 18.495261]}, "properties": {"depth": 0.42}}, {"type": "Feature", "geometry": {"type": "Point", "coordinates": [73.829975, 18.495321]}, "properties": {"depth": 0.42}}, {"type": "Feature", "geometry": {"type": "Point", "coordinates": [73.830575, 18.495611]}, "properties": {"depth": 0.11}}, {"type": "Feature", "geometry": {"type": "Point", "coordinates": [73.830418, 18.495654]}, "properties": {"depth": 0.11}}, {"type": "Feature", "geometry": {"type": "Point", "coordinates": [73.829762, 18.495654]}, "properties": {"depth": 0.95}}, {"type": "Feature", "geometry": {"type": "Point", "coordinates": [73.830212, 18.495721]}, "properties": {"depth": 1.32}}, {"type": "Feature", "geometry": {"type": "Point", "coordinates": [73.829974, 18.495798]}, "properties": {"depth": 0.21}}, {"type": "Feature", "geometry": {"type": "Point", "coordinates": [73.83062, 18.495856]}, "properties": {"depth": 1.48}}, {"type": "Feature", "geometry": {"type": "Point", "coordinates": [73.830471, 18.495921]}, "properties": {"depth": 1.48}}, {"type": "Feature", "geometry": {"type": "Point", "coordinates": [73.830337, 18.495954]}, "properties": {"depth": 1.32}}, {"type": "Feature", "geometry": {"type": "Point", "coordinates": [73.830691, 18.496052]}, "properties": {"depth": 0.67}}, {"type": "Feature", "geometry": {"type": "Point", "coordinates": [73.830543, 18.496111]}, "properties": {"depth": 0.67}}, {"type": "Feature", "geometry": {"type": "Point", "coordinates": [73.837619, 18.490829]}, "properties": {"depth": 9.48}}, {"type": "Feature", "geometry": {"type": "Point", "coordinates": [73.83897, 18.491038]}, "properties": {"depth": 1.08}}, {"type": "Feature", "geometry": {"type": "Point", "coordinates": [73.837596, 18.492015]}, "properties": {"depth": 8.15}}, {"type": "Feature", "geometry": {"type": "Point", "coordinates": [73.837935, 18.492104]}, "properties": {"depth": 2.6}}, {"type": "Feature", "geometry": {"type": "Point", "coordinates": [73.849338, 18.501634]}, "properties": {"depth": 3.96}}, {"type": "Feature", "geometry": {"type": "Point", "coordinates": [73.849345, 18.503334]}, "properties": {"depth": 11.3}}, {"type": "Feature", "geometry": {"type": "Point", "coordinates": [73.837705, 18.503748]}, "properties": {"depth": 1.16}}, {"type": "Feature", "geometry": {"type": "Point", "coordinates": [73.83874, 18.503852]}, "properties": {"depth": 0.29}}, {"type": "Feature", "geometry": {"type": "Point", "coordinates": [73.837823, 18.504063]}, "properties": {"depth": 1.61}}, {"type": "Feature", "geometry": {"type": "Point", "coordinates": [73.838012, 18.504203]}, "properties": {"depth": 1.03}}, {"type": "Feature", "geometry": {"type": "Point", "coordinates": [73.83851, 18.504361]}, "properties": {"depth": 1.88}}, {"type": "Feature", "geometry": {"type": "Point", "coordinates": [73.837644, 18.504401]}, "properties": {"depth": 1.28}}, {"type": "Feature", "geometry": {"type": "Point", "coordinates": [73.838617, 18.504466]}, "properties": {"depth": 1.88}}, {"type": "Feature", "geometry": {"type": "Point", "coordinates": [73.837472, 18.504511]}, "properties": {"depth": 2.06}}, {"type": "Feature", "geometry": {"type": "Point", "coordinates": [73.837976, 18.504529]}, "properties": {"depth": 0.92}}, {"type": "Feature", "geometry": {"type": "Point", "coordinates": [73.83766, 18.504533]}, "properties": {"depth": 1.28}}, {"type": "Feature", "geometry": {"type": "Point", "coordinates": [73.837748, 18.504798]}, "properties": {"depth": 0.67}}, {"type": "Feature", "geometry": {"type": "Point", "coordinates": [73.837881, 18.504801]}, "properties": {"depth": 0.67}}, {"type": "Feature", "geometry": {"type": "Point", "coordinates": [73.837607, 18.504798]}, "properties": {"depth": 1.54}}, {"type": "Feature", "geometry": {"type": "Point", "coordinates": [73.837482, 18.504805]}, "properties": {"depth": 1.54}}, {"type": "Feature", "geometry": {"type": "Point", "coordinates": [73.838576, 18.504821]}, "properties": {"depth": 2.14}}, {"type": "Feature", "geometry": {"type": "Point", "coordinates": [73.83591, 18.497445]}, "properties": {"depth": 0.22}}, {"type": "Feature", "geometry": {"type": "Point", "coordinates": [73.835197, 18.501265]}, "properties": {"depth": 0.68}}, {"type": "Feature", "geometry": {"type": "Point", "coordinates": [73.833659, 18.502288]}, "properties": {"depth": 9.1}}, {"type": "Feature", "geometry": {"type": "Point", "coordinates": [73.835786, 18.50113]}, "properties": {"depth": 1.78}}, {"type": "Feature", "geometry": {"type": "Point", "coordinates": [73.836147, 18.501868]}, "properties": {"depth": 2.53}}, {"type": "Feature", "geometry": {"type": "Point", "coordinates": [73.835491, 18.502142]}, "properties": {"depth": 1.57}}, {"type": "Feature", "geometry": {"type": "Point", "coordinates": [73.835947, 18.503856]}, "properties": {"depth": 13.31}}, {"type": "Feature", "geometry": {"type": "Point", "coordinates": [73.835428, 18.50433]}, "properties": {"depth": 11.75}}, {"type": "Feature", "geometry": {"type": "Point", "coordinates": [73.835424, 18.506044]}, "properties": {"depth": 0.9}}, {"type": "Feature", "geometry": {"type": "Point", "coordinates": [73.83292, 18.502487]}, "properties": {"depth": 6.53}}, {"type": "Feature", "geometry": {"type": "Point", "coordinates": [73.833492, 18.503028]}, "properties": {"depth": 8.78}}, {"type": "Feature", "geometry": {"type": "Point", "coordinates": [73.832638, 18.503068]}, "properties": {"depth": 4.28}}, {"type": "Feature", "geometry": {"type": "Point", "coordinates": [73.832952, 18.503125]}, "properties": {"depth": 7.99}}, {"type": "Feature", "geometry": {"type": "Point", "coordinates": [73.833197, 18.503184]}, "properties": {"depth": 9.47}}, {"type": "Feature", "geometry": {"type": "Point", "coordinates": [73.832938, 18.503869]}, "properties": {"depth": 1.98}}, {"type": "Feature", "geometry": {"type": "Point", "coordinates": [73.83436, 18.502915]}, "properties": {"depth": 10.03}}, {"type": "Feature", "geometry": {"type": "Point", "coordinates": [73.834319, 18.503129]}, "properties": {"depth": 5.56}}, {"type": "Feature", "geometry": {"type": "Point", "coordinates": [73.834443, 18.503889]}, "properties": {"depth": 10.34}}, {"type": "Feature", "geometry": {"type": "Point", "coordinates": [73.834092, 18.503897]}, "properties": {"depth": 10.53}}, {"type": "Feature", "geometry": {"type": "Point", "coordinates": [73.834169, 18.504823]}, "properties": {"depth": 10.42}}, {"type": "Feature", "geometry": {"type": "Point", "coordinates": [73.834487, 18.504866]}, "properties": {"depth": 6.06}}, {"type": "Feature", "geometry": {"type": "Point", "coordinates": [73.834768, 18.505029]}, "properties": {"depth": 6.15}}, {"type": "Feature", "geometry": {"type": "Point", "coordinates": [73.83451, 18.505048]}, "properties": {"depth": 6.06}}, {"type": "Feature", "geometry": {"type": "Point", "coordinates": [73.834186, 18.505054]}, "properties": {"depth": 5.91}}, {"type": "Feature", "geometry": {"type": "Point", "coordinates": [73.838586, 18.504989]}, "properties": {"depth": 3.2}}, {"type": "Feature", "geometry": {"type": "Point", "coordinates": [73.837856, 18.504985]}, "properties": {"depth": 0.3}}, {"type": "Feature", "geometry": {"type": "Point", "coordinates": [73.837735, 18.504988]}, "properties": {"depth": 0.3}}, {"type": "Feature", "geometry": {"type": "Point", "coordinates": [73.837976, 18.505175]}, "properties": {"depth": 1.16}}, {"type": "Feature", "geometry": {"type": "Point", "coordinates": [73.838555, 18.505188]}, "properties": {"depth": 3.71}}, {"type": "Feature", "geometry": {"type": "Point", "coordinates": [73.83829, 18.505188]}, "properties": {"depth": 0.38}}, {"type": "Feature", "geometry": {"type": "Point", "coordinates": [73.83843, 18.505196]}, "properties": {"depth": 0.38}}, {"type": "Feature", "geometry": {"type": "Point", "coordinates": [73.837744, 18.505194]}, "properties": {"depth": 1.53}}, {"type": "Feature", "geometry": {"type": "Point", "coordinates": [73.837604, 18.505203]}, "properties": {"depth": 0.08}}, {"type": "Feature", "geometry": {"type": "Point", "coordinates": [73.837859, 18.505207]}, "properties": {"depth": 1.53}}, {"type": "Feature", "geometry": {"type": "Point", "coordinates": [73.837476, 18.505207]}, "properties": {"depth": 0.08}}, {"type": "Feature", "geometry": {"type": "Point", "coordinates": [73.838422, 18.505366]}, "properties": {"depth": 0.38}}, {"type": "Feature", "geometry": {"type": "Point", "coordinates": [73.838291, 18.505365]}, "properties": {"depth": 0.38}}, {"type": "Feature", "geometry": {"type": "Point", "coordinates": [73.838568, 18.50537]}, "properties": {"depth": 3.71}}, {"type": "Feature", "geometry": {"type": "Point", "coordinates": [73.837867, 18.50538]}, "properties": {"depth": 1.53}}, {"type": "Feature", "geometry": {"type": "Point", "coordinates": [73.837727, 18.505383]}, "properties": {"depth": 1.53}}, {"type": "Feature", "geometry": {"type": "Point", "coordinates": [73.838013, 18.505386]}, "properties": {"depth": 1.16}}, {"type": "Feature", "geometry": {"type": "Point", "coordinates": [73.83761, 18.505391]}, "properties": {"depth": 0.08}}, {"type": "Feature", "geometry": {"type": "Point", "coordinates": [73.837496, 18.505396]}, "properties": {"depth": 0.08}}, {"type": "Feature", "geometry": {"type": "Point", "coordinates": [73.838697, 18.505553]}, "properties": {"depth": 1.58}}, {"type": "Feature", "geometry": {"type": "Point", "coordinates": [73.838007, 18.505566]}, "properties": {"depth": 0.8}}, {"type": "Feature", "geometry": {"type": "Point", "coordinates": [73.83846, 18.505587]}, "properties": {"depth": 0.5}}, {"type": "Feature", "geometry": {"type": "Point", "coordinates": [73.838329, 18.505588]}, "properties": {"depth": 0.5}}, {"type": "Feature", "geometry": {"type": "Point", "coordinates": [73.837772, 18.505599]}, "properties": {"depth": 1.35}}, {"type": "Feature", "geometry": {"type": "Point", "coordinates": [73.837582, 18.505611]}, "properties": {"depth": 0.44}}, {"type": "Feature", "geometry": {"type": "Point", "coordinates": [73.838687, 18.505765]}, "properties": {"depth": 1.65}}, {"type": "Feature", "geometry": {"type": "Point", "coordinates": [73.838321, 18.505766]}, "properties": {"depth": 0.18}}, {"type": "Feature", "geometry": {"type": "Point", "coordinates": [73.83801, 18.505768]}, "properties": {"depth": 0.17}}, {"type": "Feature", "geometry": {"type": "Point", "coordinates": [73.837751, 18.505772]}, "properties": {"depth": 0.3}}, {"type": "Feature", "geometry": {"type": "Point", "coordinates": [73.83763, 18.505778]}, "properties": {"depth": 1.66}}, {"type": "Feature", "geometry": {"type": "Point", "coordinates": [73.837884, 18.505791]}, "properties": {"depth": 0.3}}, {"type": "Feature", "geometry": {"type": "Point", "coordinates": [73.838546, 18.505955]}, "properties": {"depth": 1.65}}, {"type": "Feature", "geometry": {"type": "Point", "coordinates": [73.838408, 18.505959]}, "properties": {"depth": 0.18}}, {"type": "Feature", "geometry": {"type": "Point", "coordinates": [73.838007, 18.505961]}, "properties": {"depth": 0.17}}, {"type": "Feature", "geometry": {"type": "Point", "coordinates": [73.837882, 18.505962]}, "properties": {"depth": 0.3}}, {"type": "Feature", "geometry": {"type": "Point", "coordinates": [73.838277, 18.505966]}, "properties": {"depth": 0.18}}, {"type": "Feature", "geometry": {"type": "Point", "coordinates": [73.837646, 18.505965]}, "properties": {"depth": 0.3}}, {"type": "Feature", "geometry": {"type": "Point", "coordinates": [73.837769, 18.505966]}, "properties": {"depth": 0.3}}, {"type": "Feature", "geometry": {"type": "Point", "coordinates": [73.838491, 18.506149]}, "properties": {"depth": 1.22}}, {"type": "Feature", "geometry": {"type": "Point", "coordinates": [73.838657, 18.506166]}, "properties": {"depth": 1.22}}, {"type": "Feature", "geometry": {"type": "Point", "coordinates": [73.838799, 18.506344]}, "properties": {"depth": 0.45}}, {"type": "Feature", "geometry": {"type": "Point", "coordinates": [73.838809, 18.506523]}, "properties": {"depth": 0.45}}, {"type": "Feature", "geometry": {"type": "Point", "coordinates": [73.838768, 18.506754]}, "properties": {"depth": 0.26}}, {"type": "Feature", "geometry": {"type": "Point", "coordinates": [73.838421, 18.50713]}, "properties": {"depth": 0.82}}, {"type": "Feature", "geometry": {"type": "Point", "coordinates": [73.840068, 18.512107]}, "properties": {"depth": 0.39}}, {"type": "Feature", "geometry": {"type": "Point", "coordinates": [73.840175, 18.512706]}, "properties": {"depth": 0.55}}, {"type": "Feature", "geometry": {"type": "Point", "coordinates": [73.839626, 18.51299]}, "properties": {"depth": 2.72}}, {"type": "Feature", "geometry": {"type": "Point", "coordinates": [73.784778, 18.53748]}, "properties": {"depth": 9.89}}, {"type": "Feature", "geometry": {"type": "Point", "coordinates": [73.784624, 18.537484]}, "properties": {"depth": 9.89}}, {"type": "Feature", "geometry": {"type": "Point", "coordinates": [73.784725, 18.537486]}, "properties": {"depth": 9.89}}, {"type": "Feature", "geometry": {"type": "Point", "coordinates": [73.779196, 18.526095]}, "properties": {"depth": 6.54}}, {"type": "Feature", "geometry": {"type": "Point", "coordinates": [73.779391, 18.526133]}, "properties": {"depth": 6.11}}, {"type": "Feature", "geometry": {"type": "Point", "coordinates": [73.780099, 18.526191]}, "properties": {"depth": 5.59}}, {"type": "Feature", "geometry": {"type": "Point", "coordinates": [73.77994, 18.526286]}, "properties": {"depth": 7.53}}, {"type": "Feature", "geometry": {"type": "Point", "coordinates": [73.777922, 18.525994]}, "properties": {"depth": 6.97}}, {"type": "Feature", "geometry": {"type": "Point", "coordinates": [73.778955, 18.526089]}, "properties": {"depth": 6.58}}, {"type": "Feature", "geometry": {"type": "Point", "coordinates": [73.77808, 18.526107]}, "properties": {"depth": 6.97}}, {"type": "Feature", "geometry": {"type": "Point", "coordinates": [73.777971, 18.526144]}, "properties": {"depth": 6.97}}, {"type": "Feature", "geometry": {"type": "Point", "coordinates": [73.778761, 18.52616]}, "properties": {"depth": 6.58}}, {"type": "Feature", "geometry": {"type": "Point", "coordinates": [73.777434, 18.526087]}, "properties": {"depth": 7.48}}, {"type": "Feature", "geometry": {"type": "Point", "coordinates": [73.777422, 18.526392]}, "properties": {"depth": 7.52}}, {"type": "Feature", "geometry": {"type": "Point", "coordinates": [73.780844, 18.52709]}, "properties": {"depth": 2.46}}, {"type": "Feature", "geometry": {"type": "Point", "coordinates": [73.780139, 18.527476]}, "properties": {"depth": 4.04}}, {"type": "Feature", "geometry": {"type": "Point", "coordinates": [73.77897, 18.526234]}, "properties": {"depth": 6.58}}, {"type": "Feature", "geometry": {"type": "Point", "coordinates": [73.778607, 18.526242]}, "properties": {"depth": 7.12}}, {"type": "Feature", "geometry": {"type": "Point", "coordinates": [73.778469, 18.526267]}, "properties": {"depth": 7.83}}, {"type": "Feature", "geometry": {"type": "Point", "coordinates": [73.77883, 18.526309]}, "properties": {"depth": 7.99}}, {"type": "Feature", "geometry": {"type": "Point", "coordinates": [73.778267, 18.526312]}, "properties": {"depth": 7.83}}, {"type": "Feature", "geometry": {"type": "Point", "coordinates": [73.778664, 18.526365]}, "properties": {"depth": 7.3}}, {"type": "Feature", "geometry": {"type": "Point", "coordinates": [73.778305, 18.526368]}, "properties": {"depth": 7.83}}, {"type": "Feature", "geometry": {"type": "Point", "coordinates": [73.778525, 18.526404]}, "properties": {"depth": 7.3}}, {"type": "Feature", "geometry": {"type": "Point", "coordinates": [73.778237, 18.526446]}, "properties": {"depth": 7.83}}, {"type": "Feature", "geometry": {"type": "Point", "coordinates": [73.77835, 18.526463]}, "properties": {"depth": 7.83}}, {"type": "Feature", "geometry": {"type": "Point", "coordinates": [73.77872, 18.526481]}, "properties": {"depth": 7.3}}, {"type": "Feature", "geometry": {"type": "Point", "coordinates": [73.778092, 18.526499]}, "properties": {"depth": 8.54}}, {"type": "Feature", "geometry": {"type": "Point", "coordinates": [73.778935, 18.526512]}, "properties": {"depth": 7.99}}, {"type": "Feature", "geometry": {"type": "Point", "coordinates": [73.778609, 18.52657]}, "properties": {"depth": 7.74}}, {"type": "Feature", "geometry": {"type": "Point", "coordinates": [73.778772, 18.526596]}, "properties": {"depth": 10.2}}, {"type": "Feature", "geometry": {"type": "Point", "coordinates": [73.778451, 18.526675]}, "properties": {"depth": 7.55}}, {"type": "Feature", "geometry": {"type": "Point", "coordinates": [73.778809, 18.526685]}, "properties": {"depth": 10.2}}, {"type": "Feature", "geometry": {"type": "Point", "coordinates": [73.778689, 18.526702]}, "properties": {"depth": 7.74}}, {"type": "Feature", "geometry": {"type": "Point", "coordinates": [73.778273, 18.526704]}, "properties": {"depth": 7.55}}, {"type": "Feature", "geometry": {"type": "Point", "coordinates": [73.778565, 18.526823]}, "properties": {"depth": 12.0}}, {"type": "Feature", "geometry": {"type": "Point", "coordinates": [73.779771, 18.526396]}, "properties": {"depth": 6.93}}, {"type": "Feature", "geometry": {"type": "Point", "coordinates": [73.779631, 18.526496]}, "properties": {"depth": 6.93}}, {"type": "Feature", "geometry": {"type": "Point", "coordinates": [73.77966, 18.526717]}, "properties": {"depth": 7.41}}, {"type": "Feature", "geometry": {"type": "Point", "coordinates": [73.778938, 18.531826]}, "properties": {"depth": 6.33}}, {"type": "Feature", "geometry": {"type": "Point", "coordinates": [73.779127, 18.53203]}, "properties": {"depth": 6.64}}, {"type": "Feature", "geometry": {"type": "Point", "coordinates": [73.779388, 18.532143]}, "properties": {"depth": 4.94}}, {"type": "Feature", "geometry": {"type": "Point", "coordinates": [73.776947, 18.527093]}, "properties": {"depth": 6.03}}, {"type": "Feature", "geometry": {"type": "Point", "coordinates": [73.776994, 18.527169]}, "properties": {"depth": 6.03}}, {"type": "Feature", "geometry": {"type": "Point", "coordinates": [73.777562, 18.528586]}, "properties": {"depth": 8.5}}, {"type": "Feature", "geometry": {"type": "Point", "coordinates": [73.777836, 18.527787]}, "properties": {"depth": 9.14}}, {"type": "Feature", "geometry": {"type": "Point", "coordinates": [73.780562, 18.544849]}, "properties": {"depth": 13.04}}, {"type": "Feature", "geometry": {"type": "Point", "coordinates": [73.780834, 18.545174]}, "properties": {"depth": 5.11}}, {"type": "Feature", "geometry": {"type": "Point", "coordinates": [73.780149, 18.545254]}, "properties": {"depth": 4.79}}, {"type": "Feature", "geometry": {"type": "Point", "coordinates": [73.780651, 18.545617]}, "properties": {"depth": 2.73}}, {"type": "Feature", "geometry": {"type": "Point", "coordinates": [73.780221, 18.545762]}, "properties": {"depth": 3.05}}, {"type": "Feature", "geometry": {"type": "Point", "coordinates": [73.77978, 18.545152]}, "properties": {"depth": 2.97}}, {"type": "Feature", "geometry": {"type": "Point", "coordinates": [73.779921, 18.54545]}, "properties": {"depth": 3.64}}, {"type": "Feature", "geometry": {"type": "Point", "coordinates": [73.779889, 18.545871]}, "properties": {"depth": 0.48}}, {"type": "Feature", "geometry": {"type": "Point", "coordinates": [73.787813, 18.536558]}, "properties": {"depth": 17.99}}, {"type": "Feature", "geometry": {"type": "Point", "coordinates": [73.790824, 18.531644]}, "properties": {"depth": 2.18}}, {"type": "Feature", "geometry": {"type": "Point", "coordinates": [73.791004, 18.532671]}, "properties": {"depth": 4.61}}, {"type": "Feature", "geometry": {"type": "Point", "coordinates": [73.791726, 18.534546]}, "properties": {"depth": 11.91}}, {"type": "Feature", "geometry": {"type": "Point", "coordinates": [73.791383, 18.534644]}, "properties": {"depth": 10.27}}, {"type": "Feature", "geometry": {"type": "Point", "coordinates": [73.791771, 18.534771]}, "properties": {"depth": 10.98}}, {"type": "Feature", "geometry": {"type": "Point", "coordinates": [73.791505, 18.534781]}, "properties": {"depth": 10.27}}, {"type": "Feature", "geometry": {"type": "Point", "coordinates": [73.791269, 18.535209]}, "properties": {"depth": 12.13}}, {"type": "Feature", "geometry": {"type": "Point", "coordinates": [73.788006, 18.536584]}, "properties": {"depth": 16.9}}, {"type": "Feature", "geometry": {"type": "Point", "coordinates": [73.78824, 18.536989]}, "properties": {"depth": 17.07}}, {"type": "Feature", "geometry": {"type": "Point", "coordinates": [73.781326, 18.5272]}, "properties": {"depth": 0.92}}, {"type": "Feature", "geometry": {"type": "Point", "coordinates": [73.781654, 18.527207]}, "properties": {"depth": 2.86}}, {"type": "Feature", "geometry": {"type": "Point", "coordinates": [73.781416, 18.527495]}, "properties": {"depth": 2.46}}, {"type": "Feature", "geometry": {"type": "Point", "coordinates": [73.781199, 18.527864]}, "properties": {"depth": 6.29}}, {"type": "Feature", "geometry": {"type": "Point", "coordinates": [73.781434, 18.527873]}, "properties": {"depth": 3.11}}, {"type": "Feature", "geometry": {"type": "Point", "coordinates": [73.781951, 18.527918]}, "properties": {"depth": 5.28}}, {"type": "Feature", "geometry": {"type": "Point", "coordinates": [73.781367, 18.528037]}, "properties": {"depth": 3.33}}, {"type": "Feature", "geometry": {"type": "Point", "coordinates": [73.781985, 18.528189]}, "properties": {"depth": 5.28}}, {"type": "Feature", "geometry": {"type": "Point", "coordinates": [73.782475, 18.528485]}, "properties": {"depth": 4.44}}, {"type": "Feature", "geometry": {"type": "Point", "coordinates": [73.782472, 18.535403]}, "properties": {"depth": 5.08}}, {"type": "Feature", "geometry": {"type": "Point", "coordinates": [73.782828, 18.536861]}, "properties": {"depth": 0.64}}, {"type": "Feature", "geometry": {"type": "Point", "coordinates": [73.782622, 18.536969]}, "properties": {"depth": 2.95}}, {"type": "Feature", "geometry": {"type": "Point", "coordinates": [73.782886, 18.537024]}, "properties": {"depth": 0.64}}, {"type": "Feature", "geometry": {"type": "Point", "coordinates": [73.78199, 18.537096]}, "properties": {"depth": 0.32}}, {"type": "Feature", "geometry": {"type": "Point", "coordinates": [73.78264, 18.537141]}, "properties": {"depth": 5.64}}, {"type": "Feature", "geometry": {"type": "Point", "coordinates": [73.781314, 18.528239]}, "properties": {"depth": 3.25}}, {"type": "Feature", "geometry": {"type": "Point", "coordinates": [73.781402, 18.528368]}, "properties": {"depth": 3.25}}, {"type": "Feature", "geometry": {"type": "Point", "coordinates": [73.781191, 18.534778]}, "properties": {"depth": 1.32}}, {"type": "Feature", "geometry": {"type": "Point", "coordinates": [73.781307, 18.534825]}, "properties": {"depth": 1.98}}, {"type": "Feature", "geometry": {"type": "Point", "coordinates": [73.781468, 18.535229]}, "properties": {"depth": 3.37}}, {"type": "Feature", "geometry": {"type": "Point", "coordinates": [73.780237, 18.52772]}, "properties": {"depth": 6.54}}, {"type": "Feature", "geometry": {"type": "Point", "coordinates": [73.780495, 18.52785]}, "properties": {"depth": 5.43}}, {"type": "Feature", "geometry": {"type": "Point", "coordinates": [73.780807, 18.527894]}, "properties": {"depth": 3.38}}, {"type": "Feature", "geometry": {"type": "Point", "coordinates": [73.780376, 18.528281]}, "properties": {"depth": 6.44}}, {"type": "Feature", "geometry": {"type": "Point", "coordinates": [73.780815, 18.528379]}, "properties": {"depth": 6.38}}, {"type": "Feature", "geometry": {"type": "Point", "coordinates": [73.780341, 18.532524]}, "properties": {"depth": 8.87}}, {"type": "Feature", "geometry": {"type": "Point", "coordinates": [73.782373, 18.537169]}, "properties": {"depth": 2.16}}, {"type": "Feature", "geometry": {"type": "Point", "coordinates": [73.782883, 18.537286]}, "properties": {"depth": 5.64}}, {"type": "Feature", "geometry": {"type": "Point", "coordinates": [73.782012, 18.537285]}, "properties": {"depth": 0.32}}, {"type": "Feature", "geometry": {"type": "Point", "coordinates": [73.782389, 18.537333]}, "properties": {"depth": 2.16}}, {"type": "Feature", "geometry": {"type": "Point", "coordinates": [73.782629, 18.537579]}, "properties": {"depth": 1.68}}, {"type": "Feature", "geometry": {"type": "Point", "coordinates": [73.782666, 18.53778]}, "properties": {"depth": 1.6}}, {"type": "Feature", "geometry": {"type": "Point", "coordinates": [73.782897, 18.537539]}, "properties": {"depth": 5.16}}, {"type": "Feature", "geometry": {"type": "Point", "coordinates": [73.783408, 18.537561]}, "properties": {"depth": 6.87}}, {"type": "Feature", "geometry": {"type": "Point", "coordinates": [73.783529, 18.537584]}, "properties": {"depth": 8.92}}, {"type": "Feature", "geometry": {"type": "Point", "coordinates": [73.783289, 18.537679]}, "properties": {"depth": 4.12}}, {"type": "Feature", "geometry": {"type": "Point", "coordinates": [73.783099, 18.537696]}, "properties": {"depth": 1.94}}, {"type": "Feature", "geometry": {"type": "Point", "coordinates": [73.783932, 18.537705]}, "properties": {"depth": 9.49}}, {"type": "Feature", "geometry": {"type": "Point", "coordinates": [73.783835, 18.537705]}, "properties": {"depth": 9.49}}, {"type": "Feature", "geometry": {"type": "Point", "coordinates": [73.782916, 18.537711]}, "properties": {"depth": 1.6}}, {"type": "Feature", "geometry": {"type": "Point", "coordinates": [73.783759, 18.537721]}, "properties": {"depth": 9.49}}, {"type": "Feature", "geometry": {"type": "Point", "coordinates": [73.783664, 18.537783]}, "properties": {"depth": 7.67}}, {"type": "Feature", "geometry": {"type": "Point", "coordinates": [73.783529, 18.537792]}, "properties": {"depth": 7.67}}, {"type": "Feature", "geometry": {"type": "Point", "coordinates": [73.783929, 18.537877]}, "properties": {"depth": 9.49}}, {"type": "Feature", "geometry": {"type": "Point", "coordinates": [73.783858, 18.537882]}, "properties": {"depth": 9.49}}, {"type": "Feature", "geometry": {"type": "Point", "coordinates": [73.783794, 18.537893]}, "properties": {"depth": 9.49}}, {"type": "Feature", "geometry": {"type": "Point", "coordinates": [73.78371, 18.537904]}, "properties": {"depth": 7.67}}, {"type": "Feature", "geometry": {"type": "Point", "coordinates": [73.783614, 18.537906]}, "properties": {"depth": 7.67}}, {"type": "Feature", "geometry": {"type": "Point", "coordinates": [73.783295, 18.537916]}, "properties": {"depth": 4.12}}, {"type": "Feature", "geometry": {"type": "Point", "coordinates": [73.783504, 18.537919]}, "properties": {"depth": 6.78}}, {"type": "Feature", "geometry": {"type": "Point", "coordinates": [73.783124, 18.537937]}, "properties": {"depth": 2.39}}, {"type": "Feature", "geometry": {"type": "Point", "coordinates": [73.783408, 18.537938]}, "properties": {"depth": 3.63}}, {"type": "Feature", "geometry": {"type": "Point", "coordinates": [73.78272, 18.538061]}, "properties": {"depth": 3.29}}, {"type": "Feature", "geometry": {"type": "Point", "coordinates": [73.782965, 18.537967]}, "properties": {"depth": 2.39}}, {"type": "Feature", "geometry": {"type": "Point", "coordinates": [73.783916, 18.538095]}, "properties": {"depth": 6.57}}, {"type": "Feature", "geometry": {"type": "Point", "coordinates": [73.783421, 18.538134]}, "properties": {"depth": 3.63}}, {"type": "Feature", "geometry": {"type": "Point", "coordinates": [73.783224, 18.538134]}, "properties": {"depth": 3.63}}, {"type": "Feature", "geometry": {"type": "Point", "coordinates": [73.783517, 18.538136]}, "properties": {"depth": 6.78}}, {"type": "Feature", "geometry": {"type": "Point", "coordinates": [73.783322, 18.538148]}, "properties": {"depth": 3.63}}, {"type": "Feature", "geometry": {"type": "Point", "coordinates": [73.782941, 18.538181]}, "properties": {"depth": 2.39}}, {"type": "Feature", "geometry": {"type": "Point", "coordinates": [73.783071, 18.538187]}, "properties": {"depth": 2.39}}, {"type": "Feature", "geometry": {"type": "Point", "coordinates": [73.787581, 18.536563]}, "properties": {"depth": 16.32}}, {"type": "Feature", "geometry": {"type": "Point", "coordinates": [73.787154, 18.538013]}, "properties": {"depth": 11.39}}, {"type": "Feature", "geometry": {"type": "Point", "coordinates": [73.786447, 18.538079]}, "properties": {"depth": 12.26}}, {"type": "Feature", "geometry": {"type": "Point", "coordinates": [73.787198, 18.538147]}, "properties": {"depth": 11.39}}, {"type": "Feature", "geometry": {"type": "Point", "coordinates": [73.785171, 18.53759]}, "properties": {"depth": 9.95}}, {"type": "Feature", "geometry": {"type": "Point", "coordinates": [73.785825, 18.537857]}, "properties": {"depth": 13.5}}, {"type": "Feature", "geometry": {"type": "Point", "coordinates": [73.785663, 18.537876]}, "properties": {"depth": 11.5}}, {"type": "Feature", "geometry": {"type": "Point", "coordinates": [73.785545, 18.537891]}, "properties": {"depth": 11.5}}, {"type": "Feature", "geometry": {"type": "Point", "coordinates": [73.783143, 18.536747]}, "properties": {"depth": 5.84}}, {"type": "Feature", "geometry": {"type": "Point", "coordinates": [73.783141, 18.536926]}, "properties": {"depth": 2.73}}, {"type": "Feature", "geometry": {"type": "Point", "coordinates": [73.783716, 18.537099]}, "properties": {"depth": 9.64}}, {"type": "Feature", "geometry": {"type": "Point", "coordinates": [73.783534, 18.537114]}, "properties": {"depth": 9.64}}, {"type": "Feature", "geometry": {"type": "Point", "coordinates": [73.783181, 18.537166]}, "properties": {"depth": 5.06}}, {"type": "Feature", "geometry": {"type": "Point", "coordinates": [73.783314, 18.537452]}, "properties": {"depth": 6.87}}, {"type": "Feature", "geometry": {"type": "Point", "coordinates": [73.78364, 18.537483]}, "properties": {"depth": 8.92}}, {"type": "Feature", "geometry": {"type": "Point", "coordinates": [73.783713, 18.53749]}, "properties": {"depth": 8.92}}, {"type": "Feature", "geometry": {"type": "Point", "coordinates": [73.783523, 18.537498]}, "properties": {"depth": 8.92}}, {"type": "Feature", "geometry": {"type": "Point", "coordinates": [73.783865, 18.537521]}, "properties": {"depth": 8.42}}, {"type": "Feature", "geometry": {"type": "Point", "coordinates": [73.784671, 18.537487]}, "properties": {"depth": 9.89}}, {"type": "Feature", "geometry": {"type": "Point", "coordinates": [73.7844, 18.537493]}, "properties": {"depth": 10.29}}, {"type": "Feature", "geometry": {"type": "Point", "coordinates": [73.784341, 18.53751]}, "properties": {"depth": 10.29}}, {"type": "Feature", "geometry": {"type": "Point", "coordinates": [73.784542, 18.537512]}, "properties": {"depth": 10.29}}, {"type": "Feature", "geometry": {"type": "Point", "coordinates": [73.784466, 18.537517]}, "properties": {"depth": 10.29}}, {"type": "Feature", "geometry": {"type": "Point", "coordinates": [73.784264, 18.537519]}, "properties": {"depth": 9.62}}, {"type": "Feature", "geometry": {"type": "Point", "coordinates": [73.784152, 18.537521]}, "properties": {"depth": 9.62}}, {"type": "Feature", "geometry": {"type": "Point", "coordinates": [73.784934, 18.537601]}, "properties": {"depth": 9.84}}, {"type": "Feature", "geometry": {"type": "Point", "coordinates": [73.785015, 18.537603]}, "properties": {"depth": 9.84}}, {"type": "Feature", "geometry": {"type": "Point", "coordinates": [73.784836, 18.537622]}, "properties": {"depth": 9.89}}, {"type": "Feature", "geometry": {"type": "Point", "coordinates": [73.784624, 18.537637]}, "properties": {"depth": 9.89}}, {"type": "Feature", "geometry": {"type": "Point", "coordinates": [73.784347, 18.537646]}, "properties": {"depth": 8.96}}, {"type": "Feature", "geometry": {"type": "Point", "coordinates": [73.784209, 18.537655]}, "properties": {"depth": 9.49}}, {"type": "Feature", "geometry": {"type": "Point", "coordinates": [73.78413, 18.537673]}, "properties": {"depth": 9.49}}, {"type": "Feature", "geometry": {"type": "Point", "coordinates": [73.784014, 18.537696]}, "properties": {"depth": 9.49}}, {"type": "Feature", "geometry": {"type": "Point", "coordinates": [73.785067, 18.53771]}, "properties": {"depth": 9.96}}, {"type": "Feature", "geometry": {"type": "Point", "coordinates": [73.784955, 18.53771]}, "properties": {"depth": 9.96}}, {"type": "Feature", "geometry": {"type": "Point", "coordinates": [73.7848, 18.537734]}, "properties": {"depth": 9.63}}, {"type": "Feature", "geometry": {"type": "Point", "coordinates": [73.784615, 18.537746]}, "properties": {"depth": 9.63}}, {"type": "Feature", "geometry": {"type": "Point", "coordinates": [73.784697, 18.537753]}, "properties": {"depth": 9.63}}, {"type": "Feature", "geometry": {"type": "Point", "coordinates": [73.784255, 18.537764]}, "properties": {"depth": 9.49}}, {"type": "Feature", "geometry": {"type": "Point", "coordinates": [73.784048, 18.537832]}, "properties": {"depth": 9.49}}, {"type": "Feature", "geometry": {"type": "Point", "coordinates": [73.784571, 18.537865]}, "properties": {"depth": 8.96}}, {"type": "Feature", "geometry": {"type": "Point", "coordinates": [73.784339, 18.537902]}, "properties": {"depth": 8.96}}, {"type": "Feature", "geometry": {"type": "Point", "coordinates": [73.784207, 18.537904]}, "properties": {"depth": 9.49}}, {"type": "Feature", "geometry": {"type": "Point", "coordinates": [73.785012, 18.537936]}, "properties": {"depth": 10.89}}, {"type": "Feature", "geometry": {"type": "Point", "coordinates": [73.784937, 18.537965]}, "properties": {"depth": 10.89}}, {"type": "Feature", "geometry": {"type": "Point", "coordinates": [73.784835, 18.537976]}, "properties": {"depth": 8.27}}, {"type": "Feature", "geometry": {"type": "Point", "coordinates": [73.784689, 18.537991]}, "properties": {"depth": 8.27}}, {"type": "Feature", "geometry": {"type": "Point", "coordinates": [73.784402, 18.538021]}, "properties": {"depth": 7.47}}, {"type": "Feature", "geometry": {"type": "Point", "coordinates": [73.785369, 18.537893]}, "properties": {"depth": 10.03}}, {"type": "Feature", "geometry": {"type": "Point", "coordinates": [73.785111, 18.537954]}, "properties": {"depth": 10.89}}, {"type": "Feature", "geometry": {"type": "Point", "coordinates": [73.786285, 18.538074]}, "properties": {"depth": 12.26}}, {"type": "Feature", "geometry": {"type": "Point", "coordinates": [73.785873, 18.53817]}, "properties": {"depth": 12.9}}, {"type": "Feature", "geometry": {"type": "Point", "coordinates": [73.781389, 18.544627]}, "properties": {"depth": 12.01}}, {"type": "Feature", "geometry": {"type": "Point", "coordinates": [73.781743, 18.544696]}, "properties": {"depth": 11.68}}, {"type": "Feature", "geometry": {"type": "Point", "coordinates": [73.782111, 18.544836]}, "properties": {"depth": 5.64}}, {"type": "Feature", "geometry": {"type": "Point", "coordinates": [73.782882, 18.544634]}, "properties": {"depth": 8.83}}, {"type": "Feature", "geometry": {"type": "Point", "coordinates": [73.783099, 18.544879]}, "properties": {"depth": 14.54}}, {"type": "Feature", "geometry": {"type": "Point", "coordinates": [73.783328, 18.544977]}, "properties": {"depth": 11.82}}, {"type": "Feature", "geometry": {"type": "Point", "coordinates": [73.783271, 18.545144]}, "properties": {"depth": 13.07}}, {"type": "Feature", "geometry": {"type": "Point", "coordinates": [73.783209, 18.545307]}, "properties": {"depth": 13.07}}, {"type": "Feature", "geometry": {"type": "Point", "coordinates": [73.783523, 18.545324]}, "properties": {"depth": 12.74}}, {"type": "Feature", "geometry": {"type": "Point", "coordinates": [73.783647, 18.545474]}, "properties": {"depth": 10.19}}, {"type": "Feature", "geometry": {"type": "Point", "coordinates": [73.783149, 18.54547]}, "properties": {"depth": 11.32}}, {"type": "Feature", "geometry": {"type": "Point", "coordinates": [73.783461, 18.545485]}, "properties": {"depth": 10.87}}, {"type": "Feature", "geometry": {"type": "Point", "coordinates": [73.783089, 18.545634]}, "properties": {"depth": 11.32}}, {"type": "Feature", "geometry": {"type": "Point", "coordinates": [73.783444, 18.545638]}, "properties": {"depth": 10.87}}, {"type": "Feature", "geometry": {"type": "Point", "coordinates": [73.783618, 18.545647]}, "properties": {"depth": 10.19}}, {"type": "Feature", "geometry": {"type": "Point", "coordinates": [73.782393, 18.54505]}, "properties": {"depth": 11.31}}, {"type": "Feature", "geometry": {"type": "Point", "coordinates": [73.782053, 18.545095]}, "properties": {"depth": 10.06}}, {"type": "Feature", "geometry": {"type": "Point", "coordinates": [73.782753, 18.545182]}, "properties": {"depth": 15.88}}, {"type": "Feature", "geometry": {"type": "Point", "coordinates": [73.782367, 18.545334]}, "properties": {"depth": 6.96}}, {"type": "Feature", "geometry": {"type": "Point", "coordinates": [73.782197, 18.54536]}, "properties": {"depth": 3.43}}, {"type": "Feature", "geometry": {"type": "Point", "coordinates": [73.782053, 18.54539]}, "properties": {"depth": 6.87}}, {"type": "Feature", "geometry": {"type": "Point", "coordinates": [73.782185, 18.545607]}, "properties": {"depth": 1.88}}, {"type": "Feature", "geometry": {"type": "Point", "coordinates": [73.782677, 18.545856]}, "properties": {"depth": 9.41}}, {"type": "Feature", "geometry": {"type": "Point", "coordinates": [73.782111, 18.545857]}, "properties": {"depth": 0.02}}, {"type": "Feature", "geometry": {"type": "Point", "coordinates": [73.782227, 18.546105]}, "properties": {"depth": 6.67}}, {"type": "Feature", "geometry": {"type": "Point", "coordinates": [73.78117, 18.544774]}, "properties": {"depth": 12.35}}, {"type": "Feature", "geometry": {"type": "Point", "coordinates": [73.781422, 18.544937]}, "properties": {"depth": 9.95}}, {"type": "Feature", "geometry": {"type": "Point", "coordinates": [73.781676, 18.545085]}, "properties": {"depth": 11.25}}, {"type": "Feature", "geometry": {"type": "Point", "coordinates": [73.781425, 18.54514]}, "properties": {"depth": 9.78}}, {"type": "Feature", "geometry": {"type": "Point", "coordinates": [73.781193, 18.545333]}, "properties": {"depth": 5.05}}, {"type": "Feature", "geometry": {"type": "Point", "coordinates": [73.781409, 18.545522]}, "properties": {"depth": 7.53}}, {"type": "Feature", "geometry": {"type": "Point", "coordinates": [73.781765, 18.545626]}, "properties": {"depth": 6.84}}, {"type": "Feature", "geometry": {"type": "Point", "coordinates": [73.781434, 18.545849]}, "properties": {"depth": 6.3}}, {"type": "Feature", "geometry": {"type": "Point", "coordinates": [73.783617, 18.545895]}, "properties": {"depth": 9.24}}, {"type": "Feature", "geometry": {"type": "Point", "coordinates": [73.783466, 18.545899]}, "properties": {"depth": 9.93}}, {"type": "Feature", "geometry": {"type": "Point", "coordinates": [73.78327, 18.5459]}, "properties": {"depth": 9.93}}, {"type": "Feature", "geometry": {"type": "Point", "coordinates": [73.783076, 18.545901]}, "properties": {"depth": 10.34}}, {"type": "Feature", "geometry": {"type": "Point", "coordinates": [73.786685, 18.567576]}, "properties": {"depth": 0.16}}, {"type": "Feature", "geometry": {"type": "Point", "coordinates": [73.790811, 18.561677]}, "properties": {"depth": 6.81}}, {"type": "Feature", "geometry": {"type": "Point", "coordinates": [73.788155, 18.570293]}, "properties": {"depth": 0.39}}, {"type": "Feature", "geometry": {"type": "Point", "coordinates": [73.787769, 18.570575]}, "properties": {"depth": 1.84}}, {"type": "Feature", "geometry": {"type": "Point", "coordinates": [73.789032, 18.56304]}, "properties": {"depth": 0.34}}, {"type": "Feature", "geometry": {"type": "Point", "coordinates": [73.789124, 18.563195]}, "properties": {"depth": 1.1}}, {"type": "Feature", "geometry": {"type": "Point", "coordinates": [73.789206, 18.563408]}, "properties": {"depth": 1.1}}, {"type": "Feature", "geometry": {"type": "Point", "coordinates": [73.788946, 18.563414]}, "properties": {"depth": 0.12}}, {"type": "Feature", "geometry": {"type": "Point", "coordinates": [73.790122, 18.563438]}, "properties": {"depth": 3.45}}, {"type": "Feature", "geometry": {"type": "Point", "coordinates": [73.789611, 18.563465]}, "properties": {"depth": 3.18}}, {"type": "Feature", "geometry": {"type": "Point", "coordinates": [73.789687, 18.563599]}, "properties": {"depth": 6.57}}, {"type": "Feature", "geometry": {"type": "Point", "coordinates": [73.789077, 18.570011]}, "properties": {"depth": 1.72}}, {"type": "Feature", "geometry": {"type": "Point", "coordinates": [73.779887, 18.576013]}, "properties": {"depth": 0.4}}, {"type": "Feature", "geometry": {"type": "Point", "coordinates": [73.780189, 18.576405]}, "properties": {"depth": 0.89}}, {"type": "Feature", "geometry": {"type": "Point", "coordinates": [73.780557, 18.576592]}, "properties": {"depth": 0.32}}, {"type": "Feature", "geometry": {"type": "Point", "coordinates": [73.780213, 18.576654]}, "properties": {"depth": 1.88}}, {"type": "Feature", "geometry": {"type": "Point", "coordinates": [73.780597, 18.576869]}, "properties": {"depth": 4.44}}, {"type": "Feature", "geometry": {"type": "Point", "coordinates": [73.78027, 18.576968]}, "properties": {"depth": 3.53}}, {"type": "Feature", "geometry": {"type": "Point", "coordinates": [73.78043, 18.577013]}, "properties": {"depth": 4.44}}, {"type": "Feature", "geometry": {"type": "Point", "coordinates": [73.779399, 18.57668]}, "properties": {"depth": 0.56}}, {"type": "Feature", "geometry": {"type": "Point", "coordinates": [73.83498, 18.505126]}, "properties": {"depth": 7.93}}, {"type": "Feature", "geometry": {"type": "Point", "coordinates": [73.834169, 18.505215]}, "properties": {"depth": 4.99}}, {"type": "Feature", "geometry": {"type": "Point", "coordinates": [73.835191, 18.505233]}, "properties": {"depth": 11.31}}, {"type": "Feature", "geometry": {"type": "Point", "coordinates": [73.834723, 18.505321]}, "properties": {"depth": 7.37}}, {"type": "Feature", "geometry": {"type": "Point", "coordinates": [73.834606, 18.505403]}, "properties": {"depth": 7.37}}, {"type": "Feature", "geometry": {"type": "Point", "coordinates": [73.834939, 18.505435]}, "properties": {"depth": 4.99}}, {"type": "Feature", "geometry": {"type": "Point", "coordinates": [73.834788, 18.505522]}, "properties": {"depth": 6.54}}, {"type": "Feature", "geometry": {"type": "Point", "coordinates": [73.835178, 18.505551]}, "properties": {"depth": 8.45}}, {"type": "Feature", "geometry": {"type": "Point", "coordinates": [73.834518, 18.505666]}, "properties": {"depth": 7.14}}, {"type": "Feature", "geometry": {"type": "Point", "coordinates": [73.836038, 18.5072]}, "properties": {"depth": 0.74}}, {"type": "Feature", "geometry": {"type": "Point", "coordinates": [73.84297, 18.514804]}, "properties": {"depth": 0.4}}, {"type": "Feature", "geometry": {"type": "Point", "coordinates": [73.843214, 18.515182]}, "properties": {"depth": 0.8}}, {"type": "Feature", "geometry": {"type": "Point", "coordinates": [73.845139, 18.514606]}, "properties": {"depth": 0.19}}, {"type": "Feature", "geometry": {"type": "Point", "coordinates": [73.845298, 18.514711]}, "properties": {"depth": 0.19}}, {"type": "Feature", "geometry": {"type": "Point", "coordinates": [73.845115, 18.514847]}, "properties": {"depth": 0.52}}, {"type": "Feature", "geometry": {"type": "Point", "coordinates": [73.843258, 18.515269]}, "properties": {"depth": 0.8}}, {"type": "Feature", "geometry": {"type": "Point", "coordinates": [73.843355, 18.51534]}, "properties": {"depth": 0.8}}, {"type": "Feature", "geometry": {"type": "Point", "coordinates": [73.843288, 18.515399]}, "properties": {"depth": 0.8}}, {"type": "Feature", "geometry": {"type": "Point", "coordinates": [73.84486, 18.513901]}, "properties": {"depth": 0.77}}, {"type": "Feature", "geometry": {"type": "Point", "coordinates": [73.845016, 18.514312]}, "properties": {"depth": 0.05}}, {"type": "Feature", "geometry": {"type": "Point", "coordinates": [73.844947, 18.514379]}, "properties": {"depth": 0.05}}, {"type": "Feature", "geometry": {"type": "Point", "coordinates": [73.844796, 18.514461]}, "properties": {"depth": 3.01}}, {"type": "Feature", "geometry": {"type": "Point", "coordinates": [73.844362, 18.516343]}, "properties": {"depth": 3.84}}, {"type": "Feature", "geometry": {"type": "Point", "coordinates": [73.845344, 18.515532]}, "properties": {"depth": 0.77}}, {"type": "Feature", "geometry": {"type": "Point", "coordinates": [73.845674, 18.516021]}, "properties": {"depth": 0.49}}, {"type": "Feature", "geometry": {"type": "Point", "coordinates": [73.843323, 18.515769]}, "properties": {"depth": 0.13}}, {"type": "Feature", "geometry": {"type": "Point", "coordinates": [73.843563, 18.515834]}, "properties": {"depth": 1.1}}, {"type": "Feature", "geometry": {"type": "Point", "coordinates": [73.843435, 18.515904]}, "properties": {"depth": 0.13}}, {"type": "Feature", "geometry": {"type": "Point", "coordinates": [73.845923, 18.516403]}, "properties": {"depth": 0.19}}, {"type": "Feature", "geometry": {"type": "Point", "coordinates": [73.814221, 18.530463]}, "properties": {"depth": 33.26}}, {"type": "Feature", "geometry": {"type": "Point", "coordinates": [73.813928, 18.530471]}, "properties": {"depth": 32.14}}, {"type": "Feature", "geometry": {"type": "Point", "coordinates": [73.813702, 18.530695]}, "properties": {"depth": 33.6}}, {"type": "Feature", "geometry": {"type": "Point", "coordinates": [73.813712, 18.530872]}, "properties": {"depth": 33.6}}, {"type": "Feature", "geometry": {"type": "Point", "coordinates": [73.84834, 18.519369]}, "properties": {"depth": 1.69}}, {"type": "Feature", "geometry": {"type": "Point", "coordinates": [73.847411, 18.520115]}, "properties": {"depth": 5.08}}, {"type": "Feature", "geometry": {"type": "Point", "coordinates": [73.848812, 18.519593]}, "properties": {"depth": 2.67}}, {"type": "Feature", "geometry": {"type": "Point", "coordinates": [73.843145, 18.527059]}, "properties": {"depth": 3.12}}, {"type": "Feature", "geometry": {"type": "Point", "coordinates": [73.842966, 18.527202]}, "properties": {"depth": 1.68}}, {"type": "Feature", "geometry": {"type": "Point", "coordinates": [73.842775, 18.52724]}, "properties": {"depth": 2.67}}, {"type": "Feature", "geometry": {"type": "Point", "coordinates": [73.844074, 18.527944]}, "properties": {"depth": 3.42}}, {"type": "Feature", "geometry": {"type": "Point", "coordinates": [73.844065, 18.528175]}, "properties": {"depth": 3.42}}, {"type": "Feature", "geometry": {"type": "Point", "coordinates": [73.843318, 18.527434]}, "properties": {"depth": 2.22}}, {"type": "Feature", "geometry": {"type": "Point", "coordinates": [73.843169, 18.527473]}, "properties": {"depth": 2.35}}, {"type": "Feature", "geometry": {"type": "Point", "coordinates": [73.842975, 18.527559]}, "properties": {"depth": 2.35}}, {"type": "Feature", "geometry": {"type": "Point", "coordinates": [73.842798, 18.527636]}, "properties": {"depth": 3.34}}, {"type": "Feature", "geometry": {"type": "Point", "coordinates": [73.843551, 18.527703]}, "properties": {"depth": 2.6}}, {"type": "Feature", "geometry": {"type": "Point", "coordinates": [73.843216, 18.527756]}, "properties": {"depth": 4.21}}, {"type": "Feature", "geometry": {"type": "Point", "coordinates": [73.842941, 18.527908]}, "properties": {"depth": 0.15}}, {"type": "Feature", "geometry": {"type": "Point", "coordinates": [73.843172, 18.528136]}, "properties": {"depth": 1.32}}, {"type": "Feature", "geometry": {"type": "Point", "coordinates": [73.840604, 18.527092]}, "properties": {"depth": 1.98}}, {"type": "Feature", "geometry": {"type": "Point", "coordinates": [73.840668, 18.527351]}, "properties": {"depth": 1.98}}, {"type": "Feature", "geometry": {"type": "Point", "coordinates": [73.841009, 18.527115]}, "properties": {"depth": 1.29}}, {"type": "Feature", "geometry": {"type": "Point", "coordinates": [73.84128, 18.527122]}, "properties": {"depth": 1.21}}, {"type": "Feature", "geometry": {"type": "Point", "coordinates": [73.841648, 18.527139]}, "properties": {"depth": 0.26}}, {"type": "Feature", "geometry": {"type": "Point", "coordinates": [73.841392, 18.527189]}, "properties": {"depth": 1.21}}, {"type": "Feature", "geometry": {"type": "Point", "coordinates": [73.842131, 18.52732]}, "properties": {"depth": 6.69}}, {"type": "Feature", "geometry": {"type": "Point", "coordinates": [73.840983, 18.527516]}, "properties": {"depth": 4.54}}, {"type": "Feature", "geometry": {"type": "Point", "coordinates": [73.841843, 18.527792]}, "properties": {"depth": 1.53}}, {"type": "Feature", "geometry": {"type": "Point", "coordinates": [73.842343, 18.527806]}, "properties": {"depth": 6.21}}, {"type": "Feature", "geometry": {"type": "Point", "coordinates": [73.840304, 18.527584]}, "properties": {"depth": 1.05}}, {"type": "Feature", "geometry": {"type": "Point", "coordinates": [73.840458, 18.527959]}, "properties": {"depth": 0.74}}, {"type": "Feature", "geometry": {"type": "Point", "coordinates": [73.840061, 18.527978]}, "properties": {"depth": 0.93}}, {"type": "Feature", "geometry": {"type": "Point", "coordinates": [73.840251, 18.527983]}, "properties": {"depth": 3.5}}, {"type": "Feature", "geometry": {"type": "Point", "coordinates": [73.839834, 18.527994]}, "properties": {"depth": 0.12}}, {"type": "Feature", "geometry": {"type": "Point", "coordinates": [73.841231, 18.527935]}, "properties": {"depth": 3.58}}, {"type": "Feature", "geometry": {"type": "Point", "coordinates": [73.842109, 18.527991]}, "properties": {"depth": 7.71}}, {"type": "Feature", "geometry": {"type": "Point", "coordinates": [73.84096, 18.528016]}, "properties": {"depth": 0.93}}, {"type": "Feature", "geometry": {"type": "Point", "coordinates": [73.841377, 18.528019]}, "properties": {"depth": 4.62}}, {"type": "Feature", "geometry": {"type": "Point", "coordinates": [73.840794, 18.528016]}, "properties": {"depth": 0.93}}, {"type": "Feature", "geometry": {"type": "Point", "coordinates": [73.841632, 18.528074]}, "properties": {"depth": 2.41}}, {"type": "Feature", "geometry": {"type": "Point", "coordinates": [73.842366, 18.528089]}, "properties": {"depth": 8.29}}, {"type": "Feature", "geometry": {"type": "Point", "coordinates": [73.841881, 18.528097]}, "properties": {"depth": 4.56}}, {"type": "Feature", "geometry": {"type": "Point", "coordinates": [73.841108, 18.528443]}, "properties": {"depth": 3.53}}, {"type": "Feature", "geometry": {"type": "Point", "coordinates": [73.842046, 18.528479]}, "properties": {"depth": 12.0}}, {"type": "Feature", "geometry": {"type": "Point", "coordinates": [73.839946, 18.528146]}, "properties": {"depth": 0.93}}, {"type": "Feature", "geometry": {"type": "Point", "coordinates": [73.839656, 18.528192]}, "properties": {"depth": 0.12}}, {"type": "Feature", "geometry": {"type": "Point", "coordinates": [73.840474, 18.528227]}, "properties": {"depth": 3.61}}, {"type": "Feature", "geometry": {"type": "Point", "coordinates": [73.840235, 18.528237]}, "properties": {"depth": 4.58}}, {"type": "Feature", "geometry": {"type": "Point", "coordinates": [73.840068, 18.528423]}, "properties": {"depth": 1.42}}, {"type": "Feature", "geometry": {"type": "Point", "coordinates": [73.839836, 18.528448]}, "properties": {"depth": 0.42}}, {"type": "Feature", "geometry": {"type": "Point", "coordinates": [73.840698, 18.5288]}, "properties": {"depth": 5.79}}, {"type": "Feature", "geometry": {"type": "Point", "coordinates": [73.840194, 18.528846]}, "properties": {"depth": 8.02}}, {"type": "Feature", "geometry": {"type": "Point", "coordinates": [73.840682, 18.528897]}, "properties": {"depth": 6.06}}, {"type": "Feature", "geometry": {"type": "Point", "coordinates": [73.839887, 18.529039]}, "properties": {"depth": 2.2}}, {"type": "Feature", "geometry": {"type": "Point", "coordinates": [73.840208, 18.529077]}, "properties": {"depth": 3.04}}, {"type": "Feature", "geometry": {"type": "Point", "coordinates": [73.840639, 18.529228]}, "properties": {"depth": 4.39}}, {"type": "Feature", "geometry": {"type": "Point", "coordinates": [73.840152, 18.52929]}, "properties": {"depth": 3.04}}, {"type": "Feature", "geometry": {"type": "Point", "coordinates": [73.840584, 18.529352]}, "properties": {"depth": 6.73}}, {"type": "Feature", "geometry": {"type": "Point", "coordinates": [73.839864, 18.529396]}, "properties": {"depth": 3.95}}, {"type": "Feature", "geometry": {"type": "Point", "coordinates": [73.839843, 18.529548]}, "properties": {"depth": 3.49}}, {"type": "Feature", "geometry": {"type": "Point", "coordinates": [73.842311, 18.528512]}, "properties": {"depth": 2.68}}, {"type": "Feature", "geometry": {"type": "Point", "coordinates": [73.840731, 18.528655]}, "properties": {"depth": 6.26}}, {"type": "Feature", "geometry": {"type": "Point", "coordinates": [73.84104, 18.528675]}, "properties": {"depth": 4.44}}, {"type": "Feature", "geometry": {"type": "Point", "coordinates": [73.842469, 18.528696]}, "properties": {"depth": 2.17}}, {"type": "Feature", "geometry": {"type": "Point", "coordinates": [73.841104, 18.529351]}, "properties": {"depth": 2.8}}, {"type": "Feature", "geometry": {"type": "Point", "coordinates": [73.84156, 18.529603]}, "properties": {"depth": 7.97}}, {"type": "Feature", "geometry": {"type": "Point", "coordinates": [73.841203, 18.529814]}, "properties": {"depth": 5.78}}, {"type": "Feature", "geometry": {"type": "Point", "coordinates": [73.841412, 18.529842]}, "properties": {"depth": 6.15}}, {"type": "Feature", "geometry": {"type": "Point", "coordinates": [73.841429, 18.530041]}, "properties": {"depth": 9.59}}, {"type": "Feature", "geometry": {"type": "Point", "coordinates": [73.841383, 18.530238]}, "properties": {"depth": 9.18}}, {"type": "Feature", "geometry": {"type": "Point", "coordinates": [73.840197, 18.529552]}, "properties": {"depth": 5.26}}, {"type": "Feature", "geometry": {"type": "Point", "coordinates": [73.839962, 18.529669]}, "properties": {"depth": 7.66}}, {"type": "Feature", "geometry": {"type": "Point", "coordinates": [73.840136, 18.529683]}, "properties": {"depth": 7.66}}, {"type": "Feature", "geometry": {"type": "Point", "coordinates": [73.840666, 18.529778]}, "properties": {"depth": 12.28}}, {"type": "Feature", "geometry": {"type": "Point", "coordinates": [73.839814, 18.52992]}, "properties": {"depth": 6.35}}, {"type": "Feature", "geometry": {"type": "Point", "coordinates": [73.840093, 18.530016]}, "properties": {"depth": 5.72}}, {"type": "Feature", "geometry": {"type": "Point", "coordinates": [73.839787, 18.530123]}, "properties": {"depth": 6.35}}, {"type": "Feature", "geometry": {"type": "Point", "coordinates": [73.840048, 18.530208]}, "properties": {"depth": 6.52}}, {"type": "Feature", "geometry": {"type": "Point", "coordinates": [73.840947, 18.530318]}, "properties": {"depth": 10.95}}, {"type": "Feature", "geometry": {"type": "Point", "coordinates": [73.842504, 18.530362]}, "properties": {"depth": 7.29}}, {"type": "Feature", "geometry": {"type": "Point", "coordinates": [73.841881, 18.530366]}, "properties": {"depth": 6.36}}, {"type": "Feature", "geometry": {"type": "Point", "coordinates": [73.842349, 18.530369]}, "properties": {"depth": 5.86}}, {"type": "Feature", "geometry": {"type": "Point", "coordinates": [73.842051, 18.530373]}, "properties": {"depth": 6.36}}, {"type": "Feature", "geometry": {"type": "Point", "coordinates": [73.84174, 18.530402]}, "properties": {"depth": 8.47}}, {"type": "Feature", "geometry": {"type": "Point", "coordinates": [73.841414, 18.530412]}, "properties": {"depth": 9.18}}, {"type": "Feature", "geometry": {"type": "Point", "coordinates": [73.841405, 18.530589]}, "properties": {"depth": 5.76}}, {"type": "Feature", "geometry": {"type": "Point", "coordinates": [73.842501, 18.530682]}, "properties": {"depth": 9.22}}, {"type": "Feature", "geometry": {"type": "Point", "coordinates": [73.841867, 18.530695]}, "properties": {"depth": 6.55}}, {"type": "Feature", "geometry": {"type": "Point", "coordinates": [73.843266, 18.528295]}, "properties": {"depth": 1.59}}, {"type": "Feature", "geometry": {"type": "Point", "coordinates": [73.84379, 18.528313]}, "properties": {"depth": 5.96}}, {"type": "Feature", "geometry": {"type": "Point", "coordinates": [73.842793, 18.52856]}, "properties": {"depth": 1.1}}, {"type": "Feature", "geometry": {"type": "Point", "coordinates": [73.843414, 18.528611]}, "properties": {"depth": 2.56}}, {"type": "Feature", "geometry": {"type": "Point", "coordinates": [73.842728, 18.528716]}, "properties": {"depth": 1.1}}, {"type": "Feature", "geometry": {"type": "Point", "coordinates": [73.842839, 18.528911]}, "properties": {"depth": 5.1}}, {"type": "Feature", "geometry": {"type": "Point", "coordinates": [73.843702, 18.528994]}, "properties": {"depth": 6.59}}, {"type": "Feature", "geometry": {"type": "Point", "coordinates": [73.843, 18.52908]}, "properties": {"depth": 2.91}}, {"type": "Feature", "geometry": {"type": "Point", "coordinates": [73.843206, 18.529302]}, "properties": {"depth": 1.8}}, {"type": "Feature", "geometry": {"type": "Point", "coordinates": [73.842894, 18.529337]}, "properties": {"depth": 9.39}}, {"type": "Feature", "geometry": {"type": "Point", "coordinates": [73.844295, 18.528387]}, "properties": {"depth": 6.12}}, {"type": "Feature", "geometry": {"type": "Point", "coordinates": [73.844027, 18.528585]}, "properties": {"depth": 7.35}}, {"type": "Feature", "geometry": {"type": "Point", "coordinates": [73.844271, 18.528765]}, "properties": {"depth": 5.96}}, {"type": "Feature", "geometry": {"type": "Point", "coordinates": [73.844026, 18.529665]}, "properties": {"depth": 13.26}}, {"type": "Feature", "geometry": {"type": "Point", "coordinates": [73.843961, 18.529743]}, "properties": {"depth": 13.26}}, {"type": "Feature", "geometry": {"type": "Point", "coordinates": [73.843777, 18.529438]}, "properties": {"depth": 10.63}}, {"type": "Feature", "geometry": {"type": "Point", "coordinates": [73.843372, 18.52958]}, "properties": {"depth": 10.81}}, {"type": "Feature", "geometry": {"type": "Point", "coordinates": [73.842852, 18.529567]}, "properties": {"depth": 9.39}}, {"type": "Feature", "geometry": {"type": "Point", "coordinates": [73.843117, 18.529629]}, "properties": {"depth": 10.0}}, {"type": "Feature", "geometry": {"type": "Point", "coordinates": [73.842871, 18.529735]}, "properties": {"depth": 9.06}}, {"type": "Feature", "geometry": {"type": "Point", "coordinates": [73.843266, 18.529996]}, "properties": {"depth": 11.22}}, {"type": "Feature", "geometry": {"type": "Point", "coordinates": [73.843589, 18.530035]}, "properties": {"depth": 15.7}}, {"type": "Feature", "geometry": {"type": "Point", "coordinates": [73.843097, 18.530082]}, "properties": {"depth": 9.27}}, {"type": "Feature", "geometry": {"type": "Point", "coordinates": [73.842803, 18.530211]}, "properties": {"depth": 10.39}}, {"type": "Feature", "geometry": {"type": "Point", "coordinates": [73.8438, 18.530226]}, "properties": {"depth": 12.1}}, {"type": "Feature", "geometry": {"type": "Point", "coordinates": [73.842645, 18.530257]}, "properties": {"depth": 10.39}}, {"type": "Feature", "geometry": {"type": "Point", "coordinates": [73.843625, 18.530291]}, "properties": {"depth": 15.89}}, {"type": "Feature", "geometry": {"type": "Point", "coordinates": [73.843416, 18.530345]}, "properties": {"depth": 12.58}}, {"type": "Feature", "geometry": {"type": "Point", "coordinates": [73.843231, 18.530413]}, "properties": {"depth": 12.58}}, {"type": "Feature", "geometry": {"type": "Point", "coordinates": [73.843079, 18.530434]}, "properties": {"depth": 12.09}}, {"type": "Feature", "geometry": {"type": "Point", "coordinates": [73.843791, 18.530553]}, "properties": {"depth": 10.04}}, {"type": "Feature", "geometry": {"type": "Point", "coordinates": [73.842886, 18.53055]}, "properties": {"depth": 6.21}}, {"type": "Feature", "geometry": {"type": "Point", "coordinates": [73.842687, 18.530656]}, "properties": {"depth": 6.21}}, {"type": "Feature", "geometry": {"type": "Point", "coordinates": [73.843601, 18.530706]}, "properties": {"depth": 10.3}}, {"type": "Feature", "geometry": {"type": "Point", "coordinates": [73.843305, 18.530769]}, "properties": {"depth": 11.95}}, {"type": "Feature", "geometry": {"type": "Point", "coordinates": [73.843087, 18.530851]}, "properties": {"depth": 11.5}}, {"type": "Feature", "geometry": {"type": "Point", "coordinates": [73.843491, 18.530994]}, "properties": {"depth": 10.89}}, {"type": "Feature", "geometry": {"type": "Point", "coordinates": [73.843134, 18.531042]}, "properties": {"depth": 7.7}}, {"type": "Feature", "geometry": {"type": "Point", "coordinates": [73.842788, 18.531101]}, "properties": {"depth": 7.43}}, {"type": "Feature", "geometry": {"type": "Point", "coordinates": [73.843798, 18.531209]}, "properties": {"depth": 11.29}}, {"type": "Feature", "geometry": {"type": "Point", "coordinates": [73.842927, 18.531221]}, "properties": {"depth": 7.7}}, {"type": "Feature", "geometry": {"type": "Point", "coordinates": [73.84331, 18.531276]}, "properties": {"depth": 8.72}}, {"type": "Feature", "geometry": {"type": "Point", "coordinates": [73.842741, 18.531404]}, "properties": {"depth": 6.14}}, {"type": "Feature", "geometry": {"type": "Point", "coordinates": [73.842912, 18.531537]}, "properties": {"depth": 7.23}}, {"type": "Feature", "geometry": {"type": "Point", "coordinates": [73.842484, 18.531261]}, "properties": {"depth": 5.49}}, {"type": "Feature", "geometry": {"type": "Point", "coordinates": [73.842025, 18.531385]}, "properties": {"depth": 7.17}}, {"type": "Feature", "geometry": {"type": "Point", "coordinates": [73.841745, 18.531468]}, "properties": {"depth": 6.02}}, {"type": "Feature", "geometry": {"type": "Point", "coordinates": [73.842295, 18.531509]}, "properties": {"depth": 7.47}}, {"type": "Feature", "geometry": {"type": "Point", "coordinates": [73.842029, 18.531603]}, "properties": {"depth": 2.47}}, {"type": "Feature", "geometry": {"type": "Point", "coordinates": [73.842294, 18.531692]}, "properties": {"depth": 2.82}}, {"type": "Feature", "geometry": {"type": "Point", "coordinates": [73.841744, 18.531725]}, "properties": {"depth": 5.84}}, {"type": "Feature", "geometry": {"type": "Point", "coordinates": [73.844242, 18.530337]}, "properties": {"depth": 15.09}}, {"type": "Feature", "geometry": {"type": "Point", "coordinates": [73.843946, 18.530524]}, "properties": {"depth": 10.04}}, {"type": "Feature", "geometry": {"type": "Point", "coordinates": [73.843958, 18.530773]}, "properties": {"depth": 9.81}}, {"type": "Feature", "geometry": {"type": "Point", "coordinates": [73.813517, 18.530722]}, "properties": {"depth": 33.6}}, {"type": "Feature", "geometry": {"type": "Point", "coordinates": [73.813527, 18.530905]}, "properties": {"depth": 33.6}}, {"type": "Feature", "geometry": {"type": "Point", "coordinates": [73.813544, 18.531032]}, "properties": {"depth": 33.51}}, {"type": "Feature", "geometry": {"type": "Point", "coordinates": [73.813582, 18.531242]}, "properties": {"depth": 33.51}}, {"type": "Feature", "geometry": {"type": "Point", "coordinates": [73.813516, 18.531585]}, "properties": {"depth": 27.51}}, {"type": "Feature", "geometry": {"type": "Point", "coordinates": [73.813495, 18.531802]}, "properties": {"depth": 27.51}}, {"type": "Feature", "geometry": {"type": "Point", "coordinates": [73.814091, 18.530886]}, "properties": {"depth": 28.33}}, {"type": "Feature", "geometry": {"type": "Point", "coordinates": [73.814474, 18.530967]}, "properties": {"depth": 25.01}}, {"type": "Feature", "geometry": {"type": "Point", "coordinates": [73.813731, 18.531008]}, "properties": {"depth": 33.51}}, {"type": "Feature", "geometry": {"type": "Point", "coordinates": [73.814314, 18.531131]}, "properties": {"depth": 25.56}}, {"type": "Feature", "geometry": {"type": "Point", "coordinates": [73.813735, 18.531192]}, "properties": {"depth": 33.51}}, {"type": "Feature", "geometry": {"type": "Point", "coordinates": [73.814105, 18.531258]}, "properties": {"depth": 27.34}}, {"type": "Feature", "geometry": {"type": "Point", "coordinates": [73.813843, 18.531424]}, "properties": {"depth": 32.1}}, {"type": "Feature", "geometry": {"type": "Point", "coordinates": [73.813685, 18.531504]}, "properties": {"depth": 35.01}}, {"type": "Feature", "geometry": {"type": "Point", "coordinates": [73.813851, 18.531959]}, "properties": {"depth": 21.0}}, {"type": "Feature", "geometry": {"type": "Point", "coordinates": [73.813513, 18.532217]}, "properties": {"depth": 22.43}}, {"type": "Feature", "geometry": {"type": "Point", "coordinates": [73.81482, 18.530535]}, "properties": {"depth": 26.94}}, {"type": "Feature", "geometry": {"type": "Point", "coordinates": [73.828479, 18.548225]}, "properties": {"depth": 1.31}}, {"type": "Feature", "geometry": {"type": "Point", "coordinates": [73.828954, 18.548364]}, "properties": {"depth": 2.19}}, {"type": "Feature", "geometry": {"type": "Point", "coordinates": [73.829115, 18.549229]}, "properties": {"depth": 4.52}}, {"type": "Feature", "geometry": {"type": "Point", "coordinates": [73.828059, 18.549339]}, "properties": {"depth": 2.13}}, {"type": "Feature", "geometry": {"type": "Point", "coordinates": [73.829097, 18.54977]}, "properties": {"depth": 7.57}}, {"type": "Feature", "geometry": {"type": "Point", "coordinates": [73.827986, 18.549794]}, "properties": {"depth": 3.13}}, {"type": "Feature", "geometry": {"type": "Point", "coordinates": [73.828941, 18.550293]}, "properties": {"depth": 3.81}}, {"type": "Feature", "geometry": {"type": "Point", "coordinates": [73.828635, 18.550478]}, "properties": {"depth": 2.83}}, {"type": "Feature", "geometry": {"type": "Point", "coordinates": [73.828166, 18.550486]}, "properties": {"depth": 3.19}}, {"type": "Feature", "geometry": {"type": "Point", "coordinates": [73.82966, 18.548114]}, "properties": {"depth": 1.68}}, {"type": "Feature", "geometry": {"type": "Point", "coordinates": [73.829613, 18.548194]}, "properties": {"depth": 1.68}}, {"type": "Feature", "geometry": {"type": "Point", "coordinates": [73.829341, 18.548658]}, "properties": {"depth": 4.99}}, {"type": "Feature", "geometry": {"type": "Point", "coordinates": [73.829578, 18.550762]}, "properties": {"depth": 1.9}}, {"type": "Feature", "geometry": {"type": "Point", "coordinates": [73.829556, 18.551013]}, "properties": {"depth": 4.97}}, {"type": "Feature", "geometry": {"type": "Point", "coordinates": [73.829624, 18.551231]}, "properties": {"depth": 7.69}}, {"type": "Feature", "geometry": {"type": "Point", "coordinates": [73.829367, 18.552044]}, "properties": {"depth": 6.75}}, {"type": "Feature", "geometry": {"type": "Point", "coordinates": [73.831112, 18.549242]}, "properties": {"depth": 2.15}}, {"type": "Feature", "geometry": {"type": "Point", "coordinates": [73.829044, 18.550627]}, "properties": {"depth": 1.6}}, {"type": "Feature", "geometry": {"type": "Point", "coordinates": [73.828403, 18.550721]}, "properties": {"depth": 4.84}}, {"type": "Feature", "geometry": {"type": "Point", "coordinates": [73.828712, 18.550731]}, "properties": {"depth": 4.7}}, {"type": "Feature", "geometry": {"type": "Point", "coordinates": [73.828811, 18.550979]}, "properties": {"depth": 6.98}}, {"type": "Feature", "geometry": {"type": "Point", "coordinates": [73.828531, 18.551118]}, "properties": {"depth": 6.38}}, {"type": "Feature", "geometry": {"type": "Point", "coordinates": [73.829077, 18.551298]}, "properties": {"depth": 8.72}}, {"type": "Feature", "geometry": {"type": "Point", "coordinates": [73.828532, 18.551484]}, "properties": {"depth": 7.07}}, {"type": "Feature", "geometry": {"type": "Point", "coordinates": [73.830398, 18.548764]}, "properties": {"depth": 6.46}}, {"type": "Feature", "geometry": {"type": "Point", "coordinates": [73.842225, 18.530694]}, "properties": {"depth": 6.2}}, {"type": "Feature", "geometry": {"type": "Point", "coordinates": [73.840891, 18.530679]}, "properties": {"depth": 10.21}}, {"type": "Feature", "geometry": {"type": "Point", "coordinates": [73.842019, 18.530709]}, "properties": {"depth": 6.55}}, {"type": "Feature", "geometry": {"type": "Point", "coordinates": [73.841277, 18.530756]}, "properties": {"depth": 3.54}}, {"type": "Feature", "geometry": {"type": "Point", "coordinates": [73.841493, 18.530786]}, "properties": {"depth": 3.54}}, {"type": "Feature", "geometry": {"type": "Point", "coordinates": [73.842289, 18.530942]}, "properties": {"depth": 6.93}}, {"type": "Feature", "geometry": {"type": "Point", "coordinates": [73.84254, 18.530995]}, "properties": {"depth": 5.48}}, {"type": "Feature", "geometry": {"type": "Point", "coordinates": [73.842058, 18.531062]}, "properties": {"depth": 5.42}}, {"type": "Feature", "geometry": {"type": "Point", "coordinates": [73.842289, 18.53116]}, "properties": {"depth": 6.15}}, {"type": "Feature", "geometry": {"type": "Point", "coordinates": [73.841436, 18.531177]}, "properties": {"depth": 6.82}}, {"type": "Feature", "geometry": {"type": "Point", "coordinates": [73.843123, 18.571007]}, "properties": {"depth": 3.51}}, {"type": "Feature", "geometry": {"type": "Point", "coordinates": [73.843535, 18.571862]}, "properties": {"depth": 0.35}}, {"type": "Feature", "geometry": {"type": "Point", "coordinates": [73.831623, 18.561073]}, "properties": {"depth": 12.55}}, {"type": "Feature", "geometry": {"type": "Point", "coordinates": [73.833095, 18.558989]}, "properties": {"depth": 6.63}}, {"type": "Feature", "geometry": {"type": "Point", "coordinates": [73.832847, 18.561188]}, "properties": {"depth": 7.26}}, {"type": "Feature", "geometry": {"type": "Point", "coordinates": [73.8332, 18.561268]}, "properties": {"depth": 3.51}}, {"type": "Feature", "geometry": {"type": "Point", "coordinates": [73.832909, 18.561367]}, "properties": {"depth": 7.02}}, {"type": "Feature", "geometry": {"type": "Point", "coordinates": [73.833354, 18.559142]}, "properties": {"depth": 7.08}}, {"type": "Feature", "geometry": {"type": "Point", "coordinates": [73.834776, 18.560034]}, "properties": {"depth": 5.77}}, {"type": "Feature", "geometry": {"type": "Point", "coordinates": [73.83503, 18.560172]}, "properties": {"depth": 5.57}}, {"type": "Feature", "geometry": {"type": "Point", "coordinates": [73.835266, 18.560302]}, "properties": {"depth": 5.49}}, {"type": "Feature", "geometry": {"type": "Point", "coordinates": [73.835064, 18.56062]}, "properties": {"depth": 5.17}}, {"type": "Feature", "geometry": {"type": "Point", "coordinates": [73.835312, 18.560763]}, "properties": {"depth": 6.21}}, {"type": "Feature", "geometry": {"type": "Point", "coordinates": [73.834979, 18.561232]}, "properties": {"depth": 5.56}}, {"type": "Feature", "geometry": {"type": "Point", "coordinates": [73.834575, 18.560349]}, "properties": {"depth": 7.22}}, {"type": "Feature", "geometry": {"type": "Point", "coordinates": [73.834836, 18.560497]}, "properties": {"depth": 5.54}}, {"type": "Feature", "geometry": {"type": "Point", "coordinates": [73.83437, 18.56067]}, "properties": {"depth": 6.48}}, {"type": "Feature", "geometry": {"type": "Point", "coordinates": [73.834619, 18.560813]}, "properties": {"depth": 6.92}}, {"type": "Feature", "geometry": {"type": "Point", "coordinates": [73.83486, 18.560938]}, "properties": {"depth": 6.92}}, {"type": "Feature", "geometry": {"type": "Point", "coordinates": [73.834581, 18.561198]}, "properties": {"depth": 5.22}}, {"type": "Feature", "geometry": {"type": "Point", "coordinates": [73.834618, 18.561404]}, "properties": {"depth": 3.5}}, {"type": "Feature", "geometry": {"type": "Point", "coordinates": [73.834395, 18.561451]}, "properties": {"depth": 3.15}}, {"type": "Feature", "geometry": {"type": "Point", "coordinates": [73.834641, 18.561563]}, "properties": {"depth": 2.82}}, {"type": "Feature", "geometry": {"type": "Point", "coordinates": [73.834065, 18.561769]}, "properties": {"depth": 3.15}}, {"type": "Feature", "geometry": {"type": "Point", "coordinates": [73.832964, 18.561576]}, "properties": {"depth": 3.55}}, {"type": "Feature", "geometry": {"type": "Point", "coordinates": [73.833052, 18.561742]}, "properties": {"depth": 3.55}}, {"type": "Feature", "geometry": {"type": "Point", "coordinates": [73.831917, 18.568792]}, "properties": {"depth": 0.99}}, {"type": "Feature", "geometry": {"type": "Point", "coordinates": [73.832471, 18.5703]}, "properties": {"depth": 0.83}}, {"type": "Feature", "geometry": {"type": "Point", "coordinates": [73.831393, 18.568229]}, "properties": {"depth": 1.29}}, {"type": "Feature", "geometry": {"type": "Point", "coordinates": [73.831447, 18.5686]}, "properties": {"depth": 0.39}}, {"type": "Feature", "geometry": {"type": "Point", "coordinates": [73.831118, 18.568767]}, "properties": {"depth": 3.52}}, {"type": "Feature", "geometry": {"type": "Point", "coordinates": [73.831539, 18.568972]}, "properties": {"depth": 1.15}}, {"type": "Feature", "geometry": {"type": "Point", "coordinates": [73.831132, 18.56908]}, "properties": {"depth": 2.48}}, {"type": "Feature", "geometry": {"type": "Point", "coordinates": [73.818301, 18.56686]}, "properties": {"depth": 2.25}}, {"type": "Feature", "geometry": {"type": "Point", "coordinates": [73.818055, 18.566941]}, "properties": {"depth": 2.59}}, {"type": "Feature", "geometry": {"type": "Point", "coordinates": [73.817915, 18.566968]}, "properties": {"depth": 1.77}}, {"type": "Feature", "geometry": {"type": "Point", "coordinates": [73.818327, 18.567046]}, "properties": {"depth": 2.25}}, {"type": "Feature", "geometry": {"type": "Point", "coordinates": [73.817766, 18.567154]}, "properties": {"depth": 3.03}}, {"type": "Feature", "geometry": {"type": "Point", "coordinates": [73.81794, 18.567158]}, "properties": {"depth": 2.93}}, {"type": "Feature", "geometry": {"type": "Point", "coordinates": [73.818098, 18.567164]}, "properties": {"depth": 2.93}}, {"type": "Feature", "geometry": {"type": "Point", "coordinates": [73.817418, 18.567182]}, "properties": {"depth": 4.31}}, {"type": "Feature", "geometry": {"type": "Point", "coordinates": [73.818391, 18.567225]}, "properties": {"depth": 2.43}}, {"type": "Feature", "geometry": {"type": "Point", "coordinates": [73.817452, 18.567241]}, "properties": {"depth": 4.31}}, {"type": "Feature", "geometry": {"type": "Point", "coordinates": [73.817456, 18.567319]}, "properties": {"depth": 4.31}}, {"type": "Feature", "geometry": {"type": "Point", "coordinates": [73.817421, 18.567377]}, "properties": {"depth": 5.01}}, {"type": "Feature", "geometry": {"type": "Point", "coordinates": [73.818423, 18.567396]}, "properties": {"depth": 3.87}}, {"type": "Feature", "geometry": {"type": "Point", "coordinates": [73.817935, 18.567457]}, "properties": {"depth": 2.96}}, {"type": "Feature", "geometry": {"type": "Point", "coordinates": [73.815691, 18.566596]}, "properties": {"depth": 6.74}}, {"type": "Feature", "geometry": {"type": "Point", "coordinates": [73.815622, 18.566629]}, "properties": {"depth": 6.74}}, {"type": "Feature", "geometry": {"type": "Point", "coordinates": [73.815679, 18.566694]}, "properties": {"depth": 6.74}}, {"type": "Feature", "geometry": {"type": "Point", "coordinates": [73.815623, 18.566732]}, "properties": {"depth": 6.74}}, {"type": "Feature", "geometry": {"type": "Point", "coordinates": [73.815685, 18.56676]}, "properties": {"depth": 6.74}}, {"type": "Feature", "geometry": {"type": "Point", "coordinates": [73.815187, 18.566453]}, "properties": {"depth": 3.59}}, {"type": "Feature", "geometry": {"type": "Point", "coordinates": [73.814594, 18.566505]}, "properties": {"depth": 2.48}}, {"type": "Feature", "geometry": {"type": "Point", "coordinates": [73.814978, 18.566502]}, "properties": {"depth": 4.03}}, {"type": "Feature", "geometry": {"type": "Point", "coordinates": [73.814387, 18.566667]}, "properties": {"depth": 4.25}}, {"type": "Feature", "geometry": {"type": "Point", "coordinates": [73.814588, 18.566822]}, "properties": {"depth": 3.66}}, {"type": "Feature", "geometry": {"type": "Point", "coordinates": [73.814961, 18.5669]}, "properties": {"depth": 4.18}}, {"type": "Feature", "geometry": {"type": "Point", "coordinates": [73.815615, 18.566807]}, "properties": {"depth": 7.63}}, {"type": "Feature", "geometry": {"type": "Point", "coordinates": [73.815685, 18.566833]}, "properties": {"depth": 7.63}}, {"type": "Feature", "geometry": {"type": "Point", "coordinates": [73.81561, 18.566886]}, "properties": {"depth": 7.63}}, {"type": "Feature", "geometry": {"type": "Point", "coordinates": [73.815674, 18.566913]}, "properties": {"depth": 7.63}}, {"type": "Feature", "geometry": {"type": "Point", "coordinates": [73.815966, 18.566922]}, "properties": {"depth": 0.53}}, {"type": "Feature", "geometry": {"type": "Point", "coordinates": [73.815608, 18.566956]}, "properties": {"depth": 7.63}}, {"type": "Feature", "geometry": {"type": "Point", "coordinates": [73.815671, 18.566993]}, "properties": {"depth": 7.63}}, {"type": "Feature", "geometry": {"type": "Point", "coordinates": [73.81567, 18.567041]}, "properties": {"depth": 7.63}}, {"type": "Feature", "geometry": {"type": "Point", "coordinates": [73.815606, 18.567042]}, "properties": {"depth": 7.63}}, {"type": "Feature", "geometry": {"type": "Point", "coordinates": [73.815669, 18.567128]}, "properties": {"depth": 1.34}}, {"type": "Feature", "geometry": {"type": "Point", "coordinates": [73.81651, 18.566806]}, "properties": {"depth": 3.22}}, {"type": "Feature", "geometry": {"type": "Point", "coordinates": [73.81735, 18.567303]}, "properties": {"depth": 8.03}}, {"type": "Feature", "geometry": {"type": "Point", "coordinates": [73.816455, 18.567394]}, "properties": {"depth": 5.94}}, {"type": "Feature", "geometry": {"type": "Point", "coordinates": [73.816764, 18.567772]}, "properties": {"depth": 7.87}}, {"type": "Feature", "geometry": {"type": "Point", "coordinates": [73.814419, 18.566894]}, "properties": {"depth": 5.34}}, {"type": "Feature", "geometry": {"type": "Point", "coordinates": [73.814644, 18.567146]}, "properties": {"depth": 6.44}}, {"type": "Feature", "geometry": {"type": "Point", "coordinates": [73.814316, 18.567253]}, "properties": {"depth": 5.09}}, {"type": "Feature", "geometry": {"type": "Point", "coordinates": [73.81487, 18.567283]}, "properties": {"depth": 6.75}}, {"type": "Feature", "geometry": {"type": "Point", "coordinates": [73.815058, 18.56729]}, "properties": {"depth": 6.75}}, {"type": "Feature", "geometry": {"type": "Point", "coordinates": [73.814471, 18.567374]}, "properties": {"depth": 7.19}}, {"type": "Feature", "geometry": {"type": "Point", "coordinates": [73.814312, 18.567642]}, "properties": {"depth": 8.4}}, {"type": "Feature", "geometry": {"type": "Point", "coordinates": [73.814352, 18.567807]}, "properties": {"depth": 8.4}}, {"type": "Feature", "geometry": {"type": "Point", "coordinates": [73.815642, 18.567172]}, "properties": {"depth": 1.34}}, {"type": "Feature", "geometry": {"type": "Point", "coordinates": [73.815978, 18.567329]}, "properties": {"depth": 5.37}}, {"type": "Feature", "geometry": {"type": "Point", "coordinates": [73.816225, 18.567796]}, "properties": {"depth": 6.57}}, {"type": "Feature", "geometry": {"type": "Point", "coordinates": [73.815914, 18.567893]}, "properties": {"depth": 1.65}}, {"type": "Feature", "geometry": {"type": "Point", "coordinates": [73.818081, 18.567466]}, "properties": {"depth": 2.96}}, {"type": "Feature", "geometry": {"type": "Point", "coordinates": [73.817403, 18.567586]}, "properties": {"depth": 5.01}}, {"type": "Feature", "geometry": {"type": "Point", "coordinates": [73.818039, 18.567658]}, "properties": {"depth": 2.07}}, {"type": "Feature", "geometry": {"type": "Point", "coordinates": [73.817414, 18.567782]}, "properties": {"depth": 0.39}}, {"type": "Feature", "geometry": {"type": "Point", "coordinates": [73.818069, 18.567863]}, "properties": {"depth": 2.07}}, {"type": "Feature", "geometry": {"type": "Point", "coordinates": [73.817441, 18.568018]}, "properties": {"depth": 0.71}}, {"type": "Feature", "geometry": {"type": "Point", "coordinates": [73.818272, 18.568148]}, "properties": {"depth": 6.31}}, {"type": "Feature", "geometry": {"type": "Point", "coordinates": [73.817847, 18.568152]}, "properties": {"depth": 4.65}}, {"type": "Feature", "geometry": {"type": "Point", "coordinates": [73.817439, 18.568249]}, "properties": {"depth": 4.34}}, {"type": "Feature", "geometry": {"type": "Point", "coordinates": [73.832198, 18.570407]}, "properties": {"depth": 3.17}}, {"type": "Feature", "geometry": {"type": "Point", "coordinates": [73.831999, 18.57069]}, "properties": {"depth": 0.43}}, {"type": "Feature", "geometry": {"type": "Point", "coordinates": [73.832161, 18.570788]}, "properties": {"depth": 0.48}}, {"type": "Feature", "geometry": {"type": "Point", "coordinates": [73.832726, 18.570816]}, "properties": {"depth": 2.38}}, {"type": "Feature", "geometry": {"type": "Point", "coordinates": [73.831968, 18.570827]}, "properties": {"depth": 3.75}}, {"type": "Feature", "geometry": {"type": "Point", "coordinates": [73.832546, 18.570832]}, "properties": {"depth": 3.71}}, {"type": "Feature", "geometry": {"type": "Point", "coordinates": [73.831842, 18.570842]}, "properties": {"depth": 3.75}}, {"type": "Feature", "geometry": {"type": "Point", "coordinates": [73.832809, 18.570953]}, "properties": {"depth": 2.38}}, {"type": "Feature", "geometry": {"type": "Point", "coordinates": [73.833452, 18.570975]}, "properties": {"depth": 0.05}}, {"type": "Feature", "geometry": {"type": "Point", "coordinates": [73.833723, 18.570997]}, "properties": {"depth": 0.51}}, {"type": "Feature", "geometry": {"type": "Point", "coordinates": [73.833577, 18.571116]}, "properties": {"depth": 0.51}}, {"type": "Feature", "geometry": {"type": "Point", "coordinates": [73.833278, 18.571151]}, "properties": {"depth": 0.05}}, {"type": "Feature", "geometry": {"type": "Point", "coordinates": [73.83203, 18.570991]}, "properties": {"depth": 1.05}}, {"type": "Feature", "geometry": {"type": "Point", "coordinates": [73.832221, 18.571022]}, "properties": {"depth": 1.4}}, {"type": "Feature", "geometry": {"type": "Point", "coordinates": [73.83181, 18.571061]}, "properties": {"depth": 1.05}}, {"type": "Feature", "geometry": {"type": "Point", "coordinates": [73.831733, 18.571073]}, "properties": {"depth": 3.26}}, {"type": "Feature", "geometry": {"type": "Point", "coordinates": [73.832072, 18.571091]}, "properties": {"depth": 1.05}}, {"type": "Feature", "geometry": {"type": "Point", "coordinates": [73.832842, 18.571113]}, "properties": {"depth": 3.67}}, {"type": "Feature", "geometry": {"type": "Point", "coordinates": [73.832087, 18.571166]}, "properties": {"depth": 1.4}}, {"type": "Feature", "geometry": {"type": "Point", "coordinates": [73.832006, 18.571201]}, "properties": {"depth": 1.05}}, {"type": "Feature", "geometry": {"type": "Point", "coordinates": [73.832211, 18.571206]}, "properties": {"depth": 1.4}}, {"type": "Feature", "geometry": {"type": "Point", "coordinates": [73.831897, 18.571237]}, "properties": {"depth": 1.05}}, {"type": "Feature", "geometry": {"type": "Point", "coordinates": [73.833988, 18.571537]}, "properties": {"depth": 0.84}}, {"type": "Feature", "geometry": {"type": "Point", "coordinates": [73.833612, 18.571716]}, "properties": {"depth": 2.34}}, {"type": "Feature", "geometry": {"type": "Point", "coordinates": [73.834052, 18.571824]}, "properties": {"depth": 1.37}}, {"type": "Feature", "geometry": {"type": "Point", "coordinates": [73.834572, 18.57191]}, "properties": {"depth": 1.07}}, {"type": "Feature", "geometry": {"type": "Point", "coordinates": [73.834282, 18.571923]}, "properties": {"depth": 1.37}}, {"type": "Feature", "geometry": {"type": "Point", "coordinates": [73.834476, 18.571942]}, "properties": {"depth": 1.07}}, {"type": "Feature", "geometry": {"type": "Point", "coordinates": [73.832068, 18.571298]}, "properties": {"depth": 2.18}}, {"type": "Feature", "geometry": {"type": "Point", "coordinates": [73.831865, 18.571389]}, "properties": {"depth": 2.18}}, {"type": "Feature", "geometry": {"type": "Point", "coordinates": [73.833017, 18.571434]}, "properties": {"depth": 6.02}}, {"type": "Feature", "geometry": {"type": "Point", "coordinates": [73.831858, 18.571467]}, "properties": {"depth": 2.18}}, {"type": "Feature", "geometry": {"type": "Point", "coordinates": [73.833052, 18.571487]}, "properties": {"depth": 6.02}}, {"type": "Feature", "geometry": {"type": "Point", "coordinates": [73.832757, 18.57153]}, "properties": {"depth": 1.19}}, {"type": "Feature", "geometry": {"type": "Point", "coordinates": [73.831819, 18.571536]}, "properties": {"depth": 4.4}}, {"type": "Feature", "geometry": {"type": "Point", "coordinates": [73.832818, 18.571778]}, "properties": {"depth": 1.19}}, {"type": "Feature", "geometry": {"type": "Point", "coordinates": [73.832444, 18.571997]}, "properties": {"depth": 2.9}}, {"type": "Feature", "geometry": {"type": "Point", "coordinates": [73.832879, 18.57215]}, "properties": {"depth": 3.27}}, {"type": "Feature", "geometry": {"type": "Point", "coordinates": [73.834138, 18.57197]}, "properties": {"depth": 1.37}}, {"type": "Feature", "geometry": {"type": "Point", "coordinates": [73.833182, 18.571988]}, "properties": {"depth": 2.45}}, {"type": "Feature", "geometry": {"type": "Point", "coordinates": [73.834282, 18.572003]}, "properties": {"depth": 1.37}}, {"type": "Feature", "geometry": {"type": "Point", "coordinates": [73.833983, 18.57208]}, "properties": {"depth": 0.1}}, {"type": "Feature", "geometry": {"type": "Point", "coordinates": [73.834597, 18.572097]}, "properties": {"depth": 0.19}}, {"type": "Feature", "geometry": {"type": "Point", "coordinates": [73.833513, 18.572151]}, "properties": {"depth": 5.68}}, {"type": "Feature", "geometry": {"type": "Point", "coordinates": [73.834766, 18.572214]}, "properties": {"depth": 0.19}}, {"type": "Feature", "geometry": {"type": "Point", "coordinates": [73.834291, 18.572306]}, "properties": {"depth": 0.47}}, {"type": "Feature", "geometry": {"type": "Point", "coordinates": [73.833131, 18.572402]}, "properties": {"depth": 0.56}}, {"type": "Feature", "geometry": {"type": "Point", "coordinates": [73.834965, 18.572207]}, "properties": {"depth": 0.98}}, {"type": "Feature", "geometry": {"type": "Point", "coordinates": [73.835401, 18.572594]}, "properties": {"depth": 2.83}}, {"type": "Feature", "geometry": {"type": "Point", "coordinates": [73.835131, 18.572617]}, "properties": {"depth": 2.97}}, {"type": "Feature", "geometry": {"type": "Point", "coordinates": [73.835255, 18.572643]}, "properties": {"depth": 3.55}}, {"type": "Feature", "geometry": {"type": "Point", "coordinates": [73.835331, 18.572824]}, "properties": {"depth": 3.55}}, {"type": "Feature", "geometry": {"type": "Point", "coordinates": [73.834834, 18.57287]}, "properties": {"depth": 2.52}}, {"type": "Feature", "geometry": {"type": "Point", "coordinates": [73.836709, 18.572919]}, "properties": {"depth": 2.32}}, {"type": "Feature", "geometry": {"type": "Point", "coordinates": [73.835775, 18.572985]}, "properties": {"depth": 3.01}}, {"type": "Feature", "geometry": {"type": "Point", "coordinates": [73.835474, 18.572983]}, "properties": {"depth": 0.18}}, {"type": "Feature", "geometry": {"type": "Point", "coordinates": [73.832374, 18.572224]}, "properties": {"depth": 8.65}}, {"type": "Feature", "geometry": {"type": "Point", "coordinates": [73.832278, 18.572256]}, "properties": {"depth": 4.45}}, {"type": "Feature", "geometry": {"type": "Point", "coordinates": [73.832925, 18.572488]}, "properties": {"depth": 0.56}}, {"type": "Feature", "geometry": {"type": "Point", "coordinates": [73.832732, 18.572499]}, "properties": {"depth": 1.13}}, {"type": "Feature", "geometry": {"type": "Point", "coordinates": [73.832643, 18.572533]}, "properties": {"depth": 1.13}}, {"type": "Feature", "geometry": {"type": "Point", "coordinates": [73.834642, 18.572703]}, "properties": {"depth": 2.52}}, {"type": "Feature", "geometry": {"type": "Point", "coordinates": [73.833307, 18.572807]}, "properties": {"depth": 1.79}}, {"type": "Feature", "geometry": {"type": "Point", "coordinates": [73.833835, 18.572841]}, "properties": {"depth": 2.04}}, {"type": "Feature", "geometry": {"type": "Point", "coordinates": [73.834006, 18.572861]}, "properties": {"depth": 2.04}}, {"type": "Feature", "geometry": {"type": "Point", "coordinates": [73.833917, 18.573006]}, "properties": {"depth": 1.62}}, {"type": "Feature", "geometry": {"type": "Point", "coordinates": [73.833716, 18.573074]}, "properties": {"depth": 1.75}}, {"type": "Feature", "geometry": {"type": "Point", "coordinates": [73.836375, 18.573187]}, "properties": {"depth": 0.05}}, {"type": "Feature", "geometry": {"type": "Point", "coordinates": [73.835458, 18.573211]}, "properties": {"depth": 2.68}}, {"type": "Feature", "geometry": {"type": "Point", "coordinates": [73.836363, 18.573255]}, "properties": {"depth": 1.01}}, {"type": "Feature", "geometry": {"type": "Point", "coordinates": [73.83611, 18.573575]}, "properties": {"depth": 1.89}}, {"type": "Feature", "geometry": {"type": "Point", "coordinates": [73.836172, 18.573669]}, "properties": {"depth": 1.89}}, {"type": "Feature", "geometry": {"type": "Point", "coordinates": [73.836228, 18.57386]}, "properties": {"depth": 5.73}}, {"type": "Feature", "geometry": {"type": "Point", "coordinates": [73.812275, 18.566122]}, "properties": {"depth": 3.36}}, {"type": "Feature", "geometry": {"type": "Point", "coordinates": [73.812565, 18.565985]}, "properties": {"depth": 0.13}}, {"type": "Feature", "geometry": {"type": "Point", "coordinates": [73.812956, 18.566552]}, "properties": {"depth": 1.67}}, {"type": "Feature", "geometry": {"type": "Point", "coordinates": [73.813332, 18.566804]}, "properties": {"depth": 0.39}}, {"type": "Feature", "geometry": {"type": "Point", "coordinates": [73.814196, 18.567312]}, "properties": {"depth": 5.44}}, {"type": "Feature", "geometry": {"type": "Point", "coordinates": [73.814155, 18.567552]}, "properties": {"depth": 7.05}}, {"type": "Feature", "geometry": {"type": "Point", "coordinates": [73.814157, 18.567609]}, "properties": {"depth": 7.05}}, {"type": "Feature", "geometry": {"type": "Point", "coordinates": [73.806718, 18.566596]}, "properties": {"depth": 0.01}}, {"type": "Feature", "geometry": {"type": "Point", "coordinates": [73.80653, 18.566679]}, "properties": {"depth": 0.01}}, {"type": "Feature", "geometry": {"type": "Point", "coordinates": [73.810226, 18.567136]}, "properties": {"depth": 0.25}}, {"type": "Feature", "geometry": {"type": "Point", "coordinates": [73.811168, 18.567424]}, "properties": {"depth": 7.16}}, {"type": "Feature", "geometry": {"type": "Point", "coordinates": [73.809361, 18.566214]}, "properties": {"depth": 1.49}}, {"type": "Feature", "geometry": {"type": "Point", "coordinates": [73.809541, 18.566931]}, "properties": {"depth": 2.77}}, {"type": "Feature", "geometry": {"type": "Point", "coordinates": [73.810127, 18.567593]}, "properties": {"depth": 5.13}}, {"type": "Feature", "geometry": {"type": "Point", "coordinates": [73.808411, 18.565977]}, "properties": {"depth": 2.04}}, {"type": "Feature", "geometry": {"type": "Point", "coordinates": [73.808806, 18.566141]}, "properties": {"depth": 1.84}}, {"type": "Feature", "geometry": {"type": "Point", "coordinates": [73.808529, 18.566219]}, "properties": {"depth": 1.57}}, {"type": "Feature", "geometry": {"type": "Point", "coordinates": [73.808087, 18.567163]}, "properties": {"depth": 1.67}}, {"type": "Feature", "geometry": {"type": "Point", "coordinates": [73.808912, 18.567202]}, "properties": {"depth": 6.1}}, {"type": "Feature", "geometry": {"type": "Point", "coordinates": [73.807845, 18.567385]}, "properties": {"depth": 1.26}}, {"type": "Feature", "geometry": {"type": "Point", "coordinates": [73.803797, 18.568589]}, "properties": {"depth": 3.48}}, {"type": "Feature", "geometry": {"type": "Point", "coordinates": [73.803388, 18.56902]}, "properties": {"depth": 1.07}}, {"type": "Feature", "geometry": {"type": "Point", "coordinates": [73.734863, 18.567769]}, "properties": {"depth": 0.21}}, {"type": "Feature", "geometry": {"type": "Point", "coordinates": [73.733813, 18.567809]}, "properties": {"depth": 4.1}}, {"type": "Feature", "geometry": {"type": "Point", "coordinates": [73.733628, 18.568053]}, "properties": {"depth": 5.27}}, {"type": "Feature", "geometry": {"type": "Point", "coordinates": [73.734484, 18.568313]}, "properties": {"depth": 3.6}}, {"type": "Feature", "geometry": {"type": "Point", "coordinates": [73.73839, 18.570175]}, "properties": {"depth": 1.48}}, {"type": "Feature", "geometry": {"type": "Point", "coordinates": [73.738518, 18.570996]}, "properties": {"depth": 2.77}}, {"type": "Feature", "geometry": {"type": "Point", "coordinates": [73.739126, 18.571112]}, "properties": {"depth": 3.36}}, {"type": "Feature", "geometry": {"type": "Point", "coordinates": [73.75712, 18.575227]}, "properties": {"depth": 10.5}}, {"type": "Feature", "geometry": {"type": "Point", "coordinates": [73.751782, 18.574214]}, "properties": {"depth": 2.03}}, {"type": "Feature", "geometry": {"type": "Point", "coordinates": [73.7522, 18.574585]}, "properties": {"depth": 1.26}}, {"type": "Feature", "geometry": {"type": "Point", "coordinates": [73.75132, 18.57506]}, "properties": {"depth": 8.58}}, {"type": "Feature", "geometry": {"type": "Point", "coordinates": [73.752464, 18.575307]}, "properties": {"depth": 2.2}}, {"type": "Feature", "geometry": {"type": "Point", "coordinates": [73.75257, 18.575342]}, "properties": {"depth": 2.2}}, {"type": "Feature", "geometry": {"type": "Point", "coordinates": [73.75212, 18.575516]}, "properties": {"depth": 2.16}}, {"type": "Feature", "geometry": {"type": "Point", "coordinates": [73.752185, 18.575709]}, "properties": {"depth": 4.04}}, {"type": "Feature", "geometry": {"type": "Point", "coordinates": [73.758564, 18.575818]}, "properties": {"depth": 7.75}}, {"type": "Feature", "geometry": {"type": "Point", "coordinates": [73.759446, 18.57586]}, "properties": {"depth": 0.28}}, {"type": "Feature", "geometry": {"type": "Point", "coordinates": [73.758611, 18.576366]}, "properties": {"depth": 8.22}}, {"type": "Feature", "geometry": {"type": "Point", "coordinates": [73.759791, 18.576581]}, "properties": {"depth": 7.42}}, {"type": "Feature", "geometry": {"type": "Point", "coordinates": [73.756552, 18.5758]}, "properties": {"depth": 11.83}}, {"type": "Feature", "geometry": {"type": "Point", "coordinates": [73.756599, 18.576324]}, "properties": {"depth": 13.19}}, {"type": "Feature", "geometry": {"type": "Point", "coordinates": [73.754199, 18.576959]}, "properties": {"depth": 1.42}}, {"type": "Feature", "geometry": {"type": "Point", "coordinates": [73.756739, 18.577135]}, "properties": {"depth": 14.65}}, {"type": "Feature", "geometry": {"type": "Point", "coordinates": [73.75693, 18.577204]}, "properties": {"depth": 13.82}}, {"type": "Feature", "geometry": {"type": "Point", "coordinates": [73.754367, 18.577385]}, "properties": {"depth": 2.55}}, {"type": "Feature", "geometry": {"type": "Point", "coordinates": [73.75383, 18.577677]}, "properties": {"depth": 2.97}}, {"type": "Feature", "geometry": {"type": "Point", "coordinates": [73.75688, 18.578119]}, "properties": {"depth": 15.2}}, {"type": "Feature", "geometry": {"type": "Point", "coordinates": [73.755549, 18.578332]}, "properties": {"depth": 3.98}}, {"type": "Feature", "geometry": {"type": "Point", "coordinates": [73.757198, 18.578371]}, "properties": {"depth": 13.21}}, {"type": "Feature", "geometry": {"type": "Point", "coordinates": [73.757852, 18.577165]}, "properties": {"depth": 7.87}}, {"type": "Feature", "geometry": {"type": "Point", "coordinates": [73.758664, 18.578813]}, "properties": {"depth": 4.05}}, {"type": "Feature", "geometry": {"type": "Point", "coordinates": [73.757078, 18.578425]}, "properties": {"depth": 13.79}}, {"type": "Feature", "geometry": {"type": "Point", "coordinates": [73.757132, 18.578529]}, "properties": {"depth": 12.73}}, {"type": "Feature", "geometry": {"type": "Point", "coordinates": [73.757173, 18.578657]}, "properties": {"depth": 12.73}}, {"type": "Feature", "geometry": {"type": "Point", "coordinates": [73.760415, 18.585276]}, "properties": {"depth": 2.29}}, {"type": "Feature", "geometry": {"type": "Point", "coordinates": [73.760754, 18.585297]}, "properties": {"depth": 1.79}}, {"type": "Feature", "geometry": {"type": "Point", "coordinates": [73.760226, 18.58584]}, "properties": {"depth": 3.24}}, {"type": "Feature", "geometry": {"type": "Point", "coordinates": [73.760658, 18.585921]}, "properties": {"depth": 3.42}}, {"type": "Feature", "geometry": {"type": "Point", "coordinates": [73.760073, 18.586173]}, "properties": {"depth": 3.16}}, {"type": "Feature", "geometry": {"type": "Point", "coordinates": [73.760698, 18.586373]}, "properties": {"depth": 5.13}}, {"type": "Feature", "geometry": {"type": "Point", "coordinates": [73.765542, 18.585421]}, "properties": {"depth": 2.4}}, {"type": "Feature", "geometry": {"type": "Point", "coordinates": [73.765477, 18.586177]}, "properties": {"depth": 2.25}}, {"type": "Feature", "geometry": {"type": "Point", "coordinates": [73.765447, 18.586544]}, "properties": {"depth": 3.17}}, {"type": "Feature", "geometry": {"type": "Point", "coordinates": [73.796418, 18.564165]}, "properties": {"depth": 3.45}}, {"type": "Feature", "geometry": {"type": "Point", "coordinates": [73.799133, 18.566359]}, "properties": {"depth": 0.14}}, {"type": "Feature", "geometry": {"type": "Point", "coordinates": [73.787013, 18.57106]}, "properties": {"depth": 0.95}}, {"type": "Feature", "geometry": {"type": "Point", "coordinates": [73.786103, 18.572008]}, "properties": {"depth": 0.64}}, {"type": "Feature", "geometry": {"type": "Point", "coordinates": [73.784053, 18.573246]}, "properties": {"depth": 2.26}}, {"type": "Feature", "geometry": {"type": "Point", "coordinates": [73.783769, 18.574582]}, "properties": {"depth": 0.45}}, {"type": "Feature", "geometry": {"type": "Point", "coordinates": [73.782576, 18.575918]}, "properties": {"depth": 4.91}}, {"type": "Feature", "geometry": {"type": "Point", "coordinates": [73.781796, 18.576431]}, "properties": {"depth": 1.36}}, {"type": "Feature", "geometry": {"type": "Point", "coordinates": [73.782165, 18.576495]}, "properties": {"depth": 4.15}}, {"type": "Feature", "geometry": {"type": "Point", "coordinates": [73.781819, 18.576534]}, "properties": {"depth": 0.58}}, {"type": "Feature", "geometry": {"type": "Point", "coordinates": [73.781906, 18.576538]}, "properties": {"depth": 0.58}}, {"type": "Feature", "geometry": {"type": "Point", "coordinates": [73.781627, 18.576901]}, "properties": {"depth": 1.86}}, {"type": "Feature", "geometry": {"type": "Point", "coordinates": [73.781672, 18.576918]}, "properties": {"depth": 1.86}}, {"type": "Feature", "geometry": {"type": "Point", "coordinates": [73.783422, 18.575661]}, "properties": {"depth": 2.95}}, {"type": "Feature", "geometry": {"type": "Point", "coordinates": [73.782753, 18.575718]}, "properties": {"depth": 5.01}}, {"type": "Feature", "geometry": {"type": "Point", "coordinates": [73.783266, 18.575765]}, "properties": {"depth": 5.51}}, {"type": "Feature", "geometry": {"type": "Point", "coordinates": [73.78289, 18.576025]}, "properties": {"depth": 7.29}}, {"type": "Feature", "geometry": {"type": "Point", "coordinates": [73.780656, 18.576021]}, "properties": {"depth": 1.8}}, {"type": "Feature", "geometry": {"type": "Point", "coordinates": [73.780821, 18.5763]}, "properties": {"depth": 0.74}}, {"type": "Feature", "geometry": {"type": "Point", "coordinates": [73.781145, 18.576338]}, "properties": {"depth": 2.14}}, {"type": "Feature", "geometry": {"type": "Point", "coordinates": [73.78154, 18.576396]}, "properties": {"depth": 1.36}}, {"type": "Feature", "geometry": {"type": "Point", "coordinates": [73.781583, 18.576598]}, "properties": {"depth": 1.84}}, {"type": "Feature", "geometry": {"type": "Point", "coordinates": [73.780678, 18.576597]}, "properties": {"depth": 0.32}}, {"type": "Feature", "geometry": {"type": "Point", "coordinates": [73.781127, 18.57666]}, "properties": {"depth": 2.73}}, {"type": "Feature", "geometry": {"type": "Point", "coordinates": [73.780741, 18.576785]}, "properties": {"depth": 1.78}}, {"type": "Feature", "geometry": {"type": "Point", "coordinates": [73.781446, 18.576842]}, "properties": {"depth": 3.78}}, {"type": "Feature", "geometry": {"type": "Point", "coordinates": [73.7804, 18.57725]}, "properties": {"depth": 2.06}}, {"type": "Feature", "geometry": {"type": "Point", "coordinates": [73.780088, 18.577277]}, "properties": {"depth": 0.69}}, {"type": "Feature", "geometry": {"type": "Point", "coordinates": [73.780141, 18.577376]}, "properties": {"depth": 0.47}}, {"type": "Feature", "geometry": {"type": "Point", "coordinates": [73.780427, 18.577516]}, "properties": {"depth": 2.06}}, {"type": "Feature", "geometry": {"type": "Point", "coordinates": [73.78056, 18.57753]}, "properties": {"depth": 2.06}}, {"type": "Feature", "geometry": {"type": "Point", "coordinates": [73.780289, 18.577555]}, "properties": {"depth": 0.47}}, {"type": "Feature", "geometry": {"type": "Point", "coordinates": [73.780437, 18.577638]}, "properties": {"depth": 2.06}}, {"type": "Feature", "geometry": {"type": "Point", "coordinates": [73.781523, 18.576849]}, "properties": {"depth": 3.78}}, {"type": "Feature", "geometry": {"type": "Point", "coordinates": [73.781583, 18.576885]}, "properties": {"depth": 1.86}}, {"type": "Feature", "geometry": {"type": "Point", "coordinates": [73.78112, 18.576989]}, "properties": {"depth": 3.72}}, {"type": "Feature", "geometry": {"type": "Point", "coordinates": [73.780772, 18.577071]}, "properties": {"depth": 3.87}}, {"type": "Feature", "geometry": {"type": "Point", "coordinates": [73.780665, 18.577114]}, "properties": {"depth": 4.43}}, {"type": "Feature", "geometry": {"type": "Point", "coordinates": [73.780688, 18.577329]}, "properties": {"depth": 4.43}}, {"type": "Feature", "geometry": {"type": "Point", "coordinates": [73.780859, 18.577545]}, "properties": {"depth": 4.3}}, {"type": "Feature", "geometry": {"type": "Point", "coordinates": [73.780641, 18.577677]}, "properties": {"depth": 2.61}}, {"type": "Feature", "geometry": {"type": "Point", "coordinates": [73.780187, 18.577777]}, "properties": {"depth": 0.74}}, {"type": "Feature", "geometry": {"type": "Point", "coordinates": [73.780555, 18.577798]}, "properties": {"depth": 2.61}}, {"type": "Feature", "geometry": {"type": "Point", "coordinates": [73.780408, 18.577897]}, "properties": {"depth": 0.74}}, {"type": "Feature", "geometry": {"type": "Point", "coordinates": [73.780478, 18.577985]}, "properties": {"depth": 2.24}}, {"type": "Feature", "geometry": {"type": "Point", "coordinates": [73.780157, 18.577986]}, "properties": {"depth": 2.47}}, {"type": "Feature", "geometry": {"type": "Point", "coordinates": [73.780307, 18.578016]}, "properties": {"depth": 2.47}}, {"type": "Feature", "geometry": {"type": "Point", "coordinates": [73.787508, 18.57099]}, "properties": {"depth": 0.9}}, {"type": "Feature", "geometry": {"type": "Point", "coordinates": [73.77621, 18.586956]}, "properties": {"depth": 3.21}}, {"type": "Feature", "geometry": {"type": "Point", "coordinates": [73.779577, 18.577988]}, "properties": {"depth": 1.17}}, {"type": "Feature", "geometry": {"type": "Point", "coordinates": [73.77945, 18.577996]}, "properties": {"depth": 1.17}}, {"type": "Feature", "geometry": {"type": "Point", "coordinates": [73.779407, 18.578453]}, "properties": {"depth": 2.34}}, {"type": "Feature", "geometry": {"type": "Point", "coordinates": [73.779538, 18.578652]}, "properties": {"depth": 2.33}}, {"type": "Feature", "geometry": {"type": "Point", "coordinates": [73.779293, 18.578812]}, "properties": {"depth": 2.49}}, {"type": "Feature", "geometry": {"type": "Point", "coordinates": [73.777937, 18.582992]}, "properties": {"depth": 6.39}}, {"type": "Feature", "geometry": {"type": "Point", "coordinates": [73.777553, 18.585494]}, "properties": {"depth": 3.41}}, {"type": "Feature", "geometry": {"type": "Point", "coordinates": [73.777445, 18.585529]}, "properties": {"depth": 3.41}}, {"type": "Feature", "geometry": {"type": "Point", "coordinates": [73.777534, 18.58559]}, "properties": {"depth": 3.41}}, {"type": "Feature", "geometry": {"type": "Point", "coordinates": [73.77734, 18.585687]}, "properties": {"depth": 4.99}}, {"type": "Feature", "geometry": {"type": "Point", "coordinates": [73.772169, 18.585495]}, "properties": {"depth": 1.53}}, {"type": "Feature", "geometry": {"type": "Point", "coordinates": [73.83938, 18.572352]}, "properties": {"depth": 5.56}}, {"type": "Feature", "geometry": {"type": "Point", "coordinates": [73.976995, 18.579334]}, "properties": {"depth": 8.62}}, {"type": "Feature", "geometry": {"type": "Point", "coordinates": [73.976553, 18.579501]}, "properties": {"depth": 11.25}}, {"type": "Feature", "geometry": {"type": "Point", "coordinates": [73.977926, 18.579764]}, "properties": {"depth": 5.78}}, {"type": "Feature", "geometry": {"type": "Point", "coordinates": [73.977694, 18.579958]}, "properties": {"depth": 6.39}}, {"type": "Feature", "geometry": {"type": "Point", "coordinates": [73.978086, 18.580002]}, "properties": {"depth": 6.01}}, {"type": "Feature", "geometry": {"type": "Point", "coordinates": [73.943838, 18.568352]}, "properties": {"depth": 1.78}}, {"type": "Feature", "geometry": {"type": "Point", "coordinates": [73.942636, 18.572775]}, "properties": {"depth": 4.02}}, {"type": "Feature", "geometry": {"type": "Point", "coordinates": [73.942893, 18.572897]}, "properties": {"depth": 5.0}}, {"type": "Feature", "geometry": {"type": "Point", "coordinates": [73.948185, 18.582051]}, "properties": {"depth": 1.04}}, {"type": "Feature", "geometry": {"type": "Point", "coordinates": [73.947837, 18.582221]}, "properties": {"depth": 1.55}}, {"type": "Feature", "geometry": {"type": "Point", "coordinates": [73.947983, 18.58232]}, "properties": {"depth": 0.44}}, {"type": "Feature", "geometry": {"type": "Point", "coordinates": [73.947992, 18.582395]}, "properties": {"depth": 0.95}}, {"type": "Feature", "geometry": {"type": "Point", "coordinates": [73.948153, 18.582414]}, "properties": {"depth": 0.95}}, {"type": "Feature", "geometry": {"type": "Point", "coordinates": [73.947849, 18.582433]}, "properties": {"depth": 1.31}}, {"type": "Feature", "geometry": {"type": "Point", "coordinates": [73.947859, 18.582508]}, "properties": {"depth": 1.31}}, {"type": "Feature", "geometry": {"type": "Point", "coordinates": [73.978347, 18.580166]}, "properties": {"depth": 7.02}}, {"type": "Feature", "geometry": {"type": "Point", "coordinates": [73.978976, 18.580175]}, "properties": {"depth": 9.66}}, {"type": "Feature", "geometry": {"type": "Point", "coordinates": [73.979847, 18.580181]}, "properties": {"depth": 5.75}}, {"type": "Feature", "geometry": {"type": "Point", "coordinates": [73.979556, 18.580339]}, "properties": {"depth": 7.84}}, {"type": "Feature", "geometry": {"type": "Point", "coordinates": [73.97523, 18.580351]}, "properties": {"depth": 15.6}}, {"type": "Feature", "geometry": {"type": "Point", "coordinates": [73.975984, 18.580793]}, "properties": {"depth": 12.81}}, {"type": "Feature", "geometry": {"type": "Point", "coordinates": [73.976204, 18.581192]}, "properties": {"depth": 14.25}}, {"type": "Feature", "geometry": {"type": "Point", "coordinates": [73.975217, 18.581617]}, "properties": {"depth": 15.8}}, {"type": "Feature", "geometry": {"type": "Point", "coordinates": [73.977664, 18.581711]}, "properties": {"depth": 7.71}}, {"type": "Feature", "geometry": {"type": "Point", "coordinates": [73.976418, 18.581709]}, "properties": {"depth": 13.9}}, {"type": "Feature", "geometry": {"type": "Point", "coordinates": [73.976735, 18.581846]}, "properties": {"depth": 12.3}}, {"type": "Feature", "geometry": {"type": "Point", "coordinates": [73.979755, 18.581935]}, "properties": {"depth": 6.17}}, {"type": "Feature", "geometry": {"type": "Point", "coordinates": [73.975575, 18.581846]}, "properties": {"depth": 15.25}}, {"type": "Feature", "geometry": {"type": "Point", "coordinates": [73.977319, 18.581856]}, "properties": {"depth": 12.14}}, {"type": "Feature", "geometry": {"type": "Point", "coordinates": [73.977028, 18.5819]}, "properties": {"depth": 12.91}}, {"type": "Feature", "geometry": {"type": "Point", "coordinates": [73.975658, 18.581962]}, "properties": {"depth": 15.25}}, {"type": "Feature", "geometry": {"type": "Point", "coordinates": [73.976747, 18.581976]}, "properties": {"depth": 12.3}}, {"type": "Feature", "geometry": {"type": "Point", "coordinates": [73.977126, 18.582053]}, "properties": {"depth": 12.14}}, {"type": "Feature", "geometry": {"type": "Point", "coordinates": [73.975743, 18.582075]}, "properties": {"depth": 14.56}}, {"type": "Feature", "geometry": {"type": "Point", "coordinates": [73.977939, 18.582095]}, "properties": {"depth": 10.68}}, {"type": "Feature", "geometry": {"type": "Point", "coordinates": [73.975455, 18.582104]}, "properties": {"depth": 16.21}}, {"type": "Feature", "geometry": {"type": "Point", "coordinates": [73.977477, 18.582121]}, "properties": {"depth": 11.32}}, {"type": "Feature", "geometry": {"type": "Point", "coordinates": [73.979511, 18.582036]}, "properties": {"depth": 9.51}}, {"type": "Feature", "geometry": {"type": "Point", "coordinates": [73.978651, 18.582035]}, "properties": {"depth": 8.54}}, {"type": "Feature", "geometry": {"type": "Point", "coordinates": [73.979815, 18.582116]}, "properties": {"depth": 7.77}}, {"type": "Feature", "geometry": {"type": "Point", "coordinates": [73.979355, 18.582159]}, "properties": {"depth": 7.32}}, {"type": "Feature", "geometry": {"type": "Point", "coordinates": [73.978166, 18.582255]}, "properties": {"depth": 10.68}}, {"type": "Feature", "geometry": {"type": "Point", "coordinates": [73.977835, 18.582187]}, "properties": {"depth": 10.72}}, {"type": "Feature", "geometry": {"type": "Point", "coordinates": [73.975818, 18.582191]}, "properties": {"depth": 14.1}}, {"type": "Feature", "geometry": {"type": "Point", "coordinates": [73.976703, 18.582216]}, "properties": {"depth": 11.92}}, {"type": "Feature", "geometry": {"type": "Point", "coordinates": [73.975408, 18.582237]}, "properties": {"depth": 15.72}}, {"type": "Feature", "geometry": {"type": "Point", "coordinates": [73.976273, 18.582278]}, "properties": {"depth": 11.87}}, {"type": "Feature", "geometry": {"type": "Point", "coordinates": [73.975904, 18.582307]}, "properties": {"depth": 14.1}}, {"type": "Feature", "geometry": {"type": "Point", "coordinates": [73.975363, 18.582376]}, "properties": {"depth": 16.17}}, {"type": "Feature", "geometry": {"type": "Point", "coordinates": [73.975985, 18.582419]}, "properties": {"depth": 12.18}}, {"type": "Feature", "geometry": {"type": "Point", "coordinates": [73.975563, 18.582419]}, "properties": {"depth": 16.14}}, {"type": "Feature", "geometry": {"type": "Point", "coordinates": [73.977792, 18.582442]}, "properties": {"depth": 10.7}}, {"type": "Feature", "geometry": {"type": "Point", "coordinates": [73.975723, 18.582477]}, "properties": {"depth": 15.78}}, {"type": "Feature", "geometry": {"type": "Point", "coordinates": [73.977242, 18.582508]}, "properties": {"depth": 14.41}}, {"type": "Feature", "geometry": {"type": "Point", "coordinates": [73.978121, 18.582513]}, "properties": {"depth": 9.5}}, {"type": "Feature", "geometry": {"type": "Point", "coordinates": [73.976643, 18.582519]}, "properties": {"depth": 11.87}}, {"type": "Feature", "geometry": {"type": "Point", "coordinates": [73.976214, 18.582556]}, "properties": {"depth": 12.18}}, {"type": "Feature", "geometry": {"type": "Point", "coordinates": [73.976045, 18.582571]}, "properties": {"depth": 12.18}}, {"type": "Feature", "geometry": {"type": "Point", "coordinates": [73.975616, 18.582718]}, "properties": {"depth": 14.96}}, {"type": "Feature", "geometry": {"type": "Point", "coordinates": [73.978442, 18.582615]}, "properties": {"depth": 12.59}}, {"type": "Feature", "geometry": {"type": "Point", "coordinates": [73.977721, 18.582751]}, "properties": {"depth": 11.08}}, {"type": "Feature", "geometry": {"type": "Point", "coordinates": [73.976576, 18.582803]}, "properties": {"depth": 10.91}}, {"type": "Feature", "geometry": {"type": "Point", "coordinates": [73.978048, 18.582819]}, "properties": {"depth": 10.66}}, {"type": "Feature", "geometry": {"type": "Point", "coordinates": [73.975934, 18.582829]}, "properties": {"depth": 15.24}}, {"type": "Feature", "geometry": {"type": "Point", "coordinates": [73.976127, 18.582895]}, "properties": {"depth": 12.58}}, {"type": "Feature", "geometry": {"type": "Point", "coordinates": [73.976992, 18.582923]}, "properties": {"depth": 10.9}}, {"type": "Feature", "geometry": {"type": "Point", "coordinates": [73.975903, 18.582927]}, "properties": {"depth": 14.05}}, {"type": "Feature", "geometry": {"type": "Point", "coordinates": [73.977241, 18.582964]}, "properties": {"depth": 11.17}}, {"type": "Feature", "geometry": {"type": "Point", "coordinates": [73.978386, 18.582993]}, "properties": {"depth": 14.13}}, {"type": "Feature", "geometry": {"type": "Point", "coordinates": [73.977622, 18.583073]}, "properties": {"depth": 12.45}}, {"type": "Feature", "geometry": {"type": "Point", "coordinates": [73.976581, 18.583082]}, "properties": {"depth": 10.66}}, {"type": "Feature", "geometry": {"type": "Point", "coordinates": [73.976121, 18.583138]}, "properties": {"depth": 12.89}}, {"type": "Feature", "geometry": {"type": "Point", "coordinates": [73.977065, 18.583188]}, "properties": {"depth": 10.9}}, {"type": "Feature", "geometry": {"type": "Point", "coordinates": [73.980599, 18.583752]}, "properties": {"depth": 3.0}}, {"type": "Feature", "geometry": {"type": "Point", "coordinates": [73.980081, 18.583785]}, "properties": {"depth": 7.2}}, {"type": "Feature", "geometry": {"type": "Point", "coordinates": [73.979674, 18.583793]}, "properties": {"depth": 8.6}}, {"type": "Feature", "geometry": {"type": "Point", "coordinates": [73.979823, 18.583847]}, "properties": {"depth": 8.6}}, {"type": "Feature", "geometry": {"type": "Point", "coordinates": [73.979722, 18.583894]}, "properties": {"depth": 8.6}}, {"type": "Feature", "geometry": {"type": "Point", "coordinates": [73.980608, 18.583903]}, "properties": {"depth": 3.0}}, {"type": "Feature", "geometry": {"type": "Point", "coordinates": [73.979831, 18.583909]}, "properties": {"depth": 8.6}}, {"type": "Feature", "geometry": {"type": "Point", "coordinates": [73.980036, 18.583931]}, "properties": {"depth": 7.2}}, {"type": "Feature", "geometry": {"type": "Point", "coordinates": [73.979752, 18.583952]}, "properties": {"depth": 8.6}}, {"type": "Feature", "geometry": {"type": "Point", "coordinates": [73.979675, 18.583968]}, "properties": {"depth": 8.6}}, {"type": "Feature", "geometry": {"type": "Point", "coordinates": [73.980026, 18.583979]}, "properties": {"depth": 7.2}}, {"type": "Feature", "geometry": {"type": "Point", "coordinates": [73.979796, 18.583989]}, "properties": {"depth": 8.6}}, {"type": "Feature", "geometry": {"type": "Point", "coordinates": [73.97987, 18.583991]}, "properties": {"depth": 7.2}}, {"type": "Feature", "geometry": {"type": "Point", "coordinates": [73.980555, 18.583997]}, "properties": {"depth": 3.0}}, {"type": "Feature", "geometry": {"type": "Point", "coordinates": [73.979717, 18.584032]}, "properties": {"depth": 8.53}}, {"type": "Feature", "geometry": {"type": "Point", "coordinates": [73.97981, 18.584042]}, "properties": {"depth": 8.53}}, {"type": "Feature", "geometry": {"type": "Point", "coordinates": [73.980017, 18.584049]}, "properties": {"depth": 7.17}}, {"type": "Feature", "geometry": {"type": "Point", "coordinates": [73.981851, 18.584075]}, "properties": {"depth": 2.73}}, {"type": "Feature", "geometry": {"type": "Point", "coordinates": [73.979879, 18.584068]}, "properties": {"depth": 7.17}}, {"type": "Feature", "geometry": {"type": "Point", "coordinates": [73.97965, 18.584072]}, "properties": {"depth": 8.53}}, {"type": "Feature", "geometry": {"type": "Point", "coordinates": [73.980307, 18.584088]}, "properties": {"depth": 5.13}}, {"type": "Feature", "geometry": {"type": "Point", "coordinates": [73.979883, 18.584112]}, "properties": {"depth": 7.17}}, {"type": "Feature", "geometry": {"type": "Point", "coordinates": [73.980188, 18.584118]}, "properties": {"depth": 5.13}}, {"type": "Feature", "geometry": {"type": "Point", "coordinates": [73.97964, 18.584115]}, "properties": {"depth": 8.53}}, {"type": "Feature", "geometry": {"type": "Point", "coordinates": [73.979989, 18.584117]}, "properties": {"depth": 7.17}}, {"type": "Feature", "geometry": {"type": "Point", "coordinates": [73.982323, 18.584138]}, "properties": {"depth": 1.5}}, {"type": "Feature", "geometry": {"type": "Point", "coordinates": [73.979782, 18.584129]}, "properties": {"depth": 8.53}}, {"type": "Feature", "geometry": {"type": "Point", "coordinates": [73.980475, 18.584145]}, "properties": {"depth": 3.42}}, {"type": "Feature", "geometry": {"type": "Point", "coordinates": [73.981023, 18.584152]}, "properties": {"depth": 1.91}}, {"type": "Feature", "geometry": {"type": "Point", "coordinates": [73.980015, 18.584153]}, "properties": {"depth": 7.17}}, {"type": "Feature", "geometry": {"type": "Point", "coordinates": [73.979613, 18.584152]}, "properties": {"depth": 8.53}}, {"type": "Feature", "geometry": {"type": "Point", "coordinates": [73.979884, 18.584164]}, "properties": {"depth": 7.17}}, {"type": "Feature", "geometry": {"type": "Point", "coordinates": [73.979706, 18.584163]}, "properties": {"depth": 8.53}}, {"type": "Feature", "geometry": {"type": "Point", "coordinates": [73.979779, 18.584179]}, "properties": {"depth": 8.53}}, {"type": "Feature", "geometry": {"type": "Point", "coordinates": [73.981812, 18.584198]}, "properties": {"depth": 2.73}}, {"type": "Feature", "geometry": {"type": "Point", "coordinates": [73.979638, 18.584202]}, "properties": {"depth": 8.53}}, {"type": "Feature", "geometry": {"type": "Point", "coordinates": [73.982205, 18.584223]}, "properties": {"depth": 1.5}}, {"type": "Feature", "geometry": {"type": "Point", "coordinates": [73.980002, 18.584217]}, "properties": {"depth": 7.17}}, {"type": "Feature", "geometry": {"type": "Point", "coordinates": [73.979686, 18.584221]}, "properties": {"depth": 8.53}}, {"type": "Feature", "geometry": {"type": "Point", "coordinates": [73.981883, 18.584231]}, "properties": {"depth": 2.73}}, {"type": "Feature", "geometry": {"type": "Point", "coordinates": [73.979865, 18.584225]}, "properties": {"depth": 7.17}}, {"type": "Feature", "geometry": {"type": "Point", "coordinates": [73.979769, 18.584233]}, "properties": {"depth": 8.53}}, {"type": "Feature", "geometry": {"type": "Point", "coordinates": [73.981719, 18.584249]}, "properties": {"depth": 0.87}}, {"type": "Feature", "geometry": {"type": "Point", "coordinates": [73.979629, 18.584241]}, "properties": {"depth": 8.53}}, {"type": "Feature", "geometry": {"type": "Point", "coordinates": [73.9769, 18.584389]}, "properties": {"depth": 12.6}}, {"type": "Feature", "geometry": {"type": "Point", "coordinates": [73.976848, 18.584814]}, "properties": {"depth": 10.9}}, {"type": "Feature", "geometry": {"type": "Point", "coordinates": [73.977007, 18.584813]}, "properties": {"depth": 10.9}}, {"type": "Feature", "geometry": {"type": "Point", "coordinates": [73.976688, 18.584842]}, "properties": {"depth": 11.71}}, {"type": "Feature", "geometry": {"type": "Point", "coordinates": [73.976747, 18.584889]}, "properties": {"depth": 11.83}}, {"type": "Feature", "geometry": {"type": "Point", "coordinates": [73.976862, 18.584938]}, "properties": {"depth": 10.27}}, {"type": "Feature", "geometry": {"type": "Point", "coordinates": [73.976723, 18.584966]}, "properties": {"depth": 11.83}}, {"type": "Feature", "geometry": {"type": "Point", "coordinates": [73.979984, 18.584263]}, "properties": {"depth": 7.17}}, {"type": "Feature", "geometry": {"type": "Point", "coordinates": [73.980034, 18.584264]}, "properties": {"depth": 7.17}}, {"type": "Feature", "geometry": {"type": "Point", "coordinates": [73.981312, 18.584279]}, "properties": {"depth": 0.66}}, {"type": "Feature", "geometry": {"type": "Point", "coordinates": [73.982008, 18.584279]}, "properties": {"depth": 2.73}}, {"type": "Feature", "geometry": {"type": "Point", "coordinates": [73.980207, 18.584289]}, "properties": {"depth": 5.13}}, {"type": "Feature", "geometry": {"type": "Point", "coordinates": [73.980245, 18.584289]}, "properties": {"depth": 5.13}}, {"type": "Feature", "geometry": {"type": "Point", "coordinates": [73.980165, 18.58429]}, "properties": {"depth": 5.13}}, {"type": "Feature", "geometry": {"type": "Point", "coordinates": [73.980284, 18.584292]}, "properties": {"depth": 5.13}}, {"type": "Feature", "geometry": {"type": "Point", "coordinates": [73.980123, 18.584292]}, "properties": {"depth": 7.17}}, {"type": "Feature", "geometry": {"type": "Point", "coordinates": [73.979859, 18.584291]}, "properties": {"depth": 8.53}}, {"type": "Feature", "geometry": {"type": "Point", "coordinates": [73.979755, 18.584292]}, "properties": {"depth": 8.53}}, {"type": "Feature", "geometry": {"type": "Point", "coordinates": [73.97968, 18.584293]}, "properties": {"depth": 8.53}}, {"type": "Feature", "geometry": {"type": "Point", "coordinates": [73.979626, 18.584304]}, "properties": {"depth": 8.53}}, {"type": "Feature", "geometry": {"type": "Point", "coordinates": [73.979587, 18.584304]}, "properties": {"depth": 8.53}}, {"type": "Feature", "geometry": {"type": "Point", "coordinates": [73.980084, 18.584312]}, "properties": {"depth": 7.15}}, {"type": "Feature", "geometry": {"type": "Point", "coordinates": [73.979982, 18.584312]}, "properties": {"depth": 7.15}}, {"type": "Feature", "geometry": {"type": "Point", "coordinates": [73.980028, 18.584331]}, "properties": {"depth": 7.15}}, {"type": "Feature", "geometry": {"type": "Point", "coordinates": [73.981686, 18.584339]}, "properties": {"depth": 2.23}}, {"type": "Feature", "geometry": {"type": "Point", "coordinates": [73.979909, 18.58434]}, "properties": {"depth": 7.15}}, {"type": "Feature", "geometry": {"type": "Point", "coordinates": [73.979855, 18.584342]}, "properties": {"depth": 8.25}}, {"type": "Feature", "geometry": {"type": "Point", "coordinates": [73.981573, 18.584366]}, "properties": {"depth": 2.23}}, {"type": "Feature", "geometry": {"type": "Point", "coordinates": [73.979756, 18.584363]}, "properties": {"depth": 8.25}}, {"type": "Feature", "geometry": {"type": "Point", "coordinates": [73.979635, 18.584373]}, "properties": {"depth": 8.25}}, {"type": "Feature", "geometry": {"type": "Point", "coordinates": [73.981886, 18.584397]}, "properties": {"depth": 1.79}}, {"type": "Feature", "geometry": {"type": "Point", "coordinates": [73.979676, 18.584387]}, "properties": {"depth": 8.25}}, {"type": "Feature", "geometry": {"type": "Point", "coordinates": [73.982248, 18.584409]}, "properties": {"depth": 3.68}}, {"type": "Feature", "geometry": {"type": "Point", "coordinates": [73.980539, 18.584417]}, "properties": {"depth": 3.82}}, {"type": "Feature", "geometry": {"type": "Point", "coordinates": [73.980409, 18.584424]}, "properties": {"depth": 4.34}}, {"type": "Feature", "geometry": {"type": "Point", "coordinates": [73.979873, 18.584438]}, "properties": {"depth": 7.15}}, {"type": "Feature", "geometry": {"type": "Point", "coordinates": [73.980004, 18.584453]}, "properties": {"depth": 7.15}}, {"type": "Feature", "geometry": {"type": "Point", "coordinates": [73.974814, 18.584734]}, "properties": {"depth": 1.17}}, {"type": "Feature", "geometry": {"type": "Point", "coordinates": [73.974953, 18.584747]}, "properties": {"depth": 0.83}}, {"type": "Feature", "geometry": {"type": "Point", "coordinates": [73.982216, 18.584487]}, "properties": {"depth": 3.68}}, {"type": "Feature", "geometry": {"type": "Point", "coordinates": [73.982005, 18.584497]}, "properties": {"depth": 1.79}}, {"type": "Feature", "geometry": {"type": "Point", "coordinates": [73.980055, 18.584502]}, "properties": {"depth": 7.15}}, {"type": "Feature", "geometry": {"type": "Point", "coordinates": [73.981658, 18.584512]}, "properties": {"depth": 2.23}}, {"type": "Feature", "geometry": {"type": "Point", "coordinates": [73.980391, 18.584522]}, "properties": {"depth": 4.34}}, {"type": "Feature", "geometry": {"type": "Point", "coordinates": [73.981891, 18.584529]}, "properties": {"depth": 1.79}}, {"type": "Feature", "geometry": {"type": "Point", "coordinates": [73.979862, 18.584518]}, "properties": {"depth": 7.15}}, {"type": "Feature", "geometry": {"type": "Point", "coordinates": [73.982239, 18.584613]}, "properties": {"depth": 5.19}}, {"type": "Feature", "geometry": {"type": "Point", "coordinates": [73.982361, 18.584624]}, "properties": {"depth": 5.19}}, {"type": "Feature", "geometry": {"type": "Point", "coordinates": [73.980419, 18.584621]}, "properties": {"depth": 3.47}}, {"type": "Feature", "geometry": {"type": "Point", "coordinates": [73.980626, 18.584637]}, "properties": {"depth": 3.47}}, {"type": "Feature", "geometry": {"type": "Point", "coordinates": [73.980261, 18.584675]}, "properties": {"depth": 5.29}}, {"type": "Feature", "geometry": {"type": "Point", "coordinates": [73.980681, 18.584681]}, "properties": {"depth": 3.47}}, {"type": "Feature", "geometry": {"type": "Point", "coordinates": [73.981142, 18.584685]}, "properties": {"depth": 2.76}}, {"type": "Feature", "geometry": {"type": "Point", "coordinates": [73.980877, 18.584709]}, "properties": {"depth": 2.95}}, {"type": "Feature", "geometry": {"type": "Point", "coordinates": [73.980699, 18.584713]}, "properties": {"depth": 2.95}}, {"type": "Feature", "geometry": {"type": "Point", "coordinates": [73.982549, 18.584727]}, "properties": {"depth": 2.71}}, {"type": "Feature", "geometry": {"type": "Point", "coordinates": [73.981437, 18.584732]}, "properties": {"depth": 4.04}}, {"type": "Feature", "geometry": {"type": "Point", "coordinates": [73.981894, 18.584741]}, "properties": {"depth": 2.76}}, {"type": "Feature", "geometry": {"type": "Point", "coordinates": [73.981529, 18.584748]}, "properties": {"depth": 1.81}}, {"type": "Feature", "geometry": {"type": "Point", "coordinates": [73.981173, 18.584759]}, "properties": {"depth": 2.76}}, {"type": "Feature", "geometry": {"type": "Point", "coordinates": [73.981288, 18.584761]}, "properties": {"depth": 4.04}}, {"type": "Feature", "geometry": {"type": "Point", "coordinates": [73.982281, 18.584785]}, "properties": {"depth": 5.19}}, {"type": "Feature", "geometry": {"type": "Point", "coordinates": [73.980928, 18.584793]}, "properties": {"depth": 2.95}}, {"type": "Feature", "geometry": {"type": "Point", "coordinates": [73.98031, 18.584816]}, "properties": {"depth": 5.29}}, {"type": "Feature", "geometry": {"type": "Point", "coordinates": [73.981442, 18.584871]}, "properties": {"depth": 4.75}}, {"type": "Feature", "geometry": {"type": "Point", "coordinates": [73.98153, 18.584877]}, "properties": {"depth": 5.32}}, {"type": "Feature", "geometry": {"type": "Point", "coordinates": [73.982471, 18.584903]}, "properties": {"depth": 3.09}}, {"type": "Feature", "geometry": {"type": "Point", "coordinates": [73.981842, 18.584906]}, "properties": {"depth": 2.47}}, {"type": "Feature", "geometry": {"type": "Point", "coordinates": [73.98045, 18.584925]}, "properties": {"depth": 4.76}}, {"type": "Feature", "geometry": {"type": "Point", "coordinates": [73.982331, 18.584944]}, "properties": {"depth": 2.17}}, {"type": "Feature", "geometry": {"type": "Point", "coordinates": [73.980732, 18.584934]}, "properties": {"depth": 3.73}}, {"type": "Feature", "geometry": {"type": "Point", "coordinates": [73.980355, 18.584932]}, "properties": {"depth": 6.88}}, {"type": "Feature", "geometry": {"type": "Point", "coordinates": [73.981736, 18.584959]}, "properties": {"depth": 5.32}}, {"type": "Feature", "geometry": {"type": "Point", "coordinates": [73.982033, 18.584958]}, "properties": {"depth": 2.47}}, {"type": "Feature", "geometry": {"type": "Point", "coordinates": [73.980914, 18.584966]}, "properties": {"depth": 3.73}}, {"type": "Feature", "geometry": {"type": "Point", "coordinates": [73.98077, 18.584966]}, "properties": {"depth": 3.73}}, {"type": "Feature", "geometry": {"type": "Point", "coordinates": [73.980866, 18.584992]}, "properties": {"depth": 3.73}}, {"type": "Feature", "geometry": {"type": "Point", "coordinates": [73.98136, 18.585003]}, "properties": {"depth": 4.75}}, {"type": "Feature", "geometry": {"type": "Point", "coordinates": [73.98108, 18.585014]}, "properties": {"depth": 5.68}}, {"type": "Feature", "geometry": {"type": "Point", "coordinates": [73.974416, 18.584802]}, "properties": {"depth": 0.9}}, {"type": "Feature", "geometry": {"type": "Point", "coordinates": [73.974554, 18.584808]}, "properties": {"depth": 0.9}}, {"type": "Feature", "geometry": {"type": "Point", "coordinates": [73.972969, 18.584929]}, "properties": {"depth": 7.32}}, {"type": "Feature", "geometry": {"type": "Point", "coordinates": [73.973299, 18.58516]}, "properties": {"depth": 6.59}}, {"type": "Feature", "geometry": {"type": "Point", "coordinates": [73.973161, 18.585187]}, "properties": {"depth": 8.05}}, {"type": "Feature", "geometry": {"type": "Point", "coordinates": [73.982461, 18.585028]}, "properties": {"depth": 3.09}}, {"type": "Feature", "geometry": {"type": "Point", "coordinates": [73.980477, 18.585035]}, "properties": {"depth": 4.76}}, {"type": "Feature", "geometry": {"type": "Point", "coordinates": [73.981384, 18.585047]}, "properties": {"depth": 4.75}}, {"type": "Feature", "geometry": {"type": "Point", "coordinates": [73.981307, 18.585054]}, "properties": {"depth": 4.75}}, {"type": "Feature", "geometry": {"type": "Point", "coordinates": [73.981068, 18.585083]}, "properties": {"depth": 5.68}}, {"type": "Feature", "geometry": {"type": "Point", "coordinates": [73.981163, 18.585089]}, "properties": {"depth": 5.68}}, {"type": "Feature", "geometry": {"type": "Point", "coordinates": [73.981247, 18.58509]}, "properties": {"depth": 5.68}}, {"type": "Feature", "geometry": {"type": "Point", "coordinates": [73.981357, 18.585118]}, "properties": {"depth": 4.75}}, {"type": "Feature", "geometry": {"type": "Point", "coordinates": [73.982335, 18.585186]}, "properties": {"depth": 4.23}}, {"type": "Feature", "geometry": {"type": "Point", "coordinates": [73.982441, 18.585202]}, "properties": {"depth": 6.75}}, {"type": "Feature", "geometry": {"type": "Point", "coordinates": [73.975182, 18.585061]}, "properties": {"depth": 3.7}}, {"type": "Feature", "geometry": {"type": "Point", "coordinates": [73.976128, 18.585068]}, "properties": {"depth": 10.95}}, {"type": "Feature", "geometry": {"type": "Point", "coordinates": [73.977124, 18.585138]}, "properties": {"depth": 10.72}}, {"type": "Feature", "geometry": {"type": "Point", "coordinates": [73.976939, 18.585175]}, "properties": {"depth": 9.57}}, {"type": "Feature", "geometry": {"type": "Point", "coordinates": [73.975709, 18.585196]}, "properties": {"depth": 13.66}}, {"type": "Feature", "geometry": {"type": "Point", "coordinates": [73.976778, 18.585228]}, "properties": {"depth": 10.51}}, {"type": "Feature", "geometry": {"type": "Point", "coordinates": [73.976333, 18.585261]}, "properties": {"depth": 11.98}}, {"type": "Feature", "geometry": {"type": "Point", "coordinates": [73.976604, 18.585278]}, "properties": {"depth": 10.51}}, {"type": "Feature", "geometry": {"type": "Point", "coordinates": [73.976715, 18.585386]}, "properties": {"depth": 10.51}}, {"type": "Feature", "geometry": {"type": "Point", "coordinates": [73.976726, 18.585439]}, "properties": {"depth": 10.42}}, {"type": "Feature", "geometry": {"type": "Point", "coordinates": [73.972934, 18.585213]}, "properties": {"depth": 8.05}}, {"type": "Feature", "geometry": {"type": "Point", "coordinates": [73.9738, 18.585285]}, "properties": {"depth": 11.54}}, {"type": "Feature", "geometry": {"type": "Point", "coordinates": [73.974397, 18.585227]}, "properties": {"depth": 0.54}}, {"type": "Feature", "geometry": {"type": "Point", "coordinates": [73.974533, 18.585239]}, "properties": {"depth": 0.54}}, {"type": "Feature", "geometry": {"type": "Point", "coordinates": [73.974783, 18.585247]}, "properties": {"depth": 12.29}}, {"type": "Feature", "geometry": {"type": "Point", "coordinates": [73.974925, 18.585261]}, "properties": {"depth": 11.21}}, {"type": "Feature", "geometry": {"type": "Point", "coordinates": [73.972724, 18.585274]}, "properties": {"depth": 8.08}}, {"type": "Feature", "geometry": {"type": "Point", "coordinates": [73.981204, 18.585218]}, "properties": {"depth": 5.83}}, {"type": "Feature", "geometry": {"type": "Point", "coordinates": [73.982574, 18.58524]}, "properties": {"depth": 6.75}}, {"type": "Feature", "geometry": {"type": "Point", "coordinates": [73.982665, 18.585256]}, "properties": {"depth": 6.92}}, {"type": "Feature", "geometry": {"type": "Point", "coordinates": [73.981354, 18.585251]}, "properties": {"depth": 6.17}}, {"type": "Feature", "geometry": {"type": "Point", "coordinates": [73.981263, 18.585314]}, "properties": {"depth": 6.17}}, {"type": "Feature", "geometry": {"type": "Point", "coordinates": [73.981198, 18.585335]}, "properties": {"depth": 5.83}}, {"type": "Feature", "geometry": {"type": "Point", "coordinates": [73.982073, 18.585355]}, "properties": {"depth": 5.3}}, {"type": "Feature", "geometry": {"type": "Point", "coordinates": [73.981265, 18.585352]}, "properties": {"depth": 6.17}}, {"type": "Feature", "geometry": {"type": "Point", "coordinates": [73.981979, 18.585367]}, "properties": {"depth": 5.3}}, {"type": "Feature", "geometry": {"type": "Point", "coordinates": [73.982407, 18.585436]}, "properties": {"depth": 10.08}}, {"type": "Feature", "geometry": {"type": "Point", "coordinates": [73.976401, 18.585431]}, "properties": {"depth": 13.53}}, {"type": "Feature", "geometry": {"type": "Point", "coordinates": [73.976589, 18.585445]}, "properties": {"depth": 10.42}}, {"type": "Feature", "geometry": {"type": "Point", "coordinates": [73.976845, 18.585479]}, "properties": {"depth": 10.68}}, {"type": "Feature", "geometry": {"type": "Point", "coordinates": [73.976039, 18.585485]}, "properties": {"depth": 14.39}}, {"type": "Feature", "geometry": {"type": "Point", "coordinates": [73.976584, 18.585497]}, "properties": {"depth": 10.42}}, {"type": "Feature", "geometry": {"type": "Point", "coordinates": [73.976601, 18.585508]}, "properties": {"depth": 10.42}}, {"type": "Feature", "geometry": {"type": "Point", "coordinates": [73.97628, 18.585517]}, "properties": {"depth": 13.53}}, {"type": "Feature", "geometry": {"type": "Point", "coordinates": [73.976825, 18.58556]}, "properties": {"depth": 10.68}}, {"type": "Feature", "geometry": {"type": "Point", "coordinates": [73.976419, 18.585562]}, "properties": {"depth": 13.53}}, {"type": "Feature", "geometry": {"type": "Point", "coordinates": [73.976202, 18.585587]}, "properties": {"depth": 14.39}}, {"type": "Feature", "geometry": {"type": "Point", "coordinates": [73.976065, 18.585588]}, "properties": {"depth": 14.39}}, {"type": "Feature", "geometry": {"type": "Point", "coordinates": [73.97578, 18.585577]}, "properties": {"depth": 14.45}}, {"type": "Feature", "geometry": {"type": "Point", "coordinates": [73.976616, 18.585605]}, "properties": {"depth": 10.42}}, {"type": "Feature", "geometry": {"type": "Point", "coordinates": [73.976809, 18.585656]}, "properties": {"depth": 10.68}}, {"type": "Feature", "geometry": {"type": "Point", "coordinates": [73.976705, 18.58575]}, "properties": {"depth": 12.01}}, {"type": "Feature", "geometry": {"type": "Point", "coordinates": [73.976521, 18.585755]}, "properties": {"depth": 14.81}}, {"type": "Feature", "geometry": {"type": "Point", "coordinates": [73.976873, 18.585758]}, "properties": {"depth": 11.75}}, {"type": "Feature", "geometry": {"type": "Point", "coordinates": [73.9765, 18.585936]}, "properties": {"depth": 14.81}}, {"type": "Feature", "geometry": {"type": "Point", "coordinates": [73.976668, 18.585967]}, "properties": {"depth": 12.01}}, {"type": "Feature", "geometry": {"type": "Point", "coordinates": [73.976553, 18.585974]}, "properties": {"depth": 11.65}}, {"type": "Feature", "geometry": {"type": "Point", "coordinates": [73.974637, 18.58566]}, "properties": {"depth": 0.26}}, {"type": "Feature", "geometry": {"type": "Point", "coordinates": [73.973482, 18.5857]}, "properties": {"depth": 8.95}}, {"type": "Feature", "geometry": {"type": "Point", "coordinates": [73.97252, 18.585708]}, "properties": {"depth": 8.59}}, {"type": "Feature", "geometry": {"type": "Point", "coordinates": [73.973621, 18.58572]}, "properties": {"depth": 8.95}}, {"type": "Feature", "geometry": {"type": "Point", "coordinates": [73.973132, 18.585724]}, "properties": {"depth": 0.11}}, {"type": "Feature", "geometry": {"type": "Point", "coordinates": [73.973267, 18.585734]}, "properties": {"depth": 7.32}}, {"type": "Feature", "geometry": {"type": "Point", "coordinates": [73.972895, 18.585819]}, "properties": {"depth": 0.72}}, {"type": "Feature", "geometry": {"type": "Point", "coordinates": [73.983277, 18.585656]}, "properties": {"depth": 10.8}}, {"type": "Feature", "geometry": {"type": "Point", "coordinates": [73.983076, 18.585666]}, "properties": {"depth": 7.33}}, {"type": "Feature", "geometry": {"type": "Point", "coordinates": [73.972935, 18.585385]}, "properties": {"depth": 8.05}}, {"type": "Feature", "geometry": {"type": "Point", "coordinates": [73.974402, 18.585636]}, "properties": {"depth": 12.39}}, {"type": "Feature", "geometry": {"type": "Point", "coordinates": [73.972128, 18.586095]}, "properties": {"depth": 2.36}}, {"type": "Feature", "geometry": {"type": "Point", "coordinates": [73.97213, 18.58618]}, "properties": {"depth": 2.36}}, {"type": "Feature", "geometry": {"type": "Point", "coordinates": [73.972504, 18.586211]}, "properties": {"depth": 2.63}}, {"type": "Feature", "geometry": {"type": "Point", "coordinates": [73.972277, 18.586235]}, "properties": {"depth": 2.36}}, {"type": "Feature", "geometry": {"type": "Point", "coordinates": [73.972112, 18.586251]}, "properties": {"depth": 2.17}}, {"type": "Feature", "geometry": {"type": "Point", "coordinates": [73.972276, 18.586346]}, "properties": {"depth": 2.17}}, {"type": "Feature", "geometry": {"type": "Point", "coordinates": [73.972159, 18.586358]}, "properties": {"depth": 2.17}}, {"type": "Feature", "geometry": {"type": "Point", "coordinates": [73.972292, 18.586616]}, "properties": {"depth": 2.84}}, {"type": "Feature", "geometry": {"type": "Point", "coordinates": [73.972103, 18.586657]}, "properties": {"depth": 2.84}}, {"type": "Feature", "geometry": {"type": "Point", "coordinates": [73.972282, 18.586857]}, "properties": {"depth": 2.46}}, {"type": "Feature", "geometry": {"type": "Point", "coordinates": [73.972289, 18.586926]}, "properties": {"depth": 2.46}}, {"type": "Feature", "geometry": {"type": "Point", "coordinates": [73.972334, 18.586993]}, "properties": {"depth": 2.46}}, {"type": "Feature", "geometry": {"type": "Point", "coordinates": [73.972044, 18.586997]}, "properties": {"depth": 2.13}}, {"type": "Feature", "geometry": {"type": "Point", "coordinates": [73.972288, 18.587233]}, "properties": {"depth": 1.53}}, {"type": "Feature", "geometry": {"type": "Point", "coordinates": [73.972021, 18.587276]}, "properties": {"depth": 1.78}}, {"type": "Feature", "geometry": {"type": "Point", "coordinates": [73.983741, 18.585763]}, "properties": {"depth": 10.74}}, {"type": "Feature", "geometry": {"type": "Point", "coordinates": [73.983129, 18.58598]}, "properties": {"depth": 8.26}}, {"type": "Feature", "geometry": {"type": "Point", "coordinates": [73.976611, 18.585987]}, "properties": {"depth": 11.65}}, {"type": "Feature", "geometry": {"type": "Point", "coordinates": [73.976515, 18.586016]}, "properties": {"depth": 12.79}}, {"type": "Feature", "geometry": {"type": "Point", "coordinates": [73.976595, 18.586074]}, "properties": {"depth": 11.65}}, {"type": "Feature", "geometry": {"type": "Point", "coordinates": [73.976522, 18.586082]}, "properties": {"depth": 12.79}}, {"type": "Feature", "geometry": {"type": "Point", "coordinates": [73.976524, 18.586125]}, "properties": {"depth": 12.79}}, {"type": "Feature", "geometry": {"type": "Point", "coordinates": [73.976588, 18.586129]}, "properties": {"depth": 11.65}}, {"type": "Feature", "geometry": {"type": "Point", "coordinates": [73.976512, 18.586162]}, "properties": {"depth": 12.79}}, {"type": "Feature", "geometry": {"type": "Point", "coordinates": [73.976674, 18.586179]}, "properties": {"depth": 11.65}}, {"type": "Feature", "geometry": {"type": "Point", "coordinates": [73.976883, 18.586169]}, "properties": {"depth": 11.27}}, {"type": "Feature", "geometry": {"type": "Point", "coordinates": [73.976573, 18.586178]}, "properties": {"depth": 11.65}}, {"type": "Feature", "geometry": {"type": "Point", "coordinates": [73.983684, 18.586188]}, "properties": {"depth": 11.62}}, {"type": "Feature", "geometry": {"type": "Point", "coordinates": [73.982131, 18.585483]}, "properties": {"depth": 8.31}}, {"type": "Feature", "geometry": {"type": "Point", "coordinates": [73.980826, 18.585564]}, "properties": {"depth": 6.75}}, {"type": "Feature", "geometry": {"type": "Point", "coordinates": [73.980708, 18.585559]}, "properties": {"depth": 6.75}}, {"type": "Feature", "geometry": {"type": "Point", "coordinates": [73.982187, 18.586603]}, "properties": {"depth": 3.08}}, {"type": "Feature", "geometry": {"type": "Point", "coordinates": [73.982362, 18.586819]}, "properties": {"depth": 6.54}}, {"type": "Feature", "geometry": {"type": "Point", "coordinates": [73.981354, 18.586928]}, "properties": {"depth": 9.19}}, {"type": "Feature", "geometry": {"type": "Point", "coordinates": [73.982272, 18.587072]}, "properties": {"depth": 6.31}}, {"type": "Feature", "geometry": {"type": "Point", "coordinates": [73.981596, 18.587129]}, "properties": {"depth": 6.64}}, {"type": "Feature", "geometry": {"type": "Point", "coordinates": [73.982118, 18.587153]}, "properties": {"depth": 6.45}}, {"type": "Feature", "geometry": {"type": "Point", "coordinates": [73.981288, 18.587261]}, "properties": {"depth": 7.15}}, {"type": "Feature", "geometry": {"type": "Point", "coordinates": [73.983214, 18.586511]}, "properties": {"depth": 10.98}}, {"type": "Feature", "geometry": {"type": "Point", "coordinates": [73.983674, 18.586828]}, "properties": {"depth": 10.57}}, {"type": "Feature", "geometry": {"type": "Point", "coordinates": [73.976637, 18.58623]}, "properties": {"depth": 11.65}}, {"type": "Feature", "geometry": {"type": "Point", "coordinates": [73.976583, 18.586239]}, "properties": {"depth": 11.65}}, {"type": "Feature", "geometry": {"type": "Point", "coordinates": [73.976505, 18.586244]}, "properties": {"depth": 12.79}}, {"type": "Feature", "geometry": {"type": "Point", "coordinates": [73.976668, 18.586244]}, "properties": {"depth": 11.65}}, {"type": "Feature", "geometry": {"type": "Point", "coordinates": [73.976853, 18.586281]}, "properties": {"depth": 12.1}}, {"type": "Feature", "geometry": {"type": "Point", "coordinates": [73.975843, 18.588281]}, "properties": {"depth": 5.82}}, {"type": "Feature", "geometry": {"type": "Point", "coordinates": [73.976057, 18.5889]}, "properties": {"depth": 8.17}}, {"type": "Feature", "geometry": {"type": "Point", "coordinates": [73.982819, 18.588606]}, "properties": {"depth": 7.76}}, {"type": "Feature", "geometry": {"type": "Point", "coordinates": [73.982143, 18.587382]}, "properties": {"depth": 6.13}}, {"type": "Feature", "geometry": {"type": "Point", "coordinates": [73.981328, 18.587539]}, "properties": {"depth": 8.47}}, {"type": "Feature", "geometry": {"type": "Point", "coordinates": [73.981773, 18.587909]}, "properties": {"depth": 7.7}}, {"type": "Feature", "geometry": {"type": "Point", "coordinates": [73.981812, 18.588416]}, "properties": {"depth": 6.21}}, {"type": "Feature", "geometry": {"type": "Point", "coordinates": [73.982436, 18.588564]}, "properties": {"depth": 7.18}}, {"type": "Feature", "geometry": {"type": "Point", "coordinates": [73.98182, 18.588826]}, "properties": {"depth": 9.27}}, {"type": "Feature", "geometry": {"type": "Point", "coordinates": [73.981977, 18.589131]}, "properties": {"depth": 6.89}}, {"type": "Feature", "geometry": {"type": "Point", "coordinates": [73.982692, 18.589153]}, "properties": {"depth": 8.09}}, {"type": "Feature", "geometry": {"type": "Point", "coordinates": [73.972263, 18.587354]}, "properties": {"depth": 1.53}}, {"type": "Feature", "geometry": {"type": "Point", "coordinates": [73.972037, 18.587488]}, "properties": {"depth": 0.6}}, {"type": "Feature", "geometry": {"type": "Point", "coordinates": [73.972264, 18.587493]}, "properties": {"depth": 0.01}}, {"type": "Feature", "geometry": {"type": "Point", "coordinates": [73.972876, 18.587827]}, "properties": {"depth": 6.79}}, {"type": "Feature", "geometry": {"type": "Point", "coordinates": [73.974914, 18.591285]}, "properties": {"depth": 0.19}}, {"type": "Feature", "geometry": {"type": "Point", "coordinates": [73.974906, 18.592159]}, "properties": {"depth": 1.92}}, {"type": "Feature", "geometry": {"type": "Point", "coordinates": [73.975336, 18.59072]}, "properties": {"depth": 1.08}}, {"type": "Feature", "geometry": {"type": "Point", "coordinates": [73.975623, 18.590729]}, "properties": {"depth": 1.31}}, {"type": "Feature", "geometry": {"type": "Point", "coordinates": [73.975433, 18.590966]}, "properties": {"depth": 1.31}}, {"type": "Feature", "geometry": {"type": "Point", "coordinates": [73.975533, 18.591004]}, "properties": {"depth": 0.54}}, {"type": "Feature", "geometry": {"type": "Point", "coordinates": [73.975558, 18.591037]}, "properties": {"depth": 0.54}}, {"type": "Feature", "geometry": {"type": "Point", "coordinates": [73.976818, 18.591051]}, "properties": {"depth": 0.91}}, {"type": "Feature", "geometry": {"type": "Point", "coordinates": [73.976115, 18.591054]}, "properties": {"depth": 1.47}}, {"type": "Feature", "geometry": {"type": "Point", "coordinates": [73.975527, 18.591052]}, "properties": {"depth": 0.54}}, {"type": "Feature", "geometry": {"type": "Point", "coordinates": [73.975472, 18.591094]}, "properties": {"depth": 0.54}}, {"type": "Feature", "geometry": {"type": "Point", "coordinates": [73.976273, 18.591125]}, "properties": {"depth": 0.79}}, {"type": "Feature", "geometry": {"type": "Point", "coordinates": [73.975702, 18.59114]}, "properties": {"depth": 1.36}}, {"type": "Feature", "geometry": {"type": "Point", "coordinates": [73.975832, 18.59117]}, "properties": {"depth": 1.36}}, {"type": "Feature", "geometry": {"type": "Point", "coordinates": [73.975612, 18.591303]}, "properties": {"depth": 1.53}}, {"type": "Feature", "geometry": {"type": "Point", "coordinates": [73.977272, 18.59131]}, "properties": {"depth": 0.78}}, {"type": "Feature", "geometry": {"type": "Point", "coordinates": [73.975693, 18.591327]}, "properties": {"depth": 1.53}}, {"type": "Feature", "geometry": {"type": "Point", "coordinates": [73.97558, 18.591381]}, "properties": {"depth": 1.53}}, {"type": "Feature", "geometry": {"type": "Point", "coordinates": [73.975214, 18.591543]}, "properties": {"depth": 1.17}}, {"type": "Feature", "geometry": {"type": "Point", "coordinates": [73.979634, 18.601585]}, "properties": {"depth": 3.32}}, {"type": "Feature", "geometry": {"type": "Point", "coordinates": [73.979921, 18.601666]}, "properties": {"depth": 6.56}}, {"type": "Feature", "geometry": {"type": "Point", "coordinates": [73.979621, 18.601664]}, "properties": {"depth": 3.32}}, {"type": "Feature", "geometry": {"type": "Point", "coordinates": [73.979744, 18.60168]}, "properties": {"depth": 3.32}}, {"type": "Feature", "geometry": {"type": "Point", "coordinates": [73.98005, 18.601711]}, "properties": {"depth": 6.56}}, {"type": "Feature", "geometry": {"type": "Point", "coordinates": [73.979613, 18.601732]}, "properties": {"depth": 3.32}}, {"type": "Feature", "geometry": {"type": "Point", "coordinates": [73.979718, 18.601742]}, "properties": {"depth": 3.32}}, {"type": "Feature", "geometry": {"type": "Point", "coordinates": [73.979853, 18.601754]}, "properties": {"depth": 3.32}}, {"type": "Feature", "geometry": {"type": "Point", "coordinates": [73.974964, 18.591553]}, "properties": {"depth": 0.08}}, {"type": "Feature", "geometry": {"type": "Point", "coordinates": [73.976245, 18.591653]}, "properties": {"depth": 2.82}}, {"type": "Feature", "geometry": {"type": "Point", "coordinates": [73.976393, 18.592212]}, "properties": {"depth": 1.43}}, {"type": "Feature", "geometry": {"type": "Point", "coordinates": [73.980029, 18.601801]}, "properties": {"depth": 6.56}}, {"type": "Feature", "geometry": {"type": "Point", "coordinates": [73.980179, 18.601822]}, "properties": {"depth": 5.84}}, {"type": "Feature", "geometry": {"type": "Point", "coordinates": [73.979604, 18.60184]}, "properties": {"depth": 4.84}}, {"type": "Feature", "geometry": {"type": "Point", "coordinates": [73.979696, 18.601863]}, "properties": {"depth": 4.84}}, {"type": "Feature", "geometry": {"type": "Point", "coordinates": [73.979881, 18.60193]}, "properties": {"depth": 6.84}}, {"type": "Feature", "geometry": {"type": "Point", "coordinates": [73.979583, 18.601939]}, "properties": {"depth": 4.73}}, {"type": "Feature", "geometry": {"type": "Point", "coordinates": [73.980492, 18.601962]}, "properties": {"depth": 6.67}}, {"type": "Feature", "geometry": {"type": "Point", "coordinates": [73.980297, 18.601968]}, "properties": {"depth": 5.84}}, {"type": "Feature", "geometry": {"type": "Point", "coordinates": [73.980403, 18.602013]}, "properties": {"depth": 5.84}}, {"type": "Feature", "geometry": {"type": "Point", "coordinates": [73.979659, 18.602013]}, "properties": {"depth": 4.84}}, {"type": "Feature", "geometry": {"type": "Point", "coordinates": [73.979944, 18.602032]}, "properties": {"depth": 6.84}}, {"type": "Feature", "geometry": {"type": "Point", "coordinates": [73.979826, 18.602036]}, "properties": {"depth": 4.84}}, {"type": "Feature", "geometry": {"type": "Point", "coordinates": [73.980129, 18.602059]}, "properties": {"depth": 6.84}}, {"type": "Feature", "geometry": {"type": "Point", "coordinates": [73.980697, 18.602115]}, "properties": {"depth": 8.06}}, {"type": "Feature", "geometry": {"type": "Point", "coordinates": [73.980499, 18.602126]}, "properties": {"depth": 7.89}}, {"type": "Feature", "geometry": {"type": "Point", "coordinates": [73.979844, 18.602137]}, "properties": {"depth": 5.04}}, {"type": "Feature", "geometry": {"type": "Point", "coordinates": [73.980211, 18.602152]}, "properties": {"depth": 7.72}}, {"type": "Feature", "geometry": {"type": "Point", "coordinates": [73.980375, 18.602164]}, "properties": {"depth": 7.72}}, {"type": "Feature", "geometry": {"type": "Point", "coordinates": [73.980015, 18.602184]}, "properties": {"depth": 7.96}}, {"type": "Feature", "geometry": {"type": "Point", "coordinates": [73.980816, 18.602212]}, "properties": {"depth": 8.06}}, {"type": "Feature", "geometry": {"type": "Point", "coordinates": [73.979662, 18.602217]}, "properties": {"depth": 5.04}}, {"type": "Feature", "geometry": {"type": "Point", "coordinates": [73.980238, 18.602249]}, "properties": {"depth": 7.72}}, {"type": "Feature", "geometry": {"type": "Point", "coordinates": [73.979889, 18.602268]}, "properties": {"depth": 7.96}}, {"type": "Feature", "geometry": {"type": "Point", "coordinates": [73.97974, 18.602285]}, "properties": {"depth": 5.04}}, {"type": "Feature", "geometry": {"type": "Point", "coordinates": [73.980708, 18.602295]}, "properties": {"depth": 8.06}}, {"type": "Feature", "geometry": {"type": "Point", "coordinates": [73.979998, 18.602296]}, "properties": {"depth": 7.96}}, {"type": "Feature", "geometry": {"type": "Point", "coordinates": [73.980944, 18.602305]}, "properties": {"depth": 8.06}}, {"type": "Feature", "geometry": {"type": "Point", "coordinates": [73.980829, 18.602338]}, "properties": {"depth": 8.06}}, {"type": "Feature", "geometry": {"type": "Point", "coordinates": [73.980406, 18.60237]}, "properties": {"depth": 10.71}}, {"type": "Feature", "geometry": {"type": "Point", "coordinates": [73.979619, 18.602385]}, "properties": {"depth": 11.15}}, {"type": "Feature", "geometry": {"type": "Point", "coordinates": [73.981138, 18.602399]}, "properties": {"depth": 7.05}}, {"type": "Feature", "geometry": {"type": "Point", "coordinates": [73.980757, 18.602407]}, "properties": {"depth": 8.49}}, {"type": "Feature", "geometry": {"type": "Point", "coordinates": [73.980191, 18.602412]}, "properties": {"depth": 10.71}}, {"type": "Feature", "geometry": {"type": "Point", "coordinates": [73.980993, 18.602428]}, "properties": {"depth": 7.05}}, {"type": "Feature", "geometry": {"type": "Point", "coordinates": [73.980885, 18.602433]}, "properties": {"depth": 8.49}}, {"type": "Feature", "geometry": {"type": "Point", "coordinates": [73.980549, 18.602461]}, "properties": {"depth": 10.5}}, {"type": "Feature", "geometry": {"type": "Point", "coordinates": [73.980065, 18.602491]}, "properties": {"depth": 9.98}}, {"type": "Feature", "geometry": {"type": "Point", "coordinates": [73.980923, 18.602511]}, "properties": {"depth": 8.49}}, {"type": "Feature", "geometry": {"type": "Point", "coordinates": [73.980217, 18.602523]}, "properties": {"depth": 10.71}}, {"type": "Feature", "geometry": {"type": "Point", "coordinates": [73.980821, 18.602556]}, "properties": {"depth": 8.49}}, {"type": "Feature", "geometry": {"type": "Point", "coordinates": [73.914971, 18.546128]}, "properties": {"depth": 14.3}}, {"type": "Feature", "geometry": {"type": "Point", "coordinates": [73.916273, 18.546574]}, "properties": {"depth": 11.96}}, {"type": "Feature", "geometry": {"type": "Point", "coordinates": [73.915908, 18.546662]}, "properties": {"depth": 7.15}}, {"type": "Feature", "geometry": {"type": "Point", "coordinates": [73.914612, 18.548043]}, "properties": {"depth": 3.82}}, {"type": "Feature", "geometry": {"type": "Point", "coordinates": [73.916109, 18.548113]}, "properties": {"depth": 9.8}}, {"type": "Feature", "geometry": {"type": "Point", "coordinates": [73.916195, 18.54848]}, "properties": {"depth": 12.42}}, {"type": "Feature", "geometry": {"type": "Point", "coordinates": [73.91808, 18.546626]}, "properties": {"depth": 1.52}}, {"type": "Feature", "geometry": {"type": "Point", "coordinates": [73.917574, 18.546797]}, "properties": {"depth": 5.91}}, {"type": "Feature", "geometry": {"type": "Point", "coordinates": [73.917449, 18.54725]}, "properties": {"depth": 7.32}}, {"type": "Feature", "geometry": {"type": "Point", "coordinates": [73.916646, 18.548499]}, "properties": {"depth": 12.15}}, {"type": "Feature", "geometry": {"type": "Point", "coordinates": [73.899402, 18.552099]}, "properties": {"depth": 12.3}}, {"type": "Feature", "geometry": {"type": "Point", "coordinates": [73.899385, 18.552284]}, "properties": {"depth": 12.3}}, {"type": "Feature", "geometry": {"type": "Point", "coordinates": [73.899464, 18.552345]}, "properties": {"depth": 12.3}}, {"type": "Feature", "geometry": {"type": "Point", "coordinates": [73.898134, 18.552103]}, "properties": {"depth": 9.36}}, {"type": "Feature", "geometry": {"type": "Point", "coordinates": [73.898924, 18.552136]}, "properties": {"depth": 9.36}}, {"type": "Feature", "geometry": {"type": "Point", "coordinates": [73.898532, 18.552138]}, "properties": {"depth": 9.65}}, {"type": "Feature", "geometry": {"type": "Point", "coordinates": [73.897891, 18.55214]}, "properties": {"depth": 8.05}}, {"type": "Feature", "geometry": {"type": "Point", "coordinates": [73.898295, 18.552151]}, "properties": {"depth": 8.22}}, {"type": "Feature", "geometry": {"type": "Point", "coordinates": [73.898698, 18.552175]}, "properties": {"depth": 9.65}}, {"type": "Feature", "geometry": {"type": "Point", "coordinates": [73.898112, 18.552207]}, "properties": {"depth": 9.36}}, {"type": "Feature", "geometry": {"type": "Point", "coordinates": [73.898503, 18.552225]}, "properties": {"depth": 9.65}}, {"type": "Feature", "geometry": {"type": "Point", "coordinates": [73.898902, 18.552235]}, "properties": {"depth": 9.36}}, {"type": "Feature", "geometry": {"type": "Point", "coordinates": [73.89786, 18.552239]}, "properties": {"depth": 8.05}}, {"type": "Feature", "geometry": {"type": "Point", "coordinates": [73.89827, 18.552258]}, "properties": {"depth": 8.22}}, {"type": "Feature", "geometry": {"type": "Point", "coordinates": [73.898664, 18.552276]}, "properties": {"depth": 9.65}}, {"type": "Feature", "geometry": {"type": "Point", "coordinates": [73.898075, 18.55231]}, "properties": {"depth": 9.36}}, {"type": "Feature", "geometry": {"type": "Point", "coordinates": [73.89847, 18.552331]}, "properties": {"depth": 8.22}}, {"type": "Feature", "geometry": {"type": "Point", "coordinates": [73.89888, 18.552338]}, "properties": {"depth": 9.36}}, {"type": "Feature", "geometry": {"type": "Point", "coordinates": [73.898215, 18.552351]}, "properties": {"depth": 8.22}}, {"type": "Feature", "geometry": {"type": "Point", "coordinates": [73.897829, 18.552352]}, "properties": {"depth": 8.05}}, {"type": "Feature", "geometry": {"type": "Point", "coordinates": [73.898631, 18.552388]}, "properties": {"depth": 9.66}}, {"type": "Feature", "geometry": {"type": "Point", "coordinates": [73.898037, 18.552414]}, "properties": {"depth": 7.17}}, {"type": "Feature", "geometry": {"type": "Point", "coordinates": [73.898439, 18.552428]}, "properties": {"depth": 9.15}}, {"type": "Feature", "geometry": {"type": "Point", "coordinates": [73.898836, 18.552434]}, "properties": {"depth": 10.25}}, {"type": "Feature", "geometry": {"type": "Point", "coordinates": [73.898184, 18.552458]}, "properties": {"depth": 7.17}}, {"type": "Feature", "geometry": {"type": "Point", "coordinates": [73.898608, 18.552471]}, "properties": {"depth": 9.66}}, {"type": "Feature", "geometry": {"type": "Point", "coordinates": [73.898812, 18.552529]}, "properties": {"depth": 10.25}}, {"type": "Feature", "geometry": {"type": "Point", "coordinates": [73.898397, 18.552528]}, "properties": {"depth": 9.15}}, {"type": "Feature", "geometry": {"type": "Point", "coordinates": [73.898558, 18.552573]}, "properties": {"depth": 9.66}}, {"type": "Feature", "geometry": {"type": "Point", "coordinates": [73.898778, 18.55264]}, "properties": {"depth": 10.42}}, {"type": "Feature", "geometry": {"type": "Point", "coordinates": [73.897636, 18.552909]}, "properties": {"depth": 9.52}}, {"type": "Feature", "geometry": {"type": "Point", "coordinates": [73.897428, 18.553101]}, "properties": {"depth": 7.91}}, {"type": "Feature", "geometry": {"type": "Point", "coordinates": [73.897618, 18.553138]}, "properties": {"depth": 7.91}}, {"type": "Feature", "geometry": {"type": "Point", "coordinates": [73.899842, 18.552536]}, "properties": {"depth": 6.04}}, {"type": "Feature", "geometry": {"type": "Point", "coordinates": [73.899285, 18.553384]}, "properties": {"depth": 4.8}}, {"type": "Feature", "geometry": {"type": "Point", "coordinates": [73.899914, 18.553615]}, "properties": {"depth": 4.16}}, {"type": "Feature", "geometry": {"type": "Point", "coordinates": [73.899628, 18.553625]}, "properties": {"depth": 2.03}}, {"type": "Feature", "geometry": {"type": "Point", "coordinates": [73.899174, 18.55381]}, "properties": {"depth": 3.61}}, {"type": "Feature", "geometry": {"type": "Point", "coordinates": [73.900228, 18.553957]}, "properties": {"depth": 5.41}}, {"type": "Feature", "geometry": {"type": "Point", "coordinates": [73.899136, 18.553962]}, "properties": {"depth": 3.61}}, {"type": "Feature", "geometry": {"type": "Point", "coordinates": [73.899829, 18.553974]}, "properties": {"depth": 6.56}}, {"type": "Feature", "geometry": {"type": "Point", "coordinates": [73.899686, 18.554022]}, "properties": {"depth": 6.56}}, {"type": "Feature", "geometry": {"type": "Point", "coordinates": [73.899483, 18.554049]}, "properties": {"depth": 5.67}}, {"type": "Feature", "geometry": {"type": "Point", "coordinates": [73.897809, 18.553185]}, "properties": {"depth": 8.35}}, {"type": "Feature", "geometry": {"type": "Point", "coordinates": [73.897995, 18.553255]}, "properties": {"depth": 6.99}}, {"type": "Feature", "geometry": {"type": "Point", "coordinates": [73.897508, 18.553265]}, "properties": {"depth": 6.81}}, {"type": "Feature", "geometry": {"type": "Point", "coordinates": [73.898177, 18.553304]}, "properties": {"depth": 6.99}}, {"type": "Feature", "geometry": {"type": "Point", "coordinates": [73.89764, 18.553307]}, "properties": {"depth": 7.43}}, {"type": "Feature", "geometry": {"type": "Point", "coordinates": [73.897776, 18.553344]}, "properties": {"depth": 7.43}}, {"type": "Feature", "geometry": {"type": "Point", "coordinates": [73.898344, 18.553359]}, "properties": {"depth": 5.76}}, {"type": "Feature", "geometry": {"type": "Point", "coordinates": [73.898957, 18.553364]}, "properties": {"depth": 2.82}}, {"type": "Feature", "geometry": {"type": "Point", "coordinates": [73.897906, 18.553392]}, "properties": {"depth": 7.43}}, {"type": "Feature", "geometry": {"type": "Point", "coordinates": [73.898041, 18.553432]}, "properties": {"depth": 6.99}}, {"type": "Feature", "geometry": {"type": "Point", "coordinates": [73.897047, 18.553145]}, "properties": {"depth": 6.6}}, {"type": "Feature", "geometry": {"type": "Point", "coordinates": [73.897344, 18.553239]}, "properties": {"depth": 5.27}}, {"type": "Feature", "geometry": {"type": "Point", "coordinates": [73.897018, 18.553363]}, "properties": {"depth": 7.7}}, {"type": "Feature", "geometry": {"type": "Point", "coordinates": [73.897292, 18.553443]}, "properties": {"depth": 5.27}}, {"type": "Feature", "geometry": {"type": "Point", "coordinates": [73.896967, 18.553499]}, "properties": {"depth": 8.91}}, {"type": "Feature", "geometry": {"type": "Point", "coordinates": [73.897389, 18.55354]}, "properties": {"depth": 7.25}}, {"type": "Feature", "geometry": {"type": "Point", "coordinates": [73.897238, 18.553612]}, "properties": {"depth": 7.11}}, {"type": "Feature", "geometry": {"type": "Point", "coordinates": [73.896951, 18.553641]}, "properties": {"depth": 8.91}}, {"type": "Feature", "geometry": {"type": "Point", "coordinates": [73.896944, 18.553806]}, "properties": {"depth": 5.28}}, {"type": "Feature", "geometry": {"type": "Point", "coordinates": [73.897085, 18.553857]}, "properties": {"depth": 6.07}}, {"type": "Feature", "geometry": {"type": "Point", "coordinates": [73.897422, 18.553451]}, "properties": {"depth": 6.81}}, {"type": "Feature", "geometry": {"type": "Point", "coordinates": [73.898168, 18.553463]}, "properties": {"depth": 6.99}}, {"type": "Feature", "geometry": {"type": "Point", "coordinates": [73.898469, 18.553486]}, "properties": {"depth": 6.18}}, {"type": "Feature", "geometry": {"type": "Point", "coordinates": [73.898312, 18.553504]}, "properties": {"depth": 6.18}}, {"type": "Feature", "geometry": {"type": "Point", "coordinates": [73.898689, 18.553548]}, "properties": {"depth": 7.57}}, {"type": "Feature", "geometry": {"type": "Point", "coordinates": [73.89753, 18.553543]}, "properties": {"depth": 7.25}}, {"type": "Feature", "geometry": {"type": "Point", "coordinates": [73.897664, 18.553571]}, "properties": {"depth": 7.91}}, {"type": "Feature", "geometry": {"type": "Point", "coordinates": [73.898937, 18.55361]}, "properties": {"depth": 4.53}}, {"type": "Feature", "geometry": {"type": "Point", "coordinates": [73.897852, 18.553637]}, "properties": {"depth": 7.91}}, {"type": "Feature", "geometry": {"type": "Point", "coordinates": [73.898649, 18.553647]}, "properties": {"depth": 7.57}}, {"type": "Feature", "geometry": {"type": "Point", "coordinates": [73.897987, 18.553656]}, "properties": {"depth": 7.93}}, {"type": "Feature", "geometry": {"type": "Point", "coordinates": [73.898132, 18.553679]}, "properties": {"depth": 7.93}}, {"type": "Feature", "geometry": {"type": "Point", "coordinates": [73.897417, 18.553679]}, "properties": {"depth": 7.25}}, {"type": "Feature", "geometry": {"type": "Point", "coordinates": [73.897605, 18.553727]}, "properties": {"depth": 7.25}}, {"type": "Feature", "geometry": {"type": "Point", "coordinates": [73.897846, 18.553786]}, "properties": {"depth": 7.03}}, {"type": "Feature", "geometry": {"type": "Point", "coordinates": [73.898019, 18.553825]}, "properties": {"depth": 8.44}}, {"type": "Feature", "geometry": {"type": "Point", "coordinates": [73.898394, 18.553835]}, "properties": {"depth": 9.9}}, {"type": "Feature", "geometry": {"type": "Point", "coordinates": [73.898205, 18.553878]}, "properties": {"depth": 9.9}}, {"type": "Feature", "geometry": {"type": "Point", "coordinates": [73.897503, 18.553927]}, "properties": {"depth": 8.01}}, {"type": "Feature", "geometry": {"type": "Point", "coordinates": [73.8977, 18.553973]}, "properties": {"depth": 7.03}}, {"type": "Feature", "geometry": {"type": "Point", "coordinates": [73.899898, 18.554135]}, "properties": {"depth": 5.19}}, {"type": "Feature", "geometry": {"type": "Point", "coordinates": [73.900142, 18.554164]}, "properties": {"depth": 5.02}}, {"type": "Feature", "geometry": {"type": "Point", "coordinates": [73.898992, 18.554206]}, "properties": {"depth": 3.06}}, {"type": "Feature", "geometry": {"type": "Point", "coordinates": [73.899177, 18.554248]}, "properties": {"depth": 5.77}}, {"type": "Feature", "geometry": {"type": "Point", "coordinates": [73.900289, 18.55426]}, "properties": {"depth": 5.02}}, {"type": "Feature", "geometry": {"type": "Point", "coordinates": [73.899402, 18.554335]}, "properties": {"depth": 5.32}}, {"type": "Feature", "geometry": {"type": "Point", "coordinates": [73.899684, 18.554391]}, "properties": {"depth": 5.0}}, {"type": "Feature", "geometry": {"type": "Point", "coordinates": [73.899865, 18.554441]}, "properties": {"depth": 4.25}}, {"type": "Feature", "geometry": {"type": "Point", "coordinates": [73.90021, 18.554519]}, "properties": {"depth": 0.24}}, {"type": "Feature", "geometry": {"type": "Point", "coordinates": [73.900383, 18.554575]}, "properties": {"depth": 0.24}}, {"type": "Feature", "geometry": {"type": "Point", "coordinates": [73.897841, 18.554011]}, "properties": {"depth": 7.03}}, {"type": "Feature", "geometry": {"type": "Point", "coordinates": [73.897956, 18.55404]}, "properties": {"depth": 3.97}}, {"type": "Feature", "geometry": {"type": "Point", "coordinates": [73.898543, 18.554066]}, "properties": {"depth": 4.37}}, {"type": "Feature", "geometry": {"type": "Point", "coordinates": [73.89887, 18.554556]}, "properties": {"depth": 5.47}}, {"type": "Feature", "geometry": {"type": "Point", "coordinates": [73.897689, 18.554676]}, "properties": {"depth": 7.4}}, {"type": "Feature", "geometry": {"type": "Point", "coordinates": [73.897912, 18.554701]}, "properties": {"depth": 7.4}}, {"type": "Feature", "geometry": {"type": "Point", "coordinates": [73.897421, 18.554722]}, "properties": {"depth": 7.69}}, {"type": "Feature", "geometry": {"type": "Point", "coordinates": [73.897552, 18.554725]}, "properties": {"depth": 7.69}}, {"type": "Feature", "geometry": {"type": "Point", "coordinates": [73.897623, 18.554732]}, "properties": {"depth": 7.69}}, {"type": "Feature", "geometry": {"type": "Point", "coordinates": [73.897492, 18.554735]}, "properties": {"depth": 7.69}}, {"type": "Feature", "geometry": {"type": "Point", "coordinates": [73.897684, 18.554743]}, "properties": {"depth": 7.4}}, {"type": "Feature", "geometry": {"type": "Point", "coordinates": [73.898531, 18.554754]}, "properties": {"depth": 9.69}}, {"type": "Feature", "geometry": {"type": "Point", "coordinates": [73.897815, 18.554766]}, "properties": {"depth": 7.4}}, {"type": "Feature", "geometry": {"type": "Point", "coordinates": [73.897887, 18.554774]}, "properties": {"depth": 7.4}}, {"type": "Feature", "geometry": {"type": "Point", "coordinates": [73.897955, 18.554776]}, "properties": {"depth": 8.04}}, {"type": "Feature", "geometry": {"type": "Point", "coordinates": [73.898021, 18.554782]}, "properties": {"depth": 8.04}}, {"type": "Feature", "geometry": {"type": "Point", "coordinates": [73.898088, 18.55479]}, "properties": {"depth": 8.04}}, {"type": "Feature", "geometry": {"type": "Point", "coordinates": [73.898146, 18.554796]}, "properties": {"depth": 8.04}}, {"type": "Feature", "geometry": {"type": "Point", "coordinates": [73.898223, 18.5548]}, "properties": {"depth": 7.53}}, {"type": "Feature", "geometry": {"type": "Point", "coordinates": [73.898292, 18.554805]}, "properties": {"depth": 7.53}}, {"type": "Feature", "geometry": {"type": "Point", "coordinates": [73.89836, 18.554816]}, "properties": {"depth": 7.53}}, {"type": "Feature", "geometry": {"type": "Point", "coordinates": [73.898424, 18.554822]}, "properties": {"depth": 7.53}}, {"type": "Feature", "geometry": {"type": "Point", "coordinates": [73.898488, 18.554828]}, "properties": {"depth": 9.69}}, {"type": "Feature", "geometry": {"type": "Point", "coordinates": [73.898554, 18.554829]}, "properties": {"depth": 9.69}}, {"type": "Feature", "geometry": {"type": "Point", "coordinates": [73.897665, 18.554947]}, "properties": {"depth": 9.56}}, {"type": "Feature", "geometry": {"type": "Point", "coordinates": [73.89787, 18.554951]}, "properties": {"depth": 9.56}}, {"type": "Feature", "geometry": {"type": "Point", "coordinates": [73.898359, 18.555029]}, "properties": {"depth": 7.18}}, {"type": "Feature", "geometry": {"type": "Point", "coordinates": [73.898524, 18.555084]}, "properties": {"depth": 7.65}}, {"type": "Feature", "geometry": {"type": "Point", "coordinates": [73.898819, 18.555161]}, "properties": {"depth": 6.92}}, {"type": "Feature", "geometry": {"type": "Point", "coordinates": [73.897464, 18.555193]}, "properties": {"depth": 7.41}}, {"type": "Feature", "geometry": {"type": "Point", "coordinates": [73.897586, 18.555202]}, "properties": {"depth": 7.41}}, {"type": "Feature", "geometry": {"type": "Point", "coordinates": [73.897532, 18.555216]}, "properties": {"depth": 7.41}}, {"type": "Feature", "geometry": {"type": "Point", "coordinates": [73.897655, 18.555218]}, "properties": {"depth": 7.25}}, {"type": "Feature", "geometry": {"type": "Point", "coordinates": [73.897853, 18.555244]}, "properties": {"depth": 7.25}}, {"type": "Feature", "geometry": {"type": "Point", "coordinates": [73.897927, 18.555251]}, "properties": {"depth": 6.94}}, {"type": "Feature", "geometry": {"type": "Point", "coordinates": [73.897998, 18.555259]}, "properties": {"depth": 6.94}}, {"type": "Feature", "geometry": {"type": "Point", "coordinates": [73.898068, 18.555275]}, "properties": {"depth": 6.94}}, {"type": "Feature", "geometry": {"type": "Point", "coordinates": [73.898261, 18.555283]}, "properties": {"depth": 5.92}}, {"type": "Feature", "geometry": {"type": "Point", "coordinates": [73.898502, 18.555285]}, "properties": {"depth": 8.02}}, {"type": "Feature", "geometry": {"type": "Point", "coordinates": [73.899658, 18.554815]}, "properties": {"depth": 0.88}}, {"type": "Feature", "geometry": {"type": "Point", "coordinates": [73.899505, 18.555212]}, "properties": {"depth": 6.63}}, {"type": "Feature", "geometry": {"type": "Point", "coordinates": [73.899181, 18.555353]}, "properties": {"depth": 7.44}}, {"type": "Feature", "geometry": {"type": "Point", "coordinates": [73.899607, 18.556841]}, "properties": {"depth": 10.09}}, {"type": "Feature", "geometry": {"type": "Point", "coordinates": [73.899953, 18.556953]}, "properties": {"depth": 9.3}}, {"type": "Feature", "geometry": {"type": "Point", "coordinates": [73.899562, 18.557062]}, "properties": {"depth": 6.37}}, {"type": "Feature", "geometry": {"type": "Point", "coordinates": [73.900288, 18.557234]}, "properties": {"depth": 10.0}}, {"type": "Feature", "geometry": {"type": "Point", "coordinates": [73.898136, 18.555288]}, "properties": {"depth": 6.94}}, {"type": "Feature", "geometry": {"type": "Point", "coordinates": [73.898196, 18.55529]}, "properties": {"depth": 5.92}}, {"type": "Feature", "geometry": {"type": "Point", "coordinates": [73.898335, 18.555296]}, "properties": {"depth": 5.92}}, {"type": "Feature", "geometry": {"type": "Point", "coordinates": [73.898008, 18.555613]}, "properties": {"depth": 2.34}}, {"type": "Feature", "geometry": {"type": "Point", "coordinates": [73.897847, 18.556322]}, "properties": {"depth": 6.4}}, {"type": "Feature", "geometry": {"type": "Point", "coordinates": [73.898783, 18.556389]}, "properties": {"depth": 0.35}}, {"type": "Feature", "geometry": {"type": "Point", "coordinates": [73.898152, 18.55684]}, "properties": {"depth": 11.96}}, {"type": "Feature", "geometry": {"type": "Point", "coordinates": [73.898677, 18.55695]}, "properties": {"depth": 10.95}}, {"type": "Feature", "geometry": {"type": "Point", "coordinates": [73.898189, 18.557072]}, "properties": {"depth": 11.96}}, {"type": "Feature", "geometry": {"type": "Point", "coordinates": [73.899935, 18.557389]}, "properties": {"depth": 7.76}}, {"type": "Feature", "geometry": {"type": "Point", "coordinates": [73.899172, 18.557505]}, "properties": {"depth": 11.39}}, {"type": "Feature", "geometry": {"type": "Point", "coordinates": [73.900015, 18.55819]}, "properties": {"depth": 10.97}}, {"type": "Feature", "geometry": {"type": "Point", "coordinates": [73.899231, 18.558382]}, "properties": {"depth": 4.12}}, {"type": "Feature", "geometry": {"type": "Point", "coordinates": [73.898931, 18.558391]}, "properties": {"depth": 7.45}}, {"type": "Feature", "geometry": {"type": "Point", "coordinates": [73.900452, 18.558485]}, "properties": {"depth": 8.69}}, {"type": "Feature", "geometry": {"type": "Point", "coordinates": [73.899271, 18.55861]}, "properties": {"depth": 4.19}}, {"type": "Feature", "geometry": {"type": "Point", "coordinates": [73.89898, 18.558627]}, "properties": {"depth": 7.61}}, {"type": "Feature", "geometry": {"type": "Point", "coordinates": [73.899885, 18.558689]}, "properties": {"depth": 8.02}}, {"type": "Feature", "geometry": {"type": "Point", "coordinates": [73.899644, 18.558693]}, "properties": {"depth": 7.53}}, {"type": "Feature", "geometry": {"type": "Point", "coordinates": [73.890857, 18.554]}, "properties": {"depth": 4.08}}, {"type": "Feature", "geometry": {"type": "Point", "coordinates": [73.890853, 18.554053]}, "properties": {"depth": 4.74}}, {"type": "Feature", "geometry": {"type": "Point", "coordinates": [73.89103, 18.55408]}, "properties": {"depth": 3.9}}, {"type": "Feature", "geometry": {"type": "Point", "coordinates": [73.890746, 18.554151]}, "properties": {"depth": 4.74}}, {"type": "Feature", "geometry": {"type": "Point", "coordinates": [73.890914, 18.554252]}, "properties": {"depth": 4.74}}, {"type": "Feature", "geometry": {"type": "Point", "coordinates": [73.890132, 18.552104]}, "properties": {"depth": 19.84}}, {"type": "Feature", "geometry": {"type": "Point", "coordinates": [73.889074, 18.552988]}, "properties": {"depth": 10.52}}, {"type": "Feature", "geometry": {"type": "Point", "coordinates": [73.889634, 18.55705]}, "properties": {"depth": 8.53}}, {"type": "Feature", "geometry": {"type": "Point", "coordinates": [73.888662, 18.553212]}, "properties": {"depth": 7.4}}, {"type": "Feature", "geometry": {"type": "Point", "coordinates": [73.888353, 18.553392]}, "properties": {"depth": 6.05}}, {"type": "Feature", "geometry": {"type": "Point", "coordinates": [73.887246, 18.554806]}, "properties": {"depth": 0.74}}, {"type": "Feature", "geometry": {"type": "Point", "coordinates": [73.887207, 18.557989]}, "properties": {"depth": 15.69}}, {"type": "Feature", "geometry": {"type": "Point", "coordinates": [73.887623, 18.558146]}, "properties": {"depth": 14.02}}, {"type": "Feature", "geometry": {"type": "Point", "coordinates": [73.88619, 18.557948]}, "properties": {"depth": 14.63}}, {"type": "Feature", "geometry": {"type": "Point", "coordinates": [73.886019, 18.558369]}, "properties": {"depth": 14.84}}, {"type": "Feature", "geometry": {"type": "Point", "coordinates": [73.897202, 18.55386]}, "properties": {"depth": 6.07}}, {"type": "Feature", "geometry": {"type": "Point", "coordinates": [73.897353, 18.55389]}, "properties": {"depth": 6.07}}, {"type": "Feature", "geometry": {"type": "Point", "coordinates": [73.897149, 18.554269]}, "properties": {"depth": 3.71}}, {"type": "Feature", "geometry": {"type": "Point", "coordinates": [73.897092, 18.554693]}, "properties": {"depth": 7.36}}, {"type": "Feature", "geometry": {"type": "Point", "coordinates": [73.897161, 18.554694]}, "properties": {"depth": 7.36}}, {"type": "Feature", "geometry": {"type": "Point", "coordinates": [73.897223, 18.554704]}, "properties": {"depth": 7.36}}, {"type": "Feature", "geometry": {"type": "Point", "coordinates": [73.897293, 18.554709]}, "properties": {"depth": 7.36}}, {"type": "Feature", "geometry": {"type": "Point", "coordinates": [73.897359, 18.554714]}, "properties": {"depth": 7.36}}, {"type": "Feature", "geometry": {"type": "Point", "coordinates": [73.897087, 18.554857]}, "properties": {"depth": 7.36}}, {"type": "Feature", "geometry": {"type": "Point", "coordinates": [73.897226, 18.554861]}, "properties": {"depth": 7.36}}, {"type": "Feature", "geometry": {"type": "Point", "coordinates": [73.897386, 18.555176]}, "properties": {"depth": 7.41}}, {"type": "Feature", "geometry": {"type": "Point", "coordinates": [73.891229, 18.555077]}, "properties": {"depth": 3.74}}, {"type": "Feature", "geometry": {"type": "Point", "coordinates": [73.897104, 18.5588]}, "properties": {"depth": 8.39}}, {"type": "Feature", "geometry": {"type": "Point", "coordinates": [73.898233, 18.557301]}, "properties": {"depth": 11.52}}, {"type": "Feature", "geometry": {"type": "Point", "coordinates": [73.897543, 18.557489]}, "properties": {"depth": 8.64}}, {"type": "Feature", "geometry": {"type": "Point", "coordinates": [73.898283, 18.557503]}, "properties": {"depth": 12.66}}, {"type": "Feature", "geometry": {"type": "Point", "coordinates": [73.897681, 18.557684]}, "properties": {"depth": 12.37}}, {"type": "Feature", "geometry": {"type": "Point", "coordinates": [73.898324, 18.557723]}, "properties": {"depth": 10.99}}, {"type": "Feature", "geometry": {"type": "Point", "coordinates": [73.897544, 18.557758]}, "properties": {"depth": 12.29}}, {"type": "Feature", "geometry": {"type": "Point", "coordinates": [73.898332, 18.557952]}, "properties": {"depth": 13.15}}, {"type": "Feature", "geometry": {"type": "Point", "coordinates": [73.89759, 18.557986]}, "properties": {"depth": 12.24}}, {"type": "Feature", "geometry": {"type": "Point", "coordinates": [73.898889, 18.558107]}, "properties": {"depth": 11.64}}, {"type": "Feature", "geometry": {"type": "Point", "coordinates": [73.897656, 18.558235]}, "properties": {"depth": 4.25}}, {"type": "Feature", "geometry": {"type": "Point", "coordinates": [73.89867, 18.558403]}, "properties": {"depth": 7.12}}, {"type": "Feature", "geometry": {"type": "Point", "coordinates": [73.897915, 18.558477]}, "properties": {"depth": 5.63}}, {"type": "Feature", "geometry": {"type": "Point", "coordinates": [73.897691, 18.558514]}, "properties": {"depth": 5.63}}, {"type": "Feature", "geometry": {"type": "Point", "coordinates": [73.89871, 18.558678]}, "properties": {"depth": 11.36}}, {"type": "Feature", "geometry": {"type": "Point", "coordinates": [73.898333, 18.558753]}, "properties": {"depth": 12.72}}, {"type": "Feature", "geometry": {"type": "Point", "coordinates": [73.898078, 18.558786]}, "properties": {"depth": 11.47}}, {"type": "Feature", "geometry": {"type": "Point", "coordinates": [73.897808, 18.558824]}, "properties": {"depth": 8.58}}, {"type": "Feature", "geometry": {"type": "Point", "coordinates": [73.897556, 18.558868]}, "properties": {"depth": 11.19}}, {"type": "Feature", "geometry": {"type": "Point", "coordinates": [73.897732, 18.559195]}, "properties": {"depth": 6.71}}, {"type": "Feature", "geometry": {"type": "Point", "coordinates": [73.89987, 18.558934]}, "properties": {"depth": 8.55}}, {"type": "Feature", "geometry": {"type": "Point", "coordinates": [73.899646, 18.558931]}, "properties": {"depth": 8.49}}, {"type": "Feature", "geometry": {"type": "Point", "coordinates": [73.90006, 18.559009]}, "properties": {"depth": 8.55}}, {"type": "Feature", "geometry": {"type": "Point", "coordinates": [73.899473, 18.559579]}, "properties": {"depth": 14.9}}, {"type": "Feature", "geometry": {"type": "Point", "coordinates": [73.879874, 18.553607]}, "properties": {"depth": 13.33}}, {"type": "Feature", "geometry": {"type": "Point", "coordinates": [73.877505, 18.55347]}, "properties": {"depth": 8.64}}, {"type": "Feature", "geometry": {"type": "Point", "coordinates": [73.877856, 18.553515]}, "properties": {"depth": 6.75}}, {"type": "Feature", "geometry": {"type": "Point", "coordinates": [73.880228, 18.554019]}, "properties": {"depth": 12.27}}, {"type": "Feature", "geometry": {"type": "Point", "coordinates": [73.876871, 18.553538]}, "properties": {"depth": 7.92}}, {"type": "Feature", "geometry": {"type": "Point", "coordinates": [73.876942, 18.553543]}, "properties": {"depth": 7.92}}, {"type": "Feature", "geometry": {"type": "Point", "coordinates": [73.876703, 18.554017]}, "properties": {"depth": 8.29}}, {"type": "Feature", "geometry": {"type": "Point", "coordinates": [73.876551, 18.554062]}, "properties": {"depth": 9.63}}, {"type": "Feature", "geometry": {"type": "Point", "coordinates": [73.876395, 18.55412]}, "properties": {"depth": 7.65}}, {"type": "Feature", "geometry": {"type": "Point", "coordinates": [73.877125, 18.554339]}, "properties": {"depth": 7.06}}, {"type": "Feature", "geometry": {"type": "Point", "coordinates": [73.876962, 18.554378]}, "properties": {"depth": 8.96}}, {"type": "Feature", "geometry": {"type": "Point", "coordinates": [73.876788, 18.554424]}, "properties": {"depth": 9.2}}, {"type": "Feature", "geometry": {"type": "Point", "coordinates": [73.876649, 18.554479]}, "properties": {"depth": 9.2}}, {"type": "Feature", "geometry": {"type": "Point", "coordinates": [73.877055, 18.554663]}, "properties": {"depth": 9.44}}, {"type": "Feature", "geometry": {"type": "Point", "coordinates": [73.880341, 18.554191]}, "properties": {"depth": 12.82}}, {"type": "Feature", "geometry": {"type": "Point", "coordinates": [73.8802, 18.554245]}, "properties": {"depth": 12.82}}, {"type": "Feature", "geometry": {"type": "Point", "coordinates": [73.880341, 18.55442]}, "properties": {"depth": 11.62}}, {"type": "Feature", "geometry": {"type": "Point", "coordinates": [73.880424, 18.554556]}, "properties": {"depth": 10.86}}, {"type": "Feature", "geometry": {"type": "Point", "coordinates": [73.880195, 18.554665]}, "properties": {"depth": 9.59}}, {"type": "Feature", "geometry": {"type": "Point", "coordinates": [73.876718, 18.554765]}, "properties": {"depth": 8.66}}, {"type": "Feature", "geometry": {"type": "Point", "coordinates": [73.876166, 18.55538]}, "properties": {"depth": 5.26}}, {"type": "Feature", "geometry": {"type": "Point", "coordinates": [73.87628, 18.555596]}, "properties": {"depth": 7.03}}, {"type": "Feature", "geometry": {"type": "Point", "coordinates": [73.87636, 18.555809]}, "properties": {"depth": 3.91}}, {"type": "Feature", "geometry": {"type": "Point", "coordinates": [73.876123, 18.555864]}, "properties": {"depth": 3.91}}, {"type": "Feature", "geometry": {"type": "Point", "coordinates": [73.876226, 18.556247]}, "properties": {"depth": 5.96}}, {"type": "Feature", "geometry": {"type": "Point", "coordinates": [73.8761, 18.55651]}, "properties": {"depth": 3.36}}, {"type": "Feature", "geometry": {"type": "Point", "coordinates": [73.882791, 18.552786]}, "properties": {"depth": 7.06}}, {"type": "Feature", "geometry": {"type": "Point", "coordinates": [73.882967, 18.552847]}, "properties": {"depth": 6.02}}, {"type": "Feature", "geometry": {"type": "Point", "coordinates": [73.883117, 18.552954]}, "properties": {"depth": 8.51}}, {"type": "Feature", "geometry": {"type": "Point", "coordinates": [73.882994, 18.552961]}, "properties": {"depth": 8.51}}, {"type": "Feature", "geometry": {"type": "Point", "coordinates": [73.882631, 18.55297]}, "properties": {"depth": 9.03}}, {"type": "Feature", "geometry": {"type": "Point", "coordinates": [73.882722, 18.553001]}, "properties": {"depth": 8.43}}, {"type": "Feature", "geometry": {"type": "Point", "coordinates": [73.883056, 18.553101]}, "properties": {"depth": 8.51}}, {"type": "Feature", "geometry": {"type": "Point", "coordinates": [73.883177, 18.553862]}, "properties": {"depth": 7.59}}, {"type": "Feature", "geometry": {"type": "Point", "coordinates": [73.882982, 18.554179]}, "properties": {"depth": 7.91}}, {"type": "Feature", "geometry": {"type": "Point", "coordinates": [73.88627, 18.556448]}, "properties": {"depth": 12.0}}, {"type": "Feature", "geometry": {"type": "Point", "coordinates": [73.881313, 18.552804]}, "properties": {"depth": 7.87}}, {"type": "Feature", "geometry": {"type": "Point", "coordinates": [73.880588, 18.552803]}, "properties": {"depth": 8.73}}, {"type": "Feature", "geometry": {"type": "Point", "coordinates": [73.882216, 18.552881]}, "properties": {"depth": 7.39}}, {"type": "Feature", "geometry": {"type": "Point", "coordinates": [73.881902, 18.55291]}, "properties": {"depth": 6.23}}, {"type": "Feature", "geometry": {"type": "Point", "coordinates": [73.882193, 18.554713]}, "properties": {"depth": 8.95}}, {"type": "Feature", "geometry": {"type": "Point", "coordinates": [73.880751, 18.554787]}, "properties": {"depth": 14.47}}, {"type": "Feature", "geometry": {"type": "Point", "coordinates": [73.880915, 18.554978]}, "properties": {"depth": 14.07}}, {"type": "Feature", "geometry": {"type": "Point", "coordinates": [73.885314, 18.55497]}, "properties": {"depth": 6.01}}, {"type": "Feature", "geometry": {"type": "Point", "coordinates": [73.885124, 18.555075]}, "properties": {"depth": 7.96}}, {"type": "Feature", "geometry": {"type": "Point", "coordinates": [73.884936, 18.555179]}, "properties": {"depth": 6.89}}, {"type": "Feature", "geometry": {"type": "Point", "coordinates": [73.884736, 18.555321]}, "properties": {"depth": 7.51}}, {"type": "Feature", "geometry": {"type": "Point", "coordinates": [73.884472, 18.555452]}, "properties": {"depth": 8.21}}, {"type": "Feature", "geometry": {"type": "Point", "coordinates": [73.884318, 18.556804]}, "properties": {"depth": 9.64}}, {"type": "Feature", "geometry": {"type": "Point", "coordinates": [73.884561, 18.557185]}, "properties": {"depth": 11.4}}, {"type": "Feature", "geometry": {"type": "Point", "coordinates": [73.883299, 18.554275]}, "properties": {"depth": 6.33}}, {"type": "Feature", "geometry": {"type": "Point", "coordinates": [73.883589, 18.554882]}, "properties": {"depth": 5.72}}, {"type": "Feature", "geometry": {"type": "Point", "coordinates": [73.885425, 18.558223]}, "properties": {"depth": 13.96}}, {"type": "Feature", "geometry": {"type": "Point", "coordinates": [73.875179, 18.553159]}, "properties": {"depth": 9.49}}, {"type": "Feature", "geometry": {"type": "Point", "coordinates": [73.875619, 18.553206]}, "properties": {"depth": 8.94}}, {"type": "Feature", "geometry": {"type": "Point", "coordinates": [73.87576, 18.553221]}, "properties": {"depth": 8.86}}, {"type": "Feature", "geometry": {"type": "Point", "coordinates": [73.8759, 18.553236]}, "properties": {"depth": 8.86}}, {"type": "Feature", "geometry": {"type": "Point", "coordinates": [73.875541, 18.55329]}, "properties": {"depth": 8.94}}, {"type": "Feature", "geometry": {"type": "Point", "coordinates": [73.875777, 18.553295]}, "properties": {"depth": 8.86}}, {"type": "Feature", "geometry": {"type": "Point", "coordinates": [73.874904, 18.553295]}, "properties": {"depth": 9.69}}, {"type": "Feature", "geometry": {"type": "Point", "coordinates": [73.874996, 18.55331]}, "properties": {"depth": 9.69}}, {"type": "Feature", "geometry": {"type": "Point", "coordinates": [73.875164, 18.553349]}, "properties": {"depth": 10.55}}, {"type": "Feature", "geometry": {"type": "Point", "coordinates": [73.875313, 18.553389]}, "properties": {"depth": 10.55}}, {"type": "Feature", "geometry": {"type": "Point", "coordinates": [73.874162, 18.552982]}, "properties": {"depth": 8.21}}, {"type": "Feature", "geometry": {"type": "Point", "coordinates": [73.874317, 18.553022]}, "properties": {"depth": 8.8}}, {"type": "Feature", "geometry": {"type": "Point", "coordinates": [73.874744, 18.553068]}, "properties": {"depth": 9.18}}, {"type": "Feature", "geometry": {"type": "Point", "coordinates": [73.8742, 18.553191]}, "properties": {"depth": 8.21}}, {"type": "Feature", "geometry": {"type": "Point", "coordinates": [73.874405, 18.553236]}, "properties": {"depth": 8.37}}, {"type": "Feature", "geometry": {"type": "Point", "coordinates": [73.874544, 18.553267]}, "properties": {"depth": 8.37}}, {"type": "Feature", "geometry": {"type": "Point", "coordinates": [73.87429, 18.553273]}, "properties": {"depth": 7.27}}, {"type": "Feature", "geometry": {"type": "Point", "coordinates": [73.874649, 18.553296]}, "properties": {"depth": 10.2}}, {"type": "Feature", "geometry": {"type": "Point", "coordinates": [73.875499, 18.55547]}, "properties": {"depth": 2.21}}, {"type": "Feature", "geometry": {"type": "Point", "coordinates": [73.875599, 18.555624]}, "properties": {"depth": 2.21}}, {"type": "Feature", "geometry": {"type": "Point", "coordinates": [73.875927, 18.555745]}, "properties": {"depth": 6.38}}, {"type": "Feature", "geometry": {"type": "Point", "coordinates": [73.875998, 18.555943]}, "properties": {"depth": 3.91}}, {"type": "Feature", "geometry": {"type": "Point", "coordinates": [73.875695, 18.55601]}, "properties": {"depth": 6.47}}, {"type": "Feature", "geometry": {"type": "Point", "coordinates": [73.874388, 18.558957]}, "properties": {"depth": 1.7}}, {"type": "Feature", "geometry": {"type": "Point", "coordinates": [73.874, 18.559225]}, "properties": {"depth": 7.56}}, {"type": "Feature", "geometry": {"type": "Point", "coordinates": [73.873975, 18.559606]}, "properties": {"depth": 1.84}}, {"type": "Feature", "geometry": {"type": "Point", "coordinates": [73.873732, 18.567477]}, "properties": {"depth": 7.39}}, {"type": "Feature", "geometry": {"type": "Point", "coordinates": [73.873749, 18.567536]}, "properties": {"depth": 7.39}}, {"type": "Feature", "geometry": {"type": "Point", "coordinates": [73.87387, 18.567559]}, "properties": {"depth": 0.2}}, {"type": "Feature", "geometry": {"type": "Point", "coordinates": [73.868337, 18.581026]}, "properties": {"depth": 2.18}}, {"type": "Feature", "geometry": {"type": "Point", "coordinates": [73.868463, 18.581248]}, "properties": {"depth": 2.18}}, {"type": "Feature", "geometry": {"type": "Point", "coordinates": [73.873782, 18.567596]}, "properties": {"depth": 0.2}}, {"type": "Feature", "geometry": {"type": "Point", "coordinates": [73.873786, 18.567651]}, "properties": {"depth": 1.71}}, {"type": "Feature", "geometry": {"type": "Point", "coordinates": [73.874012, 18.56767]}, "properties": {"depth": 1.71}}, {"type": "Feature", "geometry": {"type": "Point", "coordinates": [73.873803, 18.567699]}, "properties": {"depth": 1.71}}, {"type": "Feature", "geometry": {"type": "Point", "coordinates": [73.87388, 18.567922]}, "properties": {"depth": 4.71}}, {"type": "Feature", "geometry": {"type": "Point", "coordinates": [73.873759, 18.568001]}, "properties": {"depth": 4.71}}, {"type": "Feature", "geometry": {"type": "Point", "coordinates": [73.874114, 18.568057]}, "properties": {"depth": 0.3}}, {"type": "Feature", "geometry": {"type": "Point", "coordinates": [73.874511, 18.568848]}, "properties": {"depth": 1.06}}, {"type": "Feature", "geometry": {"type": "Point", "coordinates": [73.874133, 18.568905]}, "properties": {"depth": 2.7}}, {"type": "Feature", "geometry": {"type": "Point", "coordinates": [73.874646, 18.568982]}, "properties": {"depth": 0.75}}, {"type": "Feature", "geometry": {"type": "Point", "coordinates": [73.874655, 18.569038]}, "properties": {"depth": 0.25}}, {"type": "Feature", "geometry": {"type": "Point", "coordinates": [73.874134, 18.569056]}, "properties": {"depth": 5.01}}, {"type": "Feature", "geometry": {"type": "Point", "coordinates": [73.874429, 18.569111]}, "properties": {"depth": 2.1}}, {"type": "Feature", "geometry": {"type": "Point", "coordinates": [73.874292, 18.569199]}, "properties": {"depth": 5.01}}, {"type": "Feature", "geometry": {"type": "Point", "coordinates": [73.874804, 18.568807]}, "properties": {"depth": 0.75}}, {"type": "Feature", "geometry": {"type": "Point", "coordinates": [73.874796, 18.568957]}, "properties": {"depth": 0.75}}, {"type": "Feature", "geometry": {"type": "Point", "coordinates": [73.874777, 18.569019]}, "properties": {"depth": 0.75}}, {"type": "Feature", "geometry": {"type": "Point", "coordinates": [73.874791, 18.569081]}, "properties": {"depth": 0.25}}, {"type": "Feature", "geometry": {"type": "Point", "coordinates": [73.875912, 18.569327]}, "properties": {"depth": 1.63}}, {"type": "Feature", "geometry": {"type": "Point", "coordinates": [73.875751, 18.569383]}, "properties": {"depth": 1.63}}, {"type": "Feature", "geometry": {"type": "Point", "coordinates": [73.874781, 18.56948]}, "properties": {"depth": 2.21}}, {"type": "Feature", "geometry": {"type": "Point", "coordinates": [73.875801, 18.569574]}, "properties": {"depth": 1.63}}, {"type": "Feature", "geometry": {"type": "Point", "coordinates": [73.875737, 18.569577]}, "properties": {"depth": 1.63}}, {"type": "Feature", "geometry": {"type": "Point", "coordinates": [73.87567, 18.569586]}, "properties": {"depth": 3.39}}, {"type": "Feature", "geometry": {"type": "Point", "coordinates": [73.874932, 18.569634]}, "properties": {"depth": 1.44}}, {"type": "Feature", "geometry": {"type": "Point", "coordinates": [73.875379, 18.569648]}, "properties": {"depth": 1.06}}, {"type": "Feature", "geometry": {"type": "Point", "coordinates": [73.875249, 18.569996]}, "properties": {"depth": 5.9}}, {"type": "Feature", "geometry": {"type": "Point", "coordinates": [73.875098, 18.570126]}, "properties": {"depth": 1.19}}, {"type": "Feature", "geometry": {"type": "Point", "coordinates": [73.874979, 18.570361]}, "properties": {"depth": 6.34}}, {"type": "Feature", "geometry": {"type": "Point", "coordinates": [73.874874, 18.570447]}, "properties": {"depth": 5.9}}, {"type": "Feature", "geometry": {"type": "Point", "coordinates": [73.874797, 18.57048]}, "properties": {"depth": 8.21}}, {"type": "Feature", "geometry": {"type": "Point", "coordinates": [73.874721, 18.570521]}, "properties": {"depth": 8.21}}, {"type": "Feature", "geometry": {"type": "Point", "coordinates": [73.875707, 18.571335]}, "properties": {"depth": 12.11}}, {"type": "Feature", "geometry": {"type": "Point", "coordinates": [73.876008, 18.570805]}, "properties": {"depth": 4.1}}, {"type": "Feature", "geometry": {"type": "Point", "coordinates": [73.876109, 18.571103]}, "properties": {"depth": 10.08}}, {"type": "Feature", "geometry": {"type": "Point", "coordinates": [73.876227, 18.57135]}, "properties": {"depth": 12.01}}, {"type": "Feature", "geometry": {"type": "Point", "coordinates": [73.876208, 18.571567]}, "properties": {"depth": 11.38}}, {"type": "Feature", "geometry": {"type": "Point", "coordinates": [73.876223, 18.572062]}, "properties": {"depth": 0.79}}, {"type": "Feature", "geometry": {"type": "Point", "coordinates": [73.875963, 18.572077]}, "properties": {"depth": 2.67}}, {"type": "Feature", "geometry": {"type": "Point", "coordinates": [73.875944, 18.572344]}, "properties": {"depth": 2.75}}, {"type": "Feature", "geometry": {"type": "Point", "coordinates": [73.876151, 18.572352]}, "properties": {"depth": 0.2}}, {"type": "Feature", "geometry": {"type": "Point", "coordinates": [73.876468, 18.572407]}, "properties": {"depth": 1.4}}, {"type": "Feature", "geometry": {"type": "Point", "coordinates": [73.875902, 18.572524]}, "properties": {"depth": 1.33}}, {"type": "Feature", "geometry": {"type": "Point", "coordinates": [73.876417, 18.572624]}, "properties": {"depth": 1.4}}, {"type": "Feature", "geometry": {"type": "Point", "coordinates": [73.875655, 18.572036]}, "properties": {"depth": 2.82}}, {"type": "Feature", "geometry": {"type": "Point", "coordinates": [73.875397, 18.572066]}, "properties": {"depth": 5.21}}, {"type": "Feature", "geometry": {"type": "Point", "coordinates": [73.875409, 18.572413]}, "properties": {"depth": 2.91}}, {"type": "Feature", "geometry": {"type": "Point", "coordinates": [73.875543, 18.572647]}, "properties": {"depth": 1.57}}, {"type": "Feature", "geometry": {"type": "Point", "coordinates": [73.875352, 18.572669]}, "properties": {"depth": 2.16}}, {"type": "Feature", "geometry": {"type": "Point", "coordinates": [73.875865, 18.572713]}, "properties": {"depth": 1.54}}, {"type": "Feature", "geometry": {"type": "Point", "coordinates": [73.875043, 18.572852]}, "properties": {"depth": 0.05}}, {"type": "Feature", "geometry": {"type": "Point", "coordinates": [73.875563, 18.572866]}, "properties": {"depth": 1.57}}, {"type": "Feature", "geometry": {"type": "Point", "coordinates": [73.875412, 18.572888]}, "properties": {"depth": 2.16}}, {"type": "Feature", "geometry": {"type": "Point", "coordinates": [73.875154, 18.573151]}, "properties": {"depth": 2.45}}, {"type": "Feature", "geometry": {"type": "Point", "coordinates": [73.880182, 18.573222]}, "properties": {"depth": 3.38}}, {"type": "Feature", "geometry": {"type": "Point", "coordinates": [73.876067, 18.572706]}, "properties": {"depth": 2.06}}, {"type": "Feature", "geometry": {"type": "Point", "coordinates": [73.876085, 18.572891]}, "properties": {"depth": 2.06}}, {"type": "Feature", "geometry": {"type": "Point", "coordinates": [73.876357, 18.573056]}, "properties": {"depth": 3.13}}, {"type": "Feature", "geometry": {"type": "Point", "coordinates": [73.869592, 18.580187]}, "properties": {"depth": 5.6}}, {"type": "Feature", "geometry": {"type": "Point", "coordinates": [73.874241, 18.569302]}, "properties": {"depth": 5.01}}, {"type": "Feature", "geometry": {"type": "Point", "coordinates": [73.87419, 18.569322]}, "properties": {"depth": 7.15}}, {"type": "Feature", "geometry": {"type": "Point", "coordinates": [73.874464, 18.569325]}, "properties": {"depth": 0.47}}, {"type": "Feature", "geometry": {"type": "Point", "coordinates": [73.87432, 18.569517]}, "properties": {"depth": 0.47}}, {"type": "Feature", "geometry": {"type": "Point", "coordinates": [73.874665, 18.569528]}, "properties": {"depth": 2.21}}, {"type": "Feature", "geometry": {"type": "Point", "coordinates": [73.874609, 18.569532]}, "properties": {"depth": 2.21}}, {"type": "Feature", "geometry": {"type": "Point", "coordinates": [73.874637, 18.569584]}, "properties": {"depth": 1.71}}, {"type": "Feature", "geometry": {"type": "Point", "coordinates": [73.874397, 18.570483]}, "properties": {"depth": 7.3}}, {"type": "Feature", "geometry": {"type": "Point", "coordinates": [73.87462, 18.570529]}, "properties": {"depth": 8.21}}, {"type": "Feature", "geometry": {"type": "Point", "coordinates": [73.875704, 18.573179]}, "properties": {"depth": 1.36}}, {"type": "Feature", "geometry": {"type": "Point", "coordinates": [73.87588, 18.573191]}, "properties": {"depth": 1.36}}, {"type": "Feature", "geometry": {"type": "Point", "coordinates": [73.875505, 18.573191]}, "properties": {"depth": 2.69}}, {"type": "Feature", "geometry": {"type": "Point", "coordinates": [73.874825, 18.573439]}, "properties": {"depth": 6.69}}, {"type": "Feature", "geometry": {"type": "Point", "coordinates": [73.875284, 18.573438]}, "properties": {"depth": 2.34}}, {"type": "Feature", "geometry": {"type": "Point", "coordinates": [73.875519, 18.573459]}, "properties": {"depth": 0.49}}, {"type": "Feature", "geometry": {"type": "Point", "coordinates": [73.874997, 18.573787]}, "properties": {"depth": 3.38}}, {"type": "Feature", "geometry": {"type": "Point", "coordinates": [73.87561, 18.573918]}, "properties": {"depth": 6.29}}, {"type": "Feature", "geometry": {"type": "Point", "coordinates": [73.875805, 18.573931]}, "properties": {"depth": 3.12}}, {"type": "Feature", "geometry": {"type": "Point", "coordinates": [73.881345, 18.573223]}, "properties": {"depth": 2.53}}, {"type": "Feature", "geometry": {"type": "Point", "coordinates": [73.880972, 18.573264]}, "properties": {"depth": 3.1}}, {"type": "Feature", "geometry": {"type": "Point", "coordinates": [73.881259, 18.573303]}, "properties": {"depth": 2.53}}, {"type": "Feature", "geometry": {"type": "Point", "coordinates": [73.880635, 18.573339]}, "properties": {"depth": 2.45}}, {"type": "Feature", "geometry": {"type": "Point", "coordinates": [73.882097, 18.573336]}, "properties": {"depth": 0.65}}, {"type": "Feature", "geometry": {"type": "Point", "coordinates": [73.882215, 18.573365]}, "properties": {"depth": 0.65}}, {"type": "Feature", "geometry": {"type": "Point", "coordinates": [73.880542, 18.573459]}, "properties": {"depth": 2.45}}, {"type": "Feature", "geometry": {"type": "Point", "coordinates": [73.880931, 18.573491]}, "properties": {"depth": 0.14}}, {"type": "Feature", "geometry": {"type": "Point", "coordinates": [73.882359, 18.5734]}, "properties": {"depth": 0.65}}, {"type": "Feature", "geometry": {"type": "Point", "coordinates": [73.882583, 18.573418]}, "properties": {"depth": 1.67}}, {"type": "Feature", "geometry": {"type": "Point", "coordinates": [73.882516, 18.573678]}, "properties": {"depth": 1.93}}, {"type": "Feature", "geometry": {"type": "Point", "coordinates": [73.881183, 18.573888]}, "properties": {"depth": 3.0}}, {"type": "Feature", "geometry": {"type": "Point", "coordinates": [73.882057, 18.574216]}, "properties": {"depth": 5.08}}, {"type": "Feature", "geometry": {"type": "Point", "coordinates": [73.881246, 18.574235]}, "properties": {"depth": 1.07}}, {"type": "Feature", "geometry": {"type": "Point", "coordinates": [73.881908, 18.574268]}, "properties": {"depth": 5.08}}, {"type": "Feature", "geometry": {"type": "Point", "coordinates": [73.881667, 18.574369]}, "properties": {"depth": 1.73}}, {"type": "Feature", "geometry": {"type": "Point", "coordinates": [73.881776, 18.574383]}, "properties": {"depth": 1.73}}, {"type": "Feature", "geometry": {"type": "Point", "coordinates": [73.881968, 18.574396]}, "properties": {"depth": 6.34}}, {"type": "Feature", "geometry": {"type": "Point", "coordinates": [73.876011, 18.57392]}, "properties": {"depth": 0.79}}, {"type": "Feature", "geometry": {"type": "Point", "coordinates": [73.881693, 18.573515]}, "properties": {"depth": 3.51}}, {"type": "Feature", "geometry": {"type": "Point", "coordinates": [73.880878, 18.573612]}, "properties": {"depth": 0.14}}, {"type": "Feature", "geometry": {"type": "Point", "coordinates": [73.88174, 18.573641]}, "properties": {"depth": 3.51}}, {"type": "Feature", "geometry": {"type": "Point", "coordinates": [73.881377, 18.573715]}, "properties": {"depth": 1.63}}, {"type": "Feature", "geometry": {"type": "Point", "coordinates": [73.88084, 18.573737]}, "properties": {"depth": 0.14}}, {"type": "Feature", "geometry": {"type": "Point", "coordinates": [73.881765, 18.573756]}, "properties": {"depth": 1.08}}, {"type": "Feature", "geometry": {"type": "Point", "coordinates": [73.881126, 18.573818]}, "properties": {"depth": 3.0}}, {"type": "Feature", "geometry": {"type": "Point", "coordinates": [73.881836, 18.573885]}, "properties": {"depth": 4.25}}, {"type": "Feature", "geometry": {"type": "Point", "coordinates": [73.880209, 18.573662]}, "properties": {"depth": 0.64}}, {"type": "Feature", "geometry": {"type": "Point", "coordinates": [73.88042, 18.573835]}, "properties": {"depth": 2.84}}, {"type": "Feature", "geometry": {"type": "Point", "coordinates": [73.87933, 18.573861]}, "properties": {"depth": 0.85}}, {"type": "Feature", "geometry": {"type": "Point", "coordinates": [73.87949, 18.57388]}, "properties": {"depth": 0.85}}, {"type": "Feature", "geometry": {"type": "Point", "coordinates": [73.879399, 18.574063]}, "properties": {"depth": 1.5}}, {"type": "Feature", "geometry": {"type": "Point", "coordinates": [73.879517, 18.574138]}, "properties": {"depth": 1.5}}, {"type": "Feature", "geometry": {"type": "Point", "coordinates": [73.879623, 18.574306]}, "properties": {"depth": 1.43}}, {"type": "Feature", "geometry": {"type": "Point", "coordinates": [73.879166, 18.574317]}, "properties": {"depth": 0.88}}, {"type": "Feature", "geometry": {"type": "Point", "coordinates": [73.879735, 18.574359]}, "properties": {"depth": 1.43}}, {"type": "Feature", "geometry": {"type": "Point", "coordinates": [73.879563, 18.574351]}, "properties": {"depth": 1.26}}, {"type": "Feature", "geometry": {"type": "Point", "coordinates": [73.879262, 18.57441]}, "properties": {"depth": 0.88}}, {"type": "Feature", "geometry": {"type": "Point", "coordinates": [73.879654, 18.574484]}, "properties": {"depth": 1.43}}, {"type": "Feature", "geometry": {"type": "Point", "coordinates": [73.879452, 18.574766]}, "properties": {"depth": 0.61}}, {"type": "Feature", "geometry": {"type": "Point", "coordinates": [73.880069, 18.575079]}, "properties": {"depth": 1.48}}, {"type": "Feature", "geometry": {"type": "Point", "coordinates": [73.881534, 18.57445]}, "properties": {"depth": 1.73}}, {"type": "Feature", "geometry": {"type": "Point", "coordinates": [73.881416, 18.574531]}, "properties": {"depth": 1.07}}, {"type": "Feature", "geometry": {"type": "Point", "coordinates": [73.881287, 18.574567]}, "properties": {"depth": 1.07}}, {"type": "Feature", "geometry": {"type": "Point", "coordinates": [73.881158, 18.574595]}, "properties": {"depth": 3.84}}, {"type": "Feature", "geometry": {"type": "Point", "coordinates": [73.881033, 18.57791]}, "properties": {"depth": 3.96}}, {"type": "Feature", "geometry": {"type": "Point", "coordinates": [73.882819, 18.575045]}, "properties": {"depth": 1.52}}, {"type": "Feature", "geometry": {"type": "Point", "coordinates": [73.883703, 18.575149]}, "properties": {"depth": 2.37}}, {"type": "Feature", "geometry": {"type": "Point", "coordinates": [73.883262, 18.575191]}, "properties": {"depth": 1.29}}, {"type": "Feature", "geometry": {"type": "Point", "coordinates": [73.882901, 18.575295]}, "properties": {"depth": 3.61}}, {"type": "Feature", "geometry": {"type": "Point", "coordinates": [73.882745, 18.575528]}, "properties": {"depth": 4.59}}, {"type": "Feature", "geometry": {"type": "Point", "coordinates": [73.883164, 18.575747]}, "properties": {"depth": 3.47}}, {"type": "Feature", "geometry": {"type": "Point", "coordinates": [73.882646, 18.575748]}, "properties": {"depth": 5.47}}, {"type": "Feature", "geometry": {"type": "Point", "coordinates": [73.882501, 18.57587]}, "properties": {"depth": 3.06}}, {"type": "Feature", "geometry": {"type": "Point", "coordinates": [73.882986, 18.576123]}, "properties": {"depth": 0.91}}, {"type": "Feature", "geometry": {"type": "Point", "coordinates": [73.883685, 18.57614]}, "properties": {"depth": 0.07}}, {"type": "Feature", "geometry": {"type": "Point", "coordinates": [73.882809, 18.576153]}, "properties": {"depth": 1.76}}, {"type": "Feature", "geometry": {"type": "Point", "coordinates": [73.883576, 18.576169]}, "properties": {"depth": 0.07}}, {"type": "Feature", "geometry": {"type": "Point", "coordinates": [73.882652, 18.576196]}, "properties": {"depth": 1.76}}, {"type": "Feature", "geometry": {"type": "Point", "coordinates": [73.88453, 18.57628]}, "properties": {"depth": 2.69}}, {"type": "Feature", "geometry": {"type": "Point", "coordinates": [73.884093, 18.576361]}, "properties": {"depth": 1.17}}, {"type": "Feature", "geometry": {"type": "Point", "coordinates": [73.884248, 18.576387]}, "properties": {"depth": 1.17}}, {"type": "Feature", "geometry": {"type": "Point", "coordinates": [73.883107, 18.576326]}, "properties": {"depth": 1.54}}, {"type": "Feature", "geometry": {"type": "Point", "coordinates": [73.883852, 18.576346]}, "properties": {"depth": 1.91}}, {"type": "Feature", "geometry": {"type": "Point", "coordinates": [73.882625, 18.576413]}, "properties": {"depth": 3.58}}, {"type": "Feature", "geometry": {"type": "Point", "coordinates": [73.883711, 18.576424]}, "properties": {"depth": 0.83}}, {"type": "Feature", "geometry": {"type": "Point", "coordinates": [73.883618, 18.576534]}, "properties": {"depth": 2.78}}, {"type": "Feature", "geometry": {"type": "Point", "coordinates": [73.882681, 18.576543]}, "properties": {"depth": 0.78}}, {"type": "Feature", "geometry": {"type": "Point", "coordinates": [73.883774, 18.576558]}, "properties": {"depth": 1.63}}, {"type": "Feature", "geometry": {"type": "Point", "coordinates": [73.885105, 18.576605]}, "properties": {"depth": 0.35}}, {"type": "Feature", "geometry": {"type": "Point", "coordinates": [73.885006, 18.576634]}, "properties": {"depth": 0.35}}, {"type": "Feature", "geometry": {"type": "Point", "coordinates": [73.88467, 18.576656]}, "properties": {"depth": 4.39}}, {"type": "Feature", "geometry": {"type": "Point", "coordinates": [73.884216, 18.576666]}, "properties": {"depth": 1.81}}, {"type": "Feature", "geometry": {"type": "Point", "coordinates": [73.884138, 18.576699]}, "properties": {"depth": 1.81}}, {"type": "Feature", "geometry": {"type": "Point", "coordinates": [73.884383, 18.576724]}, "properties": {"depth": 3.8}}, {"type": "Feature", "geometry": {"type": "Point", "coordinates": [73.884756, 18.576742]}, "properties": {"depth": 4.39}}, {"type": "Feature", "geometry": {"type": "Point", "coordinates": [73.884428, 18.576792]}, "properties": {"depth": 3.8}}, {"type": "Feature", "geometry": {"type": "Point", "coordinates": [73.884686, 18.576795]}, "properties": {"depth": 4.39}}, {"type": "Feature", "geometry": {"type": "Point", "coordinates": [73.883487, 18.57658]}, "properties": {"depth": 2.78}}, {"type": "Feature", "geometry": {"type": "Point", "coordinates": [73.883364, 18.57662]}, "properties": {"depth": 1.42}}, {"type": "Feature", "geometry": {"type": "Point", "coordinates": [73.883126, 18.576621]}, "properties": {"depth": 0.84}}, {"type": "Feature", "geometry": {"type": "Point", "coordinates": [73.883005, 18.576652]}, "properties": {"depth": 0.84}}, {"type": "Feature", "geometry": {"type": "Point", "coordinates": [73.88289, 18.576687]}, "properties": {"depth": 0.78}}, {"type": "Feature", "geometry": {"type": "Point", "coordinates": [73.883283, 18.576718]}, "properties": {"depth": 1.42}}, {"type": "Feature", "geometry": {"type": "Point", "coordinates": [73.883047, 18.576756]}, "properties": {"depth": 0.84}}, {"type": "Feature", "geometry": {"type": "Point", "coordinates": [73.882788, 18.5768]}, "properties": {"depth": 0.78}}, {"type": "Feature", "geometry": {"type": "Point", "coordinates": [73.883229, 18.576904]}, "properties": {"depth": 4.83}}, {"type": "Feature", "geometry": {"type": "Point", "coordinates": [73.883393, 18.576944]}, "properties": {"depth": 4.83}}, {"type": "Feature", "geometry": {"type": "Point", "coordinates": [73.884194, 18.576794]}, "properties": {"depth": 1.81}}, {"type": "Feature", "geometry": {"type": "Point", "coordinates": [73.884115, 18.576838]}, "properties": {"depth": 1.86}}, {"type": "Feature", "geometry": {"type": "Point", "coordinates": [73.884006, 18.576863]}, "properties": {"depth": 1.63}}, {"type": "Feature", "geometry": {"type": "Point", "coordinates": [73.884266, 18.576896]}, "properties": {"depth": 1.86}}, {"type": "Feature", "geometry": {"type": "Point", "coordinates": [73.884618, 18.576905]}, "properties": {"depth": 2.71}}, {"type": "Feature", "geometry": {"type": "Point", "coordinates": [73.884495, 18.576907]}, "properties": {"depth": 3.68}}, {"type": "Feature", "geometry": {"type": "Point", "coordinates": [73.88483, 18.577007]}, "properties": {"depth": 2.71}}, {"type": "Feature", "geometry": {"type": "Point", "coordinates": [73.884433, 18.577021]}, "properties": {"depth": 3.68}}, {"type": "Feature", "geometry": {"type": "Point", "coordinates": [73.884297, 18.57702]}, "properties": {"depth": 1.86}}, {"type": "Feature", "geometry": {"type": "Point", "coordinates": [73.884689, 18.577077]}, "properties": {"depth": 2.71}}, {"type": "Feature", "geometry": {"type": "Point", "coordinates": [73.884606, 18.57709]}, "properties": {"depth": 2.89}}, {"type": "Feature", "geometry": {"type": "Point", "coordinates": [73.884473, 18.577149]}, "properties": {"depth": 3.22}}, {"type": "Feature", "geometry": {"type": "Point", "coordinates": [73.884417, 18.57719]}, "properties": {"depth": 3.22}}, {"type": "Feature", "geometry": {"type": "Point", "coordinates": [73.884564, 18.57723]}, "properties": {"depth": 3.22}}, {"type": "Feature", "geometry": {"type": "Point", "coordinates": [73.884373, 18.577263]}, "properties": {"depth": 3.22}}, {"type": "Feature", "geometry": {"type": "Point", "coordinates": [73.884356, 18.577788]}, "properties": {"depth": 5.88}}, {"type": "Feature", "geometry": {"type": "Point", "coordinates": [73.883111, 18.576957]}, "properties": {"depth": 1.17}}, {"type": "Feature", "geometry": {"type": "Point", "coordinates": [73.883653, 18.577008]}, "properties": {"depth": 2.94}}, {"type": "Feature", "geometry": {"type": "Point", "coordinates": [73.88354, 18.577023]}, "properties": {"depth": 2.94}}, {"type": "Feature", "geometry": {"type": "Point", "coordinates": [73.883349, 18.577063]}, "properties": {"depth": 4.83}}, {"type": "Feature", "geometry": {"type": "Point", "coordinates": [73.882816, 18.577095]}, "properties": {"depth": 1.53}}, {"type": "Feature", "geometry": {"type": "Point", "coordinates": [73.882449, 18.577134]}, "properties": {"depth": 4.72}}, {"type": "Feature", "geometry": {"type": "Point", "coordinates": [73.883931, 18.577261]}, "properties": {"depth": 1.54}}, {"type": "Feature", "geometry": {"type": "Point", "coordinates": [73.883035, 18.577431]}, "properties": {"depth": 0.48}}, {"type": "Feature", "geometry": {"type": "Point", "coordinates": [73.883483, 18.577478]}, "properties": {"depth": 2.66}}, {"type": "Feature", "geometry": {"type": "Point", "coordinates": [73.884502, 18.57798]}, "properties": {"depth": 6.28}}, {"type": "Feature", "geometry": {"type": "Point", "coordinates": [73.885113, 18.578529]}, "properties": {"depth": 3.78}}, {"type": "Feature", "geometry": {"type": "Point", "coordinates": [73.884328, 18.579058]}, "properties": {"depth": 2.84}}, {"type": "Feature", "geometry": {"type": "Point", "coordinates": [73.884517, 18.579256]}, "properties": {"depth": 2.84}}, {"type": "Feature", "geometry": {"type": "Point", "coordinates": [73.884907, 18.579541]}, "properties": {"depth": 2.43}}, {"type": "Feature", "geometry": {"type": "Point", "coordinates": [73.885516, 18.579351]}, "properties": {"depth": 2.19}}, {"type": "Feature", "geometry": {"type": "Point", "coordinates": [73.903383, 18.585581]}, "properties": {"depth": 3.97}}, {"type": "Feature", "geometry": {"type": "Point", "coordinates": [73.903436, 18.58577]}, "properties": {"depth": 1.99}}, {"type": "Feature", "geometry": {"type": "Point", "coordinates": [73.903806, 18.585801]}, "properties": {"depth": 2.6}}, {"type": "Feature", "geometry": {"type": "Point", "coordinates": [73.903237, 18.585607]}, "properties": {"depth": 3.97}}, {"type": "Feature", "geometry": {"type": "Point", "coordinates": [73.903276, 18.585679]}, "properties": {"depth": 3.97}}, {"type": "Feature", "geometry": {"type": "Point", "coordinates": [73.903062, 18.585726]}, "properties": {"depth": 0.53}}, {"type": "Feature", "geometry": {"type": "Point", "coordinates": [73.903273, 18.585735]}, "properties": {"depth": 1.99}}, {"type": "Feature", "geometry": {"type": "Point", "coordinates": [73.902953, 18.585773]}, "properties": {"depth": 0.53}}, {"type": "Feature", "geometry": {"type": "Point", "coordinates": [73.903296, 18.585812]}, "properties": {"depth": 1.99}}, {"type": "Feature", "geometry": {"type": "Point", "coordinates": [73.902699, 18.585835]}, "properties": {"depth": 3.29}}, {"type": "Feature", "geometry": {"type": "Point", "coordinates": [73.903323, 18.585871]}, "properties": {"depth": 1.99}}, {"type": "Feature", "geometry": {"type": "Point", "coordinates": [73.903245, 18.585877]}, "properties": {"depth": 1.99}}, {"type": "Feature", "geometry": {"type": "Point", "coordinates": [73.902525, 18.585893]}, "properties": {"depth": 5.06}}, {"type": "Feature", "geometry": {"type": "Point", "coordinates": [73.902919, 18.585906]}, "properties": {"depth": 0.53}}, {"type": "Feature", "geometry": {"type": "Point", "coordinates": [73.903294, 18.585943]}, "properties": {"depth": 1.99}}, {"type": "Feature", "geometry": {"type": "Point", "coordinates": [73.903068, 18.585951]}, "properties": {"depth": 0.53}}, {"type": "Feature", "geometry": {"type": "Point", "coordinates": [73.90259, 18.585965]}, "properties": {"depth": 5.06}}, {"type": "Feature", "geometry": {"type": "Point", "coordinates": [73.9027, 18.585969]}, "properties": {"depth": 3.29}}, {"type": "Feature", "geometry": {"type": "Point", "coordinates": [73.902504, 18.585978]}, "properties": {"depth": 4.57}}, {"type": "Feature", "geometry": {"type": "Point", "coordinates": [73.903439, 18.585817]}, "properties": {"depth": 1.99}}, {"type": "Feature", "geometry": {"type": "Point", "coordinates": [73.903393, 18.585869]}, "properties": {"depth": 1.99}}, {"type": "Feature", "geometry": {"type": "Point", "coordinates": [73.90345, 18.585921]}, "properties": {"depth": 1.99}}, {"type": "Feature", "geometry": {"type": "Point", "coordinates": [73.903439, 18.585967]}, "properties": {"depth": 1.99}}, {"type": "Feature", "geometry": {"type": "Point", "coordinates": [73.903698, 18.58601]}, "properties": {"depth": 1.16}}, {"type": "Feature", "geometry": {"type": "Point", "coordinates": [73.90339, 18.586017]}, "properties": {"depth": 0.91}}, {"type": "Feature", "geometry": {"type": "Point", "coordinates": [73.903614, 18.586021]}, "properties": {"depth": 1.16}}, {"type": "Feature", "geometry": {"type": "Point", "coordinates": [73.90326, 18.586029]}, "properties": {"depth": 0.91}}, {"type": "Feature", "geometry": {"type": "Point", "coordinates": [73.902912, 18.586045]}, "properties": {"depth": 3.06}}, {"type": "Feature", "geometry": {"type": "Point", "coordinates": [73.903071, 18.586047]}, "properties": {"depth": 3.5}}, {"type": "Feature", "geometry": {"type": "Point", "coordinates": [73.903023, 18.586052]}, "properties": {"depth": 3.5}}, {"type": "Feature", "geometry": {"type": "Point", "coordinates": [73.902971, 18.586056]}, "properties": {"depth": 3.5}}, {"type": "Feature", "geometry": {"type": "Point", "coordinates": [73.903126, 18.586059]}, "properties": {"depth": 3.5}}, {"type": "Feature", "geometry": {"type": "Point", "coordinates": [73.902745, 18.586068]}, "properties": {"depth": 3.06}}, {"type": "Feature", "geometry": {"type": "Point", "coordinates": [73.90267, 18.586073]}, "properties": {"depth": 3.06}}, {"type": "Feature", "geometry": {"type": "Point", "coordinates": [73.902547, 18.586082]}, "properties": {"depth": 4.57}}, {"type": "Feature", "geometry": {"type": "Point", "coordinates": [73.903349, 18.58625]}, "properties": {"depth": 2.35}}, {"type": "Feature", "geometry": {"type": "Point", "coordinates": [73.903777, 18.586032]}, "properties": {"depth": 0.85}}, {"type": "Feature", "geometry": {"type": "Point", "coordinates": [73.903855, 18.58604]}, "properties": {"depth": 0.85}}, {"type": "Feature", "geometry": {"type": "Point", "coordinates": [73.903493, 18.58622]}, "properties": {"depth": 1.16}}, {"type": "Feature", "geometry": {"type": "Point", "coordinates": [73.902687, 18.586248]}, "properties": {"depth": 3.06}}, {"type": "Feature", "geometry": {"type": "Point", "coordinates": [73.902753, 18.586256]}, "properties": {"depth": 2.28}}, {"type": "Feature", "geometry": {"type": "Point", "coordinates": [73.902628, 18.586259]}, "properties": {"depth": 1.96}}, {"type": "Feature", "geometry": {"type": "Point", "coordinates": [73.903265, 18.586263]}, "properties": {"depth": 2.35}}, {"type": "Feature", "geometry": {"type": "Point", "coordinates": [73.902865, 18.586262]}, "properties": {"depth": 2.28}}, {"type": "Feature", "geometry": {"type": "Point", "coordinates": [73.902564, 18.586269]}, "properties": {"depth": 1.96}}, {"type": "Feature", "geometry": {"type": "Point", "coordinates": [73.903089, 18.586298]}, "properties": {"depth": 3.24}}, {"type": "Feature", "geometry": {"type": "Point", "coordinates": [73.903271, 18.586358]}, "properties": {"depth": 2.35}}, {"type": "Feature", "geometry": {"type": "Point", "coordinates": [73.903026, 18.586372]}, "properties": {"depth": 3.24}}, {"type": "Feature", "geometry": {"type": "Point", "coordinates": [73.902707, 18.58637]}, "properties": {"depth": 2.28}}, {"type": "Feature", "geometry": {"type": "Point", "coordinates": [73.902555, 18.586383]}, "properties": {"depth": 1.96}}, {"type": "Feature", "geometry": {"type": "Point", "coordinates": [73.902564, 18.58648]}, "properties": {"depth": 1.96}}, {"type": "Feature", "geometry": {"type": "Point", "coordinates": [73.902686, 18.586488]}, "properties": {"depth": 2.28}}, {"type": "Feature", "geometry": {"type": "Point", "coordinates": [73.902568, 18.586588]}, "properties": {"depth": 1.94}}, {"type": "Feature", "geometry": {"type": "Point", "coordinates": [73.902726, 18.586595]}, "properties": {"depth": 2.17}}, {"type": "Feature", "geometry": {"type": "Point", "coordinates": [73.902708, 18.586678]}, "properties": {"depth": 2.17}}, {"type": "Feature", "geometry": {"type": "Point", "coordinates": [73.902564, 18.586688]}, "properties": {"depth": 1.94}}, {"type": "Feature", "geometry": {"type": "Point", "coordinates": [73.902691, 18.586781]}, "properties": {"depth": 2.17}}, {"type": "Feature", "geometry": {"type": "Point", "coordinates": [73.902714, 18.586871]}, "properties": {"depth": 2.49}}, {"type": "Feature", "geometry": {"type": "Point", "coordinates": [73.901847, 18.587117]}, "properties": {"depth": 7.64}}, {"type": "Feature", "geometry": {"type": "Point", "coordinates": [73.902171, 18.587245]}, "properties": {"depth": 6.92}}, {"type": "Feature", "geometry": {"type": "Point", "coordinates": [73.90171, 18.587283]}, "properties": {"depth": 8.17}}, {"type": "Feature", "geometry": {"type": "Point", "coordinates": [73.903026, 18.58737]}, "properties": {"depth": 5.15}}, {"type": "Feature", "geometry": {"type": "Point", "coordinates": [73.902924, 18.58737]}, "properties": {"depth": 5.15}}, {"type": "Feature", "geometry": {"type": "Point", "coordinates": [73.902775, 18.587397]}, "properties": {"depth": 4.43}}, {"type": "Feature", "geometry": {"type": "Point", "coordinates": [73.903238, 18.587401]}, "properties": {"depth": 1.1}}, {"type": "Feature", "geometry": {"type": "Point", "coordinates": [73.902649, 18.587411]}, "properties": {"depth": 4.43}}, {"type": "Feature", "geometry": {"type": "Point", "coordinates": [73.902466, 18.587423]}, "properties": {"depth": 6.01}}, {"type": "Feature", "geometry": {"type": "Point", "coordinates": [73.90279, 18.587527]}, "properties": {"depth": 4.43}}, {"type": "Feature", "geometry": {"type": "Point", "coordinates": [73.903032, 18.587533]}, "properties": {"depth": 5.15}}, {"type": "Feature", "geometry": {"type": "Point", "coordinates": [73.902669, 18.587621]}, "properties": {"depth": 4.43}}, {"type": "Feature", "geometry": {"type": "Point", "coordinates": [73.90232, 18.587635]}, "properties": {"depth": 8.13}}, {"type": "Feature", "geometry": {"type": "Point", "coordinates": [73.902678, 18.587693]}, "properties": {"depth": 3.73}}, {"type": "Feature", "geometry": {"type": "Point", "coordinates": [73.902333, 18.587722]}, "properties": {"depth": 8.79}}, {"type": "Feature", "geometry": {"type": "Point", "coordinates": [73.902481, 18.58775]}, "properties": {"depth": 6.98}}, {"type": "Feature", "geometry": {"type": "Point", "coordinates": [73.902792, 18.587761]}, "properties": {"depth": 3.73}}, {"type": "Feature", "geometry": {"type": "Point", "coordinates": [73.902975, 18.587772]}, "properties": {"depth": 4.96}}, {"type": "Feature", "geometry": {"type": "Point", "coordinates": [73.902347, 18.58783]}, "properties": {"depth": 8.79}}, {"type": "Feature", "geometry": {"type": "Point", "coordinates": [73.902792, 18.587845]}, "properties": {"depth": 3.73}}, {"type": "Feature", "geometry": {"type": "Point", "coordinates": [73.90248, 18.587909]}, "properties": {"depth": 6.98}}, {"type": "Feature", "geometry": {"type": "Point", "coordinates": [73.854766, 18.523169]}, "properties": {"depth": 0.53}}, {"type": "Feature", "geometry": {"type": "Point", "coordinates": [73.855464, 18.530667]}, "properties": {"depth": 4.23}}, {"type": "Feature", "geometry": {"type": "Point", "coordinates": [73.855652, 18.530826]}, "properties": {"depth": 0.9}}, {"type": "Feature", "geometry": {"type": "Point", "coordinates": [73.855779, 18.530933]}, "properties": {"depth": 0.22}}, {"type": "Feature", "geometry": {"type": "Point", "coordinates": [73.855641, 18.530979]}, "properties": {"depth": 1.42}}, {"type": "Feature", "geometry": {"type": "Point", "coordinates": [73.85503, 18.5311]}, "properties": {"depth": 1.72}}, {"type": "Feature", "geometry": {"type": "Point", "coordinates": [73.855692, 18.531142]}, "properties": {"depth": 1.42}}, {"type": "Feature", "geometry": {"type": "Point", "coordinates": [73.855837, 18.531285]}, "properties": {"depth": 5.86}}, {"type": "Feature", "geometry": {"type": "Point", "coordinates": [73.855296, 18.531274]}, "properties": {"depth": 1.64}}, {"type": "Feature", "geometry": {"type": "Point", "coordinates": [73.852489, 18.535599]}, "properties": {"depth": 6.52}}, {"type": "Feature", "geometry": {"type": "Point", "coordinates": [73.852678, 18.535617]}, "properties": {"depth": 4.78}}, {"type": "Feature", "geometry": {"type": "Point", "coordinates": [73.85286, 18.535666]}, "properties": {"depth": 4.78}}, {"type": "Feature", "geometry": {"type": "Point", "coordinates": [73.852102, 18.535729]}, "properties": {"depth": 7.3}}, {"type": "Feature", "geometry": {"type": "Point", "coordinates": [73.852263, 18.535757]}, "properties": {"depth": 7.3}}, {"type": "Feature", "geometry": {"type": "Point", "coordinates": [73.852218, 18.535924]}, "properties": {"depth": 7.3}}, {"type": "Feature", "geometry": {"type": "Point", "coordinates": [73.853061, 18.535706]}, "properties": {"depth": 6.12}}, {"type": "Feature", "geometry": {"type": "Point", "coordinates": [73.85247, 18.53572]}, "properties": {"depth": 5.12}}, {"type": "Feature", "geometry": {"type": "Point", "coordinates": [73.852859, 18.535805]}, "properties": {"depth": 5.81}}, {"type": "Feature", "geometry": {"type": "Point", "coordinates": [73.853037, 18.535822]}, "properties": {"depth": 6.12}}, {"type": "Feature", "geometry": {"type": "Point", "coordinates": [73.852461, 18.535833]}, "properties": {"depth": 5.12}}, {"type": "Feature", "geometry": {"type": "Point", "coordinates": [73.852636, 18.535861]}, "properties": {"depth": 5.12}}, {"type": "Feature", "geometry": {"type": "Point", "coordinates": [73.852835, 18.535935]}, "properties": {"depth": 5.81}}, {"type": "Feature", "geometry": {"type": "Point", "coordinates": [73.853008, 18.53595]}, "properties": {"depth": 6.12}}, {"type": "Feature", "geometry": {"type": "Point", "coordinates": [73.852613, 18.535979]}, "properties": {"depth": 6.97}}, {"type": "Feature", "geometry": {"type": "Point", "coordinates": [73.853174, 18.535984]}, "properties": {"depth": 5.34}}, {"type": "Feature", "geometry": {"type": "Point", "coordinates": [73.852197, 18.536103]}, "properties": {"depth": 6.43}}, {"type": "Feature", "geometry": {"type": "Point", "coordinates": [73.852188, 18.536259]}, "properties": {"depth": 6.75}}, {"type": "Feature", "geometry": {"type": "Point", "coordinates": [73.851859, 18.53639]}, "properties": {"depth": 6.99}}, {"type": "Feature", "geometry": {"type": "Point", "coordinates": [73.852004, 18.53643]}, "properties": {"depth": 6.99}}, {"type": "Feature", "geometry": {"type": "Point", "coordinates": [73.852164, 18.536454]}, "properties": {"depth": 6.75}}, {"type": "Feature", "geometry": {"type": "Point", "coordinates": [73.852981, 18.536084]}, "properties": {"depth": 5.34}}, {"type": "Feature", "geometry": {"type": "Point", "coordinates": [73.85318, 18.536111]}, "properties": {"depth": 5.34}}, {"type": "Feature", "geometry": {"type": "Point", "coordinates": [73.852401, 18.536175]}, "properties": {"depth": 6.97}}, {"type": "Feature", "geometry": {"type": "Point", "coordinates": [73.852779, 18.536207]}, "properties": {"depth": 6.99}}, {"type": "Feature", "geometry": {"type": "Point", "coordinates": [73.852966, 18.536221]}, "properties": {"depth": 5.34}}, {"type": "Feature", "geometry": {"type": "Point", "coordinates": [73.853173, 18.536245]}, "properties": {"depth": 5.34}}, {"type": "Feature", "geometry": {"type": "Point", "coordinates": [73.852389, 18.536298]}, "properties": {"depth": 7.27}}, {"type": "Feature", "geometry": {"type": "Point", "coordinates": [73.852579, 18.536314]}, "properties": {"depth": 7.27}}, {"type": "Feature", "geometry": {"type": "Point", "coordinates": [73.852736, 18.536319]}, "properties": {"depth": 7.67}}, {"type": "Feature", "geometry": {"type": "Point", "coordinates": [73.852942, 18.536358]}, "properties": {"depth": 7.93}}, {"type": "Feature", "geometry": {"type": "Point", "coordinates": [73.853133, 18.536378]}, "properties": {"depth": 7.93}}, {"type": "Feature", "geometry": {"type": "Point", "coordinates": [73.85234, 18.536454]}, "properties": {"depth": 6.75}}, {"type": "Feature", "geometry": {"type": "Point", "coordinates": [73.852514, 18.536483]}, "properties": {"depth": 7.27}}, {"type": "Feature", "geometry": {"type": "Point", "coordinates": [73.852725, 18.536521]}, "properties": {"depth": 7.67}}, {"type": "Feature", "geometry": {"type": "Point", "coordinates": [73.853118, 18.536524]}, "properties": {"depth": 7.93}}, {"type": "Feature", "geometry": {"type": "Point", "coordinates": [73.852909, 18.536551]}, "properties": {"depth": 8.87}}, {"type": "Feature", "geometry": {"type": "Point", "coordinates": [73.852337, 18.536588]}, "properties": {"depth": 7.48}}, {"type": "Feature", "geometry": {"type": "Point", "coordinates": [73.852484, 18.536603]}, "properties": {"depth": 8.04}}, {"type": "Feature", "geometry": {"type": "Point", "coordinates": [73.853108, 18.536637]}, "properties": {"depth": 7.32}}, {"type": "Feature", "geometry": {"type": "Point", "coordinates": [73.852711, 18.536671]}, "properties": {"depth": 8.87}}, {"type": "Feature", "geometry": {"type": "Point", "coordinates": [73.853241, 18.535708]}, "properties": {"depth": 2.45}}, {"type": "Feature", "geometry": {"type": "Point", "coordinates": [73.853251, 18.535865]}, "properties": {"depth": 2.45}}, {"type": "Feature", "geometry": {"type": "Point", "coordinates": [73.853243, 18.537419]}, "properties": {"depth": 13.02}}, {"type": "Feature", "geometry": {"type": "Point", "coordinates": [73.853502, 18.53745]}, "properties": {"depth": 16.08}}, {"type": "Feature", "geometry": {"type": "Point", "coordinates": [73.853421, 18.537576]}, "properties": {"depth": 13.02}}, {"type": "Feature", "geometry": {"type": "Point", "coordinates": [73.853344, 18.537605]}, "properties": {"depth": 13.02}}, {"type": "Feature", "geometry": {"type": "Point", "coordinates": [73.853225, 18.537676]}, "properties": {"depth": 12.0}}, {"type": "Feature", "geometry": {"type": "Point", "coordinates": [73.853538, 18.538252]}, "properties": {"depth": 3.46}}, {"type": "Feature", "geometry": {"type": "Point", "coordinates": [73.853566, 18.538432]}, "properties": {"depth": 3.46}}, {"type": "Feature", "geometry": {"type": "Point", "coordinates": [73.852887, 18.536703]}, "properties": {"depth": 8.87}}, {"type": "Feature", "geometry": {"type": "Point", "coordinates": [73.852325, 18.536716]}, "properties": {"depth": 7.48}}, {"type": "Feature", "geometry": {"type": "Point", "coordinates": [73.852488, 18.536761]}, "properties": {"depth": 8.04}}, {"type": "Feature", "geometry": {"type": "Point", "coordinates": [73.853071, 18.536765]}, "properties": {"depth": 7.32}}, {"type": "Feature", "geometry": {"type": "Point", "coordinates": [73.85269, 18.536801]}, "properties": {"depth": 8.87}}, {"type": "Feature", "geometry": {"type": "Point", "coordinates": [73.852863, 18.536853]}, "properties": {"depth": 6.67}}, {"type": "Feature", "geometry": {"type": "Point", "coordinates": [73.853053, 18.536888]}, "properties": {"depth": 6.27}}, {"type": "Feature", "geometry": {"type": "Point", "coordinates": [73.853195, 18.537591]}, "properties": {"depth": 13.02}}, {"type": "Feature", "geometry": {"type": "Point", "coordinates": [73.853007, 18.537743]}, "properties": {"depth": 11.63}}, {"type": "Feature", "geometry": {"type": "Point", "coordinates": [73.852835, 18.537821]}, "properties": {"depth": 8.95}}, {"type": "Feature", "geometry": {"type": "Point", "coordinates": [73.854634, 18.531644]}, "properties": {"depth": 5.58}}, {"type": "Feature", "geometry": {"type": "Point", "coordinates": [73.854809, 18.531668]}, "properties": {"depth": 5.58}}, {"type": "Feature", "geometry": {"type": "Point", "coordinates": [73.851569, 18.537687]}, "properties": {"depth": 4.77}}, {"type": "Feature", "geometry": {"type": "Point", "coordinates": [73.852161, 18.537717]}, "properties": {"depth": 7.72}}, {"type": "Feature", "geometry": {"type": "Point", "coordinates": [73.851769, 18.537836]}, "properties": {"depth": 4.77}}, {"type": "Feature", "geometry": {"type": "Point", "coordinates": [73.852192, 18.537891]}, "properties": {"depth": 7.72}}, {"type": "Feature", "geometry": {"type": "Point", "coordinates": [73.852208, 18.538051]}, "properties": {"depth": 6.7}}, {"type": "Feature", "geometry": {"type": "Point", "coordinates": [73.851833, 18.538136]}, "properties": {"depth": 6.94}}, {"type": "Feature", "geometry": {"type": "Point", "coordinates": [73.851535, 18.538224]}, "properties": {"depth": 3.92}}, {"type": "Feature", "geometry": {"type": "Point", "coordinates": [73.851882, 18.538416]}, "properties": {"depth": 3.44}}, {"type": "Feature", "geometry": {"type": "Point", "coordinates": [73.851566, 18.538618]}, "properties": {"depth": 6.88}}, {"type": "Feature", "geometry": {"type": "Point", "coordinates": [73.853013, 18.537891]}, "properties": {"depth": 11.63}}, {"type": "Feature", "geometry": {"type": "Point", "coordinates": [73.852648, 18.537919]}, "properties": {"depth": 7.63}}, {"type": "Feature", "geometry": {"type": "Point", "coordinates": [73.852585, 18.538023]}, "properties": {"depth": 7.18}}, {"type": "Feature", "geometry": {"type": "Point", "coordinates": [73.853022, 18.538138]}, "properties": {"depth": 9.09}}, {"type": "Feature", "geometry": {"type": "Point", "coordinates": [73.852658, 18.538193]}, "properties": {"depth": 7.63}}, {"type": "Feature", "geometry": {"type": "Point", "coordinates": [73.852867, 18.538319]}, "properties": {"depth": 7.44}}, {"type": "Feature", "geometry": {"type": "Point", "coordinates": [73.852313, 18.538688]}, "properties": {"depth": 2.87}}, {"type": "Feature", "geometry": {"type": "Point", "coordinates": [73.852345, 18.538878]}, "properties": {"depth": 6.94}}, {"type": "Feature", "geometry": {"type": "Point", "coordinates": [73.852351, 18.539048]}, "properties": {"depth": 6.51}}, {"type": "Feature", "geometry": {"type": "Point", "coordinates": [73.852935, 18.539501]}, "properties": {"depth": 4.08}}, {"type": "Feature", "geometry": {"type": "Point", "coordinates": [73.851573, 18.539033]}, "properties": {"depth": 4.96}}, {"type": "Feature", "geometry": {"type": "Point", "coordinates": [73.851992, 18.539054]}, "properties": {"depth": 5.54}}, {"type": "Feature", "geometry": {"type": "Point", "coordinates": [73.851652, 18.539319]}, "properties": {"depth": 4.35}}, {"type": "Feature", "geometry": {"type": "Point", "coordinates": [73.852128, 18.539591]}, "properties": {"depth": 2.01}}, {"type": "Feature", "geometry": {"type": "Point", "coordinates": [73.852236, 18.53982]}, "properties": {"depth": 2.01}}, {"type": "Feature", "geometry": {"type": "Point", "coordinates": [73.85209, 18.539832]}, "properties": {"depth": 2.01}}, {"type": "Feature", "geometry": {"type": "Point", "coordinates": [73.851929, 18.539841]}, "properties": {"depth": 6.24}}, {"type": "Feature", "geometry": {"type": "Point", "coordinates": [73.852257, 18.540133]}, "properties": {"depth": 0.92}}, {"type": "Feature", "geometry": {"type": "Point", "coordinates": [73.852771, 18.53951]}, "properties": {"depth": 4.93}}, {"type": "Feature", "geometry": {"type": "Point", "coordinates": [73.852616, 18.539519]}, "properties": {"depth": 1.07}}, {"type": "Feature", "geometry": {"type": "Point", "coordinates": [73.852422, 18.539535]}, "properties": {"depth": 1.07}}, {"type": "Feature", "geometry": {"type": "Point", "coordinates": [73.852989, 18.539761]}, "properties": {"depth": 3.76}}, {"type": "Feature", "geometry": {"type": "Point", "coordinates": [73.852486, 18.539788]}, "properties": {"depth": 1.01}}, {"type": "Feature", "geometry": {"type": "Point", "coordinates": [73.852784, 18.539805]}, "properties": {"depth": 0.1}}, {"type": "Feature", "geometry": {"type": "Point", "coordinates": [73.852673, 18.539812]}, "properties": {"depth": 0.1}}, {"type": "Feature", "geometry": {"type": "Point", "coordinates": [73.852944, 18.540101]}, "properties": {"depth": 2.4}}, {"type": "Feature", "geometry": {"type": "Point", "coordinates": [73.852522, 18.540123]}, "properties": {"depth": 0.46}}, {"type": "Feature", "geometry": {"type": "Point", "coordinates": [73.852367, 18.540281]}, "properties": {"depth": 0.21}}, {"type": "Feature", "geometry": {"type": "Point", "coordinates": [73.852274, 18.540507]}, "properties": {"depth": 1.48}}, {"type": "Feature", "geometry": {"type": "Point", "coordinates": [73.852273, 18.540649]}, "properties": {"depth": 1.48}}, {"type": "Feature", "geometry": {"type": "Point", "coordinates": [73.852772, 18.540863]}, "properties": {"depth": 0.7}}, {"type": "Feature", "geometry": {"type": "Point", "coordinates": [73.852639, 18.54089]}, "properties": {"depth": 0.7}}, {"type": "Feature", "geometry": {"type": "Point", "coordinates": [73.852881, 18.541624]}, "properties": {"depth": 0.98}}, {"type": "Feature", "geometry": {"type": "Point", "coordinates": [73.852334, 18.542182]}, "properties": {"depth": 0.74}}, {"type": "Feature", "geometry": {"type": "Point", "coordinates": [73.853413, 18.538476]}, "properties": {"depth": 11.57}}, {"type": "Feature", "geometry": {"type": "Point", "coordinates": [73.853488, 18.53851]}, "properties": {"depth": 3.8}}, {"type": "Feature", "geometry": {"type": "Point", "coordinates": [73.853434, 18.538609]}, "properties": {"depth": 11.57}}, {"type": "Feature", "geometry": {"type": "Point", "coordinates": [73.856345, 18.530377]}, "properties": {"depth": 4.15}}, {"type": "Feature", "geometry": {"type": "Point", "coordinates": [73.856596, 18.530663]}, "properties": {"depth": 5.13}}, {"type": "Feature", "geometry": {"type": "Point", "coordinates": [73.85629, 18.530689]}, "properties": {"depth": 6.5}}, {"type": "Feature", "geometry": {"type": "Point", "coordinates": [73.85626, 18.530967]}, "properties": {"depth": 9.65}}, {"type": "Feature", "geometry": {"type": "Point", "coordinates": [73.857181, 18.530278]}, "properties": {"depth": 5.4}}, {"type": "Feature", "geometry": {"type": "Point", "coordinates": [73.851982, 18.536605]}, "properties": {"depth": 7.39}}, {"type": "Feature", "geometry": {"type": "Point", "coordinates": [73.852106, 18.536617]}, "properties": {"depth": 7.48}}, {"type": "Feature", "geometry": {"type": "Point", "coordinates": [73.851563, 18.536853]}, "properties": {"depth": 2.29}}, {"type": "Feature", "geometry": {"type": "Point", "coordinates": [73.851885, 18.537095]}, "properties": {"depth": 6.34}}, {"type": "Feature", "geometry": {"type": "Point", "coordinates": [73.851871, 18.537386]}, "properties": {"depth": 5.31}}, {"type": "Feature", "geometry": {"type": "Point", "coordinates": [73.851719, 18.537394]}, "properties": {"depth": 4.71}}, {"type": "Feature", "geometry": {"type": "Point", "coordinates": [73.851558, 18.537417]}, "properties": {"depth": 4.71}}, {"type": "Feature", "geometry": {"type": "Point", "coordinates": [73.852005, 18.537587]}, "properties": {"depth": 5.31}}, {"type": "Feature", "geometry": {"type": "Point", "coordinates": [73.857812, 18.526847]}, "properties": {"depth": 1.95}}, {"type": "Feature", "geometry": {"type": "Point", "coordinates": [73.857702, 18.529081]}, "properties": {"depth": 4.26}}, {"type": "Feature", "geometry": {"type": "Point", "coordinates": [73.857941, 18.529277]}, "properties": {"depth": 3.65}}, {"type": "Feature", "geometry": {"type": "Point", "coordinates": [73.858943, 18.529071]}, "properties": {"depth": 2.25}}, {"type": "Feature", "geometry": {"type": "Point", "coordinates": [73.858385, 18.529158]}, "properties": {"depth": 6.08}}, {"type": "Feature", "geometry": {"type": "Point", "coordinates": [73.867946, 18.580873]}, "properties": {"depth": 1.42}}, {"type": "Feature", "geometry": {"type": "Point", "coordinates": [73.861617, 18.585354]}, "properties": {"depth": 3.9}}, {"type": "Feature", "geometry": {"type": "Point", "coordinates": [73.86174, 18.585387]}, "properties": {"depth": 3.9}}, {"type": "Feature", "geometry": {"type": "Point", "coordinates": [73.861846, 18.585386]}, "properties": {"depth": 4.46}}, {"type": "Feature", "geometry": {"type": "Point", "coordinates": [73.861738, 18.585475]}, "properties": {"depth": 3.23}}, {"type": "Feature", "geometry": {"type": "Point", "coordinates": [73.863001, 18.585316]}, "properties": {"depth": 1.96}}, {"type": "Feature", "geometry": {"type": "Point", "coordinates": [73.862597, 18.58549]}, "properties": {"depth": 2.65}}, {"type": "Feature", "geometry": {"type": "Point", "coordinates": [73.862795, 18.585509]}, "properties": {"depth": 0.2}}, {"type": "Feature", "geometry": {"type": "Point", "coordinates": [73.862683, 18.585519]}, "properties": {"depth": 0.2}}, {"type": "Feature", "geometry": {"type": "Point", "coordinates": [73.863608, 18.585529]}, "properties": {"depth": 2.08}}, {"type": "Feature", "geometry": {"type": "Point", "coordinates": [73.863431, 18.585556]}, "properties": {"depth": 1.85}}, {"type": "Feature", "geometry": {"type": "Point", "coordinates": [73.862787, 18.585578]}, "properties": {"depth": 0.2}}, {"type": "Feature", "geometry": {"type": "Point", "coordinates": [73.862628, 18.585597]}, "properties": {"depth": 2.65}}, {"type": "Feature", "geometry": {"type": "Point", "coordinates": [73.863081, 18.585682]}, "properties": {"depth": 1.11}}, {"type": "Feature", "geometry": {"type": "Point", "coordinates": [73.862996, 18.585739]}, "properties": {"depth": 0.02}}, {"type": "Feature", "geometry": {"type": "Point", "coordinates": [73.861575, 18.585475]}, "properties": {"depth": 3.23}}, {"type": "Feature", "geometry": {"type": "Point", "coordinates": [73.862392, 18.585498]}, "properties": {"depth": 2.65}}, {"type": "Feature", "geometry": {"type": "Point", "coordinates": [73.862205, 18.585539]}, "properties": {"depth": 2.85}}, {"type": "Feature", "geometry": {"type": "Point", "coordinates": [73.86177, 18.585568]}, "properties": {"depth": 3.23}}, {"type": "Feature", "geometry": {"type": "Point", "coordinates": [73.861964, 18.585578]}, "properties": {"depth": 3.47}}, {"type": "Feature", "geometry": {"type": "Point", "coordinates": [73.861513, 18.585626]}, "properties": {"depth": 3.66}}, {"type": "Feature", "geometry": {"type": "Point", "coordinates": [73.86238, 18.585632]}, "properties": {"depth": 2.65}}, {"type": "Feature", "geometry": {"type": "Point", "coordinates": [73.862223, 18.585642]}, "properties": {"depth": 2.85}}, {"type": "Feature", "geometry": {"type": "Point", "coordinates": [73.861763, 18.585647]}, "properties": {"depth": 3.23}}, {"type": "Feature", "geometry": {"type": "Point", "coordinates": [73.862359, 18.585705]}, "properties": {"depth": 1.86}}, {"type": "Feature", "geometry": {"type": "Point", "coordinates": [73.863565, 18.585286]}, "properties": {"depth": 3.41}}, {"type": "Feature", "geometry": {"type": "Point", "coordinates": [73.86339, 18.585313]}, "properties": {"depth": 2.56}}, {"type": "Feature", "geometry": {"type": "Point", "coordinates": [73.864226, 18.585757]}, "properties": {"depth": 3.83}}, {"type": "Feature", "geometry": {"type": "Point", "coordinates": [73.864031, 18.585818]}, "properties": {"depth": 3.83}}, {"type": "Feature", "geometry": {"type": "Point", "coordinates": [73.865758, 18.583699]}, "properties": {"depth": 8.2}}, {"type": "Feature", "geometry": {"type": "Point", "coordinates": [73.86591, 18.583845]}, "properties": {"depth": 7.66}}, {"type": "Feature", "geometry": {"type": "Point", "coordinates": [73.866774, 18.584591]}, "properties": {"depth": 10.43}}, {"type": "Feature", "geometry": {"type": "Point", "coordinates": [73.865902, 18.586548]}, "properties": {"depth": 12.2}}, {"type": "Feature", "geometry": {"type": "Point", "coordinates": [73.865597, 18.587361]}, "properties": {"depth": 13.37}}, {"type": "Feature", "geometry": {"type": "Point", "coordinates": [73.866119, 18.587842]}, "properties": {"depth": 11.96}}, {"type": "Feature", "geometry": {"type": "Point", "coordinates": [73.866601, 18.588268]}, "properties": {"depth": 8.9}}, {"type": "Feature", "geometry": {"type": "Point", "coordinates": [73.861757, 18.585721]}, "properties": {"depth": 2.45}}, {"type": "Feature", "geometry": {"type": "Point", "coordinates": [73.86215, 18.58578]}, "properties": {"depth": 1.86}}, {"type": "Feature", "geometry": {"type": "Point", "coordinates": [73.861745, 18.585816]}, "properties": {"depth": 2.45}}, {"type": "Feature", "geometry": {"type": "Point", "coordinates": [73.862346, 18.585823]}, "properties": {"depth": 1.86}}, {"type": "Feature", "geometry": {"type": "Point", "coordinates": [73.862181, 18.585876]}, "properties": {"depth": 1.86}}, {"type": "Feature", "geometry": {"type": "Point", "coordinates": [73.861862, 18.585923]}, "properties": {"depth": 2.01}}, {"type": "Feature", "geometry": {"type": "Point", "coordinates": [73.861963, 18.58594]}, "properties": {"depth": 2.01}}, {"type": "Feature", "geometry": {"type": "Point", "coordinates": [73.862165, 18.585944]}, "properties": {"depth": 1.86}}, {"type": "Feature", "geometry": {"type": "Point", "coordinates": [73.862335, 18.585949]}, "properties": {"depth": 1.86}}, {"type": "Feature", "geometry": {"type": "Point", "coordinates": [73.863094, 18.585759]}, "properties": {"depth": 0.02}}, {"type": "Feature", "geometry": {"type": "Point", "coordinates": [73.862613, 18.585762]}, "properties": {"depth": 1.87}}, {"type": "Feature", "geometry": {"type": "Point", "coordinates": [73.863053, 18.585826]}, "properties": {"depth": 0.02}}, {"type": "Feature", "geometry": {"type": "Point", "coordinates": [73.862586, 18.585827]}, "properties": {"depth": 1.87}}, {"type": "Feature", "geometry": {"type": "Point", "coordinates": [73.863015, 18.585895]}, "properties": {"depth": 0.02}}, {"type": "Feature", "geometry": {"type": "Point", "coordinates": [73.862581, 18.585894]}, "properties": {"depth": 1.87}}, {"type": "Feature", "geometry": {"type": "Point", "coordinates": [73.862768, 18.58591]}, "properties": {"depth": 0.18}}, {"type": "Feature", "geometry": {"type": "Point", "coordinates": [73.862127, 18.586039]}, "properties": {"depth": 0.28}}, {"type": "Feature", "geometry": {"type": "Point", "coordinates": [73.862326, 18.586087]}, "properties": {"depth": 0.28}}, {"type": "Feature", "geometry": {"type": "Point", "coordinates": [73.862091, 18.586199]}, "properties": {"depth": 0.28}}, {"type": "Feature", "geometry": {"type": "Point", "coordinates": [73.862253, 18.586215]}, "properties": {"depth": 0.28}}, {"type": "Feature", "geometry": {"type": "Point", "coordinates": [73.86818, 18.584757]}, "properties": {"depth": 0.42}}, {"type": "Feature", "geometry": {"type": "Point", "coordinates": [73.868455, 18.586632]}, "properties": {"depth": 4.81}}, {"type": "Feature", "geometry": {"type": "Point", "coordinates": [73.867289, 18.583929]}, "properties": {"depth": 4.28}}, {"type": "Feature", "geometry": {"type": "Point", "coordinates": [73.867626, 18.583951]}, "properties": {"depth": 4.46}}, {"type": "Feature", "geometry": {"type": "Point", "coordinates": [73.868028, 18.584576]}, "properties": {"depth": 0.41}}, {"type": "Feature", "geometry": {"type": "Point", "coordinates": [73.867964, 18.586992]}, "properties": {"depth": 5.04}}, {"type": "Feature", "geometry": {"type": "Point", "coordinates": [73.901459, 18.587147]}, "properties": {"depth": 8.7}}, {"type": "Feature", "geometry": {"type": "Point", "coordinates": [73.901506, 18.587305]}, "properties": {"depth": 8.7}}, {"type": "Feature", "geometry": {"type": "Point", "coordinates": [73.901436, 18.58731]}, "properties": {"depth": 8.7}}, {"type": "Feature", "geometry": {"type": "Point", "coordinates": [73.907567, 18.608214]}, "properties": {"depth": 13.12}}, {"type": "Feature", "geometry": {"type": "Point", "coordinates": [73.907085, 18.609154]}, "properties": {"depth": 13.5}}, {"type": "Feature", "geometry": {"type": "Point", "coordinates": [73.906877, 18.60975]}, "properties": {"depth": 11.92}}, {"type": "Feature", "geometry": {"type": "Point", "coordinates": [73.907526, 18.609888]}, "properties": {"depth": 11.28}}, {"type": "Feature", "geometry": {"type": "Point", "coordinates": [73.907411, 18.610367]}, "properties": {"depth": 10.29}}, {"type": "Feature", "geometry": {"type": "Point", "coordinates": [73.908996, 18.609185]}, "properties": {"depth": 12.98}}, {"type": "Feature", "geometry": {"type": "Point", "coordinates": [73.932629, 18.605636]}, "properties": {"depth": 8.21}}, {"type": "Feature", "geometry": {"type": "Point", "coordinates": [73.932429, 18.60572]}, "properties": {"depth": 8.56}}, {"type": "Feature", "geometry": {"type": "Point", "coordinates": [73.933903, 18.605437]}, "properties": {"depth": 10.02}}, {"type": "Feature", "geometry": {"type": "Point", "coordinates": [73.9351, 18.605431]}, "properties": {"depth": 12.57}}, {"type": "Feature", "geometry": {"type": "Point", "coordinates": [73.934982, 18.605514]}, "properties": {"depth": 12.57}}, {"type": "Feature", "geometry": {"type": "Point", "coordinates": [73.935112, 18.605537]}, "properties": {"depth": 12.57}}, {"type": "Feature", "geometry": {"type": "Point", "coordinates": [73.93447, 18.605618]}, "properties": {"depth": 10.14}}, {"type": "Feature", "geometry": {"type": "Point", "coordinates": [73.934604, 18.605622]}, "properties": {"depth": 9.98}}, {"type": "Feature", "geometry": {"type": "Point", "coordinates": [73.934729, 18.605651]}, "properties": {"depth": 9.98}}, {"type": "Feature", "geometry": {"type": "Point", "coordinates": [73.933069, 18.605596]}, "properties": {"depth": 8.78}}, {"type": "Feature", "geometry": {"type": "Point", "coordinates": [73.934151, 18.605664]}, "properties": {"depth": 10.88}}, {"type": "Feature", "geometry": {"type": "Point", "coordinates": [73.933987, 18.605696]}, "properties": {"depth": 9.28}}, {"type": "Feature", "geometry": {"type": "Point", "coordinates": [73.933814, 18.60572]}, "properties": {"depth": 9.28}}, {"type": "Feature", "geometry": {"type": "Point", "coordinates": [73.934241, 18.60584]}, "properties": {"depth": 10.14}}, {"type": "Feature", "geometry": {"type": "Point", "coordinates": [73.933963, 18.60586]}, "properties": {"depth": 9.28}}, {"type": "Feature", "geometry": {"type": "Point", "coordinates": [73.934079, 18.60587]}, "properties": {"depth": 10.14}}, {"type": "Feature", "geometry": {"type": "Point", "coordinates": [73.933745, 18.60587]}, "properties": {"depth": 9.86}}, {"type": "Feature", "geometry": {"type": "Point", "coordinates": [73.934254, 18.605976]}, "properties": {"depth": 12.14}}, {"type": "Feature", "geometry": {"type": "Point", "coordinates": [73.934168, 18.606032]}, "properties": {"depth": 12.14}}, {"type": "Feature", "geometry": {"type": "Point", "coordinates": [73.935402, 18.605755]}, "properties": {"depth": 13.63}}, {"type": "Feature", "geometry": {"type": "Point", "coordinates": [73.934491, 18.60576]}, "properties": {"depth": 10.68}}, {"type": "Feature", "geometry": {"type": "Point", "coordinates": [73.934818, 18.605795]}, "properties": {"depth": 11.72}}, {"type": "Feature", "geometry": {"type": "Point", "coordinates": [73.934343, 18.605821]}, "properties": {"depth": 10.68}}, {"type": "Feature", "geometry": {"type": "Point", "coordinates": [73.93482, 18.605865]}, "properties": {"depth": 11.72}}, {"type": "Feature", "geometry": {"type": "Point", "coordinates": [73.934718, 18.606111]}, "properties": {"depth": 11.67}}, {"type": "Feature", "geometry": {"type": "Point", "coordinates": [73.934854, 18.606127]}, "properties": {"depth": 11.67}}, {"type": "Feature", "geometry": {"type": "Point", "coordinates": [73.935638, 18.606176]}, "properties": {"depth": 12.11}}, {"type": "Feature", "geometry": {"type": "Point", "coordinates": [73.935151, 18.606182]}, "properties": {"depth": 11.97}}, {"type": "Feature", "geometry": {"type": "Point", "coordinates": [73.93547, 18.606183]}, "properties": {"depth": 12.11}}, {"type": "Feature", "geometry": {"type": "Point", "coordinates": [73.934488, 18.606182]}, "properties": {"depth": 11.26}}, {"type": "Feature", "geometry": {"type": "Point", "coordinates": [73.934734, 18.606214]}, "properties": {"depth": 11.67}}, {"type": "Feature", "geometry": {"type": "Point", "coordinates": [73.935029, 18.606223]}, "properties": {"depth": 13.36}}, {"type": "Feature", "geometry": {"type": "Point", "coordinates": [73.934846, 18.606228]}, "properties": {"depth": 11.67}}, {"type": "Feature", "geometry": {"type": "Point", "coordinates": [73.93534, 18.606242]}, "properties": {"depth": 11.97}}, {"type": "Feature", "geometry": {"type": "Point", "coordinates": [73.935657, 18.606301]}, "properties": {"depth": 14.09}}, {"type": "Feature", "geometry": {"type": "Point", "coordinates": [73.935174, 18.606304]}, "properties": {"depth": 13.83}}, {"type": "Feature", "geometry": {"type": "Point", "coordinates": [73.933803, 18.60605]}, "properties": {"depth": 10.2}}, {"type": "Feature", "geometry": {"type": "Point", "coordinates": [73.933831, 18.606126]}, "properties": {"depth": 10.2}}, {"type": "Feature", "geometry": {"type": "Point", "coordinates": [73.933451, 18.60615]}, "properties": {"depth": 8.1}}, {"type": "Feature", "geometry": {"type": "Point", "coordinates": [73.934144, 18.60634]}, "properties": {"depth": 12.0}}, {"type": "Feature", "geometry": {"type": "Point", "coordinates": [73.934149, 18.606391]}, "properties": {"depth": 12.0}}, {"type": "Feature", "geometry": {"type": "Point", "coordinates": [73.933994, 18.606418]}, "properties": {"depth": 11.08}}, {"type": "Feature", "geometry": {"type": "Point", "coordinates": [73.93386, 18.606421]}, "properties": {"depth": 11.08}}, {"type": "Feature", "geometry": {"type": "Point", "coordinates": [73.934156, 18.606498]}, "properties": {"depth": 12.0}}, {"type": "Feature", "geometry": {"type": "Point", "coordinates": [73.934004, 18.60651]}, "properties": {"depth": 11.08}}, {"type": "Feature", "geometry": {"type": "Point", "coordinates": [73.934285, 18.606592]}, "properties": {"depth": 12.36}}, {"type": "Feature", "geometry": {"type": "Point", "coordinates": [73.934866, 18.606338]}, "properties": {"depth": 14.04}}, {"type": "Feature", "geometry": {"type": "Point", "coordinates": [73.934734, 18.60639]}, "properties": {"depth": 12.36}}, {"type": "Feature", "geometry": {"type": "Point", "coordinates": [73.935675, 18.6064]}, "properties": {"depth": 14.09}}, {"type": "Feature", "geometry": {"type": "Point", "coordinates": [73.934619, 18.606406]}, "properties": {"depth": 12.36}}, {"type": "Feature", "geometry": {"type": "Point", "coordinates": [73.935506, 18.606447]}, "properties": {"depth": 14.09}}, {"type": "Feature", "geometry": {"type": "Point", "coordinates": [73.934742, 18.606477]}, "properties": {"depth": 12.36}}, {"type": "Feature", "geometry": {"type": "Point", "coordinates": [73.934623, 18.606512]}, "properties": {"depth": 12.36}}, {"type": "Feature", "geometry": {"type": "Point", "coordinates": [73.93446, 18.606529]}, "properties": {"depth": 14.58}}, {"type": "Feature", "geometry": {"type": "Point", "coordinates": [73.935182, 18.606569]}, "properties": {"depth": 16.01}}, {"type": "Feature", "geometry": {"type": "Point", "coordinates": [73.934761, 18.606653]}, "properties": {"depth": 14.98}}, {"type": "Feature", "geometry": {"type": "Point", "coordinates": [73.932169, 18.605757]}, "properties": {"depth": 7.77}}, {"type": "Feature", "geometry": {"type": "Point", "coordinates": [73.932083, 18.606298]}, "properties": {"depth": 8.59}}, {"type": "Feature", "geometry": {"type": "Point", "coordinates": [73.932097, 18.606386]}, "properties": {"depth": 9.0}}, {"type": "Feature", "geometry": {"type": "Point", "coordinates": [73.932516, 18.607197]}, "properties": {"depth": 10.9}}, {"type": "Feature", "geometry": {"type": "Point", "coordinates": [73.932402, 18.607202]}, "properties": {"depth": 10.9}}, {"type": "Feature", "geometry": {"type": "Point", "coordinates": [73.932048, 18.607251]}, "properties": {"depth": 8.84}}, {"type": "Feature", "geometry": {"type": "Point", "coordinates": [73.931975, 18.607259]}, "properties": {"depth": 8.84}}, {"type": "Feature", "geometry": {"type": "Point", "coordinates": [73.932741, 18.607342]}, "properties": {"depth": 11.53}}, {"type": "Feature", "geometry": {"type": "Point", "coordinates": [73.934466, 18.606688]}, "properties": {"depth": 14.58}}, {"type": "Feature", "geometry": {"type": "Point", "coordinates": [73.935556, 18.607588]}, "properties": {"depth": 18.17}}, {"type": "Feature", "geometry": {"type": "Point", "coordinates": [73.935483, 18.607851]}, "properties": {"depth": 18.85}}, {"type": "Feature", "geometry": {"type": "Point", "coordinates": [73.935569, 18.607994]}, "properties": {"depth": 19.32}}, {"type": "Feature", "geometry": {"type": "Point", "coordinates": [73.935653, 18.608143]}, "properties": {"depth": 19.32}}, {"type": "Feature", "geometry": {"type": "Point", "coordinates": [73.935535, 18.60941]}, "properties": {"depth": 10.86}}, {"type": "Feature", "geometry": {"type": "Point", "coordinates": [73.935427, 18.609555]}, "properties": {"depth": 10.86}}, {"type": "Feature", "geometry": {"type": "Point", "coordinates": [73.943842, 18.603674]}, "properties": {"depth": 1.32}}, {"type": "Feature", "geometry": {"type": "Point", "coordinates": [73.943844, 18.607223]}, "properties": {"depth": 5.52}}, {"type": "Feature", "geometry": {"type": "Point", "coordinates": [73.938139, 18.605342]}, "properties": {"depth": 1.74}}, {"type": "Feature", "geometry": {"type": "Point", "coordinates": [73.93849, 18.605358]}, "properties": {"depth": 2.31}}, {"type": "Feature", "geometry": {"type": "Point", "coordinates": [73.93834, 18.605396]}, "properties": {"depth": 2.97}}, {"type": "Feature", "geometry": {"type": "Point", "coordinates": [73.938007, 18.605412]}, "properties": {"depth": 1.74}}, {"type": "Feature", "geometry": {"type": "Point", "coordinates": [73.938497, 18.605432]}, "properties": {"depth": 2.62}}, {"type": "Feature", "geometry": {"type": "Point", "coordinates": [73.93764, 18.605442]}, "properties": {"depth": 3.88}}, {"type": "Feature", "geometry": {"type": "Point", "coordinates": [73.938501, 18.605503]}, "properties": {"depth": 2.62}}, {"type": "Feature", "geometry": {"type": "Point", "coordinates": [73.937659, 18.605552]}, "properties": {"depth": 3.88}}, {"type": "Feature", "geometry": {"type": "Point", "coordinates": [73.937818, 18.60559]}, "properties": {"depth": 3.88}}, {"type": "Feature", "geometry": {"type": "Point", "coordinates": [73.93838, 18.605625]}, "properties": {"depth": 3.93}}, {"type": "Feature", "geometry": {"type": "Point", "coordinates": [73.937676, 18.605629]}, "properties": {"depth": 3.88}}, {"type": "Feature", "geometry": {"type": "Point", "coordinates": [73.938383, 18.60572]}, "properties": {"depth": 6.27}}, {"type": "Feature", "geometry": {"type": "Point", "coordinates": [73.938401, 18.605789]}, "properties": {"depth": 6.27}}, {"type": "Feature", "geometry": {"type": "Point", "coordinates": [73.937695, 18.605852]}, "properties": {"depth": 5.41}}, {"type": "Feature", "geometry": {"type": "Point", "coordinates": [73.938194, 18.605873]}, "properties": {"depth": 6.1}}, {"type": "Feature", "geometry": {"type": "Point", "coordinates": [73.938417, 18.605886]}, "properties": {"depth": 6.27}}, {"type": "Feature", "geometry": {"type": "Point", "coordinates": [73.938207, 18.605958]}, "properties": {"depth": 6.27}}, {"type": "Feature", "geometry": {"type": "Point", "coordinates": [73.937713, 18.605964]}, "properties": {"depth": 5.41}}, {"type": "Feature", "geometry": {"type": "Point", "coordinates": [73.938565, 18.60598]}, "properties": {"depth": 7.43}}, {"type": "Feature", "geometry": {"type": "Point", "coordinates": [73.938437, 18.606107]}, "properties": {"depth": 7.56}}, {"type": "Feature", "geometry": {"type": "Point", "coordinates": [73.937767, 18.606269]}, "properties": {"depth": 6.9}}, {"type": "Feature", "geometry": {"type": "Point", "coordinates": [73.938128, 18.606405]}, "properties": {"depth": 7.7}}, {"type": "Feature", "geometry": {"type": "Point", "coordinates": [73.938334, 18.606407]}, "properties": {"depth": 7.47}}, {"type": "Feature", "geometry": {"type": "Point", "coordinates": [73.937944, 18.606436]}, "properties": {"depth": 7.7}}, {"type": "Feature", "geometry": {"type": "Point", "coordinates": [73.938297, 18.606538]}, "properties": {"depth": 7.54}}, {"type": "Feature", "geometry": {"type": "Point", "coordinates": [73.938156, 18.606624]}, "properties": {"depth": 7.86}}, {"type": "Feature", "geometry": {"type": "Point", "coordinates": [73.937805, 18.606622]}, "properties": {"depth": 6.61}}, {"type": "Feature", "geometry": {"type": "Point", "coordinates": [73.937827, 18.606691]}, "properties": {"depth": 6.61}}, {"type": "Feature", "geometry": {"type": "Point", "coordinates": [73.935858, 18.606781]}, "properties": {"depth": 16.25}}, {"type": "Feature", "geometry": {"type": "Point", "coordinates": [73.938169, 18.606733]}, "properties": {"depth": 7.86}}, {"type": "Feature", "geometry": {"type": "Point", "coordinates": [73.937978, 18.606749]}, "properties": {"depth": 7.86}}, {"type": "Feature", "geometry": {"type": "Point", "coordinates": [73.938182, 18.606814]}, "properties": {"depth": 6.7}}, {"type": "Feature", "geometry": {"type": "Point", "coordinates": [73.937981, 18.606823]}, "properties": {"depth": 6.7}}, {"type": "Feature", "geometry": {"type": "Point", "coordinates": [73.937808, 18.606899]}, "properties": {"depth": 5.75}}, {"type": "Feature", "geometry": {"type": "Point", "coordinates": [73.93783, 18.606976]}, "properties": {"depth": 5.75}}, {"type": "Feature", "geometry": {"type": "Point", "coordinates": [73.937826, 18.607063]}, "properties": {"depth": 5.75}}, {"type": "Feature", "geometry": {"type": "Point", "coordinates": [73.935859, 18.607808]}, "properties": {"depth": 20.0}}, {"type": "Feature", "geometry": {"type": "Point", "coordinates": [73.935908, 18.607992]}, "properties": {"depth": 20.14}}, {"type": "Feature", "geometry": {"type": "Point", "coordinates": [73.935855, 18.608167]}, "properties": {"depth": 20.14}}, {"type": "Feature", "geometry": {"type": "Point", "coordinates": [73.935887, 18.608351]}, "properties": {"depth": 18.14}}, {"type": "Feature", "geometry": {"type": "Point", "coordinates": [73.943191, 18.607478]}, "properties": {"depth": 0.49}}, {"type": "Feature", "geometry": {"type": "Point", "coordinates": [73.943161, 18.607665]}, "properties": {"depth": 0.32}}, {"type": "Feature", "geometry": {"type": "Point", "coordinates": [73.943102, 18.607817]}, "properties": {"depth": 0.32}}, {"type": "Feature", "geometry": {"type": "Point", "coordinates": [73.941006, 18.611674]}, "properties": {"depth": 8.12}}, {"type": "Feature", "geometry": {"type": "Point", "coordinates": [73.941505, 18.611906]}, "properties": {"depth": 8.71}}, {"type": "Feature", "geometry": {"type": "Point", "coordinates": [73.941968, 18.612455]}, "properties": {"depth": 6.76}}, {"type": "Feature", "geometry": {"type": "Point", "coordinates": [73.942013, 18.612741]}, "properties": {"depth": 5.05}}, {"type": "Feature", "geometry": {"type": "Point", "coordinates": [73.941859, 18.613448]}, "properties": {"depth": 11.07}}, {"type": "Feature", "geometry": {"type": "Point", "coordinates": [73.94197, 18.613678]}, "properties": {"depth": 14.16}}, {"type": "Feature", "geometry": {"type": "Point", "coordinates": [73.941436, 18.612277]}, "properties": {"depth": 8.87}}, {"type": "Feature", "geometry": {"type": "Point", "coordinates": [73.940606, 18.612552]}, "properties": {"depth": 6.14}}, {"type": "Feature", "geometry": {"type": "Point", "coordinates": [73.941617, 18.61336]}, "properties": {"depth": 6.9}}, {"type": "Feature", "geometry": {"type": "Point", "coordinates": [73.941369, 18.613674]}, "properties": {"depth": 14.09}}, {"type": "Feature", "geometry": {"type": "Point", "coordinates": [73.941444, 18.613706]}, "properties": {"depth": 14.09}}, {"type": "Feature", "geometry": {"type": "Point", "coordinates": [73.941537, 18.613731]}, "properties": {"depth": 13.78}}, {"type": "Feature", "geometry": {"type": "Point", "coordinates": [73.941708, 18.613818]}, "properties": {"depth": 15.38}}, {"type": "Feature", "geometry": {"type": "Point", "coordinates": [73.941292, 18.613838]}, "properties": {"depth": 15.38}}, {"type": "Feature", "geometry": {"type": "Point", "coordinates": [73.938878, 18.605592]}, "properties": {"depth": 1.22}}, {"type": "Feature", "geometry": {"type": "Point", "coordinates": [73.939681, 18.612593]}, "properties": {"depth": 5.51}}, {"type": "Feature", "geometry": {"type": "Point", "coordinates": [73.939192, 18.612793]}, "properties": {"depth": 9.7}}, {"type": "Feature", "geometry": {"type": "Point", "coordinates": [73.938904, 18.613334]}, "properties": {"depth": 14.51}}, {"type": "Feature", "geometry": {"type": "Point", "coordinates": [73.93966, 18.613897]}, "properties": {"depth": 17.42}}, {"type": "Feature", "geometry": {"type": "Point", "coordinates": [73.938519, 18.61208]}, "properties": {"depth": 5.04}}, {"type": "Feature", "geometry": {"type": "Point", "coordinates": [73.938575, 18.612528]}, "properties": {"depth": 11.88}}, {"type": "Feature", "geometry": {"type": "Point", "coordinates": [73.959151, 18.605953]}, "properties": {"depth": 7.23}}, {"type": "Feature", "geometry": {"type": "Point", "coordinates": [73.958637, 18.604884]}, "properties": {"depth": 9.17}}, {"type": "Feature", "geometry": {"type": "Point", "coordinates": [73.958204, 18.605076]}, "properties": {"depth": 7.68}}, {"type": "Feature", "geometry": {"type": "Point", "coordinates": [73.958748, 18.605788]}, "properties": {"depth": 9.47}}, {"type": "Feature", "geometry": {"type": "Point", "coordinates": [73.957473, 18.606372]}, "properties": {"depth": 11.11}}, {"type": "Feature", "geometry": {"type": "Point", "coordinates": [73.957445, 18.606553]}, "properties": {"depth": 11.19}}, {"type": "Feature", "geometry": {"type": "Point", "coordinates": [73.958375, 18.606594]}, "properties": {"depth": 7.5}}, {"type": "Feature", "geometry": {"type": "Point", "coordinates": [73.957454, 18.606613]}, "properties": {"depth": 11.19}}, {"type": "Feature", "geometry": {"type": "Point", "coordinates": [73.957458, 18.606672]}, "properties": {"depth": 11.19}}, {"type": "Feature", "geometry": {"type": "Point", "coordinates": [73.958392, 18.606727]}, "properties": {"depth": 7.5}}, {"type": "Feature", "geometry": {"type": "Point", "coordinates": [73.957462, 18.606752]}, "properties": {"depth": 11.19}}, {"type": "Feature", "geometry": {"type": "Point", "coordinates": [73.957476, 18.606834]}, "properties": {"depth": 13.93}}, {"type": "Feature", "geometry": {"type": "Point", "coordinates": [73.957488, 18.60691]}, "properties": {"depth": 13.93}}, {"type": "Feature", "geometry": {"type": "Point", "coordinates": [73.979892, 18.602572]}, "properties": {"depth": 9.98}}, {"type": "Feature", "geometry": {"type": "Point", "coordinates": [73.980488, 18.602664]}, "properties": {"depth": 10.65}}, {"type": "Feature", "geometry": {"type": "Point", "coordinates": [73.980771, 18.602666]}, "properties": {"depth": 7.64}}, {"type": "Feature", "geometry": {"type": "Point", "coordinates": [73.980554, 18.602731]}, "properties": {"depth": 10.65}}, {"type": "Feature", "geometry": {"type": "Point", "coordinates": [73.981496, 18.602793]}, "properties": {"depth": 7.17}}, {"type": "Feature", "geometry": {"type": "Point", "coordinates": [73.981864, 18.603131]}, "properties": {"depth": 7.02}}, {"type": "Feature", "geometry": {"type": "Point", "coordinates": [73.934057, 18.606613]}, "properties": {"depth": 12.36}}, {"type": "Feature", "geometry": {"type": "Point", "coordinates": [73.934261, 18.606728]}, "properties": {"depth": 12.36}}, {"type": "Feature", "geometry": {"type": "Point", "coordinates": [73.933147, 18.606984]}, "properties": {"depth": 9.92}}, {"type": "Feature", "geometry": {"type": "Point", "coordinates": [73.933185, 18.607301]}, "properties": {"depth": 11.57}}, {"type": "Feature", "geometry": {"type": "Point", "coordinates": [73.933055, 18.607314]}, "properties": {"depth": 11.57}}, {"type": "Feature", "geometry": {"type": "Point", "coordinates": [73.932951, 18.607321]}, "properties": {"depth": 11.57}}, {"type": "Feature", "geometry": {"type": "Point", "coordinates": [73.932846, 18.607331]}, "properties": {"depth": 11.53}}, {"type": "Feature", "geometry": {"type": "Point", "coordinates": [73.933163, 18.607388]}, "properties": {"depth": 13.02}}, {"type": "Feature", "geometry": {"type": "Point", "coordinates": [73.932961, 18.607407]}, "properties": {"depth": 13.02}}, {"type": "Feature", "geometry": {"type": "Point", "coordinates": [73.932631, 18.60735]}, "properties": {"depth": 10.9}}, {"type": "Feature", "geometry": {"type": "Point", "coordinates": [73.932365, 18.607372]}, "properties": {"depth": 11.43}}, {"type": "Feature", "geometry": {"type": "Point", "coordinates": [73.932289, 18.60738]}, "properties": {"depth": 8.94}}, {"type": "Feature", "geometry": {"type": "Point", "coordinates": [73.932154, 18.607406]}, "properties": {"depth": 8.94}}, {"type": "Feature", "geometry": {"type": "Point", "coordinates": [73.932345, 18.607635]}, "properties": {"depth": 8.94}}]}