{"type": "FeatureCollection", "features": [{"type": "Feature", "geometry": {"type": "Point", "coordinates": [73.93658, 18.424735]}, "properties": {"depth": 18.66}}, {"type": "Feature", "geometry": {"type": "Point", "coordinates": [73.96068, 18.481779]}, "properties": {"depth": 0.1}}, {"type": "Feature", "geometry": {"type": "Point", "coordinates": [73.959554, 18.482032]}, "properties": {"depth": 1.62}}, {"type": "Feature", "geometry": {"type": "Point", "coordinates": [73.95936, 18.482258]}, "properties": {"depth": 0.41}}, {"type": "Feature", "geometry": {"type": "Point", "coordinates": [73.957878, 18.482605]}, "properties": {"depth": 0.61}}, {"type": "Feature", "geometry": {"type": "Point", "coordinates": [73.860507, 18.442368]}, "properties": {"depth": 0.9}}, {"type": "Feature", "geometry": {"type": "Point", "coordinates": [73.860162, 18.44312]}, "properties": {"depth": 0.5}}, {"type": "Feature", "geometry": {"type": "Point", "coordinates": [73.860275, 18.443311]}, "properties": {"depth": 0.82}}, {"type": "Feature", "geometry": {"type": "Point", "coordinates": [73.860883, 18.442828]}, "properties": {"depth": 0.94}}, {"type": "Feature", "geometry": {"type": "Point", "coordinates": [73.861123, 18.442853]}, "properties": {"depth": 0.95}}, {"type": "Feature", "geometry": {"type": "Point", "coordinates": [73.860908, 18.443985]}, "properties": {"depth": 1.46}}, {"type": "Feature", "geometry": {"type": "Point", "coordinates": [73.839478, 18.432521]}, "properties": {"depth": 2.69}}, {"type": "Feature", "geometry": {"type": "Point", "coordinates": [73.83954, 18.43248]}, "properties": {"depth": 2.69}}, {"type": "Feature", "geometry": {"type": "Point", "coordinates": [73.839842, 18.432605]}, "properties": {"depth": 0.65}}, {"type": "Feature", "geometry": {"type": "Point", "coordinates": [73.839605, 18.432682]}, "properties": {"depth": 1.39}}, {"type": "Feature", "geometry": {"type": "Point", "coordinates": [73.840055, 18.432818]}, "properties": {"depth": 1.91}}, {"type": "Feature", "geometry": {"type": "Point", "coordinates": [73.83954, 18.432876]}, "properties": {"depth": 2.77}}, {"type": "Feature", "geometry": {"type": "Point", "coordinates": [73.842119, 18.433043]}, "properties": {"depth": 1.13}}, {"type": "Feature", "geometry": {"type": "Point", "coordinates": [73.842208, 18.43399]}, "properties": {"depth": 4.08}}, {"type": "Feature", "geometry": {"type": "Point", "coordinates": [73.841533, 18.439818]}, "properties": {"depth": 14.92}}, {"type": "Feature", "geometry": {"type": "Point", "coordinates": [73.840229, 18.432993]}, "properties": {"depth": 1.81}}, {"type": "Feature", "geometry": {"type": "Point", "coordinates": [73.840213, 18.439618]}, "properties": {"depth": 0.7}}, {"type": "Feature", "geometry": {"type": "Point", "coordinates": [73.840241, 18.439761]}, "properties": {"depth": 0.7}}, {"type": "Feature", "geometry": {"type": "Point", "coordinates": [73.841267, 18.439859]}, "properties": {"depth": 13.01}}, {"type": "Feature", "geometry": {"type": "Point", "coordinates": [73.840254, 18.439863]}, "properties": {"depth": 1.08}}, {"type": "Feature", "geometry": {"type": "Point", "coordinates": [73.840499, 18.439894]}, "properties": {"depth": 2.09}}, {"type": "Feature", "geometry": {"type": "Point", "coordinates": [73.840454, 18.440058]}, "properties": {"depth": 2.09}}, {"type": "Feature", "geometry": {"type": "Point", "coordinates": [73.840605, 18.44007]}, "properties": {"depth": 2.09}}, {"type": "Feature", "geometry": {"type": "Point", "coordinates": [73.840255, 18.440111]}, "properties": {"depth": 1.08}}, {"type": "Feature", "geometry": {"type": "Point", "coordinates": [73.840557, 18.440286]}, "properties": {"depth": 1.73}}, {"type": "Feature", "geometry": {"type": "Point", "coordinates": [73.840458, 18.440759]}, "properties": {"depth": 2.16}}, {"type": "Feature", "geometry": {"type": "Point", "coordinates": [73.841044, 18.441135]}, "properties": {"depth": 6.6}}, {"type": "Feature", "geometry": {"type": "Point", "coordinates": [73.840476, 18.441174]}, "properties": {"depth": 0.96}}, {"type": "Feature", "geometry": {"type": "Point", "coordinates": [73.840917, 18.441257]}, "properties": {"depth": 1.43}}, {"type": "Feature", "geometry": {"type": "Point", "coordinates": [73.840675, 18.441396]}, "properties": {"depth": 0.43}}, {"type": "Feature", "geometry": {"type": "Point", "coordinates": [73.840921, 18.44141]}, "properties": {"depth": 1.43}}, {"type": "Feature", "geometry": {"type": "Point", "coordinates": [73.84078, 18.44141]}, "properties": {"depth": 1.43}}, {"type": "Feature", "geometry": {"type": "Point", "coordinates": [73.840548, 18.441437]}, "properties": {"depth": 0.43}}, {"type": "Feature", "geometry": {"type": "Point", "coordinates": [73.840676, 18.441497]}, "properties": {"depth": 0.43}}, {"type": "Feature", "geometry": {"type": "Point", "coordinates": [73.840744, 18.441576]}, "properties": {"depth": 2.16}}, {"type": "Feature", "geometry": {"type": "Point", "coordinates": [73.846866, 18.439932]}, "properties": {"depth": 1.1}}, {"type": "Feature", "geometry": {"type": "Point", "coordinates": [73.844317, 18.440122]}, "properties": {"depth": 11.16}}, {"type": "Feature", "geometry": {"type": "Point", "coordinates": [73.843588, 18.440141]}, "properties": {"depth": 19.72}}, {"type": "Feature", "geometry": {"type": "Point", "coordinates": [73.843903, 18.440151]}, "properties": {"depth": 17.52}}, {"type": "Feature", "geometry": {"type": "Point", "coordinates": [73.84478, 18.440114]}, "properties": {"depth": 8.29}}, {"type": "Feature", "geometry": {"type": "Point", "coordinates": [73.846248, 18.437725]}, "properties": {"depth": 0.9}}, {"type": "Feature", "geometry": {"type": "Point", "coordinates": [73.846144, 18.438222]}, "properties": {"depth": 0.33}}, {"type": "Feature", "geometry": {"type": "Point", "coordinates": [73.84652, 18.439921]}, "properties": {"depth": 3.82}}, {"type": "Feature", "geometry": {"type": "Point", "coordinates": [73.846368, 18.439991]}, "properties": {"depth": 3.82}}, {"type": "Feature", "geometry": {"type": "Point", "coordinates": [73.846716, 18.43997]}, "properties": {"depth": 2.59}}, {"type": "Feature", "geometry": {"type": "Point", "coordinates": [73.846879, 18.440139]}, "properties": {"depth": 4.34}}, {"type": "Feature", "geometry": {"type": "Point", "coordinates": [73.847359, 18.440224]}, "properties": {"depth": 2.14}}, {"type": "Feature", "geometry": {"type": "Point", "coordinates": [73.847489, 18.440236]}, "properties": {"depth": 1.93}}, {"type": "Feature", "geometry": {"type": "Point", "coordinates": [73.847215, 18.440234]}, "properties": {"depth": 2.14}}, {"type": "Feature", "geometry": {"type": "Point", "coordinates": [73.84692, 18.440265]}, "properties": {"depth": 4.34}}, {"type": "Feature", "geometry": {"type": "Point", "coordinates": [73.846788, 18.440328]}, "properties": {"depth": 5.48}}, {"type": "Feature", "geometry": {"type": "Point", "coordinates": [73.847272, 18.440331]}, "properties": {"depth": 2.14}}, {"type": "Feature", "geometry": {"type": "Point", "coordinates": [73.846574, 18.440165]}, "properties": {"depth": 5.48}}, {"type": "Feature", "geometry": {"type": "Point", "coordinates": [73.846674, 18.440173]}, "properties": {"depth": 5.48}}, {"type": "Feature", "geometry": {"type": "Point", "coordinates": [73.846353, 18.440316]}, "properties": {"depth": 6.62}}, {"type": "Feature", "geometry": {"type": "Point", "coordinates": [73.84617, 18.440373]}, "properties": {"depth": 7.77}}, {"type": "Feature", "geometry": {"type": "Point", "coordinates": [73.84607, 18.440386]}, "properties": {"depth": 7.77}}, {"type": "Feature", "geometry": {"type": "Point", "coordinates": [73.846534, 18.440425]}, "properties": {"depth": 6.48}}, {"type": "Feature", "geometry": {"type": "Point", "coordinates": [73.846195, 18.440438]}, "properties": {"depth": 8.99}}, {"type": "Feature", "geometry": {"type": "Point", "coordinates": [73.846386, 18.440462]}, "properties": {"depth": 7.38}}, {"type": "Feature", "geometry": {"type": "Point", "coordinates": [73.846073, 18.440482]}, "properties": {"depth": 8.99}}, {"type": "Feature", "geometry": {"type": "Point", "coordinates": [73.84625, 18.440556]}, "properties": {"depth": 8.99}}, {"type": "Feature", "geometry": {"type": "Point", "coordinates": [73.844686, 18.440121]}, "properties": {"depth": 8.29}}, {"type": "Feature", "geometry": {"type": "Point", "coordinates": [73.844964, 18.440135]}, "properties": {"depth": 3.87}}, {"type": "Feature", "geometry": {"type": "Point", "coordinates": [73.844607, 18.440138]}, "properties": {"depth": 8.29}}, {"type": "Feature", "geometry": {"type": "Point", "coordinates": [73.844477, 18.440154]}, "properties": {"depth": 11.2}}, {"type": "Feature", "geometry": {"type": "Point", "coordinates": [73.844572, 18.441477]}, "properties": {"depth": 18.5}}, {"type": "Feature", "geometry": {"type": "Point", "coordinates": [73.845133, 18.441913]}, "properties": {"depth": 9.22}}, {"type": "Feature", "geometry": {"type": "Point", "coordinates": [73.844945, 18.442735]}, "properties": {"depth": 2.11}}, {"type": "Feature", "geometry": {"type": "Point", "coordinates": [73.848179, 18.440282]}, "properties": {"depth": 0.48}}, {"type": "Feature", "geometry": {"type": "Point", "coordinates": [73.848125, 18.440352]}, "properties": {"depth": 0.48}}, {"type": "Feature", "geometry": {"type": "Point", "coordinates": [73.848047, 18.440387]}, "properties": {"depth": 0.48}}, {"type": "Feature", "geometry": {"type": "Point", "coordinates": [73.846854, 18.440396]}, "properties": {"depth": 4.34}}, {"type": "Feature", "geometry": {"type": "Point", "coordinates": [73.846997, 18.440404]}, "properties": {"depth": 4.34}}, {"type": "Feature", "geometry": {"type": "Point", "coordinates": [73.846904, 18.440469]}, "properties": {"depth": 5.51}}, {"type": "Feature", "geometry": {"type": "Point", "coordinates": [73.846996, 18.440522]}, "properties": {"depth": 5.51}}, {"type": "Feature", "geometry": {"type": "Point", "coordinates": [73.847038, 18.44057]}, "properties": {"depth": 5.51}}, {"type": "Feature", "geometry": {"type": "Point", "coordinates": [73.847048, 18.44064]}, "properties": {"depth": 5.51}}, {"type": "Feature", "geometry": {"type": "Point", "coordinates": [73.847477, 18.440729]}, "properties": {"depth": 1.21}}, {"type": "Feature", "geometry": {"type": "Point", "coordinates": [73.847522, 18.440918]}, "properties": {"depth": 1.21}}, {"type": "Feature", "geometry": {"type": "Point", "coordinates": [73.844217, 18.440212]}, "properties": {"depth": 12.98}}, {"type": "Feature", "geometry": {"type": "Point", "coordinates": [73.844334, 18.440273]}, "properties": {"depth": 11.2}}, {"type": "Feature", "geometry": {"type": "Point", "coordinates": [73.844089, 18.440325]}, "properties": {"depth": 12.98}}, {"type": "Feature", "geometry": {"type": "Point", "coordinates": [73.843655, 18.440406]}, "properties": {"depth": 19.72}}, {"type": "Feature", "geometry": {"type": "Point", "coordinates": [73.844275, 18.441736]}, "properties": {"depth": 17.24}}, {"type": "Feature", "geometry": {"type": "Point", "coordinates": [73.844424, 18.442031]}, "properties": {"depth": 15.73}}, {"type": "Feature", "geometry": {"type": "Point", "coordinates": [73.843501, 18.442421]}, "properties": {"depth": 17.35}}, {"type": "Feature", "geometry": {"type": "Point", "coordinates": [73.844269, 18.442532]}, "properties": {"depth": 16.76}}, {"type": "Feature", "geometry": {"type": "Point", "coordinates": [73.846121, 18.44059]}, "properties": {"depth": 8.99}}, {"type": "Feature", "geometry": {"type": "Point", "coordinates": [73.846651, 18.440921]}, "properties": {"depth": 5.95}}, {"type": "Feature", "geometry": {"type": "Point", "coordinates": [73.846398, 18.441058]}, "properties": {"depth": 5.68}}, {"type": "Feature", "geometry": {"type": "Point", "coordinates": [73.845732, 18.44141]}, "properties": {"depth": 5.98}}, {"type": "Feature", "geometry": {"type": "Point", "coordinates": [73.861158, 18.442549]}, "properties": {"depth": 2.32}}, {"type": "Feature", "geometry": {"type": "Point", "coordinates": [73.860787, 18.442805]}, "properties": {"depth": 0.94}}, {"type": "Feature", "geometry": {"type": "Point", "coordinates": [73.861255, 18.442812]}, "properties": {"depth": 2.59}}, {"type": "Feature", "geometry": {"type": "Point", "coordinates": [73.861001, 18.442828]}, "properties": {"depth": 0.95}}, {"type": "Feature", "geometry": {"type": "Point", "coordinates": [73.862065, 18.442628]}, "properties": {"depth": 2.39}}, {"type": "Feature", "geometry": {"type": "Point", "coordinates": [73.861435, 18.444908]}, "properties": {"depth": 1.54}}, {"type": "Feature", "geometry": {"type": "Point", "coordinates": [73.861465, 18.444918]}, "properties": {"depth": 1.54}}, {"type": "Feature", "geometry": {"type": "Point", "coordinates": [73.8615, 18.444921]}, "properties": {"depth": 1.54}}, {"type": "Feature", "geometry": {"type": "Point", "coordinates": [73.861533, 18.444923]}, "properties": {"depth": 3.57}}, {"type": "Feature", "geometry": {"type": "Point", "coordinates": [73.864959, 18.443196]}, "properties": {"depth": 0.58}}, {"type": "Feature", "geometry": {"type": "Point", "coordinates": [73.865102, 18.443199]}, "properties": {"depth": 0.58}}, {"type": "Feature", "geometry": {"type": "Point", "coordinates": [73.864845, 18.443799]}, "properties": {"depth": 0.38}}, {"type": "Feature", "geometry": {"type": "Point", "coordinates": [73.864107, 18.443222]}, "properties": {"depth": 0.71}}, {"type": "Feature", "geometry": {"type": "Point", "coordinates": [73.863282, 18.443154]}, "properties": {"depth": 0.22}}, {"type": "Feature", "geometry": {"type": "Point", "coordinates": [73.862595, 18.445665]}, "properties": {"depth": 7.35}}, {"type": "Feature", "geometry": {"type": "Point", "coordinates": [73.862417, 18.446087]}, "properties": {"depth": 5.57}}, {"type": "Feature", "geometry": {"type": "Point", "coordinates": [73.862731, 18.446218]}, "properties": {"depth": 5.55}}, {"type": "Feature", "geometry": {"type": "Point", "coordinates": [73.862353, 18.446222]}, "properties": {"depth": 8.04}}, {"type": "Feature", "geometry": {"type": "Point", "coordinates": [73.862805, 18.446284]}, "properties": {"depth": 7.02}}, {"type": "Feature", "geometry": {"type": "Point", "coordinates": [73.862298, 18.446356]}, "properties": {"depth": 6.19}}, {"type": "Feature", "geometry": {"type": "Point", "coordinates": [73.864181, 18.443232]}, "properties": {"depth": 0.71}}, {"type": "Feature", "geometry": {"type": "Point", "coordinates": [73.864736, 18.443422]}, "properties": {"depth": 1.42}}, {"type": "Feature", "geometry": {"type": "Point", "coordinates": [73.863468, 18.443414]}, "properties": {"depth": 1.88}}, {"type": "Feature", "geometry": {"type": "Point", "coordinates": [73.864579, 18.443465]}, "properties": {"depth": 2.12}}, {"type": "Feature", "geometry": {"type": "Point", "coordinates": [73.864715, 18.443555]}, "properties": {"depth": 0.03}}, {"type": "Feature", "geometry": {"type": "Point", "coordinates": [73.864546, 18.445464]}, "properties": {"depth": 0.91}}, {"type": "Feature", "geometry": {"type": "Point", "coordinates": [73.864574, 18.445533]}, "properties": {"depth": 0.91}}, {"type": "Feature", "geometry": {"type": "Point", "coordinates": [73.864271, 18.445605]}, "properties": {"depth": 1.37}}, {"type": "Feature", "geometry": {"type": "Point", "coordinates": [73.864463, 18.445626]}, "properties": {"depth": 0.91}}, {"type": "Feature", "geometry": {"type": "Point", "coordinates": [73.861461, 18.444995]}, "properties": {"depth": 1.54}}, {"type": "Feature", "geometry": {"type": "Point", "coordinates": [73.861496, 18.445005]}, "properties": {"depth": 1.54}}, {"type": "Feature", "geometry": {"type": "Point", "coordinates": [73.861529, 18.445007]}, "properties": {"depth": 3.57}}, {"type": "Feature", "geometry": {"type": "Point", "coordinates": [73.861557, 18.445011]}, "properties": {"depth": 3.57}}, {"type": "Feature", "geometry": {"type": "Point", "coordinates": [73.861821, 18.445014]}, "properties": {"depth": 3.33}}, {"type": "Feature", "geometry": {"type": "Point", "coordinates": [73.861406, 18.44506]}, "properties": {"depth": 1.54}}, {"type": "Feature", "geometry": {"type": "Point", "coordinates": [73.861775, 18.445067]}, "properties": {"depth": 3.57}}, {"type": "Feature", "geometry": {"type": "Point", "coordinates": [73.861585, 18.44509]}, "properties": {"depth": 3.57}}, {"type": "Feature", "geometry": {"type": "Point", "coordinates": [73.861696, 18.445095]}, "properties": {"depth": 3.57}}, {"type": "Feature", "geometry": {"type": "Point", "coordinates": [73.861652, 18.44513]}, "properties": {"depth": 3.57}}, {"type": "Feature", "geometry": {"type": "Point", "coordinates": [73.86171, 18.445144]}, "properties": {"depth": 6.44}}, {"type": "Feature", "geometry": {"type": "Point", "coordinates": [73.86157, 18.445159]}, "properties": {"depth": 6.44}}, {"type": "Feature", "geometry": {"type": "Point", "coordinates": [73.861635, 18.44517]}, "properties": {"depth": 6.44}}, {"type": "Feature", "geometry": {"type": "Point", "coordinates": [73.861689, 18.445189]}, "properties": {"depth": 6.44}}, {"type": "Feature", "geometry": {"type": "Point", "coordinates": [73.861762, 18.445194]}, "properties": {"depth": 6.44}}, {"type": "Feature", "geometry": {"type": "Point", "coordinates": [73.86197, 18.445196]}, "properties": {"depth": 6.09}}, {"type": "Feature", "geometry": {"type": "Point", "coordinates": [73.861806, 18.445202]}, "properties": {"depth": 6.09}}, {"type": "Feature", "geometry": {"type": "Point", "coordinates": [73.862026, 18.445234]}, "properties": {"depth": 6.09}}, {"type": "Feature", "geometry": {"type": "Point", "coordinates": [73.861451, 18.445237]}, "properties": {"depth": 1.82}}, {"type": "Feature", "geometry": {"type": "Point", "coordinates": [73.861627, 18.445247]}, "properties": {"depth": 6.44}}, {"type": "Feature", "geometry": {"type": "Point", "coordinates": [73.861749, 18.445264]}, "properties": {"depth": 6.44}}, {"type": "Feature", "geometry": {"type": "Point", "coordinates": [73.861943, 18.445276]}, "properties": {"depth": 6.09}}, {"type": "Feature", "geometry": {"type": "Point", "coordinates": [73.861992, 18.445283]}, "properties": {"depth": 6.09}}, {"type": "Feature", "geometry": {"type": "Point", "coordinates": [73.861844, 18.445295]}, "properties": {"depth": 6.09}}, {"type": "Feature", "geometry": {"type": "Point", "coordinates": [73.8621, 18.445297]}, "properties": {"depth": 6.97}}, {"type": "Feature", "geometry": {"type": "Point", "coordinates": [73.86148, 18.445322]}, "properties": {"depth": 1.82}}, {"type": "Feature", "geometry": {"type": "Point", "coordinates": [73.861612, 18.445327]}, "properties": {"depth": 6.44}}, {"type": "Feature", "geometry": {"type": "Point", "coordinates": [73.861907, 18.44533]}, "properties": {"depth": 6.09}}, {"type": "Feature", "geometry": {"type": "Point", "coordinates": [73.86169, 18.445341]}, "properties": {"depth": 6.44}}, {"type": "Feature", "geometry": {"type": "Point", "coordinates": [73.861792, 18.445369]}, "properties": {"depth": 6.44}}, {"type": "Feature", "geometry": {"type": "Point", "coordinates": [73.861469, 18.445373]}, "properties": {"depth": 1.82}}, {"type": "Feature", "geometry": {"type": "Point", "coordinates": [73.861683, 18.445381]}, "properties": {"depth": 6.44}}, {"type": "Feature", "geometry": {"type": "Point", "coordinates": [73.861599, 18.445383]}, "properties": {"depth": 6.44}}, {"type": "Feature", "geometry": {"type": "Point", "coordinates": [73.861885, 18.445404]}, "properties": {"depth": 6.09}}, {"type": "Feature", "geometry": {"type": "Point", "coordinates": [73.861437, 18.445417]}, "properties": {"depth": 3.27}}, {"type": "Feature", "geometry": {"type": "Point", "coordinates": [73.861674, 18.445421]}, "properties": {"depth": 4.89}}, {"type": "Feature", "geometry": {"type": "Point", "coordinates": [73.861952, 18.445433]}, "properties": {"depth": 8.09}}, {"type": "Feature", "geometry": {"type": "Point", "coordinates": [73.861814, 18.445444]}, "properties": {"depth": 8.09}}, {"type": "Feature", "geometry": {"type": "Point", "coordinates": [73.861584, 18.445452]}, "properties": {"depth": 4.89}}, {"type": "Feature", "geometry": {"type": "Point", "coordinates": [73.861857, 18.445486]}, "properties": {"depth": 8.09}}, {"type": "Feature", "geometry": {"type": "Point", "coordinates": [73.861422, 18.445494]}, "properties": {"depth": 3.27}}, {"type": "Feature", "geometry": {"type": "Point", "coordinates": [73.861659, 18.445516]}, "properties": {"depth": 4.89}}, {"type": "Feature", "geometry": {"type": "Point", "coordinates": [73.861855, 18.445522]}, "properties": {"depth": 8.09}}, {"type": "Feature", "geometry": {"type": "Point", "coordinates": [73.861947, 18.445532]}, "properties": {"depth": 8.09}}, {"type": "Feature", "geometry": {"type": "Point", "coordinates": [73.861561, 18.445542]}, "properties": {"depth": 4.89}}, {"type": "Feature", "geometry": {"type": "Point", "coordinates": [73.861776, 18.445544]}, "properties": {"depth": 4.89}}, {"type": "Feature", "geometry": {"type": "Point", "coordinates": [73.861419, 18.445543]}, "properties": {"depth": 3.27}}, {"type": "Feature", "geometry": {"type": "Point", "coordinates": [73.861635, 18.445587]}, "properties": {"depth": 4.89}}, {"type": "Feature", "geometry": {"type": "Point", "coordinates": [73.861845, 18.445589]}, "properties": {"depth": 8.09}}, {"type": "Feature", "geometry": {"type": "Point", "coordinates": [73.861542, 18.44559]}, "properties": {"depth": 4.89}}, {"type": "Feature", "geometry": {"type": "Point", "coordinates": [73.86176, 18.445598]}, "properties": {"depth": 4.89}}, {"type": "Feature", "geometry": {"type": "Point", "coordinates": [73.861834, 18.445657]}, "properties": {"depth": 8.09}}, {"type": "Feature", "geometry": {"type": "Point", "coordinates": [73.861605, 18.445681]}, "properties": {"depth": 4.89}}, {"type": "Feature", "geometry": {"type": "Point", "coordinates": [73.861921, 18.445707]}, "properties": {"depth": 9.14}}, {"type": "Feature", "geometry": {"type": "Point", "coordinates": [73.861817, 18.445712]}, "properties": {"depth": 9.14}}, {"type": "Feature", "geometry": {"type": "Point", "coordinates": [73.861605, 18.445757]}, "properties": {"depth": 8.13}}, {"type": "Feature", "geometry": {"type": "Point", "coordinates": [73.861844, 18.445772]}, "properties": {"depth": 9.14}}, {"type": "Feature", "geometry": {"type": "Point", "coordinates": [73.861589, 18.445789]}, "properties": {"depth": 8.13}}, {"type": "Feature", "geometry": {"type": "Point", "coordinates": [73.86149, 18.445798]}, "properties": {"depth": 1.89}}, {"type": "Feature", "geometry": {"type": "Point", "coordinates": [73.861595, 18.445829]}, "properties": {"depth": 8.13}}, {"type": "Feature", "geometry": {"type": "Point", "coordinates": [73.861733, 18.445835]}, "properties": {"depth": 8.13}}, {"type": "Feature", "geometry": {"type": "Point", "coordinates": [73.861876, 18.445837]}, "properties": {"depth": 9.14}}, {"type": "Feature", "geometry": {"type": "Point", "coordinates": [73.861502, 18.445855]}, "properties": {"depth": 1.89}}, {"type": "Feature", "geometry": {"type": "Point", "coordinates": [73.861575, 18.44586]}, "properties": {"depth": 8.13}}, {"type": "Feature", "geometry": {"type": "Point", "coordinates": [73.861773, 18.445901]}, "properties": {"depth": 8.13}}, {"type": "Feature", "geometry": {"type": "Point", "coordinates": [73.861559, 18.445904]}, "properties": {"depth": 8.13}}, {"type": "Feature", "geometry": {"type": "Point", "coordinates": [73.861825, 18.445912]}, "properties": {"depth": 9.14}}, {"type": "Feature", "geometry": {"type": "Point", "coordinates": [73.862102, 18.445929]}, "properties": {"depth": 9.09}}, {"type": "Feature", "geometry": {"type": "Point", "coordinates": [73.861686, 18.445939]}, "properties": {"depth": 8.13}}, {"type": "Feature", "geometry": {"type": "Point", "coordinates": [73.861541, 18.44597]}, "properties": {"depth": 8.13}}, {"type": "Feature", "geometry": {"type": "Point", "coordinates": [73.860995, 18.444512]}, "properties": {"depth": 2.58}}, {"type": "Feature", "geometry": {"type": "Point", "coordinates": [73.861308, 18.444887]}, "properties": {"depth": 1.54}}, {"type": "Feature", "geometry": {"type": "Point", "coordinates": [73.861378, 18.444894]}, "properties": {"depth": 1.54}}, {"type": "Feature", "geometry": {"type": "Point", "coordinates": [73.861272, 18.444984]}, "properties": {"depth": 1.54}}, {"type": "Feature", "geometry": {"type": "Point", "coordinates": [73.86133, 18.44499]}, "properties": {"depth": 1.54}}, {"type": "Feature", "geometry": {"type": "Point", "coordinates": [73.861277, 18.445063]}, "properties": {"depth": 1.54}}, {"type": "Feature", "geometry": {"type": "Point", "coordinates": [73.86135, 18.44518]}, "properties": {"depth": 1.82}}, {"type": "Feature", "geometry": {"type": "Point", "coordinates": [73.861343, 18.445416]}, "properties": {"depth": 1.82}}, {"type": "Feature", "geometry": {"type": "Point", "coordinates": [73.861362, 18.445798]}, "properties": {"depth": 1.89}}, {"type": "Feature", "geometry": {"type": "Point", "coordinates": [73.865, 18.444123]}, "properties": {"depth": 2.02}}, {"type": "Feature", "geometry": {"type": "Point", "coordinates": [73.86492, 18.444179]}, "properties": {"depth": 2.02}}, {"type": "Feature", "geometry": {"type": "Point", "coordinates": [73.865544, 18.445168]}, "properties": {"depth": 0.58}}, {"type": "Feature", "geometry": {"type": "Point", "coordinates": [73.865591, 18.445171]}, "properties": {"depth": 0.58}}, {"type": "Feature", "geometry": {"type": "Point", "coordinates": [73.865583, 18.445372]}, "properties": {"depth": 0.58}}, {"type": "Feature", "geometry": {"type": "Point", "coordinates": [73.865681, 18.445411]}, "properties": {"depth": 0.58}}, {"type": "Feature", "geometry": {"type": "Point", "coordinates": [73.864762, 18.445601]}, "properties": {"depth": 0.39}}, {"type": "Feature", "geometry": {"type": "Point", "coordinates": [73.864901, 18.445602]}, "properties": {"depth": 0.68}}, {"type": "Feature", "geometry": {"type": "Point", "coordinates": [73.865026, 18.445626]}, "properties": {"depth": 0.68}}, {"type": "Feature", "geometry": {"type": "Point", "coordinates": [73.864826, 18.445815]}, "properties": {"depth": 0.54}}, {"type": "Feature", "geometry": {"type": "Point", "coordinates": [73.864549, 18.445762]}, "properties": {"depth": 0.97}}, {"type": "Feature", "geometry": {"type": "Point", "coordinates": [73.864371, 18.445762]}, "properties": {"depth": 0.97}}, {"type": "Feature", "geometry": {"type": "Point", "coordinates": [73.864679, 18.445801]}, "properties": {"depth": 0.54}}, {"type": "Feature", "geometry": {"type": "Point", "coordinates": [73.864274, 18.446016]}, "properties": {"depth": 1.13}}, {"type": "Feature", "geometry": {"type": "Point", "coordinates": [73.8642, 18.446188]}, "properties": {"depth": 1.13}}, {"type": "Feature", "geometry": {"type": "Point", "coordinates": [73.840743, 18.441702]}, "properties": {"depth": 2.16}}, {"type": "Feature", "geometry": {"type": "Point", "coordinates": [73.840906, 18.441736]}, "properties": {"depth": 2.16}}, {"type": "Feature", "geometry": {"type": "Point", "coordinates": [73.841171, 18.442007]}, "properties": {"depth": 3.17}}, {"type": "Feature", "geometry": {"type": "Point", "coordinates": [73.840546, 18.442093]}, "properties": {"depth": 0.74}}, {"type": "Feature", "geometry": {"type": "Point", "coordinates": [73.840424, 18.442164]}, "properties": {"depth": 0.74}}, {"type": "Feature", "geometry": {"type": "Point", "coordinates": [73.8407, 18.442185]}, "properties": {"depth": 2.27}}, {"type": "Feature", "geometry": {"type": "Point", "coordinates": [73.841438, 18.43985]}, "properties": {"depth": 13.01}}, {"type": "Feature", "geometry": {"type": "Point", "coordinates": [73.841493, 18.440336]}, "properties": {"depth": 10.14}}, {"type": "Feature", "geometry": {"type": "Point", "coordinates": [73.841397, 18.441115]}, "properties": {"depth": 6.8}}, {"type": "Feature", "geometry": {"type": "Point", "coordinates": [73.841403, 18.441733]}, "properties": {"depth": 7.55}}, {"type": "Feature", "geometry": {"type": "Point", "coordinates": [73.841316, 18.44206]}, "properties": {"depth": 7.46}}, {"type": "Feature", "geometry": {"type": "Point", "coordinates": [73.841325, 18.442144]}, "properties": {"depth": 9.21}}, {"type": "Feature", "geometry": {"type": "Point", "coordinates": [73.841316, 18.442221]}, "properties": {"depth": 9.21}}, {"type": "Feature", "geometry": {"type": "Point", "coordinates": [73.840951, 18.442192]}, "properties": {"depth": 2.27}}, {"type": "Feature", "geometry": {"type": "Point", "coordinates": [73.840435, 18.442232]}, "properties": {"depth": 0.74}}, {"type": "Feature", "geometry": {"type": "Point", "coordinates": [73.841153, 18.44226]}, "properties": {"depth": 4.17}}, {"type": "Feature", "geometry": {"type": "Point", "coordinates": [73.841062, 18.442301]}, "properties": {"depth": 4.17}}, {"type": "Feature", "geometry": {"type": "Point", "coordinates": [73.861346, 18.445896]}, "properties": {"depth": 1.89}}, {"type": "Feature", "geometry": {"type": "Point", "coordinates": [73.861352, 18.445964]}, "properties": {"depth": 1.89}}, {"type": "Feature", "geometry": {"type": "Point", "coordinates": [73.861322, 18.446099]}, "properties": {"depth": 5.48}}, {"type": "Feature", "geometry": {"type": "Point", "coordinates": [73.861325, 18.44617]}, "properties": {"depth": 5.48}}, {"type": "Feature", "geometry": {"type": "Point", "coordinates": [73.861304, 18.446217]}, "properties": {"depth": 5.48}}, {"type": "Feature", "geometry": {"type": "Point", "coordinates": [73.861386, 18.446231]}, "properties": {"depth": 5.48}}, {"type": "Feature", "geometry": {"type": "Point", "coordinates": [73.861305, 18.446297]}, "properties": {"depth": 5.75}}, {"type": "Feature", "geometry": {"type": "Point", "coordinates": [73.86138, 18.446316]}, "properties": {"depth": 5.75}}, {"type": "Feature", "geometry": {"type": "Point", "coordinates": [73.861307, 18.446354]}, "properties": {"depth": 5.75}}, {"type": "Feature", "geometry": {"type": "Point", "coordinates": [73.861386, 18.446357]}, "properties": {"depth": 5.75}}, {"type": "Feature", "geometry": {"type": "Point", "coordinates": [73.861303, 18.446456]}, "properties": {"depth": 5.75}}, {"type": "Feature", "geometry": {"type": "Point", "coordinates": [73.861292, 18.446518]}, "properties": {"depth": 5.75}}, {"type": "Feature", "geometry": {"type": "Point", "coordinates": [73.861171, 18.446542]}, "properties": {"depth": 0.3}}, {"type": "Feature", "geometry": {"type": "Point", "coordinates": [73.861278, 18.446557]}, "properties": {"depth": 5.99}}, {"type": "Feature", "geometry": {"type": "Point", "coordinates": [73.861198, 18.44662]}, "properties": {"depth": 0.3}}, {"type": "Feature", "geometry": {"type": "Point", "coordinates": [73.861278, 18.446623]}, "properties": {"depth": 5.99}}, {"type": "Feature", "geometry": {"type": "Point", "coordinates": [73.861764, 18.445991]}, "properties": {"depth": 10.0}}, {"type": "Feature", "geometry": {"type": "Point", "coordinates": [73.861837, 18.446016]}, "properties": {"depth": 10.46}}, {"type": "Feature", "geometry": {"type": "Point", "coordinates": [73.862056, 18.446035]}, "properties": {"depth": 10.46}}, {"type": "Feature", "geometry": {"type": "Point", "coordinates": [73.861534, 18.446034]}, "properties": {"depth": 10.0}}, {"type": "Feature", "geometry": {"type": "Point", "coordinates": [73.861666, 18.446049]}, "properties": {"depth": 10.0}}, {"type": "Feature", "geometry": {"type": "Point", "coordinates": [73.862277, 18.446081]}, "properties": {"depth": 8.04}}, {"type": "Feature", "geometry": {"type": "Point", "coordinates": [73.861406, 18.446077]}, "properties": {"depth": 5.48}}, {"type": "Feature", "geometry": {"type": "Point", "coordinates": [73.861732, 18.446106]}, "properties": {"depth": 10.0}}, {"type": "Feature", "geometry": {"type": "Point", "coordinates": [73.861793, 18.446129]}, "properties": {"depth": 10.0}}, {"type": "Feature", "geometry": {"type": "Point", "coordinates": [73.861401, 18.446142]}, "properties": {"depth": 5.48}}, {"type": "Feature", "geometry": {"type": "Point", "coordinates": [73.8615, 18.446152]}, "properties": {"depth": 5.48}}, {"type": "Feature", "geometry": {"type": "Point", "coordinates": [73.861625, 18.44617]}, "properties": {"depth": 10.0}}, {"type": "Feature", "geometry": {"type": "Point", "coordinates": [73.861716, 18.446187]}, "properties": {"depth": 10.0}}, {"type": "Feature", "geometry": {"type": "Point", "coordinates": [73.861411, 18.446186]}, "properties": {"depth": 5.48}}, {"type": "Feature", "geometry": {"type": "Point", "coordinates": [73.861485, 18.446192]}, "properties": {"depth": 5.48}}, {"type": "Feature", "geometry": {"type": "Point", "coordinates": [73.861476, 18.446228]}, "properties": {"depth": 5.48}}, {"type": "Feature", "geometry": {"type": "Point", "coordinates": [73.861698, 18.446234]}, "properties": {"depth": 10.0}}, {"type": "Feature", "geometry": {"type": "Point", "coordinates": [73.861609, 18.446257]}, "properties": {"depth": 9.33}}, {"type": "Feature", "geometry": {"type": "Point", "coordinates": [73.861679, 18.446274]}, "properties": {"depth": 9.33}}, {"type": "Feature", "geometry": {"type": "Point", "coordinates": [73.86145, 18.446301]}, "properties": {"depth": 5.75}}, {"type": "Feature", "geometry": {"type": "Point", "coordinates": [73.861592, 18.446334]}, "properties": {"depth": 9.33}}, {"type": "Feature", "geometry": {"type": "Point", "coordinates": [73.861395, 18.446402]}, "properties": {"depth": 5.75}}, {"type": "Feature", "geometry": {"type": "Point", "coordinates": [73.861422, 18.446536]}, "properties": {"depth": 5.99}}, {"type": "Feature", "geometry": {"type": "Point", "coordinates": [73.861415, 18.446574]}, "properties": {"depth": 5.99}}, {"type": "Feature", "geometry": {"type": "Point", "coordinates": [73.861417, 18.446605]}, "properties": {"depth": 5.99}}, {"type": "Feature", "geometry": {"type": "Point", "coordinates": [73.861468, 18.446641]}, "properties": {"depth": 5.99}}, {"type": "Feature", "geometry": {"type": "Point", "coordinates": [73.861621, 18.446702]}, "properties": {"depth": 10.39}}, {"type": "Feature", "geometry": {"type": "Point", "coordinates": [73.861502, 18.446791]}, "properties": {"depth": 5.99}}, {"type": "Feature", "geometry": {"type": "Point", "coordinates": [73.861427, 18.446859]}, "properties": {"depth": 6.79}}, {"type": "Feature", "geometry": {"type": "Point", "coordinates": [73.861551, 18.446877]}, "properties": {"depth": 9.45}}, {"type": "Feature", "geometry": {"type": "Point", "coordinates": [73.861371, 18.446699]}, "properties": {"depth": 5.99}}, {"type": "Feature", "geometry": {"type": "Point", "coordinates": [73.861272, 18.446707]}, "properties": {"depth": 5.99}}, {"type": "Feature", "geometry": {"type": "Point", "coordinates": [73.861117, 18.446741]}, "properties": {"depth": 0.3}}, {"type": "Feature", "geometry": {"type": "Point", "coordinates": [73.861242, 18.446773]}, "properties": {"depth": 0.3}}, {"type": "Feature", "geometry": {"type": "Point", "coordinates": [73.861365, 18.446795]}, "properties": {"depth": 5.99}}, {"type": "Feature", "geometry": {"type": "Point", "coordinates": [73.861215, 18.446841]}, "properties": {"depth": 4.22}}, {"type": "Feature", "geometry": {"type": "Point", "coordinates": [73.861342, 18.446847]}, "properties": {"depth": 6.79}}, {"type": "Feature", "geometry": {"type": "Point", "coordinates": [73.861264, 18.446851]}, "properties": {"depth": 6.79}}, {"type": "Feature", "geometry": {"type": "Point", "coordinates": [73.861339, 18.446888]}, "properties": {"depth": 6.79}}, {"type": "Feature", "geometry": {"type": "Point", "coordinates": [73.860945, 18.446905]}, "properties": {"depth": 0.64}}, {"type": "Feature", "geometry": {"type": "Point", "coordinates": [73.861244, 18.446918]}, "properties": {"depth": 4.22}}, {"type": "Feature", "geometry": {"type": "Point", "coordinates": [73.861193, 18.446957]}, "properties": {"depth": 4.22}}, {"type": "Feature", "geometry": {"type": "Point", "coordinates": [73.860762, 18.44697]}, "properties": {"depth": 0.64}}, {"type": "Feature", "geometry": {"type": "Point", "coordinates": [73.861259, 18.446976]}, "properties": {"depth": 6.79}}, {"type": "Feature", "geometry": {"type": "Point", "coordinates": [73.861296, 18.446982]}, "properties": {"depth": 6.79}}, {"type": "Feature", "geometry": {"type": "Point", "coordinates": [73.86133, 18.446989]}, "properties": {"depth": 6.79}}, {"type": "Feature", "geometry": {"type": "Point", "coordinates": [73.860827, 18.447004]}, "properties": {"depth": 0.64}}, {"type": "Feature", "geometry": {"type": "Point", "coordinates": [73.860925, 18.447034]}, "properties": {"depth": 0.64}}, {"type": "Feature", "geometry": {"type": "Point", "coordinates": [73.860726, 18.447049]}, "properties": {"depth": 0.64}}, {"type": "Feature", "geometry": {"type": "Point", "coordinates": [73.861583, 18.44693]}, "properties": {"depth": 9.45}}, {"type": "Feature", "geometry": {"type": "Point", "coordinates": [73.86146, 18.446931]}, "properties": {"depth": 6.79}}, {"type": "Feature", "geometry": {"type": "Point", "coordinates": [73.861733, 18.446968]}, "properties": {"depth": 9.45}}, {"type": "Feature", "geometry": {"type": "Point", "coordinates": [73.861527, 18.447025]}, "properties": {"depth": 6.79}}, {"type": "Feature", "geometry": {"type": "Point", "coordinates": [73.861617, 18.447032]}, "properties": {"depth": 9.45}}, {"type": "Feature", "geometry": {"type": "Point", "coordinates": [73.861411, 18.447075]}, "properties": {"depth": 6.79}}, {"type": "Feature", "geometry": {"type": "Point", "coordinates": [73.86148, 18.447102]}, "properties": {"depth": 6.66}}, {"type": "Feature", "geometry": {"type": "Point", "coordinates": [73.861785, 18.447105]}, "properties": {"depth": 12.41}}, {"type": "Feature", "geometry": {"type": "Point", "coordinates": [73.861535, 18.44711]}, "properties": {"depth": 12.41}}, {"type": "Feature", "geometry": {"type": "Point", "coordinates": [73.86158, 18.447118]}, "properties": {"depth": 12.41}}, {"type": "Feature", "geometry": {"type": "Point", "coordinates": [73.861629, 18.447131]}, "properties": {"depth": 12.41}}, {"type": "Feature", "geometry": {"type": "Point", "coordinates": [73.861403, 18.447182]}, "properties": {"depth": 6.66}}, {"type": "Feature", "geometry": {"type": "Point", "coordinates": [73.861523, 18.447209]}, "properties": {"depth": 6.66}}, {"type": "Feature", "geometry": {"type": "Point", "coordinates": [73.861638, 18.44724]}, "properties": {"depth": 12.41}}, {"type": "Feature", "geometry": {"type": "Point", "coordinates": [73.861768, 18.447258]}, "properties": {"depth": 12.41}}, {"type": "Feature", "geometry": {"type": "Point", "coordinates": [73.861466, 18.447292]}, "properties": {"depth": 6.66}}, {"type": "Feature", "geometry": {"type": "Point", "coordinates": [73.861634, 18.447326]}, "properties": {"depth": 12.41}}, {"type": "Feature", "geometry": {"type": "Point", "coordinates": [73.861798, 18.447387]}, "properties": {"depth": 11.51}}, {"type": "Feature", "geometry": {"type": "Point", "coordinates": [73.861485, 18.447389]}, "properties": {"depth": 9.74}}, {"type": "Feature", "geometry": {"type": "Point", "coordinates": [73.861558, 18.447402]}, "properties": {"depth": 11.51}}, {"type": "Feature", "geometry": {"type": "Point", "coordinates": [73.86074, 18.447353]}, "properties": {"depth": 1.7}}, {"type": "Feature", "geometry": {"type": "Point", "coordinates": [73.861322, 18.44736]}, "properties": {"depth": 6.66}}, {"type": "Feature", "geometry": {"type": "Point", "coordinates": [73.860906, 18.447381]}, "properties": {"depth": 3.45}}, {"type": "Feature", "geometry": {"type": "Point", "coordinates": [73.860825, 18.447388]}, "properties": {"depth": 3.45}}, {"type": "Feature", "geometry": {"type": "Point", "coordinates": [73.861002, 18.447402]}, "properties": {"depth": 4.3}}, {"type": "Feature", "geometry": {"type": "Point", "coordinates": [73.861069, 18.447411]}, "properties": {"depth": 4.3}}, {"type": "Feature", "geometry": {"type": "Point", "coordinates": [73.861126, 18.447426]}, "properties": {"depth": 4.3}}, {"type": "Feature", "geometry": {"type": "Point", "coordinates": [73.861179, 18.447435]}, "properties": {"depth": 4.3}}, {"type": "Feature", "geometry": {"type": "Point", "coordinates": [73.861269, 18.447452]}, "properties": {"depth": 9.74}}, {"type": "Feature", "geometry": {"type": "Point", "coordinates": [73.86095, 18.457641]}, "properties": {"depth": 0.1}}, {"type": "Feature", "geometry": {"type": "Point", "coordinates": [73.861681, 18.447424]}, "properties": {"depth": 11.51}}, {"type": "Feature", "geometry": {"type": "Point", "coordinates": [73.86179, 18.447446]}, "properties": {"depth": 11.51}}, {"type": "Feature", "geometry": {"type": "Point", "coordinates": [73.861473, 18.447474]}, "properties": {"depth": 9.74}}, {"type": "Feature", "geometry": {"type": "Point", "coordinates": [73.86155, 18.447482]}, "properties": {"depth": 11.51}}, {"type": "Feature", "geometry": {"type": "Point", "coordinates": [73.861654, 18.447503]}, "properties": {"depth": 11.51}}, {"type": "Feature", "geometry": {"type": "Point", "coordinates": [73.861781, 18.447507]}, "properties": {"depth": 11.51}}, {"type": "Feature", "geometry": {"type": "Point", "coordinates": [73.861827, 18.447508]}, "properties": {"depth": 13.33}}, {"type": "Feature", "geometry": {"type": "Point", "coordinates": [73.861999, 18.457667]}, "properties": {"depth": 12.18}}, {"type": "Feature", "geometry": {"type": "Point", "coordinates": [73.861748, 18.459709]}, "properties": {"depth": 10.3}}, {"type": "Feature", "geometry": {"type": "Point", "coordinates": [73.861896, 18.459722]}, "properties": {"depth": 1.42}}, {"type": "Feature", "geometry": {"type": "Point", "coordinates": [73.862754, 18.457371]}, "properties": {"depth": 12.42}}, {"type": "Feature", "geometry": {"type": "Point", "coordinates": [73.863201, 18.457702]}, "properties": {"depth": 9.0}}, {"type": "Feature", "geometry": {"type": "Point", "coordinates": [73.862582, 18.457977]}, "properties": {"depth": 14.28}}, {"type": "Feature", "geometry": {"type": "Point", "coordinates": [73.863311, 18.458046]}, "properties": {"depth": 8.91}}, {"type": "Feature", "geometry": {"type": "Point", "coordinates": [73.865478, 18.45523]}, "properties": {"depth": 0.0}}, {"type": "Feature", "geometry": {"type": "Point", "coordinates": [73.865705, 18.45546]}, "properties": {"depth": 1.88}}, {"type": "Feature", "geometry": {"type": "Point", "coordinates": [73.866631, 18.455466]}, "properties": {"depth": 3.82}}, {"type": "Feature", "geometry": {"type": "Point", "coordinates": [73.866531, 18.455643]}, "properties": {"depth": 3.82}}, {"type": "Feature", "geometry": {"type": "Point", "coordinates": [73.865403, 18.455639]}, "properties": {"depth": 1.67}}, {"type": "Feature", "geometry": {"type": "Point", "coordinates": [73.864944, 18.45567]}, "properties": {"depth": 0.72}}, {"type": "Feature", "geometry": {"type": "Point", "coordinates": [73.866038, 18.455874]}, "properties": {"depth": 4.88}}, {"type": "Feature", "geometry": {"type": "Point", "coordinates": [73.865498, 18.455927]}, "properties": {"depth": 2.25}}, {"type": "Feature", "geometry": {"type": "Point", "coordinates": [73.866014, 18.455951]}, "properties": {"depth": 4.88}}, {"type": "Feature", "geometry": {"type": "Point", "coordinates": [73.865378, 18.455965]}, "properties": {"depth": 2.8}}, {"type": "Feature", "geometry": {"type": "Point", "coordinates": [73.8662, 18.455975]}, "properties": {"depth": 4.97}}, {"type": "Feature", "geometry": {"type": "Point", "coordinates": [73.866014, 18.456119]}, "properties": {"depth": 4.97}}, {"type": "Feature", "geometry": {"type": "Point", "coordinates": [73.866199, 18.456133]}, "properties": {"depth": 4.97}}, {"type": "Feature", "geometry": {"type": "Point", "coordinates": [73.865288, 18.456164]}, "properties": {"depth": 3.17}}, {"type": "Feature", "geometry": {"type": "Point", "coordinates": [73.866616, 18.455876]}, "properties": {"depth": 4.0}}, {"type": "Feature", "geometry": {"type": "Point", "coordinates": [73.866758, 18.455966]}, "properties": {"depth": 4.0}}, {"type": "Feature", "geometry": {"type": "Point", "coordinates": [73.866717, 18.456036]}, "properties": {"depth": 1.83}}, {"type": "Feature", "geometry": {"type": "Point", "coordinates": [73.866551, 18.456086]}, "properties": {"depth": 1.83}}, {"type": "Feature", "geometry": {"type": "Point", "coordinates": [73.86679, 18.456188]}, "properties": {"depth": 1.83}}, {"type": "Feature", "geometry": {"type": "Point", "coordinates": [73.866763, 18.456272]}, "properties": {"depth": 2.36}}, {"type": "Feature", "geometry": {"type": "Point", "coordinates": [73.866547, 18.456307]}, "properties": {"depth": 2.36}}, {"type": "Feature", "geometry": {"type": "Point", "coordinates": [73.866679, 18.456348]}, "properties": {"depth": 2.36}}, {"type": "Feature", "geometry": {"type": "Point", "coordinates": [73.865453, 18.456193]}, "properties": {"depth": 2.84}}, {"type": "Feature", "geometry": {"type": "Point", "coordinates": [73.865899, 18.456209]}, "properties": {"depth": 7.45}}, {"type": "Feature", "geometry": {"type": "Point", "coordinates": [73.866024, 18.456225]}, "properties": {"depth": 4.97}}, {"type": "Feature", "geometry": {"type": "Point", "coordinates": [73.866187, 18.456235]}, "properties": {"depth": 4.97}}, {"type": "Feature", "geometry": {"type": "Point", "coordinates": [73.865899, 18.456265]}, "properties": {"depth": 9.67}}, {"type": "Feature", "geometry": {"type": "Point", "coordinates": [73.866032, 18.456303]}, "properties": {"depth": 7.1}}, {"type": "Feature", "geometry": {"type": "Point", "coordinates": [73.865879, 18.456331]}, "properties": {"depth": 9.67}}, {"type": "Feature", "geometry": {"type": "Point", "coordinates": [73.865193, 18.456385]}, "properties": {"depth": 5.26}}, {"type": "Feature", "geometry": {"type": "Point", "coordinates": [73.866029, 18.456391]}, "properties": {"depth": 7.1}}, {"type": "Feature", "geometry": {"type": "Point", "coordinates": [73.865912, 18.456397]}, "properties": {"depth": 9.67}}, {"type": "Feature", "geometry": {"type": "Point", "coordinates": [73.86675, 18.456358]}, "properties": {"depth": 2.36}}, {"type": "Feature", "geometry": {"type": "Point", "coordinates": [73.866719, 18.456435]}, "properties": {"depth": 2.36}}, {"type": "Feature", "geometry": {"type": "Point", "coordinates": [73.866503, 18.4565]}, "properties": {"depth": 1.76}}, {"type": "Feature", "geometry": {"type": "Point", "coordinates": [73.86637, 18.456503]}, "properties": {"depth": 1.76}}, {"type": "Feature", "geometry": {"type": "Point", "coordinates": [73.866147, 18.456416]}, "properties": {"depth": 7.1}}, {"type": "Feature", "geometry": {"type": "Point", "coordinates": [73.865371, 18.456441]}, "properties": {"depth": 5.26}}, {"type": "Feature", "geometry": {"type": "Point", "coordinates": [73.86585, 18.456467]}, "properties": {"depth": 9.67}}, {"type": "Feature", "geometry": {"type": "Point", "coordinates": [73.866137, 18.456508]}, "properties": {"depth": 7.1}}, {"type": "Feature", "geometry": {"type": "Point", "coordinates": [73.86584, 18.456576]}, "properties": {"depth": 10.79}}, {"type": "Feature", "geometry": {"type": "Point", "coordinates": [73.865048, 18.456624]}, "properties": {"depth": 1.54}}, {"type": "Feature", "geometry": {"type": "Point", "coordinates": [73.865964, 18.456653]}, "properties": {"depth": 10.79}}, {"type": "Feature", "geometry": {"type": "Point", "coordinates": [73.865208, 18.456649]}, "properties": {"depth": 7.44}}, {"type": "Feature", "geometry": {"type": "Point", "coordinates": [73.865854, 18.45667]}, "properties": {"depth": 10.79}}, {"type": "Feature", "geometry": {"type": "Point", "coordinates": [73.866122, 18.456721]}, "properties": {"depth": 6.97}}, {"type": "Feature", "geometry": {"type": "Point", "coordinates": [73.866647, 18.456515]}, "properties": {"depth": 2.36}}, {"type": "Feature", "geometry": {"type": "Point", "coordinates": [73.866631, 18.456581]}, "properties": {"depth": 2.02}}, {"type": "Feature", "geometry": {"type": "Point", "coordinates": [73.866379, 18.456635]}, "properties": {"depth": 2.89}}, {"type": "Feature", "geometry": {"type": "Point", "coordinates": [73.86647, 18.456688]}, "properties": {"depth": 2.89}}, {"type": "Feature", "geometry": {"type": "Point", "coordinates": [73.866469, 18.456761]}, "properties": {"depth": 2.89}}, {"type": "Feature", "geometry": {"type": "Point", "coordinates": [73.866625, 18.456787]}, "properties": {"depth": 2.02}}, {"type": "Feature", "geometry": {"type": "Point", "coordinates": [73.866439, 18.456908]}, "properties": {"depth": 2.55}}, {"type": "Feature", "geometry": {"type": "Point", "coordinates": [73.86673, 18.456962]}, "properties": {"depth": 0.47}}, {"type": "Feature", "geometry": {"type": "Point", "coordinates": [73.886925, 18.432698]}, "properties": {"depth": 5.9}}, {"type": "Feature", "geometry": {"type": "Point", "coordinates": [73.88732, 18.433999]}, "properties": {"depth": 8.62}}, {"type": "Feature", "geometry": {"type": "Point", "coordinates": [73.888943, 18.434243]}, "properties": {"depth": 1.57}}, {"type": "Feature", "geometry": {"type": "Point", "coordinates": [73.88869, 18.434281]}, "properties": {"depth": 2.72}}, {"type": "Feature", "geometry": {"type": "Point", "coordinates": [73.888136, 18.434412]}, "properties": {"depth": 6.65}}, {"type": "Feature", "geometry": {"type": "Point", "coordinates": [73.888726, 18.434484]}, "properties": {"depth": 3.5}}, {"type": "Feature", "geometry": {"type": "Point", "coordinates": [73.888526, 18.434545]}, "properties": {"depth": 3.5}}, {"type": "Feature", "geometry": {"type": "Point", "coordinates": [73.888891, 18.434562]}, "properties": {"depth": 3.53}}, {"type": "Feature", "geometry": {"type": "Point", "coordinates": [73.888357, 18.434625]}, "properties": {"depth": 6.97}}, {"type": "Feature", "geometry": {"type": "Point", "coordinates": [73.888083, 18.434709]}, "properties": {"depth": 6.28}}, {"type": "Feature", "geometry": {"type": "Point", "coordinates": [73.888004, 18.43488]}, "properties": {"depth": 7.36}}, {"type": "Feature", "geometry": {"type": "Point", "coordinates": [73.888094, 18.434887]}, "properties": {"depth": 7.36}}, {"type": "Feature", "geometry": {"type": "Point", "coordinates": [73.888194, 18.434894]}, "properties": {"depth": 7.36}}, {"type": "Feature", "geometry": {"type": "Point", "coordinates": [73.887811, 18.435079]}, "properties": {"depth": 8.42}}, {"type": "Feature", "geometry": {"type": "Point", "coordinates": [73.88892, 18.435111]}, "properties": {"depth": 7.42}}, {"type": "Feature", "geometry": {"type": "Point", "coordinates": [73.888233, 18.435124]}, "properties": {"depth": 7.66}}, {"type": "Feature", "geometry": {"type": "Point", "coordinates": [73.888656, 18.43547]}, "properties": {"depth": 8.27}}, {"type": "Feature", "geometry": {"type": "Point", "coordinates": [73.888519, 18.435494]}, "properties": {"depth": 8.27}}, {"type": "Feature", "geometry": {"type": "Point", "coordinates": [73.888674, 18.435599]}, "properties": {"depth": 8.27}}, {"type": "Feature", "geometry": {"type": "Point", "coordinates": [73.885965, 18.435643]}, "properties": {"depth": 6.15}}, {"type": "Feature", "geometry": {"type": "Point", "coordinates": [73.887679, 18.434743]}, "properties": {"depth": 7.62}}, {"type": "Feature", "geometry": {"type": "Point", "coordinates": [73.887155, 18.435672]}, "properties": {"depth": 10.56}}, {"type": "Feature", "geometry": {"type": "Point", "coordinates": [73.886755, 18.435805]}, "properties": {"depth": 9.19}}, {"type": "Feature", "geometry": {"type": "Point", "coordinates": [73.886615, 18.436227]}, "properties": {"depth": 7.07}}, {"type": "Feature", "geometry": {"type": "Point", "coordinates": [73.888617, 18.435794]}, "properties": {"depth": 10.53}}, {"type": "Feature", "geometry": {"type": "Point", "coordinates": [73.888454, 18.436011]}, "properties": {"depth": 9.91}}, {"type": "Feature", "geometry": {"type": "Point", "coordinates": [73.916706, 18.432988]}, "properties": {"depth": 0.29}}, {"type": "Feature", "geometry": {"type": "Point", "coordinates": [73.917317, 18.433095]}, "properties": {"depth": 4.45}}, {"type": "Feature", "geometry": {"type": "Point", "coordinates": [73.917709, 18.43323]}, "properties": {"depth": 7.9}}, {"type": "Feature", "geometry": {"type": "Point", "coordinates": [73.917888, 18.433309]}, "properties": {"depth": 7.9}}, {"type": "Feature", "geometry": {"type": "Point", "coordinates": [73.927488, 18.450072]}, "properties": {"depth": 9.29}}, {"type": "Feature", "geometry": {"type": "Point", "coordinates": [73.923319, 18.448431]}, "properties": {"depth": 1.01}}, {"type": "Feature", "geometry": {"type": "Point", "coordinates": [73.861342, 18.447071]}, "properties": {"depth": 6.79}}, {"type": "Feature", "geometry": {"type": "Point", "coordinates": [73.861032, 18.44709]}, "properties": {"depth": 5.37}}, {"type": "Feature", "geometry": {"type": "Point", "coordinates": [73.860833, 18.447095]}, "properties": {"depth": 1.7}}, {"type": "Feature", "geometry": {"type": "Point", "coordinates": [73.861148, 18.447121]}, "properties": {"depth": 5.37}}, {"type": "Feature", "geometry": {"type": "Point", "coordinates": [73.860709, 18.447141]}, "properties": {"depth": 1.7}}, {"type": "Feature", "geometry": {"type": "Point", "coordinates": [73.861254, 18.447153]}, "properties": {"depth": 6.66}}, {"type": "Feature", "geometry": {"type": "Point", "coordinates": [73.861311, 18.447162]}, "properties": {"depth": 6.66}}, {"type": "Feature", "geometry": {"type": "Point", "coordinates": [73.861032, 18.447167]}, "properties": {"depth": 5.37}}, {"type": "Feature", "geometry": {"type": "Point", "coordinates": [73.860754, 18.447176]}, "properties": {"depth": 1.7}}, {"type": "Feature", "geometry": {"type": "Point", "coordinates": [73.860823, 18.447181]}, "properties": {"depth": 1.7}}, {"type": "Feature", "geometry": {"type": "Point", "coordinates": [73.861161, 18.447202]}, "properties": {"depth": 5.37}}, {"type": "Feature", "geometry": {"type": "Point", "coordinates": [73.860906, 18.447207]}, "properties": {"depth": 1.7}}, {"type": "Feature", "geometry": {"type": "Point", "coordinates": [73.861321, 18.44723]}, "properties": {"depth": 6.66}}, {"type": "Feature", "geometry": {"type": "Point", "coordinates": [73.861003, 18.447238]}, "properties": {"depth": 5.37}}, {"type": "Feature", "geometry": {"type": "Point", "coordinates": [73.860713, 18.447266]}, "properties": {"depth": 1.7}}, {"type": "Feature", "geometry": {"type": "Point", "coordinates": [73.8609, 18.44729]}, "properties": {"depth": 1.7}}, {"type": "Feature", "geometry": {"type": "Point", "coordinates": [73.860827, 18.447293]}, "properties": {"depth": 1.7}}, {"type": "Feature", "geometry": {"type": "Point", "coordinates": [73.860999, 18.447316]}, "properties": {"depth": 5.37}}, {"type": "Feature", "geometry": {"type": "Point", "coordinates": [73.86106, 18.447319]}, "properties": {"depth": 5.37}}, {"type": "Feature", "geometry": {"type": "Point", "coordinates": [73.861179, 18.44734]}, "properties": {"depth": 5.37}}, {"type": "Feature", "geometry": {"type": "Point", "coordinates": [73.861131, 18.447343]}, "properties": {"depth": 5.37}}, {"type": "Feature", "geometry": {"type": "Point", "coordinates": [73.865861, 18.456734]}, "properties": {"depth": 10.79}}, {"type": "Feature", "geometry": {"type": "Point", "coordinates": [73.866208, 18.456779]}, "properties": {"depth": 6.97}}, {"type": "Feature", "geometry": {"type": "Point", "coordinates": [73.866101, 18.456797]}, "properties": {"depth": 6.97}}, {"type": "Feature", "geometry": {"type": "Point", "coordinates": [73.866099, 18.456865]}, "properties": {"depth": 7.43}}, {"type": "Feature", "geometry": {"type": "Point", "coordinates": [73.866191, 18.456872]}, "properties": {"depth": 7.43}}, {"type": "Feature", "geometry": {"type": "Point", "coordinates": [73.865969, 18.456878]}, "properties": {"depth": 11.28}}, {"type": "Feature", "geometry": {"type": "Point", "coordinates": [73.865668, 18.456887]}, "properties": {"depth": 11.81}}, {"type": "Feature", "geometry": {"type": "Point", "coordinates": [73.865536, 18.456887]}, "properties": {"depth": 11.81}}, {"type": "Feature", "geometry": {"type": "Point", "coordinates": [73.865879, 18.456901]}, "properties": {"depth": 11.28}}, {"type": "Feature", "geometry": {"type": "Point", "coordinates": [73.866095, 18.45696]}, "properties": {"depth": 7.43}}, {"type": "Feature", "geometry": {"type": "Point", "coordinates": [73.865415, 18.456964]}, "properties": {"depth": 14.37}}, {"type": "Feature", "geometry": {"type": "Point", "coordinates": [73.864702, 18.456965]}, "properties": {"depth": 6.25}}, {"type": "Feature", "geometry": {"type": "Point", "coordinates": [73.865756, 18.456992]}, "properties": {"depth": 11.28}}, {"type": "Feature", "geometry": {"type": "Point", "coordinates": [73.86598, 18.456995]}, "properties": {"depth": 7.43}}, {"type": "Feature", "geometry": {"type": "Point", "coordinates": [73.865659, 18.456999]}, "properties": {"depth": 11.81}}, {"type": "Feature", "geometry": {"type": "Point", "coordinates": [73.865433, 18.457018]}, "properties": {"depth": 11.81}}, {"type": "Feature", "geometry": {"type": "Point", "coordinates": [73.865543, 18.457036]}, "properties": {"depth": 11.81}}, {"type": "Feature", "geometry": {"type": "Point", "coordinates": [73.865968, 18.457065]}, "properties": {"depth": 11.28}}, {"type": "Feature", "geometry": {"type": "Point", "coordinates": [73.865198, 18.457064]}, "properties": {"depth": 14.37}}, {"type": "Feature", "geometry": {"type": "Point", "coordinates": [73.865875, 18.45707]}, "properties": {"depth": 11.28}}, {"type": "Feature", "geometry": {"type": "Point", "coordinates": [73.866456, 18.456991]}, "properties": {"depth": 2.55}}, {"type": "Feature", "geometry": {"type": "Point", "coordinates": [73.86677, 18.456998]}, "properties": {"depth": 0.47}}, {"type": "Feature", "geometry": {"type": "Point", "coordinates": [73.866224, 18.457001]}, "properties": {"depth": 7.43}}, {"type": "Feature", "geometry": {"type": "Point", "coordinates": [73.866665, 18.457019]}, "properties": {"depth": 0.47}}, {"type": "Feature", "geometry": {"type": "Point", "coordinates": [73.866359, 18.457037]}, "properties": {"depth": 2.55}}, {"type": "Feature", "geometry": {"type": "Point", "coordinates": [73.866588, 18.457049]}, "properties": {"depth": 0.47}}, {"type": "Feature", "geometry": {"type": "Point", "coordinates": [73.866241, 18.457112]}, "properties": {"depth": 5.73}}, {"type": "Feature", "geometry": {"type": "Point", "coordinates": [73.86529, 18.457074]}, "properties": {"depth": 14.37}}, {"type": "Feature", "geometry": {"type": "Point", "coordinates": [73.865433, 18.457082]}, "properties": {"depth": 11.81}}, {"type": "Feature", "geometry": {"type": "Point", "coordinates": [73.865668, 18.457092]}, "properties": {"depth": 9.6}}, {"type": "Feature", "geometry": {"type": "Point", "coordinates": [73.865759, 18.457098]}, "properties": {"depth": 8.3}}, {"type": "Feature", "geometry": {"type": "Point", "coordinates": [73.866117, 18.457108]}, "properties": {"depth": 5.73}}, {"type": "Feature", "geometry": {"type": "Point", "coordinates": [73.866177, 18.457118]}, "properties": {"depth": 5.73}}, {"type": "Feature", "geometry": {"type": "Point", "coordinates": [73.865883, 18.457139]}, "properties": {"depth": 8.3}}, {"type": "Feature", "geometry": {"type": "Point", "coordinates": [73.865542, 18.457141]}, "properties": {"depth": 9.6}}, {"type": "Feature", "geometry": {"type": "Point", "coordinates": [73.865981, 18.457151]}, "properties": {"depth": 5.73}}, {"type": "Feature", "geometry": {"type": "Point", "coordinates": [73.865458, 18.457156]}, "properties": {"depth": 9.6}}, {"type": "Feature", "geometry": {"type": "Point", "coordinates": [73.865298, 18.457179]}, "properties": {"depth": 12.7}}, {"type": "Feature", "geometry": {"type": "Point", "coordinates": [73.865223, 18.457187]}, "properties": {"depth": 12.7}}, {"type": "Feature", "geometry": {"type": "Point", "coordinates": [73.865757, 18.457201]}, "properties": {"depth": 8.3}}, {"type": "Feature", "geometry": {"type": "Point", "coordinates": [73.865671, 18.457203]}, "properties": {"depth": 9.6}}, {"type": "Feature", "geometry": {"type": "Point", "coordinates": [73.865544, 18.457206]}, "properties": {"depth": 9.6}}, {"type": "Feature", "geometry": {"type": "Point", "coordinates": [73.865054, 18.457205]}, "properties": {"depth": 15.54}}, {"type": "Feature", "geometry": {"type": "Point", "coordinates": [73.865981, 18.457233]}, "properties": {"depth": 5.73}}, {"type": "Feature", "geometry": {"type": "Point", "coordinates": [73.865059, 18.457245]}, "properties": {"depth": 15.54}}, {"type": "Feature", "geometry": {"type": "Point", "coordinates": [73.865113, 18.457251]}, "properties": {"depth": 15.54}}, {"type": "Feature", "geometry": {"type": "Point", "coordinates": [73.865895, 18.457257]}, "properties": {"depth": 8.3}}, {"type": "Feature", "geometry": {"type": "Point", "coordinates": [73.865434, 18.457258]}, "properties": {"depth": 9.6}}, {"type": "Feature", "geometry": {"type": "Point", "coordinates": [73.865199, 18.457259]}, "properties": {"depth": 12.7}}, {"type": "Feature", "geometry": {"type": "Point", "coordinates": [73.865302, 18.45727]}, "properties": {"depth": 12.7}}, {"type": "Feature", "geometry": {"type": "Point", "coordinates": [73.865061, 18.45728]}, "properties": {"depth": 15.54}}, {"type": "Feature", "geometry": {"type": "Point", "coordinates": [73.865786, 18.457303]}, "properties": {"depth": 8.3}}, {"type": "Feature", "geometry": {"type": "Point", "coordinates": [73.866158, 18.457314]}, "properties": {"depth": 5.73}}, {"type": "Feature", "geometry": {"type": "Point", "coordinates": [73.865729, 18.457311]}, "properties": {"depth": 8.3}}, {"type": "Feature", "geometry": {"type": "Point", "coordinates": [73.865664, 18.45732]}, "properties": {"depth": 9.6}}, {"type": "Feature", "geometry": {"type": "Point", "coordinates": [73.86521, 18.457321]}, "properties": {"depth": 12.7}}, {"type": "Feature", "geometry": {"type": "Point", "coordinates": [73.865109, 18.457325]}, "properties": {"depth": 15.54}}, {"type": "Feature", "geometry": {"type": "Point", "coordinates": [73.866429, 18.457173]}, "properties": {"depth": 1.02}}, {"type": "Feature", "geometry": {"type": "Point", "coordinates": [73.866256, 18.457235]}, "properties": {"depth": 1.02}}, {"type": "Feature", "geometry": {"type": "Point", "coordinates": [73.86649, 18.457303]}, "properties": {"depth": 1.02}}, {"type": "Feature", "geometry": {"type": "Point", "coordinates": [73.865542, 18.457349]}, "properties": {"depth": 9.6}}, {"type": "Feature", "geometry": {"type": "Point", "coordinates": [73.865456, 18.457367]}, "properties": {"depth": 8.35}}, {"type": "Feature", "geometry": {"type": "Point", "coordinates": [73.86508, 18.457381]}, "properties": {"depth": 14.47}}, {"type": "Feature", "geometry": {"type": "Point", "coordinates": [73.865228, 18.457386]}, "properties": {"depth": 11.15}}, {"type": "Feature", "geometry": {"type": "Point", "coordinates": [73.865322, 18.457401]}, "properties": {"depth": 11.15}}, {"type": "Feature", "geometry": {"type": "Point", "coordinates": [73.865971, 18.457401]}, "properties": {"depth": 4.04}}, {"type": "Feature", "geometry": {"type": "Point", "coordinates": [73.865703, 18.457424]}, "properties": {"depth": 4.04}}, {"type": "Feature", "geometry": {"type": "Point", "coordinates": [73.865806, 18.457426]}, "properties": {"depth": 4.04}}, {"type": "Feature", "geometry": {"type": "Point", "coordinates": [73.865221, 18.457428]}, "properties": {"depth": 11.15}}, {"type": "Feature", "geometry": {"type": "Point", "coordinates": [73.865083, 18.457439]}, "properties": {"depth": 14.47}}, {"type": "Feature", "geometry": {"type": "Point", "coordinates": [73.864106, 18.456173]}, "properties": {"depth": 4.26}}, {"type": "Feature", "geometry": {"type": "Point", "coordinates": [73.864513, 18.456319]}, "properties": {"depth": 1.03}}, {"type": "Feature", "geometry": {"type": "Point", "coordinates": [73.863757, 18.456683]}, "properties": {"depth": 9.19}}, {"type": "Feature", "geometry": {"type": "Point", "coordinates": [73.863901, 18.457274]}, "properties": {"depth": 5.73}}, {"type": "Feature", "geometry": {"type": "Point", "coordinates": [73.864425, 18.457277]}, "properties": {"depth": 9.26}}, {"type": "Feature", "geometry": {"type": "Point", "coordinates": [73.863375, 18.45737]}, "properties": {"depth": 7.47}}, {"type": "Feature", "geometry": {"type": "Point", "coordinates": [73.864548, 18.4575]}, "properties": {"depth": 9.49}}, {"type": "Feature", "geometry": {"type": "Point", "coordinates": [73.864447, 18.457563]}, "properties": {"depth": 9.49}}, {"type": "Feature", "geometry": {"type": "Point", "coordinates": [73.864311, 18.457811]}, "properties": {"depth": 9.32}}, {"type": "Feature", "geometry": {"type": "Point", "coordinates": [73.863805, 18.457836]}, "properties": {"depth": 4.69}}, {"type": "Feature", "geometry": {"type": "Point", "coordinates": [73.863643, 18.458082]}, "properties": {"depth": 4.4}}, {"type": "Feature", "geometry": {"type": "Point", "coordinates": [73.863816, 18.45839]}, "properties": {"depth": 7.22}}, {"type": "Feature", "geometry": {"type": "Point", "coordinates": [73.864656, 18.458701]}, "properties": {"depth": 10.44}}, {"type": "Feature", "geometry": {"type": "Point", "coordinates": [73.863028, 18.458292]}, "properties": {"depth": 6.22}}, {"type": "Feature", "geometry": {"type": "Point", "coordinates": [73.86227, 18.458431]}, "properties": {"depth": 14.84}}, {"type": "Feature", "geometry": {"type": "Point", "coordinates": [73.863016, 18.45861]}, "properties": {"depth": 7.33}}, {"type": "Feature", "geometry": {"type": "Point", "coordinates": [73.863039, 18.458901]}, "properties": {"depth": 16.04}}, {"type": "Feature", "geometry": {"type": "Point", "coordinates": [73.862499, 18.459007]}, "properties": {"depth": 9.4}}, {"type": "Feature", "geometry": {"type": "Point", "coordinates": [73.862562, 18.459259]}, "properties": {"depth": 9.39}}, {"type": "Feature", "geometry": {"type": "Point", "coordinates": [73.862538, 18.45967]}, "properties": {"depth": 9.34}}, {"type": "Feature", "geometry": {"type": "Point", "coordinates": [73.862378, 18.459676]}, "properties": {"depth": 9.34}}, {"type": "Feature", "geometry": {"type": "Point", "coordinates": [73.86221, 18.459684]}, "properties": {"depth": 4.89}}, {"type": "Feature", "geometry": {"type": "Point", "coordinates": [73.863048, 18.459856]}, "properties": {"depth": 15.96}}, {"type": "Feature", "geometry": {"type": "Point", "coordinates": [73.863835, 18.458702]}, "properties": {"depth": 8.23}}, {"type": "Feature", "geometry": {"type": "Point", "coordinates": [73.864601, 18.458934]}, "properties": {"depth": 11.56}}, {"type": "Feature", "geometry": {"type": "Point", "coordinates": [73.863652, 18.459]}, "properties": {"depth": 8.66}}, {"type": "Feature", "geometry": {"type": "Point", "coordinates": [73.863369, 18.459025]}, "properties": {"depth": 10.56}}, {"type": "Feature", "geometry": {"type": "Point", "coordinates": [73.863903, 18.459249]}, "properties": {"depth": 11.52}}, {"type": "Feature", "geometry": {"type": "Point", "coordinates": [73.863728, 18.460009]}, "properties": {"depth": 6.71}}, {"type": "Feature", "geometry": {"type": "Point", "coordinates": [73.861501, 18.459755]}, "properties": {"depth": 6.69}}, {"type": "Feature", "geometry": {"type": "Point", "coordinates": [73.861628, 18.459759]}, "properties": {"depth": 10.3}}, {"type": "Feature", "geometry": {"type": "Point", "coordinates": [73.861352, 18.459768]}, "properties": {"depth": 6.69}}, {"type": "Feature", "geometry": {"type": "Point", "coordinates": [73.862138, 18.459972]}, "properties": {"depth": 4.14}}, {"type": "Feature", "geometry": {"type": "Point", "coordinates": [73.862795, 18.459878]}, "properties": {"depth": 11.43}}, {"type": "Feature", "geometry": {"type": "Point", "coordinates": [73.862641, 18.459908]}, "properties": {"depth": 11.43}}, {"type": "Feature", "geometry": {"type": "Point", "coordinates": [73.862404, 18.459958]}, "properties": {"depth": 7.64}}, {"type": "Feature", "geometry": {"type": "Point", "coordinates": [73.862255, 18.45998]}, "properties": {"depth": 4.14}}, {"type": "Feature", "geometry": {"type": "Point", "coordinates": [73.862735, 18.46012]}, "properties": {"depth": 11.43}}, {"type": "Feature", "geometry": {"type": "Point", "coordinates": [73.862423, 18.460126]}, "properties": {"depth": 7.64}}, {"type": "Feature", "geometry": {"type": "Point", "coordinates": [73.865579, 18.457471]}, "properties": {"depth": 8.35}}, {"type": "Feature", "geometry": {"type": "Point", "coordinates": [73.865714, 18.457476]}, "properties": {"depth": 4.04}}, {"type": "Feature", "geometry": {"type": "Point", "coordinates": [73.865504, 18.457495]}, "properties": {"depth": 8.35}}, {"type": "Feature", "geometry": {"type": "Point", "coordinates": [73.865851, 18.457518]}, "properties": {"depth": 4.04}}, {"type": "Feature", "geometry": {"type": "Point", "coordinates": [73.865256, 18.457521]}, "properties": {"depth": 11.15}}, {"type": "Feature", "geometry": {"type": "Point", "coordinates": [73.86536, 18.457538]}, "properties": {"depth": 11.15}}, {"type": "Feature", "geometry": {"type": "Point", "coordinates": [73.865617, 18.457547]}, "properties": {"depth": 8.35}}, {"type": "Feature", "geometry": {"type": "Point", "coordinates": [73.865762, 18.457572]}, "properties": {"depth": 4.04}}, {"type": "Feature", "geometry": {"type": "Point", "coordinates": [73.864903, 18.457598]}, "properties": {"depth": 14.47}}, {"type": "Feature", "geometry": {"type": "Point", "coordinates": [73.8651, 18.457605]}, "properties": {"depth": 14.47}}, {"type": "Feature", "geometry": {"type": "Point", "coordinates": [73.865653, 18.457613]}, "properties": {"depth": 8.35}}, {"type": "Feature", "geometry": {"type": "Point", "coordinates": [73.865395, 18.457615]}, "properties": {"depth": 11.15}}, {"type": "Feature", "geometry": {"type": "Point", "coordinates": [73.865888, 18.457623]}, "properties": {"depth": 4.04}}, {"type": "Feature", "geometry": {"type": "Point", "coordinates": [73.86556, 18.457634]}, "properties": {"depth": 8.35}}, {"type": "Feature", "geometry": {"type": "Point", "coordinates": [73.865311, 18.457639]}, "properties": {"depth": 9.64}}, {"type": "Feature", "geometry": {"type": "Point", "coordinates": [73.865803, 18.457657]}, "properties": {"depth": 4.72}}, {"type": "Feature", "geometry": {"type": "Point", "coordinates": [73.866168, 18.457674]}, "properties": {"depth": 0.7}}, {"type": "Feature", "geometry": {"type": "Point", "coordinates": [73.865424, 18.457671]}, "properties": {"depth": 8.06}}, {"type": "Feature", "geometry": {"type": "Point", "coordinates": [73.865681, 18.457685]}, "properties": {"depth": 8.06}}, {"type": "Feature", "geometry": {"type": "Point", "coordinates": [73.864943, 18.457682]}, "properties": {"depth": 12.82}}, {"type": "Feature", "geometry": {"type": "Point", "coordinates": [73.865921, 18.457695]}, "properties": {"depth": 4.72}}, {"type": "Feature", "geometry": {"type": "Point", "coordinates": [73.866087, 18.457698]}, "properties": {"depth": 0.7}}, {"type": "Feature", "geometry": {"type": "Point", "coordinates": [73.865585, 18.4577]}, "properties": {"depth": 8.06}}, {"type": "Feature", "geometry": {"type": "Point", "coordinates": [73.865345, 18.457701]}, "properties": {"depth": 9.64}}, {"type": "Feature", "geometry": {"type": "Point", "coordinates": [73.86583, 18.457718]}, "properties": {"depth": 4.72}}, {"type": "Feature", "geometry": {"type": "Point", "coordinates": [73.866201, 18.457739]}, "properties": {"depth": 0.7}}, {"type": "Feature", "geometry": {"type": "Point", "coordinates": [73.865458, 18.457743]}, "properties": {"depth": 8.06}}, {"type": "Feature", "geometry": {"type": "Point", "coordinates": [73.86571, 18.457757]}, "properties": {"depth": 4.72}}, {"type": "Feature", "geometry": {"type": "Point", "coordinates": [73.865959, 18.45776]}, "properties": {"depth": 4.72}}, {"type": "Feature", "geometry": {"type": "Point", "coordinates": [73.865389, 18.457764]}, "properties": {"depth": 9.64}}, {"type": "Feature", "geometry": {"type": "Point", "coordinates": [73.865118, 18.45777]}, "properties": {"depth": 12.82}}, {"type": "Feature", "geometry": {"type": "Point", "coordinates": [73.864948, 18.45777]}, "properties": {"depth": 12.82}}, {"type": "Feature", "geometry": {"type": "Point", "coordinates": [73.866115, 18.457777]}, "properties": {"depth": 0.7}}, {"type": "Feature", "geometry": {"type": "Point", "coordinates": [73.865346, 18.457778]}, "properties": {"depth": 9.64}}, {"type": "Feature", "geometry": {"type": "Point", "coordinates": [73.865633, 18.457792]}, "properties": {"depth": 8.06}}, {"type": "Feature", "geometry": {"type": "Point", "coordinates": [73.86588, 18.457804]}, "properties": {"depth": 4.72}}, {"type": "Feature", "geometry": {"type": "Point", "coordinates": [73.865479, 18.457808]}, "properties": {"depth": 8.06}}, {"type": "Feature", "geometry": {"type": "Point", "coordinates": [73.866135, 18.457816]}, "properties": {"depth": 0.7}}, {"type": "Feature", "geometry": {"type": "Point", "coordinates": [73.865992, 18.457819]}, "properties": {"depth": 0.7}}, {"type": "Feature", "geometry": {"type": "Point", "coordinates": [73.86574, 18.457824]}, "properties": {"depth": 4.72}}, {"type": "Feature", "geometry": {"type": "Point", "coordinates": [73.864954, 18.457827]}, "properties": {"depth": 12.82}}, {"type": "Feature", "geometry": {"type": "Point", "coordinates": [73.866164, 18.457871]}, "properties": {"depth": 0.7}}, {"type": "Feature", "geometry": {"type": "Point", "coordinates": [73.866019, 18.457873]}, "properties": {"depth": 0.7}}, {"type": "Feature", "geometry": {"type": "Point", "coordinates": [73.865162, 18.457879]}, "properties": {"depth": 9.64}}, {"type": "Feature", "geometry": {"type": "Point", "coordinates": [73.865934, 18.457888]}, "properties": {"depth": 4.72}}, {"type": "Feature", "geometry": {"type": "Point", "coordinates": [73.865437, 18.45789]}, "properties": {"depth": 8.06}}, {"type": "Feature", "geometry": {"type": "Point", "coordinates": [73.865021, 18.457907]}, "properties": {"depth": 12.82}}, {"type": "Feature", "geometry": {"type": "Point", "coordinates": [73.865694, 18.457928]}, "properties": {"depth": 6.94}}, {"type": "Feature", "geometry": {"type": "Point", "coordinates": [73.86579, 18.457925]}, "properties": {"depth": 4.85}}, {"type": "Feature", "geometry": {"type": "Point", "coordinates": [73.866222, 18.457778]}, "properties": {"depth": 0.7}}, {"type": "Feature", "geometry": {"type": "Point", "coordinates": [73.8662, 18.457936]}, "properties": {"depth": 1.97}}, {"type": "Feature", "geometry": {"type": "Point", "coordinates": [73.86604, 18.457937]}, "properties": {"depth": 1.97}}, {"type": "Feature", "geometry": {"type": "Point", "coordinates": [73.865255, 18.457962]}, "properties": {"depth": 8.23}}, {"type": "Feature", "geometry": {"type": "Point", "coordinates": [73.86607, 18.457995]}, "properties": {"depth": 1.97}}, {"type": "Feature", "geometry": {"type": "Point", "coordinates": [73.86556, 18.457993]}, "properties": {"depth": 6.94}}, {"type": "Feature", "geometry": {"type": "Point", "coordinates": [73.865978, 18.458014]}, "properties": {"depth": 1.97}}, {"type": "Feature", "geometry": {"type": "Point", "coordinates": [73.865013, 18.458034]}, "properties": {"depth": 5.58}}, {"type": "Feature", "geometry": {"type": "Point", "coordinates": [73.865736, 18.458044]}, "properties": {"depth": 4.85}}, {"type": "Feature", "geometry": {"type": "Point", "coordinates": [73.866115, 18.458062]}, "properties": {"depth": 1.97}}, {"type": "Feature", "geometry": {"type": "Point", "coordinates": [73.865867, 18.458082]}, "properties": {"depth": 4.85}}, {"type": "Feature", "geometry": {"type": "Point", "coordinates": [73.866247, 18.45825]}, "properties": {"depth": 2.28}}, {"type": "Feature", "geometry": {"type": "Point", "coordinates": [73.866154, 18.458112]}, "properties": {"depth": 1.97}}, {"type": "Feature", "geometry": {"type": "Point", "coordinates": [73.865331, 18.458107]}, "properties": {"depth": 8.23}}, {"type": "Feature", "geometry": {"type": "Point", "coordinates": [73.864851, 18.458119]}, "properties": {"depth": 11.38}}, {"type": "Feature", "geometry": {"type": "Point", "coordinates": [73.865786, 18.458125]}, "properties": {"depth": 4.85}}, {"type": "Feature", "geometry": {"type": "Point", "coordinates": [73.866041, 18.458132]}, "properties": {"depth": 1.97}}, {"type": "Feature", "geometry": {"type": "Point", "coordinates": [73.865581, 18.458131]}, "properties": {"depth": 6.94}}, {"type": "Feature", "geometry": {"type": "Point", "coordinates": [73.865815, 18.458194]}, "properties": {"depth": 4.85}}, {"type": "Feature", "geometry": {"type": "Point", "coordinates": [73.865649, 18.458207]}, "properties": {"depth": 6.36}}, {"type": "Feature", "geometry": {"type": "Point", "coordinates": [73.865112, 18.458213]}, "properties": {"depth": 5.95}}, {"type": "Feature", "geometry": {"type": "Point", "coordinates": [73.865457, 18.458256]}, "properties": {"depth": 6.36}}, {"type": "Feature", "geometry": {"type": "Point", "coordinates": [73.865353, 18.458267]}, "properties": {"depth": 1.91}}, {"type": "Feature", "geometry": {"type": "Point", "coordinates": [73.864848, 18.458264]}, "properties": {"depth": 11.13}}, {"type": "Feature", "geometry": {"type": "Point", "coordinates": [73.866135, 18.45828]}, "properties": {"depth": 2.28}}, {"type": "Feature", "geometry": {"type": "Point", "coordinates": [73.866012, 18.458311]}, "properties": {"depth": 2.28}}, {"type": "Feature", "geometry": {"type": "Point", "coordinates": [73.865754, 18.458333]}, "properties": {"depth": 4.89}}, {"type": "Feature", "geometry": {"type": "Point", "coordinates": [73.864882, 18.458342]}, "properties": {"depth": 5.95}}, {"type": "Feature", "geometry": {"type": "Point", "coordinates": [73.865658, 18.458365]}, "properties": {"depth": 6.36}}, {"type": "Feature", "geometry": {"type": "Point", "coordinates": [73.865016, 18.458379]}, "properties": {"depth": 5.95}}, {"type": "Feature", "geometry": {"type": "Point", "coordinates": [73.865541, 18.458397]}, "properties": {"depth": 6.36}}, {"type": "Feature", "geometry": {"type": "Point", "coordinates": [73.865432, 18.458427]}, "properties": {"depth": 6.36}}, {"type": "Feature", "geometry": {"type": "Point", "coordinates": [73.866212, 18.458454]}, "properties": {"depth": 2.28}}, {"type": "Feature", "geometry": {"type": "Point", "coordinates": [73.865816, 18.458467]}, "properties": {"depth": 4.89}}, {"type": "Feature", "geometry": {"type": "Point", "coordinates": [73.865095, 18.458511]}, "properties": {"depth": 5.26}}, {"type": "Feature", "geometry": {"type": "Point", "coordinates": [73.865504, 18.458515]}, "properties": {"depth": 0.34}}, {"type": "Feature", "geometry": {"type": "Point", "coordinates": [73.865742, 18.458521]}, "properties": {"depth": 5.9}}, {"type": "Feature", "geometry": {"type": "Point", "coordinates": [73.865869, 18.458551]}, "properties": {"depth": 5.9}}, {"type": "Feature", "geometry": {"type": "Point", "coordinates": [73.864816, 18.45856]}, "properties": {"depth": 10.44}}, {"type": "Feature", "geometry": {"type": "Point", "coordinates": [73.866107, 18.458617]}, "properties": {"depth": 4.65}}, {"type": "Feature", "geometry": {"type": "Point", "coordinates": [73.865895, 18.458703]}, "properties": {"depth": 5.9}}, {"type": "Feature", "geometry": {"type": "Point", "coordinates": [73.865237, 18.458819]}, "properties": {"depth": 1.47}}, {"type": "Feature", "geometry": {"type": "Point", "coordinates": [73.865196, 18.45897]}, "properties": {"depth": 1.47}}, {"type": "Feature", "geometry": {"type": "Point", "coordinates": [73.864926, 18.459274]}, "properties": {"depth": 0.24}}, {"type": "Feature", "geometry": {"type": "Point", "coordinates": [73.860729, 18.458531]}, "properties": {"depth": 0.95}}, {"type": "Feature", "geometry": {"type": "Point", "coordinates": [73.860724, 18.458838]}, "properties": {"depth": 0.41}}, {"type": "Feature", "geometry": {"type": "Point", "coordinates": [73.86123, 18.459784]}, "properties": {"depth": 4.49}}, {"type": "Feature", "geometry": {"type": "Point", "coordinates": [73.861077, 18.459795]}, "properties": {"depth": 4.49}}, {"type": "Feature", "geometry": {"type": "Point", "coordinates": [73.855995, 18.474235]}, "properties": {"depth": 0.62}}, {"type": "Feature", "geometry": {"type": "Point", "coordinates": [73.857479, 18.474816]}, "properties": {"depth": 1.56}}, {"type": "Feature", "geometry": {"type": "Point", "coordinates": [73.854075, 18.474758]}, "properties": {"depth": 0.34}}, {"type": "Feature", "geometry": {"type": "Point", "coordinates": [73.853975, 18.474768]}, "properties": {"depth": 0.82}}, {"type": "Feature", "geometry": {"type": "Point", "coordinates": [73.853857, 18.474772]}, "properties": {"depth": 0.82}}, {"type": "Feature", "geometry": {"type": "Point", "coordinates": [73.854177, 18.474775]}, "properties": {"depth": 0.34}}, {"type": "Feature", "geometry": {"type": "Point", "coordinates": [73.853544, 18.47389]}, "properties": {"depth": 1.44}}, {"type": "Feature", "geometry": {"type": "Point", "coordinates": [73.853546, 18.474029]}, "properties": {"depth": 1.69}}, {"type": "Feature", "geometry": {"type": "Point", "coordinates": [73.853439, 18.474029]}, "properties": {"depth": 2.32}}, {"type": "Feature", "geometry": {"type": "Point", "coordinates": [73.853516, 18.474258]}, "properties": {"depth": 1.69}}, {"type": "Feature", "geometry": {"type": "Point", "coordinates": [73.853401, 18.475018]}, "properties": {"depth": 2.0}}, {"type": "Feature", "geometry": {"type": "Point", "coordinates": [73.853462, 18.47507]}, "properties": {"depth": 2.0}}, {"type": "Feature", "geometry": {"type": "Point", "coordinates": [73.853579, 18.475066]}, "properties": {"depth": 2.38}}, {"type": "Feature", "geometry": {"type": "Point", "coordinates": [73.853753, 18.474806]}, "properties": {"depth": 0.82}}, {"type": "Feature", "geometry": {"type": "Point", "coordinates": [73.853723, 18.475161]}, "properties": {"depth": 3.52}}, {"type": "Feature", "geometry": {"type": "Point", "coordinates": [73.853674, 18.475181]}, "properties": {"depth": 3.52}}, {"type": "Feature", "geometry": {"type": "Point", "coordinates": [73.853707, 18.475228]}, "properties": {"depth": 3.52}}, {"type": "Feature", "geometry": {"type": "Point", "coordinates": [73.853657, 18.475233]}, "properties": {"depth": 3.52}}, {"type": "Feature", "geometry": {"type": "Point", "coordinates": [73.853792, 18.475238]}, "properties": {"depth": 1.92}}, {"type": "Feature", "geometry": {"type": "Point", "coordinates": [73.853784, 18.475304]}, "properties": {"depth": 1.92}}, {"type": "Feature", "geometry": {"type": "Point", "coordinates": [73.853788, 18.475364]}, "properties": {"depth": 1.92}}, {"type": "Feature", "geometry": {"type": "Point", "coordinates": [73.853698, 18.475393]}, "properties": {"depth": 3.52}}, {"type": "Feature", "geometry": {"type": "Point", "coordinates": [73.852667, 18.475325]}, "properties": {"depth": 0.42}}, {"type": "Feature", "geometry": {"type": "Point", "coordinates": [73.852892, 18.475209]}, "properties": {"depth": 0.42}}, {"type": "Feature", "geometry": {"type": "Point", "coordinates": [73.852818, 18.475252]}, "properties": {"depth": 0.42}}, {"type": "Feature", "geometry": {"type": "Point", "coordinates": [73.852736, 18.475271]}, "properties": {"depth": 0.42}}, {"type": "Feature", "geometry": {"type": "Point", "coordinates": [73.853579, 18.475373]}, "properties": {"depth": 3.52}}, {"type": "Feature", "geometry": {"type": "Point", "coordinates": [73.853402, 18.47544]}, "properties": {"depth": 2.92}}, {"type": "Feature", "geometry": {"type": "Point", "coordinates": [73.852925, 18.475472]}, "properties": {"depth": 2.53}}, {"type": "Feature", "geometry": {"type": "Point", "coordinates": [73.853386, 18.475487]}, "properties": {"depth": 2.92}}, {"type": "Feature", "geometry": {"type": "Point", "coordinates": [73.853359, 18.475548]}, "properties": {"depth": 2.92}}, {"type": "Feature", "geometry": {"type": "Point", "coordinates": [73.853249, 18.475675]}, "properties": {"depth": 2.92}}, {"type": "Feature", "geometry": {"type": "Point", "coordinates": [73.852642, 18.475595]}, "properties": {"depth": 1.02}}, {"type": "Feature", "geometry": {"type": "Point", "coordinates": [73.853639, 18.475505]}, "properties": {"depth": 1.43}}, {"type": "Feature", "geometry": {"type": "Point", "coordinates": [73.853703, 18.475513]}, "properties": {"depth": 1.43}}, {"type": "Feature", "geometry": {"type": "Point", "coordinates": [73.853811, 18.475519]}, "properties": {"depth": 0.59}}, {"type": "Feature", "geometry": {"type": "Point", "coordinates": [73.853736, 18.475543]}, "properties": {"depth": 1.43}}, {"type": "Feature", "geometry": {"type": "Point", "coordinates": [73.854153, 18.475728]}, "properties": {"depth": 4.33}}, {"type": "Feature", "geometry": {"type": "Point", "coordinates": [73.853951, 18.475742]}, "properties": {"depth": 4.18}}, {"type": "Feature", "geometry": {"type": "Point", "coordinates": [73.854397, 18.475745]}, "properties": {"depth": 3.86}}, {"type": "Feature", "geometry": {"type": "Point", "coordinates": [73.854088, 18.475782]}, "properties": {"depth": 4.33}}, {"type": "Feature", "geometry": {"type": "Point", "coordinates": [73.854418, 18.475828]}, "properties": {"depth": 3.86}}, {"type": "Feature", "geometry": {"type": "Point", "coordinates": [73.853959, 18.475865]}, "properties": {"depth": 4.18}}, {"type": "Feature", "geometry": {"type": "Point", "coordinates": [73.852256, 18.476005]}, "properties": {"depth": 0.47}}, {"type": "Feature", "geometry": {"type": "Point", "coordinates": [73.856595, 18.474281]}, "properties": {"depth": 0.78}}, {"type": "Feature", "geometry": {"type": "Point", "coordinates": [73.85687, 18.474332]}, "properties": {"depth": 2.27}}, {"type": "Feature", "geometry": {"type": "Point", "coordinates": [73.856814, 18.474762]}, "properties": {"depth": 3.3}}, {"type": "Feature", "geometry": {"type": "Point", "coordinates": [73.856569, 18.474802]}, "properties": {"depth": 1.48}}, {"type": "Feature", "geometry": {"type": "Point", "coordinates": [73.856803, 18.474982]}, "properties": {"depth": 0.79}}, {"type": "Feature", "geometry": {"type": "Point", "coordinates": [73.855712, 18.474521]}, "properties": {"depth": 0.53}}, {"type": "Feature", "geometry": {"type": "Point", "coordinates": [73.855992, 18.474811]}, "properties": {"depth": 0.42}}, {"type": "Feature", "geometry": {"type": "Point", "coordinates": [73.855983, 18.475093]}, "properties": {"depth": 1.95}}, {"type": "Feature", "geometry": {"type": "Point", "coordinates": [73.855363, 18.475188]}, "properties": {"depth": 1.42}}, {"type": "Feature", "geometry": {"type": "Point", "coordinates": [73.855876, 18.475423]}, "properties": {"depth": 0.53}}, {"type": "Feature", "geometry": {"type": "Point", "coordinates": [73.854833, 18.475031]}, "properties": {"depth": 3.23}}, {"type": "Feature", "geometry": {"type": "Point", "coordinates": [73.855175, 18.475264]}, "properties": {"depth": 1.42}}, {"type": "Feature", "geometry": {"type": "Point", "coordinates": [73.854718, 18.47535]}, "properties": {"depth": 3.48}}, {"type": "Feature", "geometry": {"type": "Point", "coordinates": [73.85525, 18.475362]}, "properties": {"depth": 1.42}}, {"type": "Feature", "geometry": {"type": "Point", "coordinates": [73.854636, 18.475467]}, "properties": {"depth": 0.33}}, {"type": "Feature", "geometry": {"type": "Point", "coordinates": [73.854584, 18.475604]}, "properties": {"depth": 0.33}}, {"type": "Feature", "geometry": {"type": "Point", "coordinates": [73.85562, 18.475486]}, "properties": {"depth": 1.61}}, {"type": "Feature", "geometry": {"type": "Point", "coordinates": [73.855674, 18.47557]}, "properties": {"depth": 1.61}}, {"type": "Feature", "geometry": {"type": "Point", "coordinates": [73.855722, 18.475656]}, "properties": {"depth": 0.53}}, {"type": "Feature", "geometry": {"type": "Point", "coordinates": [73.855837, 18.47591]}, "properties": {"depth": 1.5}}, {"type": "Feature", "geometry": {"type": "Point", "coordinates": [73.855912, 18.476009]}, "properties": {"depth": 2.48}}, {"type": "Feature", "geometry": {"type": "Point", "coordinates": [73.855942, 18.47609]}, "properties": {"depth": 2.48}}, {"type": "Feature", "geometry": {"type": "Point", "coordinates": [73.855665, 18.476105]}, "properties": {"depth": 3.7}}, {"type": "Feature", "geometry": {"type": "Point", "coordinates": [73.85551, 18.476132]}, "properties": {"depth": 3.7}}, {"type": "Feature", "geometry": {"type": "Point", "coordinates": [73.857374, 18.475879]}, "properties": {"depth": 0.75}}, {"type": "Feature", "geometry": {"type": "Point", "coordinates": [73.855191, 18.475991]}, "properties": {"depth": 3.5}}, {"type": "Feature", "geometry": {"type": "Point", "coordinates": [73.855084, 18.476026]}, "properties": {"depth": 2.59}}, {"type": "Feature", "geometry": {"type": "Point", "coordinates": [73.854968, 18.476041]}, "properties": {"depth": 2.59}}, {"type": "Feature", "geometry": {"type": "Point", "coordinates": [73.85527, 18.476175]}, "properties": {"depth": 3.5}}, {"type": "Feature", "geometry": {"type": "Point", "coordinates": [73.854644, 18.476218]}, "properties": {"depth": 3.79}}, {"type": "Feature", "geometry": {"type": "Point", "coordinates": [73.855183, 18.476225]}, "properties": {"depth": 3.5}}, {"type": "Feature", "geometry": {"type": "Point", "coordinates": [73.854682, 18.476297]}, "properties": {"depth": 4.68}}, {"type": "Feature", "geometry": {"type": "Point", "coordinates": [73.85502, 18.476409]}, "properties": {"depth": 3.77}}, {"type": "Feature", "geometry": {"type": "Point", "coordinates": [73.856556, 18.475095]}, "properties": {"depth": 0.79}}, {"type": "Feature", "geometry": {"type": "Point", "coordinates": [73.856788, 18.475204]}, "properties": {"depth": 0.88}}, {"type": "Feature", "geometry": {"type": "Point", "coordinates": [73.857055, 18.475249]}, "properties": {"depth": 1.33}}, {"type": "Feature", "geometry": {"type": "Point", "coordinates": [73.856549, 18.475414]}, "properties": {"depth": 0.88}}, {"type": "Feature", "geometry": {"type": "Point", "coordinates": [73.85679, 18.475431]}, "properties": {"depth": 2.63}}, {"type": "Feature", "geometry": {"type": "Point", "coordinates": [73.856239, 18.475435]}, "properties": {"depth": 2.78}}, {"type": "Feature", "geometry": {"type": "Point", "coordinates": [73.857057, 18.475444]}, "properties": {"depth": 2.74}}, {"type": "Feature", "geometry": {"type": "Point", "coordinates": [73.85707, 18.476195]}, "properties": {"depth": 2.63}}, {"type": "Feature", "geometry": {"type": "Point", "coordinates": [73.856902, 18.477408]}, "properties": {"depth": 5.77}}, {"type": "Feature", "geometry": {"type": "Point", "coordinates": [73.856861, 18.477465]}, "properties": {"depth": 5.77}}, {"type": "Feature", "geometry": {"type": "Point", "coordinates": [73.855377, 18.476147]}, "properties": {"depth": 3.5}}, {"type": "Feature", "geometry": {"type": "Point", "coordinates": [73.855986, 18.476184]}, "properties": {"depth": 4.59}}, {"type": "Feature", "geometry": {"type": "Point", "coordinates": [73.855685, 18.476229]}, "properties": {"depth": 3.7}}, {"type": "Feature", "geometry": {"type": "Point", "coordinates": [73.855363, 18.476317]}, "properties": {"depth": 3.88}}, {"type": "Feature", "geometry": {"type": "Point", "coordinates": [73.856064, 18.476562]}, "properties": {"depth": 0.88}}, {"type": "Feature", "geometry": {"type": "Point", "coordinates": [73.855823, 18.476691]}, "properties": {"depth": 1.81}}, {"type": "Feature", "geometry": {"type": "Point", "coordinates": [73.855449, 18.477808]}, "properties": {"depth": 1.46}}, {"type": "Feature", "geometry": {"type": "Point", "coordinates": [73.856056, 18.477919]}, "properties": {"depth": 3.02}}, {"type": "Feature", "geometry": {"type": "Point", "coordinates": [73.855339, 18.478059]}, "properties": {"depth": 4.4}}, {"type": "Feature", "geometry": {"type": "Point", "coordinates": [73.855457, 18.478073]}, "properties": {"depth": 3.12}}, {"type": "Feature", "geometry": {"type": "Point", "coordinates": [73.856763, 18.477689]}, "properties": {"depth": 5.54}}, {"type": "Feature", "geometry": {"type": "Point", "coordinates": [73.85674, 18.47772]}, "properties": {"depth": 5.54}}, {"type": "Feature", "geometry": {"type": "Point", "coordinates": [73.856721, 18.477759]}, "properties": {"depth": 5.54}}, {"type": "Feature", "geometry": {"type": "Point", "coordinates": [73.856696, 18.477785]}, "properties": {"depth": 5.54}}, {"type": "Feature", "geometry": {"type": "Point", "coordinates": [73.85663, 18.477883]}, "properties": {"depth": 5.54}}, {"type": "Feature", "geometry": {"type": "Point", "coordinates": [73.856835, 18.477949]}, "properties": {"depth": 2.52}}, {"type": "Feature", "geometry": {"type": "Point", "coordinates": [73.856585, 18.47794]}, "properties": {"depth": 5.49}}, {"type": "Feature", "geometry": {"type": "Point", "coordinates": [73.856502, 18.478121]}, "properties": {"depth": 4.96}}, {"type": "Feature", "geometry": {"type": "Point", "coordinates": [73.856402, 18.478209]}, "properties": {"depth": 4.3}}, {"type": "Feature", "geometry": {"type": "Point", "coordinates": [73.856734, 18.47823]}, "properties": {"depth": 4.75}}, {"type": "Feature", "geometry": {"type": "Point", "coordinates": [73.851937, 18.476551]}, "properties": {"depth": 0.06}}, {"type": "Feature", "geometry": {"type": "Point", "coordinates": [73.85189, 18.476553]}, "properties": {"depth": 0.06}}, {"type": "Feature", "geometry": {"type": "Point", "coordinates": [73.852128, 18.476571]}, "properties": {"depth": 2.01}}, {"type": "Feature", "geometry": {"type": "Point", "coordinates": [73.851868, 18.476594]}, "properties": {"depth": 0.06}}, {"type": "Feature", "geometry": {"type": "Point", "coordinates": [73.851834, 18.476648]}, "properties": {"depth": 0.06}}, {"type": "Feature", "geometry": {"type": "Point", "coordinates": [73.852445, 18.476661]}, "properties": {"depth": 2.42}}, {"type": "Feature", "geometry": {"type": "Point", "coordinates": [73.852183, 18.476726]}, "properties": {"depth": 2.01}}, {"type": "Feature", "geometry": {"type": "Point", "coordinates": [73.852358, 18.476762]}, "properties": {"depth": 2.01}}, {"type": "Feature", "geometry": {"type": "Point", "coordinates": [73.851909, 18.476789]}, "properties": {"depth": 0.06}}, {"type": "Feature", "geometry": {"type": "Point", "coordinates": [73.854143, 18.475903]}, "properties": {"depth": 4.33}}, {"type": "Feature", "geometry": {"type": "Point", "coordinates": [73.854473, 18.475925]}, "properties": {"depth": 3.86}}, {"type": "Feature", "geometry": {"type": "Point", "coordinates": [73.853978, 18.47593]}, "properties": {"depth": 4.18}}, {"type": "Feature", "geometry": {"type": "Point", "coordinates": [73.85408, 18.475958]}, "properties": {"depth": 4.33}}, {"type": "Feature", "geometry": {"type": "Point", "coordinates": [73.854167, 18.475967]}, "properties": {"depth": 4.33}}, {"type": "Feature", "geometry": {"type": "Point", "coordinates": [73.85409, 18.475989]}, "properties": {"depth": 5.69}}, {"type": "Feature", "geometry": {"type": "Point", "coordinates": [73.854022, 18.476004]}, "properties": {"depth": 4.66}}, {"type": "Feature", "geometry": {"type": "Point", "coordinates": [73.853957, 18.476012]}, "properties": {"depth": 4.66}}, {"type": "Feature", "geometry": {"type": "Point", "coordinates": [73.854131, 18.476019]}, "properties": {"depth": 5.69}}, {"type": "Feature", "geometry": {"type": "Point", "coordinates": [73.854201, 18.476045]}, "properties": {"depth": 5.69}}, {"type": "Feature", "geometry": {"type": "Point", "coordinates": [73.85338, 18.475715]}, "properties": {"depth": 4.65}}, {"type": "Feature", "geometry": {"type": "Point", "coordinates": [73.853255, 18.475771]}, "properties": {"depth": 4.65}}, {"type": "Feature", "geometry": {"type": "Point", "coordinates": [73.853357, 18.475809]}, "properties": {"depth": 4.65}}, {"type": "Feature", "geometry": {"type": "Point", "coordinates": [73.852959, 18.47586]}, "properties": {"depth": 3.74}}, {"type": "Feature", "geometry": {"type": "Point", "coordinates": [73.852904, 18.476099]}, "properties": {"depth": 0.2}}, {"type": "Feature", "geometry": {"type": "Point", "coordinates": [73.853235, 18.476173]}, "properties": {"depth": 1.89}}, {"type": "Feature", "geometry": {"type": "Point", "coordinates": [73.853544, 18.476205]}, "properties": {"depth": 3.62}}, {"type": "Feature", "geometry": {"type": "Point", "coordinates": [73.852882, 18.476186]}, "properties": {"depth": 0.2}}, {"type": "Feature", "geometry": {"type": "Point", "coordinates": [73.852857, 18.476261]}, "properties": {"depth": 3.36}}, {"type": "Feature", "geometry": {"type": "Point", "coordinates": [73.853201, 18.476318]}, "properties": {"depth": 3.77}}, {"type": "Feature", "geometry": {"type": "Point", "coordinates": [73.85397, 18.476047]}, "properties": {"depth": 4.66}}, {"type": "Feature", "geometry": {"type": "Point", "coordinates": [73.854092, 18.476055]}, "properties": {"depth": 5.69}}, {"type": "Feature", "geometry": {"type": "Point", "coordinates": [73.854041, 18.476064]}, "properties": {"depth": 5.69}}, {"type": "Feature", "geometry": {"type": "Point", "coordinates": [73.854147, 18.476072]}, "properties": {"depth": 5.69}}, {"type": "Feature", "geometry": {"type": "Point", "coordinates": [73.853989, 18.476089]}, "properties": {"depth": 4.66}}, {"type": "Feature", "geometry": {"type": "Point", "coordinates": [73.854061, 18.476099]}, "properties": {"depth": 5.69}}, {"type": "Feature", "geometry": {"type": "Point", "coordinates": [73.85439, 18.476115]}, "properties": {"depth": 5.19}}, {"type": "Feature", "geometry": {"type": "Point", "coordinates": [73.854002, 18.476127]}, "properties": {"depth": 4.66}}, {"type": "Feature", "geometry": {"type": "Point", "coordinates": [73.854383, 18.476149]}, "properties": {"depth": 5.19}}, {"type": "Feature", "geometry": {"type": "Point", "coordinates": [73.854098, 18.476151]}, "properties": {"depth": 5.69}}, {"type": "Feature", "geometry": {"type": "Point", "coordinates": [73.85433, 18.476167]}, "properties": {"depth": 5.19}}, {"type": "Feature", "geometry": {"type": "Point", "coordinates": [73.854063, 18.476168]}, "properties": {"depth": 5.69}}, {"type": "Feature", "geometry": {"type": "Point", "coordinates": [73.854021, 18.476174]}, "properties": {"depth": 4.66}}, {"type": "Feature", "geometry": {"type": "Point", "coordinates": [73.854373, 18.476183]}, "properties": {"depth": 5.19}}, {"type": "Feature", "geometry": {"type": "Point", "coordinates": [73.854338, 18.476196]}, "properties": {"depth": 5.19}}, {"type": "Feature", "geometry": {"type": "Point", "coordinates": [73.854127, 18.476203]}, "properties": {"depth": 5.69}}, {"type": "Feature", "geometry": {"type": "Point", "coordinates": [73.854273, 18.47621]}, "properties": {"depth": 5.69}}, {"type": "Feature", "geometry": {"type": "Point", "coordinates": [73.854199, 18.476234]}, "properties": {"depth": 5.69}}, {"type": "Feature", "geometry": {"type": "Point", "coordinates": [73.854112, 18.476251]}, "properties": {"depth": 5.9}}, {"type": "Feature", "geometry": {"type": "Point", "coordinates": [73.854296, 18.476259]}, "properties": {"depth": 5.9}}, {"type": "Feature", "geometry": {"type": "Point", "coordinates": [73.852214, 18.476316]}, "properties": {"depth": 1.25}}, {"type": "Feature", "geometry": {"type": "Point", "coordinates": [73.852289, 18.476347]}, "properties": {"depth": 1.25}}, {"type": "Feature", "geometry": {"type": "Point", "coordinates": [73.852335, 18.476355]}, "properties": {"depth": 1.25}}, {"type": "Feature", "geometry": {"type": "Point", "coordinates": [73.852467, 18.476368]}, "properties": {"depth": 2.44}}, {"type": "Feature", "geometry": {"type": "Point", "coordinates": [73.852108, 18.476398]}, "properties": {"depth": 1.25}}, {"type": "Feature", "geometry": {"type": "Point", "coordinates": [73.852199, 18.476422]}, "properties": {"depth": 1.25}}, {"type": "Feature", "geometry": {"type": "Point", "coordinates": [73.852664, 18.476433]}, "properties": {"depth": 3.36}}, {"type": "Feature", "geometry": {"type": "Point", "coordinates": [73.852281, 18.476448]}, "properties": {"depth": 1.25}}, {"type": "Feature", "geometry": {"type": "Point", "coordinates": [73.852368, 18.476456]}, "properties": {"depth": 2.44}}, {"type": "Feature", "geometry": {"type": "Point", "coordinates": [73.852541, 18.476459]}, "properties": {"depth": 2.44}}, {"type": "Feature", "geometry": {"type": "Point", "coordinates": [73.852444, 18.476504]}, "properties": {"depth": 2.44}}, {"type": "Feature", "geometry": {"type": "Point", "coordinates": [73.852629, 18.476537]}, "properties": {"depth": 2.42}}, {"type": "Feature", "geometry": {"type": "Point", "coordinates": [73.854047, 18.476259]}, "properties": {"depth": 5.9}}, {"type": "Feature", "geometry": {"type": "Point", "coordinates": [73.854251, 18.476268]}, "properties": {"depth": 5.9}}, {"type": "Feature", "geometry": {"type": "Point", "coordinates": [73.8544, 18.476291]}, "properties": {"depth": 5.66}}, {"type": "Feature", "geometry": {"type": "Point", "coordinates": [73.854279, 18.476299]}, "properties": {"depth": 5.9}}, {"type": "Feature", "geometry": {"type": "Point", "coordinates": [73.854206, 18.476298]}, "properties": {"depth": 5.9}}, {"type": "Feature", "geometry": {"type": "Point", "coordinates": [73.854329, 18.476324]}, "properties": {"depth": 5.66}}, {"type": "Feature", "geometry": {"type": "Point", "coordinates": [73.854125, 18.476351]}, "properties": {"depth": 5.9}}, {"type": "Feature", "geometry": {"type": "Point", "coordinates": [73.854264, 18.476366]}, "properties": {"depth": 5.9}}, {"type": "Feature", "geometry": {"type": "Point", "coordinates": [73.854269, 18.476456]}, "properties": {"depth": 5.9}}, {"type": "Feature", "geometry": {"type": "Point", "coordinates": [73.853715, 18.476696]}, "properties": {"depth": 5.4}}, {"type": "Feature", "geometry": {"type": "Point", "coordinates": [73.85337, 18.476323]}, "properties": {"depth": 3.77}}, {"type": "Feature", "geometry": {"type": "Point", "coordinates": [73.853073, 18.476343]}, "properties": {"depth": 3.02}}, {"type": "Feature", "geometry": {"type": "Point", "coordinates": [73.853438, 18.476393]}, "properties": {"depth": 3.77}}, {"type": "Feature", "geometry": {"type": "Point", "coordinates": [73.853371, 18.476399]}, "properties": {"depth": 3.77}}, {"type": "Feature", "geometry": {"type": "Point", "coordinates": [73.852767, 18.476526]}, "properties": {"depth": 3.36}}, {"type": "Feature", "geometry": {"type": "Point", "coordinates": [73.853569, 18.476625]}, "properties": {"depth": 5.4}}, {"type": "Feature", "geometry": {"type": "Point", "coordinates": [73.853447, 18.476635]}, "properties": {"depth": 5.4}}, {"type": "Feature", "geometry": {"type": "Point", "coordinates": [73.853349, 18.476679]}, "properties": {"depth": 5.4}}, {"type": "Feature", "geometry": {"type": "Point", "coordinates": [73.852922, 18.477132]}, "properties": {"depth": 3.72}}, {"type": "Feature", "geometry": {"type": "Point", "coordinates": [73.852989, 18.47716]}, "properties": {"depth": 3.72}}, {"type": "Feature", "geometry": {"type": "Point", "coordinates": [73.853975, 18.476758]}, "properties": {"depth": 6.37}}, {"type": "Feature", "geometry": {"type": "Point", "coordinates": [73.854219, 18.477182]}, "properties": {"depth": 4.05}}, {"type": "Feature", "geometry": {"type": "Point", "coordinates": [73.853753, 18.477318]}, "properties": {"depth": 5.17}}, {"type": "Feature", "geometry": {"type": "Point", "coordinates": [73.853885, 18.477629]}, "properties": {"depth": 7.55}}, {"type": "Feature", "geometry": {"type": "Point", "coordinates": [73.854133, 18.477648]}, "properties": {"depth": 6.51}}, {"type": "Feature", "geometry": {"type": "Point", "coordinates": [73.853784, 18.477694]}, "properties": {"depth": 5.98}}, {"type": "Feature", "geometry": {"type": "Point", "coordinates": [73.853742, 18.477805]}, "properties": {"depth": 5.01}}, {"type": "Feature", "geometry": {"type": "Point", "coordinates": [73.853842, 18.477832]}, "properties": {"depth": 5.98}}, {"type": "Feature", "geometry": {"type": "Point", "coordinates": [73.854085, 18.47786]}, "properties": {"depth": 6.51}}, {"type": "Feature", "geometry": {"type": "Point", "coordinates": [73.85425, 18.477867]}, "properties": {"depth": 6.51}}, {"type": "Feature", "geometry": {"type": "Point", "coordinates": [73.854749, 18.47643]}, "properties": {"depth": 4.68}}, {"type": "Feature", "geometry": {"type": "Point", "coordinates": [73.854538, 18.476507]}, "properties": {"depth": 5.66}}, {"type": "Feature", "geometry": {"type": "Point", "coordinates": [73.854738, 18.477673]}, "properties": {"depth": 4.83}}, {"type": "Feature", "geometry": {"type": "Point", "coordinates": [73.854903, 18.477685]}, "properties": {"depth": 5.63}}, {"type": "Feature", "geometry": {"type": "Point", "coordinates": [73.854864, 18.477821]}, "properties": {"depth": 5.63}}, {"type": "Feature", "geometry": {"type": "Point", "coordinates": [73.85486, 18.477997]}, "properties": {"depth": 4.84}}, {"type": "Feature", "geometry": {"type": "Point", "coordinates": [73.855108, 18.478035]}, "properties": {"depth": 5.46}}, {"type": "Feature", "geometry": {"type": "Point", "coordinates": [73.855222, 18.478036]}, "properties": {"depth": 4.4}}, {"type": "Feature", "geometry": {"type": "Point", "coordinates": [73.854603, 18.478299]}, "properties": {"depth": 5.88}}, {"type": "Feature", "geometry": {"type": "Point", "coordinates": [73.855201, 18.478432]}, "properties": {"depth": 4.08}}, {"type": "Feature", "geometry": {"type": "Point", "coordinates": [73.852139, 18.476888]}, "properties": {"depth": 1.0}}, {"type": "Feature", "geometry": {"type": "Point", "coordinates": [73.852217, 18.476918]}, "properties": {"depth": 1.0}}, {"type": "Feature", "geometry": {"type": "Point", "coordinates": [73.852146, 18.477023]}, "properties": {"depth": 1.0}}, {"type": "Feature", "geometry": {"type": "Point", "coordinates": [73.852367, 18.477953]}, "properties": {"depth": 0.96}}, {"type": "Feature", "geometry": {"type": "Point", "coordinates": [73.852481, 18.477979]}, "properties": {"depth": 0.96}}, {"type": "Feature", "geometry": {"type": "Point", "coordinates": [73.853118, 18.477453]}, "properties": {"depth": 1.59}}, {"type": "Feature", "geometry": {"type": "Point", "coordinates": [73.853223, 18.477471]}, "properties": {"depth": 3.94}}, {"type": "Feature", "geometry": {"type": "Point", "coordinates": [73.853418, 18.477539]}, "properties": {"depth": 3.94}}, {"type": "Feature", "geometry": {"type": "Point", "coordinates": [73.853104, 18.477578]}, "properties": {"depth": 1.59}}, {"type": "Feature", "geometry": {"type": "Point", "coordinates": [73.853188, 18.4776]}, "properties": {"depth": 1.59}}, {"type": "Feature", "geometry": {"type": "Point", "coordinates": [73.853401, 18.477644]}, "properties": {"depth": 4.36}}, {"type": "Feature", "geometry": {"type": "Point", "coordinates": [73.85358, 18.477691]}, "properties": {"depth": 5.01}}, {"type": "Feature", "geometry": {"type": "Point", "coordinates": [73.852774, 18.477713]}, "properties": {"depth": 0.47}}, {"type": "Feature", "geometry": {"type": "Point", "coordinates": [73.852861, 18.477741]}, "properties": {"depth": 0.47}}, {"type": "Feature", "geometry": {"type": "Point", "coordinates": [73.853061, 18.477753]}, "properties": {"depth": 0.23}}, {"type": "Feature", "geometry": {"type": "Point", "coordinates": [73.85408, 18.477975]}, "properties": {"depth": 4.31}}, {"type": "Feature", "geometry": {"type": "Point", "coordinates": [73.854036, 18.478096]}, "properties": {"depth": 4.31}}, {"type": "Feature", "geometry": {"type": "Point", "coordinates": [73.854196, 18.478121]}, "properties": {"depth": 4.31}}, {"type": "Feature", "geometry": {"type": "Point", "coordinates": [73.854359, 18.478236]}, "properties": {"depth": 5.32}}, {"type": "Feature", "geometry": {"type": "Point", "coordinates": [73.853611, 18.478309]}, "properties": {"depth": 6.19}}, {"type": "Feature", "geometry": {"type": "Point", "coordinates": [73.853964, 18.478368]}, "properties": {"depth": 5.73}}, {"type": "Feature", "geometry": {"type": "Point", "coordinates": [73.85412, 18.478406]}, "properties": {"depth": 4.03}}, {"type": "Feature", "geometry": {"type": "Point", "coordinates": [73.854301, 18.478451]}, "properties": {"depth": 4.03}}, {"type": "Feature", "geometry": {"type": "Point", "coordinates": [73.854421, 18.478468]}, "properties": {"depth": 5.32}}, {"type": "Feature", "geometry": {"type": "Point", "coordinates": [73.85393, 18.47847]}, "properties": {"depth": 5.73}}, {"type": "Feature", "geometry": {"type": "Point", "coordinates": [73.853183, 18.477791]}, "properties": {"depth": 0.23}}, {"type": "Feature", "geometry": {"type": "Point", "coordinates": [73.85355, 18.47786]}, "properties": {"depth": 5.01}}, {"type": "Feature", "geometry": {"type": "Point", "coordinates": [73.853138, 18.477876]}, "properties": {"depth": 0.23}}, {"type": "Feature", "geometry": {"type": "Point", "coordinates": [73.853321, 18.477927]}, "properties": {"depth": 1.37}}, {"type": "Feature", "geometry": {"type": "Point", "coordinates": [73.852733, 18.477937]}, "properties": {"depth": 2.1}}, {"type": "Feature", "geometry": {"type": "Point", "coordinates": [73.852818, 18.477977]}, "properties": {"depth": 2.1}}, {"type": "Feature", "geometry": {"type": "Point", "coordinates": [73.853291, 18.478579]}, "properties": {"depth": 5.54}}, {"type": "Feature", "geometry": {"type": "Point", "coordinates": [73.853445, 18.478621]}, "properties": {"depth": 5.54}}, {"type": "Feature", "geometry": {"type": "Point", "coordinates": [73.853244, 18.4787]}, "properties": {"depth": 5.54}}, {"type": "Feature", "geometry": {"type": "Point", "coordinates": [73.85341, 18.478738]}, "properties": {"depth": 5.54}}, {"type": "Feature", "geometry": {"type": "Point", "coordinates": [73.854084, 18.478523]}, "properties": {"depth": 1.94}}, {"type": "Feature", "geometry": {"type": "Point", "coordinates": [73.854275, 18.478583]}, "properties": {"depth": 1.94}}, {"type": "Feature", "geometry": {"type": "Point", "coordinates": [73.853924, 18.478589]}, "properties": {"depth": 5.48}}, {"type": "Feature", "geometry": {"type": "Point", "coordinates": [73.854389, 18.478603]}, "properties": {"depth": 3.74}}, {"type": "Feature", "geometry": {"type": "Point", "coordinates": [73.853619, 18.478654]}, "properties": {"depth": 5.5}}, {"type": "Feature", "geometry": {"type": "Point", "coordinates": [73.853881, 18.478688]}, "properties": {"depth": 5.48}}, {"type": "Feature", "geometry": {"type": "Point", "coordinates": [73.855571, 18.478083]}, "properties": {"depth": 3.12}}, {"type": "Feature", "geometry": {"type": "Point", "coordinates": [73.855688, 18.478092]}, "properties": {"depth": 3.12}}, {"type": "Feature", "geometry": {"type": "Point", "coordinates": [73.85579, 18.47811]}, "properties": {"depth": 2.28}}, {"type": "Feature", "geometry": {"type": "Point", "coordinates": [73.855925, 18.478119]}, "properties": {"depth": 2.28}}, {"type": "Feature", "geometry": {"type": "Point", "coordinates": [73.856069, 18.478134]}, "properties": {"depth": 3.02}}, {"type": "Feature", "geometry": {"type": "Point", "coordinates": [73.855333, 18.478255]}, "properties": {"depth": 4.08}}, {"type": "Feature", "geometry": {"type": "Point", "coordinates": [73.855424, 18.47827]}, "properties": {"depth": 3.39}}, {"type": "Feature", "geometry": {"type": "Point", "coordinates": [73.855574, 18.478282]}, "properties": {"depth": 3.39}}, {"type": "Feature", "geometry": {"type": "Point", "coordinates": [73.855687, 18.478298]}, "properties": {"depth": 3.39}}, {"type": "Feature", "geometry": {"type": "Point", "coordinates": [73.8558, 18.478314]}, "properties": {"depth": 4.12}}, {"type": "Feature", "geometry": {"type": "Point", "coordinates": [73.855998, 18.478325]}, "properties": {"depth": 5.13}}, {"type": "Feature", "geometry": {"type": "Point", "coordinates": [73.855911, 18.478326]}, "properties": {"depth": 4.12}}, {"type": "Feature", "geometry": {"type": "Point", "coordinates": [73.855421, 18.478426]}, "properties": {"depth": 3.39}}, {"type": "Feature", "geometry": {"type": "Point", "coordinates": [73.855321, 18.478454]}, "properties": {"depth": 4.08}}, {"type": "Feature", "geometry": {"type": "Point", "coordinates": [73.855548, 18.478463]}, "properties": {"depth": 3.39}}, {"type": "Feature", "geometry": {"type": "Point", "coordinates": [73.856166, 18.478471]}, "properties": {"depth": 5.13}}, {"type": "Feature", "geometry": {"type": "Point", "coordinates": [73.855646, 18.478473]}, "properties": {"depth": 3.8}}, {"type": "Feature", "geometry": {"type": "Point", "coordinates": [73.855407, 18.478649]}, "properties": {"depth": 3.52}}, {"type": "Feature", "geometry": {"type": "Point", "coordinates": [73.855524, 18.478672]}, "properties": {"depth": 3.8}}, {"type": "Feature", "geometry": {"type": "Point", "coordinates": [73.856424, 18.478272]}, "properties": {"depth": 4.3}}, {"type": "Feature", "geometry": {"type": "Point", "coordinates": [73.856353, 18.478379]}, "properties": {"depth": 4.3}}, {"type": "Feature", "geometry": {"type": "Point", "coordinates": [73.856244, 18.478403]}, "properties": {"depth": 5.13}}, {"type": "Feature", "geometry": {"type": "Point", "coordinates": [73.856222, 18.478432]}, "properties": {"depth": 5.13}}, {"type": "Feature", "geometry": {"type": "Point", "coordinates": [73.85632, 18.478438]}, "properties": {"depth": 4.3}}, {"type": "Feature", "geometry": {"type": "Point", "coordinates": [73.856196, 18.478456]}, "properties": {"depth": 5.13}}, {"type": "Feature", "geometry": {"type": "Point", "coordinates": [73.855654, 18.478686]}, "properties": {"depth": 3.8}}, {"type": "Feature", "geometry": {"type": "Point", "coordinates": [73.854607, 18.47851]}, "properties": {"depth": 2.43}}, {"type": "Feature", "geometry": {"type": "Point", "coordinates": [73.855178, 18.478626]}, "properties": {"depth": 3.52}}, {"type": "Feature", "geometry": {"type": "Point", "coordinates": [73.854525, 18.478632]}, "properties": {"depth": 3.74}}, {"type": "Feature", "geometry": {"type": "Point", "coordinates": [73.855292, 18.478641]}, "properties": {"depth": 3.52}}, {"type": "Feature", "geometry": {"type": "Point", "coordinates": [73.962851, 18.48185]}, "properties": {"depth": 0.31}}, {"type": "Feature", "geometry": {"type": "Point", "coordinates": [73.962889, 18.481891]}, "properties": {"depth": 0.31}}, {"type": "Feature", "geometry": {"type": "Point", "coordinates": [73.962801, 18.481935]}, "properties": {"depth": 0.31}}, {"type": "Feature", "geometry": {"type": "Point", "coordinates": [73.963218, 18.482097]}, "properties": {"depth": 0.69}}, {"type": "Feature", "geometry": {"type": "Point", "coordinates": [73.966871, 18.483474]}, "properties": {"depth": 1.31}}, {"type": "Feature", "geometry": {"type": "Point", "coordinates": [73.966073, 18.483764]}, "properties": {"depth": 0.68}}, {"type": "Feature", "geometry": {"type": "Point", "coordinates": [73.966946, 18.484099]}, "properties": {"depth": 2.89}}, {"type": "Feature", "geometry": {"type": "Point", "coordinates": [73.966134, 18.48419]}, "properties": {"depth": 1.83}}, {"type": "Feature", "geometry": {"type": "Point", "coordinates": [73.960366, 18.48239]}, "properties": {"depth": 1.84}}, {"type": "Feature", "geometry": {"type": "Point", "coordinates": [73.95962, 18.482443]}, "properties": {"depth": 0.85}}, {"type": "Feature", "geometry": {"type": "Point", "coordinates": [73.960446, 18.48257]}, "properties": {"depth": 1.82}}, {"type": "Feature", "geometry": {"type": "Point", "coordinates": [73.959926, 18.482588]}, "properties": {"depth": 0.31}}, {"type": "Feature", "geometry": {"type": "Point", "coordinates": [73.959673, 18.482645]}, "properties": {"depth": 1.82}}, {"type": "Feature", "geometry": {"type": "Point", "coordinates": [73.960467, 18.482792]}, "properties": {"depth": 2.0}}, {"type": "Feature", "geometry": {"type": "Point", "coordinates": [73.960832, 18.483131]}, "properties": {"depth": 3.83}}, {"type": "Feature", "geometry": {"type": "Point", "coordinates": [73.959924, 18.483233]}, "properties": {"depth": 4.52}}, {"type": "Feature", "geometry": {"type": "Point", "coordinates": [73.959763, 18.483236]}, "properties": {"depth": 4.06}}, {"type": "Feature", "geometry": {"type": "Point", "coordinates": [73.957692, 18.48273]}, "properties": {"depth": 0.4}}, {"type": "Feature", "geometry": {"type": "Point", "coordinates": [73.959322, 18.482972]}, "properties": {"depth": 3.67}}, {"type": "Feature", "geometry": {"type": "Point", "coordinates": [73.959524, 18.483133]}, "properties": {"depth": 3.67}}, {"type": "Feature", "geometry": {"type": "Point", "coordinates": [73.958853, 18.48332]}, "properties": {"depth": 2.39}}, {"type": "Feature", "geometry": {"type": "Point", "coordinates": [73.958918, 18.484218]}, "properties": {"depth": 1.8}}, {"type": "Feature", "geometry": {"type": "Point", "coordinates": [73.958788, 18.48464]}, "properties": {"depth": 1.43}}, {"type": "Feature", "geometry": {"type": "Point", "coordinates": [73.95831, 18.484831]}, "properties": {"depth": 0.09}}, {"type": "Feature", "geometry": {"type": "Point", "coordinates": [73.95942, 18.485017]}, "properties": {"depth": 2.55}}, {"type": "Feature", "geometry": {"type": "Point", "coordinates": [73.960325, 18.483274]}, "properties": {"depth": 4.96}}, {"type": "Feature", "geometry": {"type": "Point", "coordinates": [73.95988, 18.484492]}, "properties": {"depth": 4.38}}, {"type": "Feature", "geometry": {"type": "Point", "coordinates": [73.960189, 18.485258]}, "properties": {"depth": 2.53}}, {"type": "Feature", "geometry": {"type": "Point", "coordinates": [73.96034, 18.4856]}, "properties": {"depth": 2.94}}, {"type": "Feature", "geometry": {"type": "Point", "coordinates": [73.960134, 18.485741]}, "properties": {"depth": 2.42}}, {"type": "Feature", "geometry": {"type": "Point", "coordinates": [73.959823, 18.486222]}, "properties": {"depth": 0.8}}, {"type": "Feature", "geometry": {"type": "Point", "coordinates": [73.959963, 18.486519]}, "properties": {"depth": 1.26}}, {"type": "Feature", "geometry": {"type": "Point", "coordinates": [73.959863, 18.486537]}, "properties": {"depth": 0.48}}, {"type": "Feature", "geometry": {"type": "Point", "coordinates": [73.960332, 18.48673]}, "properties": {"depth": 1.35}}, {"type": "Feature", "geometry": {"type": "Point", "coordinates": [73.959508, 18.486208]}, "properties": {"depth": 0.08}}, {"type": "Feature", "geometry": {"type": "Point", "coordinates": [73.967045, 18.484464]}, "properties": {"depth": 3.22}}, {"type": "Feature", "geometry": {"type": "Point", "coordinates": [73.966117, 18.484526]}, "properties": {"depth": 2.64}}, {"type": "Feature", "geometry": {"type": "Point", "coordinates": [73.96706, 18.484775]}, "properties": {"depth": 3.66}}, {"type": "Feature", "geometry": {"type": "Point", "coordinates": [73.966143, 18.484813]}, "properties": {"depth": 3.33}}, {"type": "Feature", "geometry": {"type": "Point", "coordinates": [73.966367, 18.485155]}, "properties": {"depth": 4.13}}, {"type": "Feature", "geometry": {"type": "Point", "coordinates": [73.966288, 18.485435]}, "properties": {"depth": 4.19}}, {"type": "Feature", "geometry": {"type": "Point", "coordinates": [73.966801, 18.485655]}, "properties": {"depth": 4.69}}, {"type": "Feature", "geometry": {"type": "Point", "coordinates": [73.967269, 18.485796]}, "properties": {"depth": 5.19}}, {"type": "Feature", "geometry": {"type": "Point", "coordinates": [73.966945, 18.48603]}, "properties": {"depth": 6.07}}, {"type": "Feature", "geometry": {"type": "Point", "coordinates": [73.969014, 18.487057]}, "properties": {"depth": 4.41}}, {"type": "Feature", "geometry": {"type": "Point", "coordinates": [73.967768, 18.487222]}, "properties": {"depth": 2.17}}, {"type": "Feature", "geometry": {"type": "Point", "coordinates": [73.968081, 18.487564]}, "properties": {"depth": 1.96}}, {"type": "Feature", "geometry": {"type": "Point", "coordinates": [73.967559, 18.487624]}, "properties": {"depth": 2.77}}, {"type": "Feature", "geometry": {"type": "Point", "coordinates": [73.967818, 18.487695]}, "properties": {"depth": 2.11}}, {"type": "Feature", "geometry": {"type": "Point", "coordinates": [73.968452, 18.487758]}, "properties": {"depth": 0.99}}, {"type": "Feature", "geometry": {"type": "Point", "coordinates": [73.967807, 18.488177]}, "properties": {"depth": 4.87}}, {"type": "Feature", "geometry": {"type": "Point", "coordinates": [73.968433, 18.488204]}, "properties": {"depth": 1.26}}, {"type": "Feature", "geometry": {"type": "Point", "coordinates": [73.968816, 18.488307]}, "properties": {"depth": 5.32}}, {"type": "Feature", "geometry": {"type": "Point", "coordinates": [73.968908, 18.488733]}, "properties": {"depth": 0.21}}, {"type": "Feature", "geometry": {"type": "Point", "coordinates": [73.968413, 18.488771]}, "properties": {"depth": 1.16}}, {"type": "Feature", "geometry": {"type": "Point", "coordinates": [73.967378, 18.488833]}, "properties": {"depth": 4.95}}, {"type": "Feature", "geometry": {"type": "Point", "coordinates": [73.96737, 18.489222]}, "properties": {"depth": 3.74}}, {"type": "Feature", "geometry": {"type": "Point", "coordinates": [73.967962, 18.489374]}, "properties": {"depth": 1.06}}, {"type": "Feature", "geometry": {"type": "Point", "coordinates": [73.967376, 18.489774]}, "properties": {"depth": 1.96}}, {"type": "Feature", "geometry": {"type": "Point", "coordinates": [73.925029, 18.496546]}, "properties": {"depth": 0.82}}, {"type": "Feature", "geometry": {"type": "Point", "coordinates": [73.925328, 18.496579]}, "properties": {"depth": 0.9}}, {"type": "Feature", "geometry": {"type": "Point", "coordinates": [73.927086, 18.496971]}, "properties": {"depth": 1.78}}, {"type": "Feature", "geometry": {"type": "Point", "coordinates": [73.926973, 18.496972]}, "properties": {"depth": 0.29}}, {"type": "Feature", "geometry": {"type": "Point", "coordinates": [73.926822, 18.496975]}, "properties": {"depth": 0.29}}, {"type": "Feature", "geometry": {"type": "Point", "coordinates": [73.926716, 18.496985]}, "properties": {"depth": 0.98}}, {"type": "Feature", "geometry": {"type": "Point", "coordinates": [73.926305, 18.496988]}, "properties": {"depth": 0.35}}, {"type": "Feature", "geometry": {"type": "Point", "coordinates": [73.92656, 18.496989]}, "properties": {"depth": 0.98}}, {"type": "Feature", "geometry": {"type": "Point", "coordinates": [73.926163, 18.496989]}, "properties": {"depth": 0.83}}, {"type": "Feature", "geometry": {"type": "Point", "coordinates": [73.926418, 18.496995]}, "properties": {"depth": 0.35}}, {"type": "Feature", "geometry": {"type": "Point", "coordinates": [73.927558, 18.496833]}, "properties": {"depth": 0.17}}, {"type": "Feature", "geometry": {"type": "Point", "coordinates": [73.927442, 18.496836]}, "properties": {"depth": 0.17}}, {"type": "Feature", "geometry": {"type": "Point", "coordinates": [73.927319, 18.496836]}, "properties": {"depth": 1.78}}, {"type": "Feature", "geometry": {"type": "Point", "coordinates": [73.927617, 18.49727]}, "properties": {"depth": 1.27}}, {"type": "Feature", "geometry": {"type": "Point", "coordinates": [73.927379, 18.49727]}, "properties": {"depth": 1.27}}, {"type": "Feature", "geometry": {"type": "Point", "coordinates": [73.927505, 18.497271]}, "properties": {"depth": 1.27}}, {"type": "Feature", "geometry": {"type": "Point", "coordinates": [73.924951, 18.496613]}, "properties": {"depth": 0.82}}, {"type": "Feature", "geometry": {"type": "Point", "coordinates": [73.925286, 18.49666]}, "properties": {"depth": 0.9}}, {"type": "Feature", "geometry": {"type": "Point", "coordinates": [73.924877, 18.496679]}, "properties": {"depth": 0.82}}, {"type": "Feature", "geometry": {"type": "Point", "coordinates": [73.925513, 18.49671]}, "properties": {"depth": 0.73}}, {"type": "Feature", "geometry": {"type": "Point", "coordinates": [73.92521, 18.49672]}, "properties": {"depth": 0.9}}, {"type": "Feature", "geometry": {"type": "Point", "coordinates": [73.92523, 18.497356]}, "properties": {"depth": 2.22}}, {"type": "Feature", "geometry": {"type": "Point", "coordinates": [73.924874, 18.497377]}, "properties": {"depth": 1.51}}, {"type": "Feature", "geometry": {"type": "Point", "coordinates": [73.925295, 18.497504]}, "properties": {"depth": 2.49}}, {"type": "Feature", "geometry": {"type": "Point", "coordinates": [73.923704, 18.497747]}, "properties": {"depth": 2.67}}, {"type": "Feature", "geometry": {"type": "Point", "coordinates": [73.923682, 18.497835]}, "properties": {"depth": 2.67}}, {"type": "Feature", "geometry": {"type": "Point", "coordinates": [73.923625, 18.497927]}, "properties": {"depth": 1.42}}, {"type": "Feature", "geometry": {"type": "Point", "coordinates": [73.923598, 18.498004]}, "properties": {"depth": 1.42}}, {"type": "Feature", "geometry": {"type": "Point", "coordinates": [73.927285, 18.497276]}, "properties": {"depth": 2.73}}, {"type": "Feature", "geometry": {"type": "Point", "coordinates": [73.927977, 18.497326]}, "properties": {"depth": 2.27}}, {"type": "Feature", "geometry": {"type": "Point", "coordinates": [73.927373, 18.497402]}, "properties": {"depth": 3.14}}, {"type": "Feature", "geometry": {"type": "Point", "coordinates": [73.927278, 18.497408]}, "properties": {"depth": 4.12}}, {"type": "Feature", "geometry": {"type": "Point", "coordinates": [73.927492, 18.49741]}, "properties": {"depth": 3.14}}, {"type": "Feature", "geometry": {"type": "Point", "coordinates": [73.927611, 18.497413]}, "properties": {"depth": 3.14}}, {"type": "Feature", "geometry": {"type": "Point", "coordinates": [73.927696, 18.497408]}, "properties": {"depth": 4.43}}, {"type": "Feature", "geometry": {"type": "Point", "coordinates": [73.927281, 18.497541]}, "properties": {"depth": 4.12}}, {"type": "Feature", "geometry": {"type": "Point", "coordinates": [73.927379, 18.497538]}, "properties": {"depth": 3.14}}, {"type": "Feature", "geometry": {"type": "Point", "coordinates": [73.927498, 18.49755]}, "properties": {"depth": 3.14}}, {"type": "Feature", "geometry": {"type": "Point", "coordinates": [73.926803, 18.497394]}, "properties": {"depth": 4.25}}, {"type": "Feature", "geometry": {"type": "Point", "coordinates": [73.926406, 18.497484]}, "properties": {"depth": 0.29}}, {"type": "Feature", "geometry": {"type": "Point", "coordinates": [73.926135, 18.497489]}, "properties": {"depth": 2.09}}, {"type": "Feature", "geometry": {"type": "Point", "coordinates": [73.926291, 18.497494]}, "properties": {"depth": 0.29}}, {"type": "Feature", "geometry": {"type": "Point", "coordinates": [73.926548, 18.497531]}, "properties": {"depth": 4.25}}, {"type": "Feature", "geometry": {"type": "Point", "coordinates": [73.926985, 18.497737]}, "properties": {"depth": 3.02}}, {"type": "Feature", "geometry": {"type": "Point", "coordinates": [73.927095, 18.497739]}, "properties": {"depth": 4.21}}, {"type": "Feature", "geometry": {"type": "Point", "coordinates": [73.926736, 18.497746]}, "properties": {"depth": 3.37}}, {"type": "Feature", "geometry": {"type": "Point", "coordinates": [73.926849, 18.497748]}, "properties": {"depth": 3.02}}, {"type": "Feature", "geometry": {"type": "Point", "coordinates": [73.925871, 18.497789]}, "properties": {"depth": 2.11}}, {"type": "Feature", "geometry": {"type": "Point", "coordinates": [73.927609, 18.497556]}, "properties": {"depth": 3.14}}, {"type": "Feature", "geometry": {"type": "Point", "coordinates": [73.927699, 18.497555]}, "properties": {"depth": 4.43}}, {"type": "Feature", "geometry": {"type": "Point", "coordinates": [73.927262, 18.497658]}, "properties": {"depth": 4.21}}, {"type": "Feature", "geometry": {"type": "Point", "coordinates": [73.927368, 18.497657]}, "properties": {"depth": 3.65}}, {"type": "Feature", "geometry": {"type": "Point", "coordinates": [73.927485, 18.497663]}, "properties": {"depth": 3.65}}, {"type": "Feature", "geometry": {"type": "Point", "coordinates": [73.927596, 18.497685]}, "properties": {"depth": 3.65}}, {"type": "Feature", "geometry": {"type": "Point", "coordinates": [73.927267, 18.497794]}, "properties": {"depth": 4.21}}, {"type": "Feature", "geometry": {"type": "Point", "coordinates": [73.927365, 18.4978]}, "properties": {"depth": 3.65}}, {"type": "Feature", "geometry": {"type": "Point", "coordinates": [73.927477, 18.497812]}, "properties": {"depth": 3.65}}, {"type": "Feature", "geometry": {"type": "Point", "coordinates": [73.927598, 18.497827]}, "properties": {"depth": 3.65}}, {"type": "Feature", "geometry": {"type": "Point", "coordinates": [73.92621, 18.49784]}, "properties": {"depth": 2.75}}, {"type": "Feature", "geometry": {"type": "Point", "coordinates": [73.925988, 18.497855]}, "properties": {"depth": 2.75}}, {"type": "Feature", "geometry": {"type": "Point", "coordinates": [73.926307, 18.49786]}, "properties": {"depth": 1.17}}, {"type": "Feature", "geometry": {"type": "Point", "coordinates": [73.926409, 18.497881]}, "properties": {"depth": 1.17}}, {"type": "Feature", "geometry": {"type": "Point", "coordinates": [73.925977, 18.497943]}, "properties": {"depth": 2.49}}, {"type": "Feature", "geometry": {"type": "Point", "coordinates": [73.926701, 18.49796]}, "properties": {"depth": 2.25}}, {"type": "Feature", "geometry": {"type": "Point", "coordinates": [73.926153, 18.498024]}, "properties": {"depth": 2.49}}, {"type": "Feature", "geometry": {"type": "Point", "coordinates": [73.92595, 18.498042]}, "properties": {"depth": 3.08}}, {"type": "Feature", "geometry": {"type": "Point", "coordinates": [73.926966, 18.498049]}, "properties": {"depth": 3.27}}, {"type": "Feature", "geometry": {"type": "Point", "coordinates": [73.926468, 18.49805]}, "properties": {"depth": 2.14}}, {"type": "Feature", "geometry": {"type": "Point", "coordinates": [73.924329, 18.497779]}, "properties": {"depth": 0.68}}, {"type": "Feature", "geometry": {"type": "Point", "coordinates": [73.925282, 18.497832]}, "properties": {"depth": 2.11}}, {"type": "Feature", "geometry": {"type": "Point", "coordinates": [73.924329, 18.497948]}, "properties": {"depth": 0.68}}, {"type": "Feature", "geometry": {"type": "Point", "coordinates": [73.925275, 18.498086]}, "properties": {"depth": 2.87}}, {"type": "Feature", "geometry": {"type": "Point", "coordinates": [73.92526, 18.498202]}, "properties": {"depth": 3.88}}, {"type": "Feature", "geometry": {"type": "Point", "coordinates": [73.924847, 18.49826]}, "properties": {"depth": 1.57}}, {"type": "Feature", "geometry": {"type": "Point", "coordinates": [73.924319, 18.498342]}, "properties": {"depth": 0.36}}, {"type": "Feature", "geometry": {"type": "Point", "coordinates": [73.927072, 18.498067]}, "properties": {"depth": 3.27}}, {"type": "Feature", "geometry": {"type": "Point", "coordinates": [73.92656, 18.498077]}, "properties": {"depth": 2.25}}, {"type": "Feature", "geometry": {"type": "Point", "coordinates": [73.926258, 18.498075]}, "properties": {"depth": 2.14}}, {"type": "Feature", "geometry": {"type": "Point", "coordinates": [73.926881, 18.498082]}, "properties": {"depth": 3.27}}, {"type": "Feature", "geometry": {"type": "Point", "coordinates": [73.926054, 18.498086]}, "properties": {"depth": 2.49}}, {"type": "Feature", "geometry": {"type": "Point", "coordinates": [73.926746, 18.498134]}, "properties": {"depth": 2.25}}, {"type": "Feature", "geometry": {"type": "Point", "coordinates": [73.926339, 18.498136]}, "properties": {"depth": 2.14}}, {"type": "Feature", "geometry": {"type": "Point", "coordinates": [73.926546, 18.498145]}, "properties": {"depth": 2.25}}, {"type": "Feature", "geometry": {"type": "Point", "coordinates": [73.926655, 18.498159]}, "properties": {"depth": 2.25}}, {"type": "Feature", "geometry": {"type": "Point", "coordinates": [73.92645, 18.498164]}, "properties": {"depth": 2.14}}, {"type": "Feature", "geometry": {"type": "Point", "coordinates": [73.928399, 18.497108]}, "properties": {"depth": 3.31}}, {"type": "Feature", "geometry": {"type": "Point", "coordinates": [73.928773, 18.500962]}, "properties": {"depth": 0.79}}, {"type": "Feature", "geometry": {"type": "Point", "coordinates": [73.928489, 18.501173]}, "properties": {"depth": 2.36}}, {"type": "Feature", "geometry": {"type": "Point", "coordinates": [73.928786, 18.501216]}, "properties": {"depth": 1.22}}, {"type": "Feature", "geometry": {"type": "Point", "coordinates": [73.927033, 18.498189]}, "properties": {"depth": 3.27}}, {"type": "Feature", "geometry": {"type": "Point", "coordinates": [73.926533, 18.498188]}, "properties": {"depth": 2.25}}, {"type": "Feature", "geometry": {"type": "Point", "coordinates": [73.927124, 18.498204]}, "properties": {"depth": 4.91}}, {"type": "Feature", "geometry": {"type": "Point", "coordinates": [73.926928, 18.498208]}, "properties": {"depth": 3.63}}, {"type": "Feature", "geometry": {"type": "Point", "coordinates": [73.926728, 18.498212]}, "properties": {"depth": 1.79}}, {"type": "Feature", "geometry": {"type": "Point", "coordinates": [73.925963, 18.498236]}, "properties": {"depth": 4.01}}, {"type": "Feature", "geometry": {"type": "Point", "coordinates": [73.927016, 18.49827]}, "properties": {"depth": 3.63}}, {"type": "Feature", "geometry": {"type": "Point", "coordinates": [73.926289, 18.498278]}, "properties": {"depth": 1.24}}, {"type": "Feature", "geometry": {"type": "Point", "coordinates": [73.925861, 18.498314]}, "properties": {"depth": 4.01}}, {"type": "Feature", "geometry": {"type": "Point", "coordinates": [73.926367, 18.49834]}, "properties": {"depth": 1.24}}, {"type": "Feature", "geometry": {"type": "Point", "coordinates": [73.927448, 18.498034]}, "properties": {"depth": 4.37}}, {"type": "Feature", "geometry": {"type": "Point", "coordinates": [73.927274, 18.498108]}, "properties": {"depth": 4.43}}, {"type": "Feature", "geometry": {"type": "Point", "coordinates": [73.927251, 18.498172]}, "properties": {"depth": 4.43}}, {"type": "Feature", "geometry": {"type": "Point", "coordinates": [73.927478, 18.498184]}, "properties": {"depth": 4.37}}, {"type": "Feature", "geometry": {"type": "Point", "coordinates": [73.92755, 18.498221]}, "properties": {"depth": 5.99}}, {"type": "Feature", "geometry": {"type": "Point", "coordinates": [73.927224, 18.498285]}, "properties": {"depth": 4.91}}, {"type": "Feature", "geometry": {"type": "Point", "coordinates": [73.927272, 18.498526]}, "properties": {"depth": 5.41}}, {"type": "Feature", "geometry": {"type": "Point", "coordinates": [73.92726, 18.498582]}, "properties": {"depth": 5.41}}, {"type": "Feature", "geometry": {"type": "Point", "coordinates": [73.927475, 18.49861]}, "properties": {"depth": 5.65}}, {"type": "Feature", "geometry": {"type": "Point", "coordinates": [73.927357, 18.498693]}, "properties": {"depth": 5.41}}, {"type": "Feature", "geometry": {"type": "Point", "coordinates": [73.926271, 18.498353]}, "properties": {"depth": 1.24}}, {"type": "Feature", "geometry": {"type": "Point", "coordinates": [73.92679, 18.498383]}, "properties": {"depth": 1.79}}, {"type": "Feature", "geometry": {"type": "Point", "coordinates": [73.9269, 18.498388]}, "properties": {"depth": 3.63}}, {"type": "Feature", "geometry": {"type": "Point", "coordinates": [73.926146, 18.498408]}, "properties": {"depth": 3.12}}, {"type": "Feature", "geometry": {"type": "Point", "coordinates": [73.925837, 18.498411]}, "properties": {"depth": 4.01}}, {"type": "Feature", "geometry": {"type": "Point", "coordinates": [73.92595, 18.498419]}, "properties": {"depth": 4.01}}, {"type": "Feature", "geometry": {"type": "Point", "coordinates": [73.92625, 18.498432]}, "properties": {"depth": 1.24}}, {"type": "Feature", "geometry": {"type": "Point", "coordinates": [73.926047, 18.498442]}, "properties": {"depth": 3.12}}, {"type": "Feature", "geometry": {"type": "Point", "coordinates": [73.927152, 18.498459]}, "properties": {"depth": 4.91}}, {"type": "Feature", "geometry": {"type": "Point", "coordinates": [73.926346, 18.498455]}, "properties": {"depth": 1.24}}, {"type": "Feature", "geometry": {"type": "Point", "coordinates": [73.923532, 18.498096]}, "properties": {"depth": 1.42}}, {"type": "Feature", "geometry": {"type": "Point", "coordinates": [73.923047, 18.498975]}, "properties": {"depth": 1.35}}, {"type": "Feature", "geometry": {"type": "Point", "coordinates": [73.922565, 18.499103]}, "properties": {"depth": 0.47}}, {"type": "Feature", "geometry": {"type": "Point", "coordinates": [73.925254, 18.498413]}, "properties": {"depth": 3.88}}, {"type": "Feature", "geometry": {"type": "Point", "coordinates": [73.925253, 18.498609]}, "properties": {"depth": 3.16}}, {"type": "Feature", "geometry": {"type": "Point", "coordinates": [73.924903, 18.49909]}, "properties": {"depth": 4.84}}, {"type": "Feature", "geometry": {"type": "Point", "coordinates": [73.924965, 18.499413]}, "properties": {"depth": 4.21}}, {"type": "Feature", "geometry": {"type": "Point", "coordinates": [73.924595, 18.499544]}, "properties": {"depth": 3.47}}, {"type": "Feature", "geometry": {"type": "Point", "coordinates": [73.924251, 18.499752]}, "properties": {"depth": 1.25}}, {"type": "Feature", "geometry": {"type": "Point", "coordinates": [73.924391, 18.500159]}, "properties": {"depth": 8.21}}, {"type": "Feature", "geometry": {"type": "Point", "coordinates": [73.9247, 18.500277]}, "properties": {"depth": 7.79}}, {"type": "Feature", "geometry": {"type": "Point", "coordinates": [73.924769, 18.500805]}, "properties": {"depth": 5.96}}, {"type": "Feature", "geometry": {"type": "Point", "coordinates": [73.923328, 18.499207]}, "properties": {"depth": 3.43}}, {"type": "Feature", "geometry": {"type": "Point", "coordinates": [73.923231, 18.499207]}, "properties": {"depth": 3.43}}, {"type": "Feature", "geometry": {"type": "Point", "coordinates": [73.92341, 18.499214]}, "properties": {"depth": 3.43}}, {"type": "Feature", "geometry": {"type": "Point", "coordinates": [73.922639, 18.499403]}, "properties": {"depth": 0.17}}, {"type": "Feature", "geometry": {"type": "Point", "coordinates": [73.92304, 18.499419]}, "properties": {"depth": 2.43}}, {"type": "Feature", "geometry": {"type": "Point", "coordinates": [73.922455, 18.499436]}, "properties": {"depth": 1.62}}, {"type": "Feature", "geometry": {"type": "Point", "coordinates": [73.922261, 18.499493]}, "properties": {"depth": 0.64}}, {"type": "Feature", "geometry": {"type": "Point", "coordinates": [73.922854, 18.499488]}, "properties": {"depth": 0.17}}, {"type": "Feature", "geometry": {"type": "Point", "coordinates": [73.922262, 18.499834]}, "properties": {"depth": 0.78}}, {"type": "Feature", "geometry": {"type": "Point", "coordinates": [73.922971, 18.500393]}, "properties": {"depth": 3.61}}, {"type": "Feature", "geometry": {"type": "Point", "coordinates": [73.926948, 18.498483]}, "properties": {"depth": 5.72}}, {"type": "Feature", "geometry": {"type": "Point", "coordinates": [73.926557, 18.498493]}, "properties": {"depth": 5.94}}, {"type": "Feature", "geometry": {"type": "Point", "coordinates": [73.92705, 18.498502]}, "properties": {"depth": 5.72}}, {"type": "Feature", "geometry": {"type": "Point", "coordinates": [73.926826, 18.498632]}, "properties": {"depth": 5.72}}, {"type": "Feature", "geometry": {"type": "Point", "coordinates": [73.927122, 18.498688]}, "properties": {"depth": 5.41}}, {"type": "Feature", "geometry": {"type": "Point", "coordinates": [73.926478, 18.501742]}, "properties": {"depth": 2.64}}, {"type": "Feature", "geometry": {"type": "Point", "coordinates": [73.926316, 18.50182]}, "properties": {"depth": 4.77}}, {"type": "Feature", "geometry": {"type": "Point", "coordinates": [73.92612, 18.502082]}, "properties": {"depth": 5.57}}, {"type": "Feature", "geometry": {"type": "Point", "coordinates": [73.924636, 18.501364]}, "properties": {"depth": 2.91}}, {"type": "Feature", "geometry": {"type": "Point", "coordinates": [73.924198, 18.501711]}, "properties": {"depth": 6.73}}, {"type": "Feature", "geometry": {"type": "Point", "coordinates": [73.925237, 18.501949]}, "properties": {"depth": 6.58}}, {"type": "Feature", "geometry": {"type": "Point", "coordinates": [73.92435, 18.501987]}, "properties": {"depth": 6.58}}, {"type": "Feature", "geometry": {"type": "Point", "coordinates": [73.924337, 18.502105]}, "properties": {"depth": 6.68}}, {"type": "Feature", "geometry": {"type": "Point", "coordinates": [73.925057, 18.502179]}, "properties": {"depth": 3.38}}, {"type": "Feature", "geometry": {"type": "Point", "coordinates": [73.925253, 18.502225]}, "properties": {"depth": 4.45}}, {"type": "Feature", "geometry": {"type": "Point", "coordinates": [73.925054, 18.502321]}, "properties": {"depth": 3.38}}, {"type": "Feature", "geometry": {"type": "Point", "coordinates": [73.925268, 18.502434]}, "properties": {"depth": 4.6}}, {"type": "Feature", "geometry": {"type": "Point", "coordinates": [73.928302, 18.49989]}, "properties": {"depth": 3.94}}, {"type": "Feature", "geometry": {"type": "Point", "coordinates": [73.928282, 18.500095]}, "properties": {"depth": 3.94}}, {"type": "Feature", "geometry": {"type": "Point", "coordinates": [73.928301, 18.500193]}, "properties": {"depth": 0.87}}, {"type": "Feature", "geometry": {"type": "Point", "coordinates": [73.92773, 18.500349]}, "properties": {"depth": 10.09}}, {"type": "Feature", "geometry": {"type": "Point", "coordinates": [73.927945, 18.502887]}, "properties": {"depth": 6.94}}, {"type": "Feature", "geometry": {"type": "Point", "coordinates": [73.927211, 18.502933]}, "properties": {"depth": 7.87}}, {"type": "Feature", "geometry": {"type": "Point", "coordinates": [73.927786, 18.503008]}, "properties": {"depth": 0.78}}, {"type": "Feature", "geometry": {"type": "Point", "coordinates": [73.923073, 18.500913]}, "properties": {"depth": 5.09}}, {"type": "Feature", "geometry": {"type": "Point", "coordinates": [73.922114, 18.50112]}, "properties": {"depth": 1.83}}, {"type": "Feature", "geometry": {"type": "Point", "coordinates": [73.923705, 18.501942]}, "properties": {"depth": 4.57}}, {"type": "Feature", "geometry": {"type": "Point", "coordinates": [73.923299, 18.502151]}, "properties": {"depth": 2.81}}, {"type": "Feature", "geometry": {"type": "Point", "coordinates": [73.923375, 18.502381]}, "properties": {"depth": 3.74}}, {"type": "Feature", "geometry": {"type": "Point", "coordinates": [73.923803, 18.502411]}, "properties": {"depth": 4.4}}, {"type": "Feature", "geometry": {"type": "Point", "coordinates": [73.923921, 18.50242]}, "properties": {"depth": 4.4}}, {"type": "Feature", "geometry": {"type": "Point", "coordinates": [73.923882, 18.502728]}, "properties": {"depth": 4.95}}, {"type": "Feature", "geometry": {"type": "Point", "coordinates": [73.922884, 18.502771]}, "properties": {"depth": 3.26}}, {"type": "Feature", "geometry": {"type": "Point", "coordinates": [73.923365, 18.502774]}, "properties": {"depth": 3.94}}, {"type": "Feature", "geometry": {"type": "Point", "coordinates": [73.907053, 18.499119]}, "properties": {"depth": 1.07}}, {"type": "Feature", "geometry": {"type": "Point", "coordinates": [73.906703, 18.499188]}, "properties": {"depth": 3.34}}, {"type": "Feature", "geometry": {"type": "Point", "coordinates": [73.906566, 18.49919]}, "properties": {"depth": 3.34}}, {"type": "Feature", "geometry": {"type": "Point", "coordinates": [73.906873, 18.499201]}, "properties": {"depth": 1.07}}, {"type": "Feature", "geometry": {"type": "Point", "coordinates": [73.907057, 18.499532]}, "properties": {"depth": 4.12}}, {"type": "Feature", "geometry": {"type": "Point", "coordinates": [73.906895, 18.499548]}, "properties": {"depth": 4.12}}, {"type": "Feature", "geometry": {"type": "Point", "coordinates": [73.906729, 18.499557]}, "properties": {"depth": 6.39}}, {"type": "Feature", "geometry": {"type": "Point", "coordinates": [73.90642, 18.499563]}, "properties": {"depth": 6.64}}, {"type": "Feature", "geometry": {"type": "Point", "coordinates": [73.906571, 18.49957]}, "properties": {"depth": 6.39}}, {"type": "Feature", "geometry": {"type": "Point", "coordinates": [73.906695, 18.500027]}, "properties": {"depth": 8.06}}, {"type": "Feature", "geometry": {"type": "Point", "coordinates": [73.907178, 18.500426]}, "properties": {"depth": 6.68}}, {"type": "Feature", "geometry": {"type": "Point", "coordinates": [73.906978, 18.500459]}, "properties": {"depth": 7.99}}, {"type": "Feature", "geometry": {"type": "Point", "coordinates": [73.906817, 18.500468]}, "properties": {"depth": 7.99}}, {"type": "Feature", "geometry": {"type": "Point", "coordinates": [73.90665, 18.500478]}, "properties": {"depth": 8.11}}, {"type": "Feature", "geometry": {"type": "Point", "coordinates": [73.921285, 18.500436]}, "properties": {"depth": 0.25}}, {"type": "Feature", "geometry": {"type": "Point", "coordinates": [73.921456, 18.500493]}, "properties": {"depth": 0.25}}, {"type": "Feature", "geometry": {"type": "Point", "coordinates": [73.921293, 18.500509]}, "properties": {"depth": 0.25}}, {"type": "Feature", "geometry": {"type": "Point", "coordinates": [73.92166, 18.500528]}, "properties": {"depth": 0.41}}, {"type": "Feature", "geometry": {"type": "Point", "coordinates": [73.921538, 18.500529]}, "properties": {"depth": 0.41}}, {"type": "Feature", "geometry": {"type": "Point", "coordinates": [73.921408, 18.500541]}, "properties": {"depth": 0.25}}, {"type": "Feature", "geometry": {"type": "Point", "coordinates": [73.92134, 18.500542]}, "properties": {"depth": 0.25}}, {"type": "Feature", "geometry": {"type": "Point", "coordinates": [73.921372, 18.500543]}, "properties": {"depth": 0.25}}, {"type": "Feature", "geometry": {"type": "Point", "coordinates": [73.921469, 18.500556]}, "properties": {"depth": 0.25}}, {"type": "Feature", "geometry": {"type": "Point", "coordinates": [73.921619, 18.500561]}, "properties": {"depth": 0.41}}, {"type": "Feature", "geometry": {"type": "Point", "coordinates": [73.921549, 18.500567]}, "properties": {"depth": 0.41}}, {"type": "Feature", "geometry": {"type": "Point", "coordinates": [73.921573, 18.500594]}, "properties": {"depth": 0.41}}, {"type": "Feature", "geometry": {"type": "Point", "coordinates": [73.921664, 18.500606]}, "properties": {"depth": 0.41}}, {"type": "Feature", "geometry": {"type": "Point", "coordinates": [73.921308, 18.500606]}, "properties": {"depth": 0.25}}, {"type": "Feature", "geometry": {"type": "Point", "coordinates": [73.921567, 18.500633]}, "properties": {"depth": 0.41}}, {"type": "Feature", "geometry": {"type": "Point", "coordinates": [73.921616, 18.500651]}, "properties": {"depth": 0.41}}, {"type": "Feature", "geometry": {"type": "Point", "coordinates": [73.921316, 18.50067]}, "properties": {"depth": 0.25}}, {"type": "Feature", "geometry": {"type": "Point", "coordinates": [73.921589, 18.500698]}, "properties": {"depth": 1.79}}, {"type": "Feature", "geometry": {"type": "Point", "coordinates": [73.921479, 18.500701]}, "properties": {"depth": 0.92}}, {"type": "Feature", "geometry": {"type": "Point", "coordinates": [73.9213, 18.500708]}, "properties": {"depth": 0.92}}, {"type": "Feature", "geometry": {"type": "Point", "coordinates": [73.921673, 18.50072]}, "properties": {"depth": 1.79}}, {"type": "Feature", "geometry": {"type": "Point", "coordinates": [73.921573, 18.500738]}, "properties": {"depth": 1.79}}, {"type": "Feature", "geometry": {"type": "Point", "coordinates": [73.921495, 18.500756]}, "properties": {"depth": 0.92}}, {"type": "Feature", "geometry": {"type": "Point", "coordinates": [73.908632, 18.50028]}, "properties": {"depth": 4.48}}, {"type": "Feature", "geometry": {"type": "Point", "coordinates": [73.907389, 18.50049]}, "properties": {"depth": 5.09}}, {"type": "Feature", "geometry": {"type": "Point", "coordinates": [73.908663, 18.500625]}, "properties": {"depth": 0.12}}, {"type": "Feature", "geometry": {"type": "Point", "coordinates": [73.907689, 18.500886]}, "properties": {"depth": 5.63}}, {"type": "Feature", "geometry": {"type": "Point", "coordinates": [73.908685, 18.500903]}, "properties": {"depth": 0.57}}, {"type": "Feature", "geometry": {"type": "Point", "coordinates": [73.90738, 18.501089]}, "properties": {"depth": 4.61}}, {"type": "Feature", "geometry": {"type": "Point", "coordinates": [73.908094, 18.502848]}, "properties": {"depth": 7.79}}, {"type": "Feature", "geometry": {"type": "Point", "coordinates": [73.908575, 18.502931]}, "properties": {"depth": 6.23}}, {"type": "Feature", "geometry": {"type": "Point", "coordinates": [73.908082, 18.502947]}, "properties": {"depth": 8.94}}, {"type": "Feature", "geometry": {"type": "Point", "coordinates": [73.907659, 18.502958]}, "properties": {"depth": 7.8}}, {"type": "Feature", "geometry": {"type": "Point", "coordinates": [73.909427, 18.502958]}, "properties": {"depth": 1.07}}, {"type": "Feature", "geometry": {"type": "Point", "coordinates": [73.909798, 18.503335]}, "properties": {"depth": 3.91}}, {"type": "Feature", "geometry": {"type": "Point", "coordinates": [73.909351, 18.503442]}, "properties": {"depth": 4.99}}, {"type": "Feature", "geometry": {"type": "Point", "coordinates": [73.908051, 18.503081]}, "properties": {"depth": 8.94}}, {"type": "Feature", "geometry": {"type": "Point", "coordinates": [73.909003, 18.503245]}, "properties": {"depth": 6.69}}, {"type": "Feature", "geometry": {"type": "Point", "coordinates": [73.90806, 18.503442]}, "properties": {"depth": 9.03}}, {"type": "Feature", "geometry": {"type": "Point", "coordinates": [73.908676, 18.503467]}, "properties": {"depth": 6.04}}, {"type": "Feature", "geometry": {"type": "Point", "coordinates": [73.908597, 18.503805]}, "properties": {"depth": 7.9}}, {"type": "Feature", "geometry": {"type": "Point", "coordinates": [73.907769, 18.503925]}, "properties": {"depth": 10.78}}, {"type": "Feature", "geometry": {"type": "Point", "coordinates": [73.90798, 18.504011]}, "properties": {"depth": 10.45}}, {"type": "Feature", "geometry": {"type": "Point", "coordinates": [73.907781, 18.504134]}, "properties": {"depth": 10.33}}, {"type": "Feature", "geometry": {"type": "Point", "coordinates": [73.907772, 18.504362]}, "properties": {"depth": 9.56}}, {"type": "Feature", "geometry": {"type": "Point", "coordinates": [73.907918, 18.504373]}, "properties": {"depth": 8.71}}, {"type": "Feature", "geometry": {"type": "Point", "coordinates": [73.921363, 18.500772]}, "properties": {"depth": 0.92}}, {"type": "Feature", "geometry": {"type": "Point", "coordinates": [73.921492, 18.500792]}, "properties": {"depth": 0.92}}, {"type": "Feature", "geometry": {"type": "Point", "coordinates": [73.9216, 18.5008]}, "properties": {"depth": 1.79}}, {"type": "Feature", "geometry": {"type": "Point", "coordinates": [73.921549, 18.500809]}, "properties": {"depth": 1.79}}, {"type": "Feature", "geometry": {"type": "Point", "coordinates": [73.921611, 18.500833]}, "properties": {"depth": 1.79}}, {"type": "Feature", "geometry": {"type": "Point", "coordinates": [73.921443, 18.500894]}, "properties": {"depth": 0.92}}, {"type": "Feature", "geometry": {"type": "Point", "coordinates": [73.92129, 18.503291]}, "properties": {"depth": 0.35}}, {"type": "Feature", "geometry": {"type": "Point", "coordinates": [73.921294, 18.503611]}, "properties": {"depth": 0.9}}, {"type": "Feature", "geometry": {"type": "Point", "coordinates": [73.921268, 18.503709]}, "properties": {"depth": 0.9}}, {"type": "Feature", "geometry": {"type": "Point", "coordinates": [73.920666, 18.503839]}, "properties": {"depth": 0.32}}, {"type": "Feature", "geometry": {"type": "Point", "coordinates": [73.905773, 18.500483]}, "properties": {"depth": 9.36}}, {"type": "Feature", "geometry": {"type": "Point", "coordinates": [73.906501, 18.500489]}, "properties": {"depth": 9.08}}, {"type": "Feature", "geometry": {"type": "Point", "coordinates": [73.906354, 18.500497]}, "properties": {"depth": 9.08}}, {"type": "Feature", "geometry": {"type": "Point", "coordinates": [73.906207, 18.500509]}, "properties": {"depth": 9.51}}, {"type": "Feature", "geometry": {"type": "Point", "coordinates": [73.906062, 18.500527]}, "properties": {"depth": 9.51}}, {"type": "Feature", "geometry": {"type": "Point", "coordinates": [73.907022, 18.501063]}, "properties": {"depth": 9.31}}, {"type": "Feature", "geometry": {"type": "Point", "coordinates": [73.905827, 18.501059]}, "properties": {"depth": 10.25}}, {"type": "Feature", "geometry": {"type": "Point", "coordinates": [73.907192, 18.501098]}, "properties": {"depth": 6.33}}, {"type": "Feature", "geometry": {"type": "Point", "coordinates": [73.90687, 18.501129]}, "properties": {"depth": 9.31}}, {"type": "Feature", "geometry": {"type": "Point", "coordinates": [73.906123, 18.501158]}, "properties": {"depth": 10.11}}, {"type": "Feature", "geometry": {"type": "Point", "coordinates": [73.906417, 18.50127]}, "properties": {"depth": 7.22}}, {"type": "Feature", "geometry": {"type": "Point", "coordinates": [73.905568, 18.501308]}, "properties": {"depth": 11.25}}, {"type": "Feature", "geometry": {"type": "Point", "coordinates": [73.905851, 18.501579]}, "properties": {"depth": 8.49}}, {"type": "Feature", "geometry": {"type": "Point", "coordinates": [73.907325, 18.501648]}, "properties": {"depth": 12.05}}, {"type": "Feature", "geometry": {"type": "Point", "coordinates": [73.907219, 18.501663]}, "properties": {"depth": 12.05}}, {"type": "Feature", "geometry": {"type": "Point", "coordinates": [73.907015, 18.50168]}, "properties": {"depth": 8.58}}, {"type": "Feature", "geometry": {"type": "Point", "coordinates": [73.905629, 18.501819]}, "properties": {"depth": 3.6}}, {"type": "Feature", "geometry": {"type": "Point", "coordinates": [73.906882, 18.501955]}, "properties": {"depth": 12.0}}, {"type": "Feature", "geometry": {"type": "Point", "coordinates": [73.907265, 18.501971]}, "properties": {"depth": 7.93}}, {"type": "Feature", "geometry": {"type": "Point", "coordinates": [73.906922, 18.503368]}, "properties": {"depth": 13.34}}, {"type": "Feature", "geometry": {"type": "Point", "coordinates": [73.902379, 18.501579]}, "properties": {"depth": 2.43}}, {"type": "Feature", "geometry": {"type": "Point", "coordinates": [73.903095, 18.503011]}, "properties": {"depth": 5.39}}, {"type": "Feature", "geometry": {"type": "Point", "coordinates": [73.902691, 18.503067]}, "properties": {"depth": 4.61}}, {"type": "Feature", "geometry": {"type": "Point", "coordinates": [73.902942, 18.503251]}, "properties": {"depth": 4.86}}, {"type": "Feature", "geometry": {"type": "Point", "coordinates": [73.902445, 18.503199]}, "properties": {"depth": 3.21}}, {"type": "Feature", "geometry": {"type": "Point", "coordinates": [73.903432, 18.503584]}, "properties": {"depth": 0.78}}, {"type": "Feature", "geometry": {"type": "Point", "coordinates": [73.902647, 18.503624]}, "properties": {"depth": 2.72}}, {"type": "Feature", "geometry": {"type": "Point", "coordinates": [73.903069, 18.503719]}, "properties": {"depth": 3.37}}, {"type": "Feature", "geometry": {"type": "Point", "coordinates": [73.903808, 18.503827]}, "properties": {"depth": 9.28}}, {"type": "Feature", "geometry": {"type": "Point", "coordinates": [73.903476, 18.503846]}, "properties": {"depth": 5.02}}, {"type": "Feature", "geometry": {"type": "Point", "coordinates": [73.902851, 18.503958]}, "properties": {"depth": 2.29}}, {"type": "Feature", "geometry": {"type": "Point", "coordinates": [73.903136, 18.504117]}, "properties": {"depth": 4.18}}, {"type": "Feature", "geometry": {"type": "Point", "coordinates": [73.902549, 18.504136]}, "properties": {"depth": 4.91}}, {"type": "Feature", "geometry": {"type": "Point", "coordinates": [73.902448, 18.504145]}, "properties": {"depth": 4.91}}, {"type": "Feature", "geometry": {"type": "Point", "coordinates": [73.902996, 18.50426]}, "properties": {"depth": 4.18}}, {"type": "Feature", "geometry": {"type": "Point", "coordinates": [73.903324, 18.50425]}, "properties": {"depth": 5.44}}, {"type": "Feature", "geometry": {"type": "Point", "coordinates": [73.902708, 18.504276]}, "properties": {"depth": 2.75}}, {"type": "Feature", "geometry": {"type": "Point", "coordinates": [73.902449, 18.504291]}, "properties": {"depth": 4.91}}, {"type": "Feature", "geometry": {"type": "Point", "coordinates": [73.905321, 18.499686]}, "properties": {"depth": 8.69}}, {"type": "Feature", "geometry": {"type": "Point", "coordinates": [73.905365, 18.500435]}, "properties": {"depth": 6.64}}, {"type": "Feature", "geometry": {"type": "Point", "coordinates": [73.905388, 18.500724]}, "properties": {"depth": 7.74}}, {"type": "Feature", "geometry": {"type": "Point", "coordinates": [73.905336, 18.501308]}, "properties": {"depth": 12.1}}, {"type": "Feature", "geometry": {"type": "Point", "coordinates": [73.905378, 18.501784]}, "properties": {"depth": 6.64}}, {"type": "Feature", "geometry": {"type": "Point", "coordinates": [73.904351, 18.506165]}, "properties": {"depth": 5.69}}, {"type": "Feature", "geometry": {"type": "Point", "coordinates": [73.920528, 18.504036]}, "properties": {"depth": 1.59}}, {"type": "Feature", "geometry": {"type": "Point", "coordinates": [73.92019, 18.504104]}, "properties": {"depth": 0.31}}, {"type": "Feature", "geometry": {"type": "Point", "coordinates": [73.921012, 18.505271]}, "properties": {"depth": 2.86}}, {"type": "Feature", "geometry": {"type": "Point", "coordinates": [73.921471, 18.505561]}, "properties": {"depth": 0.66}}, {"type": "Feature", "geometry": {"type": "Point", "coordinates": [73.922676, 18.506014]}, "properties": {"depth": 3.12}}, {"type": "Feature", "geometry": {"type": "Point", "coordinates": [73.908563, 18.504389]}, "properties": {"depth": 6.4}}, {"type": "Feature", "geometry": {"type": "Point", "coordinates": [73.906934, 18.503505]}, "properties": {"depth": 13.75}}, {"type": "Feature", "geometry": {"type": "Point", "coordinates": [73.907084, 18.50374]}, "properties": {"depth": 13.27}}, {"type": "Feature", "geometry": {"type": "Point", "coordinates": [73.925065, 18.502458]}, "properties": {"depth": 2.69}}, {"type": "Feature", "geometry": {"type": "Point", "coordinates": [73.925072, 18.502595]}, "properties": {"depth": 2.69}}, {"type": "Feature", "geometry": {"type": "Point", "coordinates": [73.92556, 18.502615]}, "properties": {"depth": 7.81}}, {"type": "Feature", "geometry": {"type": "Point", "coordinates": [73.925276, 18.502627]}, "properties": {"depth": 4.6}}, {"type": "Feature", "geometry": {"type": "Point", "coordinates": [73.924232, 18.502716]}, "properties": {"depth": 4.75}}, {"type": "Feature", "geometry": {"type": "Point", "coordinates": [73.925099, 18.502746]}, "properties": {"depth": 2.06}}, {"type": "Feature", "geometry": {"type": "Point", "coordinates": [73.924964, 18.502784]}, "properties": {"depth": 2.06}}, {"type": "Feature", "geometry": {"type": "Point", "coordinates": [73.92483, 18.502817]}, "properties": {"depth": 3.36}}, {"type": "Feature", "geometry": {"type": "Point", "coordinates": [73.925136, 18.503495]}, "properties": {"depth": 3.53}}, {"type": "Feature", "geometry": {"type": "Point", "coordinates": [73.922968, 18.502778]}, "properties": {"depth": 3.38}}, {"type": "Feature", "geometry": {"type": "Point", "coordinates": [73.922791, 18.502786]}, "properties": {"depth": 3.26}}, {"type": "Feature", "geometry": {"type": "Point", "coordinates": [73.922788, 18.503156]}, "properties": {"depth": 1.88}}, {"type": "Feature", "geometry": {"type": "Point", "coordinates": [73.923599, 18.503774]}, "properties": {"depth": 6.42}}, {"type": "Feature", "geometry": {"type": "Point", "coordinates": [73.923647, 18.503875]}, "properties": {"depth": 6.42}}, {"type": "Feature", "geometry": {"type": "Point", "coordinates": [73.923761, 18.50396]}, "properties": {"depth": 8.48}}, {"type": "Feature", "geometry": {"type": "Point", "coordinates": [73.922832, 18.503972]}, "properties": {"depth": 5.54}}, {"type": "Feature", "geometry": {"type": "Point", "coordinates": [73.923565, 18.504006]}, "properties": {"depth": 6.42}}, {"type": "Feature", "geometry": {"type": "Point", "coordinates": [73.926128, 18.502274]}, "properties": {"depth": 5.62}}, {"type": "Feature", "geometry": {"type": "Point", "coordinates": [73.9271, 18.503322]}, "properties": {"depth": 3.93}}, {"type": "Feature", "geometry": {"type": "Point", "coordinates": [73.922684, 18.504001]}, "properties": {"depth": 5.54}}, {"type": "Feature", "geometry": {"type": "Point", "coordinates": [73.922352, 18.504116]}, "properties": {"depth": 4.17}}, {"type": "Feature", "geometry": {"type": "Point", "coordinates": [73.923278, 18.50435]}, "properties": {"depth": 2.3}}, {"type": "Feature", "geometry": {"type": "Point", "coordinates": [73.922766, 18.504391]}, "properties": {"depth": 5.95}}, {"type": "Feature", "geometry": {"type": "Point", "coordinates": [73.92258, 18.504464]}, "properties": {"depth": 6.28}}, {"type": "Feature", "geometry": {"type": "Point", "coordinates": [73.92229, 18.504539]}, "properties": {"depth": 5.8}}, {"type": "Feature", "geometry": {"type": "Point", "coordinates": [73.923784, 18.504778]}, "properties": {"depth": 1.69}}, {"type": "Feature", "geometry": {"type": "Point", "coordinates": [73.923433, 18.504835]}, "properties": {"depth": 2.28}}, {"type": "Feature", "geometry": {"type": "Point", "coordinates": [73.922925, 18.504911]}, "properties": {"depth": 5.45}}, {"type": "Feature", "geometry": {"type": "Point", "coordinates": [73.922811, 18.505149]}, "properties": {"depth": 1.97}}, {"type": "Feature", "geometry": {"type": "Point", "coordinates": [73.925378, 18.504494]}, "properties": {"depth": 4.4}}, {"type": "Feature", "geometry": {"type": "Point", "coordinates": [73.922643, 18.50535]}, "properties": {"depth": 1.97}}, {"type": "Feature", "geometry": {"type": "Point", "coordinates": [73.923871, 18.505425]}, "properties": {"depth": 3.85}}, {"type": "Feature", "geometry": {"type": "Point", "coordinates": [73.922659, 18.505459]}, "properties": {"depth": 2.4}}, {"type": "Feature", "geometry": {"type": "Point", "coordinates": [73.922545, 18.505527]}, "properties": {"depth": 3.67}}, {"type": "Feature", "geometry": {"type": "Point", "coordinates": [73.922693, 18.505543]}, "properties": {"depth": 2.4}}, {"type": "Feature", "geometry": {"type": "Point", "coordinates": [73.922587, 18.505675]}, "properties": {"depth": 3.67}}, {"type": "Feature", "geometry": {"type": "Point", "coordinates": [73.92395, 18.505733]}, "properties": {"depth": 5.91}}, {"type": "Feature", "geometry": {"type": "Point", "coordinates": [73.922765, 18.505839]}, "properties": {"depth": 1.91}}, {"type": "Feature", "geometry": {"type": "Point", "coordinates": [73.922654, 18.505905]}, "properties": {"depth": 1.91}}, {"type": "Feature", "geometry": {"type": "Point", "coordinates": [73.922847, 18.505975]}, "properties": {"depth": 3.12}}, {"type": "Feature", "geometry": {"type": "Point", "coordinates": [73.930236, 18.512815]}, "properties": {"depth": 0.54}}, {"type": "Feature", "geometry": {"type": "Point", "coordinates": [73.929924, 18.513339]}, "properties": {"depth": 2.89}}, {"type": "Feature", "geometry": {"type": "Point", "coordinates": [73.930218, 18.513342]}, "properties": {"depth": 4.49}}, {"type": "Feature", "geometry": {"type": "Point", "coordinates": [73.929672, 18.51334]}, "properties": {"depth": 3.0}}, {"type": "Feature", "geometry": {"type": "Point", "coordinates": [73.930068, 18.513352]}, "properties": {"depth": 2.89}}, {"type": "Feature", "geometry": {"type": "Point", "coordinates": [73.931773, 18.512651]}, "properties": {"depth": 5.33}}, {"type": "Feature", "geometry": {"type": "Point", "coordinates": [73.931603, 18.512657]}, "properties": {"depth": 5.33}}, {"type": "Feature", "geometry": {"type": "Point", "coordinates": [73.931425, 18.512665]}, "properties": {"depth": 5.71}}, {"type": "Feature", "geometry": {"type": "Point", "coordinates": [73.931121, 18.51267]}, "properties": {"depth": 5.37}}, {"type": "Feature", "geometry": {"type": "Point", "coordinates": [73.931512, 18.51296]}, "properties": {"depth": 4.72}}, {"type": "Feature", "geometry": {"type": "Point", "coordinates": [73.931792, 18.512964]}, "properties": {"depth": 4.54}}, {"type": "Feature", "geometry": {"type": "Point", "coordinates": [73.931216, 18.51299]}, "properties": {"depth": 5.96}}, {"type": "Feature", "geometry": {"type": "Point", "coordinates": [73.93183, 18.513203]}, "properties": {"depth": 5.39}}, {"type": "Feature", "geometry": {"type": "Point", "coordinates": [73.931653, 18.513217]}, "properties": {"depth": 3.27}}, {"type": "Feature", "geometry": {"type": "Point", "coordinates": [73.932659, 18.512449]}, "properties": {"depth": 6.59}}, {"type": "Feature", "geometry": {"type": "Point", "coordinates": [73.932131, 18.512684]}, "properties": {"depth": 4.88}}, {"type": "Feature", "geometry": {"type": "Point", "coordinates": [73.932112, 18.512943]}, "properties": {"depth": 5.93}}, {"type": "Feature", "geometry": {"type": "Point", "coordinates": [73.932692, 18.512987]}, "properties": {"depth": 5.38}}, {"type": "Feature", "geometry": {"type": "Point", "coordinates": [73.932202, 18.513106]}, "properties": {"depth": 5.93}}, {"type": "Feature", "geometry": {"type": "Point", "coordinates": [73.932709, 18.513248]}, "properties": {"depth": 5.84}}, {"type": "Feature", "geometry": {"type": "Point", "coordinates": [73.933743, 18.513866]}, "properties": {"depth": 6.79}}, {"type": "Feature", "geometry": {"type": "Point", "coordinates": [73.934234, 18.514362]}, "properties": {"depth": 3.46}}, {"type": "Feature", "geometry": {"type": "Point", "coordinates": [73.931855, 18.513644]}, "properties": {"depth": 4.32}}, {"type": "Feature", "geometry": {"type": "Point", "coordinates": [73.931127, 18.513748]}, "properties": {"depth": 5.28}}, {"type": "Feature", "geometry": {"type": "Point", "coordinates": [73.931856, 18.51379]}, "properties": {"depth": 5.32}}, {"type": "Feature", "geometry": {"type": "Point", "coordinates": [73.931668, 18.513795]}, "properties": {"depth": 4.36}}, {"type": "Feature", "geometry": {"type": "Point", "coordinates": [73.931339, 18.513854]}, "properties": {"depth": 3.78}}, {"type": "Feature", "geometry": {"type": "Point", "coordinates": [73.931843, 18.513926]}, "properties": {"depth": 5.32}}, {"type": "Feature", "geometry": {"type": "Point", "coordinates": [73.93168, 18.51394]}, "properties": {"depth": 4.36}}, {"type": "Feature", "geometry": {"type": "Point", "coordinates": [73.931855, 18.514066]}, "properties": {"depth": 6.68}}, {"type": "Feature", "geometry": {"type": "Point", "coordinates": [73.931383, 18.514071]}, "properties": {"depth": 2.74}}, {"type": "Feature", "geometry": {"type": "Point", "coordinates": [73.931668, 18.514073]}, "properties": {"depth": 5.45}}, {"type": "Feature", "geometry": {"type": "Point", "coordinates": [73.932699, 18.513444]}, "properties": {"depth": 5.84}}, {"type": "Feature", "geometry": {"type": "Point", "coordinates": [73.932197, 18.513453]}, "properties": {"depth": 5.58}}, {"type": "Feature", "geometry": {"type": "Point", "coordinates": [73.932214, 18.513585]}, "properties": {"depth": 4.36}}, {"type": "Feature", "geometry": {"type": "Point", "coordinates": [73.932164, 18.513738]}, "properties": {"depth": 4.36}}, {"type": "Feature", "geometry": {"type": "Point", "coordinates": [73.932172, 18.513912]}, "properties": {"depth": 4.17}}, {"type": "Feature", "geometry": {"type": "Point", "coordinates": [73.932178, 18.514079]}, "properties": {"depth": 4.9}}, {"type": "Feature", "geometry": {"type": "Point", "coordinates": [73.932171, 18.514258]}, "properties": {"depth": 4.9}}, {"type": "Feature", "geometry": {"type": "Point", "coordinates": [73.932953, 18.514428]}, "properties": {"depth": 0.94}}, {"type": "Feature", "geometry": {"type": "Point", "coordinates": [73.932028, 18.514943]}, "properties": {"depth": 6.82}}, {"type": "Feature", "geometry": {"type": "Point", "coordinates": [73.932372, 18.515107]}, "properties": {"depth": 5.36}}, {"type": "Feature", "geometry": {"type": "Point", "coordinates": [73.927395, 18.514191]}, "properties": {"depth": 3.17}}, {"type": "Feature", "geometry": {"type": "Point", "coordinates": [73.927808, 18.516319]}, "properties": {"depth": 4.45}}, {"type": "Feature", "geometry": {"type": "Point", "coordinates": [73.928139, 18.516653]}, "properties": {"depth": 3.16}}, {"type": "Feature", "geometry": {"type": "Point", "coordinates": [73.927078, 18.517003]}, "properties": {"depth": 1.44}}, {"type": "Feature", "geometry": {"type": "Point", "coordinates": [73.92759, 18.517145]}, "properties": {"depth": 4.29}}, {"type": "Feature", "geometry": {"type": "Point", "coordinates": [73.927431, 18.51769]}, "properties": {"depth": 2.99}}, {"type": "Feature", "geometry": {"type": "Point", "coordinates": [73.927437, 18.518292]}, "properties": {"depth": 2.24}}, {"type": "Feature", "geometry": {"type": "Point", "coordinates": [73.93135, 18.513277]}, "properties": {"depth": 3.69}}, {"type": "Feature", "geometry": {"type": "Point", "coordinates": [73.931209, 18.513275]}, "properties": {"depth": 3.47}}, {"type": "Feature", "geometry": {"type": "Point", "coordinates": [73.931061, 18.513295]}, "properties": {"depth": 3.47}}, {"type": "Feature", "geometry": {"type": "Point", "coordinates": [73.931645, 18.513351]}, "properties": {"depth": 3.27}}, {"type": "Feature", "geometry": {"type": "Point", "coordinates": [73.931842, 18.513379]}, "properties": {"depth": 5.39}}, {"type": "Feature", "geometry": {"type": "Point", "coordinates": [73.931361, 18.513458]}, "properties": {"depth": 3.69}}, {"type": "Feature", "geometry": {"type": "Point", "coordinates": [73.931224, 18.513463]}, "properties": {"depth": 3.47}}, {"type": "Feature", "geometry": {"type": "Point", "coordinates": [73.931071, 18.513475]}, "properties": {"depth": 5.28}}, {"type": "Feature", "geometry": {"type": "Point", "coordinates": [73.931645, 18.513509]}, "properties": {"depth": 4.63}}, {"type": "Feature", "geometry": {"type": "Point", "coordinates": [73.931657, 18.51364]}, "properties": {"depth": 4.63}}, {"type": "Feature", "geometry": {"type": "Point", "coordinates": [73.930878, 18.513367]}, "properties": {"depth": 2.59}}, {"type": "Feature", "geometry": {"type": "Point", "coordinates": [73.930448, 18.513483]}, "properties": {"depth": 4.34}}, {"type": "Feature", "geometry": {"type": "Point", "coordinates": [73.930225, 18.513507]}, "properties": {"depth": 4.41}}, {"type": "Feature", "geometry": {"type": "Point", "coordinates": [73.930074, 18.513523]}, "properties": {"depth": 4.06}}, {"type": "Feature", "geometry": {"type": "Point", "coordinates": [73.930878, 18.513536]}, "properties": {"depth": 4.23}}, {"type": "Feature", "geometry": {"type": "Point", "coordinates": [73.929926, 18.513532]}, "properties": {"depth": 4.06}}, {"type": "Feature", "geometry": {"type": "Point", "coordinates": [73.930474, 18.513624]}, "properties": {"depth": 4.34}}, {"type": "Feature", "geometry": {"type": "Point", "coordinates": [73.930872, 18.513691]}, "properties": {"depth": 4.23}}, {"type": "Feature", "geometry": {"type": "Point", "coordinates": [73.930475, 18.513792]}, "properties": {"depth": 3.33}}, {"type": "Feature", "geometry": {"type": "Point", "coordinates": [73.92967, 18.513819]}, "properties": {"depth": 5.57}}, {"type": "Feature", "geometry": {"type": "Point", "coordinates": [73.929222, 18.512854]}, "properties": {"depth": 0.1}}, {"type": "Feature", "geometry": {"type": "Point", "coordinates": [73.929368, 18.513349]}, "properties": {"depth": 2.32}}, {"type": "Feature", "geometry": {"type": "Point", "coordinates": [73.929521, 18.513362]}, "properties": {"depth": 2.32}}, {"type": "Feature", "geometry": {"type": "Point", "coordinates": [73.929217, 18.513373]}, "properties": {"depth": 1.94}}, {"type": "Feature", "geometry": {"type": "Point", "coordinates": [73.929064, 18.513374]}, "properties": {"depth": 1.94}}, {"type": "Feature", "geometry": {"type": "Point", "coordinates": [73.929379, 18.513553]}, "properties": {"depth": 2.35}}, {"type": "Feature", "geometry": {"type": "Point", "coordinates": [73.929071, 18.51358]}, "properties": {"depth": 2.05}}, {"type": "Feature", "geometry": {"type": "Point", "coordinates": [73.929074, 18.513807]}, "properties": {"depth": 3.02}}, {"type": "Feature", "geometry": {"type": "Point", "coordinates": [73.929372, 18.513896]}, "properties": {"depth": 3.58}}, {"type": "Feature", "geometry": {"type": "Point", "coordinates": [73.930878, 18.513898]}, "properties": {"depth": 5.59}}, {"type": "Feature", "geometry": {"type": "Point", "coordinates": [73.930106, 18.513878]}, "properties": {"depth": 6.4}}, {"type": "Feature", "geometry": {"type": "Point", "coordinates": [73.930495, 18.513943]}, "properties": {"depth": 3.33}}, {"type": "Feature", "geometry": {"type": "Point", "coordinates": [73.929761, 18.514082]}, "properties": {"depth": 5.2}}, {"type": "Feature", "geometry": {"type": "Point", "coordinates": [73.930407, 18.514124]}, "properties": {"depth": 3.97}}, {"type": "Feature", "geometry": {"type": "Point", "coordinates": [73.930142, 18.514364]}, "properties": {"depth": 2.6}}, {"type": "Feature", "geometry": {"type": "Point", "coordinates": [73.929845, 18.514427]}, "properties": {"depth": 2.07}}, {"type": "Feature", "geometry": {"type": "Point", "coordinates": [73.929655, 18.514448]}, "properties": {"depth": 2.07}}, {"type": "Feature", "geometry": {"type": "Point", "coordinates": [73.929765, 18.515097]}, "properties": {"depth": 3.47}}, {"type": "Feature", "geometry": {"type": "Point", "coordinates": [73.930464, 18.515315]}, "properties": {"depth": 4.17}}, {"type": "Feature", "geometry": {"type": "Point", "coordinates": [73.930944, 18.514129]}, "properties": {"depth": 2.69}}, {"type": "Feature", "geometry": {"type": "Point", "coordinates": [73.931664, 18.514332]}, "properties": {"depth": 1.98}}, {"type": "Feature", "geometry": {"type": "Point", "coordinates": [73.931937, 18.514346]}, "properties": {"depth": 1.4}}, {"type": "Feature", "geometry": {"type": "Point", "coordinates": [73.931459, 18.514354]}, "properties": {"depth": 2.26}}, {"type": "Feature", "geometry": {"type": "Point", "coordinates": [73.931716, 18.514954]}, "properties": {"depth": 5.26}}, {"type": "Feature", "geometry": {"type": "Point", "coordinates": [73.931552, 18.515019]}, "properties": {"depth": 5.26}}, {"type": "Feature", "geometry": {"type": "Point", "coordinates": [73.931256, 18.51511]}, "properties": {"depth": 1.68}}, {"type": "Feature", "geometry": {"type": "Point", "coordinates": [73.931886, 18.515251]}, "properties": {"depth": 5.13}}, {"type": "Feature", "geometry": {"type": "Point", "coordinates": [73.931535, 18.515255]}, "properties": {"depth": 6.87}}, {"type": "Feature", "geometry": {"type": "Point", "coordinates": [73.931112, 18.515256]}, "properties": {"depth": 4.78}}, {"type": "Feature", "geometry": {"type": "Point", "coordinates": [73.930942, 18.515372]}, "properties": {"depth": 3.21}}, {"type": "Feature", "geometry": {"type": "Point", "coordinates": [73.931304, 18.515443]}, "properties": {"depth": 4.64}}, {"type": "Feature", "geometry": {"type": "Point", "coordinates": [73.930951, 18.515534]}, "properties": {"depth": 5.04}}, {"type": "Feature", "geometry": {"type": "Point", "coordinates": [73.931849, 18.515626]}, "properties": {"depth": 5.3}}, {"type": "Feature", "geometry": {"type": "Point", "coordinates": [73.931543, 18.51563]}, "properties": {"depth": 6.54}}, {"type": "Feature", "geometry": {"type": "Point", "coordinates": [73.930956, 18.515708]}, "properties": {"depth": 6.46}}, {"type": "Feature", "geometry": {"type": "Point", "coordinates": [73.931636, 18.515903]}, "properties": {"depth": 7.41}}, {"type": "Feature", "geometry": {"type": "Point", "coordinates": [73.9314, 18.515924]}, "properties": {"depth": 6.11}}, {"type": "Feature", "geometry": {"type": "Point", "coordinates": [73.931187, 18.515937]}, "properties": {"depth": 6.41}}, {"type": "Feature", "geometry": {"type": "Point", "coordinates": [73.931832, 18.516078]}, "properties": {"depth": 6.21}}, {"type": "Feature", "geometry": {"type": "Point", "coordinates": [73.929092, 18.514037]}, "properties": {"depth": 3.85}}, {"type": "Feature", "geometry": {"type": "Point", "coordinates": [73.929103, 18.514229]}, "properties": {"depth": 3.85}}, {"type": "Feature", "geometry": {"type": "Point", "coordinates": [73.929128, 18.514433]}, "properties": {"depth": 1.9}}, {"type": "Feature", "geometry": {"type": "Point", "coordinates": [73.929506, 18.514436]}, "properties": {"depth": 1.57}}, {"type": "Feature", "geometry": {"type": "Point", "coordinates": [73.929337, 18.514458]}, "properties": {"depth": 1.57}}, {"type": "Feature", "geometry": {"type": "Point", "coordinates": [73.928573, 18.515627]}, "properties": {"depth": 3.7}}, {"type": "Feature", "geometry": {"type": "Point", "coordinates": [73.92926, 18.516694]}, "properties": {"depth": 3.14}}, {"type": "Feature", "geometry": {"type": "Point", "coordinates": [73.928449, 18.516953]}, "properties": {"depth": 2.39}}, {"type": "Feature", "geometry": {"type": "Point", "coordinates": [73.928424, 18.517648]}, "properties": {"depth": 2.86}}, {"type": "Feature", "geometry": {"type": "Point", "coordinates": [73.930564, 18.515556]}, "properties": {"depth": 6.19}}, {"type": "Feature", "geometry": {"type": "Point", "coordinates": [73.930574, 18.515694]}, "properties": {"depth": 6.19}}, {"type": "Feature", "geometry": {"type": "Point", "coordinates": [73.929778, 18.515728]}, "properties": {"depth": 6.72}}, {"type": "Feature", "geometry": {"type": "Point", "coordinates": [73.93057, 18.515919]}, "properties": {"depth": 6.7}}, {"type": "Feature", "geometry": {"type": "Point", "coordinates": [73.930342, 18.515955]}, "properties": {"depth": 7.72}}, {"type": "Feature", "geometry": {"type": "Point", "coordinates": [73.929999, 18.515979]}, "properties": {"depth": 7.7}}, {"type": "Feature", "geometry": {"type": "Point", "coordinates": [73.930365, 18.516146]}, "properties": {"depth": 6.39}}, {"type": "Feature", "geometry": {"type": "Point", "coordinates": [73.930004, 18.516162]}, "properties": {"depth": 7.7}}, {"type": "Feature", "geometry": {"type": "Point", "coordinates": [73.929813, 18.51618]}, "properties": {"depth": 6.04}}, {"type": "Feature", "geometry": {"type": "Point", "coordinates": [73.929999, 18.51661]}, "properties": {"depth": 4.67}}, {"type": "Feature", "geometry": {"type": "Point", "coordinates": [73.931665, 18.516081]}, "properties": {"depth": 7.15}}, {"type": "Feature", "geometry": {"type": "Point", "coordinates": [73.9315, 18.516092]}, "properties": {"depth": 6.87}}, {"type": "Feature", "geometry": {"type": "Point", "coordinates": [73.931338, 18.516504]}, "properties": {"depth": 7.54}}, {"type": "Feature", "geometry": {"type": "Point", "coordinates": [73.931338, 18.517016]}, "properties": {"depth": 1.69}}, {"type": "Feature", "geometry": {"type": "Point", "coordinates": [73.931687, 18.517378]}, "properties": {"depth": 0.85}}, {"type": "Feature", "geometry": {"type": "Point", "coordinates": [73.930461, 18.5172]}, "properties": {"depth": 2.59}}, {"type": "Feature", "geometry": {"type": "Point", "coordinates": [73.929666, 18.517486]}, "properties": {"depth": 2.14}}, {"type": "Feature", "geometry": {"type": "Point", "coordinates": [73.930041, 18.518037]}, "properties": {"depth": 4.45}}, {"type": "Feature", "geometry": {"type": "Point", "coordinates": [73.925067, 18.515471]}, "properties": {"depth": 4.67}}, {"type": "Feature", "geometry": {"type": "Point", "coordinates": [73.924055, 18.515846]}, "properties": {"depth": 1.97}}, {"type": "Feature", "geometry": {"type": "Point", "coordinates": [73.92483, 18.516485]}, "properties": {"depth": 3.14}}, {"type": "Feature", "geometry": {"type": "Point", "coordinates": [73.925589, 18.517153]}, "properties": {"depth": 3.16}}, {"type": "Feature", "geometry": {"type": "Point", "coordinates": [73.92416, 18.517433]}, "properties": {"depth": 0.96}}, {"type": "Feature", "geometry": {"type": "Point", "coordinates": [73.924989, 18.517501]}, "properties": {"depth": 1.43}}, {"type": "Feature", "geometry": {"type": "Point", "coordinates": [73.923877, 18.518156]}, "properties": {"depth": 9.59}}, {"type": "Feature", "geometry": {"type": "Point", "coordinates": [73.924817, 18.518298]}, "properties": {"depth": 2.0}}, {"type": "Feature", "geometry": {"type": "Point", "coordinates": [73.924069, 18.518304]}, "properties": {"depth": 2.85}}, {"type": "Feature", "geometry": {"type": "Point", "coordinates": [73.924084, 18.518655]}, "properties": {"depth": 7.99}}, {"type": "Feature", "geometry": {"type": "Point", "coordinates": [73.924098, 18.519008]}, "properties": {"depth": 7.93}}, {"type": "Feature", "geometry": {"type": "Point", "coordinates": [73.926649, 18.517786]}, "properties": {"depth": 4.39}}, {"type": "Feature", "geometry": {"type": "Point", "coordinates": [73.92666, 18.517922]}, "properties": {"depth": 5.48}}, {"type": "Feature", "geometry": {"type": "Point", "coordinates": [73.926663, 18.518067]}, "properties": {"depth": 5.48}}, {"type": "Feature", "geometry": {"type": "Point", "coordinates": [73.926223, 18.518066]}, "properties": {"depth": 6.12}}, {"type": "Feature", "geometry": {"type": "Point", "coordinates": [73.926683, 18.518198]}, "properties": {"depth": 13.32}}, {"type": "Feature", "geometry": {"type": "Point", "coordinates": [73.926036, 18.518251]}, "properties": {"depth": 5.52}}, {"type": "Feature", "geometry": {"type": "Point", "coordinates": [73.925625, 18.518276]}, "properties": {"depth": 0.39}}, {"type": "Feature", "geometry": {"type": "Point", "coordinates": [73.926751, 18.51842]}, "properties": {"depth": 13.32}}, {"type": "Feature", "geometry": {"type": "Point", "coordinates": [73.926048, 18.51866]}, "properties": {"depth": 8.55}}, {"type": "Feature", "geometry": {"type": "Point", "coordinates": [73.926789, 18.518959]}, "properties": {"depth": 6.92}}, {"type": "Feature", "geometry": {"type": "Point", "coordinates": [73.924462, 18.519051]}, "properties": {"depth": 0.93}}, {"type": "Feature", "geometry": {"type": "Point", "coordinates": [73.925244, 18.519114]}, "properties": {"depth": 2.65}}, {"type": "Feature", "geometry": {"type": "Point", "coordinates": [73.925225, 18.519569]}, "properties": {"depth": 8.71}}, {"type": "Feature", "geometry": {"type": "Point", "coordinates": [73.924184, 18.519658]}, "properties": {"depth": 10.68}}, {"type": "Feature", "geometry": {"type": "Point", "coordinates": [73.924942, 18.519787]}, "properties": {"depth": 13.2}}, {"type": "Feature", "geometry": {"type": "Point", "coordinates": [73.925487, 18.519848]}, "properties": {"depth": 12.36}}, {"type": "Feature", "geometry": {"type": "Point", "coordinates": [73.924471, 18.520074]}, "properties": {"depth": 4.44}}, {"type": "Feature", "geometry": {"type": "Point", "coordinates": [73.924843, 18.520697]}, "properties": {"depth": 9.38}}, {"type": "Feature", "geometry": {"type": "Point", "coordinates": [73.925351, 18.520814]}, "properties": {"depth": 4.86}}, {"type": "Feature", "geometry": {"type": "Point", "coordinates": [73.926061, 18.519155]}, "properties": {"depth": 4.29}}, {"type": "Feature", "geometry": {"type": "Point", "coordinates": [73.925669, 18.519168]}, "properties": {"depth": 2.37}}, {"type": "Feature", "geometry": {"type": "Point", "coordinates": [73.927017, 18.519258]}, "properties": {"depth": 8.85}}, {"type": "Feature", "geometry": {"type": "Point", "coordinates": [73.92599, 18.519626]}, "properties": {"depth": 11.29}}, {"type": "Feature", "geometry": {"type": "Point", "coordinates": [73.926311, 18.519708]}, "properties": {"depth": 14.07}}, {"type": "Feature", "geometry": {"type": "Point", "coordinates": [73.926144, 18.519729]}, "properties": {"depth": 11.29}}, {"type": "Feature", "geometry": {"type": "Point", "coordinates": [73.926872, 18.51978]}, "properties": {"depth": 11.15}}, {"type": "Feature", "geometry": {"type": "Point", "coordinates": [73.925966, 18.519888]}, "properties": {"depth": 10.79}}, {"type": "Feature", "geometry": {"type": "Point", "coordinates": [73.926771, 18.520521]}, "properties": {"depth": 9.93}}, {"type": "Feature", "geometry": {"type": "Point", "coordinates": [73.925809, 18.520935]}, "properties": {"depth": 6.57}}, {"type": "Feature", "geometry": {"type": "Point", "coordinates": [73.926269, 18.521058]}, "properties": {"depth": 8.12}}, {"type": "Feature", "geometry": {"type": "Point", "coordinates": [73.926005, 18.521444]}, "properties": {"depth": 8.62}}, {"type": "Feature", "geometry": {"type": "Point", "coordinates": [73.926462, 18.521459]}, "properties": {"depth": 10.91}}, {"type": "Feature", "geometry": {"type": "Point", "coordinates": [73.92692, 18.521823]}, "properties": {"depth": 9.28}}, {"type": "Feature", "geometry": {"type": "Point", "coordinates": [73.926363, 18.522153]}, "properties": {"depth": 10.05}}, {"type": "Feature", "geometry": {"type": "Point", "coordinates": [73.925703, 18.52221]}, "properties": {"depth": 13.61}}, {"type": "Feature", "geometry": {"type": "Point", "coordinates": [73.926528, 18.522216]}, "properties": {"depth": 10.29}}, {"type": "Feature", "geometry": {"type": "Point", "coordinates": [73.926373, 18.522552]}, "properties": {"depth": 11.63}}, {"type": "Feature", "geometry": {"type": "Point", "coordinates": [73.926471, 18.522568]}, "properties": {"depth": 11.63}}, {"type": "Feature", "geometry": {"type": "Point", "coordinates": [73.926139, 18.52304]}, "properties": {"depth": 13.49}}, {"type": "Feature", "geometry": {"type": "Point", "coordinates": [73.92456, 18.520972]}, "properties": {"depth": 10.63}}, {"type": "Feature", "geometry": {"type": "Point", "coordinates": [73.924691, 18.521106]}, "properties": {"depth": 14.12}}, {"type": "Feature", "geometry": {"type": "Point", "coordinates": [73.924928, 18.521179]}, "properties": {"depth": 8.75}}, {"type": "Feature", "geometry": {"type": "Point", "coordinates": [73.925417, 18.52129]}, "properties": {"depth": 9.11}}, {"type": "Feature", "geometry": {"type": "Point", "coordinates": [73.924463, 18.521368]}, "properties": {"depth": 10.9}}, {"type": "Feature", "geometry": {"type": "Point", "coordinates": [73.925334, 18.521645]}, "properties": {"depth": 10.88}}, {"type": "Feature", "geometry": {"type": "Point", "coordinates": [73.924801, 18.52259]}, "properties": {"depth": 12.49}}, {"type": "Feature", "geometry": {"type": "Point", "coordinates": [73.923624, 18.520497]}, "properties": {"depth": 10.9}}, {"type": "Feature", "geometry": {"type": "Point", "coordinates": [73.923155, 18.520496]}, "properties": {"depth": 9.12}}, {"type": "Feature", "geometry": {"type": "Point", "coordinates": [73.923812, 18.521125]}, "properties": {"depth": 11.65}}, {"type": "Feature", "geometry": {"type": "Point", "coordinates": [73.922995, 18.521349]}, "properties": {"depth": 10.01}}, {"type": "Feature", "geometry": {"type": "Point", "coordinates": [73.922454, 18.521609]}, "properties": {"depth": 7.73}}, {"type": "Feature", "geometry": {"type": "Point", "coordinates": [73.926301, 18.523055]}, "properties": {"depth": 11.68}}, {"type": "Feature", "geometry": {"type": "Point", "coordinates": [73.926207, 18.523292]}, "properties": {"depth": 13.11}}, {"type": "Feature", "geometry": {"type": "Point", "coordinates": [73.926412, 18.523295]}, "properties": {"depth": 12.9}}, {"type": "Feature", "geometry": {"type": "Point", "coordinates": [73.929337, 18.518206]}, "properties": {"depth": 4.47}}, {"type": "Feature", "geometry": {"type": "Point", "coordinates": [73.928448, 18.518239]}, "properties": {"depth": 0.85}}, {"type": "Feature", "geometry": {"type": "Point", "coordinates": [73.928427, 18.518874]}, "properties": {"depth": 6.22}}, {"type": "Feature", "geometry": {"type": "Point", "coordinates": [73.929186, 18.519003]}, "properties": {"depth": 5.64}}, {"type": "Feature", "geometry": {"type": "Point", "coordinates": [73.928445, 18.519223]}, "properties": {"depth": 2.51}}, {"type": "Feature", "geometry": {"type": "Point", "coordinates": [73.9282, 18.519409]}, "properties": {"depth": 6.37}}, {"type": "Feature", "geometry": {"type": "Point", "coordinates": [73.92831, 18.520689]}, "properties": {"depth": 3.82}}, {"type": "Feature", "geometry": {"type": "Point", "coordinates": [73.927626, 18.518926]}, "properties": {"depth": 6.44}}, {"type": "Feature", "geometry": {"type": "Point", "coordinates": [73.927568, 18.519327]}, "properties": {"depth": 8.36}}, {"type": "Feature", "geometry": {"type": "Point", "coordinates": [73.927897, 18.519364]}, "properties": {"depth": 7.21}}, {"type": "Feature", "geometry": {"type": "Point", "coordinates": [73.928116, 18.519804]}, "properties": {"depth": 3.92}}, {"type": "Feature", "geometry": {"type": "Point", "coordinates": [73.927655, 18.521504]}, "properties": {"depth": 5.87}}, {"type": "Feature", "geometry": {"type": "Point", "coordinates": [73.927267, 18.521887]}, "properties": {"depth": 9.44}}, {"type": "Feature", "geometry": {"type": "Point", "coordinates": [73.927688, 18.522013]}, "properties": {"depth": 9.83}}, {"type": "Feature", "geometry": {"type": "Point", "coordinates": [73.928, 18.522139]}, "properties": {"depth": 11.33}}, {"type": "Feature", "geometry": {"type": "Point", "coordinates": [73.927201, 18.522304]}, "properties": {"depth": 7.33}}, {"type": "Feature", "geometry": {"type": "Point", "coordinates": [73.928393, 18.520762]}, "properties": {"depth": 8.89}}, {"type": "Feature", "geometry": {"type": "Point", "coordinates": [73.928054, 18.522591]}, "properties": {"depth": 0.65}}, {"type": "Feature", "geometry": {"type": "Point", "coordinates": [73.92322, 18.517135]}, "properties": {"depth": 1.3}}, {"type": "Feature", "geometry": {"type": "Point", "coordinates": [73.922488, 18.517766]}, "properties": {"depth": 6.15}}, {"type": "Feature", "geometry": {"type": "Point", "coordinates": [73.922431, 18.518002]}, "properties": {"depth": 7.85}}, {"type": "Feature", "geometry": {"type": "Point", "coordinates": [73.923322, 18.51845]}, "properties": {"depth": 6.75}}, {"type": "Feature", "geometry": {"type": "Point", "coordinates": [73.922884, 18.518647]}, "properties": {"depth": 8.59}}, {"type": "Feature", "geometry": {"type": "Point", "coordinates": [73.923341, 18.518853]}, "properties": {"depth": 8.92}}, {"type": "Feature", "geometry": {"type": "Point", "coordinates": [73.922985, 18.519263]}, "properties": {"depth": 4.29}}, {"type": "Feature", "geometry": {"type": "Point", "coordinates": [73.923494, 18.519331]}, "properties": {"depth": 3.1}}, {"type": "Feature", "geometry": {"type": "Point", "coordinates": [73.923722, 18.519527]}, "properties": {"depth": 3.1}}, {"type": "Feature", "geometry": {"type": "Point", "coordinates": [73.923626, 18.519568]}, "properties": {"depth": 3.1}}, {"type": "Feature", "geometry": {"type": "Point", "coordinates": [73.923305, 18.520241]}, "properties": {"depth": 9.34}}, {"type": "Feature", "geometry": {"type": "Point", "coordinates": [73.876574, 18.520218]}, "properties": {"depth": 4.61}}, {"type": "Feature", "geometry": {"type": "Point", "coordinates": [73.876703, 18.520519]}, "properties": {"depth": 5.99}}, {"type": "Feature", "geometry": {"type": "Point", "coordinates": [73.876378, 18.520691]}, "properties": {"depth": 3.59}}, {"type": "Feature", "geometry": {"type": "Point", "coordinates": [73.877092, 18.522004]}, "properties": {"depth": 1.26}}, {"type": "Feature", "geometry": {"type": "Point", "coordinates": [73.876727, 18.522203]}, "properties": {"depth": 3.43}}, {"type": "Feature", "geometry": {"type": "Point", "coordinates": [73.877227, 18.522323]}, "properties": {"depth": 3.14}}, {"type": "Feature", "geometry": {"type": "Point", "coordinates": [73.876487, 18.522582]}, "properties": {"depth": 5.5}}, {"type": "Feature", "geometry": {"type": "Point", "coordinates": [73.877299, 18.522609]}, "properties": {"depth": 1.0}}, {"type": "Feature", "geometry": {"type": "Point", "coordinates": [73.876971, 18.522668]}, "properties": {"depth": 1.38}}, {"type": "Feature", "geometry": {"type": "Point", "coordinates": [73.876736, 18.522755]}, "properties": {"depth": 0.85}}, {"type": "Feature", "geometry": {"type": "Point", "coordinates": [73.876529, 18.522862]}, "properties": {"depth": 0.85}}, {"type": "Feature", "geometry": {"type": "Point", "coordinates": [73.877558, 18.522196]}, "properties": {"depth": 2.9}}, {"type": "Feature", "geometry": {"type": "Point", "coordinates": [73.871941, 18.518912]}, "properties": {"depth": 7.26}}, {"type": "Feature", "geometry": {"type": "Point", "coordinates": [73.871591, 18.51894]}, "properties": {"depth": 7.56}}, {"type": "Feature", "geometry": {"type": "Point", "coordinates": [73.872534, 18.518993]}, "properties": {"depth": 3.83}}, {"type": "Feature", "geometry": {"type": "Point", "coordinates": [73.872313, 18.519016]}, "properties": {"depth": 6.03}}, {"type": "Feature", "geometry": {"type": "Point", "coordinates": [73.872089, 18.519044]}, "properties": {"depth": 4.11}}, {"type": "Feature", "geometry": {"type": "Point", "coordinates": [73.871898, 18.519119]}, "properties": {"depth": 5.28}}, {"type": "Feature", "geometry": {"type": "Point", "coordinates": [73.872581, 18.519339]}, "properties": {"depth": 5.57}}, {"type": "Feature", "geometry": {"type": "Point", "coordinates": [73.872536, 18.519728]}, "properties": {"depth": 0.31}}, {"type": "Feature", "geometry": {"type": "Point", "coordinates": [73.871376, 18.519875]}, "properties": {"depth": 2.0}}, {"type": "Feature", "geometry": {"type": "Point", "coordinates": [73.870646, 18.51983]}, "properties": {"depth": 8.38}}, {"type": "Feature", "geometry": {"type": "Point", "coordinates": [73.870927, 18.519863]}, "properties": {"depth": 8.57}}, {"type": "Feature", "geometry": {"type": "Point", "coordinates": [73.870699, 18.520292]}, "properties": {"depth": 8.31}}, {"type": "Feature", "geometry": {"type": "Point", "coordinates": [73.870879, 18.520318]}, "properties": {"depth": 8.31}}, {"type": "Feature", "geometry": {"type": "Point", "coordinates": [73.871251, 18.520411]}, "properties": {"depth": 8.61}}, {"type": "Feature", "geometry": {"type": "Point", "coordinates": [73.871037, 18.520421]}, "properties": {"depth": 8.71}}, {"type": "Feature", "geometry": {"type": "Point", "coordinates": [73.870672, 18.520641]}, "properties": {"depth": 7.78}}, {"type": "Feature", "geometry": {"type": "Point", "coordinates": [73.87085, 18.520647]}, "properties": {"depth": 8.17}}, {"type": "Feature", "geometry": {"type": "Point", "coordinates": [73.871221, 18.520679]}, "properties": {"depth": 8.71}}, {"type": "Feature", "geometry": {"type": "Point", "coordinates": [73.870998, 18.520826]}, "properties": {"depth": 9.09}}, {"type": "Feature", "geometry": {"type": "Point", "coordinates": [73.871167, 18.520928]}, "properties": {"depth": 9.09}}, {"type": "Feature", "geometry": {"type": "Point", "coordinates": [73.870594, 18.520952]}, "properties": {"depth": 6.41}}, {"type": "Feature", "geometry": {"type": "Point", "coordinates": [73.870484, 18.521368]}, "properties": {"depth": 6.13}}, {"type": "Feature", "geometry": {"type": "Point", "coordinates": [73.870653, 18.521386]}, "properties": {"depth": 6.13}}, {"type": "Feature", "geometry": {"type": "Point", "coordinates": [73.871002, 18.521382]}, "properties": {"depth": 8.01}}, {"type": "Feature", "geometry": {"type": "Point", "coordinates": [73.871703, 18.519885]}, "properties": {"depth": 4.52}}, {"type": "Feature", "geometry": {"type": "Point", "coordinates": [73.872565, 18.520185]}, "properties": {"depth": 5.11}}, {"type": "Feature", "geometry": {"type": "Point", "coordinates": [73.872591, 18.520951]}, "properties": {"depth": 5.82}}, {"type": "Feature", "geometry": {"type": "Point", "coordinates": [73.871746, 18.521602]}, "properties": {"depth": 7.07}}, {"type": "Feature", "geometry": {"type": "Point", "coordinates": [73.872217, 18.522439]}, "properties": {"depth": 3.4}}, {"type": "Feature", "geometry": {"type": "Point", "coordinates": [73.871466, 18.522508]}, "properties": {"depth": 4.44}}, {"type": "Feature", "geometry": {"type": "Point", "coordinates": [73.871775, 18.522737]}, "properties": {"depth": 3.63}}, {"type": "Feature", "geometry": {"type": "Point", "coordinates": [73.871477, 18.523129]}, "properties": {"depth": 1.15}}, {"type": "Feature", "geometry": {"type": "Point", "coordinates": [73.871746, 18.523512]}, "properties": {"depth": 1.3}}, {"type": "Feature", "geometry": {"type": "Point", "coordinates": [73.872664, 18.517956]}, "properties": {"depth": 5.12}}, {"type": "Feature", "geometry": {"type": "Point", "coordinates": [73.87287, 18.517993]}, "properties": {"depth": 5.12}}, {"type": "Feature", "geometry": {"type": "Point", "coordinates": [73.873534, 18.518138]}, "properties": {"depth": 2.13}}, {"type": "Feature", "geometry": {"type": "Point", "coordinates": [73.873257, 18.518137]}, "properties": {"depth": 2.82}}, {"type": "Feature", "geometry": {"type": "Point", "coordinates": [73.873, 18.518156]}, "properties": {"depth": 3.33}}, {"type": "Feature", "geometry": {"type": "Point", "coordinates": [73.873914, 18.518148]}, "properties": {"depth": 0.98}}, {"type": "Feature", "geometry": {"type": "Point", "coordinates": [73.872738, 18.518404]}, "properties": {"depth": 6.93}}, {"type": "Feature", "geometry": {"type": "Point", "coordinates": [73.874116, 18.518502]}, "properties": {"depth": 2.42}}, {"type": "Feature", "geometry": {"type": "Point", "coordinates": [73.873822, 18.518529]}, "properties": {"depth": 2.5}}, {"type": "Feature", "geometry": {"type": "Point", "coordinates": [73.873523, 18.518551]}, "properties": {"depth": 3.29}}, {"type": "Feature", "geometry": {"type": "Point", "coordinates": [73.873247, 18.51857]}, "properties": {"depth": 2.7}}, {"type": "Feature", "geometry": {"type": "Point", "coordinates": [73.872982, 18.518587]}, "properties": {"depth": 3.68}}, {"type": "Feature", "geometry": {"type": "Point", "coordinates": [73.873695, 18.518909]}, "properties": {"depth": 4.87}}, {"type": "Feature", "geometry": {"type": "Point", "coordinates": [73.876237, 18.518713]}, "properties": {"depth": 1.64}}, {"type": "Feature", "geometry": {"type": "Point", "coordinates": [73.875303, 18.518883]}, "properties": {"depth": 0.81}}, {"type": "Feature", "geometry": {"type": "Point", "coordinates": [73.875979, 18.519137]}, "properties": {"depth": 1.74}}, {"type": "Feature", "geometry": {"type": "Point", "coordinates": [73.875622, 18.519241]}, "properties": {"depth": 0.9}}, {"type": "Feature", "geometry": {"type": "Point", "coordinates": [73.875266, 18.519333]}, "properties": {"depth": 2.47}}, {"type": "Feature", "geometry": {"type": "Point", "coordinates": [73.873458, 18.518914]}, "properties": {"depth": 3.98}}, {"type": "Feature", "geometry": {"type": "Point", "coordinates": [73.873234, 18.518939]}, "properties": {"depth": 3.98}}, {"type": "Feature", "geometry": {"type": "Point", "coordinates": [73.873008, 18.518962]}, "properties": {"depth": 4.85}}, {"type": "Feature", "geometry": {"type": "Point", "coordinates": [73.872752, 18.518974]}, "properties": {"depth": 4.49}}, {"type": "Feature", "geometry": {"type": "Point", "coordinates": [73.87384, 18.519191]}, "properties": {"depth": 0.54}}, {"type": "Feature", "geometry": {"type": "Point", "coordinates": [73.873465, 18.519943]}, "properties": {"depth": 0.0}}, {"type": "Feature", "geometry": {"type": "Point", "coordinates": [73.873153, 18.52002]}, "properties": {"depth": 0.32}}, {"type": "Feature", "geometry": {"type": "Point", "coordinates": [73.872825, 18.520037]}, "properties": {"depth": 1.41}}, {"type": "Feature", "geometry": {"type": "Point", "coordinates": [73.873788, 18.520371]}, "properties": {"depth": 2.05}}, {"type": "Feature", "geometry": {"type": "Point", "coordinates": [73.873576, 18.520489]}, "properties": {"depth": 0.85}}, {"type": "Feature", "geometry": {"type": "Point", "coordinates": [73.873843, 18.52053]}, "properties": {"depth": 1.27}}, {"type": "Feature", "geometry": {"type": "Point", "coordinates": [73.872878, 18.520615]}, "properties": {"depth": 6.77}}, {"type": "Feature", "geometry": {"type": "Point", "coordinates": [73.873436, 18.520832]}, "properties": {"depth": 2.91}}, {"type": "Feature", "geometry": {"type": "Point", "coordinates": [73.873187, 18.520857]}, "properties": {"depth": 6.6}}, {"type": "Feature", "geometry": {"type": "Point", "coordinates": [73.873621, 18.521146]}, "properties": {"depth": 6.98}}, {"type": "Feature", "geometry": {"type": "Point", "coordinates": [73.875627, 18.519737]}, "properties": {"depth": 2.96}}, {"type": "Feature", "geometry": {"type": "Point", "coordinates": [73.876089, 18.519768]}, "properties": {"depth": 0.65}}, {"type": "Feature", "geometry": {"type": "Point", "coordinates": [73.87588, 18.519855]}, "properties": {"depth": 2.54}}, {"type": "Feature", "geometry": {"type": "Point", "coordinates": [73.876148, 18.520178]}, "properties": {"depth": 1.18}}, {"type": "Feature", "geometry": {"type": "Point", "coordinates": [73.87594, 18.520213]}, "properties": {"depth": 4.69}}, {"type": "Feature", "geometry": {"type": "Point", "coordinates": [73.876041, 18.520489]}, "properties": {"depth": 2.25}}, {"type": "Feature", "geometry": {"type": "Point", "coordinates": [73.876135, 18.520735]}, "properties": {"depth": 1.27}}, {"type": "Feature", "geometry": {"type": "Point", "coordinates": [73.875075, 18.52102]}, "properties": {"depth": 6.16}}, {"type": "Feature", "geometry": {"type": "Point", "coordinates": [73.875215, 18.52109]}, "properties": {"depth": 5.35}}, {"type": "Feature", "geometry": {"type": "Point", "coordinates": [73.875549, 18.521422]}, "properties": {"depth": 2.08}}, {"type": "Feature", "geometry": {"type": "Point", "coordinates": [73.874604, 18.519357]}, "properties": {"depth": 3.78}}, {"type": "Feature", "geometry": {"type": "Point", "coordinates": [73.873943, 18.520293]}, "properties": {"depth": 2.05}}, {"type": "Feature", "geometry": {"type": "Point", "coordinates": [73.87439, 18.522012]}, "properties": {"depth": 1.69}}, {"type": "Feature", "geometry": {"type": "Point", "coordinates": [73.87394, 18.522123]}, "properties": {"depth": 0.45}}, {"type": "Feature", "geometry": {"type": "Point", "coordinates": [73.874919, 18.522201]}, "properties": {"depth": 4.75}}, {"type": "Feature", "geometry": {"type": "Point", "coordinates": [73.874159, 18.522299]}, "properties": {"depth": 2.55}}, {"type": "Feature", "geometry": {"type": "Point", "coordinates": [73.874459, 18.522309]}, "properties": {"depth": 1.06}}, {"type": "Feature", "geometry": {"type": "Point", "coordinates": [73.874295, 18.523157]}, "properties": {"depth": 0.19}}, {"type": "Feature", "geometry": {"type": "Point", "coordinates": [73.873441, 18.521246]}, "properties": {"depth": 6.31}}, {"type": "Feature", "geometry": {"type": "Point", "coordinates": [73.873085, 18.521358]}, "properties": {"depth": 2.56}}, {"type": "Feature", "geometry": {"type": "Point", "coordinates": [73.873285, 18.521406]}, "properties": {"depth": 3.94}}, {"type": "Feature", "geometry": {"type": "Point", "coordinates": [73.872751, 18.521768]}, "properties": {"depth": 3.79}}, {"type": "Feature", "geometry": {"type": "Point", "coordinates": [73.873152, 18.521803]}, "properties": {"depth": 2.43}}, {"type": "Feature", "geometry": {"type": "Point", "coordinates": [73.873577, 18.521989]}, "properties": {"depth": 3.4}}, {"type": "Feature", "geometry": {"type": "Point", "coordinates": [73.872939, 18.522471]}, "properties": {"depth": 0.98}}, {"type": "Feature", "geometry": {"type": "Point", "coordinates": [73.872999, 18.522831]}, "properties": {"depth": 1.36}}, {"type": "Feature", "geometry": {"type": "Point", "coordinates": [73.873281, 18.522977]}, "properties": {"depth": 0.21}}, {"type": "Feature", "geometry": {"type": "Point", "coordinates": [73.875094, 18.522026]}, "properties": {"depth": 5.4}}, {"type": "Feature", "geometry": {"type": "Point", "coordinates": [73.875677, 18.522486]}, "properties": {"depth": 6.77}}, {"type": "Feature", "geometry": {"type": "Point", "coordinates": [73.87508, 18.522604]}, "properties": {"depth": 0.39}}, {"type": "Feature", "geometry": {"type": "Point", "coordinates": [73.875715, 18.522919]}, "properties": {"depth": 4.94}}, {"type": "Feature", "geometry": {"type": "Point", "coordinates": [73.875148, 18.522907]}, "properties": {"depth": 7.83}}, {"type": "Feature", "geometry": {"type": "Point", "coordinates": [73.875425, 18.522945]}, "properties": {"depth": 4.45}}, {"type": "Feature", "geometry": {"type": "Point", "coordinates": [73.875018, 18.5231]}, "properties": {"depth": 8.83}}, {"type": "Feature", "geometry": {"type": "Point", "coordinates": [73.875441, 18.523152]}, "properties": {"depth": 4.45}}, {"type": "Feature", "geometry": {"type": "Point", "coordinates": [73.875909, 18.523689]}, "properties": {"depth": 4.65}}, {"type": "Feature", "geometry": {"type": "Point", "coordinates": [73.875612, 18.523691]}, "properties": {"depth": 3.18}}, {"type": "Feature", "geometry": {"type": "Point", "coordinates": [73.873062, 18.523186]}, "properties": {"depth": 4.39}}, {"type": "Feature", "geometry": {"type": "Point", "coordinates": [73.873585, 18.523202]}, "properties": {"depth": 1.42}}, {"type": "Feature", "geometry": {"type": "Point", "coordinates": [73.87356, 18.52358]}, "properties": {"depth": 5.67}}, {"type": "Feature", "geometry": {"type": "Point", "coordinates": [73.873352, 18.523702]}, "properties": {"depth": 2.75}}, {"type": "Feature", "geometry": {"type": "Point", "coordinates": [73.873117, 18.523777]}, "properties": {"depth": 3.06}}, {"type": "Feature", "geometry": {"type": "Point", "coordinates": [73.872744, 18.523864]}, "properties": {"depth": 4.54}}, {"type": "Feature", "geometry": {"type": "Point", "coordinates": [73.87362, 18.524257]}, "properties": {"depth": 9.54}}, {"type": "Feature", "geometry": {"type": "Point", "coordinates": [73.873223, 18.52433]}, "properties": {"depth": 5.76}}, {"type": "Feature", "geometry": {"type": "Point", "coordinates": [73.875256, 18.523882]}, "properties": {"depth": 8.76}}, {"type": "Feature", "geometry": {"type": "Point", "coordinates": [73.875652, 18.523946]}, "properties": {"depth": 6.63}}, {"type": "Feature", "geometry": {"type": "Point", "coordinates": [73.875198, 18.524058]}, "properties": {"depth": 9.77}}, {"type": "Feature", "geometry": {"type": "Point", "coordinates": [73.876022, 18.524118]}, "properties": {"depth": 4.48}}, {"type": "Feature", "geometry": {"type": "Point", "coordinates": [73.875379, 18.524179]}, "properties": {"depth": 9.77}}, {"type": "Feature", "geometry": {"type": "Point", "coordinates": [73.874982, 18.524249]}, "properties": {"depth": 3.49}}, {"type": "Feature", "geometry": {"type": "Point", "coordinates": [73.875227, 18.524335]}, "properties": {"depth": 9.24}}, {"type": "Feature", "geometry": {"type": "Point", "coordinates": [73.875916, 18.524498]}, "properties": {"depth": 2.6}}, {"type": "Feature", "geometry": {"type": "Point", "coordinates": [73.876603, 18.523142]}, "properties": {"depth": 1.29}}, {"type": "Feature", "geometry": {"type": "Point", "coordinates": [73.87706, 18.523318]}, "properties": {"depth": 2.63}}, {"type": "Feature", "geometry": {"type": "Point", "coordinates": [73.876881, 18.523443]}, "properties": {"depth": 2.63}}, {"type": "Feature", "geometry": {"type": "Point", "coordinates": [73.87667, 18.523472]}, "properties": {"depth": 3.77}}, {"type": "Feature", "geometry": {"type": "Point", "coordinates": [73.876833, 18.523663]}, "properties": {"depth": 3.6}}, {"type": "Feature", "geometry": {"type": "Point", "coordinates": [73.876888, 18.524355]}, "properties": {"depth": 5.74}}, {"type": "Feature", "geometry": {"type": "Point", "coordinates": [73.873972, 18.524018]}, "properties": {"depth": 7.1}}, {"type": "Feature", "geometry": {"type": "Point", "coordinates": [73.874026, 18.524183]}, "properties": {"depth": 10.77}}, {"type": "Feature", "geometry": {"type": "Point", "coordinates": [73.87425, 18.524252]}, "properties": {"depth": 7.82}}, {"type": "Feature", "geometry": {"type": "Point", "coordinates": [73.874019, 18.525049]}, "properties": {"depth": 5.39}}, {"type": "Feature", "geometry": {"type": "Point", "coordinates": [73.874909, 18.525076]}, "properties": {"depth": 4.57}}, {"type": "Feature", "geometry": {"type": "Point", "coordinates": [73.874588, 18.525128]}, "properties": {"depth": 1.51}}, {"type": "Feature", "geometry": {"type": "Point", "coordinates": [73.873514, 18.525116]}, "properties": {"depth": 4.07}}, {"type": "Feature", "geometry": {"type": "Point", "coordinates": [73.870831, 18.522257]}, "properties": {"depth": 4.92}}, {"type": "Feature", "geometry": {"type": "Point", "coordinates": [73.870643, 18.522415]}, "properties": {"depth": 5.87}}, {"type": "Feature", "geometry": {"type": "Point", "coordinates": [73.871055, 18.522865]}, "properties": {"depth": 4.92}}, {"type": "Feature", "geometry": {"type": "Point", "coordinates": [73.871178, 18.523664]}, "properties": {"depth": 2.26}}, {"type": "Feature", "geometry": {"type": "Point", "coordinates": [73.8721, 18.523967]}, "properties": {"depth": 2.19}}, {"type": "Feature", "geometry": {"type": "Point", "coordinates": [73.851178, 18.500143]}, "properties": {"depth": 9.92}}, {"type": "Feature", "geometry": {"type": "Point", "coordinates": [73.851089, 18.500255]}, "properties": {"depth": 9.92}}, {"type": "Feature", "geometry": {"type": "Point", "coordinates": [73.855325, 18.498602]}, "properties": {"depth": 1.68}}, {"type": "Feature", "geometry": {"type": "Point", "coordinates": [73.855569, 18.503031]}, "properties": {"depth": 1.53}}, {"type": "Feature", "geometry": {"type": "Point", "coordinates": [73.8554, 18.50373]}, "properties": {"depth": 0.84}}, {"type": "Feature", "geometry": {"type": "Point", "coordinates": [73.85447, 18.500792]}, "properties": {"depth": 1.4}}, {"type": "Feature", "geometry": {"type": "Point", "coordinates": [73.854022, 18.504452]}, "properties": {"depth": 5.39}}, {"type": "Feature", "geometry": {"type": "Point", "coordinates": [73.853, 18.500875]}, "properties": {"depth": 1.0}}, {"type": "Feature", "geometry": {"type": "Point", "coordinates": [73.85254, 18.502887]}, "properties": {"depth": 8.85}}, {"type": "Feature", "geometry": {"type": "Point", "coordinates": [73.852569, 18.503377]}, "properties": {"depth": 6.92}}, {"type": "Feature", "geometry": {"type": "Point", "coordinates": [73.852687, 18.503961]}, "properties": {"depth": 9.38}}, {"type": "Feature", "geometry": {"type": "Point", "coordinates": [73.853356, 18.504617]}, "properties": {"depth": 6.35}}, {"type": "Feature", "geometry": {"type": "Point", "coordinates": [73.854554, 18.504876]}, "properties": {"depth": 0.49}}, {"type": "Feature", "geometry": {"type": "Point", "coordinates": [73.854855, 18.504923]}, "properties": {"depth": 1.98}}, {"type": "Feature", "geometry": {"type": "Point", "coordinates": [73.854461, 18.504981]}, "properties": {"depth": 0.49}}, {"type": "Feature", "geometry": {"type": "Point", "coordinates": [73.854593, 18.505121]}, "properties": {"depth": 1.98}}, {"type": "Feature", "geometry": {"type": "Point", "coordinates": [73.852912, 18.505201]}, "properties": {"depth": 3.03}}, {"type": "Feature", "geometry": {"type": "Point", "coordinates": [73.853249, 18.50546]}, "properties": {"depth": 6.73}}, {"type": "Feature", "geometry": {"type": "Point", "coordinates": [73.852661, 18.505549]}, "properties": {"depth": 1.98}}, {"type": "Feature", "geometry": {"type": "Point", "coordinates": [73.852908, 18.505676]}, "properties": {"depth": 1.98}}, {"type": "Feature", "geometry": {"type": "Point", "coordinates": [73.854011, 18.505329]}, "properties": {"depth": 2.63}}, {"type": "Feature", "geometry": {"type": "Point", "coordinates": [73.849634, 18.499814]}, "properties": {"depth": 1.87}}, {"type": "Feature", "geometry": {"type": "Point", "coordinates": [73.849961, 18.500373]}, "properties": {"depth": 6.96}}, {"type": "Feature", "geometry": {"type": "Point", "coordinates": [73.849816, 18.500539]}, "properties": {"depth": 7.59}}, {"type": "Feature", "geometry": {"type": "Point", "coordinates": [73.84951, 18.500656]}, "properties": {"depth": 8.25}}, {"type": "Feature", "geometry": {"type": "Point", "coordinates": [73.849666, 18.500785]}, "properties": {"depth": 9.49}}, {"type": "Feature", "geometry": {"type": "Point", "coordinates": [73.849466, 18.500959]}, "properties": {"depth": 6.58}}, {"type": "Feature", "geometry": {"type": "Point", "coordinates": [73.849678, 18.501254]}, "properties": {"depth": 9.09}}, {"type": "Feature", "geometry": {"type": "Point", "coordinates": [73.849557, 18.501312]}, "properties": {"depth": 6.73}}, {"type": "Feature", "geometry": {"type": "Point", "coordinates": [73.850392, 18.500035]}, "properties": {"depth": 7.21}}, {"type": "Feature", "geometry": {"type": "Point", "coordinates": [73.850068, 18.500637]}, "properties": {"depth": 6.61}}, {"type": "Feature", "geometry": {"type": "Point", "coordinates": [73.850525, 18.501174]}, "properties": {"depth": 12.97}}, {"type": "Feature", "geometry": {"type": "Point", "coordinates": [73.850367, 18.501475]}, "properties": {"depth": 11.23}}, {"type": "Feature", "geometry": {"type": "Point", "coordinates": [73.85018, 18.501744]}, "properties": {"depth": 9.28}}, {"type": "Feature", "geometry": {"type": "Point", "coordinates": [73.850611, 18.501819]}, "properties": {"depth": 9.41}}, {"type": "Feature", "geometry": {"type": "Point", "coordinates": [73.850496, 18.502151]}, "properties": {"depth": 6.15}}, {"type": "Feature", "geometry": {"type": "Point", "coordinates": [73.850296, 18.50233]}, "properties": {"depth": 6.18}}, {"type": "Feature", "geometry": {"type": "Point", "coordinates": [73.851832, 18.49852]}, "properties": {"depth": 1.62}}, {"type": "Feature", "geometry": {"type": "Point", "coordinates": [73.852017, 18.502998]}, "properties": {"depth": 4.94}}, {"type": "Feature", "geometry": {"type": "Point", "coordinates": [73.851761, 18.503161]}, "properties": {"depth": 2.23}}, {"type": "Feature", "geometry": {"type": "Point", "coordinates": [73.851546, 18.503206]}, "properties": {"depth": 3.67}}, {"type": "Feature", "geometry": {"type": "Point", "coordinates": [73.851678, 18.503425]}, "properties": {"depth": 3.67}}, {"type": "Feature", "geometry": {"type": "Point", "coordinates": [73.852136, 18.503442]}, "properties": {"depth": 6.21}}, {"type": "Feature", "geometry": {"type": "Point", "coordinates": [73.851937, 18.503453]}, "properties": {"depth": 6.34}}, {"type": "Feature", "geometry": {"type": "Point", "coordinates": [73.849423, 18.501353]}, "properties": {"depth": 6.73}}, {"type": "Feature", "geometry": {"type": "Point", "coordinates": [73.849561, 18.501572]}, "properties": {"depth": 6.18}}, {"type": "Feature", "geometry": {"type": "Point", "coordinates": [73.850005, 18.502012]}, "properties": {"depth": 8.06}}, {"type": "Feature", "geometry": {"type": "Point", "coordinates": [73.849901, 18.502365]}, "properties": {"depth": 8.15}}, {"type": "Feature", "geometry": {"type": "Point", "coordinates": [73.849992, 18.502531]}, "properties": {"depth": 8.15}}, {"type": "Feature", "geometry": {"type": "Point", "coordinates": [73.849878, 18.502532]}, "properties": {"depth": 8.15}}, {"type": "Feature", "geometry": {"type": "Point", "coordinates": [73.849732, 18.50279]}, "properties": {"depth": 2.05}}, {"type": "Feature", "geometry": {"type": "Point", "coordinates": [73.849497, 18.502803]}, "properties": {"depth": 3.02}}, {"type": "Feature", "geometry": {"type": "Point", "coordinates": [73.849573, 18.503036]}, "properties": {"depth": 3.17}}, {"type": "Feature", "geometry": {"type": "Point", "coordinates": [73.849387, 18.503032]}, "properties": {"depth": 3.17}}, {"type": "Feature", "geometry": {"type": "Point", "coordinates": [73.85071, 18.501539]}, "properties": {"depth": 7.53}}, {"type": "Feature", "geometry": {"type": "Point", "coordinates": [73.850663, 18.502142]}, "properties": {"depth": 6.15}}, {"type": "Feature", "geometry": {"type": "Point", "coordinates": [73.851242, 18.503126]}, "properties": {"depth": 6.43}}, {"type": "Feature", "geometry": {"type": "Point", "coordinates": [73.851244, 18.503319]}, "properties": {"depth": 6.61}}, {"type": "Feature", "geometry": {"type": "Point", "coordinates": [73.850972, 18.503488]}, "properties": {"depth": 1.66}}, {"type": "Feature", "geometry": {"type": "Point", "coordinates": [73.851181, 18.503862]}, "properties": {"depth": 4.61}}, {"type": "Feature", "geometry": {"type": "Point", "coordinates": [73.85093, 18.503957]}, "properties": {"depth": 6.68}}, {"type": "Feature", "geometry": {"type": "Point", "coordinates": [73.851353, 18.504154]}, "properties": {"depth": 3.94}}, {"type": "Feature", "geometry": {"type": "Point", "coordinates": [73.851184, 18.504155]}, "properties": {"depth": 5.28}}, {"type": "Feature", "geometry": {"type": "Point", "coordinates": [73.851017, 18.504159]}, "properties": {"depth": 5.28}}, {"type": "Feature", "geometry": {"type": "Point", "coordinates": [73.850146, 18.502337]}, "properties": {"depth": 6.18}}, {"type": "Feature", "geometry": {"type": "Point", "coordinates": [73.850022, 18.502363]}, "properties": {"depth": 8.15}}, {"type": "Feature", "geometry": {"type": "Point", "coordinates": [73.85049, 18.50245]}, "properties": {"depth": 7.55}}, {"type": "Feature", "geometry": {"type": "Point", "coordinates": [73.850645, 18.502468]}, "properties": {"depth": 7.55}}, {"type": "Feature", "geometry": {"type": "Point", "coordinates": [73.850294, 18.502512]}, "properties": {"depth": 0.64}}, {"type": "Feature", "geometry": {"type": "Point", "coordinates": [73.850146, 18.502528]}, "properties": {"depth": 0.64}}, {"type": "Feature", "geometry": {"type": "Point", "coordinates": [73.85002, 18.502785]}, "properties": {"depth": 2.23}}, {"type": "Feature", "geometry": {"type": "Point", "coordinates": [73.850448, 18.502893]}, "properties": {"depth": 1.13}}, {"type": "Feature", "geometry": {"type": "Point", "coordinates": [73.85024, 18.503351]}, "properties": {"depth": 1.98}}, {"type": "Feature", "geometry": {"type": "Point", "coordinates": [73.850533, 18.503373]}, "properties": {"depth": 1.98}}, {"type": "Feature", "geometry": {"type": "Point", "coordinates": [73.850003, 18.503071]}, "properties": {"depth": 5.53}}, {"type": "Feature", "geometry": {"type": "Point", "coordinates": [73.849646, 18.503335]}, "properties": {"depth": 7.37}}, {"type": "Feature", "geometry": {"type": "Point", "coordinates": [73.849942, 18.503449]}, "properties": {"depth": 5.92}}, {"type": "Feature", "geometry": {"type": "Point", "coordinates": [73.849717, 18.503759]}, "properties": {"depth": 7.03}}, {"type": "Feature", "geometry": {"type": "Point", "coordinates": [73.849964, 18.503782]}, "properties": {"depth": 6.46}}, {"type": "Feature", "geometry": {"type": "Point", "coordinates": [73.849413, 18.503884]}, "properties": {"depth": 5.28}}, {"type": "Feature", "geometry": {"type": "Point", "coordinates": [73.84997, 18.504122]}, "properties": {"depth": 4.83}}, {"type": "Feature", "geometry": {"type": "Point", "coordinates": [73.849721, 18.504508]}, "properties": {"depth": 1.38}}, {"type": "Feature", "geometry": {"type": "Point", "coordinates": [73.849947, 18.504529]}, "properties": {"depth": 1.05}}, {"type": "Feature", "geometry": {"type": "Point", "coordinates": [73.84937, 18.504529]}, "properties": {"depth": 0.46}}, {"type": "Feature", "geometry": {"type": "Point", "coordinates": [73.850229, 18.50347]}, "properties": {"depth": 1.98}}, {"type": "Feature", "geometry": {"type": "Point", "coordinates": [73.850526, 18.5035]}, "properties": {"depth": 1.75}}, {"type": "Feature", "geometry": {"type": "Point", "coordinates": [73.85024, 18.503599]}, "properties": {"depth": 4.04}}, {"type": "Feature", "geometry": {"type": "Point", "coordinates": [73.850532, 18.503645]}, "properties": {"depth": 1.75}}, {"type": "Feature", "geometry": {"type": "Point", "coordinates": [73.850226, 18.503716]}, "properties": {"depth": 4.04}}, {"type": "Feature", "geometry": {"type": "Point", "coordinates": [73.850532, 18.503816]}, "properties": {"depth": 0.08}}, {"type": "Feature", "geometry": {"type": "Point", "coordinates": [73.850214, 18.503836]}, "properties": {"depth": 2.13}}, {"type": "Feature", "geometry": {"type": "Point", "coordinates": [73.850206, 18.503969]}, "properties": {"depth": 2.13}}, {"type": "Feature", "geometry": {"type": "Point", "coordinates": [73.850489, 18.504181]}, "properties": {"depth": 0.66}}, {"type": "Feature", "geometry": {"type": "Point", "coordinates": [73.850193, 18.504182]}, "properties": {"depth": 1.5}}, {"type": "Feature", "geometry": {"type": "Point", "coordinates": [73.851794, 18.503746]}, "properties": {"depth": 4.75}}, {"type": "Feature", "geometry": {"type": "Point", "coordinates": [73.852152, 18.503954]}, "properties": {"depth": 3.2}}, {"type": "Feature", "geometry": {"type": "Point", "coordinates": [73.851592, 18.503968]}, "properties": {"depth": 0.36}}, {"type": "Feature", "geometry": {"type": "Point", "coordinates": [73.851841, 18.50405]}, "properties": {"depth": 5.79}}, {"type": "Feature", "geometry": {"type": "Point", "coordinates": [73.851617, 18.504112]}, "properties": {"depth": 4.65}}, {"type": "Feature", "geometry": {"type": "Point", "coordinates": [73.851639, 18.504415]}, "properties": {"depth": 4.25}}, {"type": "Feature", "geometry": {"type": "Point", "coordinates": [73.851897, 18.504419]}, "properties": {"depth": 4.89}}, {"type": "Feature", "geometry": {"type": "Point", "coordinates": [73.852162, 18.504431]}, "properties": {"depth": 4.17}}, {"type": "Feature", "geometry": {"type": "Point", "coordinates": [73.851819, 18.504652]}, "properties": {"depth": 1.62}}, {"type": "Feature", "geometry": {"type": "Point", "coordinates": [73.852144, 18.504657]}, "properties": {"depth": 0.26}}, {"type": "Feature", "geometry": {"type": "Point", "coordinates": [73.851051, 18.504498]}, "properties": {"depth": 7.91}}, {"type": "Feature", "geometry": {"type": "Point", "coordinates": [73.850786, 18.504515]}, "properties": {"depth": 10.13}}, {"type": "Feature", "geometry": {"type": "Point", "coordinates": [73.851142, 18.504715]}, "properties": {"depth": 5.52}}, {"type": "Feature", "geometry": {"type": "Point", "coordinates": [73.851485, 18.505034]}, "properties": {"depth": 2.23}}, {"type": "Feature", "geometry": {"type": "Point", "coordinates": [73.85082, 18.505072]}, "properties": {"depth": 4.34}}, {"type": "Feature", "geometry": {"type": "Point", "coordinates": [73.850865, 18.505251]}, "properties": {"depth": 0.65}}, {"type": "Feature", "geometry": {"type": "Point", "coordinates": [73.851137, 18.505362]}, "properties": {"depth": 1.94}}, {"type": "Feature", "geometry": {"type": "Point", "coordinates": [73.8513, 18.505419]}, "properties": {"depth": 0.44}}, {"type": "Feature", "geometry": {"type": "Point", "coordinates": [73.850859, 18.50542]}, "properties": {"depth": 3.7}}, {"type": "Feature", "geometry": {"type": "Point", "coordinates": [73.85137, 18.50564]}, "properties": {"depth": 0.44}}, {"type": "Feature", "geometry": {"type": "Point", "coordinates": [73.854764, 18.501047]}, "properties": {"depth": 0.12}}, {"type": "Feature", "geometry": {"type": "Point", "coordinates": [73.854897, 18.501739]}, "properties": {"depth": 3.14}}, {"type": "Feature", "geometry": {"type": "Point", "coordinates": [73.855096, 18.502846]}, "properties": {"depth": 3.52}}, {"type": "Feature", "geometry": {"type": "Point", "coordinates": [73.85472, 18.503491]}, "properties": {"depth": 0.12}}, {"type": "Feature", "geometry": {"type": "Point", "coordinates": [73.854757, 18.50385]}, "properties": {"depth": 2.53}}, {"type": "Feature", "geometry": {"type": "Point", "coordinates": [73.850496, 18.504521]}, "properties": {"depth": 8.6}}, {"type": "Feature", "geometry": {"type": "Point", "coordinates": [73.850292, 18.504554]}, "properties": {"depth": 1.39}}, {"type": "Feature", "geometry": {"type": "Point", "coordinates": [73.850082, 18.504567]}, "properties": {"depth": 1.05}}, {"type": "Feature", "geometry": {"type": "Point", "coordinates": [73.850501, 18.504683]}, "properties": {"depth": 2.38}}, {"type": "Feature", "geometry": {"type": "Point", "coordinates": [73.850492, 18.504811]}, "properties": {"depth": 2.38}}, {"type": "Feature", "geometry": {"type": "Point", "coordinates": [73.850064, 18.504878]}, "properties": {"depth": 1.97}}, {"type": "Feature", "geometry": {"type": "Point", "coordinates": [73.850012, 18.505414]}, "properties": {"depth": 2.94}}, {"type": "Feature", "geometry": {"type": "Point", "coordinates": [73.850201, 18.505495]}, "properties": {"depth": 7.95}}, {"type": "Feature", "geometry": {"type": "Point", "coordinates": [73.85048, 18.505498]}, "properties": {"depth": 5.23}}, {"type": "Feature", "geometry": {"type": "Point", "coordinates": [73.850041, 18.505684]}, "properties": {"depth": 3.62}}, {"type": "Feature", "geometry": {"type": "Point", "coordinates": [73.851916, 18.504841]}, "properties": {"depth": 1.62}}, {"type": "Feature", "geometry": {"type": "Point", "coordinates": [73.852161, 18.504857]}, "properties": {"depth": 0.26}}, {"type": "Feature", "geometry": {"type": "Point", "coordinates": [73.852199, 18.505055]}, "properties": {"depth": 3.47}}, {"type": "Feature", "geometry": {"type": "Point", "coordinates": [73.85218, 18.505244]}, "properties": {"depth": 4.32}}, {"type": "Feature", "geometry": {"type": "Point", "coordinates": [73.851726, 18.505379]}, "properties": {"depth": 2.26}}, {"type": "Feature", "geometry": {"type": "Point", "coordinates": [73.852195, 18.505432]}, "properties": {"depth": 1.59}}, {"type": "Feature", "geometry": {"type": "Point", "coordinates": [73.851634, 18.505623]}, "properties": {"depth": 1.08}}, {"type": "Feature", "geometry": {"type": "Point", "coordinates": [73.852185, 18.505632]}, "properties": {"depth": 1.59}}, {"type": "Feature", "geometry": {"type": "Point", "coordinates": [73.852028, 18.505641]}, "properties": {"depth": 2.15}}, {"type": "Feature", "geometry": {"type": "Point", "coordinates": [73.849662, 18.50466]}, "properties": {"depth": 1.17}}, {"type": "Feature", "geometry": {"type": "Point", "coordinates": [73.849939, 18.504795]}, "properties": {"depth": 5.98}}, {"type": "Feature", "geometry": {"type": "Point", "coordinates": [73.849639, 18.504808]}, "properties": {"depth": 1.17}}, {"type": "Feature", "geometry": {"type": "Point", "coordinates": [73.849919, 18.505009]}, "properties": {"depth": 1.97}}, {"type": "Feature", "geometry": {"type": "Point", "coordinates": [73.849869, 18.505248]}, "properties": {"depth": 2.94}}, {"type": "Feature", "geometry": {"type": "Point", "coordinates": [73.84986, 18.505663]}, "properties": {"depth": 3.35}}, {"type": "Feature", "geometry": {"type": "Point", "coordinates": [73.851025, 18.50568]}, "properties": {"depth": 5.01}}, {"type": "Feature", "geometry": {"type": "Point", "coordinates": [73.871728, 18.51852]}, "properties": {"depth": 5.86}}, {"type": "Feature", "geometry": {"type": "Point", "coordinates": [73.871691, 18.518782]}, "properties": {"depth": 7.56}}, {"type": "Feature", "geometry": {"type": "Point", "coordinates": [73.872168, 18.518885]}, "properties": {"depth": 6.03}}, {"type": "Feature", "geometry": {"type": "Point", "coordinates": [73.870991, 18.518239]}, "properties": {"depth": 5.54}}, {"type": "Feature", "geometry": {"type": "Point", "coordinates": [73.870984, 18.519556]}, "properties": {"depth": 5.82}}, {"type": "Feature", "geometry": {"type": "Point", "coordinates": [73.874207, 18.518159]}, "properties": {"depth": 2.03}}, {"type": "Feature", "geometry": {"type": "Point", "coordinates": [73.853108, 18.53159]}, "properties": {"depth": 3.53}}, {"type": "Feature", "geometry": {"type": "Point", "coordinates": [73.852825, 18.531684]}, "properties": {"depth": 1.41}}, {"type": "Feature", "geometry": {"type": "Point", "coordinates": [73.85304, 18.531695]}, "properties": {"depth": 3.53}}, {"type": "Feature", "geometry": {"type": "Point", "coordinates": [73.854104, 18.530979]}, "properties": {"depth": 1.05}}, {"type": "Feature", "geometry": {"type": "Point", "coordinates": [73.853488, 18.531309]}, "properties": {"depth": 2.07}}, {"type": "Feature", "geometry": {"type": "Point", "coordinates": [73.853421, 18.531547]}, "properties": {"depth": 3.76}}, {"type": "Feature", "geometry": {"type": "Point", "coordinates": [73.853446, 18.532481]}, "properties": {"depth": 5.61}}, {"type": "Feature", "geometry": {"type": "Point", "coordinates": [73.853643, 18.534082]}, "properties": {"depth": 0.87}}, {"type": "Feature", "geometry": {"type": "Point", "coordinates": [73.85195, 18.533221]}, "properties": {"depth": 1.38}}, {"type": "Feature", "geometry": {"type": "Point", "coordinates": [73.861457, 18.52996]}, "properties": {"depth": 3.47}}, {"type": "Feature", "geometry": {"type": "Point", "coordinates": [73.868161, 18.532084]}, "properties": {"depth": 0.52}}, {"type": "Feature", "geometry": {"type": "Point", "coordinates": [73.868059, 18.532107]}, "properties": {"depth": 0.52}}, {"type": "Feature", "geometry": {"type": "Point", "coordinates": [73.868173, 18.532136]}, "properties": {"depth": 0.52}}, {"type": "Feature", "geometry": {"type": "Point", "coordinates": [73.868166, 18.532205]}, "properties": {"depth": 0.52}}, {"type": "Feature", "geometry": {"type": "Point", "coordinates": [73.868388, 18.532226]}, "properties": {"depth": 0.06}}, {"type": "Feature", "geometry": {"type": "Point", "coordinates": [73.867933, 18.532222]}, "properties": {"depth": 0.52}}, {"type": "Feature", "geometry": {"type": "Point", "coordinates": [73.868005, 18.53223]}, "properties": {"depth": 0.52}}, {"type": "Feature", "geometry": {"type": "Point", "coordinates": [73.862931, 18.531225]}, "properties": {"depth": 0.75}}, {"type": "Feature", "geometry": {"type": "Point", "coordinates": [73.863761, 18.531275]}, "properties": {"depth": 0.05}}, {"type": "Feature", "geometry": {"type": "Point", "coordinates": [73.863385, 18.531335]}, "properties": {"depth": 1.86}}, {"type": "Feature", "geometry": {"type": "Point", "coordinates": [73.863166, 18.531433]}, "properties": {"depth": 1.27}}, {"type": "Feature", "geometry": {"type": "Point", "coordinates": [73.86378, 18.532035]}, "properties": {"depth": 3.63}}, {"type": "Feature", "geometry": {"type": "Point", "coordinates": [73.863359, 18.53219]}, "properties": {"depth": 0.38}}, {"type": "Feature", "geometry": {"type": "Point", "coordinates": [73.863774, 18.532243]}, "properties": {"depth": 4.63}}, {"type": "Feature", "geometry": {"type": "Point", "coordinates": [73.863451, 18.537029]}, "properties": {"depth": 0.51}}, {"type": "Feature", "geometry": {"type": "Point", "coordinates": [73.875032, 18.539903]}, "properties": {"depth": 1.03}}, {"type": "Feature", "geometry": {"type": "Point", "coordinates": [73.877611, 18.543841]}, "properties": {"depth": 0.27}}, {"type": "Feature", "geometry": {"type": "Point", "coordinates": [73.877575, 18.543894]}, "properties": {"depth": 0.27}}, {"type": "Feature", "geometry": {"type": "Point", "coordinates": [73.877553, 18.543931]}, "properties": {"depth": 0.27}}, {"type": "Feature", "geometry": {"type": "Point", "coordinates": [73.877562, 18.543987]}, "properties": {"depth": 0.27}}, {"type": "Feature", "geometry": {"type": "Point", "coordinates": [73.871208, 18.536821]}, "properties": {"depth": 0.8}}, {"type": "Feature", "geometry": {"type": "Point", "coordinates": [73.872051, 18.538321]}, "properties": {"depth": 0.53}}, {"type": "Feature", "geometry": {"type": "Point", "coordinates": [73.874415, 18.539621]}, "properties": {"depth": 1.14}}, {"type": "Feature", "geometry": {"type": "Point", "coordinates": [73.874487, 18.539633]}, "properties": {"depth": 1.14}}, {"type": "Feature", "geometry": {"type": "Point", "coordinates": [73.875563, 18.540236]}, "properties": {"depth": 0.48}}, {"type": "Feature", "geometry": {"type": "Point", "coordinates": [73.874458, 18.551753]}, "properties": {"depth": 0.79}}, {"type": "Feature", "geometry": {"type": "Point", "coordinates": [73.874161, 18.552702]}, "properties": {"depth": 3.54}}, {"type": "Feature", "geometry": {"type": "Point", "coordinates": [73.874365, 18.552721]}, "properties": {"depth": 3.24}}, {"type": "Feature", "geometry": {"type": "Point", "coordinates": [73.874506, 18.552743]}, "properties": {"depth": 3.24}}, {"type": "Feature", "geometry": {"type": "Point", "coordinates": [73.874711, 18.552754]}, "properties": {"depth": 3.45}}, {"type": "Feature", "geometry": {"type": "Point", "coordinates": [73.874059, 18.552838]}, "properties": {"depth": 3.54}}, {"type": "Feature", "geometry": {"type": "Point", "coordinates": [73.874328, 18.552895]}, "properties": {"depth": 3.24}}, {"type": "Feature", "geometry": {"type": "Point", "coordinates": [73.874568, 18.552918]}, "properties": {"depth": 2.8}}, {"type": "Feature", "geometry": {"type": "Point", "coordinates": [73.874687, 18.552945]}, "properties": {"depth": 3.18}}, {"type": "Feature", "geometry": {"type": "Point", "coordinates": [73.874051, 18.552943]}, "properties": {"depth": 2.21}}, {"type": "Feature", "geometry": {"type": "Point", "coordinates": [73.875614, 18.552783]}, "properties": {"depth": 3.2}}, {"type": "Feature", "geometry": {"type": "Point", "coordinates": [73.87486, 18.552797]}, "properties": {"depth": 3.45}}, {"type": "Feature", "geometry": {"type": "Point", "coordinates": [73.875401, 18.552819]}, "properties": {"depth": 1.32}}, {"type": "Feature", "geometry": {"type": "Point", "coordinates": [73.875139, 18.552813]}, "properties": {"depth": 1.32}}, {"type": "Feature", "geometry": {"type": "Point", "coordinates": [73.875729, 18.552865]}, "properties": {"depth": 4.24}}, {"type": "Feature", "geometry": {"type": "Point", "coordinates": [73.875599, 18.552873]}, "properties": {"depth": 3.2}}, {"type": "Feature", "geometry": {"type": "Point", "coordinates": [73.875111, 18.552995]}, "properties": {"depth": 2.88}}, {"type": "Feature", "geometry": {"type": "Point", "coordinates": [73.875712, 18.553003]}, "properties": {"depth": 3.89}}, {"type": "Feature", "geometry": {"type": "Point", "coordinates": [73.875392, 18.553064]}, "properties": {"depth": 3.49}}, {"type": "Feature", "geometry": {"type": "Point", "coordinates": [73.875017, 18.553118]}, "properties": {"depth": 2.88}}, {"type": "Feature", "geometry": {"type": "Point", "coordinates": [73.876502, 18.552703]}, "properties": {"depth": 1.38}}, {"type": "Feature", "geometry": {"type": "Point", "coordinates": [73.876674, 18.552751]}, "properties": {"depth": 2.46}}, {"type": "Feature", "geometry": {"type": "Point", "coordinates": [73.876855, 18.552777]}, "properties": {"depth": 2.37}}, {"type": "Feature", "geometry": {"type": "Point", "coordinates": [73.877042, 18.552783]}, "properties": {"depth": 2.37}}, {"type": "Feature", "geometry": {"type": "Point", "coordinates": [73.881857, 18.550422]}, "properties": {"depth": 2.01}}, {"type": "Feature", "geometry": {"type": "Point", "coordinates": [73.880443, 18.551752]}, "properties": {"depth": 0.22}}, {"type": "Feature", "geometry": {"type": "Point", "coordinates": [73.877323, 18.552833]}, "properties": {"depth": 1.73}}, {"type": "Feature", "geometry": {"type": "Point", "coordinates": [73.877504, 18.552844]}, "properties": {"depth": 1.3}}, {"type": "Feature", "geometry": {"type": "Point", "coordinates": [73.87742, 18.552846]}, "properties": {"depth": 1.3}}, {"type": "Feature", "geometry": {"type": "Point", "coordinates": [73.877586, 18.552851]}, "properties": {"depth": 1.3}}, {"type": "Feature", "geometry": {"type": "Point", "coordinates": [73.878353, 18.552935]}, "properties": {"depth": 4.02}}, {"type": "Feature", "geometry": {"type": "Point", "coordinates": [73.878444, 18.55295]}, "properties": {"depth": 4.02}}, {"type": "Feature", "geometry": {"type": "Point", "coordinates": [73.878525, 18.552956]}, "properties": {"depth": 4.78}}, {"type": "Feature", "geometry": {"type": "Point", "coordinates": [73.87749, 18.55295]}, "properties": {"depth": 1.06}}, {"type": "Feature", "geometry": {"type": "Point", "coordinates": [73.882094, 18.550617]}, "properties": {"depth": 0.47}}, {"type": "Feature", "geometry": {"type": "Point", "coordinates": [73.881928, 18.550974]}, "properties": {"depth": 2.25}}, {"type": "Feature", "geometry": {"type": "Point", "coordinates": [73.881885, 18.551159]}, "properties": {"depth": 2.25}}, {"type": "Feature", "geometry": {"type": "Point", "coordinates": [73.881631, 18.551178]}, "properties": {"depth": 0.35}}, {"type": "Feature", "geometry": {"type": "Point", "coordinates": [73.882081, 18.551343]}, "properties": {"depth": 2.01}}, {"type": "Feature", "geometry": {"type": "Point", "coordinates": [73.879815, 18.551937]}, "properties": {"depth": 2.3}}, {"type": "Feature", "geometry": {"type": "Point", "coordinates": [73.879912, 18.551938]}, "properties": {"depth": 1.34}}, {"type": "Feature", "geometry": {"type": "Point", "coordinates": [73.879721, 18.551963]}, "properties": {"depth": 2.3}}, {"type": "Feature", "geometry": {"type": "Point", "coordinates": [73.879777, 18.55209]}, "properties": {"depth": 4.69}}, {"type": "Feature", "geometry": {"type": "Point", "coordinates": [73.880559, 18.552131]}, "properties": {"depth": 1.24}}, {"type": "Feature", "geometry": {"type": "Point", "coordinates": [73.879909, 18.552148]}, "properties": {"depth": 2.59}}, {"type": "Feature", "geometry": {"type": "Point", "coordinates": [73.880485, 18.552156]}, "properties": {"depth": 1.24}}, {"type": "Feature", "geometry": {"type": "Point", "coordinates": [73.879984, 18.552158]}, "properties": {"depth": 2.59}}, {"type": "Feature", "geometry": {"type": "Point", "coordinates": [73.879714, 18.552168]}, "properties": {"depth": 4.69}}, {"type": "Feature", "geometry": {"type": "Point", "coordinates": [73.880412, 18.552174]}, "properties": {"depth": 1.42}}, {"type": "Feature", "geometry": {"type": "Point", "coordinates": [73.880328, 18.552201]}, "properties": {"depth": 1.42}}, {"type": "Feature", "geometry": {"type": "Point", "coordinates": [73.880001, 18.552282]}, "properties": {"depth": 2.59}}, {"type": "Feature", "geometry": {"type": "Point", "coordinates": [73.8804, 18.552407]}, "properties": {"depth": 1.51}}, {"type": "Feature", "geometry": {"type": "Point", "coordinates": [73.880577, 18.552418]}, "properties": {"depth": 0.95}}, {"type": "Feature", "geometry": {"type": "Point", "coordinates": [73.88014, 18.55245]}, "properties": {"depth": 1.51}}, {"type": "Feature", "geometry": {"type": "Point", "coordinates": [73.880235, 18.552457]}, "properties": {"depth": 1.51}}, {"type": "Feature", "geometry": {"type": "Point", "coordinates": [73.879743, 18.552467]}, "properties": {"depth": 5.72}}, {"type": "Feature", "geometry": {"type": "Point", "coordinates": [73.881239, 18.552102]}, "properties": {"depth": 1.51}}, {"type": "Feature", "geometry": {"type": "Point", "coordinates": [73.88074, 18.552631]}, "properties": {"depth": 1.89}}, {"type": "Feature", "geometry": {"type": "Point", "coordinates": [73.880601, 18.552656]}, "properties": {"depth": 2.73}}, {"type": "Feature", "geometry": {"type": "Point", "coordinates": [73.880914, 18.55276]}, "properties": {"depth": 3.64}}, {"type": "Feature", "geometry": {"type": "Point", "coordinates": [73.88072, 18.552773]}, "properties": {"depth": 3.64}}, {"type": "Feature", "geometry": {"type": "Point", "coordinates": [73.879935, 18.552501]}, "properties": {"depth": 2.72}}, {"type": "Feature", "geometry": {"type": "Point", "coordinates": [73.880081, 18.552609]}, "properties": {"depth": 2.72}}, {"type": "Feature", "geometry": {"type": "Point", "coordinates": [73.879814, 18.552612]}, "properties": {"depth": 5.72}}, {"type": "Feature", "geometry": {"type": "Point", "coordinates": [73.880178, 18.55262]}, "properties": {"depth": 1.51}}, {"type": "Feature", "geometry": {"type": "Point", "coordinates": [73.880514, 18.552629]}, "properties": {"depth": 0.95}}, {"type": "Feature", "geometry": {"type": "Point", "coordinates": [73.880096, 18.552774]}, "properties": {"depth": 0.96}}, {"type": "Feature", "geometry": {"type": "Point", "coordinates": [73.880486, 18.552789]}, "properties": {"depth": 2.73}}, {"type": "Feature", "geometry": {"type": "Point", "coordinates": [73.879031, 18.553038]}, "properties": {"depth": 6.86}}, {"type": "Feature", "geometry": {"type": "Point", "coordinates": [73.879281, 18.553093]}, "properties": {"depth": 6.86}}, {"type": "Feature", "geometry": {"type": "Point", "coordinates": [73.879336, 18.553103]}, "properties": {"depth": 5.8}}, {"type": "Feature", "geometry": {"type": "Point", "coordinates": [73.877575, 18.552971]}, "properties": {"depth": 1.06}}, {"type": "Feature", "geometry": {"type": "Point", "coordinates": [73.877656, 18.55299]}, "properties": {"depth": 1.84}}, {"type": "Feature", "geometry": {"type": "Point", "coordinates": [73.878946, 18.553029]}, "properties": {"depth": 5.69}}, {"type": "Feature", "geometry": {"type": "Point", "coordinates": [73.878178, 18.553032]}, "properties": {"depth": 0.96}}, {"type": "Feature", "geometry": {"type": "Point", "coordinates": [73.878265, 18.553054]}, "properties": {"depth": 4.02}}, {"type": "Feature", "geometry": {"type": "Point", "coordinates": [73.878343, 18.553046]}, "properties": {"depth": 4.02}}, {"type": "Feature", "geometry": {"type": "Point", "coordinates": [73.878457, 18.553066]}, "properties": {"depth": 4.02}}, {"type": "Feature", "geometry": {"type": "Point", "coordinates": [73.878525, 18.553091]}, "properties": {"depth": 4.78}}, {"type": "Feature", "geometry": {"type": "Point", "coordinates": [73.878628, 18.553091]}, "properties": {"depth": 4.78}}, {"type": "Feature", "geometry": {"type": "Point", "coordinates": [73.878769, 18.553119]}, "properties": {"depth": 5.69}}, {"type": "Feature", "geometry": {"type": "Point", "coordinates": [73.877234, 18.552825]}, "properties": {"depth": 1.73}}, {"type": "Feature", "geometry": {"type": "Point", "coordinates": [73.876614, 18.552862]}, "properties": {"depth": 2.46}}, {"type": "Feature", "geometry": {"type": "Point", "coordinates": [73.876838, 18.552886]}, "properties": {"depth": 2.37}}, {"type": "Feature", "geometry": {"type": "Point", "coordinates": [73.87706, 18.552919]}, "properties": {"depth": 0.1}}, {"type": "Feature", "geometry": {"type": "Point", "coordinates": [73.876112, 18.552921]}, "properties": {"depth": 2.66}}, {"type": "Feature", "geometry": {"type": "Point", "coordinates": [73.877022, 18.553209]}, "properties": {"depth": 0.06}}, {"type": "Feature", "geometry": {"type": "Point", "coordinates": [73.877179, 18.553234]}, "properties": {"depth": 0.14}}, {"type": "Feature", "geometry": {"type": "Point", "coordinates": [73.877285, 18.553252]}, "properties": {"depth": 0.14}}, {"type": "Feature", "geometry": {"type": "Point", "coordinates": [73.876285, 18.553327]}, "properties": {"depth": 1.51}}, {"type": "Feature", "geometry": {"type": "Point", "coordinates": [73.87605, 18.553336]}, "properties": {"depth": 3.05}}, {"type": "Feature", "geometry": {"type": "Point", "coordinates": [73.878854, 18.553129]}, "properties": {"depth": 5.69}}, {"type": "Feature", "geometry": {"type": "Point", "coordinates": [73.877385, 18.553127]}, "properties": {"depth": 1.06}}, {"type": "Feature", "geometry": {"type": "Point", "coordinates": [73.878947, 18.553141]}, "properties": {"depth": 5.69}}, {"type": "Feature", "geometry": {"type": "Point", "coordinates": [73.877929, 18.55319]}, "properties": {"depth": 0.96}}, {"type": "Feature", "geometry": {"type": "Point", "coordinates": [73.877578, 18.553217]}, "properties": {"depth": 2.64}}, {"type": "Feature", "geometry": {"type": "Point", "coordinates": [73.878159, 18.553232]}, "properties": {"depth": 1.49}}, {"type": "Feature", "geometry": {"type": "Point", "coordinates": [73.877747, 18.553233]}, "properties": {"depth": 2.95}}, {"type": "Feature", "geometry": {"type": "Point", "coordinates": [73.878391, 18.553252]}, "properties": {"depth": 4.65}}, {"type": "Feature", "geometry": {"type": "Point", "coordinates": [73.878248, 18.553261]}, "properties": {"depth": 4.65}}, {"type": "Feature", "geometry": {"type": "Point", "coordinates": [73.877409, 18.553259]}, "properties": {"depth": 2.64}}, {"type": "Feature", "geometry": {"type": "Point", "coordinates": [73.87941, 18.553107]}, "properties": {"depth": 5.8}}, {"type": "Feature", "geometry": {"type": "Point", "coordinates": [73.879395, 18.553137]}, "properties": {"depth": 5.8}}, {"type": "Feature", "geometry": {"type": "Point", "coordinates": [73.879369, 18.553177]}, "properties": {"depth": 5.8}}, {"type": "Feature", "geometry": {"type": "Point", "coordinates": [73.879234, 18.553195]}, "properties": {"depth": 6.79}}, {"type": "Feature", "geometry": {"type": "Point", "coordinates": [73.87954, 18.553231]}, "properties": {"depth": 6.54}}, {"type": "Feature", "geometry": {"type": "Point", "coordinates": [73.879205, 18.55323]}, "properties": {"depth": 6.79}}, {"type": "Feature", "geometry": {"type": "Point", "coordinates": [73.87918, 18.553287]}, "properties": {"depth": 6.79}}, {"type": "Feature", "geometry": {"type": "Point", "coordinates": [73.879309, 18.553326]}, "properties": {"depth": 6.54}}, {"type": "Feature", "geometry": {"type": "Point", "coordinates": [73.879641, 18.553363]}, "properties": {"depth": 6.25}}, {"type": "Feature", "geometry": {"type": "Point", "coordinates": [73.879523, 18.553427]}, "properties": {"depth": 6.54}}, {"type": "Feature", "geometry": {"type": "Point", "coordinates": [73.878583, 18.553287]}, "properties": {"depth": 4.51}}, {"type": "Feature", "geometry": {"type": "Point", "coordinates": [73.878764, 18.553314]}, "properties": {"depth": 6.35}}, {"type": "Feature", "geometry": {"type": "Point", "coordinates": [73.87893, 18.553318]}, "properties": {"depth": 6.35}}, {"type": "Feature", "geometry": {"type": "Point", "coordinates": [73.877905, 18.553323]}, "properties": {"depth": 2.95}}, {"type": "Feature", "geometry": {"type": "Point", "coordinates": [73.87815, 18.553353]}, "properties": {"depth": 1.49}}, {"type": "Feature", "geometry": {"type": "Point", "coordinates": [73.878318, 18.55336]}, "properties": {"depth": 4.65}}, {"type": "Feature", "geometry": {"type": "Point", "coordinates": [73.878254, 18.553365]}, "properties": {"depth": 4.65}}, {"type": "Feature", "geometry": {"type": "Point", "coordinates": [73.878489, 18.553375]}, "properties": {"depth": 4.51}}, {"type": "Feature", "geometry": {"type": "Point", "coordinates": [73.878661, 18.553401]}, "properties": {"depth": 4.51}}, {"type": "Feature", "geometry": {"type": "Point", "coordinates": [73.878761, 18.553427]}, "properties": {"depth": 6.35}}, {"type": "Feature", "geometry": {"type": "Point", "coordinates": [73.876625, 18.553358]}, "properties": {"depth": 0.48}}, {"type": "Feature", "geometry": {"type": "Point", "coordinates": [73.876391, 18.553357]}, "properties": {"depth": 1.51}}, {"type": "Feature", "geometry": {"type": "Point", "coordinates": [73.876715, 18.553365]}, "properties": {"depth": 0.48}}, {"type": "Feature", "geometry": {"type": "Point", "coordinates": [73.876546, 18.553366]}, "properties": {"depth": 0.48}}, {"type": "Feature", "geometry": {"type": "Point", "coordinates": [73.876792, 18.553391]}, "properties": {"depth": 0.48}}, {"type": "Feature", "geometry": {"type": "Point", "coordinates": [73.876899, 18.553399]}, "properties": {"depth": 0.06}}, {"type": "Feature", "geometry": {"type": "Point", "coordinates": [73.876962, 18.553404]}, "properties": {"depth": 0.06}}, {"type": "Feature", "geometry": {"type": "Point", "coordinates": [73.877009, 18.553428]}, "properties": {"depth": 0.06}}, {"type": "Feature", "geometry": {"type": "Point", "coordinates": [73.877234, 18.553466]}, "properties": {"depth": 0.14}}, {"type": "Feature", "geometry": {"type": "Point", "coordinates": [73.87713, 18.553471]}, "properties": {"depth": 0.14}}, {"type": "Feature", "geometry": {"type": "Point", "coordinates": [73.942428, 18.514755]}, "properties": {"depth": 0.13}}, {"type": "Feature", "geometry": {"type": "Point", "coordinates": [73.943074, 18.515604]}, "properties": {"depth": 1.02}}, {"type": "Feature", "geometry": {"type": "Point", "coordinates": [73.942362, 18.515864]}, "properties": {"depth": 3.7}}, {"type": "Feature", "geometry": {"type": "Point", "coordinates": [73.943119, 18.515895]}, "properties": {"depth": 2.16}}, {"type": "Feature", "geometry": {"type": "Point", "coordinates": [73.941611, 18.513753]}, "properties": {"depth": 0.72}}, {"type": "Feature", "geometry": {"type": "Point", "coordinates": [73.941941, 18.514693]}, "properties": {"depth": 3.52}}, {"type": "Feature", "geometry": {"type": "Point", "coordinates": [73.942287, 18.515445]}, "properties": {"depth": 2.54}}, {"type": "Feature", "geometry": {"type": "Point", "coordinates": [73.942266, 18.515712]}, "properties": {"depth": 4.23}}, {"type": "Feature", "geometry": {"type": "Point", "coordinates": [73.941448, 18.515999]}, "properties": {"depth": 8.54}}, {"type": "Feature", "geometry": {"type": "Point", "coordinates": [73.94104, 18.516319]}, "properties": {"depth": 7.32}}, {"type": "Feature", "geometry": {"type": "Point", "coordinates": [73.94156, 18.516421]}, "properties": {"depth": 10.43}}, {"type": "Feature", "geometry": {"type": "Point", "coordinates": [73.943669, 18.51591]}, "properties": {"depth": 1.97}}, {"type": "Feature", "geometry": {"type": "Point", "coordinates": [73.94239, 18.516029]}, "properties": {"depth": 3.11}}, {"type": "Feature", "geometry": {"type": "Point", "coordinates": [73.943983, 18.516085]}, "properties": {"depth": 1.82}}, {"type": "Feature", "geometry": {"type": "Point", "coordinates": [73.943692, 18.516139]}, "properties": {"depth": 2.91}}, {"type": "Feature", "geometry": {"type": "Point", "coordinates": [73.942439, 18.516253]}, "properties": {"depth": 4.55}}, {"type": "Feature", "geometry": {"type": "Point", "coordinates": [73.94402, 18.516302]}, "properties": {"depth": 1.72}}, {"type": "Feature", "geometry": {"type": "Point", "coordinates": [73.944054, 18.516531]}, "properties": {"depth": 4.02}}, {"type": "Feature", "geometry": {"type": "Point", "coordinates": [73.943778, 18.516575]}, "properties": {"depth": 2.93}}, {"type": "Feature", "geometry": {"type": "Point", "coordinates": [73.943301, 18.516644]}, "properties": {"depth": 4.55}}, {"type": "Feature", "geometry": {"type": "Point", "coordinates": [73.94245, 18.516687]}, "properties": {"depth": 4.58}}, {"type": "Feature", "geometry": {"type": "Point", "coordinates": [73.944469, 18.51595]}, "properties": {"depth": 1.13}}, {"type": "Feature", "geometry": {"type": "Point", "coordinates": [73.944553, 18.516493]}, "properties": {"depth": 3.21}}, {"type": "Feature", "geometry": {"type": "Point", "coordinates": [73.945535, 18.519037]}, "properties": {"depth": 1.6}}, {"type": "Feature", "geometry": {"type": "Point", "coordinates": [73.944708, 18.519471]}, "properties": {"depth": 3.75}}, {"type": "Feature", "geometry": {"type": "Point", "coordinates": [73.941142, 18.516975]}, "properties": {"depth": 7.92}}, {"type": "Feature", "geometry": {"type": "Point", "coordinates": [73.941411, 18.517805]}, "properties": {"depth": 2.57}}, {"type": "Feature", "geometry": {"type": "Point", "coordinates": [73.941852, 18.518578]}, "properties": {"depth": 3.79}}, {"type": "Feature", "geometry": {"type": "Point", "coordinates": [73.943577, 18.517068]}, "properties": {"depth": 4.49}}, {"type": "Feature", "geometry": {"type": "Point", "coordinates": [73.943764, 18.521217]}, "properties": {"depth": 3.32}}, {"type": "Feature", "geometry": {"type": "Point", "coordinates": [73.943263, 18.521321]}, "properties": {"depth": 2.66}}, {"type": "Feature", "geometry": {"type": "Point", "coordinates": [73.944049, 18.521725]}, "properties": {"depth": 2.97}}, {"type": "Feature", "geometry": {"type": "Point", "coordinates": [73.943376, 18.521842]}, "properties": {"depth": 2.85}}, {"type": "Feature", "geometry": {"type": "Point", "coordinates": [73.939302, 18.516603]}, "properties": {"depth": 1.58}}, {"type": "Feature", "geometry": {"type": "Point", "coordinates": [73.93945, 18.517503]}, "properties": {"depth": 3.25}}, {"type": "Feature", "geometry": {"type": "Point", "coordinates": [73.94055, 18.517659]}, "properties": {"depth": 9.9}}, {"type": "Feature", "geometry": {"type": "Point", "coordinates": [73.940882, 18.517827]}, "properties": {"depth": 5.66}}, {"type": "Feature", "geometry": {"type": "Point", "coordinates": [73.940434, 18.519461]}, "properties": {"depth": 3.14}}, {"type": "Feature", "geometry": {"type": "Point", "coordinates": [73.939871, 18.519835]}, "properties": {"depth": 2.77}}, {"type": "Feature", "geometry": {"type": "Point", "coordinates": [73.940164, 18.520289]}, "properties": {"depth": 1.38}}, {"type": "Feature", "geometry": {"type": "Point", "coordinates": [73.932088, 18.515238]}, "properties": {"depth": 6.8}}, {"type": "Feature", "geometry": {"type": "Point", "coordinates": [73.933137, 18.515326]}, "properties": {"depth": 6.25}}, {"type": "Feature", "geometry": {"type": "Point", "coordinates": [73.93212, 18.515421]}, "properties": {"depth": 5.87}}, {"type": "Feature", "geometry": {"type": "Point", "coordinates": [73.932485, 18.515428]}, "properties": {"depth": 5.56}}, {"type": "Feature", "geometry": {"type": "Point", "coordinates": [73.932193, 18.515597]}, "properties": {"depth": 5.87}}, {"type": "Feature", "geometry": {"type": "Point", "coordinates": [73.93202, 18.515603]}, "properties": {"depth": 5.3}}, {"type": "Feature", "geometry": {"type": "Point", "coordinates": [73.932568, 18.515672]}, "properties": {"depth": 5.56}}, {"type": "Feature", "geometry": {"type": "Point", "coordinates": [73.93258, 18.515864]}, "properties": {"depth": 6.97}}, {"type": "Feature", "geometry": {"type": "Point", "coordinates": [73.932159, 18.515886]}, "properties": {"depth": 7.08}}, {"type": "Feature", "geometry": {"type": "Point", "coordinates": [73.932499, 18.516043]}, "properties": {"depth": 5.97}}, {"type": "Feature", "geometry": {"type": "Point", "coordinates": [73.932312, 18.516063]}, "properties": {"depth": 6.28}}, {"type": "Feature", "geometry": {"type": "Point", "coordinates": [73.932112, 18.516072]}, "properties": {"depth": 6.28}}, {"type": "Feature", "geometry": {"type": "Point", "coordinates": [73.93277, 18.516096]}, "properties": {"depth": 6.74}}, {"type": "Feature", "geometry": {"type": "Point", "coordinates": [73.932429, 18.516341]}, "properties": {"depth": 7.38}}, {"type": "Feature", "geometry": {"type": "Point", "coordinates": [73.93231, 18.516368]}, "properties": {"depth": 6.14}}, {"type": "Feature", "geometry": {"type": "Point", "coordinates": [73.932021, 18.516456]}, "properties": {"depth": 3.51}}, {"type": "Feature", "geometry": {"type": "Point", "coordinates": [73.932575, 18.516478]}, "properties": {"depth": 7.38}}, {"type": "Feature", "geometry": {"type": "Point", "coordinates": [73.933191, 18.516648]}, "properties": {"depth": 1.82}}, {"type": "Feature", "geometry": {"type": "Point", "coordinates": [73.932269, 18.516714]}, "properties": {"depth": 1.75}}, {"type": "Feature", "geometry": {"type": "Point", "coordinates": [73.933196, 18.516816]}, "properties": {"depth": 4.08}}, {"type": "Feature", "geometry": {"type": "Point", "coordinates": [73.933163, 18.517125]}, "properties": {"depth": 3.34}}, {"type": "Feature", "geometry": {"type": "Point", "coordinates": [73.933126, 18.517377]}, "properties": {"depth": 6.0}}, {"type": "Feature", "geometry": {"type": "Point", "coordinates": [73.932311, 18.517392]}, "properties": {"depth": 2.99}}, {"type": "Feature", "geometry": {"type": "Point", "coordinates": [73.933051, 18.517534]}, "properties": {"depth": 6.0}}, {"type": "Feature", "geometry": {"type": "Point", "coordinates": [73.933029, 18.517697]}, "properties": {"depth": 7.46}}, {"type": "Feature", "geometry": {"type": "Point", "coordinates": [73.932123, 18.517795]}, "properties": {"depth": 1.46}}, {"type": "Feature", "geometry": {"type": "Point", "coordinates": [73.932985, 18.517806]}, "properties": {"depth": 7.46}}, {"type": "Feature", "geometry": {"type": "Point", "coordinates": [73.932994, 18.517915]}, "properties": {"depth": 7.46}}, {"type": "Feature", "geometry": {"type": "Point", "coordinates": [73.934068, 18.514896]}, "properties": {"depth": 4.73}}, {"type": "Feature", "geometry": {"type": "Point", "coordinates": [73.945882, 18.519449]}, "properties": {"depth": 1.42}}, {"type": "Feature", "geometry": {"type": "Point", "coordinates": [73.945222, 18.519635]}, "properties": {"depth": 3.2}}, {"type": "Feature", "geometry": {"type": "Point", "coordinates": [73.944373, 18.521227]}, "properties": {"depth": 2.48}}, {"type": "Feature", "geometry": {"type": "Point", "coordinates": [73.945019, 18.521289]}, "properties": {"depth": 2.06}}, {"type": "Feature", "geometry": {"type": "Point", "coordinates": [73.935882, 18.533823]}, "properties": {"depth": 2.34}}, {"type": "Feature", "geometry": {"type": "Point", "coordinates": [73.935883, 18.533912]}, "properties": {"depth": 2.34}}, {"type": "Feature", "geometry": {"type": "Point", "coordinates": [73.935942, 18.534028]}, "properties": {"depth": 3.2}}, {"type": "Feature", "geometry": {"type": "Point", "coordinates": [73.938713, 18.534907]}, "properties": {"depth": 1.69}}, {"type": "Feature", "geometry": {"type": "Point", "coordinates": [73.938985, 18.535143]}, "properties": {"depth": 6.0}}, {"type": "Feature", "geometry": {"type": "Point", "coordinates": [73.939218, 18.535149]}, "properties": {"depth": 2.48}}, {"type": "Feature", "geometry": {"type": "Point", "coordinates": [73.939314, 18.535158]}, "properties": {"depth": 0.57}}, {"type": "Feature", "geometry": {"type": "Point", "coordinates": [73.939362, 18.535168]}, "properties": {"depth": 0.57}}, {"type": "Feature", "geometry": {"type": "Point", "coordinates": [73.939468, 18.535201]}, "properties": {"depth": 0.57}}, {"type": "Feature", "geometry": {"type": "Point", "coordinates": [73.939549, 18.535204]}, "properties": {"depth": 0.57}}, {"type": "Feature", "geometry": {"type": "Point", "coordinates": [73.939349, 18.535262]}, "properties": {"depth": 0.57}}, {"type": "Feature", "geometry": {"type": "Point", "coordinates": [73.940193, 18.535429]}, "properties": {"depth": 0.01}}, {"type": "Feature", "geometry": {"type": "Point", "coordinates": [73.940322, 18.535464]}, "properties": {"depth": 0.01}}, {"type": "Feature", "geometry": {"type": "Point", "coordinates": [73.935308, 18.534225]}, "properties": {"depth": 0.32}}, {"type": "Feature", "geometry": {"type": "Point", "coordinates": [73.935421, 18.53441]}, "properties": {"depth": 3.26}}, {"type": "Feature", "geometry": {"type": "Point", "coordinates": [73.935205, 18.534447]}, "properties": {"depth": 0.12}}, {"type": "Feature", "geometry": {"type": "Point", "coordinates": [73.935515, 18.537431]}, "properties": {"depth": 0.29}}, {"type": "Feature", "geometry": {"type": "Point", "coordinates": [73.935697, 18.537493]}, "properties": {"depth": 0.34}}, {"type": "Feature", "geometry": {"type": "Point", "coordinates": [73.935737, 18.537597]}, "properties": {"depth": 0.34}}, {"type": "Feature", "geometry": {"type": "Point", "coordinates": [73.935617, 18.537596]}, "properties": {"depth": 0.29}}, {"type": "Feature", "geometry": {"type": "Point", "coordinates": [73.936808, 18.538215]}, "properties": {"depth": 4.18}}, {"type": "Feature", "geometry": {"type": "Point", "coordinates": [73.937537, 18.539119]}, "properties": {"depth": 1.62}}, {"type": "Feature", "geometry": {"type": "Point", "coordinates": [73.936687, 18.539734]}, "properties": {"depth": 3.02}}, {"type": "Feature", "geometry": {"type": "Point", "coordinates": [73.939078, 18.535156]}, "properties": {"depth": 2.48}}, {"type": "Feature", "geometry": {"type": "Point", "coordinates": [73.939039, 18.535157]}, "properties": {"depth": 2.48}}, {"type": "Feature", "geometry": {"type": "Point", "coordinates": [73.93912, 18.535158]}, "properties": {"depth": 2.48}}, {"type": "Feature", "geometry": {"type": "Point", "coordinates": [73.939271, 18.53516]}, "properties": {"depth": 2.48}}, {"type": "Feature", "geometry": {"type": "Point", "coordinates": [73.939165, 18.535165]}, "properties": {"depth": 2.48}}, {"type": "Feature", "geometry": {"type": "Point", "coordinates": [73.939208, 18.535236]}, "properties": {"depth": 2.48}}, {"type": "Feature", "geometry": {"type": "Point", "coordinates": [73.939258, 18.535247]}, "properties": {"depth": 2.48}}, {"type": "Feature", "geometry": {"type": "Point", "coordinates": [73.939306, 18.535252]}, "properties": {"depth": 0.57}}, {"type": "Feature", "geometry": {"type": "Point", "coordinates": [73.940177, 18.535516]}, "properties": {"depth": 0.01}}, {"type": "Feature", "geometry": {"type": "Point", "coordinates": [73.940284, 18.535532]}, "properties": {"depth": 0.01}}, {"type": "Feature", "geometry": {"type": "Point", "coordinates": [73.940212, 18.535595]}, "properties": {"depth": 0.01}}, {"type": "Feature", "geometry": {"type": "Point", "coordinates": [73.940677, 18.5413]}, "properties": {"depth": 2.7}}, {"type": "Feature", "geometry": {"type": "Point", "coordinates": [73.940122, 18.541499]}, "properties": {"depth": 1.9}}, {"type": "Feature", "geometry": {"type": "Point", "coordinates": [73.949081, 18.543295]}, "properties": {"depth": 4.63}}, {"type": "Feature", "geometry": {"type": "Point", "coordinates": [73.949533, 18.544106]}, "properties": {"depth": 5.32}}, {"type": "Feature", "geometry": {"type": "Point", "coordinates": [73.949162, 18.544126]}, "properties": {"depth": 1.05}}, {"type": "Feature", "geometry": {"type": "Point", "coordinates": [73.950558, 18.546436]}, "properties": {"depth": 0.32}}, {"type": "Feature", "geometry": {"type": "Point", "coordinates": [73.941246, 18.536847]}, "properties": {"depth": 0.59}}, {"type": "Feature", "geometry": {"type": "Point", "coordinates": [73.945819, 18.543846]}, "properties": {"depth": 4.8}}, {"type": "Feature", "geometry": {"type": "Point", "coordinates": [73.948018, 18.542883]}, "properties": {"depth": 4.64}}, {"type": "Feature", "geometry": {"type": "Point", "coordinates": [73.947453, 18.542882]}, "properties": {"depth": 2.73}}, {"type": "Feature", "geometry": {"type": "Point", "coordinates": [73.948565, 18.543102]}, "properties": {"depth": 4.91}}, {"type": "Feature", "geometry": {"type": "Point", "coordinates": [73.947292, 18.543262]}, "properties": {"depth": 3.4}}, {"type": "Feature", "geometry": {"type": "Point", "coordinates": [73.948212, 18.543411]}, "properties": {"depth": 4.06}}, {"type": "Feature", "geometry": {"type": "Point", "coordinates": [73.948411, 18.543454]}, "properties": {"depth": 4.06}}, {"type": "Feature", "geometry": {"type": "Point", "coordinates": [73.947157, 18.543631]}, "properties": {"depth": 4.24}}, {"type": "Feature", "geometry": {"type": "Point", "coordinates": [73.947028, 18.544085]}, "properties": {"depth": 1.32}}, {"type": "Feature", "geometry": {"type": "Point", "coordinates": [73.948766, 18.544107]}, "properties": {"depth": 2.92}}, {"type": "Feature", "geometry": {"type": "Point", "coordinates": [73.948428, 18.544102]}, "properties": {"depth": 0.67}}, {"type": "Feature", "geometry": {"type": "Point", "coordinates": [73.947633, 18.544137]}, "properties": {"depth": 0.51}}, {"type": "Feature", "geometry": {"type": "Point", "coordinates": [73.947983, 18.544156]}, "properties": {"depth": 0.07}}, {"type": "Feature", "geometry": {"type": "Point", "coordinates": [73.95067, 18.546526]}, "properties": {"depth": 0.32}}, {"type": "Feature", "geometry": {"type": "Point", "coordinates": [73.934676, 18.53344]}, "properties": {"depth": 0.26}}, {"type": "Feature", "geometry": {"type": "Point", "coordinates": [73.934332, 18.53345]}, "properties": {"depth": 1.0}}, {"type": "Feature", "geometry": {"type": "Point", "coordinates": [73.936211, 18.533214]}, "properties": {"depth": 2.03}}, {"type": "Feature", "geometry": {"type": "Point", "coordinates": [73.936186, 18.533279]}, "properties": {"depth": 2.03}}, {"type": "Feature", "geometry": {"type": "Point", "coordinates": [73.936151, 18.533333]}, "properties": {"depth": 2.03}}, {"type": "Feature", "geometry": {"type": "Point", "coordinates": [73.936229, 18.533366]}, "properties": {"depth": 2.03}}, {"type": "Feature", "geometry": {"type": "Point", "coordinates": [73.936171, 18.53343]}, "properties": {"depth": 2.03}}, {"type": "Feature", "geometry": {"type": "Point", "coordinates": [73.936085, 18.53345]}, "properties": {"depth": 2.03}}, {"type": "Feature", "geometry": {"type": "Point", "coordinates": [73.934853, 18.533449]}, "properties": {"depth": 0.26}}, {"type": "Feature", "geometry": {"type": "Point", "coordinates": [73.936245, 18.53346]}, "properties": {"depth": 2.03}}, {"type": "Feature", "geometry": {"type": "Point", "coordinates": [73.935984, 18.533471]}, "properties": {"depth": 2.03}}, {"type": "Feature", "geometry": {"type": "Point", "coordinates": [73.935085, 18.533491]}, "properties": {"depth": 2.51}}, {"type": "Feature", "geometry": {"type": "Point", "coordinates": [73.931568, 18.535145]}, "properties": {"depth": 1.02}}, {"type": "Feature", "geometry": {"type": "Point", "coordinates": [73.928766, 18.535422]}, "properties": {"depth": 0.25}}, {"type": "Feature", "geometry": {"type": "Point", "coordinates": [73.928991, 18.535446]}, "properties": {"depth": 0.25}}, {"type": "Feature", "geometry": {"type": "Point", "coordinates": [73.928424, 18.535463]}, "properties": {"depth": 0.24}}, {"type": "Feature", "geometry": {"type": "Point", "coordinates": [73.934363, 18.537218]}, "properties": {"depth": 7.89}}, {"type": "Feature", "geometry": {"type": "Point", "coordinates": [73.934736, 18.537464]}, "properties": {"depth": 7.57}}, {"type": "Feature", "geometry": {"type": "Point", "coordinates": [73.934622, 18.537494]}, "properties": {"depth": 7.57}}, {"type": "Feature", "geometry": {"type": "Point", "coordinates": [73.933802, 18.537527]}, "properties": {"depth": 5.7}}, {"type": "Feature", "geometry": {"type": "Point", "coordinates": [73.934738, 18.53756]}, "properties": {"depth": 7.57}}, {"type": "Feature", "geometry": {"type": "Point", "coordinates": [73.933727, 18.537555]}, "properties": {"depth": 4.37}}, {"type": "Feature", "geometry": {"type": "Point", "coordinates": [73.93312, 18.537393]}, "properties": {"depth": 8.79}}, {"type": "Feature", "geometry": {"type": "Point", "coordinates": [73.933021, 18.537402]}, "properties": {"depth": 8.79}}, {"type": "Feature", "geometry": {"type": "Point", "coordinates": [73.933041, 18.537483]}, "properties": {"depth": 8.79}}, {"type": "Feature", "geometry": {"type": "Point", "coordinates": [73.933144, 18.537501]}, "properties": {"depth": 8.79}}, {"type": "Feature", "geometry": {"type": "Point", "coordinates": [73.932748, 18.537503]}, "properties": {"depth": 6.28}}, {"type": "Feature", "geometry": {"type": "Point", "coordinates": [73.932954, 18.537545]}, "properties": {"depth": 8.79}}, {"type": "Feature", "geometry": {"type": "Point", "coordinates": [73.932661, 18.537562]}, "properties": {"depth": 6.28}}, {"type": "Feature", "geometry": {"type": "Point", "coordinates": [73.932857, 18.537563]}, "properties": {"depth": 6.28}}, {"type": "Feature", "geometry": {"type": "Point", "coordinates": [73.933056, 18.537568]}, "properties": {"depth": 8.79}}, {"type": "Feature", "geometry": {"type": "Point", "coordinates": [73.934826, 18.537629]}, "properties": {"depth": 7.57}}, {"type": "Feature", "geometry": {"type": "Point", "coordinates": [73.935387, 18.537658]}, "properties": {"depth": 5.39}}, {"type": "Feature", "geometry": {"type": "Point", "coordinates": [73.935474, 18.537665]}, "properties": {"depth": 5.17}}, {"type": "Feature", "geometry": {"type": "Point", "coordinates": [73.935629, 18.537669]}, "properties": {"depth": 5.17}}, {"type": "Feature", "geometry": {"type": "Point", "coordinates": [73.935329, 18.537669]}, "properties": {"depth": 5.39}}, {"type": "Feature", "geometry": {"type": "Point", "coordinates": [73.935247, 18.537672]}, "properties": {"depth": 5.39}}, {"type": "Feature", "geometry": {"type": "Point", "coordinates": [73.935756, 18.537711]}, "properties": {"depth": 7.0}}, {"type": "Feature", "geometry": {"type": "Point", "coordinates": [73.935393, 18.537713]}, "properties": {"depth": 5.39}}, {"type": "Feature", "geometry": {"type": "Point", "coordinates": [73.935473, 18.537719]}, "properties": {"depth": 5.17}}, {"type": "Feature", "geometry": {"type": "Point", "coordinates": [73.935269, 18.537723]}, "properties": {"depth": 5.39}}, {"type": "Feature", "geometry": {"type": "Point", "coordinates": [73.933644, 18.537557]}, "properties": {"depth": 4.37}}, {"type": "Feature", "geometry": {"type": "Point", "coordinates": [73.933553, 18.537564]}, "properties": {"depth": 4.37}}, {"type": "Feature", "geometry": {"type": "Point", "coordinates": [73.933457, 18.53758]}, "properties": {"depth": 5.7}}, {"type": "Feature", "geometry": {"type": "Point", "coordinates": [73.933332, 18.537594]}, "properties": {"depth": 5.7}}, {"type": "Feature", "geometry": {"type": "Point", "coordinates": [73.933256, 18.537608]}, "properties": {"depth": 5.7}}, {"type": "Feature", "geometry": {"type": "Point", "coordinates": [73.934464, 18.537678]}, "properties": {"depth": 4.9}}, {"type": "Feature", "geometry": {"type": "Point", "coordinates": [73.933862, 18.537676]}, "properties": {"depth": 5.11}}, {"type": "Feature", "geometry": {"type": "Point", "coordinates": [73.933606, 18.537707]}, "properties": {"depth": 3.32}}, {"type": "Feature", "geometry": {"type": "Point", "coordinates": [73.933656, 18.537709]}, "properties": {"depth": 3.32}}, {"type": "Feature", "geometry": {"type": "Point", "coordinates": [73.933532, 18.537728]}, "properties": {"depth": 3.32}}, {"type": "Feature", "geometry": {"type": "Point", "coordinates": [73.932306, 18.537572]}, "properties": {"depth": 2.0}}, {"type": "Feature", "geometry": {"type": "Point", "coordinates": [73.932233, 18.537584]}, "properties": {"depth": 2.0}}, {"type": "Feature", "geometry": {"type": "Point", "coordinates": [73.932763, 18.537587]}, "properties": {"depth": 6.28}}, {"type": "Feature", "geometry": {"type": "Point", "coordinates": [73.932147, 18.537605]}, "properties": {"depth": 2.0}}, {"type": "Feature", "geometry": {"type": "Point", "coordinates": [73.933163, 18.537615]}, "properties": {"depth": 8.79}}, {"type": "Feature", "geometry": {"type": "Point", "coordinates": [73.931878, 18.537674]}, "properties": {"depth": 1.71}}, {"type": "Feature", "geometry": {"type": "Point", "coordinates": [73.932744, 18.537706]}, "properties": {"depth": 0.42}}, {"type": "Feature", "geometry": {"type": "Point", "coordinates": [73.932606, 18.53772]}, "properties": {"depth": 0.35}}, {"type": "Feature", "geometry": {"type": "Point", "coordinates": [73.932671, 18.537721]}, "properties": {"depth": 0.42}}, {"type": "Feature", "geometry": {"type": "Point", "coordinates": [73.932445, 18.537736]}, "properties": {"depth": 0.35}}, {"type": "Feature", "geometry": {"type": "Point", "coordinates": [73.931614, 18.537627]}, "properties": {"depth": 0.81}}, {"type": "Feature", "geometry": {"type": "Point", "coordinates": [73.931337, 18.537645]}, "properties": {"depth": 2.56}}, {"type": "Feature", "geometry": {"type": "Point", "coordinates": [73.93143, 18.537647]}, "properties": {"depth": 2.56}}, {"type": "Feature", "geometry": {"type": "Point", "coordinates": [73.931536, 18.53765]}, "properties": {"depth": 2.06}}, {"type": "Feature", "geometry": {"type": "Point", "coordinates": [73.931277, 18.537658]}, "properties": {"depth": 2.56}}, {"type": "Feature", "geometry": {"type": "Point", "coordinates": [73.931796, 18.537699]}, "properties": {"depth": 2.06}}, {"type": "Feature", "geometry": {"type": "Point", "coordinates": [73.931694, 18.537708]}, "properties": {"depth": 2.06}}, {"type": "Feature", "geometry": {"type": "Point", "coordinates": [73.931611, 18.537718]}, "properties": {"depth": 2.06}}, {"type": "Feature", "geometry": {"type": "Point", "coordinates": [73.931028, 18.537719]}, "properties": {"depth": 0.62}}, {"type": "Feature", "geometry": {"type": "Point", "coordinates": [73.931524, 18.537727]}, "properties": {"depth": 2.56}}, {"type": "Feature", "geometry": {"type": "Point", "coordinates": [73.932531, 18.537737]}, "properties": {"depth": 0.35}}, {"type": "Feature", "geometry": {"type": "Point", "coordinates": [73.93238, 18.537741]}, "properties": {"depth": 0.35}}, {"type": "Feature", "geometry": {"type": "Point", "coordinates": [73.932147, 18.537757]}, "properties": {"depth": 0.63}}, {"type": "Feature", "geometry": {"type": "Point", "coordinates": [73.932743, 18.537761]}, "properties": {"depth": 0.42}}, {"type": "Feature", "geometry": {"type": "Point", "coordinates": [73.932907, 18.537763]}, "properties": {"depth": 0.42}}, {"type": "Feature", "geometry": {"type": "Point", "coordinates": [73.932217, 18.537761]}, "properties": {"depth": 0.63}}, {"type": "Feature", "geometry": {"type": "Point", "coordinates": [73.932296, 18.537765]}, "properties": {"depth": 0.63}}, {"type": "Feature", "geometry": {"type": "Point", "coordinates": [73.932083, 18.537775]}, "properties": {"depth": 1.71}}, {"type": "Feature", "geometry": {"type": "Point", "coordinates": [73.933182, 18.537782]}, "properties": {"depth": 5.22}}, {"type": "Feature", "geometry": {"type": "Point", "coordinates": [73.932006, 18.537782]}, "properties": {"depth": 1.71}}, {"type": "Feature", "geometry": {"type": "Point", "coordinates": [73.935088, 18.537728]}, "properties": {"depth": 5.26}}, {"type": "Feature", "geometry": {"type": "Point", "coordinates": [73.934952, 18.53774]}, "properties": {"depth": 5.26}}, {"type": "Feature", "geometry": {"type": "Point", "coordinates": [73.93564, 18.537745]}, "properties": {"depth": 5.17}}, {"type": "Feature", "geometry": {"type": "Point", "coordinates": [73.935441, 18.537774]}, "properties": {"depth": 5.17}}, {"type": "Feature", "geometry": {"type": "Point", "coordinates": [73.935277, 18.537783]}, "properties": {"depth": 5.39}}, {"type": "Feature", "geometry": {"type": "Point", "coordinates": [73.935772, 18.537823]}, "properties": {"depth": 7.0}}, {"type": "Feature", "geometry": {"type": "Point", "coordinates": [73.935639, 18.537836]}, "properties": {"depth": 5.17}}, {"type": "Feature", "geometry": {"type": "Point", "coordinates": [73.935103, 18.53784]}, "properties": {"depth": 5.26}}, {"type": "Feature", "geometry": {"type": "Point", "coordinates": [73.935278, 18.537854]}, "properties": {"depth": 5.39}}, {"type": "Feature", "geometry": {"type": "Point", "coordinates": [73.935445, 18.537862]}, "properties": {"depth": 5.17}}, {"type": "Feature", "geometry": {"type": "Point", "coordinates": [73.933449, 18.537736]}, "properties": {"depth": 5.98}}, {"type": "Feature", "geometry": {"type": "Point", "coordinates": [73.933327, 18.53775]}, "properties": {"depth": 5.98}}, {"type": "Feature", "geometry": {"type": "Point", "coordinates": [73.933847, 18.537805]}, "properties": {"depth": 5.11}}, {"type": "Feature", "geometry": {"type": "Point", "coordinates": [73.934462, 18.537819]}, "properties": {"depth": 4.9}}, {"type": "Feature", "geometry": {"type": "Point", "coordinates": [73.933654, 18.537828]}, "properties": {"depth": 3.32}}, {"type": "Feature", "geometry": {"type": "Point", "coordinates": [73.933549, 18.537846]}, "properties": {"depth": 3.32}}, {"type": "Feature", "geometry": {"type": "Point", "coordinates": [73.933387, 18.537863]}, "properties": {"depth": 5.98}}, {"type": "Feature", "geometry": {"type": "Point", "coordinates": [73.933892, 18.537878]}, "properties": {"depth": 5.11}}, {"type": "Feature", "geometry": {"type": "Point", "coordinates": [73.933806, 18.537889]}, "properties": {"depth": 5.11}}, {"type": "Feature", "geometry": {"type": "Point", "coordinates": [73.933735, 18.537894]}, "properties": {"depth": 3.32}}, {"type": "Feature", "geometry": {"type": "Point", "coordinates": [73.933063, 18.5378]}, "properties": {"depth": 5.22}}, {"type": "Feature", "geometry": {"type": "Point", "coordinates": [73.93264, 18.537814]}, "properties": {"depth": 0.42}}, {"type": "Feature", "geometry": {"type": "Point", "coordinates": [73.932758, 18.537827]}, "properties": {"depth": 0.42}}, {"type": "Feature", "geometry": {"type": "Point", "coordinates": [73.932535, 18.537832]}, "properties": {"depth": 0.35}}, {"type": "Feature", "geometry": {"type": "Point", "coordinates": [73.932446, 18.537831]}, "properties": {"depth": 0.35}}, {"type": "Feature", "geometry": {"type": "Point", "coordinates": [73.932374, 18.537829]}, "properties": {"depth": 0.35}}, {"type": "Feature", "geometry": {"type": "Point", "coordinates": [73.93187, 18.537831]}, "properties": {"depth": 1.71}}, {"type": "Feature", "geometry": {"type": "Point", "coordinates": [73.932263, 18.53785]}, "properties": {"depth": 0.63}}, {"type": "Feature", "geometry": {"type": "Point", "coordinates": [73.932869, 18.537926]}, "properties": {"depth": 3.07}}, {"type": "Feature", "geometry": {"type": "Point", "coordinates": [73.93238, 18.537971]}, "properties": {"depth": 3.61}}, {"type": "Feature", "geometry": {"type": "Point", "coordinates": [73.928385, 18.535551]}, "properties": {"depth": 0.24}}, {"type": "Feature", "geometry": {"type": "Point", "coordinates": [73.928207, 18.535585]}, "properties": {"depth": 0.24}}, {"type": "Feature", "geometry": {"type": "Point", "coordinates": [73.928692, 18.535702]}, "properties": {"depth": 0.55}}, {"type": "Feature", "geometry": {"type": "Point", "coordinates": [73.928689, 18.535797]}, "properties": {"depth": 0.55}}, {"type": "Feature", "geometry": {"type": "Point", "coordinates": [73.928097, 18.535815]}, "properties": {"depth": 1.54}}, {"type": "Feature", "geometry": {"type": "Point", "coordinates": [73.928103, 18.535903]}, "properties": {"depth": 1.54}}, {"type": "Feature", "geometry": {"type": "Point", "coordinates": [73.929052, 18.536092]}, "properties": {"depth": 2.42}}, {"type": "Feature", "geometry": {"type": "Point", "coordinates": [73.928897, 18.536107]}, "properties": {"depth": 2.13}}, {"type": "Feature", "geometry": {"type": "Point", "coordinates": [73.928742, 18.536136]}, "properties": {"depth": 1.48}}, {"type": "Feature", "geometry": {"type": "Point", "coordinates": [73.928636, 18.536164]}, "properties": {"depth": 1.48}}, {"type": "Feature", "geometry": {"type": "Point", "coordinates": [73.928481, 18.536188]}, "properties": {"depth": 1.48}}, {"type": "Feature", "geometry": {"type": "Point", "coordinates": [73.928732, 18.536247]}, "properties": {"depth": 1.48}}, {"type": "Feature", "geometry": {"type": "Point", "coordinates": [73.928374, 18.536253]}, "properties": {"depth": 1.04}}, {"type": "Feature", "geometry": {"type": "Point", "coordinates": [73.928214, 18.536391]}, "properties": {"depth": 1.04}}, {"type": "Feature", "geometry": {"type": "Point", "coordinates": [73.931531, 18.535364]}, "properties": {"depth": 1.02}}, {"type": "Feature", "geometry": {"type": "Point", "coordinates": [73.931739, 18.537545]}, "properties": {"depth": 0.81}}, {"type": "Feature", "geometry": {"type": "Point", "coordinates": [73.931521, 18.537556]}, "properties": {"depth": 0.55}}, {"type": "Feature", "geometry": {"type": "Point", "coordinates": [73.931418, 18.537556]}, "properties": {"depth": 0.55}}, {"type": "Feature", "geometry": {"type": "Point", "coordinates": [73.930705, 18.537782]}, "properties": {"depth": 0.39}}, {"type": "Feature", "geometry": {"type": "Point", "coordinates": [73.930593, 18.537796]}, "properties": {"depth": 3.64}}, {"type": "Feature", "geometry": {"type": "Point", "coordinates": [73.930485, 18.537822]}, "properties": {"depth": 3.64}}, {"type": "Feature", "geometry": {"type": "Point", "coordinates": [73.930713, 18.537949]}, "properties": {"depth": 0.79}}, {"type": "Feature", "geometry": {"type": "Point", "coordinates": [73.930733, 18.538015]}, "properties": {"depth": 0.79}}, {"type": "Feature", "geometry": {"type": "Point", "coordinates": [73.931452, 18.537729]}, "properties": {"depth": 2.56}}, {"type": "Feature", "geometry": {"type": "Point", "coordinates": [73.93137, 18.537729]}, "properties": {"depth": 2.56}}, {"type": "Feature", "geometry": {"type": "Point", "coordinates": [73.931306, 18.537734]}, "properties": {"depth": 2.56}}, {"type": "Feature", "geometry": {"type": "Point", "coordinates": [73.93121, 18.537743]}, "properties": {"depth": 0.62}}, {"type": "Feature", "geometry": {"type": "Point", "coordinates": [73.930803, 18.53775]}, "properties": {"depth": 0.39}}, {"type": "Feature", "geometry": {"type": "Point", "coordinates": [73.930897, 18.537777]}, "properties": {"depth": 0.39}}, {"type": "Feature", "geometry": {"type": "Point", "coordinates": [73.931046, 18.53778]}, "properties": {"depth": 0.62}}, {"type": "Feature", "geometry": {"type": "Point", "coordinates": [73.931563, 18.537872]}, "properties": {"depth": 2.06}}, {"type": "Feature", "geometry": {"type": "Point", "coordinates": [73.93139, 18.537878]}, "properties": {"depth": 2.56}}, {"type": "Feature", "geometry": {"type": "Point", "coordinates": [73.931489, 18.537889]}, "properties": {"depth": 2.56}}, {"type": "Feature", "geometry": {"type": "Point", "coordinates": [73.930846, 18.537922]}, "properties": {"depth": 0.79}}, {"type": "Feature", "geometry": {"type": "Point", "coordinates": [73.931413, 18.537947]}, "properties": {"depth": 0.05}}, {"type": "Feature", "geometry": {"type": "Point", "coordinates": [73.930864, 18.537992]}, "properties": {"depth": 0.79}}, {"type": "Feature", "geometry": {"type": "Point", "coordinates": [73.931051, 18.537997]}, "properties": {"depth": 0.57}}, {"type": "Feature", "geometry": {"type": "Point", "coordinates": [73.931823, 18.538002]}, "properties": {"depth": 0.21}}, {"type": "Feature", "geometry": {"type": "Point", "coordinates": [73.931167, 18.537999]}, "properties": {"depth": 0.57}}, {"type": "Feature", "geometry": {"type": "Point", "coordinates": [73.931624, 18.538008]}, "properties": {"depth": 0.27}}, {"type": "Feature", "geometry": {"type": "Point", "coordinates": [73.931709, 18.538009]}, "properties": {"depth": 0.27}}, {"type": "Feature", "geometry": {"type": "Point", "coordinates": [73.931522, 18.538013]}, "properties": {"depth": 0.05}}, {"type": "Feature", "geometry": {"type": "Point", "coordinates": [73.931432, 18.538027]}, "properties": {"depth": 0.05}}, {"type": "Feature", "geometry": {"type": "Point", "coordinates": [73.931356, 18.538037]}, "properties": {"depth": 0.05}}, {"type": "Feature", "geometry": {"type": "Point", "coordinates": [73.931276, 18.538056]}, "properties": {"depth": 0.05}}, {"type": "Feature", "geometry": {"type": "Point", "coordinates": [73.931064, 18.538084]}, "properties": {"depth": 0.57}}, {"type": "Feature", "geometry": {"type": "Point", "coordinates": [73.931182, 18.538086]}, "properties": {"depth": 0.57}}, {"type": "Feature", "geometry": {"type": "Point", "coordinates": [73.930897, 18.538092]}, "properties": {"depth": 0.79}}, {"type": "Feature", "geometry": {"type": "Point", "coordinates": [73.930812, 18.538105]}, "properties": {"depth": 0.79}}, {"type": "Feature", "geometry": {"type": "Point", "coordinates": [73.93168, 18.53815]}, "properties": {"depth": 0.27}}, {"type": "Feature", "geometry": {"type": "Point", "coordinates": [73.931596, 18.538151]}, "properties": {"depth": 0.27}}, {"type": "Feature", "geometry": {"type": "Point", "coordinates": [73.93182, 18.538156]}, "properties": {"depth": 0.21}}, {"type": "Feature", "geometry": {"type": "Point", "coordinates": [73.93141, 18.53818]}, "properties": {"depth": 0.05}}, {"type": "Feature", "geometry": {"type": "Point", "coordinates": [73.930023, 18.538108]}, "properties": {"depth": 0.4}}, {"type": "Feature", "geometry": {"type": "Point", "coordinates": [73.93076, 18.538114]}, "properties": {"depth": 0.79}}, {"type": "Feature", "geometry": {"type": "Point", "coordinates": [73.930707, 18.538125]}, "properties": {"depth": 0.79}}, {"type": "Feature", "geometry": {"type": "Point", "coordinates": [73.929875, 18.538139]}, "properties": {"depth": 0.4}}, {"type": "Feature", "geometry": {"type": "Point", "coordinates": [73.930288, 18.538179]}, "properties": {"depth": 1.13}}, {"type": "Feature", "geometry": {"type": "Point", "coordinates": [73.930207, 18.538189]}, "properties": {"depth": 1.13}}, {"type": "Feature", "geometry": {"type": "Point", "coordinates": [73.93036, 18.538192]}, "properties": {"depth": 1.13}}, {"type": "Feature", "geometry": {"type": "Point", "coordinates": [73.930052, 18.538216]}, "properties": {"depth": 5.57}}, {"type": "Feature", "geometry": {"type": "Point", "coordinates": [73.930444, 18.538218]}, "properties": {"depth": 4.86}}, {"type": "Feature", "geometry": {"type": "Point", "coordinates": [73.930748, 18.538328]}, "properties": {"depth": 4.7}}, {"type": "Feature", "geometry": {"type": "Point", "coordinates": [73.931576, 18.538332]}, "properties": {"depth": 2.82}}, {"type": "Feature", "geometry": {"type": "Point", "coordinates": [73.931137, 18.538341]}, "properties": {"depth": 4.15}}, {"type": "Feature", "geometry": {"type": "Point", "coordinates": [73.931086, 18.53835]}, "properties": {"depth": 4.15}}, {"type": "Feature", "geometry": {"type": "Point", "coordinates": [73.931793, 18.538367]}, "properties": {"depth": 2.82}}, {"type": "Feature", "geometry": {"type": "Point", "coordinates": [73.931426, 18.538369]}, "properties": {"depth": 3.66}}, {"type": "Feature", "geometry": {"type": "Point", "coordinates": [73.930778, 18.538423]}, "properties": {"depth": 4.7}}, {"type": "Feature", "geometry": {"type": "Point", "coordinates": [73.931415, 18.538428]}, "properties": {"depth": 3.66}}, {"type": "Feature", "geometry": {"type": "Point", "coordinates": [73.931235, 18.538427]}, "properties": {"depth": 4.15}}, {"type": "Feature", "geometry": {"type": "Point", "coordinates": [73.931547, 18.538439]}, "properties": {"depth": 2.82}}, {"type": "Feature", "geometry": {"type": "Point", "coordinates": [73.931142, 18.538438]}, "properties": {"depth": 4.15}}, {"type": "Feature", "geometry": {"type": "Point", "coordinates": [73.930664, 18.538383]}, "properties": {"depth": 4.86}}, {"type": "Feature", "geometry": {"type": "Point", "coordinates": [73.930576, 18.538389]}, "properties": {"depth": 4.86}}, {"type": "Feature", "geometry": {"type": "Point", "coordinates": [73.930516, 18.538394]}, "properties": {"depth": 4.86}}, {"type": "Feature", "geometry": {"type": "Point", "coordinates": [73.92999, 18.538398]}, "properties": {"depth": 5.57}}, {"type": "Feature", "geometry": {"type": "Point", "coordinates": [73.930278, 18.538404]}, "properties": {"depth": 4.51}}, {"type": "Feature", "geometry": {"type": "Point", "coordinates": [73.929654, 18.538437]}, "properties": {"depth": 5.98}}, {"type": "Feature", "geometry": {"type": "Point", "coordinates": [73.930489, 18.53847]}, "properties": {"depth": 4.86}}, {"type": "Feature", "geometry": {"type": "Point", "coordinates": [73.93039, 18.538478]}, "properties": {"depth": 3.33}}, {"type": "Feature", "geometry": {"type": "Point", "coordinates": [73.930285, 18.538496]}, "properties": {"depth": 3.33}}, {"type": "Feature", "geometry": {"type": "Point", "coordinates": [73.930701, 18.538557]}, "properties": {"depth": 3.28}}, {"type": "Feature", "geometry": {"type": "Point", "coordinates": [73.927689, 18.535906]}, "properties": {"depth": 1.17}}, {"type": "Feature", "geometry": {"type": "Point", "coordinates": [73.928015, 18.535911]}, "properties": {"depth": 1.54}}, {"type": "Feature", "geometry": {"type": "Point", "coordinates": [73.927927, 18.535972]}, "properties": {"depth": 2.57}}, {"type": "Feature", "geometry": {"type": "Point", "coordinates": [73.927692, 18.536026]}, "properties": {"depth": 0.8}}, {"type": "Feature", "geometry": {"type": "Point", "coordinates": [73.927976, 18.536524]}, "properties": {"depth": 3.85}}, {"type": "Feature", "geometry": {"type": "Point", "coordinates": [73.926525, 18.540087]}, "properties": {"depth": 3.59}}, {"type": "Feature", "geometry": {"type": "Point", "coordinates": [73.92583, 18.54069]}, "properties": {"depth": 1.4}}, {"type": "Feature", "geometry": {"type": "Point", "coordinates": [73.935768, 18.537884]}, "properties": {"depth": 7.0}}, {"type": "Feature", "geometry": {"type": "Point", "coordinates": [73.934956, 18.537888]}, "properties": {"depth": 5.26}}, {"type": "Feature", "geometry": {"type": "Point", "coordinates": [73.935639, 18.537939]}, "properties": {"depth": 3.78}}, {"type": "Feature", "geometry": {"type": "Point", "coordinates": [73.935099, 18.537938]}, "properties": {"depth": 2.93}}, {"type": "Feature", "geometry": {"type": "Point", "coordinates": [73.93549, 18.537962]}, "properties": {"depth": 3.78}}, {"type": "Feature", "geometry": {"type": "Point", "coordinates": [73.935758, 18.537964]}, "properties": {"depth": 6.18}}, {"type": "Feature", "geometry": {"type": "Point", "coordinates": [73.935296, 18.537963]}, "properties": {"depth": 3.23}}, {"type": "Feature", "geometry": {"type": "Point", "coordinates": [73.935403, 18.537964]}, "properties": {"depth": 3.23}}, {"type": "Feature", "geometry": {"type": "Point", "coordinates": [73.935773, 18.538053]}, "properties": {"depth": 6.18}}, {"type": "Feature", "geometry": {"type": "Point", "coordinates": [73.935098, 18.538049]}, "properties": {"depth": 2.93}}, {"type": "Feature", "geometry": {"type": "Point", "coordinates": [73.933644, 18.53791]}, "properties": {"depth": 3.32}}, {"type": "Feature", "geometry": {"type": "Point", "coordinates": [73.933541, 18.537919]}, "properties": {"depth": 4.02}}, {"type": "Feature", "geometry": {"type": "Point", "coordinates": [73.933446, 18.53793]}, "properties": {"depth": 1.48}}, {"type": "Feature", "geometry": {"type": "Point", "coordinates": [73.934454, 18.537961]}, "properties": {"depth": 3.49}}, {"type": "Feature", "geometry": {"type": "Point", "coordinates": [73.933214, 18.538047]}, "properties": {"depth": 1.48}}, {"type": "Feature", "geometry": {"type": "Point", "coordinates": [73.933296, 18.538122]}, "properties": {"depth": 1.48}}, {"type": "Feature", "geometry": {"type": "Point", "coordinates": [73.933229, 18.538124]}, "properties": {"depth": 1.48}}, {"type": "Feature", "geometry": {"type": "Point", "coordinates": [73.933466, 18.538133]}, "properties": {"depth": 1.48}}, {"type": "Feature", "geometry": {"type": "Point", "coordinates": [73.933629, 18.538135]}, "properties": {"depth": 4.02}}, {"type": "Feature", "geometry": {"type": "Point", "coordinates": [73.933382, 18.538134]}, "properties": {"depth": 1.48}}, {"type": "Feature", "geometry": {"type": "Point", "coordinates": [73.933064, 18.537986]}, "properties": {"depth": 1.15}}, {"type": "Feature", "geometry": {"type": "Point", "coordinates": [73.932743, 18.537987]}, "properties": {"depth": 3.07}}, {"type": "Feature", "geometry": {"type": "Point", "coordinates": [73.931883, 18.537987]}, "properties": {"depth": 0.21}}, {"type": "Feature", "geometry": {"type": "Point", "coordinates": [73.93289, 18.538019]}, "properties": {"depth": 3.07}}, {"type": "Feature", "geometry": {"type": "Point", "coordinates": [73.932205, 18.538053]}, "properties": {"depth": 4.0}}, {"type": "Feature", "geometry": {"type": "Point", "coordinates": [73.932064, 18.53806]}, "properties": {"depth": 0.21}}, {"type": "Feature", "geometry": {"type": "Point", "coordinates": [73.93248, 18.538065]}, "properties": {"depth": 3.61}}, {"type": "Feature", "geometry": {"type": "Point", "coordinates": [73.932558, 18.538071]}, "properties": {"depth": 3.61}}, {"type": "Feature", "geometry": {"type": "Point", "coordinates": [73.932387, 18.538082]}, "properties": {"depth": 3.61}}, {"type": "Feature", "geometry": {"type": "Point", "coordinates": [73.93276, 18.538093]}, "properties": {"depth": 3.07}}, {"type": "Feature", "geometry": {"type": "Point", "coordinates": [73.935635, 18.538053]}, "properties": {"depth": 3.78}}, {"type": "Feature", "geometry": {"type": "Point", "coordinates": [73.934955, 18.53805]}, "properties": {"depth": 2.93}}, {"type": "Feature", "geometry": {"type": "Point", "coordinates": [73.935273, 18.538057]}, "properties": {"depth": 3.23}}, {"type": "Feature", "geometry": {"type": "Point", "coordinates": [73.935487, 18.538066]}, "properties": {"depth": 3.78}}, {"type": "Feature", "geometry": {"type": "Point", "coordinates": [73.935401, 18.538068]}, "properties": {"depth": 3.23}}, {"type": "Feature", "geometry": {"type": "Point", "coordinates": [73.935427, 18.538224]}, "properties": {"depth": 3.95}}, {"type": "Feature", "geometry": {"type": "Point", "coordinates": [73.935266, 18.538236]}, "properties": {"depth": 1.53}}, {"type": "Feature", "geometry": {"type": "Point", "coordinates": [73.935775, 18.53825]}, "properties": {"depth": 4.31}}, {"type": "Feature", "geometry": {"type": "Point", "coordinates": [73.935645, 18.538252]}, "properties": {"depth": 3.95}}, {"type": "Feature", "geometry": {"type": "Point", "coordinates": [73.935416, 18.538309]}, "properties": {"depth": 1.53}}, {"type": "Feature", "geometry": {"type": "Point", "coordinates": [73.932309, 18.538095]}, "properties": {"depth": 4.0}}, {"type": "Feature", "geometry": {"type": "Point", "coordinates": [73.932647, 18.538097]}, "properties": {"depth": 3.07}}, {"type": "Feature", "geometry": {"type": "Point", "coordinates": [73.932957, 18.538102]}, "properties": {"depth": 1.15}}, {"type": "Feature", "geometry": {"type": "Point", "coordinates": [73.93286, 18.538103]}, "properties": {"depth": 3.07}}, {"type": "Feature", "geometry": {"type": "Point", "coordinates": [73.933061, 18.538106]}, "properties": {"depth": 1.15}}, {"type": "Feature", "geometry": {"type": "Point", "coordinates": [73.933148, 18.538126]}, "properties": {"depth": 1.15}}, {"type": "Feature", "geometry": {"type": "Point", "coordinates": [73.932415, 18.538273]}, "properties": {"depth": 2.0}}, {"type": "Feature", "geometry": {"type": "Point", "coordinates": [73.932549, 18.538273]}, "properties": {"depth": 2.0}}, {"type": "Feature", "geometry": {"type": "Point", "coordinates": [73.932274, 18.538276]}, "properties": {"depth": 2.33}}, {"type": "Feature", "geometry": {"type": "Point", "coordinates": [73.932656, 18.538279]}, "properties": {"depth": 1.21}}, {"type": "Feature", "geometry": {"type": "Point", "coordinates": [73.933558, 18.538141]}, "properties": {"depth": 4.02}}, {"type": "Feature", "geometry": {"type": "Point", "coordinates": [73.933958, 18.538156]}, "properties": {"depth": 4.46}}, {"type": "Feature", "geometry": {"type": "Point", "coordinates": [73.933854, 18.538162]}, "properties": {"depth": 4.46}}, {"type": "Feature", "geometry": {"type": "Point", "coordinates": [73.933774, 18.538163]}, "properties": {"depth": 4.46}}, {"type": "Feature", "geometry": {"type": "Point", "coordinates": [73.933712, 18.538163]}, "properties": {"depth": 4.02}}, {"type": "Feature", "geometry": {"type": "Point", "coordinates": [73.933962, 18.538301]}, "properties": {"depth": 1.7}}, {"type": "Feature", "geometry": {"type": "Point", "coordinates": [73.933787, 18.538308]}, "properties": {"depth": 1.7}}, {"type": "Feature", "geometry": {"type": "Point", "coordinates": [73.933657, 18.538309]}, "properties": {"depth": 1.81}}, {"type": "Feature", "geometry": {"type": "Point", "coordinates": [73.933516, 18.538309]}, "properties": {"depth": 1.81}}, {"type": "Feature", "geometry": {"type": "Point", "coordinates": [73.933314, 18.538313]}, "properties": {"depth": 0.2}}, {"type": "Feature", "geometry": {"type": "Point", "coordinates": [73.931564, 18.538198]}, "properties": {"depth": 2.82}}, {"type": "Feature", "geometry": {"type": "Point", "coordinates": [73.931498, 18.538198]}, "properties": {"depth": 3.66}}, {"type": "Feature", "geometry": {"type": "Point", "coordinates": [73.931645, 18.538201]}, "properties": {"depth": 2.82}}, {"type": "Feature", "geometry": {"type": "Point", "coordinates": [73.931403, 18.538248]}, "properties": {"depth": 3.66}}, {"type": "Feature", "geometry": {"type": "Point", "coordinates": [73.931519, 18.538254]}, "properties": {"depth": 3.66}}, {"type": "Feature", "geometry": {"type": "Point", "coordinates": [73.931629, 18.538257]}, "properties": {"depth": 2.82}}, {"type": "Feature", "geometry": {"type": "Point", "coordinates": [73.931825, 18.538275]}, "properties": {"depth": 2.81}}, {"type": "Feature", "geometry": {"type": "Point", "coordinates": [73.93117, 18.538275]}, "properties": {"depth": 4.15}}, {"type": "Feature", "geometry": {"type": "Point", "coordinates": [73.930867, 18.538299]}, "properties": {"depth": 4.7}}, {"type": "Feature", "geometry": {"type": "Point", "coordinates": [73.931448, 18.538313]}, "properties": {"depth": 3.66}}, {"type": "Feature", "geometry": {"type": "Point", "coordinates": [73.93527, 18.538335]}, "properties": {"depth": 1.53}}, {"type": "Feature", "geometry": {"type": "Point", "coordinates": [73.935776, 18.538347]}, "properties": {"depth": 4.31}}, {"type": "Feature", "geometry": {"type": "Point", "coordinates": [73.935664, 18.538359]}, "properties": {"depth": 3.95}}, {"type": "Feature", "geometry": {"type": "Point", "coordinates": [73.935413, 18.538402]}, "properties": {"depth": 1.53}}, {"type": "Feature", "geometry": {"type": "Point", "coordinates": [73.935275, 18.538405]}, "properties": {"depth": 1.53}}, {"type": "Feature", "geometry": {"type": "Point", "coordinates": [73.935776, 18.538433]}, "properties": {"depth": 4.31}}, {"type": "Feature", "geometry": {"type": "Point", "coordinates": [73.935396, 18.538484]}, "properties": {"depth": 3.0}}, {"type": "Feature", "geometry": {"type": "Point", "coordinates": [73.935637, 18.538487]}, "properties": {"depth": 3.68}}, {"type": "Feature", "geometry": {"type": "Point", "coordinates": [73.935772, 18.538506]}, "properties": {"depth": 3.1}}, {"type": "Feature", "geometry": {"type": "Point", "coordinates": [73.931631, 18.538444]}, "properties": {"depth": 2.82}}, {"type": "Feature", "geometry": {"type": "Point", "coordinates": [73.931765, 18.538452]}, "properties": {"depth": 2.82}}, {"type": "Feature", "geometry": {"type": "Point", "coordinates": [73.931002, 18.538469]}, "properties": {"depth": 4.15}}, {"type": "Feature", "geometry": {"type": "Point", "coordinates": [73.931859, 18.538477]}, "properties": {"depth": 1.47}}, {"type": "Feature", "geometry": {"type": "Point", "coordinates": [73.931368, 18.538503]}, "properties": {"depth": 2.35}}, {"type": "Feature", "geometry": {"type": "Point", "coordinates": [73.931238, 18.538504]}, "properties": {"depth": 2.42}}, {"type": "Feature", "geometry": {"type": "Point", "coordinates": [73.931451, 18.538511]}, "properties": {"depth": 2.35}}, {"type": "Feature", "geometry": {"type": "Point", "coordinates": [73.931136, 18.538524]}, "properties": {"depth": 2.42}}, {"type": "Feature", "geometry": {"type": "Point", "coordinates": [73.930956, 18.538524]}, "properties": {"depth": 3.28}}, {"type": "Feature", "geometry": {"type": "Point", "coordinates": [73.931558, 18.538541]}, "properties": {"depth": 1.22}}, {"type": "Feature", "geometry": {"type": "Point", "coordinates": [73.935393, 18.538597]}, "properties": {"depth": 3.0}}, {"type": "Feature", "geometry": {"type": "Point", "coordinates": [73.935633, 18.538618]}, "properties": {"depth": 3.68}}, {"type": "Feature", "geometry": {"type": "Point", "coordinates": [73.93524, 18.538634]}, "properties": {"depth": 3.0}}, {"type": "Feature", "geometry": {"type": "Point", "coordinates": [73.935774, 18.538643]}, "properties": {"depth": 3.1}}, {"type": "Feature", "geometry": {"type": "Point", "coordinates": [73.935349, 18.538688]}, "properties": {"depth": 3.0}}, {"type": "Feature", "geometry": {"type": "Point", "coordinates": [73.935416, 18.53869]}, "properties": {"depth": 3.0}}, {"type": "Feature", "geometry": {"type": "Point", "coordinates": [73.93547, 18.538695]}, "properties": {"depth": 3.68}}, {"type": "Feature", "geometry": {"type": "Point", "coordinates": [73.935241, 18.538712]}, "properties": {"depth": 3.0}}, {"type": "Feature", "geometry": {"type": "Point", "coordinates": [73.93578, 18.538718]}, "properties": {"depth": 3.1}}, {"type": "Feature", "geometry": {"type": "Point", "coordinates": [73.921148, 18.540125]}, "properties": {"depth": 3.11}}, {"type": "Feature", "geometry": {"type": "Point", "coordinates": [73.922905, 18.537644]}, "properties": {"depth": 0.99}}, {"type": "Feature", "geometry": {"type": "Point", "coordinates": [73.922806, 18.537675]}, "properties": {"depth": 0.99}}, {"type": "Feature", "geometry": {"type": "Point", "coordinates": [73.922804, 18.537766]}, "properties": {"depth": 0.99}}, {"type": "Feature", "geometry": {"type": "Point", "coordinates": [73.921735, 18.539981]}, "properties": {"depth": 3.26}}, {"type": "Feature", "geometry": {"type": "Point", "coordinates": [73.932172, 18.538277]}, "properties": {"depth": 2.33}}, {"type": "Feature", "geometry": {"type": "Point", "coordinates": [73.931916, 18.53828]}, "properties": {"depth": 2.81}}, {"type": "Feature", "geometry": {"type": "Point", "coordinates": [73.932999, 18.538289]}, "properties": {"depth": 1.35}}, {"type": "Feature", "geometry": {"type": "Point", "coordinates": [73.932109, 18.538284]}, "properties": {"depth": 2.33}}, {"type": "Feature", "geometry": {"type": "Point", "coordinates": [73.932763, 18.538289]}, "properties": {"depth": 1.21}}, {"type": "Feature", "geometry": {"type": "Point", "coordinates": [73.932883, 18.538291]}, "properties": {"depth": 1.21}}, {"type": "Feature", "geometry": {"type": "Point", "coordinates": [73.933087, 18.538315]}, "properties": {"depth": 1.35}}, {"type": "Feature", "geometry": {"type": "Point", "coordinates": [73.932618, 18.538571]}, "properties": {"depth": 0.63}}, {"type": "Feature", "geometry": {"type": "Point", "coordinates": [73.932111, 18.53871]}, "properties": {"depth": 1.83}}, {"type": "Feature", "geometry": {"type": "Point", "coordinates": [73.932781, 18.538994]}, "properties": {"depth": 0.81}}, {"type": "Feature", "geometry": {"type": "Point", "coordinates": [73.935652, 18.538732]}, "properties": {"depth": 3.68}}, {"type": "Feature", "geometry": {"type": "Point", "coordinates": [73.93578, 18.538787]}, "properties": {"depth": 1.6}}, {"type": "Feature", "geometry": {"type": "Point", "coordinates": [73.935366, 18.538789]}, "properties": {"depth": 1.0}}, {"type": "Feature", "geometry": {"type": "Point", "coordinates": [73.935015, 18.538799]}, "properties": {"depth": 0.91}}, {"type": "Feature", "geometry": {"type": "Point", "coordinates": [73.934888, 18.538804]}, "properties": {"depth": 0.91}}, {"type": "Feature", "geometry": {"type": "Point", "coordinates": [73.93544, 18.538819]}, "properties": {"depth": 1.3}}, {"type": "Feature", "geometry": {"type": "Point", "coordinates": [73.935216, 18.538819]}, "properties": {"depth": 1.0}}, {"type": "Feature", "geometry": {"type": "Point", "coordinates": [73.935301, 18.538819]}, "properties": {"depth": 1.0}}, {"type": "Feature", "geometry": {"type": "Point", "coordinates": [73.936095, 18.538831]}, "properties": {"depth": 1.64}}, {"type": "Feature", "geometry": {"type": "Point", "coordinates": [73.935668, 18.53887]}, "properties": {"depth": 1.3}}, {"type": "Feature", "geometry": {"type": "Point", "coordinates": [73.935789, 18.538877]}, "properties": {"depth": 1.6}}, {"type": "Feature", "geometry": {"type": "Point", "coordinates": [73.935017, 18.538883]}, "properties": {"depth": 0.91}}, {"type": "Feature", "geometry": {"type": "Point", "coordinates": [73.935247, 18.538894]}, "properties": {"depth": 1.0}}, {"type": "Feature", "geometry": {"type": "Point", "coordinates": [73.935404, 18.538897]}, "properties": {"depth": 1.0}}, {"type": "Feature", "geometry": {"type": "Point", "coordinates": [73.935249, 18.538947]}, "properties": {"depth": 1.0}}, {"type": "Feature", "geometry": {"type": "Point", "coordinates": [73.935648, 18.53895]}, "properties": {"depth": 1.3}}, {"type": "Feature", "geometry": {"type": "Point", "coordinates": [73.935777, 18.538964]}, "properties": {"depth": 1.6}}, {"type": "Feature", "geometry": {"type": "Point", "coordinates": [73.933204, 18.538317]}, "properties": {"depth": 0.2}}, {"type": "Feature", "geometry": {"type": "Point", "coordinates": [73.933404, 18.538319]}, "properties": {"depth": 0.2}}, {"type": "Feature", "geometry": {"type": "Point", "coordinates": [73.933511, 18.539271]}, "properties": {"depth": 0.63}}, {"type": "Feature", "geometry": {"type": "Point", "coordinates": [73.935456, 18.53897]}, "properties": {"depth": 1.3}}, {"type": "Feature", "geometry": {"type": "Point", "coordinates": [73.935053, 18.53897]}, "properties": {"depth": 0.91}}, {"type": "Feature", "geometry": {"type": "Point", "coordinates": [73.935379, 18.538978]}, "properties": {"depth": 1.0}}, {"type": "Feature", "geometry": {"type": "Point", "coordinates": [73.935317, 18.539011]}, "properties": {"depth": 1.0}}, {"type": "Feature", "geometry": {"type": "Point", "coordinates": [73.935238, 18.539012]}, "properties": {"depth": 1.0}}, {"type": "Feature", "geometry": {"type": "Point", "coordinates": [73.934883, 18.539021]}, "properties": {"depth": 0.91}}, {"type": "Feature", "geometry": {"type": "Point", "coordinates": [73.935747, 18.539026]}, "properties": {"depth": 1.6}}, {"type": "Feature", "geometry": {"type": "Point", "coordinates": [73.931474, 18.539088]}, "properties": {"depth": 0.52}}, {"type": "Feature", "geometry": {"type": "Point", "coordinates": [73.931783, 18.539101]}, "properties": {"depth": 0.01}}, {"type": "Feature", "geometry": {"type": "Point", "coordinates": [73.93156, 18.539109]}, "properties": {"depth": 0.01}}, {"type": "Feature", "geometry": {"type": "Point", "coordinates": [73.931401, 18.539123]}, "properties": {"depth": 0.52}}, {"type": "Feature", "geometry": {"type": "Point", "coordinates": [73.93133, 18.539148]}, "properties": {"depth": 0.52}}, {"type": "Feature", "geometry": {"type": "Point", "coordinates": [73.931509, 18.539154]}, "properties": {"depth": 0.52}}, {"type": "Feature", "geometry": {"type": "Point", "coordinates": [73.931999, 18.539163]}, "properties": {"depth": 0.57}}, {"type": "Feature", "geometry": {"type": "Point", "coordinates": [73.932435, 18.539168]}, "properties": {"depth": 1.28}}, {"type": "Feature", "geometry": {"type": "Point", "coordinates": [73.932553, 18.53917]}, "properties": {"depth": 1.28}}, {"type": "Feature", "geometry": {"type": "Point", "coordinates": [73.932646, 18.539173]}, "properties": {"depth": 1.55}}, {"type": "Feature", "geometry": {"type": "Point", "coordinates": [73.932739, 18.539177]}, "properties": {"depth": 1.55}}, {"type": "Feature", "geometry": {"type": "Point", "coordinates": [73.932194, 18.539183]}, "properties": {"depth": 0.14}}, {"type": "Feature", "geometry": {"type": "Point", "coordinates": [73.932311, 18.539185]}, "properties": {"depth": 0.14}}, {"type": "Feature", "geometry": {"type": "Point", "coordinates": [73.932829, 18.539188]}, "properties": {"depth": 1.55}}, {"type": "Feature", "geometry": {"type": "Point", "coordinates": [73.932928, 18.539193]}, "properties": {"depth": 0.06}}, {"type": "Feature", "geometry": {"type": "Point", "coordinates": [73.933031, 18.539197]}, "properties": {"depth": 0.06}}, {"type": "Feature", "geometry": {"type": "Point", "coordinates": [73.932263, 18.539329]}, "properties": {"depth": 0.29}}, {"type": "Feature", "geometry": {"type": "Point", "coordinates": [73.932123, 18.539329]}, "properties": {"depth": 0.29}}, {"type": "Feature", "geometry": {"type": "Point", "coordinates": [73.932211, 18.53933]}, "properties": {"depth": 0.29}}, {"type": "Feature", "geometry": {"type": "Point", "coordinates": [73.932168, 18.53933]}, "properties": {"depth": 0.29}}, {"type": "Feature", "geometry": {"type": "Point", "coordinates": [73.932318, 18.539334]}, "properties": {"depth": 0.29}}, {"type": "Feature", "geometry": {"type": "Point", "coordinates": [73.908731, 18.542609]}, "properties": {"depth": 0.82}}, {"type": "Feature", "geometry": {"type": "Point", "coordinates": [73.90886, 18.543073]}, "properties": {"depth": 0.21}}, {"type": "Feature", "geometry": {"type": "Point", "coordinates": [73.908469, 18.543145]}, "properties": {"depth": 1.09}}, {"type": "Feature", "geometry": {"type": "Point", "coordinates": [73.908862, 18.543218]}, "properties": {"depth": 0.07}}, {"type": "Feature", "geometry": {"type": "Point", "coordinates": [73.906875, 18.540032]}, "properties": {"depth": 0.89}}, {"type": "Feature", "geometry": {"type": "Point", "coordinates": [73.906782, 18.542462]}, "properties": {"depth": 0.56}}, {"type": "Feature", "geometry": {"type": "Point", "coordinates": [73.906702, 18.542473]}, "properties": {"depth": 0.56}}, {"type": "Feature", "geometry": {"type": "Point", "coordinates": [73.906014, 18.543012]}, "properties": {"depth": 2.17}}, {"type": "Feature", "geometry": {"type": "Point", "coordinates": [73.909275, 18.539614]}, "properties": {"depth": 0.43}}, {"type": "Feature", "geometry": {"type": "Point", "coordinates": [73.909009, 18.54376]}, "properties": {"depth": 0.81}}, {"type": "Feature", "geometry": {"type": "Point", "coordinates": [73.909046, 18.543941]}, "properties": {"depth": 3.44}}, {"type": "Feature", "geometry": {"type": "Point", "coordinates": [73.909071, 18.544133]}, "properties": {"depth": 1.32}}, {"type": "Feature", "geometry": {"type": "Point", "coordinates": [73.909096, 18.54433]}, "properties": {"depth": 2.06}}, {"type": "Feature", "geometry": {"type": "Point", "coordinates": [73.909124, 18.544474]}, "properties": {"depth": 2.06}}, {"type": "Feature", "geometry": {"type": "Point", "coordinates": [73.910501, 18.544581]}, "properties": {"depth": 4.01}}, {"type": "Feature", "geometry": {"type": "Point", "coordinates": [73.909149, 18.5446]}, "properties": {"depth": 1.11}}, {"type": "Feature", "geometry": {"type": "Point", "coordinates": [73.909173, 18.544724]}, "properties": {"depth": 1.11}}, {"type": "Feature", "geometry": {"type": "Point", "coordinates": [73.909645, 18.544839]}, "properties": {"depth": 1.72}}, {"type": "Feature", "geometry": {"type": "Point", "coordinates": [73.911337, 18.54453]}, "properties": {"depth": 2.48}}, {"type": "Feature", "geometry": {"type": "Point", "coordinates": [73.912115, 18.547592]}, "properties": {"depth": 0.04}}, {"type": "Feature", "geometry": {"type": "Point", "coordinates": [73.908432, 18.543348]}, "properties": {"depth": 0.52}}, {"type": "Feature", "geometry": {"type": "Point", "coordinates": [73.908871, 18.543354]}, "properties": {"depth": 0.07}}, {"type": "Feature", "geometry": {"type": "Point", "coordinates": [73.907926, 18.543367]}, "properties": {"depth": 0.16}}, {"type": "Feature", "geometry": {"type": "Point", "coordinates": [73.908785, 18.54344]}, "properties": {"depth": 0.07}}, {"type": "Feature", "geometry": {"type": "Point", "coordinates": [73.908776, 18.543586]}, "properties": {"depth": 1.37}}, {"type": "Feature", "geometry": {"type": "Point", "coordinates": [73.908476, 18.544092]}, "properties": {"depth": 0.02}}, {"type": "Feature", "geometry": {"type": "Point", "coordinates": [73.908781, 18.544368]}, "properties": {"depth": 0.58}}, {"type": "Feature", "geometry": {"type": "Point", "coordinates": [73.908755, 18.544537]}, "properties": {"depth": 0.58}}, {"type": "Feature", "geometry": {"type": "Point", "coordinates": [73.915338, 18.544849]}, "properties": {"depth": 8.42}}, {"type": "Feature", "geometry": {"type": "Point", "coordinates": [73.915159, 18.544928]}, "properties": {"depth": 8.89}}, {"type": "Feature", "geometry": {"type": "Point", "coordinates": [73.914673, 18.544973]}, "properties": {"depth": 4.64}}, {"type": "Feature", "geometry": {"type": "Point", "coordinates": [73.9143, 18.545008]}, "properties": {"depth": 2.68}}, {"type": "Feature", "geometry": {"type": "Point", "coordinates": [73.914693, 18.545146]}, "properties": {"depth": 8.12}}, {"type": "Feature", "geometry": {"type": "Point", "coordinates": [73.914714, 18.54529]}, "properties": {"depth": 8.12}}, {"type": "Feature", "geometry": {"type": "Point", "coordinates": [73.914736, 18.545457]}, "properties": {"depth": 11.17}}, {"type": "Feature", "geometry": {"type": "Point", "coordinates": [73.914756, 18.545627]}, "properties": {"depth": 11.17}}, {"type": "Feature", "geometry": {"type": "Point", "coordinates": [73.914768, 18.545781]}, "properties": {"depth": 3.65}}, {"type": "Feature", "geometry": {"type": "Point", "coordinates": [73.914052, 18.545893]}, "properties": {"depth": 1.66}}, {"type": "Feature", "geometry": {"type": "Point", "coordinates": [73.90918, 18.544841]}, "properties": {"depth": 1.11}}, {"type": "Feature", "geometry": {"type": "Point", "coordinates": [73.909019, 18.545301]}, "properties": {"depth": 0.38}}, {"type": "Feature", "geometry": {"type": "Point", "coordinates": [73.910435, 18.545492]}, "properties": {"depth": 6.04}}, {"type": "Feature", "geometry": {"type": "Point", "coordinates": [73.914225, 18.547093]}, "properties": {"depth": 4.89}}, {"type": "Feature", "geometry": {"type": "Point", "coordinates": [73.914245, 18.547236]}, "properties": {"depth": 4.89}}, {"type": "Feature", "geometry": {"type": "Point", "coordinates": [73.914515, 18.547396]}, "properties": {"depth": 2.85}}, {"type": "Feature", "geometry": {"type": "Point", "coordinates": [73.914414, 18.547411]}, "properties": {"depth": 2.85}}, {"type": "Feature", "geometry": {"type": "Point", "coordinates": [73.914326, 18.547417]}, "properties": {"depth": 2.85}}, {"type": "Feature", "geometry": {"type": "Point", "coordinates": [73.914278, 18.547523]}, "properties": {"depth": 3.34}}, {"type": "Feature", "geometry": {"type": "Point", "coordinates": [73.91451, 18.547547]}, "properties": {"depth": 2.85}}, {"type": "Feature", "geometry": {"type": "Point", "coordinates": [73.914281, 18.547625]}, "properties": {"depth": 3.34}}, {"type": "Feature", "geometry": {"type": "Point", "coordinates": [73.915244, 18.547538]}, "properties": {"depth": 7.72}}, {"type": "Feature", "geometry": {"type": "Point", "coordinates": [73.91431, 18.547745]}, "properties": {"depth": 4.34}}, {"type": "Feature", "geometry": {"type": "Point", "coordinates": [73.914562, 18.548632]}, "properties": {"depth": 1.24}}, {"type": "Feature", "geometry": {"type": "Point", "coordinates": [73.9145, 18.548803]}, "properties": {"depth": 8.15}}, {"type": "Feature", "geometry": {"type": "Point", "coordinates": [73.914408, 18.548878]}, "properties": {"depth": 8.15}}, {"type": "Feature", "geometry": {"type": "Point", "coordinates": [73.914481, 18.548963]}, "properties": {"depth": 8.15}}, {"type": "Feature", "geometry": {"type": "Point", "coordinates": [73.914143, 18.548979]}, "properties": {"depth": 7.8}}, {"type": "Feature", "geometry": {"type": "Point", "coordinates": [73.915626, 18.549056]}, "properties": {"depth": 8.87}}, {"type": "Feature", "geometry": {"type": "Point", "coordinates": [73.914484, 18.549066]}, "properties": {"depth": 7.07}}, {"type": "Feature", "geometry": {"type": "Point", "coordinates": [73.914501, 18.549167]}, "properties": {"depth": 7.07}}, {"type": "Feature", "geometry": {"type": "Point", "coordinates": [73.914459, 18.549255]}, "properties": {"depth": 7.07}}, {"type": "Feature", "geometry": {"type": "Point", "coordinates": [73.914545, 18.549273]}, "properties": {"depth": 7.07}}, {"type": "Feature", "geometry": {"type": "Point", "coordinates": [73.914508, 18.549558]}, "properties": {"depth": 7.29}}, {"type": "Feature", "geometry": {"type": "Point", "coordinates": [73.915154, 18.549575]}, "properties": {"depth": 8.73}}, {"type": "Feature", "geometry": {"type": "Point", "coordinates": [73.914694, 18.54959]}, "properties": {"depth": 7.49}}, {"type": "Feature", "geometry": {"type": "Point", "coordinates": [73.914594, 18.549653]}, "properties": {"depth": 7.49}}, {"type": "Feature", "geometry": {"type": "Point", "coordinates": [73.914849, 18.549659]}, "properties": {"depth": 7.49}}, {"type": "Feature", "geometry": {"type": "Point", "coordinates": [73.914773, 18.54972]}, "properties": {"depth": 7.49}}, {"type": "Feature", "geometry": {"type": "Point", "coordinates": [73.914895, 18.549731]}, "properties": {"depth": 8.64}}, {"type": "Feature", "geometry": {"type": "Point", "coordinates": [73.913822, 18.549127]}, "properties": {"depth": 11.57}}, {"type": "Feature", "geometry": {"type": "Point", "coordinates": [73.913589, 18.54984]}, "properties": {"depth": 6.47}}, {"type": "Feature", "geometry": {"type": "Point", "coordinates": [73.93103, 18.538543]}, "properties": {"depth": 2.42}}, {"type": "Feature", "geometry": {"type": "Point", "coordinates": [73.931621, 18.538547]}, "properties": {"depth": 1.22}}, {"type": "Feature", "geometry": {"type": "Point", "coordinates": [73.930806, 18.538547]}, "properties": {"depth": 3.28}}, {"type": "Feature", "geometry": {"type": "Point", "coordinates": [73.931837, 18.538565]}, "properties": {"depth": 1.47}}, {"type": "Feature", "geometry": {"type": "Point", "coordinates": [73.931384, 18.538604]}, "properties": {"depth": 2.35}}, {"type": "Feature", "geometry": {"type": "Point", "coordinates": [73.931842, 18.53866]}, "properties": {"depth": 1.47}}, {"type": "Feature", "geometry": {"type": "Point", "coordinates": [73.931173, 18.538675]}, "properties": {"depth": 2.42}}, {"type": "Feature", "geometry": {"type": "Point", "coordinates": [73.931833, 18.538717]}, "properties": {"depth": 1.47}}, {"type": "Feature", "geometry": {"type": "Point", "coordinates": [73.931334, 18.538718]}, "properties": {"depth": 2.35}}, {"type": "Feature", "geometry": {"type": "Point", "coordinates": [73.931004, 18.538731]}, "properties": {"depth": 2.42}}, {"type": "Feature", "geometry": {"type": "Point", "coordinates": [73.930062, 18.538572]}, "properties": {"depth": 3.72}}, {"type": "Feature", "geometry": {"type": "Point", "coordinates": [73.930281, 18.538578]}, "properties": {"depth": 3.33}}, {"type": "Feature", "geometry": {"type": "Point", "coordinates": [73.93047, 18.538601]}, "properties": {"depth": 2.25}}, {"type": "Feature", "geometry": {"type": "Point", "coordinates": [73.930553, 18.538604]}, "properties": {"depth": 2.25}}, {"type": "Feature", "geometry": {"type": "Point", "coordinates": [73.9304, 18.538609]}, "properties": {"depth": 3.33}}, {"type": "Feature", "geometry": {"type": "Point", "coordinates": [73.929612, 18.538606]}, "properties": {"depth": 4.6}}, {"type": "Feature", "geometry": {"type": "Point", "coordinates": [73.930058, 18.538653]}, "properties": {"depth": 3.72}}, {"type": "Feature", "geometry": {"type": "Point", "coordinates": [73.930295, 18.538675]}, "properties": {"depth": 3.33}}, {"type": "Feature", "geometry": {"type": "Point", "coordinates": [73.930698, 18.538758]}, "properties": {"depth": 1.48}}, {"type": "Feature", "geometry": {"type": "Point", "coordinates": [73.930411, 18.538802]}, "properties": {"depth": 1.23}}, {"type": "Feature", "geometry": {"type": "Point", "coordinates": [73.931105, 18.53876]}, "properties": {"depth": 0.33}}, {"type": "Feature", "geometry": {"type": "Point", "coordinates": [73.930767, 18.538759]}, "properties": {"depth": 1.48}}, {"type": "Feature", "geometry": {"type": "Point", "coordinates": [73.931759, 18.538767]}, "properties": {"depth": 0.46}}, {"type": "Feature", "geometry": {"type": "Point", "coordinates": [73.93186, 18.53877]}, "properties": {"depth": 0.91}}, {"type": "Feature", "geometry": {"type": "Point", "coordinates": [73.930841, 18.538768]}, "properties": {"depth": 1.48}}, {"type": "Feature", "geometry": {"type": "Point", "coordinates": [73.931375, 18.538796]}, "properties": {"depth": 0.93}}, {"type": "Feature", "geometry": {"type": "Point", "coordinates": [73.931503, 18.538835]}, "properties": {"depth": 0.93}}, {"type": "Feature", "geometry": {"type": "Point", "coordinates": [73.931766, 18.538837]}, "properties": {"depth": 0.46}}, {"type": "Feature", "geometry": {"type": "Point", "coordinates": [73.931857, 18.53884]}, "properties": {"depth": 0.91}}, {"type": "Feature", "geometry": {"type": "Point", "coordinates": [73.9316, 18.538849]}, "properties": {"depth": 0.46}}, {"type": "Feature", "geometry": {"type": "Point", "coordinates": [73.928315, 18.536397]}, "properties": {"depth": 1.04}}, {"type": "Feature", "geometry": {"type": "Point", "coordinates": [73.92834, 18.536479]}, "properties": {"depth": 1.04}}, {"type": "Feature", "geometry": {"type": "Point", "coordinates": [73.930264, 18.53882]}, "properties": {"depth": 1.23}}, {"type": "Feature", "geometry": {"type": "Point", "coordinates": [73.930344, 18.538832]}, "properties": {"depth": 1.23}}, {"type": "Feature", "geometry": {"type": "Point", "coordinates": [73.930537, 18.538835]}, "properties": {"depth": 2.88}}, {"type": "Feature", "geometry": {"type": "Point", "coordinates": [73.930405, 18.538873]}, "properties": {"depth": 1.23}}, {"type": "Feature", "geometry": {"type": "Point", "coordinates": [73.929569, 18.538878]}, "properties": {"depth": 4.02}}, {"type": "Feature", "geometry": {"type": "Point", "coordinates": [73.9307, 18.538886]}, "properties": {"depth": 1.48}}, {"type": "Feature", "geometry": {"type": "Point", "coordinates": [73.929995, 18.538893]}, "properties": {"depth": 2.04}}, {"type": "Feature", "geometry": {"type": "Point", "coordinates": [73.929832, 18.538899]}, "properties": {"depth": 3.07}}, {"type": "Feature", "geometry": {"type": "Point", "coordinates": [73.930254, 18.538935]}, "properties": {"depth": 1.23}}, {"type": "Feature", "geometry": {"type": "Point", "coordinates": [73.930361, 18.538947]}, "properties": {"depth": 1.23}}, {"type": "Feature", "geometry": {"type": "Point", "coordinates": [73.931373, 18.538849]}, "properties": {"depth": 0.93}}, {"type": "Feature", "geometry": {"type": "Point", "coordinates": [73.930887, 18.538852]}, "properties": {"depth": 1.48}}, {"type": "Feature", "geometry": {"type": "Point", "coordinates": [73.930816, 18.53887]}, "properties": {"depth": 1.48}}, {"type": "Feature", "geometry": {"type": "Point", "coordinates": [73.931183, 18.538878]}, "properties": {"depth": 0.33}}, {"type": "Feature", "geometry": {"type": "Point", "coordinates": [73.930988, 18.538883]}, "properties": {"depth": 0.33}}, {"type": "Feature", "geometry": {"type": "Point", "coordinates": [73.930882, 18.538896]}, "properties": {"depth": 1.48}}, {"type": "Feature", "geometry": {"type": "Point", "coordinates": [73.931741, 18.538914]}, "properties": {"depth": 0.46}}, {"type": "Feature", "geometry": {"type": "Point", "coordinates": [73.931314, 18.538914]}, "properties": {"depth": 0.93}}, {"type": "Feature", "geometry": {"type": "Point", "coordinates": [73.931839, 18.538919]}, "properties": {"depth": 0.91}}, {"type": "Feature", "geometry": {"type": "Point", "coordinates": [73.930763, 18.538913]}, "properties": {"depth": 1.48}}, {"type": "Feature", "geometry": {"type": "Point", "coordinates": [73.9314, 18.538921]}, "properties": {"depth": 0.93}}, {"type": "Feature", "geometry": {"type": "Point", "coordinates": [73.931504, 18.538934]}, "properties": {"depth": 0.93}}, {"type": "Feature", "geometry": {"type": "Point", "coordinates": [73.931588, 18.538937]}, "properties": {"depth": 0.46}}, {"type": "Feature", "geometry": {"type": "Point", "coordinates": [73.931085, 18.538943]}, "properties": {"depth": 0.33}}, {"type": "Feature", "geometry": {"type": "Point", "coordinates": [73.930811, 18.538946]}, "properties": {"depth": 1.48}}, {"type": "Feature", "geometry": {"type": "Point", "coordinates": [73.930985, 18.538951]}, "properties": {"depth": 0.33}}, {"type": "Feature", "geometry": {"type": "Point", "coordinates": [73.93088, 18.538952]}, "properties": {"depth": 1.48}}, {"type": "Feature", "geometry": {"type": "Point", "coordinates": [73.931181, 18.538959]}, "properties": {"depth": 0.33}}, {"type": "Feature", "geometry": {"type": "Point", "coordinates": [73.931729, 18.538978]}, "properties": {"depth": 0.46}}, {"type": "Feature", "geometry": {"type": "Point", "coordinates": [73.931831, 18.538984]}, "properties": {"depth": 0.91}}, {"type": "Feature", "geometry": {"type": "Point", "coordinates": [73.930703, 18.538952]}, "properties": {"depth": 1.48}}, {"type": "Feature", "geometry": {"type": "Point", "coordinates": [73.929789, 18.538987]}, "properties": {"depth": 3.07}}, {"type": "Feature", "geometry": {"type": "Point", "coordinates": [73.930251, 18.539005]}, "properties": {"depth": 1.23}}, {"type": "Feature", "geometry": {"type": "Point", "coordinates": [73.929499, 18.539009]}, "properties": {"depth": 4.02}}, {"type": "Feature", "geometry": {"type": "Point", "coordinates": [73.930377, 18.539015]}, "properties": {"depth": 1.23}}, {"type": "Feature", "geometry": {"type": "Point", "coordinates": [73.929789, 18.539078]}, "properties": {"depth": 0.52}}, {"type": "Feature", "geometry": {"type": "Point", "coordinates": [73.931394, 18.538996]}, "properties": {"depth": 0.93}}, {"type": "Feature", "geometry": {"type": "Point", "coordinates": [73.931534, 18.539002]}, "properties": {"depth": 0.46}}, {"type": "Feature", "geometry": {"type": "Point", "coordinates": [73.931304, 18.539005]}, "properties": {"depth": 0.93}}, {"type": "Feature", "geometry": {"type": "Point", "coordinates": [73.931388, 18.539038]}, "properties": {"depth": 0.52}}, {"type": "Feature", "geometry": {"type": "Point", "coordinates": [73.931573, 18.539063]}, "properties": {"depth": 0.01}}, {"type": "Feature", "geometry": {"type": "Point", "coordinates": [73.931299, 18.539076]}, "properties": {"depth": 0.52}}, {"type": "Feature", "geometry": {"type": "Point", "coordinates": [73.929561, 18.539122]}, "properties": {"depth": 1.48}}, {"type": "Feature", "geometry": {"type": "Point", "coordinates": [73.929749, 18.539189]}, "properties": {"depth": 0.52}}, {"type": "Feature", "geometry": {"type": "Point", "coordinates": [73.929829, 18.539212]}, "properties": {"depth": 0.52}}, {"type": "Feature", "geometry": {"type": "Point", "coordinates": [73.930017, 18.539216]}, "properties": {"depth": 0.19}}, {"type": "Feature", "geometry": {"type": "Point", "coordinates": [73.929517, 18.539224]}, "properties": {"depth": 1.48}}, {"type": "Feature", "geometry": {"type": "Point", "coordinates": [73.927749, 18.536548]}, "properties": {"depth": 2.12}}, {"type": "Feature", "geometry": {"type": "Point", "coordinates": [73.927823, 18.536607]}, "properties": {"depth": 2.12}}, {"type": "Feature", "geometry": {"type": "Point", "coordinates": [73.927637, 18.539859]}, "properties": {"depth": 1.81}}, {"type": "Feature", "geometry": {"type": "Point", "coordinates": [73.924435, 18.53743]}, "properties": {"depth": 0.02}}, {"type": "Feature", "geometry": {"type": "Point", "coordinates": [73.924159, 18.537696]}, "properties": {"depth": 1.17}}, {"type": "Feature", "geometry": {"type": "Point", "coordinates": [73.921976, 18.540062]}, "properties": {"depth": 2.87}}, {"type": "Feature", "geometry": {"type": "Point", "coordinates": [73.921967, 18.540615]}, "properties": {"depth": 0.28}}, {"type": "Feature", "geometry": {"type": "Point", "coordinates": [73.921945, 18.54076]}, "properties": {"depth": 1.05}}, {"type": "Feature", "geometry": {"type": "Point", "coordinates": [73.931377, 18.539212]}, "properties": {"depth": 0.52}}, {"type": "Feature", "geometry": {"type": "Point", "coordinates": [73.931456, 18.539216]}, "properties": {"depth": 0.52}}, {"type": "Feature", "geometry": {"type": "Point", "coordinates": [73.931297, 18.539216]}, "properties": {"depth": 0.52}}, {"type": "Feature", "geometry": {"type": "Point", "coordinates": [73.931561, 18.539234]}, "properties": {"depth": 0.01}}, {"type": "Feature", "geometry": {"type": "Point", "coordinates": [73.929605, 18.539244]}, "properties": {"depth": 0.52}}, {"type": "Feature", "geometry": {"type": "Point", "coordinates": [73.93154, 18.539332]}, "properties": {"depth": 0.47}}, {"type": "Feature", "geometry": {"type": "Point", "coordinates": [73.931689, 18.539543]}, "properties": {"depth": 0.47}}, {"type": "Feature", "geometry": {"type": "Point", "coordinates": [73.931766, 18.53956]}, "properties": {"depth": 0.47}}, {"type": "Feature", "geometry": {"type": "Point", "coordinates": [73.931971, 18.539417]}, "properties": {"depth": 0.96}}, {"type": "Feature", "geometry": {"type": "Point", "coordinates": [73.932117, 18.539421]}, "properties": {"depth": 0.29}}, {"type": "Feature", "geometry": {"type": "Point", "coordinates": [73.932229, 18.539431]}, "properties": {"depth": 0.29}}, {"type": "Feature", "geometry": {"type": "Point", "coordinates": [73.932302, 18.539437]}, "properties": {"depth": 0.29}}, {"type": "Feature", "geometry": {"type": "Point", "coordinates": [73.932342, 18.539439]}, "properties": {"depth": 0.29}}, {"type": "Feature", "geometry": {"type": "Point", "coordinates": [73.932124, 18.539562]}, "properties": {"depth": 0.29}}, {"type": "Feature", "geometry": {"type": "Point", "coordinates": [73.932333, 18.539578]}, "properties": {"depth": 0.29}}, {"type": "Feature", "geometry": {"type": "Point", "coordinates": [73.931976, 18.539577]}, "properties": {"depth": 0.96}}, {"type": "Feature", "geometry": {"type": "Point", "coordinates": [73.932269, 18.539583]}, "properties": {"depth": 0.29}}, {"type": "Feature", "geometry": {"type": "Point", "coordinates": [73.915011, 18.544335]}, "properties": {"depth": 7.91}}, {"type": "Feature", "geometry": {"type": "Point", "coordinates": [73.914939, 18.544339]}, "properties": {"depth": 7.91}}, {"type": "Feature", "geometry": {"type": "Point", "coordinates": [73.914859, 18.544363]}, "properties": {"depth": 7.25}}, {"type": "Feature", "geometry": {"type": "Point", "coordinates": [73.91594, 18.544419]}, "properties": {"depth": 10.1}}, {"type": "Feature", "geometry": {"type": "Point", "coordinates": [73.914878, 18.544439]}, "properties": {"depth": 7.91}}, {"type": "Feature", "geometry": {"type": "Point", "coordinates": [73.915022, 18.544456]}, "properties": {"depth": 7.91}}, {"type": "Feature", "geometry": {"type": "Point", "coordinates": [73.914964, 18.544459]}, "properties": {"depth": 7.91}}, {"type": "Feature", "geometry": {"type": "Point", "coordinates": [73.914893, 18.544517]}, "properties": {"depth": 7.91}}, {"type": "Feature", "geometry": {"type": "Point", "coordinates": [73.914963, 18.544579]}, "properties": {"depth": 7.91}}, {"type": "Feature", "geometry": {"type": "Point", "coordinates": [73.915495, 18.544812]}, "properties": {"depth": 9.46}}, {"type": "Feature", "geometry": {"type": "Point", "coordinates": [73.917793, 18.544513]}, "properties": {"depth": 6.4}}, {"type": "Feature", "geometry": {"type": "Point", "coordinates": [73.917014, 18.546416]}, "properties": {"depth": 0.42}}, {"type": "Feature", "geometry": {"type": "Point", "coordinates": [73.916635, 18.546499]}, "properties": {"depth": 1.33}}, {"type": "Feature", "geometry": {"type": "Point", "coordinates": [73.889006, 18.550437]}, "properties": {"depth": 3.54}}, {"type": "Feature", "geometry": {"type": "Point", "coordinates": [73.890274, 18.55049]}, "properties": {"depth": 12.1}}, {"type": "Feature", "geometry": {"type": "Point", "coordinates": [73.895607, 18.553956]}, "properties": {"depth": 1.25}}, {"type": "Feature", "geometry": {"type": "Point", "coordinates": [73.895224, 18.554461]}, "properties": {"depth": 1.1}}, {"type": "Feature", "geometry": {"type": "Point", "coordinates": [73.892862, 18.553462]}, "properties": {"depth": 10.28}}, {"type": "Feature", "geometry": {"type": "Point", "coordinates": [73.882996, 18.551019]}, "properties": {"depth": 0.55}}, {"type": "Feature", "geometry": {"type": "Point", "coordinates": [73.89827, 18.551667]}, "properties": {"depth": 2.3}}, {"type": "Feature", "geometry": {"type": "Point", "coordinates": [73.898233, 18.551778]}, "properties": {"depth": 2.3}}, {"type": "Feature", "geometry": {"type": "Point", "coordinates": [73.897318, 18.550545]}, "properties": {"depth": 2.82}}, {"type": "Feature", "geometry": {"type": "Point", "coordinates": [73.897318, 18.55103]}, "properties": {"depth": 3.17}}, {"type": "Feature", "geometry": {"type": "Point", "coordinates": [73.896649, 18.552718]}, "properties": {"depth": 3.62}}, {"type": "Feature", "geometry": {"type": "Point", "coordinates": [73.897103, 18.552809]}, "properties": {"depth": 0.68}}, {"type": "Feature", "geometry": {"type": "Point", "coordinates": [73.897085, 18.553035]}, "properties": {"depth": 0.5}}, {"type": "Feature", "geometry": {"type": "Point", "coordinates": [73.918997, 18.549728]}, "properties": {"depth": 9.06}}, {"type": "Feature", "geometry": {"type": "Point", "coordinates": [73.919547, 18.549763]}, "properties": {"depth": 12.23}}, {"type": "Feature", "geometry": {"type": "Point", "coordinates": [73.919041, 18.54991]}, "properties": {"depth": 10.93}}, {"type": "Feature", "geometry": {"type": "Point", "coordinates": [73.919158, 18.550079]}, "properties": {"depth": 10.93}}, {"type": "Feature", "geometry": {"type": "Point", "coordinates": [73.914837, 18.550085]}, "properties": {"depth": 7.76}}, {"type": "Feature", "geometry": {"type": "Point", "coordinates": [73.91464, 18.550119]}, "properties": {"depth": 7.76}}, {"type": "Feature", "geometry": {"type": "Point", "coordinates": [73.915014, 18.55015]}, "properties": {"depth": 5.32}}, {"type": "Feature", "geometry": {"type": "Point", "coordinates": [73.915239, 18.550197]}, "properties": {"depth": 5.17}}, {"type": "Feature", "geometry": {"type": "Point", "coordinates": [73.914709, 18.550207]}, "properties": {"depth": 3.89}}, {"type": "Feature", "geometry": {"type": "Point", "coordinates": [73.915048, 18.550218]}, "properties": {"depth": 5.32}}, {"type": "Feature", "geometry": {"type": "Point", "coordinates": [73.914921, 18.55022]}, "properties": {"depth": 5.32}}, {"type": "Feature", "geometry": {"type": "Point", "coordinates": [73.915072, 18.550269]}, "properties": {"depth": 5.32}}, {"type": "Feature", "geometry": {"type": "Point", "coordinates": [73.915261, 18.550298]}, "properties": {"depth": 5.17}}, {"type": "Feature", "geometry": {"type": "Point", "coordinates": [73.915073, 18.550618]}, "properties": {"depth": 5.01}}, {"type": "Feature", "geometry": {"type": "Point", "coordinates": [73.916034, 18.550637]}, "properties": {"depth": 0.18}}, {"type": "Feature", "geometry": {"type": "Point", "coordinates": [73.915331, 18.550693]}, "properties": {"depth": 3.45}}, {"type": "Feature", "geometry": {"type": "Point", "coordinates": [73.915556, 18.550825]}, "properties": {"depth": 0.61}}, {"type": "Feature", "geometry": {"type": "Point", "coordinates": [73.781861, 18.458708]}, "properties": {"depth": 2.51}}, {"type": "Feature", "geometry": {"type": "Point", "coordinates": [73.781289, 18.462147]}, "properties": {"depth": 1.51}}, {"type": "Feature", "geometry": {"type": "Point", "coordinates": [73.782311, 18.459598]}, "properties": {"depth": 0.1}}, {"type": "Feature", "geometry": {"type": "Point", "coordinates": [73.782205, 18.459667]}, "properties": {"depth": 0.1}}, {"type": "Feature", "geometry": {"type": "Point", "coordinates": [73.783974, 18.459694]}, "properties": {"depth": 1.16}}, {"type": "Feature", "geometry": {"type": "Point", "coordinates": [73.782457, 18.459929]}, "properties": {"depth": 1.48}}, {"type": "Feature", "geometry": {"type": "Point", "coordinates": [73.782164, 18.459866]}, "properties": {"depth": 1.05}}, {"type": "Feature", "geometry": {"type": "Point", "coordinates": [73.782077, 18.459904]}, "properties": {"depth": 0.32}}, {"type": "Feature", "geometry": {"type": "Point", "coordinates": [73.781725, 18.459945]}, "properties": {"depth": 2.83}}, {"type": "Feature", "geometry": {"type": "Point", "coordinates": [73.781986, 18.459982]}, "properties": {"depth": 0.32}}, {"type": "Feature", "geometry": {"type": "Point", "coordinates": [73.782375, 18.460044]}, "properties": {"depth": 1.48}}, {"type": "Feature", "geometry": {"type": "Point", "coordinates": [73.782032, 18.460149]}, "properties": {"depth": 0.58}}, {"type": "Feature", "geometry": {"type": "Point", "coordinates": [73.781701, 18.460142]}, "properties": {"depth": 1.68}}, {"type": "Feature", "geometry": {"type": "Point", "coordinates": [73.782611, 18.460179]}, "properties": {"depth": 0.79}}, {"type": "Feature", "geometry": {"type": "Point", "coordinates": [73.784106, 18.460178]}, "properties": {"depth": 0.58}}, {"type": "Feature", "geometry": {"type": "Point", "coordinates": [73.784305, 18.460224]}, "properties": {"depth": 0.58}}, {"type": "Feature", "geometry": {"type": "Point", "coordinates": [73.783775, 18.460473]}, "properties": {"depth": 0.7}}, {"type": "Feature", "geometry": {"type": "Point", "coordinates": [73.783914, 18.460548]}, "properties": {"depth": 0.7}}, {"type": "Feature", "geometry": {"type": "Point", "coordinates": [73.782562, 18.460353]}, "properties": {"depth": 0.79}}, {"type": "Feature", "geometry": {"type": "Point", "coordinates": [73.78245, 18.46038]}, "properties": {"depth": 0.79}}, {"type": "Feature", "geometry": {"type": "Point", "coordinates": [73.7828, 18.460527]}, "properties": {"depth": 0.03}}, {"type": "Feature", "geometry": {"type": "Point", "coordinates": [73.789026, 18.461023]}, "properties": {"depth": 0.14}}, {"type": "Feature", "geometry": {"type": "Point", "coordinates": [73.789303, 18.461062]}, "properties": {"depth": 1.48}}, {"type": "Feature", "geometry": {"type": "Point", "coordinates": [73.788614, 18.464473]}, "properties": {"depth": 0.27}}, {"type": "Feature", "geometry": {"type": "Point", "coordinates": [73.793289, 18.461431]}, "properties": {"depth": 1.22}}, {"type": "Feature", "geometry": {"type": "Point", "coordinates": [73.79198, 18.461264]}, "properties": {"depth": 1.43}}, {"type": "Feature", "geometry": {"type": "Point", "coordinates": [73.790578, 18.461323]}, "properties": {"depth": 1.13}}, {"type": "Feature", "geometry": {"type": "Point", "coordinates": [73.790274, 18.46488]}, "properties": {"depth": 0.3}}, {"type": "Feature", "geometry": {"type": "Point", "coordinates": [73.788555, 18.464747]}, "properties": {"depth": 0.54}}, {"type": "Feature", "geometry": {"type": "Point", "coordinates": [73.799227, 18.464007]}, "properties": {"depth": 1.7}}, {"type": "Feature", "geometry": {"type": "Point", "coordinates": [73.799307, 18.464272]}, "properties": {"depth": 1.47}}, {"type": "Feature", "geometry": {"type": "Point", "coordinates": [73.799406, 18.464994]}, "properties": {"depth": 3.92}}, {"type": "Feature", "geometry": {"type": "Point", "coordinates": [73.800014, 18.468239]}, "properties": {"depth": 0.18}}, {"type": "Feature", "geometry": {"type": "Point", "coordinates": [73.79515, 18.461842]}, "properties": {"depth": 0.84}}, {"type": "Feature", "geometry": {"type": "Point", "coordinates": [73.798575, 18.462608]}, "properties": {"depth": 0.23}}, {"type": "Feature", "geometry": {"type": "Point", "coordinates": [73.798034, 18.463198]}, "properties": {"depth": 1.54}}, {"type": "Feature", "geometry": {"type": "Point", "coordinates": [73.798645, 18.463405]}, "properties": {"depth": 1.5}}, {"type": "Feature", "geometry": {"type": "Point", "coordinates": [73.79883, 18.463472]}, "properties": {"depth": 0.04}}, {"type": "Feature", "geometry": {"type": "Point", "coordinates": [73.798424, 18.463619]}, "properties": {"depth": 0.01}}, {"type": "Feature", "geometry": {"type": "Point", "coordinates": [73.798686, 18.463686]}, "properties": {"depth": 0.42}}, {"type": "Feature", "geometry": {"type": "Point", "coordinates": [73.799004, 18.46379]}, "properties": {"depth": 0.88}}, {"type": "Feature", "geometry": {"type": "Point", "coordinates": [73.798214, 18.46381]}, "properties": {"depth": 0.69}}, {"type": "Feature", "geometry": {"type": "Point", "coordinates": [73.798024, 18.463992]}, "properties": {"depth": 0.56}}, {"type": "Feature", "geometry": {"type": "Point", "coordinates": [73.799061, 18.464046]}, "properties": {"depth": 1.75}}, {"type": "Feature", "geometry": {"type": "Point", "coordinates": [73.796315, 18.46191]}, "properties": {"depth": 0.14}}, {"type": "Feature", "geometry": {"type": "Point", "coordinates": [73.797794, 18.462367]}, "properties": {"depth": 0.15}}, {"type": "Feature", "geometry": {"type": "Point", "coordinates": [73.797545, 18.463224]}, "properties": {"depth": 0.73}}, {"type": "Feature", "geometry": {"type": "Point", "coordinates": [73.797176, 18.466936]}, "properties": {"depth": 0.63}}, {"type": "Feature", "geometry": {"type": "Point", "coordinates": [73.797494, 18.467453]}, "properties": {"depth": 0.12}}, {"type": "Feature", "geometry": {"type": "Point", "coordinates": [73.799128, 18.464942]}, "properties": {"depth": 3.89}}, {"type": "Feature", "geometry": {"type": "Point", "coordinates": [73.791679, 18.466485]}, "properties": {"depth": 0.03}}, {"type": "Feature", "geometry": {"type": "Point", "coordinates": [73.784625, 18.460264]}, "properties": {"depth": 0.86}}, {"type": "Feature", "geometry": {"type": "Point", "coordinates": [73.784612, 18.460335]}, "properties": {"depth": 0.86}}, {"type": "Feature", "geometry": {"type": "Point", "coordinates": [73.784548, 18.460612]}, "properties": {"depth": 1.54}}, {"type": "Feature", "geometry": {"type": "Point", "coordinates": [73.785475, 18.460739]}, "properties": {"depth": 1.42}}, {"type": "Feature", "geometry": {"type": "Point", "coordinates": [73.785617, 18.460838]}, "properties": {"depth": 1.42}}, {"type": "Feature", "geometry": {"type": "Point", "coordinates": [73.784558, 18.460838]}, "properties": {"depth": 2.03}}, {"type": "Feature", "geometry": {"type": "Point", "coordinates": [73.786289, 18.460443]}, "properties": {"depth": 0.41}}, {"type": "Feature", "geometry": {"type": "Point", "coordinates": [73.785713, 18.460847]}, "properties": {"depth": 1.53}}, {"type": "Feature", "geometry": {"type": "Point", "coordinates": [73.785855, 18.460997]}, "properties": {"depth": 2.72}}, {"type": "Feature", "geometry": {"type": "Point", "coordinates": [73.785076, 18.460882]}, "properties": {"depth": 1.55}}, {"type": "Feature", "geometry": {"type": "Point", "coordinates": [73.784875, 18.46089]}, "properties": {"depth": 1.55}}, {"type": "Feature", "geometry": {"type": "Point", "coordinates": [73.785369, 18.46092]}, "properties": {"depth": 1.22}}, {"type": "Feature", "geometry": {"type": "Point", "coordinates": [73.784793, 18.460992]}, "properties": {"depth": 3.05}}, {"type": "Feature", "geometry": {"type": "Point", "coordinates": [73.784517, 18.461017]}, "properties": {"depth": 2.85}}, {"type": "Feature", "geometry": {"type": "Point", "coordinates": [73.784929, 18.461032]}, "properties": {"depth": 2.81}}, {"type": "Feature", "geometry": {"type": "Point", "coordinates": [73.784783, 18.461061]}, "properties": {"depth": 3.05}}, {"type": "Feature", "geometry": {"type": "Point", "coordinates": [73.784509, 18.461117]}, "properties": {"depth": 2.85}}, {"type": "Feature", "geometry": {"type": "Point", "coordinates": [73.784957, 18.461162]}, "properties": {"depth": 2.81}}, {"type": "Feature", "geometry": {"type": "Point", "coordinates": [73.784735, 18.46128]}, "properties": {"depth": 1.14}}, {"type": "Feature", "geometry": {"type": "Point", "coordinates": [73.784578, 18.461302]}, "properties": {"depth": 1.91}}, {"type": "Feature", "geometry": {"type": "Point", "coordinates": [73.784808, 18.461331]}, "properties": {"depth": 1.14}}, {"type": "Feature", "geometry": {"type": "Point", "coordinates": [73.784526, 18.461404]}, "properties": {"depth": 1.91}}, {"type": "Feature", "geometry": {"type": "Point", "coordinates": [73.784627, 18.461429]}, "properties": {"depth": 1.14}}, {"type": "Feature", "geometry": {"type": "Point", "coordinates": [73.784691, 18.461443]}, "properties": {"depth": 1.14}}, {"type": "Feature", "geometry": {"type": "Point", "coordinates": [73.784521, 18.461516]}, "properties": {"depth": 1.91}}, {"type": "Feature", "geometry": {"type": "Point", "coordinates": [73.78465, 18.461538]}, "properties": {"depth": 2.0}}, {"type": "Feature", "geometry": {"type": "Point", "coordinates": [73.784681, 18.4616]}, "properties": {"depth": 2.0}}, {"type": "Feature", "geometry": {"type": "Point", "coordinates": [73.784589, 18.46165]}, "properties": {"depth": 2.0}}, {"type": "Feature", "geometry": {"type": "Point", "coordinates": [73.787649, 18.460369]}, "properties": {"depth": 0.69}}, {"type": "Feature", "geometry": {"type": "Point", "coordinates": [73.787832, 18.460678]}, "properties": {"depth": 1.61}}, {"type": "Feature", "geometry": {"type": "Point", "coordinates": [73.787774, 18.461138]}, "properties": {"depth": 1.05}}, {"type": "Feature", "geometry": {"type": "Point", "coordinates": [73.787826, 18.464455]}, "properties": {"depth": 1.07}}, {"type": "Feature", "geometry": {"type": "Point", "coordinates": [73.787946, 18.464758]}, "properties": {"depth": 1.75}}, {"type": "Feature", "geometry": {"type": "Point", "coordinates": [73.785079, 18.461723]}, "properties": {"depth": 1.56}}, {"type": "Feature", "geometry": {"type": "Point", "coordinates": [73.784643, 18.461723]}, "properties": {"depth": 2.0}}, {"type": "Feature", "geometry": {"type": "Point", "coordinates": [73.784756, 18.461781]}, "properties": {"depth": 2.0}}, {"type": "Feature", "geometry": {"type": "Point", "coordinates": [73.785582, 18.461811]}, "properties": {"depth": 0.29}}, {"type": "Feature", "geometry": {"type": "Point", "coordinates": [73.785077, 18.462096]}, "properties": {"depth": 6.0}}, {"type": "Feature", "geometry": {"type": "Point", "coordinates": [73.785029, 18.464315]}, "properties": {"depth": 1.91}}, {"type": "Feature", "geometry": {"type": "Point", "coordinates": [73.785434, 18.464335]}, "properties": {"depth": 1.25}}, {"type": "Feature", "geometry": {"type": "Point", "coordinates": [73.786624, 18.464056]}, "properties": {"depth": 0.03}}, {"type": "Feature", "geometry": {"type": "Point", "coordinates": [73.786243, 18.464153]}, "properties": {"depth": 1.51}}, {"type": "Feature", "geometry": {"type": "Point", "coordinates": [73.786551, 18.464251]}, "properties": {"depth": 0.03}}, {"type": "Feature", "geometry": {"type": "Point", "coordinates": [73.786729, 18.464266]}, "properties": {"depth": 0.03}}, {"type": "Feature", "geometry": {"type": "Point", "coordinates": [73.786294, 18.464357]}, "properties": {"depth": 0.27}}, {"type": "Feature", "geometry": {"type": "Point", "coordinates": [73.786561, 18.464374]}, "properties": {"depth": 0.81}}, {"type": "Feature", "geometry": {"type": "Point", "coordinates": [73.786373, 18.464507]}, "properties": {"depth": 0.27}}, {"type": "Feature", "geometry": {"type": "Point", "coordinates": [73.786102, 18.464533]}, "properties": {"depth": 0.49}}, {"type": "Feature", "geometry": {"type": "Point", "coordinates": [73.786582, 18.464593]}, "properties": {"depth": 2.49}}, {"type": "Feature", "geometry": {"type": "Point", "coordinates": [73.785005, 18.464458]}, "properties": {"depth": 1.91}}, {"type": "Feature", "geometry": {"type": "Point", "coordinates": [73.785176, 18.464506]}, "properties": {"depth": 2.38}}, {"type": "Feature", "geometry": {"type": "Point", "coordinates": [73.78538, 18.464531]}, "properties": {"depth": 2.38}}, {"type": "Feature", "geometry": {"type": "Point", "coordinates": [73.784977, 18.464555]}, "properties": {"depth": 1.91}}, {"type": "Feature", "geometry": {"type": "Point", "coordinates": [73.784933, 18.464712]}, "properties": {"depth": 1.39}}, {"type": "Feature", "geometry": {"type": "Point", "coordinates": [73.784164, 18.460602]}, "properties": {"depth": 1.22}}, {"type": "Feature", "geometry": {"type": "Point", "coordinates": [73.784045, 18.460601]}, "properties": {"depth": 1.22}}, {"type": "Feature", "geometry": {"type": "Point", "coordinates": [73.783768, 18.460682]}, "properties": {"depth": 0.7}}, {"type": "Feature", "geometry": {"type": "Point", "coordinates": [73.783993, 18.460687]}, "properties": {"depth": 0.7}}, {"type": "Feature", "geometry": {"type": "Point", "coordinates": [73.784132, 18.460698]}, "properties": {"depth": 0.02}}, {"type": "Feature", "geometry": {"type": "Point", "coordinates": [73.784406, 18.460709]}, "properties": {"depth": 2.03}}, {"type": "Feature", "geometry": {"type": "Point", "coordinates": [73.784205, 18.460804]}, "properties": {"depth": 0.02}}, {"type": "Feature", "geometry": {"type": "Point", "coordinates": [73.784225, 18.460912]}, "properties": {"depth": 0.02}}, {"type": "Feature", "geometry": {"type": "Point", "coordinates": [73.784153, 18.461106]}, "properties": {"depth": 3.36}}, {"type": "Feature", "geometry": {"type": "Point", "coordinates": [73.783784, 18.461117]}, "properties": {"depth": 1.3}}, {"type": "Feature", "geometry": {"type": "Point", "coordinates": [73.784382, 18.461142]}, "properties": {"depth": 2.85}}, {"type": "Feature", "geometry": {"type": "Point", "coordinates": [73.783852, 18.461195]}, "properties": {"depth": 1.3}}, {"type": "Feature", "geometry": {"type": "Point", "coordinates": [73.784133, 18.461204]}, "properties": {"depth": 3.36}}, {"type": "Feature", "geometry": {"type": "Point", "coordinates": [73.784269, 18.461208]}, "properties": {"depth": 3.36}}, {"type": "Feature", "geometry": {"type": "Point", "coordinates": [73.782429, 18.460169]}, "properties": {"depth": 0.79}}, {"type": "Feature", "geometry": {"type": "Point", "coordinates": [73.782298, 18.460196]}, "properties": {"depth": 2.39}}, {"type": "Feature", "geometry": {"type": "Point", "coordinates": [73.782176, 18.460306]}, "properties": {"depth": 2.39}}, {"type": "Feature", "geometry": {"type": "Point", "coordinates": [73.78236, 18.460344]}, "properties": {"depth": 2.39}}, {"type": "Feature", "geometry": {"type": "Point", "coordinates": [73.781526, 18.462113]}, "properties": {"depth": 1.51}}, {"type": "Feature", "geometry": {"type": "Point", "coordinates": [73.782468, 18.460777]}, "properties": {"depth": 0.58}}, {"type": "Feature", "geometry": {"type": "Point", "coordinates": [73.782535, 18.462618]}, "properties": {"depth": 3.85}}, {"type": "Feature", "geometry": {"type": "Point", "coordinates": [73.784123, 18.461259]}, "properties": {"depth": 0.91}}, {"type": "Feature", "geometry": {"type": "Point", "coordinates": [73.784213, 18.461302]}, "properties": {"depth": 0.91}}, {"type": "Feature", "geometry": {"type": "Point", "coordinates": [73.784294, 18.461307]}, "properties": {"depth": 0.91}}, {"type": "Feature", "geometry": {"type": "Point", "coordinates": [73.784116, 18.461314]}, "properties": {"depth": 0.91}}, {"type": "Feature", "geometry": {"type": "Point", "coordinates": [73.783954, 18.461401]}, "properties": {"depth": 3.06}}, {"type": "Feature", "geometry": {"type": "Point", "coordinates": [73.7842, 18.461434]}, "properties": {"depth": 0.91}}, {"type": "Feature", "geometry": {"type": "Point", "coordinates": [73.784037, 18.461446]}, "properties": {"depth": 0.91}}, {"type": "Feature", "geometry": {"type": "Point", "coordinates": [73.784119, 18.461591]}, "properties": {"depth": 2.73}}, {"type": "Feature", "geometry": {"type": "Point", "coordinates": [73.784327, 18.461858]}, "properties": {"depth": 6.0}}, {"type": "Feature", "geometry": {"type": "Point", "coordinates": [73.783806, 18.463173]}, "properties": {"depth": 4.25}}, {"type": "Feature", "geometry": {"type": "Point", "coordinates": [73.781718, 18.462346]}, "properties": {"depth": 0.39}}, {"type": "Feature", "geometry": {"type": "Point", "coordinates": [73.781702, 18.462385]}, "properties": {"depth": 1.01}}, {"type": "Feature", "geometry": {"type": "Point", "coordinates": [73.781851, 18.462422]}, "properties": {"depth": 0.18}}, {"type": "Feature", "geometry": {"type": "Point", "coordinates": [73.781691, 18.462433]}, "properties": {"depth": 1.01}}, {"type": "Feature", "geometry": {"type": "Point", "coordinates": [73.781692, 18.462474]}, "properties": {"depth": 1.01}}, {"type": "Feature", "geometry": {"type": "Point", "coordinates": [73.781693, 18.462512]}, "properties": {"depth": 1.01}}, {"type": "Feature", "geometry": {"type": "Point", "coordinates": [73.781779, 18.462519]}, "properties": {"depth": 1.01}}, {"type": "Feature", "geometry": {"type": "Point", "coordinates": [73.781553, 18.462527]}, "properties": {"depth": 1.01}}, {"type": "Feature", "geometry": {"type": "Point", "coordinates": [73.781691, 18.462545]}, "properties": {"depth": 1.01}}, {"type": "Feature", "geometry": {"type": "Point", "coordinates": [73.781966, 18.462589]}, "properties": {"depth": 0.18}}, {"type": "Feature", "geometry": {"type": "Point", "coordinates": [73.782108, 18.462609]}, "properties": {"depth": 0.64}}, {"type": "Feature", "geometry": {"type": "Point", "coordinates": [73.781854, 18.462625]}, "properties": {"depth": 0.18}}, {"type": "Feature", "geometry": {"type": "Point", "coordinates": [73.781674, 18.462637]}, "properties": {"depth": 1.01}}, {"type": "Feature", "geometry": {"type": "Point", "coordinates": [73.783213, 18.463291]}, "properties": {"depth": 2.46}}, {"type": "Feature", "geometry": {"type": "Point", "coordinates": [73.783386, 18.463682]}, "properties": {"depth": 1.68}}, {"type": "Feature", "geometry": {"type": "Point", "coordinates": [73.784011, 18.463219]}, "properties": {"depth": 0.72}}, {"type": "Feature", "geometry": {"type": "Point", "coordinates": [73.783724, 18.463397]}, "properties": {"depth": 3.0}}, {"type": "Feature", "geometry": {"type": "Point", "coordinates": [73.783872, 18.463399]}, "properties": {"depth": 0.72}}, {"type": "Feature", "geometry": {"type": "Point", "coordinates": [73.783714, 18.463449]}, "properties": {"depth": 3.0}}, {"type": "Feature", "geometry": {"type": "Point", "coordinates": [73.783702, 18.463499]}, "properties": {"depth": 2.54}}, {"type": "Feature", "geometry": {"type": "Point", "coordinates": [73.783694, 18.463662]}, "properties": {"depth": 2.54}}, {"type": "Feature", "geometry": {"type": "Point", "coordinates": [73.78368, 18.463767]}, "properties": {"depth": 0.63}}, {"type": "Feature", "geometry": {"type": "Point", "coordinates": [73.783669, 18.463819]}, "properties": {"depth": 0.63}}, {"type": "Feature", "geometry": {"type": "Point", "coordinates": [73.783867, 18.463863]}, "properties": {"depth": 0.11}}, {"type": "Feature", "geometry": {"type": "Point", "coordinates": [73.783837, 18.463979]}, "properties": {"depth": 0.11}}, {"type": "Feature", "geometry": {"type": "Point", "coordinates": [73.783362, 18.463886]}, "properties": {"depth": 1.04}}, {"type": "Feature", "geometry": {"type": "Point", "coordinates": [73.784898, 18.464858]}, "properties": {"depth": 1.39}}, {"type": "Feature", "geometry": {"type": "Point", "coordinates": [73.787974, 18.465037]}, "properties": {"depth": 0.78}}, {"type": "Feature", "geometry": {"type": "Point", "coordinates": [73.787682, 18.46505]}, "properties": {"depth": 0.33}}, {"type": "Feature", "geometry": {"type": "Point", "coordinates": [73.785963, 18.464841]}, "properties": {"depth": 0.1}}, {"type": "Feature", "geometry": {"type": "Point", "coordinates": [73.82972, 18.467761]}, "properties": {"depth": 23.99}}, {"type": "Feature", "geometry": {"type": "Point", "coordinates": [73.831282, 18.468567]}, "properties": {"depth": 28.01}}, {"type": "Feature", "geometry": {"type": "Point", "coordinates": [73.831458, 18.468601]}, "properties": {"depth": 28.01}}, {"type": "Feature", "geometry": {"type": "Point", "coordinates": [73.831158, 18.468615]}, "properties": {"depth": 25.78}}, {"type": "Feature", "geometry": {"type": "Point", "coordinates": [73.829761, 18.467864]}, "properties": {"depth": 23.99}}, {"type": "Feature", "geometry": {"type": "Point", "coordinates": [73.830487, 18.468009]}, "properties": {"depth": 23.26}}, {"type": "Feature", "geometry": {"type": "Point", "coordinates": [73.82979, 18.468184]}, "properties": {"depth": 28.76}}, {"type": "Feature", "geometry": {"type": "Point", "coordinates": [73.829994, 18.468301]}, "properties": {"depth": 29.33}}, {"type": "Feature", "geometry": {"type": "Point", "coordinates": [73.830184, 18.468335]}, "properties": {"depth": 29.65}}, {"type": "Feature", "geometry": {"type": "Point", "coordinates": [73.829855, 18.468479]}, "properties": {"depth": 30.54}}, {"type": "Feature", "geometry": {"type": "Point", "coordinates": [73.829561, 18.467837]}, "properties": {"depth": 23.83}}, {"type": "Feature", "geometry": {"type": "Point", "coordinates": [73.828669, 18.468001]}, "properties": {"depth": 32.02}}, {"type": "Feature", "geometry": {"type": "Point", "coordinates": [73.828558, 18.468021]}, "properties": {"depth": 32.02}}, {"type": "Feature", "geometry": {"type": "Point", "coordinates": [73.829181, 18.468034]}, "properties": {"depth": 28.46}}, {"type": "Feature", "geometry": {"type": "Point", "coordinates": [73.828929, 18.468123]}, "properties": {"depth": 30.31}}, {"type": "Feature", "geometry": {"type": "Point", "coordinates": [73.829622, 18.468158]}, "properties": {"depth": 28.76}}, {"type": "Feature", "geometry": {"type": "Point", "coordinates": [73.828677, 18.46819]}, "properties": {"depth": 32.02}}, {"type": "Feature", "geometry": {"type": "Point", "coordinates": [73.828554, 18.468198]}, "properties": {"depth": 32.33}}, {"type": "Feature", "geometry": {"type": "Point", "coordinates": [73.829184, 18.468206]}, "properties": {"depth": 31.32}}, {"type": "Feature", "geometry": {"type": "Point", "coordinates": [73.829509, 18.468235]}, "properties": {"depth": 31.33}}, {"type": "Feature", "geometry": {"type": "Point", "coordinates": [73.829342, 18.468284]}, "properties": {"depth": 31.33}}, {"type": "Feature", "geometry": {"type": "Point", "coordinates": [73.828951, 18.468287]}, "properties": {"depth": 33.38}}, {"type": "Feature", "geometry": {"type": "Point", "coordinates": [73.829214, 18.468352]}, "properties": {"depth": 31.32}}, {"type": "Feature", "geometry": {"type": "Point", "coordinates": [73.829333, 18.468355]}, "properties": {"depth": 31.33}}, {"type": "Feature", "geometry": {"type": "Point", "coordinates": [73.82952, 18.468402]}, "properties": {"depth": 31.33}}, {"type": "Feature", "geometry": {"type": "Point", "coordinates": [73.829661, 18.468409]}, "properties": {"depth": 29.05}}, {"type": "Feature", "geometry": {"type": "Point", "coordinates": [73.829336, 18.468436]}, "properties": {"depth": 31.33}}, {"type": "Feature", "geometry": {"type": "Point", "coordinates": [73.829223, 18.468461]}, "properties": {"depth": 31.32}}, {"type": "Feature", "geometry": {"type": "Point", "coordinates": [73.828369, 18.468512]}, "properties": {"depth": 32.22}}, {"type": "Feature", "geometry": {"type": "Point", "coordinates": [73.828527, 18.468521]}, "properties": {"depth": 32.29}}, {"type": "Feature", "geometry": {"type": "Point", "coordinates": [73.828251, 18.468524]}, "properties": {"depth": 32.22}}, {"type": "Feature", "geometry": {"type": "Point", "coordinates": [73.828291, 18.468678]}, "properties": {"depth": 32.22}}, {"type": "Feature", "geometry": {"type": "Point", "coordinates": [73.828825, 18.468501]}, "properties": {"depth": 33.54}}, {"type": "Feature", "geometry": {"type": "Point", "coordinates": [73.829353, 18.468532]}, "properties": {"depth": 33.0}}, {"type": "Feature", "geometry": {"type": "Point", "coordinates": [73.828656, 18.468542]}, "properties": {"depth": 32.29}}, {"type": "Feature", "geometry": {"type": "Point", "coordinates": [73.829573, 18.468571]}, "properties": {"depth": 33.0}}, {"type": "Feature", "geometry": {"type": "Point", "coordinates": [73.828987, 18.468594]}, "properties": {"depth": 33.54}}, {"type": "Feature", "geometry": {"type": "Point", "coordinates": [73.828758, 18.468591]}, "properties": {"depth": 33.54}}, {"type": "Feature", "geometry": {"type": "Point", "coordinates": [73.829364, 18.468628]}, "properties": {"depth": 33.0}}, {"type": "Feature", "geometry": {"type": "Point", "coordinates": [73.829253, 18.468629]}, "properties": {"depth": 35.04}}, {"type": "Feature", "geometry": {"type": "Point", "coordinates": [73.829694, 18.468645]}, "properties": {"depth": 30.54}}, {"type": "Feature", "geometry": {"type": "Point", "coordinates": [73.82956, 18.468708]}, "properties": {"depth": 33.0}}, {"type": "Feature", "geometry": {"type": "Point", "coordinates": [73.83067, 18.468506]}, "properties": {"depth": 33.07}}, {"type": "Feature", "geometry": {"type": "Point", "coordinates": [73.830018, 18.46854]}, "properties": {"depth": 32.3}}, {"type": "Feature", "geometry": {"type": "Point", "coordinates": [73.830303, 18.468548]}, "properties": {"depth": 31.3}}, {"type": "Feature", "geometry": {"type": "Point", "coordinates": [73.830326, 18.468696]}, "properties": {"depth": 31.3}}, {"type": "Feature", "geometry": {"type": "Point", "coordinates": [73.830203, 18.468715]}, "properties": {"depth": 31.3}}, {"type": "Feature", "geometry": {"type": "Point", "coordinates": [73.83066, 18.468721]}, "properties": {"depth": 33.07}}, {"type": "Feature", "geometry": {"type": "Point", "coordinates": [73.829874, 18.468743]}, "properties": {"depth": 32.3}}, {"type": "Feature", "geometry": {"type": "Point", "coordinates": [73.830051, 18.468783]}, "properties": {"depth": 34.27}}, {"type": "Feature", "geometry": {"type": "Point", "coordinates": [73.830355, 18.46889]}, "properties": {"depth": 32.5}}, {"type": "Feature", "geometry": {"type": "Point", "coordinates": [73.829901, 18.468895]}, "properties": {"depth": 34.27}}, {"type": "Feature", "geometry": {"type": "Point", "coordinates": [73.830937, 18.468619]}, "properties": {"depth": 26.57}}, {"type": "Feature", "geometry": {"type": "Point", "coordinates": [73.831461, 18.468703]}, "properties": {"depth": 28.01}}, {"type": "Feature", "geometry": {"type": "Point", "coordinates": [73.831298, 18.468705]}, "properties": {"depth": 28.01}}, {"type": "Feature", "geometry": {"type": "Point", "coordinates": [73.830974, 18.468734]}, "properties": {"depth": 25.78}}, {"type": "Feature", "geometry": {"type": "Point", "coordinates": [73.831484, 18.468803]}, "properties": {"depth": 29.14}}, {"type": "Feature", "geometry": {"type": "Point", "coordinates": [73.83131, 18.468825]}, "properties": {"depth": 29.14}}, {"type": "Feature", "geometry": {"type": "Point", "coordinates": [73.831161, 18.468876]}, "properties": {"depth": 29.71}}, {"type": "Feature", "geometry": {"type": "Point", "coordinates": [73.831013, 18.468952]}, "properties": {"depth": 29.71}}, {"type": "Feature", "geometry": {"type": "Point", "coordinates": [73.831304, 18.468987]}, "properties": {"depth": 29.14}}, {"type": "Feature", "geometry": {"type": "Point", "coordinates": [73.831153, 18.468996]}, "properties": {"depth": 29.71}}, {"type": "Feature", "geometry": {"type": "Point", "coordinates": [73.82864, 18.468738]}, "properties": {"depth": 32.29}}, {"type": "Feature", "geometry": {"type": "Point", "coordinates": [73.828866, 18.468738]}, "properties": {"depth": 33.54}}, {"type": "Feature", "geometry": {"type": "Point", "coordinates": [73.829038, 18.468774]}, "properties": {"depth": 36.59}}, {"type": "Feature", "geometry": {"type": "Point", "coordinates": [73.829376, 18.468795]}, "properties": {"depth": 35.99}}, {"type": "Feature", "geometry": {"type": "Point", "coordinates": [73.829269, 18.468798]}, "properties": {"depth": 36.59}}, {"type": "Feature", "geometry": {"type": "Point", "coordinates": [73.829695, 18.468823]}, "properties": {"depth": 34.9}}, {"type": "Feature", "geometry": {"type": "Point", "coordinates": [73.829623, 18.469004]}, "properties": {"depth": 34.9}}, {"type": "Feature", "geometry": {"type": "Point", "coordinates": [73.829335, 18.469052]}, "properties": {"depth": 34.97}}, {"type": "Feature", "geometry": {"type": "Point", "coordinates": [73.82966, 18.469109]}, "properties": {"depth": 37.41}}, {"type": "Feature", "geometry": {"type": "Point", "coordinates": [73.829596, 18.469117]}, "properties": {"depth": 37.41}}, {"type": "Feature", "geometry": {"type": "Point", "coordinates": [73.833942, 18.469223]}, "properties": {"depth": 1.62}}, {"type": "Feature", "geometry": {"type": "Point", "coordinates": [73.834194, 18.469468]}, "properties": {"depth": 3.8}}, {"type": "Feature", "geometry": {"type": "Point", "coordinates": [73.832284, 18.473122]}, "properties": {"depth": 22.47}}, {"type": "Feature", "geometry": {"type": "Point", "coordinates": [73.832235, 18.473559]}, "properties": {"depth": 34.38}}, {"type": "Feature", "geometry": {"type": "Point", "coordinates": [73.832737, 18.473808]}, "properties": {"depth": 32.39}}, {"type": "Feature", "geometry": {"type": "Point", "coordinates": [73.832915, 18.473881]}, "properties": {"depth": 32.39}}, {"type": "Feature", "geometry": {"type": "Point", "coordinates": [73.832485, 18.473884]}, "properties": {"depth": 36.68}}, {"type": "Feature", "geometry": {"type": "Point", "coordinates": [73.83273, 18.47392]}, "properties": {"depth": 32.39}}, {"type": "Feature", "geometry": {"type": "Point", "coordinates": [73.832387, 18.473956]}, "properties": {"depth": 36.68}}, {"type": "Feature", "geometry": {"type": "Point", "coordinates": [73.832781, 18.474038]}, "properties": {"depth": 34.78}}, {"type": "Feature", "geometry": {"type": "Point", "coordinates": [73.83252, 18.474066]}, "properties": {"depth": 35.03}}, {"type": "Feature", "geometry": {"type": "Point", "coordinates": [73.832816, 18.474181]}, "properties": {"depth": 34.78}}, {"type": "Feature", "geometry": {"type": "Point", "coordinates": [73.832399, 18.474179]}, "properties": {"depth": 35.03}}, {"type": "Feature", "geometry": {"type": "Point", "coordinates": [73.832586, 18.47424]}, "properties": {"depth": 35.03}}, {"type": "Feature", "geometry": {"type": "Point", "coordinates": [73.832845, 18.474303]}, "properties": {"depth": 34.78}}, {"type": "Feature", "geometry": {"type": "Point", "coordinates": [73.828504, 18.468716]}, "properties": {"depth": 32.29}}, {"type": "Feature", "geometry": {"type": "Point", "coordinates": [73.828199, 18.468892]}, "properties": {"depth": 36.17}}, {"type": "Feature", "geometry": {"type": "Point", "coordinates": [73.828482, 18.468899]}, "properties": {"depth": 38.0}}, {"type": "Feature", "geometry": {"type": "Point", "coordinates": [73.828344, 18.468979]}, "properties": {"depth": 36.17}}, {"type": "Feature", "geometry": {"type": "Point", "coordinates": [73.828457, 18.469041]}, "properties": {"depth": 38.88}}, {"type": "Feature", "geometry": {"type": "Point", "coordinates": [73.82824, 18.469246]}, "properties": {"depth": 38.88}}, {"type": "Feature", "geometry": {"type": "Point", "coordinates": [73.828275, 18.469387]}, "properties": {"depth": 39.82}}, {"type": "Feature", "geometry": {"type": "Point", "coordinates": [73.828499, 18.469386]}, "properties": {"depth": 40.53}}, {"type": "Feature", "geometry": {"type": "Point", "coordinates": [73.828019, 18.469387]}, "properties": {"depth": 37.98}}, {"type": "Feature", "geometry": {"type": "Point", "coordinates": [73.827929, 18.46972]}, "properties": {"depth": 37.57}}, {"type": "Feature", "geometry": {"type": "Point", "coordinates": [73.828499, 18.469752]}, "properties": {"depth": 40.69}}, {"type": "Feature", "geometry": {"type": "Point", "coordinates": [73.82951, 18.469132]}, "properties": {"depth": 34.97}}, {"type": "Feature", "geometry": {"type": "Point", "coordinates": [73.829381, 18.469166]}, "properties": {"depth": 34.97}}, {"type": "Feature", "geometry": {"type": "Point", "coordinates": [73.828523, 18.46925]}, "properties": {"depth": 40.71}}, {"type": "Feature", "geometry": {"type": "Point", "coordinates": [73.829416, 18.469322]}, "properties": {"depth": 34.09}}, {"type": "Feature", "geometry": {"type": "Point", "coordinates": [73.829574, 18.469347]}, "properties": {"depth": 34.09}}, {"type": "Feature", "geometry": {"type": "Point", "coordinates": [73.828923, 18.469371]}, "properties": {"depth": 39.33}}, {"type": "Feature", "geometry": {"type": "Point", "coordinates": [73.829446, 18.469441]}, "properties": {"depth": 34.09}}, {"type": "Feature", "geometry": {"type": "Point", "coordinates": [73.829097, 18.470146]}, "properties": {"depth": 30.16}}, {"type": "Feature", "geometry": {"type": "Point", "coordinates": [73.828622, 18.470461]}, "properties": {"depth": 39.01}}, {"type": "Feature", "geometry": {"type": "Point", "coordinates": [73.82859, 18.472679]}, "properties": {"depth": 3.56}}, {"type": "Feature", "geometry": {"type": "Point", "coordinates": [73.830055, 18.468898]}, "properties": {"depth": 34.27}}, {"type": "Feature", "geometry": {"type": "Point", "coordinates": [73.830855, 18.468905]}, "properties": {"depth": 30.38}}, {"type": "Feature", "geometry": {"type": "Point", "coordinates": [73.830815, 18.469342]}, "properties": {"depth": 23.42}}, {"type": "Feature", "geometry": {"type": "Point", "coordinates": [73.830346, 18.469378]}, "properties": {"depth": 30.96}}, {"type": "Feature", "geometry": {"type": "Point", "coordinates": [73.829779, 18.469415]}, "properties": {"depth": 36.21}}, {"type": "Feature", "geometry": {"type": "Point", "coordinates": [73.830522, 18.469778]}, "properties": {"depth": 30.26}}, {"type": "Feature", "geometry": {"type": "Point", "coordinates": [73.829796, 18.469838]}, "properties": {"depth": 36.78}}, {"type": "Feature", "geometry": {"type": "Point", "coordinates": [73.829979, 18.470107]}, "properties": {"depth": 28.11}}, {"type": "Feature", "geometry": {"type": "Point", "coordinates": [73.830796, 18.473242]}, "properties": {"depth": 18.35}}, {"type": "Feature", "geometry": {"type": "Point", "coordinates": [73.830816, 18.473558]}, "properties": {"depth": 28.41}}, {"type": "Feature", "geometry": {"type": "Point", "coordinates": [73.831471, 18.469053]}, "properties": {"depth": 27.95}}, {"type": "Feature", "geometry": {"type": "Point", "coordinates": [73.83116, 18.469081]}, "properties": {"depth": 26.88}}, {"type": "Feature", "geometry": {"type": "Point", "coordinates": [73.83131, 18.469096]}, "properties": {"depth": 27.95}}, {"type": "Feature", "geometry": {"type": "Point", "coordinates": [73.83187, 18.469211]}, "properties": {"depth": 22.65}}, {"type": "Feature", "geometry": {"type": "Point", "coordinates": [73.831725, 18.469239]}, "properties": {"depth": 23.7}}, {"type": "Feature", "geometry": {"type": "Point", "coordinates": [73.831203, 18.469237]}, "properties": {"depth": 26.88}}, {"type": "Feature", "geometry": {"type": "Point", "coordinates": [73.83148, 18.469316]}, "properties": {"depth": 27.9}}, {"type": "Feature", "geometry": {"type": "Point", "coordinates": [73.831194, 18.469464]}, "properties": {"depth": 22.15}}, {"type": "Feature", "geometry": {"type": "Point", "coordinates": [73.832109, 18.47322]}, "properties": {"depth": 29.78}}, {"type": "Feature", "geometry": {"type": "Point", "coordinates": [73.831813, 18.473427]}, "properties": {"depth": 26.71}}, {"type": "Feature", "geometry": {"type": "Point", "coordinates": [73.828398, 18.472771]}, "properties": {"depth": 2.73}}, {"type": "Feature", "geometry": {"type": "Point", "coordinates": [73.832196, 18.473434]}, "properties": {"depth": 29.78}}, {"type": "Feature", "geometry": {"type": "Point", "coordinates": [73.831054, 18.473668]}, "properties": {"depth": 30.8}}, {"type": "Feature", "geometry": {"type": "Point", "coordinates": [73.831484, 18.473708]}, "properties": {"depth": 25.14}}, {"type": "Feature", "geometry": {"type": "Point", "coordinates": [73.831965, 18.473789]}, "properties": {"depth": 31.06}}, {"type": "Feature", "geometry": {"type": "Point", "coordinates": [73.83107, 18.473785]}, "properties": {"depth": 35.56}}, {"type": "Feature", "geometry": {"type": "Point", "coordinates": [73.831732, 18.473817]}, "properties": {"depth": 27.27}}, {"type": "Feature", "geometry": {"type": "Point", "coordinates": [73.830905, 18.474129]}, "properties": {"depth": 33.81}}, {"type": "Feature", "geometry": {"type": "Point", "coordinates": [73.83135, 18.474152]}, "properties": {"depth": 26.16}}, {"type": "Feature", "geometry": {"type": "Point", "coordinates": [73.830954, 18.474305]}, "properties": {"depth": 33.81}}, {"type": "Feature", "geometry": {"type": "Point", "coordinates": [73.830842, 18.473676]}, "properties": {"depth": 28.41}}, {"type": "Feature", "geometry": {"type": "Point", "coordinates": [73.830844, 18.473759]}, "properties": {"depth": 33.81}}, {"type": "Feature", "geometry": {"type": "Point", "coordinates": [73.830137, 18.473926]}, "properties": {"depth": 27.0}}, {"type": "Feature", "geometry": {"type": "Point", "coordinates": [73.830882, 18.473937]}, "properties": {"depth": 33.81}}, {"type": "Feature", "geometry": {"type": "Point", "coordinates": [73.830495, 18.473976]}, "properties": {"depth": 31.42}}, {"type": "Feature", "geometry": {"type": "Point", "coordinates": [73.830651, 18.474185]}, "properties": {"depth": 34.91}}, {"type": "Feature", "geometry": {"type": "Point", "coordinates": [73.808546, 18.474523]}, "properties": {"depth": 2.25}}, {"type": "Feature", "geometry": {"type": "Point", "coordinates": [73.808796, 18.474623]}, "properties": {"depth": 3.34}}, {"type": "Feature", "geometry": {"type": "Point", "coordinates": [73.808827, 18.474777]}, "properties": {"depth": 3.34}}, {"type": "Feature", "geometry": {"type": "Point", "coordinates": [73.809642, 18.477332]}, "properties": {"depth": 0.06}}, {"type": "Feature", "geometry": {"type": "Point", "coordinates": [73.813683, 18.483212]}, "properties": {"depth": 2.42}}, {"type": "Feature", "geometry": {"type": "Point", "coordinates": [73.81295, 18.483202]}, "properties": {"depth": 4.4}}, {"type": "Feature", "geometry": {"type": "Point", "coordinates": [73.812841, 18.483211]}, "properties": {"depth": 3.31}}, {"type": "Feature", "geometry": {"type": "Point", "coordinates": [73.81274, 18.483221]}, "properties": {"depth": 3.31}}, {"type": "Feature", "geometry": {"type": "Point", "coordinates": [73.813954, 18.48327]}, "properties": {"depth": 2.28}}, {"type": "Feature", "geometry": {"type": "Point", "coordinates": [73.813768, 18.483214]}, "properties": {"depth": 2.28}}, {"type": "Feature", "geometry": {"type": "Point", "coordinates": [73.813448, 18.483217]}, "properties": {"depth": 3.3}}, {"type": "Feature", "geometry": {"type": "Point", "coordinates": [73.813213, 18.483245]}, "properties": {"depth": 3.3}}, {"type": "Feature", "geometry": {"type": "Point", "coordinates": [73.813058, 18.483258]}, "properties": {"depth": 4.4}}, {"type": "Feature", "geometry": {"type": "Point", "coordinates": [73.81386, 18.483269]}, "properties": {"depth": 2.28}}, {"type": "Feature", "geometry": {"type": "Point", "coordinates": [73.813568, 18.483294]}, "properties": {"depth": 2.42}}, {"type": "Feature", "geometry": {"type": "Point", "coordinates": [73.813653, 18.483307]}, "properties": {"depth": 2.42}}, {"type": "Feature", "geometry": {"type": "Point", "coordinates": [73.813455, 18.483307]}, "properties": {"depth": 3.3}}, {"type": "Feature", "geometry": {"type": "Point", "coordinates": [73.813763, 18.483311]}, "properties": {"depth": 2.28}}, {"type": "Feature", "geometry": {"type": "Point", "coordinates": [73.813822, 18.483418]}, "properties": {"depth": 2.28}}, {"type": "Feature", "geometry": {"type": "Point", "coordinates": [73.812179, 18.483235]}, "properties": {"depth": 2.86}}, {"type": "Feature", "geometry": {"type": "Point", "coordinates": [73.812949, 18.483288]}, "properties": {"depth": 4.4}}, {"type": "Feature", "geometry": {"type": "Point", "coordinates": [73.812862, 18.483295]}, "properties": {"depth": 3.31}}, {"type": "Feature", "geometry": {"type": "Point", "coordinates": [73.812729, 18.483306]}, "properties": {"depth": 3.31}}, {"type": "Feature", "geometry": {"type": "Point", "coordinates": [73.81258, 18.483313]}, "properties": {"depth": 2.41}}, {"type": "Feature", "geometry": {"type": "Point", "coordinates": [73.81211, 18.483443]}, "properties": {"depth": 2.86}}, {"type": "Feature", "geometry": {"type": "Point", "coordinates": [73.812713, 18.483457]}, "properties": {"depth": 3.31}}, {"type": "Feature", "geometry": {"type": "Point", "coordinates": [73.81284, 18.48347]}, "properties": {"depth": 3.31}}, {"type": "Feature", "geometry": {"type": "Point", "coordinates": [73.812538, 18.483473]}, "properties": {"depth": 4.33}}, {"type": "Feature", "geometry": {"type": "Point", "coordinates": [73.812452, 18.483476]}, "properties": {"depth": 4.33}}, {"type": "Feature", "geometry": {"type": "Point", "coordinates": [73.814021, 18.483441]}, "properties": {"depth": 2.28}}, {"type": "Feature", "geometry": {"type": "Point", "coordinates": [73.813931, 18.48343]}, "properties": {"depth": 2.28}}, {"type": "Feature", "geometry": {"type": "Point", "coordinates": [73.813751, 18.483434]}, "properties": {"depth": 2.28}}, {"type": "Feature", "geometry": {"type": "Point", "coordinates": [73.813474, 18.483438]}, "properties": {"depth": 2.42}}, {"type": "Feature", "geometry": {"type": "Point", "coordinates": [73.813189, 18.483442]}, "properties": {"depth": 4.4}}, {"type": "Feature", "geometry": {"type": "Point", "coordinates": [73.813385, 18.483444]}, "properties": {"depth": 3.3}}, {"type": "Feature", "geometry": {"type": "Point", "coordinates": [73.813086, 18.483445]}, "properties": {"depth": 4.4}}, {"type": "Feature", "geometry": {"type": "Point", "coordinates": [73.813306, 18.483447]}, "properties": {"depth": 3.3}}, {"type": "Feature", "geometry": {"type": "Point", "coordinates": [73.813578, 18.483449]}, "properties": {"depth": 2.42}}, {"type": "Feature", "geometry": {"type": "Point", "coordinates": [73.813682, 18.483452]}, "properties": {"depth": 2.42}}, {"type": "Feature", "geometry": {"type": "Point", "coordinates": [73.813917, 18.483546]}, "properties": {"depth": 2.27}}, {"type": "Feature", "geometry": {"type": "Point", "coordinates": [73.811806, 18.483206]}, "properties": {"depth": 2.64}}, {"type": "Feature", "geometry": {"type": "Point", "coordinates": [73.811897, 18.483261]}, "properties": {"depth": 2.64}}, {"type": "Feature", "geometry": {"type": "Point", "coordinates": [73.810861, 18.483279]}, "properties": {"depth": 0.56}}, {"type": "Feature", "geometry": {"type": "Point", "coordinates": [73.810292, 18.483336]}, "properties": {"depth": 2.76}}, {"type": "Feature", "geometry": {"type": "Point", "coordinates": [73.810708, 18.483426]}, "properties": {"depth": 0.56}}, {"type": "Feature", "geometry": {"type": "Point", "coordinates": [73.810451, 18.483532]}, "properties": {"depth": 2.58}}, {"type": "Feature", "geometry": {"type": "Point", "coordinates": [73.810732, 18.483536]}, "properties": {"depth": 2.81}}, {"type": "Feature", "geometry": {"type": "Point", "coordinates": [73.810565, 18.483567]}, "properties": {"depth": 2.58}}, {"type": "Feature", "geometry": {"type": "Point", "coordinates": [73.81435, 18.48352]}, "properties": {"depth": 3.82}}, {"type": "Feature", "geometry": {"type": "Point", "coordinates": [73.814487, 18.483539]}, "properties": {"depth": 3.82}}, {"type": "Feature", "geometry": {"type": "Point", "coordinates": [73.81403, 18.483558]}, "properties": {"depth": 4.1}}, {"type": "Feature", "geometry": {"type": "Point", "coordinates": [73.814135, 18.483569]}, "properties": {"depth": 4.1}}, {"type": "Feature", "geometry": {"type": "Point", "coordinates": [73.814222, 18.483578]}, "properties": {"depth": 4.1}}, {"type": "Feature", "geometry": {"type": "Point", "coordinates": [73.813462, 18.483552]}, "properties": {"depth": 3.13}}, {"type": "Feature", "geometry": {"type": "Point", "coordinates": [73.813804, 18.483562]}, "properties": {"depth": 2.27}}, {"type": "Feature", "geometry": {"type": "Point", "coordinates": [73.813097, 18.483561]}, "properties": {"depth": 3.78}}, {"type": "Feature", "geometry": {"type": "Point", "coordinates": [73.813357, 18.483564]}, "properties": {"depth": 3.13}}, {"type": "Feature", "geometry": {"type": "Point", "coordinates": [73.813611, 18.483578]}, "properties": {"depth": 3.61}}, {"type": "Feature", "geometry": {"type": "Point", "coordinates": [73.81327, 18.483578]}, "properties": {"depth": 3.13}}, {"type": "Feature", "geometry": {"type": "Point", "coordinates": [73.813208, 18.483706]}, "properties": {"depth": 3.13}}, {"type": "Feature", "geometry": {"type": "Point", "coordinates": [73.813572, 18.48371]}, "properties": {"depth": 3.61}}, {"type": "Feature", "geometry": {"type": "Point", "coordinates": [73.813487, 18.483715]}, "properties": {"depth": 3.61}}, {"type": "Feature", "geometry": {"type": "Point", "coordinates": [73.813651, 18.483723]}, "properties": {"depth": 3.61}}, {"type": "Feature", "geometry": {"type": "Point", "coordinates": [73.814344, 18.483641]}, "properties": {"depth": 3.82}}, {"type": "Feature", "geometry": {"type": "Point", "coordinates": [73.814446, 18.483659]}, "properties": {"depth": 3.82}}, {"type": "Feature", "geometry": {"type": "Point", "coordinates": [73.814328, 18.483711]}, "properties": {"depth": 3.82}}, {"type": "Feature", "geometry": {"type": "Point", "coordinates": [73.814477, 18.483741]}, "properties": {"depth": 3.82}}, {"type": "Feature", "geometry": {"type": "Point", "coordinates": [73.813959, 18.483749]}, "properties": {"depth": 2.27}}, {"type": "Feature", "geometry": {"type": "Point", "coordinates": [73.814041, 18.48376]}, "properties": {"depth": 2.72}}, {"type": "Feature", "geometry": {"type": "Point", "coordinates": [73.814107, 18.483768]}, "properties": {"depth": 2.72}}, {"type": "Feature", "geometry": {"type": "Point", "coordinates": [73.812088, 18.483558]}, "properties": {"depth": 2.38}}, {"type": "Feature", "geometry": {"type": "Point", "coordinates": [73.812976, 18.483565]}, "properties": {"depth": 3.78}}, {"type": "Feature", "geometry": {"type": "Point", "coordinates": [73.812778, 18.483573]}, "properties": {"depth": 4.11}}, {"type": "Feature", "geometry": {"type": "Point", "coordinates": [73.812588, 18.483587]}, "properties": {"depth": 4.33}}, {"type": "Feature", "geometry": {"type": "Point", "coordinates": [73.812431, 18.483591]}, "properties": {"depth": 4.33}}, {"type": "Feature", "geometry": {"type": "Point", "coordinates": [73.812056, 18.483657]}, "properties": {"depth": 2.09}}, {"type": "Feature", "geometry": {"type": "Point", "coordinates": [73.812967, 18.483734]}, "properties": {"depth": 3.78}}, {"type": "Feature", "geometry": {"type": "Point", "coordinates": [73.812052, 18.483806]}, "properties": {"depth": 3.81}}, {"type": "Feature", "geometry": {"type": "Point", "coordinates": [73.812262, 18.483815]}, "properties": {"depth": 3.14}}, {"type": "Feature", "geometry": {"type": "Point", "coordinates": [73.812928, 18.483876]}, "properties": {"depth": 1.49}}, {"type": "Feature", "geometry": {"type": "Point", "coordinates": [73.813748, 18.483727]}, "properties": {"depth": 3.61}}, {"type": "Feature", "geometry": {"type": "Point", "coordinates": [73.813339, 18.483732]}, "properties": {"depth": 3.13}}, {"type": "Feature", "geometry": {"type": "Point", "coordinates": [73.813109, 18.483742]}, "properties": {"depth": 3.78}}, {"type": "Feature", "geometry": {"type": "Point", "coordinates": [73.813206, 18.483779]}, "properties": {"depth": 1.77}}, {"type": "Feature", "geometry": {"type": "Point", "coordinates": [73.813484, 18.483805]}, "properties": {"depth": 3.39}}, {"type": "Feature", "geometry": {"type": "Point", "coordinates": [73.813712, 18.483822]}, "properties": {"depth": 3.39}}, {"type": "Feature", "geometry": {"type": "Point", "coordinates": [73.813803, 18.483839]}, "properties": {"depth": 2.35}}, {"type": "Feature", "geometry": {"type": "Point", "coordinates": [73.813883, 18.483845]}, "properties": {"depth": 2.35}}, {"type": "Feature", "geometry": {"type": "Point", "coordinates": [73.813257, 18.483913]}, "properties": {"depth": 1.77}}, {"type": "Feature", "geometry": {"type": "Point", "coordinates": [73.813159, 18.483914]}, "properties": {"depth": 1.49}}, {"type": "Feature", "geometry": {"type": "Point", "coordinates": [73.814206, 18.483779]}, "properties": {"depth": 2.72}}, {"type": "Feature", "geometry": {"type": "Point", "coordinates": [73.814313, 18.483806]}, "properties": {"depth": 2.55}}, {"type": "Feature", "geometry": {"type": "Point", "coordinates": [73.814383, 18.483827]}, "properties": {"depth": 2.55}}, {"type": "Feature", "geometry": {"type": "Point", "coordinates": [73.814504, 18.483856]}, "properties": {"depth": 2.55}}, {"type": "Feature", "geometry": {"type": "Point", "coordinates": [73.814032, 18.48386]}, "properties": {"depth": 2.72}}, {"type": "Feature", "geometry": {"type": "Point", "coordinates": [73.814149, 18.483886]}, "properties": {"depth": 2.72}}, {"type": "Feature", "geometry": {"type": "Point", "coordinates": [73.814313, 18.483913]}, "properties": {"depth": 2.55}}, {"type": "Feature", "geometry": {"type": "Point", "coordinates": [73.811392, 18.483615]}, "properties": {"depth": 1.9}}, {"type": "Feature", "geometry": {"type": "Point", "coordinates": [73.811496, 18.48366]}, "properties": {"depth": 1.9}}, {"type": "Feature", "geometry": {"type": "Point", "coordinates": [73.811931, 18.48372]}, "properties": {"depth": 2.09}}, {"type": "Feature", "geometry": {"type": "Point", "coordinates": [73.811378, 18.483732]}, "properties": {"depth": 1.9}}, {"type": "Feature", "geometry": {"type": "Point", "coordinates": [73.811795, 18.48374]}, "properties": {"depth": 2.1}}, {"type": "Feature", "geometry": {"type": "Point", "coordinates": [73.811457, 18.483766]}, "properties": {"depth": 2.58}}, {"type": "Feature", "geometry": {"type": "Point", "coordinates": [73.811527, 18.483799]}, "properties": {"depth": 2.58}}, {"type": "Feature", "geometry": {"type": "Point", "coordinates": [73.811731, 18.483941]}, "properties": {"depth": 1.98}}, {"type": "Feature", "geometry": {"type": "Point", "coordinates": [73.811894, 18.48404]}, "properties": {"depth": 2.14}}, {"type": "Feature", "geometry": {"type": "Point", "coordinates": [73.811933, 18.484114]}, "properties": {"depth": 2.14}}, {"type": "Feature", "geometry": {"type": "Point", "coordinates": [73.812251, 18.483915]}, "properties": {"depth": 3.14}}, {"type": "Feature", "geometry": {"type": "Point", "coordinates": [73.812601, 18.483937]}, "properties": {"depth": 2.21}}, {"type": "Feature", "geometry": {"type": "Point", "coordinates": [73.812759, 18.483958]}, "properties": {"depth": 0.88}}, {"type": "Feature", "geometry": {"type": "Point", "coordinates": [73.812865, 18.483986]}, "properties": {"depth": 0.88}}, {"type": "Feature", "geometry": {"type": "Point", "coordinates": [73.812944, 18.483993]}, "properties": {"depth": 1.49}}, {"type": "Feature", "geometry": {"type": "Point", "coordinates": [73.813022, 18.484]}, "properties": {"depth": 1.49}}, {"type": "Feature", "geometry": {"type": "Point", "coordinates": [73.814431, 18.483939]}, "properties": {"depth": 2.55}}, {"type": "Feature", "geometry": {"type": "Point", "coordinates": [73.814523, 18.483955]}, "properties": {"depth": 2.55}}, {"type": "Feature", "geometry": {"type": "Point", "coordinates": [73.8141, 18.484012]}, "properties": {"depth": 2.72}}, {"type": "Feature", "geometry": {"type": "Point", "coordinates": [73.814179, 18.484037]}, "properties": {"depth": 2.64}}, {"type": "Feature", "geometry": {"type": "Point", "coordinates": [73.81425, 18.484043]}, "properties": {"depth": 2.64}}, {"type": "Feature", "geometry": {"type": "Point", "coordinates": [73.814335, 18.484059]}, "properties": {"depth": 3.76}}, {"type": "Feature", "geometry": {"type": "Point", "coordinates": [73.814596, 18.484113]}, "properties": {"depth": 2.61}}, {"type": "Feature", "geometry": {"type": "Point", "coordinates": [73.813975, 18.484131]}, "properties": {"depth": 2.52}}, {"type": "Feature", "geometry": {"type": "Point", "coordinates": [73.813549, 18.48395]}, "properties": {"depth": 3.39}}, {"type": "Feature", "geometry": {"type": "Point", "coordinates": [73.813622, 18.483955]}, "properties": {"depth": 3.39}}, {"type": "Feature", "geometry": {"type": "Point", "coordinates": [73.813786, 18.483973]}, "properties": {"depth": 2.35}}, {"type": "Feature", "geometry": {"type": "Point", "coordinates": [73.813906, 18.483994]}, "properties": {"depth": 2.35}}, {"type": "Feature", "geometry": {"type": "Point", "coordinates": [73.813176, 18.484026]}, "properties": {"depth": 1.49}}, {"type": "Feature", "geometry": {"type": "Point", "coordinates": [73.813248, 18.484037]}, "properties": {"depth": 1.09}}, {"type": "Feature", "geometry": {"type": "Point", "coordinates": [73.813405, 18.484054]}, "properties": {"depth": 1.09}}, {"type": "Feature", "geometry": {"type": "Point", "coordinates": [73.81356, 18.484078]}, "properties": {"depth": 1.22}}, {"type": "Feature", "geometry": {"type": "Point", "coordinates": [73.813775, 18.484112]}, "properties": {"depth": 2.52}}, {"type": "Feature", "geometry": {"type": "Point", "coordinates": [73.813086, 18.484167]}, "properties": {"depth": 0.08}}, {"type": "Feature", "geometry": {"type": "Point", "coordinates": [73.775354, 18.440198]}, "properties": {"depth": 2.89}}, {"type": "Feature", "geometry": {"type": "Point", "coordinates": [73.777678, 18.461756]}, "properties": {"depth": 3.08}}, {"type": "Feature", "geometry": {"type": "Point", "coordinates": [73.77765, 18.461851]}, "properties": {"depth": 1.41}}, {"type": "Feature", "geometry": {"type": "Point", "coordinates": [73.774932, 18.460341]}, "properties": {"depth": 2.76}}, {"type": "Feature", "geometry": {"type": "Point", "coordinates": [73.775082, 18.460502]}, "properties": {"depth": 0.78}}, {"type": "Feature", "geometry": {"type": "Point", "coordinates": [73.774861, 18.460565]}, "properties": {"depth": 0.78}}, {"type": "Feature", "geometry": {"type": "Point", "coordinates": [73.774972, 18.460614]}, "properties": {"depth": 0.78}}, {"type": "Feature", "geometry": {"type": "Point", "coordinates": [73.774862, 18.460687]}, "properties": {"depth": 0.78}}, {"type": "Feature", "geometry": {"type": "Point", "coordinates": [73.774718, 18.460413]}, "properties": {"depth": 0.37}}, {"type": "Feature", "geometry": {"type": "Point", "coordinates": [73.773163, 18.455017]}, "properties": {"depth": 1.61}}, {"type": "Feature", "geometry": {"type": "Point", "coordinates": [73.772742, 18.458674]}, "properties": {"depth": 1.73}}, {"type": "Feature", "geometry": {"type": "Point", "coordinates": [73.77238, 18.458595]}, "properties": {"depth": 2.88}}, {"type": "Feature", "geometry": {"type": "Point", "coordinates": [73.772527, 18.458655]}, "properties": {"depth": 2.88}}, {"type": "Feature", "geometry": {"type": "Point", "coordinates": [73.772305, 18.458666]}, "properties": {"depth": 3.15}}, {"type": "Feature", "geometry": {"type": "Point", "coordinates": [73.772227, 18.45874]}, "properties": {"depth": 3.15}}, {"type": "Feature", "geometry": {"type": "Point", "coordinates": [73.773744, 18.459532]}, "properties": {"depth": 1.4}}, {"type": "Feature", "geometry": {"type": "Point", "coordinates": [73.772657, 18.458678]}, "properties": {"depth": 1.73}}, {"type": "Feature", "geometry": {"type": "Point", "coordinates": [73.772897, 18.458715]}, "properties": {"depth": 1.73}}, {"type": "Feature", "geometry": {"type": "Point", "coordinates": [73.772969, 18.458734]}, "properties": {"depth": 6.0}}, {"type": "Feature", "geometry": {"type": "Point", "coordinates": [73.7728, 18.458745]}, "properties": {"depth": 1.73}}, {"type": "Feature", "geometry": {"type": "Point", "coordinates": [73.773211, 18.458929]}, "properties": {"depth": 6.0}}, {"type": "Feature", "geometry": {"type": "Point", "coordinates": [73.771956, 18.458809]}, "properties": {"depth": 2.45}}, {"type": "Feature", "geometry": {"type": "Point", "coordinates": [73.77211, 18.459176]}, "properties": {"depth": 1.2}}, {"type": "Feature", "geometry": {"type": "Point", "coordinates": [73.773238, 18.459002]}, "properties": {"depth": 6.0}}, {"type": "Feature", "geometry": {"type": "Point", "coordinates": [73.773531, 18.459485]}, "properties": {"depth": 1.4}}, {"type": "Feature", "geometry": {"type": "Point", "coordinates": [73.773666, 18.459499]}, "properties": {"depth": 1.4}}, {"type": "Feature", "geometry": {"type": "Point", "coordinates": [73.771062, 18.455888]}, "properties": {"depth": 2.52}}, {"type": "Feature", "geometry": {"type": "Point", "coordinates": [73.771129, 18.456154]}, "properties": {"depth": 0.28}}, {"type": "Feature", "geometry": {"type": "Point", "coordinates": [73.771165, 18.456679]}, "properties": {"depth": 1.23}}, {"type": "Feature", "geometry": {"type": "Point", "coordinates": [73.770451, 18.456857]}, "properties": {"depth": 0.1}}, {"type": "Feature", "geometry": {"type": "Point", "coordinates": [73.771414, 18.457635]}, "properties": {"depth": 0.53}}, {"type": "Feature", "geometry": {"type": "Point", "coordinates": [73.773787, 18.459552]}, "properties": {"depth": 2.13}}, {"type": "Feature", "geometry": {"type": "Point", "coordinates": [73.773819, 18.459572]}, "properties": {"depth": 2.13}}, {"type": "Feature", "geometry": {"type": "Point", "coordinates": [73.774044, 18.459757]}, "properties": {"depth": 0.75}}, {"type": "Feature", "geometry": {"type": "Point", "coordinates": [73.774128, 18.45978]}, "properties": {"depth": 0.75}}, {"type": "Feature", "geometry": {"type": "Point", "coordinates": [73.7742, 18.459843]}, "properties": {"depth": 0.75}}, {"type": "Feature", "geometry": {"type": "Point", "coordinates": [73.774365, 18.459908]}, "properties": {"depth": 1.36}}, {"type": "Feature", "geometry": {"type": "Point", "coordinates": [73.774318, 18.460028]}, "properties": {"depth": 1.36}}, {"type": "Feature", "geometry": {"type": "Point", "coordinates": [73.774647, 18.460344]}, "properties": {"depth": 0.37}}, {"type": "Feature", "geometry": {"type": "Point", "coordinates": [73.752098, 18.551905]}, "properties": {"depth": 8.58}}, {"type": "Feature", "geometry": {"type": "Point", "coordinates": [73.750169, 18.551904]}, "properties": {"depth": 4.19}}, {"type": "Feature", "geometry": {"type": "Point", "coordinates": [73.752479, 18.551979]}, "properties": {"depth": 8.09}}, {"type": "Feature", "geometry": {"type": "Point", "coordinates": [73.750656, 18.552003]}, "properties": {"depth": 4.09}}, {"type": "Feature", "geometry": {"type": "Point", "coordinates": [73.752882, 18.552046]}, "properties": {"depth": 5.79}}, {"type": "Feature", "geometry": {"type": "Point", "coordinates": [73.752772, 18.552076]}, "properties": {"depth": 5.79}}, {"type": "Feature", "geometry": {"type": "Point", "coordinates": [73.752644, 18.552083]}, "properties": {"depth": 5.79}}, {"type": "Feature", "geometry": {"type": "Point", "coordinates": [73.749749, 18.552175]}, "properties": {"depth": 3.45}}, {"type": "Feature", "geometry": {"type": "Point", "coordinates": [73.755253, 18.551388]}, "properties": {"depth": 10.88}}, {"type": "Feature", "geometry": {"type": "Point", "coordinates": [73.755294, 18.551975]}, "properties": {"depth": 13.07}}, {"type": "Feature", "geometry": {"type": "Point", "coordinates": [73.754575, 18.552035]}, "properties": {"depth": 9.8}}, {"type": "Feature", "geometry": {"type": "Point", "coordinates": [73.754944, 18.552215]}, "properties": {"depth": 14.48}}, {"type": "Feature", "geometry": {"type": "Point", "coordinates": [73.754568, 18.552234]}, "properties": {"depth": 10.9}}, {"type": "Feature", "geometry": {"type": "Point", "coordinates": [73.755013, 18.552978]}, "properties": {"depth": 11.93}}, {"type": "Feature", "geometry": {"type": "Point", "coordinates": [73.754311, 18.553017]}, "properties": {"depth": 12.7}}, {"type": "Feature", "geometry": {"type": "Point", "coordinates": [73.754194, 18.553053]}, "properties": {"depth": 10.18}}, {"type": "Feature", "geometry": {"type": "Point", "coordinates": [73.754036, 18.553078]}, "properties": {"depth": 10.18}}, {"type": "Feature", "geometry": {"type": "Point", "coordinates": [73.754526, 18.553249]}, "properties": {"depth": 12.0}}, {"type": "Feature", "geometry": {"type": "Point", "coordinates": [73.754763, 18.553339]}, "properties": {"depth": 11.91}}, {"type": "Feature", "geometry": {"type": "Point", "coordinates": [73.754143, 18.553391]}, "properties": {"depth": 10.27}}, {"type": "Feature", "geometry": {"type": "Point", "coordinates": [73.75044, 18.552214]}, "properties": {"depth": 6.45}}, {"type": "Feature", "geometry": {"type": "Point", "coordinates": [73.752917, 18.552249]}, "properties": {"depth": 4.84}}, {"type": "Feature", "geometry": {"type": "Point", "coordinates": [73.752804, 18.55233]}, "properties": {"depth": 5.4}}, {"type": "Feature", "geometry": {"type": "Point", "coordinates": [73.752939, 18.552387]}, "properties": {"depth": 5.91}}, {"type": "Feature", "geometry": {"type": "Point", "coordinates": [73.752691, 18.552427]}, "properties": {"depth": 3.25}}, {"type": "Feature", "geometry": {"type": "Point", "coordinates": [73.750905, 18.552518]}, "properties": {"depth": 9.17}}, {"type": "Feature", "geometry": {"type": "Point", "coordinates": [73.753606, 18.553513]}, "properties": {"depth": 10.14}}, {"type": "Feature", "geometry": {"type": "Point", "coordinates": [73.7538, 18.553515]}, "properties": {"depth": 10.07}}, {"type": "Feature", "geometry": {"type": "Point", "coordinates": [73.751176, 18.554037]}, "properties": {"depth": 14.92}}, {"type": "Feature", "geometry": {"type": "Point", "coordinates": [73.750518, 18.554328]}, "properties": {"depth": 8.11}}, {"type": "Feature", "geometry": {"type": "Point", "coordinates": [73.754226, 18.553631]}, "properties": {"depth": 9.92}}, {"type": "Feature", "geometry": {"type": "Point", "coordinates": [73.749061, 18.552206]}, "properties": {"depth": 1.18}}, {"type": "Feature", "geometry": {"type": "Point", "coordinates": [73.749038, 18.552752]}, "properties": {"depth": 5.0}}, {"type": "Feature", "geometry": {"type": "Point", "coordinates": [73.748643, 18.553088]}, "properties": {"depth": 6.11}}, {"type": "Feature", "geometry": {"type": "Point", "coordinates": [73.748519, 18.553373]}, "properties": {"depth": 8.36}}, {"type": "Feature", "geometry": {"type": "Point", "coordinates": [73.749516, 18.554287]}, "properties": {"depth": 9.54}}, {"type": "Feature", "geometry": {"type": "Point", "coordinates": [73.749043, 18.56374]}, "properties": {"depth": 2.32}}, {"type": "Feature", "geometry": {"type": "Point", "coordinates": [73.745008, 18.565713]}, "properties": {"depth": 7.64}}, {"type": "Feature", "geometry": {"type": "Point", "coordinates": [73.751182, 18.554438]}, "properties": {"depth": 16.93}}, {"type": "Feature", "geometry": {"type": "Point", "coordinates": [73.815738, 18.481727]}, "properties": {"depth": 2.84}}, {"type": "Feature", "geometry": {"type": "Point", "coordinates": [73.816191, 18.481602]}, "properties": {"depth": 6.23}}, {"type": "Feature", "geometry": {"type": "Point", "coordinates": [73.816339, 18.481674]}, "properties": {"depth": 6.78}}, {"type": "Feature", "geometry": {"type": "Point", "coordinates": [73.816451, 18.481789]}, "properties": {"depth": 6.78}}, {"type": "Feature", "geometry": {"type": "Point", "coordinates": [73.815842, 18.481821]}, "properties": {"depth": 3.17}}, {"type": "Feature", "geometry": {"type": "Point", "coordinates": [73.815975, 18.481843]}, "properties": {"depth": 3.95}}, {"type": "Feature", "geometry": {"type": "Point", "coordinates": [73.816229, 18.482093]}, "properties": {"depth": 3.0}}, {"type": "Feature", "geometry": {"type": "Point", "coordinates": [73.816582, 18.482412]}, "properties": {"depth": 3.5}}, {"type": "Feature", "geometry": {"type": "Point", "coordinates": [73.816713, 18.482506]}, "properties": {"depth": 3.5}}, {"type": "Feature", "geometry": {"type": "Point", "coordinates": [73.816302, 18.482899]}, "properties": {"depth": 1.28}}, {"type": "Feature", "geometry": {"type": "Point", "coordinates": [73.823365, 18.483672]}, "properties": {"depth": 0.11}}, {"type": "Feature", "geometry": {"type": "Point", "coordinates": [73.823831, 18.483807]}, "properties": {"depth": 0.78}}, {"type": "Feature", "geometry": {"type": "Point", "coordinates": [73.823127, 18.484182]}, "properties": {"depth": 1.99}}, {"type": "Feature", "geometry": {"type": "Point", "coordinates": [73.823131, 18.484336]}, "properties": {"depth": 0.9}}, {"type": "Feature", "geometry": {"type": "Point", "coordinates": [73.823108, 18.48448]}, "properties": {"depth": 0.9}}, {"type": "Feature", "geometry": {"type": "Point", "coordinates": [73.823288, 18.484604]}, "properties": {"depth": 2.98}}, {"type": "Feature", "geometry": {"type": "Point", "coordinates": [73.822057, 18.483451]}, "properties": {"depth": 2.14}}, {"type": "Feature", "geometry": {"type": "Point", "coordinates": [73.821595, 18.483587]}, "properties": {"depth": 4.37}}, {"type": "Feature", "geometry": {"type": "Point", "coordinates": [73.823847, 18.483947]}, "properties": {"depth": 0.78}}, {"type": "Feature", "geometry": {"type": "Point", "coordinates": [73.823547, 18.484038]}, "properties": {"depth": 0.4}}, {"type": "Feature", "geometry": {"type": "Point", "coordinates": [73.82385, 18.48404]}, "properties": {"depth": 0.97}}, {"type": "Feature", "geometry": {"type": "Point", "coordinates": [73.823542, 18.484136]}, "properties": {"depth": 0.4}}, {"type": "Feature", "geometry": {"type": "Point", "coordinates": [73.823838, 18.484185]}, "properties": {"depth": 0.97}}, {"type": "Feature", "geometry": {"type": "Point", "coordinates": [73.824084, 18.484206]}, "properties": {"depth": 0.23}}, {"type": "Feature", "geometry": {"type": "Point", "coordinates": [73.823504, 18.484287]}, "properties": {"depth": 0.4}}, {"type": "Feature", "geometry": {"type": "Point", "coordinates": [73.821309, 18.483806]}, "properties": {"depth": 4.5}}, {"type": "Feature", "geometry": {"type": "Point", "coordinates": [73.821156, 18.485031]}, "properties": {"depth": 1.62}}, {"type": "Feature", "geometry": {"type": "Point", "coordinates": [73.819986, 18.483511]}, "properties": {"depth": 0.01}}, {"type": "Feature", "geometry": {"type": "Point", "coordinates": [73.819716, 18.484245]}, "properties": {"depth": 2.09}}, {"type": "Feature", "geometry": {"type": "Point", "coordinates": [73.817124, 18.482649]}, "properties": {"depth": 2.32}}, {"type": "Feature", "geometry": {"type": "Point", "coordinates": [73.817171, 18.482784]}, "properties": {"depth": 2.32}}, {"type": "Feature", "geometry": {"type": "Point", "coordinates": [73.817093, 18.482788]}, "properties": {"depth": 2.32}}, {"type": "Feature", "geometry": {"type": "Point", "coordinates": [73.81489, 18.484045]}, "properties": {"depth": 2.73}}, {"type": "Feature", "geometry": {"type": "Point", "coordinates": [73.814955, 18.484057]}, "properties": {"depth": 2.73}}, {"type": "Feature", "geometry": {"type": "Point", "coordinates": [73.815025, 18.484062]}, "properties": {"depth": 2.73}}, {"type": "Feature", "geometry": {"type": "Point", "coordinates": [73.815111, 18.484079]}, "properties": {"depth": 2.73}}, {"type": "Feature", "geometry": {"type": "Point", "coordinates": [73.814897, 18.484186]}, "properties": {"depth": 2.73}}, {"type": "Feature", "geometry": {"type": "Point", "coordinates": [73.815001, 18.484208]}, "properties": {"depth": 2.73}}, {"type": "Feature", "geometry": {"type": "Point", "coordinates": [73.815106, 18.484241]}, "properties": {"depth": 2.73}}, {"type": "Feature", "geometry": {"type": "Point", "coordinates": [73.814871, 18.484317]}, "properties": {"depth": 4.61}}, {"type": "Feature", "geometry": {"type": "Point", "coordinates": [73.814967, 18.484338]}, "properties": {"depth": 4.61}}, {"type": "Feature", "geometry": {"type": "Point", "coordinates": [73.815063, 18.484367]}, "properties": {"depth": 4.61}}, {"type": "Feature", "geometry": {"type": "Point", "coordinates": [73.814827, 18.484494]}, "properties": {"depth": 4.62}}, {"type": "Feature", "geometry": {"type": "Point", "coordinates": [73.814936, 18.484538]}, "properties": {"depth": 4.61}}, {"type": "Feature", "geometry": {"type": "Point", "coordinates": [73.815336, 18.484642]}, "properties": {"depth": 5.86}}, {"type": "Feature", "geometry": {"type": "Point", "coordinates": [73.815035, 18.48503]}, "properties": {"depth": 6.37}}, {"type": "Feature", "geometry": {"type": "Point", "coordinates": [73.815494, 18.485213]}, "properties": {"depth": 5.07}}, {"type": "Feature", "geometry": {"type": "Point", "coordinates": [73.815124, 18.485391]}, "properties": {"depth": 3.79}}, {"type": "Feature", "geometry": {"type": "Point", "coordinates": [73.815314, 18.485464]}, "properties": {"depth": 0.01}}, {"type": "Feature", "geometry": {"type": "Point", "coordinates": [73.815819, 18.485762]}, "properties": {"depth": 2.53}}, {"type": "Feature", "geometry": {"type": "Point", "coordinates": [73.815522, 18.485509]}, "properties": {"depth": 4.14}}, {"type": "Feature", "geometry": {"type": "Point", "coordinates": [73.814856, 18.485567]}, "properties": {"depth": 2.47}}, {"type": "Feature", "geometry": {"type": "Point", "coordinates": [73.815511, 18.485624]}, "properties": {"depth": 4.14}}, {"type": "Feature", "geometry": {"type": "Point", "coordinates": [73.815009, 18.485637]}, "properties": {"depth": 0.64}}, {"type": "Feature", "geometry": {"type": "Point", "coordinates": [73.815098, 18.485689]}, "properties": {"depth": 0.64}}, {"type": "Feature", "geometry": {"type": "Point", "coordinates": [73.815204, 18.485735]}, "properties": {"depth": 2.76}}, {"type": "Feature", "geometry": {"type": "Point", "coordinates": [73.815277, 18.485766]}, "properties": {"depth": 2.76}}, {"type": "Feature", "geometry": {"type": "Point", "coordinates": [73.814889, 18.485791]}, "properties": {"depth": 2.49}}, {"type": "Feature", "geometry": {"type": "Point", "coordinates": [73.815383, 18.485813]}, "properties": {"depth": 2.76}}, {"type": "Feature", "geometry": {"type": "Point", "coordinates": [73.815005, 18.48585]}, "properties": {"depth": 2.49}}, {"type": "Feature", "geometry": {"type": "Point", "coordinates": [73.813777, 18.484773]}, "properties": {"depth": 4.58}}, {"type": "Feature", "geometry": {"type": "Point", "coordinates": [73.813456, 18.48478]}, "properties": {"depth": 3.69}}, {"type": "Feature", "geometry": {"type": "Point", "coordinates": [73.813096, 18.48478]}, "properties": {"depth": 1.59}}, {"type": "Feature", "geometry": {"type": "Point", "coordinates": [73.813228, 18.484813]}, "properties": {"depth": 3.69}}, {"type": "Feature", "geometry": {"type": "Point", "coordinates": [73.813535, 18.484822]}, "properties": {"depth": 3.5}}, {"type": "Feature", "geometry": {"type": "Point", "coordinates": [73.813292, 18.484833]}, "properties": {"depth": 3.69}}, {"type": "Feature", "geometry": {"type": "Point", "coordinates": [73.813651, 18.48484]}, "properties": {"depth": 3.5}}, {"type": "Feature", "geometry": {"type": "Point", "coordinates": [73.813357, 18.484843]}, "properties": {"depth": 3.69}}, {"type": "Feature", "geometry": {"type": "Point", "coordinates": [73.813433, 18.484872]}, "properties": {"depth": 2.96}}, {"type": "Feature", "geometry": {"type": "Point", "coordinates": [73.813759, 18.484879]}, "properties": {"depth": 4.07}}, {"type": "Feature", "geometry": {"type": "Point", "coordinates": [73.814664, 18.484762]}, "properties": {"depth": 6.36}}, {"type": "Feature", "geometry": {"type": "Point", "coordinates": [73.814554, 18.484783]}, "properties": {"depth": 6.46}}, {"type": "Feature", "geometry": {"type": "Point", "coordinates": [73.813931, 18.484793]}, "properties": {"depth": 4.58}}, {"type": "Feature", "geometry": {"type": "Point", "coordinates": [73.814633, 18.484845]}, "properties": {"depth": 6.36}}, {"type": "Feature", "geometry": {"type": "Point", "coordinates": [73.814169, 18.484881]}, "properties": {"depth": 5.55}}, {"type": "Feature", "geometry": {"type": "Point", "coordinates": [73.814234, 18.484894]}, "properties": {"depth": 5.55}}, {"type": "Feature", "geometry": {"type": "Point", "coordinates": [73.814293, 18.484915]}, "properties": {"depth": 5.55}}, {"type": "Feature", "geometry": {"type": "Point", "coordinates": [73.814363, 18.484938]}, "properties": {"depth": 7.5}}, {"type": "Feature", "geometry": {"type": "Point", "coordinates": [73.814067, 18.484968]}, "properties": {"depth": 5.55}}, {"type": "Feature", "geometry": {"type": "Point", "coordinates": [73.814141, 18.484991]}, "properties": {"depth": 5.55}}, {"type": "Feature", "geometry": {"type": "Point", "coordinates": [73.813046, 18.4849]}, "properties": {"depth": 2.15}}, {"type": "Feature", "geometry": {"type": "Point", "coordinates": [73.813585, 18.484924]}, "properties": {"depth": 3.47}}, {"type": "Feature", "geometry": {"type": "Point", "coordinates": [73.813149, 18.484937]}, "properties": {"depth": 2.15}}, {"type": "Feature", "geometry": {"type": "Point", "coordinates": [73.813664, 18.484953]}, "properties": {"depth": 3.47}}, {"type": "Feature", "geometry": {"type": "Point", "coordinates": [73.813733, 18.484972]}, "properties": {"depth": 3.47}}, {"type": "Feature", "geometry": {"type": "Point", "coordinates": [73.813263, 18.484971]}, "properties": {"depth": 2.96}}, {"type": "Feature", "geometry": {"type": "Point", "coordinates": [73.81384, 18.485]}, "properties": {"depth": 4.07}}, {"type": "Feature", "geometry": {"type": "Point", "coordinates": [73.813081, 18.485001]}, "properties": {"depth": 2.15}}, {"type": "Feature", "geometry": {"type": "Point", "coordinates": [73.813392, 18.485015]}, "properties": {"depth": 2.96}}, {"type": "Feature", "geometry": {"type": "Point", "coordinates": [73.813228, 18.485053]}, "properties": {"depth": 2.96}}, {"type": "Feature", "geometry": {"type": "Point", "coordinates": [73.812765, 18.484889]}, "properties": {"depth": 0.99}}, {"type": "Feature", "geometry": {"type": "Point", "coordinates": [73.812386, 18.484888]}, "properties": {"depth": 1.37}}, {"type": "Feature", "geometry": {"type": "Point", "coordinates": [73.812839, 18.484916]}, "properties": {"depth": 0.99}}, {"type": "Feature", "geometry": {"type": "Point", "coordinates": [73.812476, 18.484926]}, "properties": {"depth": 1.37}}, {"type": "Feature", "geometry": {"type": "Point", "coordinates": [73.81293, 18.484946]}, "properties": {"depth": 2.15}}, {"type": "Feature", "geometry": {"type": "Point", "coordinates": [73.812547, 18.484947]}, "properties": {"depth": 1.37}}, {"type": "Feature", "geometry": {"type": "Point", "coordinates": [73.812638, 18.484973]}, "properties": {"depth": 1.37}}, {"type": "Feature", "geometry": {"type": "Point", "coordinates": [73.812721, 18.485002]}, "properties": {"depth": 0.99}}, {"type": "Feature", "geometry": {"type": "Point", "coordinates": [73.812866, 18.48505]}, "properties": {"depth": 0.99}}, {"type": "Feature", "geometry": {"type": "Point", "coordinates": [73.813002, 18.4851]}, "properties": {"depth": 2.15}}, {"type": "Feature", "geometry": {"type": "Point", "coordinates": [73.813549, 18.485059]}, "properties": {"depth": 3.47}}, {"type": "Feature", "geometry": {"type": "Point", "coordinates": [73.813625, 18.485093]}, "properties": {"depth": 3.47}}, {"type": "Feature", "geometry": {"type": "Point", "coordinates": [73.813345, 18.485098]}, "properties": {"depth": 2.96}}, {"type": "Feature", "geometry": {"type": "Point", "coordinates": [73.813728, 18.48514]}, "properties": {"depth": 3.69}}, {"type": "Feature", "geometry": {"type": "Point", "coordinates": [73.813452, 18.485139]}, "properties": {"depth": 5.05}}, {"type": "Feature", "geometry": {"type": "Point", "coordinates": [73.813133, 18.485152]}, "properties": {"depth": 6.07}}, {"type": "Feature", "geometry": {"type": "Point", "coordinates": [73.813582, 18.485189]}, "properties": {"depth": 3.69}}, {"type": "Feature", "geometry": {"type": "Point", "coordinates": [73.81329, 18.485219]}, "properties": {"depth": 5.05}}, {"type": "Feature", "geometry": {"type": "Point", "coordinates": [73.813703, 18.485238]}, "properties": {"depth": 3.69}}, {"type": "Feature", "geometry": {"type": "Point", "coordinates": [73.813401, 18.485259]}, "properties": {"depth": 5.05}}, {"type": "Feature", "geometry": {"type": "Point", "coordinates": [73.814232, 18.485014]}, "properties": {"depth": 5.55}}, {"type": "Feature", "geometry": {"type": "Point", "coordinates": [73.813939, 18.485038]}, "properties": {"depth": 4.07}}, {"type": "Feature", "geometry": {"type": "Point", "coordinates": [73.814377, 18.485066]}, "properties": {"depth": 7.5}}, {"type": "Feature", "geometry": {"type": "Point", "coordinates": [73.814087, 18.48509]}, "properties": {"depth": 5.55}}, {"type": "Feature", "geometry": {"type": "Point", "coordinates": [73.81419, 18.485107]}, "properties": {"depth": 5.55}}, {"type": "Feature", "geometry": {"type": "Point", "coordinates": [73.814325, 18.485164]}, "properties": {"depth": 4.85}}, {"type": "Feature", "geometry": {"type": "Point", "coordinates": [73.813964, 18.485211]}, "properties": {"depth": 4.92}}, {"type": "Feature", "geometry": {"type": "Point", "coordinates": [73.814768, 18.485264]}, "properties": {"depth": 2.05}}, {"type": "Feature", "geometry": {"type": "Point", "coordinates": [73.814083, 18.485263]}, "properties": {"depth": 5.03}}, {"type": "Feature", "geometry": {"type": "Point", "coordinates": [73.81415, 18.48529]}, "properties": {"depth": 5.03}}, {"type": "Feature", "geometry": {"type": "Point", "coordinates": [73.8145, 18.485328]}, "properties": {"depth": 4.85}}, {"type": "Feature", "geometry": {"type": "Point", "coordinates": [73.814019, 18.485361]}, "properties": {"depth": 4.92}}, {"type": "Feature", "geometry": {"type": "Point", "coordinates": [73.814088, 18.485396]}, "properties": {"depth": 5.03}}, {"type": "Feature", "geometry": {"type": "Point", "coordinates": [73.81459, 18.485409]}, "properties": {"depth": 2.05}}, {"type": "Feature", "geometry": {"type": "Point", "coordinates": [73.81446, 18.485411]}, "properties": {"depth": 4.85}}, {"type": "Feature", "geometry": {"type": "Point", "coordinates": [73.81416, 18.485424]}, "properties": {"depth": 5.98}}, {"type": "Feature", "geometry": {"type": "Point", "coordinates": [73.81471, 18.48544]}, "properties": {"depth": 2.47}}, {"type": "Feature", "geometry": {"type": "Point", "coordinates": [73.814411, 18.485451]}, "properties": {"depth": 4.98}}, {"type": "Feature", "geometry": {"type": "Point", "coordinates": [73.81395, 18.485491]}, "properties": {"depth": 6.83}}, {"type": "Feature", "geometry": {"type": "Point", "coordinates": [73.814536, 18.485504]}, "properties": {"depth": 4.98}}, {"type": "Feature", "geometry": {"type": "Point", "coordinates": [73.813796, 18.485274]}, "properties": {"depth": 4.92}}, {"type": "Feature", "geometry": {"type": "Point", "coordinates": [73.813519, 18.48531]}, "properties": {"depth": 3.69}}, {"type": "Feature", "geometry": {"type": "Point", "coordinates": [73.813902, 18.485314]}, "properties": {"depth": 4.92}}, {"type": "Feature", "geometry": {"type": "Point", "coordinates": [73.813601, 18.485345]}, "properties": {"depth": 3.69}}, {"type": "Feature", "geometry": {"type": "Point", "coordinates": [73.813708, 18.485392]}, "properties": {"depth": 3.69}}, {"type": "Feature", "geometry": {"type": "Point", "coordinates": [73.81382, 18.485445]}, "properties": {"depth": 6.83}}, {"type": "Feature", "geometry": {"type": "Point", "coordinates": [73.813891, 18.485469]}, "properties": {"depth": 6.83}}, {"type": "Feature", "geometry": {"type": "Point", "coordinates": [73.813353, 18.485715]}, "properties": {"depth": 5.4}}, {"type": "Feature", "geometry": {"type": "Point", "coordinates": [73.813621, 18.485929]}, "properties": {"depth": 5.07}}, {"type": "Feature", "geometry": {"type": "Point", "coordinates": [73.813502, 18.485943]}, "properties": {"depth": 5.07}}, {"type": "Feature", "geometry": {"type": "Point", "coordinates": [73.81465, 18.485506]}, "properties": {"depth": 2.47}}, {"type": "Feature", "geometry": {"type": "Point", "coordinates": [73.814009, 18.485512]}, "properties": {"depth": 6.83}}, {"type": "Feature", "geometry": {"type": "Point", "coordinates": [73.814702, 18.485536]}, "properties": {"depth": 2.47}}, {"type": "Feature", "geometry": {"type": "Point", "coordinates": [73.814303, 18.485547]}, "properties": {"depth": 5.98}}, {"type": "Feature", "geometry": {"type": "Point", "coordinates": [73.814119, 18.485565]}, "properties": {"depth": 5.98}}, {"type": "Feature", "geometry": {"type": "Point", "coordinates": [73.814454, 18.485618]}, "properties": {"depth": 4.98}}, {"type": "Feature", "geometry": {"type": "Point", "coordinates": [73.814636, 18.485715]}, "properties": {"depth": 2.94}}, {"type": "Feature", "geometry": {"type": "Point", "coordinates": [73.814493, 18.485733]}, "properties": {"depth": 2.7}}, {"type": "Feature", "geometry": {"type": "Point", "coordinates": [73.814174, 18.48575]}, "properties": {"depth": 5.59}}, {"type": "Feature", "geometry": {"type": "Point", "coordinates": [73.814749, 18.485764]}, "properties": {"depth": 2.94}}, {"type": "Feature", "geometry": {"type": "Point", "coordinates": [73.81429, 18.48579]}, "properties": {"depth": 5.59}}, {"type": "Feature", "geometry": {"type": "Point", "coordinates": [73.814579, 18.485801]}, "properties": {"depth": 2.7}}, {"type": "Feature", "geometry": {"type": "Point", "coordinates": [73.814711, 18.485862]}, "properties": {"depth": 2.94}}, {"type": "Feature", "geometry": {"type": "Point", "coordinates": [73.814517, 18.485885]}, "properties": {"depth": 2.7}}, {"type": "Feature", "geometry": {"type": "Point", "coordinates": [73.814582, 18.485926]}, "properties": {"depth": 2.7}}, {"type": "Feature", "geometry": {"type": "Point", "coordinates": [73.814092, 18.485942]}, "properties": {"depth": 5.59}}, {"type": "Feature", "geometry": {"type": "Point", "coordinates": [73.814695, 18.485974]}, "properties": {"depth": 2.96}}, {"type": "Feature", "geometry": {"type": "Point", "coordinates": [73.814192, 18.485999]}, "properties": {"depth": 3.19}}, {"type": "Feature", "geometry": {"type": "Point", "coordinates": [73.814789, 18.48601]}, "properties": {"depth": 2.96}}, {"type": "Feature", "geometry": {"type": "Point", "coordinates": [73.814274, 18.486029]}, "properties": {"depth": 3.19}}, {"type": "Feature", "geometry": {"type": "Point", "coordinates": [73.824147, 18.484338]}, "properties": {"depth": 0.09}}, {"type": "Feature", "geometry": {"type": "Point", "coordinates": [73.823519, 18.484434]}, "properties": {"depth": 1.02}}, {"type": "Feature", "geometry": {"type": "Point", "coordinates": [73.823873, 18.484467]}, "properties": {"depth": 0.79}}, {"type": "Feature", "geometry": {"type": "Point", "coordinates": [73.823648, 18.484554]}, "properties": {"depth": 1.02}}, {"type": "Feature", "geometry": {"type": "Point", "coordinates": [73.82365, 18.484691]}, "properties": {"depth": 2.2}}, {"type": "Feature", "geometry": {"type": "Point", "coordinates": [73.823879, 18.484869]}, "properties": {"depth": 2.72}}, {"type": "Feature", "geometry": {"type": "Point", "coordinates": [73.823542, 18.484848]}, "properties": {"depth": 2.2}}, {"type": "Feature", "geometry": {"type": "Point", "coordinates": [73.824157, 18.484933]}, "properties": {"depth": 2.56}}, {"type": "Feature", "geometry": {"type": "Point", "coordinates": [73.823885, 18.48497]}, "properties": {"depth": 2.72}}, {"type": "Feature", "geometry": {"type": "Point", "coordinates": [73.823929, 18.485085]}, "properties": {"depth": 2.72}}, {"type": "Feature", "geometry": {"type": "Point", "coordinates": [73.823113, 18.485124]}, "properties": {"depth": 0.29}}, {"type": "Feature", "geometry": {"type": "Point", "coordinates": [73.823495, 18.485384]}, "properties": {"depth": 1.48}}, {"type": "Feature", "geometry": {"type": "Point", "coordinates": [73.814851, 18.485853]}, "properties": {"depth": 2.94}}, {"type": "Feature", "geometry": {"type": "Point", "coordinates": [73.814973, 18.485913]}, "properties": {"depth": 2.49}}, {"type": "Feature", "geometry": {"type": "Point", "coordinates": [73.814823, 18.485917]}, "properties": {"depth": 2.94}}, {"type": "Feature", "geometry": {"type": "Point", "coordinates": [73.815471, 18.485929]}, "properties": {"depth": 4.32}}, {"type": "Feature", "geometry": {"type": "Point", "coordinates": [73.814925, 18.485963]}, "properties": {"depth": 2.49}}, {"type": "Feature", "geometry": {"type": "Point", "coordinates": [73.815076, 18.485986]}, "properties": {"depth": 1.59}}, {"type": "Feature", "geometry": {"type": "Point", "coordinates": [73.815196, 18.486022]}, "properties": {"depth": 2.16}}, {"type": "Feature", "geometry": {"type": "Point", "coordinates": [73.815301, 18.486025]}, "properties": {"depth": 2.16}}, {"type": "Feature", "geometry": {"type": "Point", "coordinates": [73.814892, 18.486061]}, "properties": {"depth": 1.59}}, {"type": "Feature", "geometry": {"type": "Point", "coordinates": [73.815417, 18.486078]}, "properties": {"depth": 2.16}}, {"type": "Feature", "geometry": {"type": "Point", "coordinates": [73.815002, 18.48613]}, "properties": {"depth": 1.59}}, {"type": "Feature", "geometry": {"type": "Point", "coordinates": [73.815164, 18.486187]}, "properties": {"depth": 2.16}}, {"type": "Feature", "geometry": {"type": "Point", "coordinates": [73.81488, 18.486249]}, "properties": {"depth": 1.59}}, {"type": "Feature", "geometry": {"type": "Point", "coordinates": [73.815333, 18.486265]}, "properties": {"depth": 2.45}}, {"type": "Feature", "geometry": {"type": "Point", "coordinates": [73.814998, 18.486319]}, "properties": {"depth": 1.31}}, {"type": "Feature", "geometry": {"type": "Point", "coordinates": [73.815107, 18.48636]}, "properties": {"depth": 1.31}}, {"type": "Feature", "geometry": {"type": "Point", "coordinates": [73.815466, 18.486368]}, "properties": {"depth": 2.64}}, {"type": "Feature", "geometry": {"type": "Point", "coordinates": [73.815193, 18.486397]}, "properties": {"depth": 2.45}}, {"type": "Feature", "geometry": {"type": "Point", "coordinates": [73.815272, 18.486429]}, "properties": {"depth": 2.45}}, {"type": "Feature", "geometry": {"type": "Point", "coordinates": [73.814988, 18.486465]}, "properties": {"depth": 1.31}}, {"type": "Feature", "geometry": {"type": "Point", "coordinates": [73.815922, 18.487165]}, "properties": {"depth": 3.42}}, {"type": "Feature", "geometry": {"type": "Point", "coordinates": [73.815124, 18.486485]}, "properties": {"depth": 1.31}}, {"type": "Feature", "geometry": {"type": "Point", "coordinates": [73.815099, 18.486538]}, "properties": {"depth": 2.63}}, {"type": "Feature", "geometry": {"type": "Point", "coordinates": [73.814926, 18.486704]}, "properties": {"depth": 2.63}}, {"type": "Feature", "geometry": {"type": "Point", "coordinates": [73.815279, 18.487332]}, "properties": {"depth": 1.41}}, {"type": "Feature", "geometry": {"type": "Point", "coordinates": [73.815577, 18.487369]}, "properties": {"depth": 0.99}}, {"type": "Feature", "geometry": {"type": "Point", "coordinates": [73.82445, 18.484009]}, "properties": {"depth": 4.63}}, {"type": "Feature", "geometry": {"type": "Point", "coordinates": [73.825651, 18.483627]}, "properties": {"depth": 2.81}}, {"type": "Feature", "geometry": {"type": "Point", "coordinates": [73.826236, 18.483924]}, "properties": {"depth": 1.32}}, {"type": "Feature", "geometry": {"type": "Point", "coordinates": [73.826239, 18.48715]}, "properties": {"depth": 2.6}}, {"type": "Feature", "geometry": {"type": "Point", "coordinates": [73.826107, 18.487227]}, "properties": {"depth": 2.6}}, {"type": "Feature", "geometry": {"type": "Point", "coordinates": [73.824523, 18.484334]}, "properties": {"depth": 2.37}}, {"type": "Feature", "geometry": {"type": "Point", "coordinates": [73.825235, 18.485826]}, "properties": {"depth": 3.43}}, {"type": "Feature", "geometry": {"type": "Point", "coordinates": [73.824584, 18.486481]}, "properties": {"depth": 0.52}}, {"type": "Feature", "geometry": {"type": "Point", "coordinates": [73.812928, 18.484145]}, "properties": {"depth": 0.08}}, {"type": "Feature", "geometry": {"type": "Point", "coordinates": [73.81216, 18.48419]}, "properties": {"depth": 0.72}}, {"type": "Feature", "geometry": {"type": "Point", "coordinates": [73.812958, 18.484244]}, "properties": {"depth": 0.08}}, {"type": "Feature", "geometry": {"type": "Point", "coordinates": [73.812334, 18.484246]}, "properties": {"depth": 0.72}}, {"type": "Feature", "geometry": {"type": "Point", "coordinates": [73.814051, 18.484147]}, "properties": {"depth": 2.64}}, {"type": "Feature", "geometry": {"type": "Point", "coordinates": [73.814119, 18.484152]}, "properties": {"depth": 2.64}}, {"type": "Feature", "geometry": {"type": "Point", "coordinates": [73.814798, 18.484166]}, "properties": {"depth": 2.61}}, {"type": "Feature", "geometry": {"type": "Point", "coordinates": [73.814267, 18.484172]}, "properties": {"depth": 2.64}}, {"type": "Feature", "geometry": {"type": "Point", "coordinates": [73.814649, 18.484256]}, "properties": {"depth": 2.61}}, {"type": "Feature", "geometry": {"type": "Point", "coordinates": [73.814767, 18.484288]}, "properties": {"depth": 2.61}}, {"type": "Feature", "geometry": {"type": "Point", "coordinates": [73.814006, 18.484318]}, "properties": {"depth": 4.23}}, {"type": "Feature", "geometry": {"type": "Point", "coordinates": [73.813935, 18.484326]}, "properties": {"depth": 4.23}}, {"type": "Feature", "geometry": {"type": "Point", "coordinates": [73.814139, 18.484353]}, "properties": {"depth": 3.72}}, {"type": "Feature", "geometry": {"type": "Point", "coordinates": [73.814279, 18.484371]}, "properties": {"depth": 3.72}}, {"type": "Feature", "geometry": {"type": "Point", "coordinates": [73.81316, 18.484178]}, "properties": {"depth": 0.08}}, {"type": "Feature", "geometry": {"type": "Point", "coordinates": [73.813241, 18.484201]}, "properties": {"depth": 1.09}}, {"type": "Feature", "geometry": {"type": "Point", "coordinates": [73.813494, 18.484239]}, "properties": {"depth": 1.22}}, {"type": "Feature", "geometry": {"type": "Point", "coordinates": [73.81364, 18.484262]}, "properties": {"depth": 1.22}}, {"type": "Feature", "geometry": {"type": "Point", "coordinates": [73.813054, 18.484262]}, "properties": {"depth": 0.08}}, {"type": "Feature", "geometry": {"type": "Point", "coordinates": [73.813737, 18.484279]}, "properties": {"depth": 1.22}}, {"type": "Feature", "geometry": {"type": "Point", "coordinates": [73.813812, 18.484294]}, "properties": {"depth": 2.52}}, {"type": "Feature", "geometry": {"type": "Point", "coordinates": [73.813378, 18.484329]}, "properties": {"depth": 2.76}}, {"type": "Feature", "geometry": {"type": "Point", "coordinates": [73.813486, 18.484353]}, "properties": {"depth": 3.08}}, {"type": "Feature", "geometry": {"type": "Point", "coordinates": [73.813596, 18.484381]}, "properties": {"depth": 3.08}}, {"type": "Feature", "geometry": {"type": "Point", "coordinates": [73.81243, 18.484307]}, "properties": {"depth": 2.12}}, {"type": "Feature", "geometry": {"type": "Point", "coordinates": [73.812193, 18.48433]}, "properties": {"depth": 1.69}}, {"type": "Feature", "geometry": {"type": "Point", "coordinates": [73.812676, 18.484335]}, "properties": {"depth": 0.55}}, {"type": "Feature", "geometry": {"type": "Point", "coordinates": [73.812353, 18.484367]}, "properties": {"depth": 1.69}}, {"type": "Feature", "geometry": {"type": "Point", "coordinates": [73.812827, 18.484374]}, "properties": {"depth": 0.55}}, {"type": "Feature", "geometry": {"type": "Point", "coordinates": [73.812978, 18.484379]}, "properties": {"depth": 2.68}}, {"type": "Feature", "geometry": {"type": "Point", "coordinates": [73.812482, 18.484408]}, "properties": {"depth": 2.12}}, {"type": "Feature", "geometry": {"type": "Point", "coordinates": [73.812564, 18.484427]}, "properties": {"depth": 2.12}}, {"type": "Feature", "geometry": {"type": "Point", "coordinates": [73.812654, 18.484454]}, "properties": {"depth": 0.55}}, {"type": "Feature", "geometry": {"type": "Point", "coordinates": [73.812743, 18.484477]}, "properties": {"depth": 0.55}}, {"type": "Feature", "geometry": {"type": "Point", "coordinates": [73.814392, 18.484392]}, "properties": {"depth": 4.02}}, {"type": "Feature", "geometry": {"type": "Point", "coordinates": [73.814508, 18.484425]}, "properties": {"depth": 4.02}}, {"type": "Feature", "geometry": {"type": "Point", "coordinates": [73.814589, 18.484438]}, "properties": {"depth": 4.62}}, {"type": "Feature", "geometry": {"type": "Point", "coordinates": [73.814667, 18.484455]}, "properties": {"depth": 4.62}}, {"type": "Feature", "geometry": {"type": "Point", "coordinates": [73.81396, 18.484453]}, "properties": {"depth": 4.23}}, {"type": "Feature", "geometry": {"type": "Point", "coordinates": [73.814038, 18.484465]}, "properties": {"depth": 3.72}}, {"type": "Feature", "geometry": {"type": "Point", "coordinates": [73.814745, 18.484481]}, "properties": {"depth": 4.62}}, {"type": "Feature", "geometry": {"type": "Point", "coordinates": [73.814105, 18.484485]}, "properties": {"depth": 3.72}}, {"type": "Feature", "geometry": {"type": "Point", "coordinates": [73.814184, 18.484497]}, "properties": {"depth": 3.72}}, {"type": "Feature", "geometry": {"type": "Point", "coordinates": [73.814282, 18.484508]}, "properties": {"depth": 3.72}}, {"type": "Feature", "geometry": {"type": "Point", "coordinates": [73.813719, 18.484396]}, "properties": {"depth": 3.08}}, {"type": "Feature", "geometry": {"type": "Point", "coordinates": [73.81309, 18.48441]}, "properties": {"depth": 2.68}}, {"type": "Feature", "geometry": {"type": "Point", "coordinates": [73.813799, 18.484419]}, "properties": {"depth": 4.23}}, {"type": "Feature", "geometry": {"type": "Point", "coordinates": [73.813869, 18.484432]}, "properties": {"depth": 4.23}}, {"type": "Feature", "geometry": {"type": "Point", "coordinates": [73.81323, 18.48444]}, "properties": {"depth": 2.76}}, {"type": "Feature", "geometry": {"type": "Point", "coordinates": [73.813341, 18.484464]}, "properties": {"depth": 2.76}}, {"type": "Feature", "geometry": {"type": "Point", "coordinates": [73.813409, 18.484487]}, "properties": {"depth": 2.76}}, {"type": "Feature", "geometry": {"type": "Point", "coordinates": [73.813498, 18.484514]}, "properties": {"depth": 3.08}}, {"type": "Feature", "geometry": {"type": "Point", "coordinates": [73.813602, 18.484539]}, "properties": {"depth": 3.08}}, {"type": "Feature", "geometry": {"type": "Point", "coordinates": [73.813061, 18.48457]}, "properties": {"depth": 2.68}}, {"type": "Feature", "geometry": {"type": "Point", "coordinates": [73.812829, 18.484499]}, "properties": {"depth": 0.55}}, {"type": "Feature", "geometry": {"type": "Point", "coordinates": [73.812548, 18.484523]}, "properties": {"depth": 2.12}}, {"type": "Feature", "geometry": {"type": "Point", "coordinates": [73.812965, 18.484538]}, "properties": {"depth": 2.68}}, {"type": "Feature", "geometry": {"type": "Point", "coordinates": [73.812297, 18.484535]}, "properties": {"depth": 1.69}}, {"type": "Feature", "geometry": {"type": "Point", "coordinates": [73.812685, 18.484563]}, "properties": {"depth": 0.55}}, {"type": "Feature", "geometry": {"type": "Point", "coordinates": [73.812398, 18.484562]}, "properties": {"depth": 2.12}}, {"type": "Feature", "geometry": {"type": "Point", "coordinates": [73.812791, 18.484599]}, "properties": {"depth": 1.37}}, {"type": "Feature", "geometry": {"type": "Point", "coordinates": [73.812519, 18.484607]}, "properties": {"depth": 2.84}}, {"type": "Feature", "geometry": {"type": "Point", "coordinates": [73.812877, 18.484627]}, "properties": {"depth": 1.37}}, {"type": "Feature", "geometry": {"type": "Point", "coordinates": [73.812985, 18.484646]}, "properties": {"depth": 1.59}}, {"type": "Feature", "geometry": {"type": "Point", "coordinates": [73.813726, 18.484575]}, "properties": {"depth": 3.08}}, {"type": "Feature", "geometry": {"type": "Point", "coordinates": [73.813784, 18.484578]}, "properties": {"depth": 4.23}}, {"type": "Feature", "geometry": {"type": "Point", "coordinates": [73.813849, 18.484594]}, "properties": {"depth": 4.58}}, {"type": "Feature", "geometry": {"type": "Point", "coordinates": [73.813142, 18.484591]}, "properties": {"depth": 1.59}}, {"type": "Feature", "geometry": {"type": "Point", "coordinates": [73.81325, 18.484623]}, "properties": {"depth": 3.69}}, {"type": "Feature", "geometry": {"type": "Point", "coordinates": [73.813375, 18.484647]}, "properties": {"depth": 3.69}}, {"type": "Feature", "geometry": {"type": "Point", "coordinates": [73.81308, 18.484674]}, "properties": {"depth": 1.59}}, {"type": "Feature", "geometry": {"type": "Point", "coordinates": [73.813505, 18.484687]}, "properties": {"depth": 3.5}}, {"type": "Feature", "geometry": {"type": "Point", "coordinates": [73.813169, 18.484703]}, "properties": {"depth": 1.59}}, {"type": "Feature", "geometry": {"type": "Point", "coordinates": [73.813709, 18.484752]}, "properties": {"depth": 3.5}}, {"type": "Feature", "geometry": {"type": "Point", "coordinates": [73.814385, 18.484543]}, "properties": {"depth": 4.02}}, {"type": "Feature", "geometry": {"type": "Point", "coordinates": [73.814501, 18.484571]}, "properties": {"depth": 4.02}}, {"type": "Feature", "geometry": {"type": "Point", "coordinates": [73.814618, 18.484598]}, "properties": {"depth": 6.36}}, {"type": "Feature", "geometry": {"type": "Point", "coordinates": [73.813933, 18.484617]}, "properties": {"depth": 4.58}}, {"type": "Feature", "geometry": {"type": "Point", "coordinates": [73.814746, 18.484629]}, "properties": {"depth": 6.36}}, {"type": "Feature", "geometry": {"type": "Point", "coordinates": [73.814057, 18.484646]}, "properties": {"depth": 4.67}}, {"type": "Feature", "geometry": {"type": "Point", "coordinates": [73.814123, 18.484663]}, "properties": {"depth": 4.67}}, {"type": "Feature", "geometry": {"type": "Point", "coordinates": [73.814208, 18.48469]}, "properties": {"depth": 4.67}}, {"type": "Feature", "geometry": {"type": "Point", "coordinates": [73.814299, 18.484711]}, "properties": {"depth": 4.67}}, {"type": "Feature", "geometry": {"type": "Point", "coordinates": [73.814409, 18.484751]}, "properties": {"depth": 6.46}}, {"type": "Feature", "geometry": {"type": "Point", "coordinates": [73.812697, 18.484655]}, "properties": {"depth": 1.37}}, {"type": "Feature", "geometry": {"type": "Point", "coordinates": [73.812357, 18.484668]}, "properties": {"depth": 4.07}}, {"type": "Feature", "geometry": {"type": "Point", "coordinates": [73.812845, 18.484705]}, "properties": {"depth": 1.37}}, {"type": "Feature", "geometry": {"type": "Point", "coordinates": [73.81252, 18.484717]}, "properties": {"depth": 2.84}}, {"type": "Feature", "geometry": {"type": "Point", "coordinates": [73.812969, 18.484745]}, "properties": {"depth": 1.59}}, {"type": "Feature", "geometry": {"type": "Point", "coordinates": [73.812418, 18.484781]}, "properties": {"depth": 2.84}}, {"type": "Feature", "geometry": {"type": "Point", "coordinates": [73.812517, 18.484802]}, "properties": {"depth": 2.84}}, {"type": "Feature", "geometry": {"type": "Point", "coordinates": [73.812591, 18.484829]}, "properties": {"depth": 2.84}}, {"type": "Feature", "geometry": {"type": "Point", "coordinates": [73.812902, 18.484854]}, "properties": {"depth": 1.37}}, {"type": "Feature", "geometry": {"type": "Point", "coordinates": [73.812676, 18.484859]}, "properties": {"depth": 1.37}}, {"type": "Feature", "geometry": {"type": "Point", "coordinates": [73.810962, 18.483301]}, "properties": {"depth": 0.56}}, {"type": "Feature", "geometry": {"type": "Point", "coordinates": [73.811358, 18.483352]}, "properties": {"depth": 4.9}}, {"type": "Feature", "geometry": {"type": "Point", "coordinates": [73.811534, 18.483365]}, "properties": {"depth": 4.07}}, {"type": "Feature", "geometry": {"type": "Point", "coordinates": [73.811709, 18.48337]}, "properties": {"depth": 4.07}}, {"type": "Feature", "geometry": {"type": "Point", "coordinates": [73.811414, 18.483373]}, "properties": {"depth": 4.9}}, {"type": "Feature", "geometry": {"type": "Point", "coordinates": [73.810827, 18.483381]}, "properties": {"depth": 0.56}}, {"type": "Feature", "geometry": {"type": "Point", "coordinates": [73.811019, 18.483421]}, "properties": {"depth": 3.95}}, {"type": "Feature", "geometry": {"type": "Point", "coordinates": [73.810916, 18.483462]}, "properties": {"depth": 0.56}}, {"type": "Feature", "geometry": {"type": "Point", "coordinates": [73.8115, 18.483539]}, "properties": {"depth": 1.9}}, {"type": "Feature", "geometry": {"type": "Point", "coordinates": [73.811305, 18.483579]}, "properties": {"depth": 1.9}}, {"type": "Feature", "geometry": {"type": "Point", "coordinates": [73.809594, 18.483973]}, "properties": {"depth": 0.28}}, {"type": "Feature", "geometry": {"type": "Point", "coordinates": [73.810225, 18.483626]}, "properties": {"depth": 3.02}}, {"type": "Feature", "geometry": {"type": "Point", "coordinates": [73.811378, 18.486103]}, "properties": {"depth": 5.23}}, {"type": "Feature", "geometry": {"type": "Point", "coordinates": [73.813722, 18.485975]}, "properties": {"depth": 5.36}}, {"type": "Feature", "geometry": {"type": "Point", "coordinates": [73.813286, 18.485981]}, "properties": {"depth": 4.01}}, {"type": "Feature", "geometry": {"type": "Point", "coordinates": [73.813401, 18.486014]}, "properties": {"depth": 4.01}}, {"type": "Feature", "geometry": {"type": "Point", "coordinates": [73.813624, 18.486036]}, "properties": {"depth": 5.36}}, {"type": "Feature", "geometry": {"type": "Point", "coordinates": [73.813043, 18.486036]}, "properties": {"depth": 1.26}}, {"type": "Feature", "geometry": {"type": "Point", "coordinates": [73.813172, 18.486066]}, "properties": {"depth": 1.26}}, {"type": "Feature", "geometry": {"type": "Point", "coordinates": [73.813299, 18.486092]}, "properties": {"depth": 4.01}}, {"type": "Feature", "geometry": {"type": "Point", "coordinates": [73.813494, 18.486189]}, "properties": {"depth": 5.36}}, {"type": "Feature", "geometry": {"type": "Point", "coordinates": [73.813308, 18.486218]}, "properties": {"depth": 4.01}}, {"type": "Feature", "geometry": {"type": "Point", "coordinates": [73.813815, 18.486257]}, "properties": {"depth": 4.97}}, {"type": "Feature", "geometry": {"type": "Point", "coordinates": [73.814379, 18.48607]}, "properties": {"depth": 1.12}}, {"type": "Feature", "geometry": {"type": "Point", "coordinates": [73.814497, 18.486111]}, "properties": {"depth": 1.12}}, {"type": "Feature", "geometry": {"type": "Point", "coordinates": [73.814037, 18.486126]}, "properties": {"depth": 3.19}}, {"type": "Feature", "geometry": {"type": "Point", "coordinates": [73.814227, 18.486136]}, "properties": {"depth": 3.19}}, {"type": "Feature", "geometry": {"type": "Point", "coordinates": [73.814639, 18.486177]}, "properties": {"depth": 2.96}}, {"type": "Feature", "geometry": {"type": "Point", "coordinates": [73.814779, 18.486213]}, "properties": {"depth": 2.96}}, {"type": "Feature", "geometry": {"type": "Point", "coordinates": [73.814179, 18.486215]}, "properties": {"depth": 3.19}}, {"type": "Feature", "geometry": {"type": "Point", "coordinates": [73.814298, 18.486231]}, "properties": {"depth": 3.19}}, {"type": "Feature", "geometry": {"type": "Point", "coordinates": [73.814484, 18.486247]}, "properties": {"depth": 1.12}}, {"type": "Feature", "geometry": {"type": "Point", "coordinates": [73.813951, 18.486298]}, "properties": {"depth": 4.97}}, {"type": "Feature", "geometry": {"type": "Point", "coordinates": [73.814414, 18.486319]}, "properties": {"depth": 3.23}}, {"type": "Feature", "geometry": {"type": "Point", "coordinates": [73.814589, 18.48634]}, "properties": {"depth": 3.28}}, {"type": "Feature", "geometry": {"type": "Point", "coordinates": [73.814041, 18.486367]}, "properties": {"depth": 3.6}}, {"type": "Feature", "geometry": {"type": "Point", "coordinates": [73.814155, 18.486416]}, "properties": {"depth": 3.6}}, {"type": "Feature", "geometry": {"type": "Point", "coordinates": [73.814345, 18.486474]}, "properties": {"depth": 3.23}}, {"type": "Feature", "geometry": {"type": "Point", "coordinates": [73.813995, 18.486507]}, "properties": {"depth": 4.97}}, {"type": "Feature", "geometry": {"type": "Point", "coordinates": [73.814463, 18.486559]}, "properties": {"depth": 0.79}}, {"type": "Feature", "geometry": {"type": "Point", "coordinates": [73.814081, 18.486563]}, "properties": {"depth": 2.27}}, {"type": "Feature", "geometry": {"type": "Point", "coordinates": [73.814634, 18.486592]}, "properties": {"depth": 1.91}}, {"type": "Feature", "geometry": {"type": "Point", "coordinates": [73.814185, 18.486606]}, "properties": {"depth": 2.27}}, {"type": "Feature", "geometry": {"type": "Point", "coordinates": [73.813628, 18.486289]}, "properties": {"depth": 4.15}}, {"type": "Feature", "geometry": {"type": "Point", "coordinates": [73.813416, 18.48633]}, "properties": {"depth": 3.93}}, {"type": "Feature", "geometry": {"type": "Point", "coordinates": [73.813593, 18.486381]}, "properties": {"depth": 4.15}}, {"type": "Feature", "geometry": {"type": "Point", "coordinates": [73.813708, 18.486441]}, "properties": {"depth": 4.15}}, {"type": "Feature", "geometry": {"type": "Point", "coordinates": [73.813445, 18.486452]}, "properties": {"depth": 3.93}}, {"type": "Feature", "geometry": {"type": "Point", "coordinates": [73.813629, 18.486509]}, "properties": {"depth": 4.15}}, {"type": "Feature", "geometry": {"type": "Point", "coordinates": [73.813293, 18.486554]}, "properties": {"depth": 2.0}}, {"type": "Feature", "geometry": {"type": "Point", "coordinates": [73.813463, 18.486632]}, "properties": {"depth": 2.0}}, {"type": "Feature", "geometry": {"type": "Point", "coordinates": [73.813886, 18.486665]}, "properties": {"depth": 2.55}}, {"type": "Feature", "geometry": {"type": "Point", "coordinates": [73.814764, 18.486638]}, "properties": {"depth": 1.91}}, {"type": "Feature", "geometry": {"type": "Point", "coordinates": [73.814284, 18.486639]}, "properties": {"depth": 2.27}}, {"type": "Feature", "geometry": {"type": "Point", "coordinates": [73.814054, 18.486652]}, "properties": {"depth": 2.27}}, {"type": "Feature", "geometry": {"type": "Point", "coordinates": [73.814432, 18.486695]}, "properties": {"depth": 0.79}}, {"type": "Feature", "geometry": {"type": "Point", "coordinates": [73.814677, 18.486706]}, "properties": {"depth": 1.91}}, {"type": "Feature", "geometry": {"type": "Point", "coordinates": [73.814213, 18.486735]}, "properties": {"depth": 2.27}}, {"type": "Feature", "geometry": {"type": "Point", "coordinates": [73.81457, 18.486771]}, "properties": {"depth": 0.79}}, {"type": "Feature", "geometry": {"type": "Point", "coordinates": [73.814143, 18.486856]}, "properties": {"depth": 1.51}}, {"type": "Feature", "geometry": {"type": "Point", "coordinates": [73.814291, 18.486871]}, "properties": {"depth": 1.51}}, {"type": "Feature", "geometry": {"type": "Point", "coordinates": [73.812934, 18.485428]}, "properties": {"depth": 0.85}}, {"type": "Feature", "geometry": {"type": "Point", "coordinates": [73.812614, 18.485573]}, "properties": {"depth": 1.88}}, {"type": "Feature", "geometry": {"type": "Point", "coordinates": [73.81295, 18.485728]}, "properties": {"depth": 2.46}}, {"type": "Feature", "geometry": {"type": "Point", "coordinates": [73.812179, 18.485891]}, "properties": {"depth": 1.77}}, {"type": "Feature", "geometry": {"type": "Point", "coordinates": [73.812815, 18.48633]}, "properties": {"depth": 1.57}}, {"type": "Feature", "geometry": {"type": "Point", "coordinates": [73.812841, 18.486906]}, "properties": {"depth": 0.93}}, {"type": "Feature", "geometry": {"type": "Point", "coordinates": [73.812769, 18.488028]}, "properties": {"depth": 3.36}}, {"type": "Feature", "geometry": {"type": "Point", "coordinates": [73.813678, 18.486675]}, "properties": {"depth": 2.36}}, {"type": "Feature", "geometry": {"type": "Point", "coordinates": [73.813535, 18.486736]}, "properties": {"depth": 2.36}}, {"type": "Feature", "geometry": {"type": "Point", "coordinates": [73.813791, 18.486787]}, "properties": {"depth": 2.55}}, {"type": "Feature", "geometry": {"type": "Point", "coordinates": [73.81391, 18.486838]}, "properties": {"depth": 3.68}}, {"type": "Feature", "geometry": {"type": "Point", "coordinates": [73.813435, 18.48687]}, "properties": {"depth": 4.22}}, {"type": "Feature", "geometry": {"type": "Point", "coordinates": [73.813192, 18.486888]}, "properties": {"depth": 0.96}}, {"type": "Feature", "geometry": {"type": "Point", "coordinates": [73.813285, 18.48703]}, "properties": {"depth": 4.22}}, {"type": "Feature", "geometry": {"type": "Point", "coordinates": [73.813651, 18.487045]}, "properties": {"depth": 5.18}}, {"type": "Feature", "geometry": {"type": "Point", "coordinates": [73.81351, 18.487063]}, "properties": {"depth": 5.18}}, {"type": "Feature", "geometry": {"type": "Point", "coordinates": [73.813827, 18.487082]}, "properties": {"depth": 3.68}}, {"type": "Feature", "geometry": {"type": "Point", "coordinates": [73.814103, 18.486938]}, "properties": {"depth": 1.51}}, {"type": "Feature", "geometry": {"type": "Point", "coordinates": [73.814252, 18.486942]}, "properties": {"depth": 1.51}}, {"type": "Feature", "geometry": {"type": "Point", "coordinates": [73.814037, 18.487021]}, "properties": {"depth": 1.51}}, {"type": "Feature", "geometry": {"type": "Point", "coordinates": [73.8142, 18.487025]}, "properties": {"depth": 1.51}}, {"type": "Feature", "geometry": {"type": "Point", "coordinates": [73.814009, 18.487093]}, "properties": {"depth": 0.92}}, {"type": "Feature", "geometry": {"type": "Point", "coordinates": [73.81398, 18.487165]}, "properties": {"depth": 0.92}}, {"type": "Feature", "geometry": {"type": "Point", "coordinates": [73.813917, 18.487261]}, "properties": {"depth": 0.92}}, {"type": "Feature", "geometry": {"type": "Point", "coordinates": [73.813457, 18.487176]}, "properties": {"depth": 2.31}}, {"type": "Feature", "geometry": {"type": "Point", "coordinates": [73.813615, 18.48719]}, "properties": {"depth": 2.02}}, {"type": "Feature", "geometry": {"type": "Point", "coordinates": [73.813747, 18.487199]}, "properties": {"depth": 2.02}}, {"type": "Feature", "geometry": {"type": "Point", "coordinates": [73.81373, 18.48727]}, "properties": {"depth": 2.02}}, {"type": "Feature", "geometry": {"type": "Point", "coordinates": [73.813871, 18.487358]}, "properties": {"depth": 0.92}}, {"type": "Feature", "geometry": {"type": "Point", "coordinates": [73.813539, 18.487553]}, "properties": {"depth": 3.9}}, {"type": "Feature", "geometry": {"type": "Point", "coordinates": [73.813788, 18.487864]}, "properties": {"depth": 8.58}}, {"type": "Feature", "geometry": {"type": "Point", "coordinates": [73.81388, 18.488046]}, "properties": {"depth": 3.88}}, {"type": "Feature", "geometry": {"type": "Point", "coordinates": [73.813347, 18.488406]}, "properties": {"depth": 0.05}}, {"type": "Feature", "geometry": {"type": "Point", "coordinates": [73.813227, 18.488464]}, "properties": {"depth": 0.05}}, {"type": "Feature", "geometry": {"type": "Point", "coordinates": [73.81399, 18.48742]}, "properties": {"depth": 4.15}}, {"type": "Feature", "geometry": {"type": "Point", "coordinates": [73.834798, 18.490896]}, "properties": {"depth": 6.81}}, {"type": "Feature", "geometry": {"type": "Point", "coordinates": [73.834258, 18.491023]}, "properties": {"depth": 6.84}}, {"type": "Feature", "geometry": {"type": "Point", "coordinates": [73.834968, 18.491168]}, "properties": {"depth": 6.06}}, {"type": "Feature", "geometry": {"type": "Point", "coordinates": [73.834103, 18.491165]}, "properties": {"depth": 6.84}}, {"type": "Feature", "geometry": {"type": "Point", "coordinates": [73.83523, 18.491461]}, "properties": {"depth": 5.08}}, {"type": "Feature", "geometry": {"type": "Point", "coordinates": [73.835079, 18.491688]}, "properties": {"depth": 3.36}}, {"type": "Feature", "geometry": {"type": "Point", "coordinates": [73.834789, 18.492106]}, "properties": {"depth": 4.98}}, {"type": "Feature", "geometry": {"type": "Point", "coordinates": [73.829636, 18.492491]}, "properties": {"depth": 0.34}}, {"type": "Feature", "geometry": {"type": "Point", "coordinates": [73.829794, 18.493357]}, "properties": {"depth": 1.9}}, {"type": "Feature", "geometry": {"type": "Point", "coordinates": [73.835516, 18.491801]}, "properties": {"depth": 8.42}}, {"type": "Feature", "geometry": {"type": "Point", "coordinates": [73.83403, 18.49242]}, "properties": {"depth": 9.04}}, {"type": "Feature", "geometry": {"type": "Point", "coordinates": [73.834259, 18.492629]}, "properties": {"depth": 9.04}}, {"type": "Feature", "geometry": {"type": "Point", "coordinates": [73.834453, 18.492764]}, "properties": {"depth": 11.46}}, {"type": "Feature", "geometry": {"type": "Point", "coordinates": [73.834495, 18.493154]}, "properties": {"depth": 9.4}}, {"type": "Feature", "geometry": {"type": "Point", "coordinates": [73.834798, 18.493367]}, "properties": {"depth": 1.82}}, {"type": "Feature", "geometry": {"type": "Point", "coordinates": [73.834381, 18.493724]}, "properties": {"depth": 2.84}}, {"type": "Feature", "geometry": {"type": "Point", "coordinates": [73.834869, 18.493734]}, "properties": {"depth": 11.57}}, {"type": "Feature", "geometry": {"type": "Point", "coordinates": [73.834703, 18.494]}, "properties": {"depth": 5.97}}, {"type": "Feature", "geometry": {"type": "Point", "coordinates": [73.836995, 18.492148]}, "properties": {"depth": 5.81}}, {"type": "Feature", "geometry": {"type": "Point", "coordinates": [73.836143, 18.492402]}, "properties": {"depth": 5.62}}, {"type": "Feature", "geometry": {"type": "Point", "coordinates": [73.836871, 18.493663]}, "properties": {"depth": 3.37}}, {"type": "Feature", "geometry": {"type": "Point", "coordinates": [73.837176, 18.493677]}, "properties": {"depth": 1.44}}, {"type": "Feature", "geometry": {"type": "Point", "coordinates": [73.835574, 18.493921]}, "properties": {"depth": 7.3}}, {"type": "Feature", "geometry": {"type": "Point", "coordinates": [73.835402, 18.494065]}, "properties": {"depth": 4.84}}, {"type": "Feature", "geometry": {"type": "Point", "coordinates": [73.835782, 18.494431]}, "properties": {"depth": 3.96}}, {"type": "Feature", "geometry": {"type": "Point", "coordinates": [73.833805, 18.49403]}, "properties": {"depth": 3.83}}, {"type": "Feature", "geometry": {"type": "Point", "coordinates": [73.834036, 18.49421]}, "properties": {"depth": 7.17}}, {"type": "Feature", "geometry": {"type": "Point", "coordinates": [73.835253, 18.494223]}, "properties": {"depth": 4.84}}, {"type": "Feature", "geometry": {"type": "Point", "coordinates": [73.834292, 18.49438]}, "properties": {"depth": 3.42}}, {"type": "Feature", "geometry": {"type": "Point", "coordinates": [73.835059, 18.494413]}, "properties": {"depth": 4.37}}, {"type": "Feature", "geometry": {"type": "Point", "coordinates": [73.836037, 18.494554]}, "properties": {"depth": 7.22}}, {"type": "Feature", "geometry": {"type": "Point", "coordinates": [73.835343, 18.494552]}, "properties": {"depth": 2.37}}, {"type": "Feature", "geometry": {"type": "Point", "coordinates": [73.832288, 18.49645]}, "properties": {"depth": 2.35}}, {"type": "Feature", "geometry": {"type": "Point", "coordinates": [73.833263, 18.497234]}, "properties": {"depth": 0.96}}, {"type": "Feature", "geometry": {"type": "Point", "coordinates": [73.833274, 18.497366]}, "properties": {"depth": 0.49}}, {"type": "Feature", "geometry": {"type": "Point", "coordinates": [73.837619, 18.490829]}, "properties": {"depth": 3.48}}, {"type": "Feature", "geometry": {"type": "Point", "coordinates": [73.837596, 18.492015]}, "properties": {"depth": 2.15}}, {"type": "Feature", "geometry": {"type": "Point", "coordinates": [73.837875, 18.493005]}, "properties": {"depth": 0.31}}, {"type": "Feature", "geometry": {"type": "Point", "coordinates": [73.837351, 18.493704]}, "properties": {"depth": 1.44}}, {"type": "Feature", "geometry": {"type": "Point", "coordinates": [73.849291, 18.499914]}, "properties": {"depth": 5.15}}, {"type": "Feature", "geometry": {"type": "Point", "coordinates": [73.849169, 18.500848]}, "properties": {"depth": 6.8}}, {"type": "Feature", "geometry": {"type": "Point", "coordinates": [73.849312, 18.501065]}, "properties": {"depth": 5.48}}, {"type": "Feature", "geometry": {"type": "Point", "coordinates": [73.849134, 18.501132]}, "properties": {"depth": 5.91}}, {"type": "Feature", "geometry": {"type": "Point", "coordinates": [73.848607, 18.501146]}, "properties": {"depth": 8.06}}, {"type": "Feature", "geometry": {"type": "Point", "coordinates": [73.848763, 18.501149]}, "properties": {"depth": 7.89}}, {"type": "Feature", "geometry": {"type": "Point", "coordinates": [73.848497, 18.501153]}, "properties": {"depth": 8.06}}, {"type": "Feature", "geometry": {"type": "Point", "coordinates": [73.848515, 18.501389]}, "properties": {"depth": 7.38}}, {"type": "Feature", "geometry": {"type": "Point", "coordinates": [73.848207, 18.501212]}, "properties": {"depth": 8.21}}, {"type": "Feature", "geometry": {"type": "Point", "coordinates": [73.847955, 18.501326]}, "properties": {"depth": 10.27}}, {"type": "Feature", "geometry": {"type": "Point", "coordinates": [73.848391, 18.50138]}, "properties": {"depth": 8.46}}, {"type": "Feature", "geometry": {"type": "Point", "coordinates": [73.847776, 18.501546]}, "properties": {"depth": 2.97}}, {"type": "Feature", "geometry": {"type": "Point", "coordinates": [73.847978, 18.501558]}, "properties": {"depth": 1.51}}, {"type": "Feature", "geometry": {"type": "Point", "coordinates": [73.848046, 18.501906]}, "properties": {"depth": 4.24}}, {"type": "Feature", "geometry": {"type": "Point", "coordinates": [73.848647, 18.501396]}, "properties": {"depth": 7.38}}, {"type": "Feature", "geometry": {"type": "Point", "coordinates": [73.848776, 18.50141]}, "properties": {"depth": 6.88}}, {"type": "Feature", "geometry": {"type": "Point", "coordinates": [73.849163, 18.501416]}, "properties": {"depth": 6.18}}, {"type": "Feature", "geometry": {"type": "Point", "coordinates": [73.848893, 18.501415]}, "properties": {"depth": 6.88}}, {"type": "Feature", "geometry": {"type": "Point", "coordinates": [73.849338, 18.501634]}, "properties": {"depth": 6.18}}, {"type": "Feature", "geometry": {"type": "Point", "coordinates": [73.849129, 18.50167]}, "properties": {"depth": 6.57}}, {"type": "Feature", "geometry": {"type": "Point", "coordinates": [73.848587, 18.501854]}, "properties": {"depth": 5.63}}, {"type": "Feature", "geometry": {"type": "Point", "coordinates": [73.849249, 18.501993]}, "properties": {"depth": 7.0}}, {"type": "Feature", "geometry": {"type": "Point", "coordinates": [73.849029, 18.502024]}, "properties": {"depth": 7.0}}, {"type": "Feature", "geometry": {"type": "Point", "coordinates": [73.848549, 18.502028]}, "properties": {"depth": 5.63}}, {"type": "Feature", "geometry": {"type": "Point", "coordinates": [73.848732, 18.50208]}, "properties": {"depth": 5.63}}, {"type": "Feature", "geometry": {"type": "Point", "coordinates": [73.848975, 18.502362]}, "properties": {"depth": 4.22}}, {"type": "Feature", "geometry": {"type": "Point", "coordinates": [73.848688, 18.50252]}, "properties": {"depth": 3.9}}, {"type": "Feature", "geometry": {"type": "Point", "coordinates": [73.849302, 18.502851]}, "properties": {"depth": 4.28}}, {"type": "Feature", "geometry": {"type": "Point", "coordinates": [73.849157, 18.503049]}, "properties": {"depth": 1.4}}, {"type": "Feature", "geometry": {"type": "Point", "coordinates": [73.848939, 18.503036]}, "properties": {"depth": 4.73}}, {"type": "Feature", "geometry": {"type": "Point", "coordinates": [73.848674, 18.503277]}, "properties": {"depth": 6.46}}, {"type": "Feature", "geometry": {"type": "Point", "coordinates": [73.84904, 18.503331]}, "properties": {"depth": 4.69}}, {"type": "Feature", "geometry": {"type": "Point", "coordinates": [73.849345, 18.503334]}, "properties": {"depth": 5.29}}, {"type": "Feature", "geometry": {"type": "Point", "coordinates": [73.849129, 18.50355]}, "properties": {"depth": 6.89}}, {"type": "Feature", "geometry": {"type": "Point", "coordinates": [73.834213, 18.498439]}, "properties": {"depth": 1.72}}, {"type": "Feature", "geometry": {"type": "Point", "coordinates": [73.834104, 18.498725]}, "properties": {"depth": 2.23}}, {"type": "Feature", "geometry": {"type": "Point", "coordinates": [73.833004, 18.499237]}, "properties": {"depth": 0.07}}, {"type": "Feature", "geometry": {"type": "Point", "coordinates": [73.834752, 18.498819]}, "properties": {"depth": 3.12}}, {"type": "Feature", "geometry": {"type": "Point", "coordinates": [73.834973, 18.499162]}, "properties": {"depth": 3.0}}, {"type": "Feature", "geometry": {"type": "Point", "coordinates": [73.833935, 18.499187]}, "properties": {"depth": 2.02}}, {"type": "Feature", "geometry": {"type": "Point", "coordinates": [73.834003, 18.499462]}, "properties": {"depth": 0.35}}, {"type": "Feature", "geometry": {"type": "Point", "coordinates": [73.835205, 18.49951]}, "properties": {"depth": 2.99}}, {"type": "Feature", "geometry": {"type": "Point", "coordinates": [73.833621, 18.499663]}, "properties": {"depth": 1.15}}, {"type": "Feature", "geometry": {"type": "Point", "coordinates": [73.835166, 18.499691]}, "properties": {"depth": 0.18}}, {"type": "Feature", "geometry": {"type": "Point", "coordinates": [73.834563, 18.499861]}, "properties": {"depth": 4.3}}, {"type": "Feature", "geometry": {"type": "Point", "coordinates": [73.833746, 18.499934]}, "properties": {"depth": 3.86}}, {"type": "Feature", "geometry": {"type": "Point", "coordinates": [73.834081, 18.500276]}, "properties": {"depth": 1.29}}, {"type": "Feature", "geometry": {"type": "Point", "coordinates": [73.834972, 18.500404]}, "properties": {"depth": 0.65}}, {"type": "Feature", "geometry": {"type": "Point", "coordinates": [73.833802, 18.500509]}, "properties": {"depth": 2.26}}, {"type": "Feature", "geometry": {"type": "Point", "coordinates": [73.833896, 18.500581]}, "properties": {"depth": 2.26}}, {"type": "Feature", "geometry": {"type": "Point", "coordinates": [73.833922, 18.500671]}, "properties": {"depth": 2.26}}, {"type": "Feature", "geometry": {"type": "Point", "coordinates": [73.833939, 18.500749]}, "properties": {"depth": 0.81}}, {"type": "Feature", "geometry": {"type": "Point", "coordinates": [73.83504, 18.500758]}, "properties": {"depth": 2.46}}, {"type": "Feature", "geometry": {"type": "Point", "coordinates": [73.83396, 18.500821]}, "properties": {"depth": 0.81}}, {"type": "Feature", "geometry": {"type": "Point", "coordinates": [73.833773, 18.500964]}, "properties": {"depth": 0.81}}, {"type": "Feature", "geometry": {"type": "Point", "coordinates": [73.833796, 18.501053]}, "properties": {"depth": 0.37}}, {"type": "Feature", "geometry": {"type": "Point", "coordinates": [73.835197, 18.501265]}, "properties": {"depth": 4.95}}, {"type": "Feature", "geometry": {"type": "Point", "coordinates": [73.833983, 18.501281]}, "properties": {"depth": 2.44}}, {"type": "Feature", "geometry": {"type": "Point", "coordinates": [73.833887, 18.501296]}, "properties": {"depth": 2.44}}, {"type": "Feature", "geometry": {"type": "Point", "coordinates": [73.834355, 18.501429]}, "properties": {"depth": 3.88}}, {"type": "Feature", "geometry": {"type": "Point", "coordinates": [73.835093, 18.501479]}, "properties": {"depth": 4.28}}, {"type": "Feature", "geometry": {"type": "Point", "coordinates": [73.833822, 18.501524]}, "properties": {"depth": 2.44}}, {"type": "Feature", "geometry": {"type": "Point", "coordinates": [73.833659, 18.502288]}, "properties": {"depth": 3.1}}, {"type": "Feature", "geometry": {"type": "Point", "coordinates": [73.835786, 18.50113]}, "properties": {"depth": 6.2}}, {"type": "Feature", "geometry": {"type": "Point", "coordinates": [73.836147, 18.501868]}, "properties": {"depth": 6.74}}, {"type": "Feature", "geometry": {"type": "Point", "coordinates": [73.835491, 18.502142]}, "properties": {"depth": 5.94}}, {"type": "Feature", "geometry": {"type": "Point", "coordinates": [73.835947, 18.503856]}, "properties": {"depth": 7.31}}, {"type": "Feature", "geometry": {"type": "Point", "coordinates": [73.835428, 18.50433]}, "properties": {"depth": 5.75}}, {"type": "Feature", "geometry": {"type": "Point", "coordinates": [73.835424, 18.506044]}, "properties": {"depth": 9.62}}, {"type": "Feature", "geometry": {"type": "Point", "coordinates": [73.83292, 18.502487]}, "properties": {"depth": 0.53}}, {"type": "Feature", "geometry": {"type": "Point", "coordinates": [73.833492, 18.503028]}, "properties": {"depth": 2.78}}, {"type": "Feature", "geometry": {"type": "Point", "coordinates": [73.832952, 18.503125]}, "properties": {"depth": 1.99}}, {"type": "Feature", "geometry": {"type": "Point", "coordinates": [73.833197, 18.503184]}, "properties": {"depth": 3.47}}, {"type": "Feature", "geometry": {"type": "Point", "coordinates": [73.83436, 18.502915]}, "properties": {"depth": 4.03}}, {"type": "Feature", "geometry": {"type": "Point", "coordinates": [73.834319, 18.503129]}, "properties": {"depth": 0.28}}, {"type": "Feature", "geometry": {"type": "Point", "coordinates": [73.834443, 18.503889]}, "properties": {"depth": 4.34}}, {"type": "Feature", "geometry": {"type": "Point", "coordinates": [73.834092, 18.503897]}, "properties": {"depth": 4.53}}, {"type": "Feature", "geometry": {"type": "Point", "coordinates": [73.834169, 18.504823]}, "properties": {"depth": 4.42}}, {"type": "Feature", "geometry": {"type": "Point", "coordinates": [73.834487, 18.504866]}, "properties": {"depth": 0.06}}, {"type": "Feature", "geometry": {"type": "Point", "coordinates": [73.834768, 18.505029]}, "properties": {"depth": 0.15}}, {"type": "Feature", "geometry": {"type": "Point", "coordinates": [73.83451, 18.505048]}, "properties": {"depth": 0.06}}, {"type": "Feature", "geometry": {"type": "Point", "coordinates": [73.848043, 18.502185]}, "properties": {"depth": 5.19}}, {"type": "Feature", "geometry": {"type": "Point", "coordinates": [73.848409, 18.502365]}, "properties": {"depth": 4.02}}, {"type": "Feature", "geometry": {"type": "Point", "coordinates": [73.848356, 18.503052]}, "properties": {"depth": 10.29}}, {"type": "Feature", "geometry": {"type": "Point", "coordinates": [73.847675, 18.503109]}, "properties": {"depth": 9.03}}, {"type": "Feature", "geometry": {"type": "Point", "coordinates": [73.848412, 18.503224]}, "properties": {"depth": 10.35}}, {"type": "Feature", "geometry": {"type": "Point", "coordinates": [73.847969, 18.503637]}, "properties": {"depth": 6.11}}, {"type": "Feature", "geometry": {"type": "Point", "coordinates": [73.848312, 18.503897]}, "properties": {"depth": 7.91}}, {"type": "Feature", "geometry": {"type": "Point", "coordinates": [73.847954, 18.503908]}, "properties": {"depth": 7.38}}, {"type": "Feature", "geometry": {"type": "Point", "coordinates": [73.848183, 18.504429]}, "properties": {"depth": 5.73}}, {"type": "Feature", "geometry": {"type": "Point", "coordinates": [73.848672, 18.503588]}, "properties": {"depth": 6.79}}, {"type": "Feature", "geometry": {"type": "Point", "coordinates": [73.848511, 18.503641]}, "properties": {"depth": 6.79}}, {"type": "Feature", "geometry": {"type": "Point", "coordinates": [73.849025, 18.50388]}, "properties": {"depth": 6.81}}, {"type": "Feature", "geometry": {"type": "Point", "coordinates": [73.848663, 18.50392]}, "properties": {"depth": 7.01}}, {"type": "Feature", "geometry": {"type": "Point", "coordinates": [73.848909, 18.504105]}, "properties": {"depth": 5.83}}, {"type": "Feature", "geometry": {"type": "Point", "coordinates": [73.849309, 18.50418]}, "properties": {"depth": 3.16}}, {"type": "Feature", "geometry": {"type": "Point", "coordinates": [73.849215, 18.504515]}, "properties": {"depth": 1.38}}, {"type": "Feature", "geometry": {"type": "Point", "coordinates": [73.849241, 18.504844]}, "properties": {"depth": 1.28}}, {"type": "Feature", "geometry": {"type": "Point", "coordinates": [73.849173, 18.505384]}, "properties": {"depth": 0.9}}, {"type": "Feature", "geometry": {"type": "Point", "coordinates": [73.838962, 18.511068]}, "properties": {"depth": 1.48}}, {"type": "Feature", "geometry": {"type": "Point", "coordinates": [73.83815, 18.510129]}, "properties": {"depth": 0.07}}, {"type": "Feature", "geometry": {"type": "Point", "coordinates": [73.83869, 18.51116]}, "properties": {"depth": 0.84}}, {"type": "Feature", "geometry": {"type": "Point", "coordinates": [73.840068, 18.512107]}, "properties": {"depth": 2.65}}, {"type": "Feature", "geometry": {"type": "Point", "coordinates": [73.840175, 18.512706]}, "properties": {"depth": 2.63}}, {"type": "Feature", "geometry": {"type": "Point", "coordinates": [73.784778, 18.53748]}, "properties": {"depth": 3.89}}, {"type": "Feature", "geometry": {"type": "Point", "coordinates": [73.784624, 18.537484]}, "properties": {"depth": 3.89}}, {"type": "Feature", "geometry": {"type": "Point", "coordinates": [73.784725, 18.537486]}, "properties": {"depth": 3.89}}, {"type": "Feature", "geometry": {"type": "Point", "coordinates": [73.792039, 18.534911]}, "properties": {"depth": 3.35}}, {"type": "Feature", "geometry": {"type": "Point", "coordinates": [73.777207, 18.525195]}, "properties": {"depth": 1.65}}, {"type": "Feature", "geometry": {"type": "Point", "coordinates": [73.77725, 18.525278]}, "properties": {"depth": 1.65}}, {"type": "Feature", "geometry": {"type": "Point", "coordinates": [73.776867, 18.525366]}, "properties": {"depth": 2.03}}, {"type": "Feature", "geometry": {"type": "Point", "coordinates": [73.779196, 18.526095]}, "properties": {"depth": 0.54}}, {"type": "Feature", "geometry": {"type": "Point", "coordinates": [73.779391, 18.526133]}, "properties": {"depth": 0.11}}, {"type": "Feature", "geometry": {"type": "Point", "coordinates": [73.77994, 18.526286]}, "properties": {"depth": 1.4}}, {"type": "Feature", "geometry": {"type": "Point", "coordinates": [73.777922, 18.525994]}, "properties": {"depth": 0.97}}, {"type": "Feature", "geometry": {"type": "Point", "coordinates": [73.778955, 18.526089]}, "properties": {"depth": 0.58}}, {"type": "Feature", "geometry": {"type": "Point", "coordinates": [73.77808, 18.526107]}, "properties": {"depth": 0.97}}, {"type": "Feature", "geometry": {"type": "Point", "coordinates": [73.777971, 18.526144]}, "properties": {"depth": 0.97}}, {"type": "Feature", "geometry": {"type": "Point", "coordinates": [73.778761, 18.52616]}, "properties": {"depth": 0.58}}, {"type": "Feature", "geometry": {"type": "Point", "coordinates": [73.777298, 18.525383]}, "properties": {"depth": 1.65}}, {"type": "Feature", "geometry": {"type": "Point", "coordinates": [73.776821, 18.525462]}, "properties": {"depth": 1.98}}, {"type": "Feature", "geometry": {"type": "Point", "coordinates": [73.777156, 18.525667]}, "properties": {"depth": 3.6}}, {"type": "Feature", "geometry": {"type": "Point", "coordinates": [73.776781, 18.525701]}, "properties": {"depth": 0.9}}, {"type": "Feature", "geometry": {"type": "Point", "coordinates": [73.777456, 18.5258]}, "properties": {"depth": 0.46}}, {"type": "Feature", "geometry": {"type": "Point", "coordinates": [73.776855, 18.52582]}, "properties": {"depth": 3.38}}, {"type": "Feature", "geometry": {"type": "Point", "coordinates": [73.777521, 18.525905]}, "properties": {"depth": 0.46}}, {"type": "Feature", "geometry": {"type": "Point", "coordinates": [73.777434, 18.526087]}, "properties": {"depth": 1.39}}, {"type": "Feature", "geometry": {"type": "Point", "coordinates": [73.777326, 18.526138]}, "properties": {"depth": 1.83}}, {"type": "Feature", "geometry": {"type": "Point", "coordinates": [73.777422, 18.526392]}, "properties": {"depth": 1.52}}, {"type": "Feature", "geometry": {"type": "Point", "coordinates": [73.77897, 18.526234]}, "properties": {"depth": 0.58}}, {"type": "Feature", "geometry": {"type": "Point", "coordinates": [73.778607, 18.526242]}, "properties": {"depth": 1.12}}, {"type": "Feature", "geometry": {"type": "Point", "coordinates": [73.778469, 18.526267]}, "properties": {"depth": 1.83}}, {"type": "Feature", "geometry": {"type": "Point", "coordinates": [73.77883, 18.526309]}, "properties": {"depth": 1.99}}, {"type": "Feature", "geometry": {"type": "Point", "coordinates": [73.778267, 18.526312]}, "properties": {"depth": 1.83}}, {"type": "Feature", "geometry": {"type": "Point", "coordinates": [73.778664, 18.526365]}, "properties": {"depth": 1.3}}, {"type": "Feature", "geometry": {"type": "Point", "coordinates": [73.778305, 18.526368]}, "properties": {"depth": 1.83}}, {"type": "Feature", "geometry": {"type": "Point", "coordinates": [73.778525, 18.526404]}, "properties": {"depth": 1.3}}, {"type": "Feature", "geometry": {"type": "Point", "coordinates": [73.778237, 18.526446]}, "properties": {"depth": 1.83}}, {"type": "Feature", "geometry": {"type": "Point", "coordinates": [73.77835, 18.526463]}, "properties": {"depth": 1.83}}, {"type": "Feature", "geometry": {"type": "Point", "coordinates": [73.77872, 18.526481]}, "properties": {"depth": 1.3}}, {"type": "Feature", "geometry": {"type": "Point", "coordinates": [73.778092, 18.526499]}, "properties": {"depth": 2.54}}, {"type": "Feature", "geometry": {"type": "Point", "coordinates": [73.778935, 18.526512]}, "properties": {"depth": 1.99}}, {"type": "Feature", "geometry": {"type": "Point", "coordinates": [73.778609, 18.52657]}, "properties": {"depth": 1.74}}, {"type": "Feature", "geometry": {"type": "Point", "coordinates": [73.778772, 18.526596]}, "properties": {"depth": 4.2}}, {"type": "Feature", "geometry": {"type": "Point", "coordinates": [73.778451, 18.526675]}, "properties": {"depth": 1.55}}, {"type": "Feature", "geometry": {"type": "Point", "coordinates": [73.778809, 18.526685]}, "properties": {"depth": 4.2}}, {"type": "Feature", "geometry": {"type": "Point", "coordinates": [73.778689, 18.526702]}, "properties": {"depth": 1.74}}, {"type": "Feature", "geometry": {"type": "Point", "coordinates": [73.778273, 18.526704]}, "properties": {"depth": 1.55}}, {"type": "Feature", "geometry": {"type": "Point", "coordinates": [73.778565, 18.526823]}, "properties": {"depth": 6.0}}, {"type": "Feature", "geometry": {"type": "Point", "coordinates": [73.779771, 18.526396]}, "properties": {"depth": 0.93}}, {"type": "Feature", "geometry": {"type": "Point", "coordinates": [73.779631, 18.526496]}, "properties": {"depth": 0.93}}, {"type": "Feature", "geometry": {"type": "Point", "coordinates": [73.77966, 18.526717]}, "properties": {"depth": 1.27}}, {"type": "Feature", "geometry": {"type": "Point", "coordinates": [73.778938, 18.531826]}, "properties": {"depth": 0.33}}, {"type": "Feature", "geometry": {"type": "Point", "coordinates": [73.779127, 18.53203]}, "properties": {"depth": 0.64}}, {"type": "Feature", "geometry": {"type": "Point", "coordinates": [73.779388, 18.532143]}, "properties": {"depth": 0.12}}, {"type": "Feature", "geometry": {"type": "Point", "coordinates": [73.777562, 18.528586]}, "properties": {"depth": 2.5}}, {"type": "Feature", "geometry": {"type": "Point", "coordinates": [73.777836, 18.527787]}, "properties": {"depth": 3.14}}, {"type": "Feature", "geometry": {"type": "Point", "coordinates": [73.77999, 18.542949]}, "properties": {"depth": 11.37}}, {"type": "Feature", "geometry": {"type": "Point", "coordinates": [73.7802, 18.543017]}, "properties": {"depth": 11.93}}, {"type": "Feature", "geometry": {"type": "Point", "coordinates": [73.780351, 18.54309]}, "properties": {"depth": 11.93}}, {"type": "Feature", "geometry": {"type": "Point", "coordinates": [73.780219, 18.543132]}, "properties": {"depth": 11.93}}, {"type": "Feature", "geometry": {"type": "Point", "coordinates": [73.780022, 18.543202]}, "properties": {"depth": 12.16}}, {"type": "Feature", "geometry": {"type": "Point", "coordinates": [73.780156, 18.544295]}, "properties": {"depth": 8.41}}, {"type": "Feature", "geometry": {"type": "Point", "coordinates": [73.780562, 18.544849]}, "properties": {"depth": 6.81}}, {"type": "Feature", "geometry": {"type": "Point", "coordinates": [73.787813, 18.536558]}, "properties": {"depth": 11.99}}, {"type": "Feature", "geometry": {"type": "Point", "coordinates": [73.791726, 18.534546]}, "properties": {"depth": 5.91}}, {"type": "Feature", "geometry": {"type": "Point", "coordinates": [73.791383, 18.534644]}, "properties": {"depth": 4.27}}, {"type": "Feature", "geometry": {"type": "Point", "coordinates": [73.791771, 18.534771]}, "properties": {"depth": 4.98}}, {"type": "Feature", "geometry": {"type": "Point", "coordinates": [73.791505, 18.534781]}, "properties": {"depth": 4.27}}, {"type": "Feature", "geometry": {"type": "Point", "coordinates": [73.79196, 18.534993]}, "properties": {"depth": 3.35}}, {"type": "Feature", "geometry": {"type": "Point", "coordinates": [73.791593, 18.535045]}, "properties": {"depth": 3.85}}, {"type": "Feature", "geometry": {"type": "Point", "coordinates": [73.791888, 18.535091]}, "properties": {"depth": 3.35}}, {"type": "Feature", "geometry": {"type": "Point", "coordinates": [73.791827, 18.535178]}, "properties": {"depth": 4.84}}, {"type": "Feature", "geometry": {"type": "Point", "coordinates": [73.791269, 18.535209]}, "properties": {"depth": 6.13}}, {"type": "Feature", "geometry": {"type": "Point", "coordinates": [73.791729, 18.535263]}, "properties": {"depth": 3.52}}, {"type": "Feature", "geometry": {"type": "Point", "coordinates": [73.790714, 18.536335]}, "properties": {"depth": 9.38}}, {"type": "Feature", "geometry": {"type": "Point", "coordinates": [73.791319, 18.537201]}, "properties": {"depth": 10.94}}, {"type": "Feature", "geometry": {"type": "Point", "coordinates": [73.790764, 18.537475]}, "properties": {"depth": 9.4}}, {"type": "Feature", "geometry": {"type": "Point", "coordinates": [73.790437, 18.536897]}, "properties": {"depth": 1.37}}, {"type": "Feature", "geometry": {"type": "Point", "coordinates": [73.790144, 18.537061]}, "properties": {"depth": 3.26}}, {"type": "Feature", "geometry": {"type": "Point", "coordinates": [73.790108, 18.537324]}, "properties": {"depth": 7.65}}, {"type": "Feature", "geometry": {"type": "Point", "coordinates": [73.789992, 18.537382]}, "properties": {"depth": 8.68}}, {"type": "Feature", "geometry": {"type": "Point", "coordinates": [73.78973, 18.53741]}, "properties": {"depth": 13.94}}, {"type": "Feature", "geometry": {"type": "Point", "coordinates": [73.789825, 18.537827]}, "properties": {"depth": 11.08}}, {"type": "Feature", "geometry": {"type": "Point", "coordinates": [73.790003, 18.537896]}, "properties": {"depth": 13.17}}, {"type": "Feature", "geometry": {"type": "Point", "coordinates": [73.789776, 18.537916]}, "properties": {"depth": 11.08}}, {"type": "Feature", "geometry": {"type": "Point", "coordinates": [73.790001, 18.538072]}, "properties": {"depth": 10.79}}, {"type": "Feature", "geometry": {"type": "Point", "coordinates": [73.789405, 18.538054]}, "properties": {"depth": 10.46}}, {"type": "Feature", "geometry": {"type": "Point", "coordinates": [73.78948, 18.538125]}, "properties": {"depth": 10.46}}, {"type": "Feature", "geometry": {"type": "Point", "coordinates": [73.790337, 18.538257]}, "properties": {"depth": 12.42}}, {"type": "Feature", "geometry": {"type": "Point", "coordinates": [73.789806, 18.538354]}, "properties": {"depth": 11.05}}, {"type": "Feature", "geometry": {"type": "Point", "coordinates": [73.789738, 18.53838]}, "properties": {"depth": 11.05}}, {"type": "Feature", "geometry": {"type": "Point", "coordinates": [73.790478, 18.538403]}, "properties": {"depth": 14.83}}, {"type": "Feature", "geometry": {"type": "Point", "coordinates": [73.789646, 18.538404]}, "properties": {"depth": 11.05}}, {"type": "Feature", "geometry": {"type": "Point", "coordinates": [73.789569, 18.538423]}, "properties": {"depth": 10.32}}, {"type": "Feature", "geometry": {"type": "Point", "coordinates": [73.789509, 18.538428]}, "properties": {"depth": 10.32}}, {"type": "Feature", "geometry": {"type": "Point", "coordinates": [73.790561, 18.538569]}, "properties": {"depth": 11.96}}, {"type": "Feature", "geometry": {"type": "Point", "coordinates": [73.788006, 18.536584]}, "properties": {"depth": 10.9}}, {"type": "Feature", "geometry": {"type": "Point", "coordinates": [73.78824, 18.536989]}, "properties": {"depth": 11.07}}, {"type": "Feature", "geometry": {"type": "Point", "coordinates": [73.788727, 18.538382]}, "properties": {"depth": 5.64}}, {"type": "Feature", "geometry": {"type": "Point", "coordinates": [73.788443, 18.538746]}, "properties": {"depth": 4.85}}, {"type": "Feature", "geometry": {"type": "Point", "coordinates": [73.7889, 18.539036]}, "properties": {"depth": 11.93}}, {"type": "Feature", "geometry": {"type": "Point", "coordinates": [73.789046, 18.539439]}, "properties": {"depth": 5.15}}, {"type": "Feature", "geometry": {"type": "Point", "coordinates": [73.791334, 18.537487]}, "properties": {"depth": 11.2}}, {"type": "Feature", "geometry": {"type": "Point", "coordinates": [73.791266, 18.537585]}, "properties": {"depth": 11.2}}, {"type": "Feature", "geometry": {"type": "Point", "coordinates": [73.790755, 18.538148]}, "properties": {"depth": 8.03}}, {"type": "Feature", "geometry": {"type": "Point", "coordinates": [73.790822, 18.538508]}, "properties": {"depth": 14.62}}, {"type": "Feature", "geometry": {"type": "Point", "coordinates": [73.789988, 18.538581]}, "properties": {"depth": 11.64}}, {"type": "Feature", "geometry": {"type": "Point", "coordinates": [73.789893, 18.538598]}, "properties": {"depth": 11.64}}, {"type": "Feature", "geometry": {"type": "Point", "coordinates": [73.789796, 18.538607]}, "properties": {"depth": 10.61}}, {"type": "Feature", "geometry": {"type": "Point", "coordinates": [73.789621, 18.538662]}, "properties": {"depth": 10.61}}, {"type": "Feature", "geometry": {"type": "Point", "coordinates": [73.789873, 18.538788]}, "properties": {"depth": 10.96}}, {"type": "Feature", "geometry": {"type": "Point", "coordinates": [73.790111, 18.538906]}, "properties": {"depth": 10.96}}, {"type": "Feature", "geometry": {"type": "Point", "coordinates": [73.790026, 18.538914]}, "properties": {"depth": 10.96}}, {"type": "Feature", "geometry": {"type": "Point", "coordinates": [73.789941, 18.538938]}, "properties": {"depth": 10.96}}, {"type": "Feature", "geometry": {"type": "Point", "coordinates": [73.789855, 18.538951]}, "properties": {"depth": 10.74}}, {"type": "Feature", "geometry": {"type": "Point", "coordinates": [73.789779, 18.538964]}, "properties": {"depth": 10.74}}, {"type": "Feature", "geometry": {"type": "Point", "coordinates": [73.789493, 18.53945]}, "properties": {"depth": 6.1}}, {"type": "Feature", "geometry": {"type": "Point", "coordinates": [73.792402, 18.535024]}, "properties": {"depth": 3.17}}, {"type": "Feature", "geometry": {"type": "Point", "coordinates": [73.79303, 18.536061]}, "properties": {"depth": 5.61}}, {"type": "Feature", "geometry": {"type": "Point", "coordinates": [73.793113, 18.536074]}, "properties": {"depth": 5.61}}, {"type": "Feature", "geometry": {"type": "Point", "coordinates": [73.792275, 18.536223]}, "properties": {"depth": 4.51}}, {"type": "Feature", "geometry": {"type": "Point", "coordinates": [73.792246, 18.537312]}, "properties": {"depth": 9.22}}, {"type": "Feature", "geometry": {"type": "Point", "coordinates": [73.793183, 18.536085]}, "properties": {"depth": 5.61}}, {"type": "Feature", "geometry": {"type": "Point", "coordinates": [73.781199, 18.527864]}, "properties": {"depth": 0.29}}, {"type": "Feature", "geometry": {"type": "Point", "coordinates": [73.781951, 18.527918]}, "properties": {"depth": 0.86}}, {"type": "Feature", "geometry": {"type": "Point", "coordinates": [73.781985, 18.528189]}, "properties": {"depth": 0.86}}, {"type": "Feature", "geometry": {"type": "Point", "coordinates": [73.780237, 18.52772]}, "properties": {"depth": 2.01}}, {"type": "Feature", "geometry": {"type": "Point", "coordinates": [73.780376, 18.528281]}, "properties": {"depth": 0.44}}, {"type": "Feature", "geometry": {"type": "Point", "coordinates": [73.780815, 18.528379]}, "properties": {"depth": 0.38}}, {"type": "Feature", "geometry": {"type": "Point", "coordinates": [73.780341, 18.532524]}, "properties": {"depth": 2.87}}, {"type": "Feature", "geometry": {"type": "Point", "coordinates": [73.783408, 18.537561]}, "properties": {"depth": 0.87}}, {"type": "Feature", "geometry": {"type": "Point", "coordinates": [73.783529, 18.537584]}, "properties": {"depth": 2.92}}, {"type": "Feature", "geometry": {"type": "Point", "coordinates": [73.783932, 18.537705]}, "properties": {"depth": 3.49}}, {"type": "Feature", "geometry": {"type": "Point", "coordinates": [73.783835, 18.537705]}, "properties": {"depth": 3.49}}, {"type": "Feature", "geometry": {"type": "Point", "coordinates": [73.783759, 18.537721]}, "properties": {"depth": 3.49}}, {"type": "Feature", "geometry": {"type": "Point", "coordinates": [73.783664, 18.537783]}, "properties": {"depth": 1.67}}, {"type": "Feature", "geometry": {"type": "Point", "coordinates": [73.783529, 18.537792]}, "properties": {"depth": 1.67}}, {"type": "Feature", "geometry": {"type": "Point", "coordinates": [73.783929, 18.537877]}, "properties": {"depth": 3.49}}, {"type": "Feature", "geometry": {"type": "Point", "coordinates": [73.783858, 18.537882]}, "properties": {"depth": 3.49}}, {"type": "Feature", "geometry": {"type": "Point", "coordinates": [73.783794, 18.537893]}, "properties": {"depth": 3.49}}, {"type": "Feature", "geometry": {"type": "Point", "coordinates": [73.78371, 18.537904]}, "properties": {"depth": 1.67}}, {"type": "Feature", "geometry": {"type": "Point", "coordinates": [73.783614, 18.537906]}, "properties": {"depth": 1.67}}, {"type": "Feature", "geometry": {"type": "Point", "coordinates": [73.783504, 18.537919]}, "properties": {"depth": 0.78}}, {"type": "Feature", "geometry": {"type": "Point", "coordinates": [73.783916, 18.538095]}, "properties": {"depth": 0.57}}, {"type": "Feature", "geometry": {"type": "Point", "coordinates": [73.783517, 18.538136]}, "properties": {"depth": 0.78}}, {"type": "Feature", "geometry": {"type": "Point", "coordinates": [73.787581, 18.536563]}, "properties": {"depth": 10.32}}, {"type": "Feature", "geometry": {"type": "Point", "coordinates": [73.787154, 18.538013]}, "properties": {"depth": 5.39}}, {"type": "Feature", "geometry": {"type": "Point", "coordinates": [73.786447, 18.538079]}, "properties": {"depth": 6.26}}, {"type": "Feature", "geometry": {"type": "Point", "coordinates": [73.787198, 18.538147]}, "properties": {"depth": 5.39}}, {"type": "Feature", "geometry": {"type": "Point", "coordinates": [73.786972, 18.538206]}, "properties": {"depth": 7.95}}, {"type": "Feature", "geometry": {"type": "Point", "coordinates": [73.786773, 18.538234]}, "properties": {"depth": 7.38}}, {"type": "Feature", "geometry": {"type": "Point", "coordinates": [73.785171, 18.53759]}, "properties": {"depth": 3.95}}, {"type": "Feature", "geometry": {"type": "Point", "coordinates": [73.785825, 18.537857]}, "properties": {"depth": 7.5}}, {"type": "Feature", "geometry": {"type": "Point", "coordinates": [73.785663, 18.537876]}, "properties": {"depth": 5.5}}, {"type": "Feature", "geometry": {"type": "Point", "coordinates": [73.785545, 18.537891]}, "properties": {"depth": 5.5}}, {"type": "Feature", "geometry": {"type": "Point", "coordinates": [73.783716, 18.537099]}, "properties": {"depth": 3.64}}, {"type": "Feature", "geometry": {"type": "Point", "coordinates": [73.783534, 18.537114]}, "properties": {"depth": 3.64}}, {"type": "Feature", "geometry": {"type": "Point", "coordinates": [73.783314, 18.537452]}, "properties": {"depth": 0.87}}, {"type": "Feature", "geometry": {"type": "Point", "coordinates": [73.78364, 18.537483]}, "properties": {"depth": 2.92}}, {"type": "Feature", "geometry": {"type": "Point", "coordinates": [73.783713, 18.53749]}, "properties": {"depth": 2.92}}, {"type": "Feature", "geometry": {"type": "Point", "coordinates": [73.783523, 18.537498]}, "properties": {"depth": 2.92}}, {"type": "Feature", "geometry": {"type": "Point", "coordinates": [73.783865, 18.537521]}, "properties": {"depth": 2.42}}, {"type": "Feature", "geometry": {"type": "Point", "coordinates": [73.784671, 18.537487]}, "properties": {"depth": 3.89}}, {"type": "Feature", "geometry": {"type": "Point", "coordinates": [73.7844, 18.537493]}, "properties": {"depth": 4.29}}, {"type": "Feature", "geometry": {"type": "Point", "coordinates": [73.784341, 18.53751]}, "properties": {"depth": 4.29}}, {"type": "Feature", "geometry": {"type": "Point", "coordinates": [73.784542, 18.537512]}, "properties": {"depth": 4.29}}, {"type": "Feature", "geometry": {"type": "Point", "coordinates": [73.784466, 18.537517]}, "properties": {"depth": 4.29}}, {"type": "Feature", "geometry": {"type": "Point", "coordinates": [73.784264, 18.537519]}, "properties": {"depth": 3.62}}, {"type": "Feature", "geometry": {"type": "Point", "coordinates": [73.784152, 18.537521]}, "properties": {"depth": 3.62}}, {"type": "Feature", "geometry": {"type": "Point", "coordinates": [73.784934, 18.537601]}, "properties": {"depth": 3.84}}, {"type": "Feature", "geometry": {"type": "Point", "coordinates": [73.785015, 18.537603]}, "properties": {"depth": 3.84}}, {"type": "Feature", "geometry": {"type": "Point", "coordinates": [73.784836, 18.537622]}, "properties": {"depth": 3.89}}, {"type": "Feature", "geometry": {"type": "Point", "coordinates": [73.784624, 18.537637]}, "properties": {"depth": 3.89}}, {"type": "Feature", "geometry": {"type": "Point", "coordinates": [73.784347, 18.537646]}, "properties": {"depth": 2.96}}, {"type": "Feature", "geometry": {"type": "Point", "coordinates": [73.784209, 18.537655]}, "properties": {"depth": 3.49}}, {"type": "Feature", "geometry": {"type": "Point", "coordinates": [73.78413, 18.537673]}, "properties": {"depth": 3.49}}, {"type": "Feature", "geometry": {"type": "Point", "coordinates": [73.784014, 18.537696]}, "properties": {"depth": 3.49}}, {"type": "Feature", "geometry": {"type": "Point", "coordinates": [73.785067, 18.53771]}, "properties": {"depth": 3.96}}, {"type": "Feature", "geometry": {"type": "Point", "coordinates": [73.784955, 18.53771]}, "properties": {"depth": 3.96}}, {"type": "Feature", "geometry": {"type": "Point", "coordinates": [73.7848, 18.537734]}, "properties": {"depth": 3.63}}, {"type": "Feature", "geometry": {"type": "Point", "coordinates": [73.784615, 18.537746]}, "properties": {"depth": 3.63}}, {"type": "Feature", "geometry": {"type": "Point", "coordinates": [73.784697, 18.537753]}, "properties": {"depth": 3.63}}, {"type": "Feature", "geometry": {"type": "Point", "coordinates": [73.784255, 18.537764]}, "properties": {"depth": 3.49}}, {"type": "Feature", "geometry": {"type": "Point", "coordinates": [73.784048, 18.537832]}, "properties": {"depth": 3.49}}, {"type": "Feature", "geometry": {"type": "Point", "coordinates": [73.784571, 18.537865]}, "properties": {"depth": 2.96}}, {"type": "Feature", "geometry": {"type": "Point", "coordinates": [73.784339, 18.537902]}, "properties": {"depth": 2.96}}, {"type": "Feature", "geometry": {"type": "Point", "coordinates": [73.784207, 18.537904]}, "properties": {"depth": 3.49}}, {"type": "Feature", "geometry": {"type": "Point", "coordinates": [73.785012, 18.537936]}, "properties": {"depth": 4.89}}, {"type": "Feature", "geometry": {"type": "Point", "coordinates": [73.784937, 18.537965]}, "properties": {"depth": 4.89}}, {"type": "Feature", "geometry": {"type": "Point", "coordinates": [73.784835, 18.537976]}, "properties": {"depth": 2.27}}, {"type": "Feature", "geometry": {"type": "Point", "coordinates": [73.784689, 18.537991]}, "properties": {"depth": 2.27}}, {"type": "Feature", "geometry": {"type": "Point", "coordinates": [73.784402, 18.538021]}, "properties": {"depth": 1.47}}, {"type": "Feature", "geometry": {"type": "Point", "coordinates": [73.785369, 18.537893]}, "properties": {"depth": 4.03}}, {"type": "Feature", "geometry": {"type": "Point", "coordinates": [73.785111, 18.537954]}, "properties": {"depth": 4.89}}, {"type": "Feature", "geometry": {"type": "Point", "coordinates": [73.786285, 18.538074]}, "properties": {"depth": 6.26}}, {"type": "Feature", "geometry": {"type": "Point", "coordinates": [73.785873, 18.53817]}, "properties": {"depth": 6.9}}, {"type": "Feature", "geometry": {"type": "Point", "coordinates": [73.785575, 18.538203]}, "properties": {"depth": 6.72}}, {"type": "Feature", "geometry": {"type": "Point", "coordinates": [73.785403, 18.538241]}, "properties": {"depth": 5.42}}, {"type": "Feature", "geometry": {"type": "Point", "coordinates": [73.785152, 18.538246]}, "properties": {"depth": 5.42}}, {"type": "Feature", "geometry": {"type": "Point", "coordinates": [73.785102, 18.538253]}, "properties": {"depth": 4.65}}, {"type": "Feature", "geometry": {"type": "Point", "coordinates": [73.785259, 18.538271]}, "properties": {"depth": 5.42}}, {"type": "Feature", "geometry": {"type": "Point", "coordinates": [73.786266, 18.538282]}, "properties": {"depth": 7.17}}, {"type": "Feature", "geometry": {"type": "Point", "coordinates": [73.785057, 18.538257]}, "properties": {"depth": 4.65}}, {"type": "Feature", "geometry": {"type": "Point", "coordinates": [73.784935, 18.538279]}, "properties": {"depth": 4.65}}, {"type": "Feature", "geometry": {"type": "Point", "coordinates": [73.784768, 18.538307]}, "properties": {"depth": 3.2}}, {"type": "Feature", "geometry": {"type": "Point", "coordinates": [73.784568, 18.538337]}, "properties": {"depth": 4.18}}, {"type": "Feature", "geometry": {"type": "Point", "coordinates": [73.784497, 18.538355]}, "properties": {"depth": 4.18}}, {"type": "Feature", "geometry": {"type": "Point", "coordinates": [73.785053, 18.538364]}, "properties": {"depth": 4.65}}, {"type": "Feature", "geometry": {"type": "Point", "coordinates": [73.784425, 18.538373]}, "properties": {"depth": 4.18}}, {"type": "Feature", "geometry": {"type": "Point", "coordinates": [73.784047, 18.538374]}, "properties": {"depth": 4.85}}, {"type": "Feature", "geometry": {"type": "Point", "coordinates": [73.784941, 18.538385]}, "properties": {"depth": 4.65}}, {"type": "Feature", "geometry": {"type": "Point", "coordinates": [73.784074, 18.538428]}, "properties": {"depth": 4.85}}, {"type": "Feature", "geometry": {"type": "Point", "coordinates": [73.784513, 18.538446]}, "properties": {"depth": 4.18}}, {"type": "Feature", "geometry": {"type": "Point", "coordinates": [73.784888, 18.538494]}, "properties": {"depth": 4.01}}, {"type": "Feature", "geometry": {"type": "Point", "coordinates": [73.784469, 18.53854]}, "properties": {"depth": 5.28}}, {"type": "Feature", "geometry": {"type": "Point", "coordinates": [73.784096, 18.53857]}, "properties": {"depth": 3.76}}, {"type": "Feature", "geometry": {"type": "Point", "coordinates": [73.784438, 18.538605]}, "properties": {"depth": 5.28}}, {"type": "Feature", "geometry": {"type": "Point", "coordinates": [73.784882, 18.538619]}, "properties": {"depth": 4.01}}, {"type": "Feature", "geometry": {"type": "Point", "coordinates": [73.784467, 18.538669]}, "properties": {"depth": 5.28}}, {"type": "Feature", "geometry": {"type": "Point", "coordinates": [73.784363, 18.538669]}, "properties": {"depth": 5.28}}, {"type": "Feature", "geometry": {"type": "Point", "coordinates": [73.784573, 18.538734]}, "properties": {"depth": 5.28}}, {"type": "Feature", "geometry": {"type": "Point", "coordinates": [73.785046, 18.538792]}, "properties": {"depth": 4.61}}, {"type": "Feature", "geometry": {"type": "Point", "coordinates": [73.786185, 18.538291]}, "properties": {"depth": 7.31}}, {"type": "Feature", "geometry": {"type": "Point", "coordinates": [73.785134, 18.538352]}, "properties": {"depth": 4.65}}, {"type": "Feature", "geometry": {"type": "Point", "coordinates": [73.785734, 18.538363]}, "properties": {"depth": 6.48}}, {"type": "Feature", "geometry": {"type": "Point", "coordinates": [73.785631, 18.538365]}, "properties": {"depth": 6.72}}, {"type": "Feature", "geometry": {"type": "Point", "coordinates": [73.785525, 18.538382]}, "properties": {"depth": 6.72}}, {"type": "Feature", "geometry": {"type": "Point", "coordinates": [73.785399, 18.538388]}, "properties": {"depth": 5.42}}, {"type": "Feature", "geometry": {"type": "Point", "coordinates": [73.785312, 18.538401]}, "properties": {"depth": 5.42}}, {"type": "Feature", "geometry": {"type": "Point", "coordinates": [73.78524, 18.538406]}, "properties": {"depth": 5.42}}, {"type": "Feature", "geometry": {"type": "Point", "coordinates": [73.785129, 18.538451]}, "properties": {"depth": 4.65}}, {"type": "Feature", "geometry": {"type": "Point", "coordinates": [73.785109, 18.539734]}, "properties": {"depth": 4.96}}, {"type": "Feature", "geometry": {"type": "Point", "coordinates": [73.786446, 18.538259]}, "properties": {"depth": 7.17}}, {"type": "Feature", "geometry": {"type": "Point", "coordinates": [73.786351, 18.538265]}, "properties": {"depth": 7.17}}, {"type": "Feature", "geometry": {"type": "Point", "coordinates": [73.787443, 18.538362]}, "properties": {"depth": 6.26}}, {"type": "Feature", "geometry": {"type": "Point", "coordinates": [73.784584, 18.539795]}, "properties": {"depth": 1.21}}, {"type": "Feature", "geometry": {"type": "Point", "coordinates": [73.784219, 18.543312]}, "properties": {"depth": 6.74}}, {"type": "Feature", "geometry": {"type": "Point", "coordinates": [73.783941, 18.54332]}, "properties": {"depth": 7.71}}, {"type": "Feature", "geometry": {"type": "Point", "coordinates": [73.780332, 18.542981]}, "properties": {"depth": 11.93}}, {"type": "Feature", "geometry": {"type": "Point", "coordinates": [73.782724, 18.542977]}, "properties": {"depth": 7.31}}, {"type": "Feature", "geometry": {"type": "Point", "coordinates": [73.782548, 18.542996]}, "properties": {"depth": 7.32}}, {"type": "Feature", "geometry": {"type": "Point", "coordinates": [73.782829, 18.543134]}, "properties": {"depth": 7.31}}, {"type": "Feature", "geometry": {"type": "Point", "coordinates": [73.782648, 18.54314]}, "properties": {"depth": 7.31}}, {"type": "Feature", "geometry": {"type": "Point", "coordinates": [73.782841, 18.543225]}, "properties": {"depth": 10.28}}, {"type": "Feature", "geometry": {"type": "Point", "coordinates": [73.782733, 18.543236]}, "properties": {"depth": 10.28}}, {"type": "Feature", "geometry": {"type": "Point", "coordinates": [73.782571, 18.543249]}, "properties": {"depth": 9.2}}, {"type": "Feature", "geometry": {"type": "Point", "coordinates": [73.782323, 18.543253]}, "properties": {"depth": 8.7}}, {"type": "Feature", "geometry": {"type": "Point", "coordinates": [73.781958, 18.543339]}, "properties": {"depth": 7.68}}, {"type": "Feature", "geometry": {"type": "Point", "coordinates": [73.782591, 18.543349]}, "properties": {"depth": 9.2}}, {"type": "Feature", "geometry": {"type": "Point", "coordinates": [73.78101, 18.543001]}, "properties": {"depth": 14.05}}, {"type": "Feature", "geometry": {"type": "Point", "coordinates": [73.780851, 18.543048]}, "properties": {"depth": 13.75}}, {"type": "Feature", "geometry": {"type": "Point", "coordinates": [73.78158, 18.543172]}, "properties": {"depth": 7.31}}, {"type": "Feature", "geometry": {"type": "Point", "coordinates": [73.781064, 18.543396]}, "properties": {"depth": 13.22}}, {"type": "Feature", "geometry": {"type": "Point", "coordinates": [73.781698, 18.543432]}, "properties": {"depth": 7.18}}, {"type": "Feature", "geometry": {"type": "Point", "coordinates": [73.781745, 18.543641]}, "properties": {"depth": 7.6}}, {"type": "Feature", "geometry": {"type": "Point", "coordinates": [73.781778, 18.54397]}, "properties": {"depth": 9.43}}, {"type": "Feature", "geometry": {"type": "Point", "coordinates": [73.781389, 18.544627]}, "properties": {"depth": 6.01}}, {"type": "Feature", "geometry": {"type": "Point", "coordinates": [73.781743, 18.544696]}, "properties": {"depth": 5.68}}, {"type": "Feature", "geometry": {"type": "Point", "coordinates": [73.783195, 18.543364]}, "properties": {"depth": 10.62}}, {"type": "Feature", "geometry": {"type": "Point", "coordinates": [73.783337, 18.543368]}, "properties": {"depth": 10.62}}, {"type": "Feature", "geometry": {"type": "Point", "coordinates": [73.783117, 18.543381]}, "properties": {"depth": 10.9}}, {"type": "Feature", "geometry": {"type": "Point", "coordinates": [73.782913, 18.543393]}, "properties": {"depth": 10.28}}, {"type": "Feature", "geometry": {"type": "Point", "coordinates": [73.783015, 18.543396]}, "properties": {"depth": 10.9}}, {"type": "Feature", "geometry": {"type": "Point", "coordinates": [73.783118, 18.543484]}, "properties": {"depth": 13.94}}, {"type": "Feature", "geometry": {"type": "Point", "coordinates": [73.783037, 18.543496]}, "properties": {"depth": 13.94}}, {"type": "Feature", "geometry": {"type": "Point", "coordinates": [73.783643, 18.543518]}, "properties": {"depth": 10.33}}, {"type": "Feature", "geometry": {"type": "Point", "coordinates": [73.783657, 18.543663]}, "properties": {"depth": 10.33}}, {"type": "Feature", "geometry": {"type": "Point", "coordinates": [73.783645, 18.544176]}, "properties": {"depth": 9.83}}, {"type": "Feature", "geometry": {"type": "Point", "coordinates": [73.782838, 18.543384]}, "properties": {"depth": 10.28}}, {"type": "Feature", "geometry": {"type": "Point", "coordinates": [73.782775, 18.543397]}, "properties": {"depth": 10.28}}, {"type": "Feature", "geometry": {"type": "Point", "coordinates": [73.782717, 18.543405]}, "properties": {"depth": 10.28}}, {"type": "Feature", "geometry": {"type": "Point", "coordinates": [73.782323, 18.543505]}, "properties": {"depth": 5.44}}, {"type": "Feature", "geometry": {"type": "Point", "coordinates": [73.782786, 18.543511]}, "properties": {"depth": 13.16}}, {"type": "Feature", "geometry": {"type": "Point", "coordinates": [73.782653, 18.543511]}, "properties": {"depth": 13.16}}, {"type": "Feature", "geometry": {"type": "Point", "coordinates": [73.782086, 18.543585]}, "properties": {"depth": 5.44}}, {"type": "Feature", "geometry": {"type": "Point", "coordinates": [73.782309, 18.54449]}, "properties": {"depth": 4.5}}, {"type": "Feature", "geometry": {"type": "Point", "coordinates": [73.782062, 18.544531]}, "properties": {"depth": 9.05}}, {"type": "Feature", "geometry": {"type": "Point", "coordinates": [73.782111, 18.544836]}, "properties": {"depth": 2.15}}, {"type": "Feature", "geometry": {"type": "Point", "coordinates": [73.78327, 18.542945]}, "properties": {"depth": 9.14}}, {"type": "Feature", "geometry": {"type": "Point", "coordinates": [73.783114, 18.543009]}, "properties": {"depth": 9.41}}, {"type": "Feature", "geometry": {"type": "Point", "coordinates": [73.783077, 18.543132]}, "properties": {"depth": 9.41}}, {"type": "Feature", "geometry": {"type": "Point", "coordinates": [73.783241, 18.543218]}, "properties": {"depth": 10.62}}, {"type": "Feature", "geometry": {"type": "Point", "coordinates": [73.783144, 18.54322]}, "properties": {"depth": 10.9}}, {"type": "Feature", "geometry": {"type": "Point", "coordinates": [73.78309, 18.543286]}, "properties": {"depth": 10.9}}, {"type": "Feature", "geometry": {"type": "Point", "coordinates": [73.783179, 18.543292]}, "properties": {"depth": 10.9}}, {"type": "Feature", "geometry": {"type": "Point", "coordinates": [73.783607, 18.543358]}, "properties": {"depth": 11.23}}, {"type": "Feature", "geometry": {"type": "Point", "coordinates": [73.784254, 18.543523]}, "properties": {"depth": 6.14}}, {"type": "Feature", "geometry": {"type": "Point", "coordinates": [73.783989, 18.543525]}, "properties": {"depth": 5.44}}, {"type": "Feature", "geometry": {"type": "Point", "coordinates": [73.785005, 18.544119]}, "properties": {"depth": 5.61}}, {"type": "Feature", "geometry": {"type": "Point", "coordinates": [73.784643, 18.54435]}, "properties": {"depth": 3.18}}, {"type": "Feature", "geometry": {"type": "Point", "coordinates": [73.784904, 18.544398]}, "properties": {"depth": 4.65}}, {"type": "Feature", "geometry": {"type": "Point", "coordinates": [73.784524, 18.544472]}, "properties": {"depth": 5.25}}, {"type": "Feature", "geometry": {"type": "Point", "coordinates": [73.784807, 18.544592]}, "properties": {"depth": 2.7}}, {"type": "Feature", "geometry": {"type": "Point", "coordinates": [73.784163, 18.544596]}, "properties": {"depth": 0.59}}, {"type": "Feature", "geometry": {"type": "Point", "coordinates": [73.784472, 18.544601]}, "properties": {"depth": 2.16}}, {"type": "Feature", "geometry": {"type": "Point", "coordinates": [73.784767, 18.544742]}, "properties": {"depth": 2.7}}, {"type": "Feature", "geometry": {"type": "Point", "coordinates": [73.784502, 18.544755]}, "properties": {"depth": 2.16}}, {"type": "Feature", "geometry": {"type": "Point", "coordinates": [73.784109, 18.54483]}, "properties": {"depth": 0.59}}, {"type": "Feature", "geometry": {"type": "Point", "coordinates": [73.78442, 18.544897]}, "properties": {"depth": 4.08}}, {"type": "Feature", "geometry": {"type": "Point", "coordinates": [73.785027, 18.545024]}, "properties": {"depth": 0.66}}, {"type": "Feature", "geometry": {"type": "Point", "coordinates": [73.784026, 18.545071]}, "properties": {"depth": 1.13}}, {"type": "Feature", "geometry": {"type": "Point", "coordinates": [73.784345, 18.545122]}, "properties": {"depth": 4.08}}, {"type": "Feature", "geometry": {"type": "Point", "coordinates": [73.784943, 18.545126]}, "properties": {"depth": 0.66}}, {"type": "Feature", "geometry": {"type": "Point", "coordinates": [73.784553, 18.545195]}, "properties": {"depth": 4.1}}, {"type": "Feature", "geometry": {"type": "Point", "coordinates": [73.784007, 18.545229]}, "properties": {"depth": 4.73}}, {"type": "Feature", "geometry": {"type": "Point", "coordinates": [73.783908, 18.545559]}, "properties": {"depth": 2.5}}, {"type": "Feature", "geometry": {"type": "Point", "coordinates": [73.784648, 18.545795]}, "properties": {"depth": 0.99}}, {"type": "Feature", "geometry": {"type": "Point", "coordinates": [73.784915, 18.545971]}, "properties": {"depth": 3.43}}, {"type": "Feature", "geometry": {"type": "Point", "coordinates": [73.785063, 18.544878]}, "properties": {"depth": 0.66}}, {"type": "Feature", "geometry": {"type": "Point", "coordinates": [73.783569, 18.544325]}, "properties": {"depth": 4.74}}, {"type": "Feature", "geometry": {"type": "Point", "coordinates": [73.782897, 18.544324]}, "properties": {"depth": 7.89}}, {"type": "Feature", "geometry": {"type": "Point", "coordinates": [73.783305, 18.544336]}, "properties": {"depth": 10.56}}, {"type": "Feature", "geometry": {"type": "Point", "coordinates": [73.783505, 18.544492]}, "properties": {"depth": 4.74}}, {"type": "Feature", "geometry": {"type": "Point", "coordinates": [73.783204, 18.544532]}, "properties": {"depth": 10.56}}, {"type": "Feature", "geometry": {"type": "Point", "coordinates": [73.782882, 18.544634]}, "properties": {"depth": 2.75}}, {"type": "Feature", "geometry": {"type": "Point", "coordinates": [73.783447, 18.544652]}, "properties": {"depth": 6.9}}, {"type": "Feature", "geometry": {"type": "Point", "coordinates": [73.783389, 18.544816]}, "properties": {"depth": 6.9}}, {"type": "Feature", "geometry": {"type": "Point", "coordinates": [73.783099, 18.544879]}, "properties": {"depth": 8.51}}, {"type": "Feature", "geometry": {"type": "Point", "coordinates": [73.783328, 18.544977]}, "properties": {"depth": 5.82}}, {"type": "Feature", "geometry": {"type": "Point", "coordinates": [73.783271, 18.545144]}, "properties": {"depth": 7.07}}, {"type": "Feature", "geometry": {"type": "Point", "coordinates": [73.783771, 18.545205]}, "properties": {"depth": 4.73}}, {"type": "Feature", "geometry": {"type": "Point", "coordinates": [73.783209, 18.545307]}, "properties": {"depth": 7.07}}, {"type": "Feature", "geometry": {"type": "Point", "coordinates": [73.783523, 18.545324]}, "properties": {"depth": 6.74}}, {"type": "Feature", "geometry": {"type": "Point", "coordinates": [73.783647, 18.545474]}, "properties": {"depth": 4.19}}, {"type": "Feature", "geometry": {"type": "Point", "coordinates": [73.783149, 18.54547]}, "properties": {"depth": 5.32}}, {"type": "Feature", "geometry": {"type": "Point", "coordinates": [73.783461, 18.545485]}, "properties": {"depth": 4.87}}, {"type": "Feature", "geometry": {"type": "Point", "coordinates": [73.783089, 18.545634]}, "properties": {"depth": 5.32}}, {"type": "Feature", "geometry": {"type": "Point", "coordinates": [73.783444, 18.545638]}, "properties": {"depth": 4.87}}, {"type": "Feature", "geometry": {"type": "Point", "coordinates": [73.783618, 18.545647]}, "properties": {"depth": 4.19}}, {"type": "Feature", "geometry": {"type": "Point", "coordinates": [73.782393, 18.54505]}, "properties": {"depth": 5.24}}, {"type": "Feature", "geometry": {"type": "Point", "coordinates": [73.782053, 18.545095]}, "properties": {"depth": 4.06}}, {"type": "Feature", "geometry": {"type": "Point", "coordinates": [73.782753, 18.545182]}, "properties": {"depth": 9.85}}, {"type": "Feature", "geometry": {"type": "Point", "coordinates": [73.782367, 18.545334]}, "properties": {"depth": 0.91}}, {"type": "Feature", "geometry": {"type": "Point", "coordinates": [73.782053, 18.54539]}, "properties": {"depth": 0.87}}, {"type": "Feature", "geometry": {"type": "Point", "coordinates": [73.782677, 18.545856]}, "properties": {"depth": 3.41}}, {"type": "Feature", "geometry": {"type": "Point", "coordinates": [73.782227, 18.546105]}, "properties": {"depth": 0.67}}, {"type": "Feature", "geometry": {"type": "Point", "coordinates": [73.78117, 18.544774]}, "properties": {"depth": 6.35}}, {"type": "Feature", "geometry": {"type": "Point", "coordinates": [73.781422, 18.544937]}, "properties": {"depth": 3.95}}, {"type": "Feature", "geometry": {"type": "Point", "coordinates": [73.781676, 18.545085]}, "properties": {"depth": 5.25}}, {"type": "Feature", "geometry": {"type": "Point", "coordinates": [73.781425, 18.54514]}, "properties": {"depth": 3.78}}, {"type": "Feature", "geometry": {"type": "Point", "coordinates": [73.781409, 18.545522]}, "properties": {"depth": 1.53}}, {"type": "Feature", "geometry": {"type": "Point", "coordinates": [73.781765, 18.545626]}, "properties": {"depth": 0.84}}, {"type": "Feature", "geometry": {"type": "Point", "coordinates": [73.781434, 18.545849]}, "properties": {"depth": 0.3}}, {"type": "Feature", "geometry": {"type": "Point", "coordinates": [73.783617, 18.545895]}, "properties": {"depth": 3.24}}, {"type": "Feature", "geometry": {"type": "Point", "coordinates": [73.783876, 18.545901]}, "properties": {"depth": 0.84}}, {"type": "Feature", "geometry": {"type": "Point", "coordinates": [73.783466, 18.545899]}, "properties": {"depth": 3.93}}, {"type": "Feature", "geometry": {"type": "Point", "coordinates": [73.78327, 18.5459]}, "properties": {"depth": 3.93}}, {"type": "Feature", "geometry": {"type": "Point", "coordinates": [73.783076, 18.545901]}, "properties": {"depth": 4.34}}, {"type": "Feature", "geometry": {"type": "Point", "coordinates": [73.791195, 18.561277]}, "properties": {"depth": 0.19}}, {"type": "Feature", "geometry": {"type": "Point", "coordinates": [73.790811, 18.561677]}, "properties": {"depth": 0.81}}, {"type": "Feature", "geometry": {"type": "Point", "coordinates": [73.789124, 18.563195]}, "properties": {"depth": 0.04}}, {"type": "Feature", "geometry": {"type": "Point", "coordinates": [73.789206, 18.563408]}, "properties": {"depth": 0.04}}, {"type": "Feature", "geometry": {"type": "Point", "coordinates": [73.790122, 18.563438]}, "properties": {"depth": 3.19}}, {"type": "Feature", "geometry": {"type": "Point", "coordinates": [73.789611, 18.563465]}, "properties": {"depth": 2.34}}, {"type": "Feature", "geometry": {"type": "Point", "coordinates": [73.789687, 18.563599]}, "properties": {"depth": 0.57}}, {"type": "Feature", "geometry": {"type": "Point", "coordinates": [73.83498, 18.505126]}, "properties": {"depth": 1.93}}, {"type": "Feature", "geometry": {"type": "Point", "coordinates": [73.835191, 18.505233]}, "properties": {"depth": 5.32}}, {"type": "Feature", "geometry": {"type": "Point", "coordinates": [73.834723, 18.505321]}, "properties": {"depth": 1.37}}, {"type": "Feature", "geometry": {"type": "Point", "coordinates": [73.834606, 18.505403]}, "properties": {"depth": 1.37}}, {"type": "Feature", "geometry": {"type": "Point", "coordinates": [73.834788, 18.505522]}, "properties": {"depth": 0.54}}, {"type": "Feature", "geometry": {"type": "Point", "coordinates": [73.835178, 18.505551]}, "properties": {"depth": 2.53}}, {"type": "Feature", "geometry": {"type": "Point", "coordinates": [73.834518, 18.505666]}, "properties": {"depth": 1.14}}, {"type": "Feature", "geometry": {"type": "Point", "coordinates": [73.834648, 18.506083]}, "properties": {"depth": 0.42}}, {"type": "Feature", "geometry": {"type": "Point", "coordinates": [73.835049, 18.506175]}, "properties": {"depth": 3.18}}, {"type": "Feature", "geometry": {"type": "Point", "coordinates": [73.83464, 18.506211]}, "properties": {"depth": 0.42}}, {"type": "Feature", "geometry": {"type": "Point", "coordinates": [73.834789, 18.506256]}, "properties": {"depth": 1.43}}, {"type": "Feature", "geometry": {"type": "Point", "coordinates": [73.834932, 18.506314]}, "properties": {"depth": 3.02}}, {"type": "Feature", "geometry": {"type": "Point", "coordinates": [73.834643, 18.506345]}, "properties": {"depth": 1.43}}, {"type": "Feature", "geometry": {"type": "Point", "coordinates": [73.834933, 18.506473]}, "properties": {"depth": 3.02}}, {"type": "Feature", "geometry": {"type": "Point", "coordinates": [73.834792, 18.506487]}, "properties": {"depth": 1.43}}, {"type": "Feature", "geometry": {"type": "Point", "coordinates": [73.835073, 18.506565]}, "properties": {"depth": 3.9}}, {"type": "Feature", "geometry": {"type": "Point", "coordinates": [73.834791, 18.506604]}, "properties": {"depth": 1.83}}, {"type": "Feature", "geometry": {"type": "Point", "coordinates": [73.83468, 18.506616]}, "properties": {"depth": 1.83}}, {"type": "Feature", "geometry": {"type": "Point", "coordinates": [73.834953, 18.506637]}, "properties": {"depth": 3.9}}, {"type": "Feature", "geometry": {"type": "Point", "coordinates": [73.834352, 18.506656]}, "properties": {"depth": 0.22}}, {"type": "Feature", "geometry": {"type": "Point", "coordinates": [73.83588, 18.507077]}, "properties": {"depth": 3.35}}, {"type": "Feature", "geometry": {"type": "Point", "coordinates": [73.836038, 18.5072]}, "properties": {"depth": 5.79}}, {"type": "Feature", "geometry": {"type": "Point", "coordinates": [73.836087, 18.508284]}, "properties": {"depth": 1.15}}, {"type": "Feature", "geometry": {"type": "Point", "coordinates": [73.836233, 18.508307]}, "properties": {"depth": 1.15}}, {"type": "Feature", "geometry": {"type": "Point", "coordinates": [73.836101, 18.508431]}, "properties": {"depth": 1.15}}, {"type": "Feature", "geometry": {"type": "Point", "coordinates": [73.836199, 18.50847]}, "properties": {"depth": 1.15}}, {"type": "Feature", "geometry": {"type": "Point", "coordinates": [73.836042, 18.508497]}, "properties": {"depth": 1.98}}, {"type": "Feature", "geometry": {"type": "Point", "coordinates": [73.836416, 18.50854]}, "properties": {"depth": 1.83}}, {"type": "Feature", "geometry": {"type": "Point", "coordinates": [73.836212, 18.508567]}, "properties": {"depth": 1.98}}, {"type": "Feature", "geometry": {"type": "Point", "coordinates": [73.836233, 18.508622]}, "properties": {"depth": 1.98}}, {"type": "Feature", "geometry": {"type": "Point", "coordinates": [73.8365, 18.508639]}, "properties": {"depth": 1.83}}, {"type": "Feature", "geometry": {"type": "Point", "coordinates": [73.836416, 18.508656]}, "properties": {"depth": 1.83}}, {"type": "Feature", "geometry": {"type": "Point", "coordinates": [73.83657, 18.508683]}, "properties": {"depth": 3.9}}, {"type": "Feature", "geometry": {"type": "Point", "coordinates": [73.836719, 18.509034]}, "properties": {"depth": 2.59}}, {"type": "Feature", "geometry": {"type": "Point", "coordinates": [73.836598, 18.509068]}, "properties": {"depth": 2.59}}, {"type": "Feature", "geometry": {"type": "Point", "coordinates": [73.812989, 18.529365]}, "properties": {"depth": 23.55}}, {"type": "Feature", "geometry": {"type": "Point", "coordinates": [73.812819, 18.529401]}, "properties": {"depth": 23.72}}, {"type": "Feature", "geometry": {"type": "Point", "coordinates": [73.813227, 18.529418]}, "properties": {"depth": 22.83}}, {"type": "Feature", "geometry": {"type": "Point", "coordinates": [73.813388, 18.529468]}, "properties": {"depth": 22.83}}, {"type": "Feature", "geometry": {"type": "Point", "coordinates": [73.81298, 18.529471]}, "properties": {"depth": 23.55}}, {"type": "Feature", "geometry": {"type": "Point", "coordinates": [73.812795, 18.529531]}, "properties": {"depth": 23.72}}, {"type": "Feature", "geometry": {"type": "Point", "coordinates": [73.813613, 18.529545]}, "properties": {"depth": 20.57}}, {"type": "Feature", "geometry": {"type": "Point", "coordinates": [73.81319, 18.529545]}, "properties": {"depth": 23.55}}, {"type": "Feature", "geometry": {"type": "Point", "coordinates": [73.812926, 18.529579]}, "properties": {"depth": 23.55}}, {"type": "Feature", "geometry": {"type": "Point", "coordinates": [73.813623, 18.530391]}, "properties": {"depth": 28.09}}, {"type": "Feature", "geometry": {"type": "Point", "coordinates": [73.814221, 18.530463]}, "properties": {"depth": 27.26}}, {"type": "Feature", "geometry": {"type": "Point", "coordinates": [73.813928, 18.530471]}, "properties": {"depth": 26.14}}, {"type": "Feature", "geometry": {"type": "Point", "coordinates": [73.813678, 18.530571]}, "properties": {"depth": 27.98}}, {"type": "Feature", "geometry": {"type": "Point", "coordinates": [73.813702, 18.530695]}, "properties": {"depth": 27.6}}, {"type": "Feature", "geometry": {"type": "Point", "coordinates": [73.813712, 18.530872]}, "properties": {"depth": 27.6}}, {"type": "Feature", "geometry": {"type": "Point", "coordinates": [73.84514, 18.52672]}, "properties": {"depth": 4.17}}, {"type": "Feature", "geometry": {"type": "Point", "coordinates": [73.845484, 18.526978]}, "properties": {"depth": 3.46}}, {"type": "Feature", "geometry": {"type": "Point", "coordinates": [73.844592, 18.526761]}, "properties": {"depth": 2.65}}, {"type": "Feature", "geometry": {"type": "Point", "coordinates": [73.844606, 18.527322]}, "properties": {"depth": 5.53}}, {"type": "Feature", "geometry": {"type": "Point", "coordinates": [73.844686, 18.527364]}, "properties": {"depth": 7.17}}, {"type": "Feature", "geometry": {"type": "Point", "coordinates": [73.844031, 18.527493]}, "properties": {"depth": 0.52}}, {"type": "Feature", "geometry": {"type": "Point", "coordinates": [73.844831, 18.527521]}, "properties": {"depth": 7.17}}, {"type": "Feature", "geometry": {"type": "Point", "coordinates": [73.845215, 18.52706]}, "properties": {"depth": 3.02}}, {"type": "Feature", "geometry": {"type": "Point", "coordinates": [73.845464, 18.527254]}, "properties": {"depth": 4.2}}, {"type": "Feature", "geometry": {"type": "Point", "coordinates": [73.845301, 18.527303]}, "properties": {"depth": 4.24}}, {"type": "Feature", "geometry": {"type": "Point", "coordinates": [73.845163, 18.527347]}, "properties": {"depth": 4.24}}, {"type": "Feature", "geometry": {"type": "Point", "coordinates": [73.845331, 18.527447]}, "properties": {"depth": 6.07}}, {"type": "Feature", "geometry": {"type": "Point", "coordinates": [73.845427, 18.527499]}, "properties": {"depth": 6.75}}, {"type": "Feature", "geometry": {"type": "Point", "coordinates": [73.845168, 18.527543]}, "properties": {"depth": 6.07}}, {"type": "Feature", "geometry": {"type": "Point", "coordinates": [73.845584, 18.527655]}, "properties": {"depth": 5.35}}, {"type": "Feature", "geometry": {"type": "Point", "coordinates": [73.845325, 18.527655]}, "properties": {"depth": 4.78}}, {"type": "Feature", "geometry": {"type": "Point", "coordinates": [73.845411, 18.527685]}, "properties": {"depth": 4.78}}, {"type": "Feature", "geometry": {"type": "Point", "coordinates": [73.844689, 18.527532]}, "properties": {"depth": 7.17}}, {"type": "Feature", "geometry": {"type": "Point", "coordinates": [73.844411, 18.52755]}, "properties": {"depth": 6.67}}, {"type": "Feature", "geometry": {"type": "Point", "coordinates": [73.844259, 18.527558]}, "properties": {"depth": 0.52}}, {"type": "Feature", "geometry": {"type": "Point", "coordinates": [73.844082, 18.527681]}, "properties": {"depth": 1.88}}, {"type": "Feature", "geometry": {"type": "Point", "coordinates": [73.84468, 18.527709]}, "properties": {"depth": 6.73}}, {"type": "Feature", "geometry": {"type": "Point", "coordinates": [73.844266, 18.527894]}, "properties": {"depth": 1.88}}, {"type": "Feature", "geometry": {"type": "Point", "coordinates": [73.844074, 18.527944]}, "properties": {"depth": 5.34}}, {"type": "Feature", "geometry": {"type": "Point", "coordinates": [73.844719, 18.527992]}, "properties": {"depth": 8.22}}, {"type": "Feature", "geometry": {"type": "Point", "coordinates": [73.844065, 18.528175]}, "properties": {"depth": 5.34}}, {"type": "Feature", "geometry": {"type": "Point", "coordinates": [73.844709, 18.528178]}, "properties": {"depth": 8.22}}, {"type": "Feature", "geometry": {"type": "Point", "coordinates": [73.843551, 18.527703]}, "properties": {"depth": 0.78}}, {"type": "Feature", "geometry": {"type": "Point", "coordinates": [73.843216, 18.527756]}, "properties": {"depth": 1.83}}, {"type": "Feature", "geometry": {"type": "Point", "coordinates": [73.843791, 18.527978]}, "properties": {"depth": 1.59}}, {"type": "Feature", "geometry": {"type": "Point", "coordinates": [73.842131, 18.52732]}, "properties": {"depth": 0.65}}, {"type": "Feature", "geometry": {"type": "Point", "coordinates": [73.842343, 18.527806]}, "properties": {"depth": 0.2}}, {"type": "Feature", "geometry": {"type": "Point", "coordinates": [73.842109, 18.527991]}, "properties": {"depth": 1.71}}, {"type": "Feature", "geometry": {"type": "Point", "coordinates": [73.842366, 18.528089]}, "properties": {"depth": 2.29}}, {"type": "Feature", "geometry": {"type": "Point", "coordinates": [73.842046, 18.528479]}, "properties": {"depth": 6.0}}, {"type": "Feature", "geometry": {"type": "Point", "coordinates": [73.840194, 18.528846]}, "properties": {"depth": 2.01}}, {"type": "Feature", "geometry": {"type": "Point", "coordinates": [73.840682, 18.528897]}, "properties": {"depth": 0.05}}, {"type": "Feature", "geometry": {"type": "Point", "coordinates": [73.840584, 18.529352]}, "properties": {"depth": 0.55}}, {"type": "Feature", "geometry": {"type": "Point", "coordinates": [73.840731, 18.528655]}, "properties": {"depth": 0.26}}, {"type": "Feature", "geometry": {"type": "Point", "coordinates": [73.841104, 18.529351]}, "properties": {"depth": 0.24}}, {"type": "Feature", "geometry": {"type": "Point", "coordinates": [73.84156, 18.529603]}, "properties": {"depth": 1.97}}, {"type": "Feature", "geometry": {"type": "Point", "coordinates": [73.841203, 18.529814]}, "properties": {"depth": 2.14}}, {"type": "Feature", "geometry": {"type": "Point", "coordinates": [73.841412, 18.529842]}, "properties": {"depth": 0.15}}, {"type": "Feature", "geometry": {"type": "Point", "coordinates": [73.841429, 18.530041]}, "properties": {"depth": 3.59}}, {"type": "Feature", "geometry": {"type": "Point", "coordinates": [73.841383, 18.530238]}, "properties": {"depth": 3.18}}, {"type": "Feature", "geometry": {"type": "Point", "coordinates": [73.839962, 18.529669]}, "properties": {"depth": 1.41}}, {"type": "Feature", "geometry": {"type": "Point", "coordinates": [73.840136, 18.529683]}, "properties": {"depth": 1.41}}, {"type": "Feature", "geometry": {"type": "Point", "coordinates": [73.840666, 18.529778]}, "properties": {"depth": 6.14}}, {"type": "Feature", "geometry": {"type": "Point", "coordinates": [73.839814, 18.52992]}, "properties": {"depth": 0.1}}, {"type": "Feature", "geometry": {"type": "Point", "coordinates": [73.839787, 18.530123]}, "properties": {"depth": 0.1}}, {"type": "Feature", "geometry": {"type": "Point", "coordinates": [73.840048, 18.530208]}, "properties": {"depth": 0.37}}, {"type": "Feature", "geometry": {"type": "Point", "coordinates": [73.840947, 18.530318]}, "properties": {"depth": 4.95}}, {"type": "Feature", "geometry": {"type": "Point", "coordinates": [73.842504, 18.530362]}, "properties": {"depth": 1.29}}, {"type": "Feature", "geometry": {"type": "Point", "coordinates": [73.841881, 18.530366]}, "properties": {"depth": 0.36}}, {"type": "Feature", "geometry": {"type": "Point", "coordinates": [73.842349, 18.530369]}, "properties": {"depth": 3.46}}, {"type": "Feature", "geometry": {"type": "Point", "coordinates": [73.842051, 18.530373]}, "properties": {"depth": 0.36}}, {"type": "Feature", "geometry": {"type": "Point", "coordinates": [73.84174, 18.530402]}, "properties": {"depth": 2.47}}, {"type": "Feature", "geometry": {"type": "Point", "coordinates": [73.841414, 18.530412]}, "properties": {"depth": 3.18}}, {"type": "Feature", "geometry": {"type": "Point", "coordinates": [73.841405, 18.530589]}, "properties": {"depth": 1.1}}, {"type": "Feature", "geometry": {"type": "Point", "coordinates": [73.842501, 18.530682]}, "properties": {"depth": 6.82}}, {"type": "Feature", "geometry": {"type": "Point", "coordinates": [73.841867, 18.530695]}, "properties": {"depth": 0.55}}, {"type": "Feature", "geometry": {"type": "Point", "coordinates": [73.843266, 18.528295]}, "properties": {"depth": 0.01}}, {"type": "Feature", "geometry": {"type": "Point", "coordinates": [73.84379, 18.528313]}, "properties": {"depth": 7.88}}, {"type": "Feature", "geometry": {"type": "Point", "coordinates": [73.842793, 18.52856]}, "properties": {"depth": 1.91}}, {"type": "Feature", "geometry": {"type": "Point", "coordinates": [73.843414, 18.528611]}, "properties": {"depth": 4.9}}, {"type": "Feature", "geometry": {"type": "Point", "coordinates": [73.842728, 18.528716]}, "properties": {"depth": 1.91}}, {"type": "Feature", "geometry": {"type": "Point", "coordinates": [73.842839, 18.528911]}, "properties": {"depth": 3.03}}, {"type": "Feature", "geometry": {"type": "Point", "coordinates": [73.843702, 18.528994]}, "properties": {"depth": 8.52}}, {"type": "Feature", "geometry": {"type": "Point", "coordinates": [73.843, 18.52908]}, "properties": {"depth": 4.83}}, {"type": "Feature", "geometry": {"type": "Point", "coordinates": [73.843206, 18.529302]}, "properties": {"depth": 3.73}}, {"type": "Feature", "geometry": {"type": "Point", "coordinates": [73.842894, 18.529337]}, "properties": {"depth": 3.39}}, {"type": "Feature", "geometry": {"type": "Point", "coordinates": [73.844572, 18.528188]}, "properties": {"depth": 7.89}}, {"type": "Feature", "geometry": {"type": "Point", "coordinates": [73.844421, 18.528203]}, "properties": {"depth": 8.68}}, {"type": "Feature", "geometry": {"type": "Point", "coordinates": [73.844758, 18.528369]}, "properties": {"depth": 7.17}}, {"type": "Feature", "geometry": {"type": "Point", "coordinates": [73.844498, 18.52838]}, "properties": {"depth": 8.68}}, {"type": "Feature", "geometry": {"type": "Point", "coordinates": [73.844295, 18.528387]}, "properties": {"depth": 8.05}}, {"type": "Feature", "geometry": {"type": "Point", "coordinates": [73.844027, 18.528585]}, "properties": {"depth": 9.28}}, {"type": "Feature", "geometry": {"type": "Point", "coordinates": [73.844702, 18.528722]}, "properties": {"depth": 5.75}}, {"type": "Feature", "geometry": {"type": "Point", "coordinates": [73.844271, 18.528765]}, "properties": {"depth": 7.9}}, {"type": "Feature", "geometry": {"type": "Point", "coordinates": [73.844026, 18.529665]}, "properties": {"depth": 7.26}}, {"type": "Feature", "geometry": {"type": "Point", "coordinates": [73.843961, 18.529743]}, "properties": {"depth": 7.26}}, {"type": "Feature", "geometry": {"type": "Point", "coordinates": [73.845166, 18.52769]}, "properties": {"depth": 4.78}}, {"type": "Feature", "geometry": {"type": "Point", "coordinates": [73.845499, 18.527722]}, "properties": {"depth": 5.35}}, {"type": "Feature", "geometry": {"type": "Point", "coordinates": [73.845396, 18.528017]}, "properties": {"depth": 8.21}}, {"type": "Feature", "geometry": {"type": "Point", "coordinates": [73.845361, 18.528151]}, "properties": {"depth": 8.21}}, {"type": "Feature", "geometry": {"type": "Point", "coordinates": [73.845009, 18.528372]}, "properties": {"depth": 6.79}}, {"type": "Feature", "geometry": {"type": "Point", "coordinates": [73.845462, 18.528666]}, "properties": {"depth": 3.49}}, {"type": "Feature", "geometry": {"type": "Point", "coordinates": [73.843777, 18.529438]}, "properties": {"depth": 4.63}}, {"type": "Feature", "geometry": {"type": "Point", "coordinates": [73.843372, 18.52958]}, "properties": {"depth": 4.81}}, {"type": "Feature", "geometry": {"type": "Point", "coordinates": [73.842852, 18.529567]}, "properties": {"depth": 3.39}}, {"type": "Feature", "geometry": {"type": "Point", "coordinates": [73.843117, 18.529629]}, "properties": {"depth": 4.0}}, {"type": "Feature", "geometry": {"type": "Point", "coordinates": [73.842871, 18.529735]}, "properties": {"depth": 3.06}}, {"type": "Feature", "geometry": {"type": "Point", "coordinates": [73.843266, 18.529996]}, "properties": {"depth": 5.22}}, {"type": "Feature", "geometry": {"type": "Point", "coordinates": [73.843589, 18.530035]}, "properties": {"depth": 9.7}}, {"type": "Feature", "geometry": {"type": "Point", "coordinates": [73.843097, 18.530082]}, "properties": {"depth": 3.27}}, {"type": "Feature", "geometry": {"type": "Point", "coordinates": [73.842803, 18.530211]}, "properties": {"depth": 4.39}}, {"type": "Feature", "geometry": {"type": "Point", "coordinates": [73.8438, 18.530226]}, "properties": {"depth": 6.1}}, {"type": "Feature", "geometry": {"type": "Point", "coordinates": [73.842645, 18.530257]}, "properties": {"depth": 4.39}}, {"type": "Feature", "geometry": {"type": "Point", "coordinates": [73.843625, 18.530291]}, "properties": {"depth": 9.89}}, {"type": "Feature", "geometry": {"type": "Point", "coordinates": [73.843416, 18.530345]}, "properties": {"depth": 6.58}}, {"type": "Feature", "geometry": {"type": "Point", "coordinates": [73.843231, 18.530413]}, "properties": {"depth": 6.58}}, {"type": "Feature", "geometry": {"type": "Point", "coordinates": [73.843079, 18.530434]}, "properties": {"depth": 6.09}}, {"type": "Feature", "geometry": {"type": "Point", "coordinates": [73.843791, 18.530553]}, "properties": {"depth": 4.04}}, {"type": "Feature", "geometry": {"type": "Point", "coordinates": [73.842886, 18.53055]}, "properties": {"depth": 0.21}}, {"type": "Feature", "geometry": {"type": "Point", "coordinates": [73.842687, 18.530656]}, "properties": {"depth": 0.21}}, {"type": "Feature", "geometry": {"type": "Point", "coordinates": [73.843601, 18.530706]}, "properties": {"depth": 4.3}}, {"type": "Feature", "geometry": {"type": "Point", "coordinates": [73.843305, 18.530769]}, "properties": {"depth": 5.95}}, {"type": "Feature", "geometry": {"type": "Point", "coordinates": [73.843087, 18.530851]}, "properties": {"depth": 5.5}}, {"type": "Feature", "geometry": {"type": "Point", "coordinates": [73.843491, 18.530994]}, "properties": {"depth": 4.89}}, {"type": "Feature", "geometry": {"type": "Point", "coordinates": [73.843134, 18.531042]}, "properties": {"depth": 5.29}}, {"type": "Feature", "geometry": {"type": "Point", "coordinates": [73.842788, 18.531101]}, "properties": {"depth": 1.43}}, {"type": "Feature", "geometry": {"type": "Point", "coordinates": [73.843798, 18.531209]}, "properties": {"depth": 5.29}}, {"type": "Feature", "geometry": {"type": "Point", "coordinates": [73.842927, 18.531221]}, "properties": {"depth": 5.29}}, {"type": "Feature", "geometry": {"type": "Point", "coordinates": [73.84331, 18.531276]}, "properties": {"depth": 6.32}}, {"type": "Feature", "geometry": {"type": "Point", "coordinates": [73.842741, 18.531404]}, "properties": {"depth": 0.09}}, {"type": "Feature", "geometry": {"type": "Point", "coordinates": [73.842912, 18.531537]}, "properties": {"depth": 1.13}}, {"type": "Feature", "geometry": {"type": "Point", "coordinates": [73.84333, 18.531629]}, "properties": {"depth": 6.62}}, {"type": "Feature", "geometry": {"type": "Point", "coordinates": [73.842484, 18.531261]}, "properties": {"depth": 2.96}}, {"type": "Feature", "geometry": {"type": "Point", "coordinates": [73.842025, 18.531385]}, "properties": {"depth": 1.17}}, {"type": "Feature", "geometry": {"type": "Point", "coordinates": [73.841745, 18.531468]}, "properties": {"depth": 2.34}}, {"type": "Feature", "geometry": {"type": "Point", "coordinates": [73.842295, 18.531509]}, "properties": {"depth": 1.47}}, {"type": "Feature", "geometry": {"type": "Point", "coordinates": [73.842294, 18.531692]}, "properties": {"depth": 0.26}}, {"type": "Feature", "geometry": {"type": "Point", "coordinates": [73.841744, 18.531725]}, "properties": {"depth": 2.67}}, {"type": "Feature", "geometry": {"type": "Point", "coordinates": [73.841997, 18.531904]}, "properties": {"depth": 7.34}}, {"type": "Feature", "geometry": {"type": "Point", "coordinates": [73.841698, 18.53192]}, "properties": {"depth": 5.75}}, {"type": "Feature", "geometry": {"type": "Point", "coordinates": [73.841485, 18.53197]}, "properties": {"depth": 6.42}}, {"type": "Feature", "geometry": {"type": "Point", "coordinates": [73.844242, 18.530337]}, "properties": {"depth": 9.09}}, {"type": "Feature", "geometry": {"type": "Point", "coordinates": [73.843946, 18.530524]}, "properties": {"depth": 4.04}}, {"type": "Feature", "geometry": {"type": "Point", "coordinates": [73.843958, 18.530773]}, "properties": {"depth": 3.81}}, {"type": "Feature", "geometry": {"type": "Point", "coordinates": [73.844014, 18.532077]}, "properties": {"depth": 5.45}}, {"type": "Feature", "geometry": {"type": "Point", "coordinates": [73.844029, 18.532336]}, "properties": {"depth": 5.73}}, {"type": "Feature", "geometry": {"type": "Point", "coordinates": [73.842608, 18.53192]}, "properties": {"depth": 0.69}}, {"type": "Feature", "geometry": {"type": "Point", "coordinates": [73.843377, 18.532324]}, "properties": {"depth": 1.86}}, {"type": "Feature", "geometry": {"type": "Point", "coordinates": [73.844988, 18.532509]}, "properties": {"depth": 9.82}}, {"type": "Feature", "geometry": {"type": "Point", "coordinates": [73.812661, 18.529204]}, "properties": {"depth": 22.92}}, {"type": "Feature", "geometry": {"type": "Point", "coordinates": [73.812466, 18.529318]}, "properties": {"depth": 25.07}}, {"type": "Feature", "geometry": {"type": "Point", "coordinates": [73.81262, 18.529367]}, "properties": {"depth": 25.07}}, {"type": "Feature", "geometry": {"type": "Point", "coordinates": [73.812413, 18.529415]}, "properties": {"depth": 25.07}}, {"type": "Feature", "geometry": {"type": "Point", "coordinates": [73.812614, 18.529479]}, "properties": {"depth": 25.07}}, {"type": "Feature", "geometry": {"type": "Point", "coordinates": [73.812396, 18.529528]}, "properties": {"depth": 25.07}}, {"type": "Feature", "geometry": {"type": "Point", "coordinates": [73.812584, 18.529601]}, "properties": {"depth": 26.84}}, {"type": "Feature", "geometry": {"type": "Point", "coordinates": [73.812395, 18.529655]}, "properties": {"depth": 26.84}}, {"type": "Feature", "geometry": {"type": "Point", "coordinates": [73.812525, 18.52968]}, "properties": {"depth": 26.84}}, {"type": "Feature", "geometry": {"type": "Point", "coordinates": [73.812159, 18.5297]}, "properties": {"depth": 28.98}}, {"type": "Feature", "geometry": {"type": "Point", "coordinates": [73.813371, 18.529588]}, "properties": {"depth": 23.73}}, {"type": "Feature", "geometry": {"type": "Point", "coordinates": [73.81278, 18.529648]}, "properties": {"depth": 25.06}}, {"type": "Feature", "geometry": {"type": "Point", "coordinates": [73.81361, 18.529686]}, "properties": {"depth": 23.68}}, {"type": "Feature", "geometry": {"type": "Point", "coordinates": [73.812935, 18.529694]}, "properties": {"depth": 25.32}}, {"type": "Feature", "geometry": {"type": "Point", "coordinates": [73.812756, 18.529761]}, "properties": {"depth": 25.06}}, {"type": "Feature", "geometry": {"type": "Point", "coordinates": [73.813549, 18.529773]}, "properties": {"depth": 23.68}}, {"type": "Feature", "geometry": {"type": "Point", "coordinates": [73.812914, 18.529783]}, "properties": {"depth": 25.06}}, {"type": "Feature", "geometry": {"type": "Point", "coordinates": [73.813557, 18.529878]}, "properties": {"depth": 27.34}}, {"type": "Feature", "geometry": {"type": "Point", "coordinates": [73.812878, 18.529887]}, "properties": {"depth": 27.98}}, {"type": "Feature", "geometry": {"type": "Point", "coordinates": [73.813148, 18.529916]}, "properties": {"depth": 25.65}}, {"type": "Feature", "geometry": {"type": "Point", "coordinates": [73.812349, 18.52975]}, "properties": {"depth": 28.98}}, {"type": "Feature", "geometry": {"type": "Point", "coordinates": [73.812517, 18.529791]}, "properties": {"depth": 26.84}}, {"type": "Feature", "geometry": {"type": "Point", "coordinates": [73.812136, 18.52981]}, "properties": {"depth": 28.98}}, {"type": "Feature", "geometry": {"type": "Point", "coordinates": [73.812304, 18.529845]}, "properties": {"depth": 28.98}}, {"type": "Feature", "geometry": {"type": "Point", "coordinates": [73.812491, 18.529893]}, "properties": {"depth": 28.07}}, {"type": "Feature", "geometry": {"type": "Point", "coordinates": [73.812688, 18.529968]}, "properties": {"depth": 27.98}}, {"type": "Feature", "geometry": {"type": "Point", "coordinates": [73.813308, 18.529932]}, "properties": {"depth": 25.81}}, {"type": "Feature", "geometry": {"type": "Point", "coordinates": [73.81352, 18.529978]}, "properties": {"depth": 27.34}}, {"type": "Feature", "geometry": {"type": "Point", "coordinates": [73.812871, 18.529995]}, "properties": {"depth": 27.98}}, {"type": "Feature", "geometry": {"type": "Point", "coordinates": [73.813128, 18.530008]}, "properties": {"depth": 25.65}}, {"type": "Feature", "geometry": {"type": "Point", "coordinates": [73.813272, 18.530019]}, "properties": {"depth": 25.81}}, {"type": "Feature", "geometry": {"type": "Point", "coordinates": [73.813497, 18.530102]}, "properties": {"depth": 27.34}}, {"type": "Feature", "geometry": {"type": "Point", "coordinates": [73.812836, 18.5301]}, "properties": {"depth": 27.98}}, {"type": "Feature", "geometry": {"type": "Point", "coordinates": [73.81326, 18.53013]}, "properties": {"depth": 25.81}}, {"type": "Feature", "geometry": {"type": "Point", "coordinates": [73.813489, 18.530217]}, "properties": {"depth": 28.09}}, {"type": "Feature", "geometry": {"type": "Point", "coordinates": [73.813083, 18.530225]}, "properties": {"depth": 27.72}}, {"type": "Feature", "geometry": {"type": "Point", "coordinates": [73.812301, 18.530034]}, "properties": {"depth": 29.64}}, {"type": "Feature", "geometry": {"type": "Point", "coordinates": [73.812441, 18.530062]}, "properties": {"depth": 28.07}}, {"type": "Feature", "geometry": {"type": "Point", "coordinates": [73.812652, 18.530075]}, "properties": {"depth": 27.98}}, {"type": "Feature", "geometry": {"type": "Point", "coordinates": [73.812244, 18.530126]}, "properties": {"depth": 29.64}}, {"type": "Feature", "geometry": {"type": "Point", "coordinates": [73.812624, 18.53018]}, "properties": {"depth": 30.58}}, {"type": "Feature", "geometry": {"type": "Point", "coordinates": [73.813251, 18.530239]}, "properties": {"depth": 26.89}}, {"type": "Feature", "geometry": {"type": "Point", "coordinates": [73.813418, 18.530393]}, "properties": {"depth": 26.89}}, {"type": "Feature", "geometry": {"type": "Point", "coordinates": [73.813239, 18.530404]}, "properties": {"depth": 26.89}}, {"type": "Feature", "geometry": {"type": "Point", "coordinates": [73.813501, 18.530589]}, "properties": {"depth": 27.98}}, {"type": "Feature", "geometry": {"type": "Point", "coordinates": [73.813261, 18.530599]}, "properties": {"depth": 29.57}}, {"type": "Feature", "geometry": {"type": "Point", "coordinates": [73.813517, 18.530722]}, "properties": {"depth": 27.6}}, {"type": "Feature", "geometry": {"type": "Point", "coordinates": [73.81328, 18.530792]}, "properties": {"depth": 30.43}}, {"type": "Feature", "geometry": {"type": "Point", "coordinates": [73.813527, 18.530905]}, "properties": {"depth": 27.6}}, {"type": "Feature", "geometry": {"type": "Point", "coordinates": [73.8133, 18.530979]}, "properties": {"depth": 30.21}}, {"type": "Feature", "geometry": {"type": "Point", "coordinates": [73.813544, 18.531032]}, "properties": {"depth": 27.51}}, {"type": "Feature", "geometry": {"type": "Point", "coordinates": [73.812232, 18.530234]}, "properties": {"depth": 29.06}}, {"type": "Feature", "geometry": {"type": "Point", "coordinates": [73.81181, 18.530601]}, "properties": {"depth": 28.97}}, {"type": "Feature", "geometry": {"type": "Point", "coordinates": [73.812559, 18.530942]}, "properties": {"depth": 30.52}}, {"type": "Feature", "geometry": {"type": "Point", "coordinates": [73.812056, 18.530966]}, "properties": {"depth": 29.5}}, {"type": "Feature", "geometry": {"type": "Point", "coordinates": [73.812341, 18.530963]}, "properties": {"depth": 32.14}}, {"type": "Feature", "geometry": {"type": "Point", "coordinates": [73.812056, 18.531086]}, "properties": {"depth": 27.41}}, {"type": "Feature", "geometry": {"type": "Point", "coordinates": [73.811812, 18.531126]}, "properties": {"depth": 27.41}}, {"type": "Feature", "geometry": {"type": "Point", "coordinates": [73.812338, 18.531154]}, "properties": {"depth": 30.33}}, {"type": "Feature", "geometry": {"type": "Point", "coordinates": [73.812072, 18.531229]}, "properties": {"depth": 27.41}}, {"type": "Feature", "geometry": {"type": "Point", "coordinates": [73.812701, 18.531287]}, "properties": {"depth": 31.2}}, {"type": "Feature", "geometry": {"type": "Point", "coordinates": [73.812347, 18.531305]}, "properties": {"depth": 32.47}}, {"type": "Feature", "geometry": {"type": "Point", "coordinates": [73.8121, 18.531362]}, "properties": {"depth": 32.47}}, {"type": "Feature", "geometry": {"type": "Point", "coordinates": [73.811818, 18.53137]}, "properties": {"depth": 29.06}}, {"type": "Feature", "geometry": {"type": "Point", "coordinates": [73.81237, 18.531435]}, "properties": {"depth": 30.36}}, {"type": "Feature", "geometry": {"type": "Point", "coordinates": [73.812657, 18.531468]}, "properties": {"depth": 31.2}}, {"type": "Feature", "geometry": {"type": "Point", "coordinates": [73.812073, 18.53149]}, "properties": {"depth": 29.06}}, {"type": "Feature", "geometry": {"type": "Point", "coordinates": [73.812402, 18.531584]}, "properties": {"depth": 29.43}}, {"type": "Feature", "geometry": {"type": "Point", "coordinates": [73.811872, 18.531595]}, "properties": {"depth": 27.1}}, {"type": "Feature", "geometry": {"type": "Point", "coordinates": [73.812105, 18.531617]}, "properties": {"depth": 29.65}}, {"type": "Feature", "geometry": {"type": "Point", "coordinates": [73.812633, 18.531638]}, "properties": {"depth": 29.43}}, {"type": "Feature", "geometry": {"type": "Point", "coordinates": [73.812711, 18.531129]}, "properties": {"depth": 32.96}}, {"type": "Feature", "geometry": {"type": "Point", "coordinates": [73.813319, 18.531189]}, "properties": {"depth": 30.21}}, {"type": "Feature", "geometry": {"type": "Point", "coordinates": [73.813582, 18.531242]}, "properties": {"depth": 27.51}}, {"type": "Feature", "geometry": {"type": "Point", "coordinates": [73.813238, 18.531383]}, "properties": {"depth": 30.57}}, {"type": "Feature", "geometry": {"type": "Point", "coordinates": [73.813516, 18.531585]}, "properties": {"depth": 21.51}}, {"type": "Feature", "geometry": {"type": "Point", "coordinates": [73.812883, 18.531587]}, "properties": {"depth": 32.53}}, {"type": "Feature", "geometry": {"type": "Point", "coordinates": [73.813346, 18.531666]}, "properties": {"depth": 28.48}}, {"type": "Feature", "geometry": {"type": "Point", "coordinates": [73.813185, 18.531753]}, "properties": {"depth": 31.19}}, {"type": "Feature", "geometry": {"type": "Point", "coordinates": [73.813495, 18.531802]}, "properties": {"depth": 21.51}}, {"type": "Feature", "geometry": {"type": "Point", "coordinates": [73.813036, 18.531834]}, "properties": {"depth": 26.19}}, {"type": "Feature", "geometry": {"type": "Point", "coordinates": [73.8126, 18.531803]}, "properties": {"depth": 29.43}}, {"type": "Feature", "geometry": {"type": "Point", "coordinates": [73.812272, 18.531847]}, "properties": {"depth": 29.25}}, {"type": "Feature", "geometry": {"type": "Point", "coordinates": [73.812575, 18.531986]}, "properties": {"depth": 29.12}}, {"type": "Feature", "geometry": {"type": "Point", "coordinates": [73.812219, 18.532089]}, "properties": {"depth": 29.32}}, {"type": "Feature", "geometry": {"type": "Point", "coordinates": [73.811849, 18.532118]}, "properties": {"depth": 29.18}}, {"type": "Feature", "geometry": {"type": "Point", "coordinates": [73.811962, 18.532361]}, "properties": {"depth": 29.18}}, {"type": "Feature", "geometry": {"type": "Point", "coordinates": [73.812229, 18.532407]}, "properties": {"depth": 28.72}}, {"type": "Feature", "geometry": {"type": "Point", "coordinates": [73.812234, 18.53257]}, "properties": {"depth": 28.72}}, {"type": "Feature", "geometry": {"type": "Point", "coordinates": [73.814091, 18.530886]}, "properties": {"depth": 22.33}}, {"type": "Feature", "geometry": {"type": "Point", "coordinates": [73.814474, 18.530967]}, "properties": {"depth": 19.01}}, {"type": "Feature", "geometry": {"type": "Point", "coordinates": [73.813731, 18.531008]}, "properties": {"depth": 27.51}}, {"type": "Feature", "geometry": {"type": "Point", "coordinates": [73.814314, 18.531131]}, "properties": {"depth": 19.56}}, {"type": "Feature", "geometry": {"type": "Point", "coordinates": [73.813735, 18.531192]}, "properties": {"depth": 27.51}}, {"type": "Feature", "geometry": {"type": "Point", "coordinates": [73.814105, 18.531258]}, "properties": {"depth": 21.34}}, {"type": "Feature", "geometry": {"type": "Point", "coordinates": [73.813843, 18.531424]}, "properties": {"depth": 26.1}}, {"type": "Feature", "geometry": {"type": "Point", "coordinates": [73.813685, 18.531504]}, "properties": {"depth": 29.01}}, {"type": "Feature", "geometry": {"type": "Point", "coordinates": [73.813851, 18.531959]}, "properties": {"depth": 15.0}}, {"type": "Feature", "geometry": {"type": "Point", "coordinates": [73.811988, 18.532579]}, "properties": {"depth": 28.27}}, {"type": "Feature", "geometry": {"type": "Point", "coordinates": [73.81223, 18.53277]}, "properties": {"depth": 27.1}}, {"type": "Feature", "geometry": {"type": "Point", "coordinates": [73.812012, 18.532797]}, "properties": {"depth": 26.81}}, {"type": "Feature", "geometry": {"type": "Point", "coordinates": [73.812238, 18.533318]}, "properties": {"depth": 23.5}}, {"type": "Feature", "geometry": {"type": "Point", "coordinates": [73.812883, 18.531926]}, "properties": {"depth": 30.19}}, {"type": "Feature", "geometry": {"type": "Point", "coordinates": [73.813513, 18.532217]}, "properties": {"depth": 16.43}}, {"type": "Feature", "geometry": {"type": "Point", "coordinates": [73.81482, 18.530535]}, "properties": {"depth": 20.94}}, {"type": "Feature", "geometry": {"type": "Point", "coordinates": [73.840772, 18.53313]}, "properties": {"depth": 1.46}}, {"type": "Feature", "geometry": {"type": "Point", "coordinates": [73.829097, 18.54977]}, "properties": {"depth": 1.57}}, {"type": "Feature", "geometry": {"type": "Point", "coordinates": [73.829624, 18.551231]}, "properties": {"depth": 1.69}}, {"type": "Feature", "geometry": {"type": "Point", "coordinates": [73.829367, 18.552044]}, "properties": {"depth": 0.75}}, {"type": "Feature", "geometry": {"type": "Point", "coordinates": [73.830157, 18.552115]}, "properties": {"depth": 5.04}}, {"type": "Feature", "geometry": {"type": "Point", "coordinates": [73.829705, 18.55224]}, "properties": {"depth": 3.39}}, {"type": "Feature", "geometry": {"type": "Point", "coordinates": [73.830528, 18.552153]}, "properties": {"depth": 3.03}}, {"type": "Feature", "geometry": {"type": "Point", "coordinates": [73.83074, 18.55226]}, "properties": {"depth": 1.5}}, {"type": "Feature", "geometry": {"type": "Point", "coordinates": [73.830913, 18.55231]}, "properties": {"depth": 1.5}}, {"type": "Feature", "geometry": {"type": "Point", "coordinates": [73.831032, 18.55236]}, "properties": {"depth": 1.12}}, {"type": "Feature", "geometry": {"type": "Point", "coordinates": [73.83111, 18.552398]}, "properties": {"depth": 1.6}}, {"type": "Feature", "geometry": {"type": "Point", "coordinates": [73.831194, 18.552434]}, "properties": {"depth": 1.6}}, {"type": "Feature", "geometry": {"type": "Point", "coordinates": [73.831305, 18.552481]}, "properties": {"depth": 1.83}}, {"type": "Feature", "geometry": {"type": "Point", "coordinates": [73.831525, 18.552578]}, "properties": {"depth": 1.83}}, {"type": "Feature", "geometry": {"type": "Point", "coordinates": [73.830689, 18.552593]}, "properties": {"depth": 5.03}}, {"type": "Feature", "geometry": {"type": "Point", "coordinates": [73.828811, 18.550979]}, "properties": {"depth": 0.61}}, {"type": "Feature", "geometry": {"type": "Point", "coordinates": [73.829077, 18.551298]}, "properties": {"depth": 2.55}}, {"type": "Feature", "geometry": {"type": "Point", "coordinates": [73.828532, 18.551484]}, "properties": {"depth": 0.69}}, {"type": "Feature", "geometry": {"type": "Point", "coordinates": [73.82877, 18.55254]}, "properties": {"depth": 1.89}}, {"type": "Feature", "geometry": {"type": "Point", "coordinates": [73.831643, 18.552674]}, "properties": {"depth": 1.81}}, {"type": "Feature", "geometry": {"type": "Point", "coordinates": [73.830407, 18.552853]}, "properties": {"depth": 6.17}}, {"type": "Feature", "geometry": {"type": "Point", "coordinates": [73.830565, 18.552925]}, "properties": {"depth": 5.04}}, {"type": "Feature", "geometry": {"type": "Point", "coordinates": [73.830686, 18.552977]}, "properties": {"depth": 5.04}}, {"type": "Feature", "geometry": {"type": "Point", "coordinates": [73.830847, 18.55305]}, "properties": {"depth": 3.16}}, {"type": "Feature", "geometry": {"type": "Point", "coordinates": [73.83098, 18.553112]}, "properties": {"depth": 2.49}}, {"type": "Feature", "geometry": {"type": "Point", "coordinates": [73.831113, 18.553168]}, "properties": {"depth": 2.49}}, {"type": "Feature", "geometry": {"type": "Point", "coordinates": [73.831223, 18.553217]}, "properties": {"depth": 3.39}}, {"type": "Feature", "geometry": {"type": "Point", "coordinates": [73.831294, 18.553265]}, "properties": {"depth": 3.13}}, {"type": "Feature", "geometry": {"type": "Point", "coordinates": [73.831387, 18.553285]}, "properties": {"depth": 3.13}}, {"type": "Feature", "geometry": {"type": "Point", "coordinates": [73.830398, 18.548764]}, "properties": {"depth": 0.46}}, {"type": "Feature", "geometry": {"type": "Point", "coordinates": [73.842225, 18.530694]}, "properties": {"depth": 0.2}}, {"type": "Feature", "geometry": {"type": "Point", "coordinates": [73.840891, 18.530679]}, "properties": {"depth": 4.21}}, {"type": "Feature", "geometry": {"type": "Point", "coordinates": [73.842019, 18.530709]}, "properties": {"depth": 0.55}}, {"type": "Feature", "geometry": {"type": "Point", "coordinates": [73.842289, 18.530942]}, "properties": {"depth": 0.93}}, {"type": "Feature", "geometry": {"type": "Point", "coordinates": [73.84254, 18.530995]}, "properties": {"depth": 2.97}}, {"type": "Feature", "geometry": {"type": "Point", "coordinates": [73.842058, 18.531062]}, "properties": {"depth": 1.31}}, {"type": "Feature", "geometry": {"type": "Point", "coordinates": [73.842289, 18.53116]}, "properties": {"depth": 0.15}}, {"type": "Feature", "geometry": {"type": "Point", "coordinates": [73.841436, 18.531177]}, "properties": {"depth": 2.72}}, {"type": "Feature", "geometry": {"type": "Point", "coordinates": [73.840609, 18.53241]}, "properties": {"depth": 3.8}}, {"type": "Feature", "geometry": {"type": "Point", "coordinates": [73.840638, 18.532674]}, "properties": {"depth": 2.0}}, {"type": "Feature", "geometry": {"type": "Point", "coordinates": [73.840444, 18.532807]}, "properties": {"depth": 2.0}}, {"type": "Feature", "geometry": {"type": "Point", "coordinates": [73.840517, 18.532899]}, "properties": {"depth": 2.0}}, {"type": "Feature", "geometry": {"type": "Point", "coordinates": [73.842261, 18.531994]}, "properties": {"depth": 4.34}}, {"type": "Feature", "geometry": {"type": "Point", "coordinates": [73.841957, 18.532084]}, "properties": {"depth": 1.77}}, {"type": "Feature", "geometry": {"type": "Point", "coordinates": [73.842234, 18.532146]}, "properties": {"depth": 2.96}}, {"type": "Feature", "geometry": {"type": "Point", "coordinates": [73.841657, 18.532378]}, "properties": {"depth": 4.89}}, {"type": "Feature", "geometry": {"type": "Point", "coordinates": [73.841205, 18.532397]}, "properties": {"depth": 3.37}}, {"type": "Feature", "geometry": {"type": "Point", "coordinates": [73.841955, 18.532395]}, "properties": {"depth": 2.44}}, {"type": "Feature", "geometry": {"type": "Point", "coordinates": [73.84071, 18.532431]}, "properties": {"depth": 2.72}}, {"type": "Feature", "geometry": {"type": "Point", "coordinates": [73.84085, 18.532468]}, "properties": {"depth": 2.72}}, {"type": "Feature", "geometry": {"type": "Point", "coordinates": [73.840917, 18.532552]}, "properties": {"depth": 2.72}}, {"type": "Feature", "geometry": {"type": "Point", "coordinates": [73.841325, 18.532602]}, "properties": {"depth": 4.08}}, {"type": "Feature", "geometry": {"type": "Point", "coordinates": [73.840974, 18.532633]}, "properties": {"depth": 3.37}}, {"type": "Feature", "geometry": {"type": "Point", "coordinates": [73.841044, 18.532716]}, "properties": {"depth": 5.55}}, {"type": "Feature", "geometry": {"type": "Point", "coordinates": [73.840722, 18.532748]}, "properties": {"depth": 3.01}}, {"type": "Feature", "geometry": {"type": "Point", "coordinates": [73.841084, 18.532819]}, "properties": {"depth": 5.55}}, {"type": "Feature", "geometry": {"type": "Point", "coordinates": [73.840782, 18.53284]}, "properties": {"depth": 3.01}}, {"type": "Feature", "geometry": {"type": "Point", "coordinates": [73.841163, 18.532893]}, "properties": {"depth": 5.55}}, {"type": "Feature", "geometry": {"type": "Point", "coordinates": [73.840858, 18.532918]}, "properties": {"depth": 1.46}}, {"type": "Feature", "geometry": {"type": "Point", "coordinates": [73.841486, 18.533016]}, "properties": {"depth": 3.65}}, {"type": "Feature", "geometry": {"type": "Point", "coordinates": [73.840958, 18.533018]}, "properties": {"depth": 1.46}}, {"type": "Feature", "geometry": {"type": "Point", "coordinates": [73.840845, 18.533047]}, "properties": {"depth": 1.46}}, {"type": "Feature", "geometry": {"type": "Point", "coordinates": [73.831783, 18.552666]}, "properties": {"depth": 1.81}}, {"type": "Feature", "geometry": {"type": "Point", "coordinates": [73.831787, 18.552811]}, "properties": {"depth": 1.81}}, {"type": "Feature", "geometry": {"type": "Point", "coordinates": [73.8318, 18.553041]}, "properties": {"depth": 3.26}}, {"type": "Feature", "geometry": {"type": "Point", "coordinates": [73.83209, 18.553169]}, "properties": {"depth": 1.41}}, {"type": "Feature", "geometry": {"type": "Point", "coordinates": [73.831504, 18.553291]}, "properties": {"depth": 3.13}}, {"type": "Feature", "geometry": {"type": "Point", "coordinates": [73.83079, 18.556973]}, "properties": {"depth": 0.15}}, {"type": "Feature", "geometry": {"type": "Point", "coordinates": [73.830559, 18.559897]}, "properties": {"depth": 0.38}}, {"type": "Feature", "geometry": {"type": "Point", "coordinates": [73.831006, 18.560484]}, "properties": {"depth": 5.46}}, {"type": "Feature", "geometry": {"type": "Point", "coordinates": [73.830693, 18.560743]}, "properties": {"depth": 6.52}}, {"type": "Feature", "geometry": {"type": "Point", "coordinates": [73.830353, 18.560754]}, "properties": {"depth": 6.01}}, {"type": "Feature", "geometry": {"type": "Point", "coordinates": [73.831245, 18.560782]}, "properties": {"depth": 7.02}}, {"type": "Feature", "geometry": {"type": "Point", "coordinates": [73.831623, 18.561073]}, "properties": {"depth": 6.55}}, {"type": "Feature", "geometry": {"type": "Point", "coordinates": [73.831742, 18.556643]}, "properties": {"depth": 1.6}}, {"type": "Feature", "geometry": {"type": "Point", "coordinates": [73.83194, 18.556691]}, "properties": {"depth": 1.18}}, {"type": "Feature", "geometry": {"type": "Point", "coordinates": [73.831671, 18.557739]}, "properties": {"depth": 2.65}}, {"type": "Feature", "geometry": {"type": "Point", "coordinates": [73.833095, 18.558989]}, "properties": {"depth": 0.63}}, {"type": "Feature", "geometry": {"type": "Point", "coordinates": [73.832847, 18.561188]}, "properties": {"depth": 1.26}}, {"type": "Feature", "geometry": {"type": "Point", "coordinates": [73.832909, 18.561367]}, "properties": {"depth": 1.0}}, {"type": "Feature", "geometry": {"type": "Point", "coordinates": [73.833354, 18.559142]}, "properties": {"depth": 1.08}}, {"type": "Feature", "geometry": {"type": "Point", "coordinates": [73.83552, 18.560453]}, "properties": {"depth": 0.25}}, {"type": "Feature", "geometry": {"type": "Point", "coordinates": [73.835312, 18.560763]}, "properties": {"depth": 0.11}}, {"type": "Feature", "geometry": {"type": "Point", "coordinates": [73.834575, 18.560349]}, "properties": {"depth": 1.22}}, {"type": "Feature", "geometry": {"type": "Point", "coordinates": [73.83437, 18.56067]}, "properties": {"depth": 0.48}}, {"type": "Feature", "geometry": {"type": "Point", "coordinates": [73.834619, 18.560813]}, "properties": {"depth": 0.92}}, {"type": "Feature", "geometry": {"type": "Point", "coordinates": [73.83486, 18.560938]}, "properties": {"depth": 0.92}}, {"type": "Feature", "geometry": {"type": "Point", "coordinates": [73.833008, 18.562057]}, "properties": {"depth": 0.13}}, {"type": "Feature", "geometry": {"type": "Point", "coordinates": [73.831793, 18.562744]}, "properties": {"depth": 1.5}}, {"type": "Feature", "geometry": {"type": "Point", "coordinates": [73.82934, 18.552276]}, "properties": {"depth": 0.82}}, {"type": "Feature", "geometry": {"type": "Point", "coordinates": [73.829328, 18.552525]}, "properties": {"depth": 2.83}}, {"type": "Feature", "geometry": {"type": "Point", "coordinates": [73.829316, 18.552794]}, "properties": {"depth": 3.88}}, {"type": "Feature", "geometry": {"type": "Point", "coordinates": [73.829867, 18.559035]}, "properties": {"depth": 2.77}}, {"type": "Feature", "geometry": {"type": "Point", "coordinates": [73.830044, 18.559037]}, "properties": {"depth": 2.77}}, {"type": "Feature", "geometry": {"type": "Point", "coordinates": [73.829921, 18.559186]}, "properties": {"depth": 2.77}}, {"type": "Feature", "geometry": {"type": "Point", "coordinates": [73.829878, 18.559338]}, "properties": {"depth": 3.06}}, {"type": "Feature", "geometry": {"type": "Point", "coordinates": [73.829959, 18.559343]}, "properties": {"depth": 3.06}}, {"type": "Feature", "geometry": {"type": "Point", "coordinates": [73.829993, 18.559489]}, "properties": {"depth": 3.06}}, {"type": "Feature", "geometry": {"type": "Point", "coordinates": [73.829938, 18.559502]}, "properties": {"depth": 3.06}}, {"type": "Feature", "geometry": {"type": "Point", "coordinates": [73.829929, 18.559564]}, "properties": {"depth": 3.06}}, {"type": "Feature", "geometry": {"type": "Point", "coordinates": [73.829863, 18.559648]}, "properties": {"depth": 3.3}}, {"type": "Feature", "geometry": {"type": "Point", "coordinates": [73.829969, 18.559888]}, "properties": {"depth": 2.95}}, {"type": "Feature", "geometry": {"type": "Point", "coordinates": [73.829924, 18.559958]}, "properties": {"depth": 2.95}}, {"type": "Feature", "geometry": {"type": "Point", "coordinates": [73.829976, 18.560018]}, "properties": {"depth": 2.95}}, {"type": "Feature", "geometry": {"type": "Point", "coordinates": [73.82992, 18.560118]}, "properties": {"depth": 2.95}}, {"type": "Feature", "geometry": {"type": "Point", "coordinates": [73.829941, 18.560202]}, "properties": {"depth": 2.45}}, {"type": "Feature", "geometry": {"type": "Point", "coordinates": [73.830894, 18.561116]}, "properties": {"depth": 7.62}}, {"type": "Feature", "geometry": {"type": "Point", "coordinates": [73.830371, 18.561121]}, "properties": {"depth": 6.6}}, {"type": "Feature", "geometry": {"type": "Point", "coordinates": [73.831599, 18.562796]}, "properties": {"depth": 1.5}}, {"type": "Feature", "geometry": {"type": "Point", "coordinates": [73.831077, 18.562798]}, "properties": {"depth": 1.97}}, {"type": "Feature", "geometry": {"type": "Point", "coordinates": [73.831433, 18.562819]}, "properties": {"depth": 3.72}}, {"type": "Feature", "geometry": {"type": "Point", "coordinates": [73.830627, 18.562888]}, "properties": {"depth": 2.8}}, {"type": "Feature", "geometry": {"type": "Point", "coordinates": [73.831359, 18.563124]}, "properties": {"depth": 0.31}}, {"type": "Feature", "geometry": {"type": "Point", "coordinates": [73.831493, 18.561853]}, "properties": {"depth": 6.68}}, {"type": "Feature", "geometry": {"type": "Point", "coordinates": [73.831793, 18.563056]}, "properties": {"depth": 0.57}}, {"type": "Feature", "geometry": {"type": "Point", "coordinates": [73.831629, 18.563062]}, "properties": {"depth": 0.57}}, {"type": "Feature", "geometry": {"type": "Point", "coordinates": [73.831957, 18.56307]}, "properties": {"depth": 0.79}}, {"type": "Feature", "geometry": {"type": "Point", "coordinates": [73.828136, 18.564622]}, "properties": {"depth": 1.3}}, {"type": "Feature", "geometry": {"type": "Point", "coordinates": [73.828443, 18.566046]}, "properties": {"depth": 1.65}}, {"type": "Feature", "geometry": {"type": "Point", "coordinates": [73.828922, 18.566348]}, "properties": {"depth": 0.03}}, {"type": "Feature", "geometry": {"type": "Point", "coordinates": [73.828789, 18.566358]}, "properties": {"depth": 0.03}}, {"type": "Feature", "geometry": {"type": "Point", "coordinates": [73.828647, 18.566371]}, "properties": {"depth": 1.93}}, {"type": "Feature", "geometry": {"type": "Point", "coordinates": [73.828701, 18.566632]}, "properties": {"depth": 0.03}}, {"type": "Feature", "geometry": {"type": "Point", "coordinates": [73.828621, 18.566903]}, "properties": {"depth": 2.46}}, {"type": "Feature", "geometry": {"type": "Point", "coordinates": [73.831132, 18.56908]}, "properties": {"depth": 0.42}}, {"type": "Feature", "geometry": {"type": "Point", "coordinates": [73.817418, 18.567182]}, "properties": {"depth": 0.59}}, {"type": "Feature", "geometry": {"type": "Point", "coordinates": [73.817452, 18.567241]}, "properties": {"depth": 0.59}}, {"type": "Feature", "geometry": {"type": "Point", "coordinates": [73.817456, 18.567319]}, "properties": {"depth": 0.59}}, {"type": "Feature", "geometry": {"type": "Point", "coordinates": [73.817421, 18.567377]}, "properties": {"depth": 1.25}}, {"type": "Feature", "geometry": {"type": "Point", "coordinates": [73.815691, 18.566596]}, "properties": {"depth": 0.74}}, {"type": "Feature", "geometry": {"type": "Point", "coordinates": [73.815622, 18.566629]}, "properties": {"depth": 0.74}}, {"type": "Feature", "geometry": {"type": "Point", "coordinates": [73.815679, 18.566694]}, "properties": {"depth": 0.74}}, {"type": "Feature", "geometry": {"type": "Point", "coordinates": [73.815623, 18.566732]}, "properties": {"depth": 0.74}}, {"type": "Feature", "geometry": {"type": "Point", "coordinates": [73.815685, 18.56676]}, "properties": {"depth": 0.74}}, {"type": "Feature", "geometry": {"type": "Point", "coordinates": [73.815615, 18.566807]}, "properties": {"depth": 1.63}}, {"type": "Feature", "geometry": {"type": "Point", "coordinates": [73.815685, 18.566833]}, "properties": {"depth": 1.63}}, {"type": "Feature", "geometry": {"type": "Point", "coordinates": [73.81561, 18.566886]}, "properties": {"depth": 1.63}}, {"type": "Feature", "geometry": {"type": "Point", "coordinates": [73.815674, 18.566913]}, "properties": {"depth": 1.63}}, {"type": "Feature", "geometry": {"type": "Point", "coordinates": [73.815966, 18.566922]}, "properties": {"depth": 1.28}}, {"type": "Feature", "geometry": {"type": "Point", "coordinates": [73.815608, 18.566956]}, "properties": {"depth": 1.63}}, {"type": "Feature", "geometry": {"type": "Point", "coordinates": [73.815671, 18.566993]}, "properties": {"depth": 1.63}}, {"type": "Feature", "geometry": {"type": "Point", "coordinates": [73.81567, 18.567041]}, "properties": {"depth": 1.63}}, {"type": "Feature", "geometry": {"type": "Point", "coordinates": [73.815606, 18.567042]}, "properties": {"depth": 1.63}}, {"type": "Feature", "geometry": {"type": "Point", "coordinates": [73.815669, 18.567128]}, "properties": {"depth": 2.09}}, {"type": "Feature", "geometry": {"type": "Point", "coordinates": [73.81735, 18.567303]}, "properties": {"depth": 2.03}}, {"type": "Feature", "geometry": {"type": "Point", "coordinates": [73.816455, 18.567394]}, "properties": {"depth": 1.54}}, {"type": "Feature", "geometry": {"type": "Point", "coordinates": [73.816764, 18.567772]}, "properties": {"depth": 1.87}}, {"type": "Feature", "geometry": {"type": "Point", "coordinates": [73.814644, 18.567146]}, "properties": {"depth": 0.44}}, {"type": "Feature", "geometry": {"type": "Point", "coordinates": [73.81487, 18.567283]}, "properties": {"depth": 0.75}}, {"type": "Feature", "geometry": {"type": "Point", "coordinates": [73.815058, 18.56729]}, "properties": {"depth": 0.75}}, {"type": "Feature", "geometry": {"type": "Point", "coordinates": [73.814471, 18.567374]}, "properties": {"depth": 1.19}}, {"type": "Feature", "geometry": {"type": "Point", "coordinates": [73.814312, 18.567642]}, "properties": {"depth": 2.4}}, {"type": "Feature", "geometry": {"type": "Point", "coordinates": [73.814352, 18.567807]}, "properties": {"depth": 2.4}}, {"type": "Feature", "geometry": {"type": "Point", "coordinates": [73.815642, 18.567172]}, "properties": {"depth": 2.09}}, {"type": "Feature", "geometry": {"type": "Point", "coordinates": [73.815978, 18.567329]}, "properties": {"depth": 0.97}}, {"type": "Feature", "geometry": {"type": "Point", "coordinates": [73.816225, 18.567796]}, "properties": {"depth": 0.57}}, {"type": "Feature", "geometry": {"type": "Point", "coordinates": [73.815914, 18.567893]}, "properties": {"depth": 1.62}}, {"type": "Feature", "geometry": {"type": "Point", "coordinates": [73.817403, 18.567586]}, "properties": {"depth": 1.25}}, {"type": "Feature", "geometry": {"type": "Point", "coordinates": [73.817414, 18.567782]}, "properties": {"depth": 1.83}}, {"type": "Feature", "geometry": {"type": "Point", "coordinates": [73.817441, 18.568018]}, "properties": {"depth": 2.09}}, {"type": "Feature", "geometry": {"type": "Point", "coordinates": [73.818272, 18.568148]}, "properties": {"depth": 0.31}}, {"type": "Feature", "geometry": {"type": "Point", "coordinates": [73.817847, 18.568152]}, "properties": {"depth": 0.75}}, {"type": "Feature", "geometry": {"type": "Point", "coordinates": [73.817439, 18.568249]}, "properties": {"depth": 0.44}}, {"type": "Feature", "geometry": {"type": "Point", "coordinates": [73.832161, 18.570788]}, "properties": {"depth": 0.36}}, {"type": "Feature", "geometry": {"type": "Point", "coordinates": [73.83203, 18.570991]}, "properties": {"depth": 0.93}}, {"type": "Feature", "geometry": {"type": "Point", "coordinates": [73.832221, 18.571022]}, "properties": {"depth": 1.3}}, {"type": "Feature", "geometry": {"type": "Point", "coordinates": [73.83181, 18.571061]}, "properties": {"depth": 0.93}}, {"type": "Feature", "geometry": {"type": "Point", "coordinates": [73.831733, 18.571073]}, "properties": {"depth": 1.44}}, {"type": "Feature", "geometry": {"type": "Point", "coordinates": [73.832072, 18.571091]}, "properties": {"depth": 0.93}}, {"type": "Feature", "geometry": {"type": "Point", "coordinates": [73.832087, 18.571166]}, "properties": {"depth": 1.3}}, {"type": "Feature", "geometry": {"type": "Point", "coordinates": [73.832006, 18.571201]}, "properties": {"depth": 0.93}}, {"type": "Feature", "geometry": {"type": "Point", "coordinates": [73.832211, 18.571206]}, "properties": {"depth": 1.3}}, {"type": "Feature", "geometry": {"type": "Point", "coordinates": [73.831897, 18.571237]}, "properties": {"depth": 0.93}}, {"type": "Feature", "geometry": {"type": "Point", "coordinates": [73.832068, 18.571298]}, "properties": {"depth": 0.31}}, {"type": "Feature", "geometry": {"type": "Point", "coordinates": [73.831865, 18.571389]}, "properties": {"depth": 0.31}}, {"type": "Feature", "geometry": {"type": "Point", "coordinates": [73.833017, 18.571434]}, "properties": {"depth": 0.1}}, {"type": "Feature", "geometry": {"type": "Point", "coordinates": [73.831858, 18.571467]}, "properties": {"depth": 0.31}}, {"type": "Feature", "geometry": {"type": "Point", "coordinates": [73.833052, 18.571487]}, "properties": {"depth": 0.1}}, {"type": "Feature", "geometry": {"type": "Point", "coordinates": [73.832757, 18.57153]}, "properties": {"depth": 1.33}}, {"type": "Feature", "geometry": {"type": "Point", "coordinates": [73.831819, 18.571536]}, "properties": {"depth": 2.53}}, {"type": "Feature", "geometry": {"type": "Point", "coordinates": [73.832818, 18.571778]}, "properties": {"depth": 1.33}}, {"type": "Feature", "geometry": {"type": "Point", "coordinates": [73.832444, 18.571997]}, "properties": {"depth": 3.05}}, {"type": "Feature", "geometry": {"type": "Point", "coordinates": [73.832879, 18.57215]}, "properties": {"depth": 3.42}}, {"type": "Feature", "geometry": {"type": "Point", "coordinates": [73.833182, 18.571988]}, "properties": {"depth": 2.6}}, {"type": "Feature", "geometry": {"type": "Point", "coordinates": [73.833513, 18.572151]}, "properties": {"depth": 1.56}}, {"type": "Feature", "geometry": {"type": "Point", "coordinates": [73.833131, 18.572402]}, "properties": {"depth": 0.61}}, {"type": "Feature", "geometry": {"type": "Point", "coordinates": [73.835255, 18.572643]}, "properties": {"depth": 0.42}}, {"type": "Feature", "geometry": {"type": "Point", "coordinates": [73.835917, 18.57265]}, "properties": {"depth": 2.07}}, {"type": "Feature", "geometry": {"type": "Point", "coordinates": [73.836449, 18.572669]}, "properties": {"depth": 0.82}}, {"type": "Feature", "geometry": {"type": "Point", "coordinates": [73.836288, 18.572669]}, "properties": {"depth": 0.82}}, {"type": "Feature", "geometry": {"type": "Point", "coordinates": [73.836709, 18.572728]}, "properties": {"depth": 1.14}}, {"type": "Feature", "geometry": {"type": "Point", "coordinates": [73.835331, 18.572824]}, "properties": {"depth": 0.42}}, {"type": "Feature", "geometry": {"type": "Point", "coordinates": [73.835857, 18.572851]}, "properties": {"depth": 2.07}}, {"type": "Feature", "geometry": {"type": "Point", "coordinates": [73.836214, 18.572913]}, "properties": {"depth": 0.16}}, {"type": "Feature", "geometry": {"type": "Point", "coordinates": [73.836709, 18.572919]}, "properties": {"depth": 0.55}}, {"type": "Feature", "geometry": {"type": "Point", "coordinates": [73.835775, 18.572985]}, "properties": {"depth": 0.68}}, {"type": "Feature", "geometry": {"type": "Point", "coordinates": [73.832374, 18.572224]}, "properties": {"depth": 2.65}}, {"type": "Feature", "geometry": {"type": "Point", "coordinates": [73.832278, 18.572256]}, "properties": {"depth": 4.6}}, {"type": "Feature", "geometry": {"type": "Point", "coordinates": [73.832925, 18.572488]}, "properties": {"depth": 0.61}}, {"type": "Feature", "geometry": {"type": "Point", "coordinates": [73.832732, 18.572499]}, "properties": {"depth": 1.27}}, {"type": "Feature", "geometry": {"type": "Point", "coordinates": [73.832643, 18.572533]}, "properties": {"depth": 1.27}}, {"type": "Feature", "geometry": {"type": "Point", "coordinates": [73.833307, 18.572807]}, "properties": {"depth": 1.74}}, {"type": "Feature", "geometry": {"type": "Point", "coordinates": [73.833835, 18.572841]}, "properties": {"depth": 0.15}}, {"type": "Feature", "geometry": {"type": "Point", "coordinates": [73.834006, 18.572861]}, "properties": {"depth": 0.15}}, {"type": "Feature", "geometry": {"type": "Point", "coordinates": [73.833917, 18.573006]}, "properties": {"depth": 1.33}}, {"type": "Feature", "geometry": {"type": "Point", "coordinates": [73.836375, 18.573187]}, "properties": {"depth": 2.11}}, {"type": "Feature", "geometry": {"type": "Point", "coordinates": [73.835458, 18.573211]}, "properties": {"depth": 0.54}}, {"type": "Feature", "geometry": {"type": "Point", "coordinates": [73.836363, 18.573255]}, "properties": {"depth": 3.1}}, {"type": "Feature", "geometry": {"type": "Point", "coordinates": [73.83611, 18.573575]}, "properties": {"depth": 0.49}}, {"type": "Feature", "geometry": {"type": "Point", "coordinates": [73.836172, 18.573669]}, "properties": {"depth": 0.49}}, {"type": "Feature", "geometry": {"type": "Point", "coordinates": [73.836228, 18.57386]}, "properties": {"depth": 3.92}}, {"type": "Feature", "geometry": {"type": "Point", "coordinates": [73.814155, 18.567552]}, "properties": {"depth": 1.05}}, {"type": "Feature", "geometry": {"type": "Point", "coordinates": [73.814157, 18.567609]}, "properties": {"depth": 1.05}}, {"type": "Feature", "geometry": {"type": "Point", "coordinates": [73.811168, 18.567424]}, "properties": {"depth": 1.16}}, {"type": "Feature", "geometry": {"type": "Point", "coordinates": [73.808912, 18.567202]}, "properties": {"depth": 0.1}}, {"type": "Feature", "geometry": {"type": "Point", "coordinates": [73.803388, 18.56902]}, "properties": {"depth": 0.92}}, {"type": "Feature", "geometry": {"type": "Point", "coordinates": [73.745179, 18.565874]}, "properties": {"depth": 8.19}}, {"type": "Feature", "geometry": {"type": "Point", "coordinates": [73.745018, 18.565874]}, "properties": {"depth": 7.64}}, {"type": "Feature", "geometry": {"type": "Point", "coordinates": [73.745198, 18.565969]}, "properties": {"depth": 8.19}}, {"type": "Feature", "geometry": {"type": "Point", "coordinates": [73.745018, 18.565989]}, "properties": {"depth": 9.21}}, {"type": "Feature", "geometry": {"type": "Point", "coordinates": [73.745192, 18.566038]}, "properties": {"depth": 10.24}}, {"type": "Feature", "geometry": {"type": "Point", "coordinates": [73.744997, 18.566119]}, "properties": {"depth": 9.21}}, {"type": "Feature", "geometry": {"type": "Point", "coordinates": [73.745159, 18.566233]}, "properties": {"depth": 10.24}}, {"type": "Feature", "geometry": {"type": "Point", "coordinates": [73.745163, 18.566321]}, "properties": {"depth": 11.39}}, {"type": "Feature", "geometry": {"type": "Point", "coordinates": [73.744988, 18.566328]}, "properties": {"depth": 10.23}}, {"type": "Feature", "geometry": {"type": "Point", "coordinates": [73.745162, 18.5664]}, "properties": {"depth": 11.39}}, {"type": "Feature", "geometry": {"type": "Point", "coordinates": [73.744979, 18.566429]}, "properties": {"depth": 10.23}}, {"type": "Feature", "geometry": {"type": "Point", "coordinates": [73.745157, 18.566476]}, "properties": {"depth": 11.39}}, {"type": "Feature", "geometry": {"type": "Point", "coordinates": [73.745141, 18.566543]}, "properties": {"depth": 13.07}}, {"type": "Feature", "geometry": {"type": "Point", "coordinates": [73.744973, 18.566608]}, "properties": {"depth": 12.09}}, {"type": "Feature", "geometry": {"type": "Point", "coordinates": [73.745144, 18.566621]}, "properties": {"depth": 13.07}}, {"type": "Feature", "geometry": {"type": "Point", "coordinates": [73.744963, 18.566737]}, "properties": {"depth": 12.09}}, {"type": "Feature", "geometry": {"type": "Point", "coordinates": [73.744934, 18.566906]}, "properties": {"depth": 13.1}}, {"type": "Feature", "geometry": {"type": "Point", "coordinates": [73.744922, 18.567081]}, "properties": {"depth": 13.1}}, {"type": "Feature", "geometry": {"type": "Point", "coordinates": [73.745118, 18.567194]}, "properties": {"depth": 13.83}}, {"type": "Feature", "geometry": {"type": "Point", "coordinates": [73.744907, 18.567261]}, "properties": {"depth": 13.83}}, {"type": "Feature", "geometry": {"type": "Point", "coordinates": [73.74438, 18.567599]}, "properties": {"depth": 13.44}}, {"type": "Feature", "geometry": {"type": "Point", "coordinates": [73.7451, 18.567326]}, "properties": {"depth": 13.83}}, {"type": "Feature", "geometry": {"type": "Point", "coordinates": [73.745032, 18.567437]}, "properties": {"depth": 13.94}}, {"type": "Feature", "geometry": {"type": "Point", "coordinates": [73.745032, 18.56759]}, "properties": {"depth": 13.94}}, {"type": "Feature", "geometry": {"type": "Point", "coordinates": [73.744882, 18.567598]}, "properties": {"depth": 13.94}}, {"type": "Feature", "geometry": {"type": "Point", "coordinates": [73.745061, 18.567726]}, "properties": {"depth": 14.75}}, {"type": "Feature", "geometry": {"type": "Point", "coordinates": [73.744865, 18.56773]}, "properties": {"depth": 14.75}}, {"type": "Feature", "geometry": {"type": "Point", "coordinates": [73.745052, 18.567812]}, "properties": {"depth": 14.75}}, {"type": "Feature", "geometry": {"type": "Point", "coordinates": [73.74532, 18.567843]}, "properties": {"depth": 15.26}}, {"type": "Feature", "geometry": {"type": "Point", "coordinates": [73.748417, 18.567906]}, "properties": {"depth": 17.21}}, {"type": "Feature", "geometry": {"type": "Point", "coordinates": [73.747927, 18.567946]}, "properties": {"depth": 17.2}}, {"type": "Feature", "geometry": {"type": "Point", "coordinates": [73.746895, 18.568091]}, "properties": {"depth": 16.61}}, {"type": "Feature", "geometry": {"type": "Point", "coordinates": [73.757553, 18.574091]}, "properties": {"depth": 1.73}}, {"type": "Feature", "geometry": {"type": "Point", "coordinates": [73.757787, 18.574138]}, "properties": {"depth": 2.04}}, {"type": "Feature", "geometry": {"type": "Point", "coordinates": [73.757163, 18.574278]}, "properties": {"depth": 1.81}}, {"type": "Feature", "geometry": {"type": "Point", "coordinates": [73.75748, 18.57435]}, "properties": {"depth": 3.42}}, {"type": "Feature", "geometry": {"type": "Point", "coordinates": [73.756725, 18.574588]}, "properties": {"depth": 1.08}}, {"type": "Feature", "geometry": {"type": "Point", "coordinates": [73.757158, 18.574617]}, "properties": {"depth": 2.84}}, {"type": "Feature", "geometry": {"type": "Point", "coordinates": [73.757438, 18.574692]}, "properties": {"depth": 4.54}}, {"type": "Feature", "geometry": {"type": "Point", "coordinates": [73.756716, 18.574874]}, "properties": {"depth": 0.92}}, {"type": "Feature", "geometry": {"type": "Point", "coordinates": [73.757085, 18.574916]}, "properties": {"depth": 3.86}}, {"type": "Feature", "geometry": {"type": "Point", "coordinates": [73.757804, 18.57494]}, "properties": {"depth": 5.2}}, {"type": "Feature", "geometry": {"type": "Point", "coordinates": [73.75712, 18.575227]}, "properties": {"depth": 4.5}}, {"type": "Feature", "geometry": {"type": "Point", "coordinates": [73.756939, 18.575228]}, "properties": {"depth": 1.93}}, {"type": "Feature", "geometry": {"type": "Point", "coordinates": [73.756693, 18.575247]}, "properties": {"depth": 1.01}}, {"type": "Feature", "geometry": {"type": "Point", "coordinates": [73.756278, 18.575288]}, "properties": {"depth": 0.04}}, {"type": "Feature", "geometry": {"type": "Point", "coordinates": [73.75132, 18.57506]}, "properties": {"depth": 2.58}}, {"type": "Feature", "geometry": {"type": "Point", "coordinates": [73.758278, 18.574074]}, "properties": {"depth": 1.62}}, {"type": "Feature", "geometry": {"type": "Point", "coordinates": [73.758125, 18.574118]}, "properties": {"depth": 1.89}}, {"type": "Feature", "geometry": {"type": "Point", "coordinates": [73.757987, 18.574136]}, "properties": {"depth": 1.89}}, {"type": "Feature", "geometry": {"type": "Point", "coordinates": [73.758199, 18.574232]}, "properties": {"depth": 1.62}}, {"type": "Feature", "geometry": {"type": "Point", "coordinates": [73.758007, 18.574977]}, "properties": {"depth": 4.07}}, {"type": "Feature", "geometry": {"type": "Point", "coordinates": [73.758564, 18.575818]}, "properties": {"depth": 1.75}}, {"type": "Feature", "geometry": {"type": "Point", "coordinates": [73.758611, 18.576366]}, "properties": {"depth": 2.22}}, {"type": "Feature", "geometry": {"type": "Point", "coordinates": [73.759791, 18.576581]}, "properties": {"depth": 1.42}}, {"type": "Feature", "geometry": {"type": "Point", "coordinates": [73.757003, 18.575321]}, "properties": {"depth": 1.93}}, {"type": "Feature", "geometry": {"type": "Point", "coordinates": [73.756136, 18.575332]}, "properties": {"depth": 0.57}}, {"type": "Feature", "geometry": {"type": "Point", "coordinates": [73.756739, 18.575382]}, "properties": {"depth": 1.01}}, {"type": "Feature", "geometry": {"type": "Point", "coordinates": [73.756926, 18.575397]}, "properties": {"depth": 1.93}}, {"type": "Feature", "geometry": {"type": "Point", "coordinates": [73.756297, 18.575565]}, "properties": {"depth": 2.31}}, {"type": "Feature", "geometry": {"type": "Point", "coordinates": [73.754979, 18.575767]}, "properties": {"depth": 2.52}}, {"type": "Feature", "geometry": {"type": "Point", "coordinates": [73.756552, 18.5758]}, "properties": {"depth": 5.83}}, {"type": "Feature", "geometry": {"type": "Point", "coordinates": [73.755287, 18.575815]}, "properties": {"depth": 0.13}}, {"type": "Feature", "geometry": {"type": "Point", "coordinates": [73.754871, 18.575947]}, "properties": {"depth": 2.52}}, {"type": "Feature", "geometry": {"type": "Point", "coordinates": [73.756336, 18.575984]}, "properties": {"depth": 3.98}}, {"type": "Feature", "geometry": {"type": "Point", "coordinates": [73.755339, 18.576013]}, "properties": {"depth": 0.14}}, {"type": "Feature", "geometry": {"type": "Point", "coordinates": [73.756005, 18.576016]}, "properties": {"depth": 2.69}}, {"type": "Feature", "geometry": {"type": "Point", "coordinates": [73.755814, 18.576077]}, "properties": {"depth": 1.46}}, {"type": "Feature", "geometry": {"type": "Point", "coordinates": [73.756054, 18.576117]}, "properties": {"depth": 2.69}}, {"type": "Feature", "geometry": {"type": "Point", "coordinates": [73.755065, 18.576183]}, "properties": {"depth": 3.19}}, {"type": "Feature", "geometry": {"type": "Point", "coordinates": [73.755284, 18.576173]}, "properties": {"depth": 0.14}}, {"type": "Feature", "geometry": {"type": "Point", "coordinates": [73.755947, 18.576225]}, "properties": {"depth": 1.46}}, {"type": "Feature", "geometry": {"type": "Point", "coordinates": [73.755804, 18.576251]}, "properties": {"depth": 0.51}}, {"type": "Feature", "geometry": {"type": "Point", "coordinates": [73.756599, 18.576324]}, "properties": {"depth": 7.19}}, {"type": "Feature", "geometry": {"type": "Point", "coordinates": [73.755381, 18.57632]}, "properties": {"depth": 0.17}}, {"type": "Feature", "geometry": {"type": "Point", "coordinates": [73.755192, 18.576346]}, "properties": {"depth": 0.17}}, {"type": "Feature", "geometry": {"type": "Point", "coordinates": [73.755813, 18.576364]}, "properties": {"depth": 0.51}}, {"type": "Feature", "geometry": {"type": "Point", "coordinates": [73.755706, 18.576378]}, "properties": {"depth": 0.51}}, {"type": "Feature", "geometry": {"type": "Point", "coordinates": [73.756197, 18.576399]}, "properties": {"depth": 3.1}}, {"type": "Feature", "geometry": {"type": "Point", "coordinates": [73.755566, 18.576427]}, "properties": {"depth": 0.05}}, {"type": "Feature", "geometry": {"type": "Point", "coordinates": [73.755795, 18.5765]}, "properties": {"depth": 0.51}}, {"type": "Feature", "geometry": {"type": "Point", "coordinates": [73.756069, 18.576503]}, "properties": {"depth": 3.1}}, {"type": "Feature", "geometry": {"type": "Point", "coordinates": [73.755978, 18.576514]}, "properties": {"depth": 3.1}}, {"type": "Feature", "geometry": {"type": "Point", "coordinates": [73.755835, 18.576635]}, "properties": {"depth": 2.44}}, {"type": "Feature", "geometry": {"type": "Point", "coordinates": [73.755684, 18.576636]}, "properties": {"depth": 4.3}}, {"type": "Feature", "geometry": {"type": "Point", "coordinates": [73.755984, 18.576642]}, "properties": {"depth": 2.85}}, {"type": "Feature", "geometry": {"type": "Point", "coordinates": [73.756287, 18.576655]}, "properties": {"depth": 5.81}}, {"type": "Feature", "geometry": {"type": "Point", "coordinates": [73.75526, 18.576691]}, "properties": {"depth": 5.47}}, {"type": "Feature", "geometry": {"type": "Point", "coordinates": [73.756068, 18.576743]}, "properties": {"depth": 2.85}}, {"type": "Feature", "geometry": {"type": "Point", "coordinates": [73.755689, 18.57678]}, "properties": {"depth": 4.3}}, {"type": "Feature", "geometry": {"type": "Point", "coordinates": [73.755503, 18.576797]}, "properties": {"depth": 4.3}}, {"type": "Feature", "geometry": {"type": "Point", "coordinates": [73.755217, 18.576929]}, "properties": {"depth": 6.78}}, {"type": "Feature", "geometry": {"type": "Point", "coordinates": [73.75587, 18.57703]}, "properties": {"depth": 4.69}}, {"type": "Feature", "geometry": {"type": "Point", "coordinates": [73.756739, 18.577135]}, "properties": {"depth": 8.65}}, {"type": "Feature", "geometry": {"type": "Point", "coordinates": [73.755835, 18.577138]}, "properties": {"depth": 6.97}}, {"type": "Feature", "geometry": {"type": "Point", "coordinates": [73.755215, 18.577191]}, "properties": {"depth": 6.2}}, {"type": "Feature", "geometry": {"type": "Point", "coordinates": [73.75693, 18.577204]}, "properties": {"depth": 7.82}}, {"type": "Feature", "geometry": {"type": "Point", "coordinates": [73.756464, 18.577287]}, "properties": {"depth": 9.03}}, {"type": "Feature", "geometry": {"type": "Point", "coordinates": [73.754367, 18.577385]}, "properties": {"depth": 8.31}}, {"type": "Feature", "geometry": {"type": "Point", "coordinates": [73.755815, 18.577648]}, "properties": {"depth": 10.13}}, {"type": "Feature", "geometry": {"type": "Point", "coordinates": [73.75383, 18.577677]}, "properties": {"depth": 8.41}}, {"type": "Feature", "geometry": {"type": "Point", "coordinates": [73.755347, 18.577814]}, "properties": {"depth": 9.56}}, {"type": "Feature", "geometry": {"type": "Point", "coordinates": [73.75688, 18.578119]}, "properties": {"depth": 9.2}}, {"type": "Feature", "geometry": {"type": "Point", "coordinates": [73.756034, 18.578172]}, "properties": {"depth": 10.77}}, {"type": "Feature", "geometry": {"type": "Point", "coordinates": [73.756249, 18.57818]}, "properties": {"depth": 10.77}}, {"type": "Feature", "geometry": {"type": "Point", "coordinates": [73.756738, 18.578243]}, "properties": {"depth": 7.23}}, {"type": "Feature", "geometry": {"type": "Point", "coordinates": [73.756499, 18.578317]}, "properties": {"depth": 9.94}}, {"type": "Feature", "geometry": {"type": "Point", "coordinates": [73.755549, 18.578332]}, "properties": {"depth": 11.19}}, {"type": "Feature", "geometry": {"type": "Point", "coordinates": [73.757198, 18.578371]}, "properties": {"depth": 6.41}}, {"type": "Feature", "geometry": {"type": "Point", "coordinates": [73.757852, 18.577165]}, "properties": {"depth": 1.87}}, {"type": "Feature", "geometry": {"type": "Point", "coordinates": [73.758571, 18.579911]}, "properties": {"depth": 6.14}}, {"type": "Feature", "geometry": {"type": "Point", "coordinates": [73.758285, 18.580153]}, "properties": {"depth": 7.06}}, {"type": "Feature", "geometry": {"type": "Point", "coordinates": [73.758783, 18.580231]}, "properties": {"depth": 5.58}}, {"type": "Feature", "geometry": {"type": "Point", "coordinates": [73.757838, 18.580255]}, "properties": {"depth": 7.63}}, {"type": "Feature", "geometry": {"type": "Point", "coordinates": [73.758612, 18.580279]}, "properties": {"depth": 6.64}}, {"type": "Feature", "geometry": {"type": "Point", "coordinates": [73.758847, 18.580374]}, "properties": {"depth": 5.58}}, {"type": "Feature", "geometry": {"type": "Point", "coordinates": [73.757078, 18.578425]}, "properties": {"depth": 7.79}}, {"type": "Feature", "geometry": {"type": "Point", "coordinates": [73.756836, 18.578497]}, "properties": {"depth": 7.07}}, {"type": "Feature", "geometry": {"type": "Point", "coordinates": [73.757132, 18.578529]}, "properties": {"depth": 5.81}}, {"type": "Feature", "geometry": {"type": "Point", "coordinates": [73.757173, 18.578657]}, "properties": {"depth": 5.81}}, {"type": "Feature", "geometry": {"type": "Point", "coordinates": [73.756774, 18.578764]}, "properties": {"depth": 6.84}}, {"type": "Feature", "geometry": {"type": "Point", "coordinates": [73.757464, 18.578798]}, "properties": {"depth": 5.54}}, {"type": "Feature", "geometry": {"type": "Point", "coordinates": [73.756634, 18.578857]}, "properties": {"depth": 6.84}}, {"type": "Feature", "geometry": {"type": "Point", "coordinates": [73.760226, 18.58584]}, "properties": {"depth": 0.64}}, {"type": "Feature", "geometry": {"type": "Point", "coordinates": [73.760658, 18.585921]}, "properties": {"depth": 0.73}}, {"type": "Feature", "geometry": {"type": "Point", "coordinates": [73.760073, 18.586173]}, "properties": {"depth": 0.56}}, {"type": "Feature", "geometry": {"type": "Point", "coordinates": [73.760698, 18.586373]}, "properties": {"depth": 1.06}}, {"type": "Feature", "geometry": {"type": "Point", "coordinates": [73.799133, 18.566359]}, "properties": {"depth": 0.3}}, {"type": "Feature", "geometry": {"type": "Point", "coordinates": [73.783422, 18.575661]}, "properties": {"depth": 0.15}}, {"type": "Feature", "geometry": {"type": "Point", "coordinates": [73.783266, 18.575765]}, "properties": {"depth": 2.75}}, {"type": "Feature", "geometry": {"type": "Point", "coordinates": [73.78289, 18.576025]}, "properties": {"depth": 1.29}}, {"type": "Feature", "geometry": {"type": "Point", "coordinates": [73.77621, 18.586956]}, "properties": {"depth": 1.03}}, {"type": "Feature", "geometry": {"type": "Point", "coordinates": [73.777937, 18.582992]}, "properties": {"depth": 0.39}}, {"type": "Feature", "geometry": {"type": "Point", "coordinates": [73.837346, 18.572385]}, "properties": {"depth": 0.7}}, {"type": "Feature", "geometry": {"type": "Point", "coordinates": [73.836799, 18.572705]}, "properties": {"depth": 1.14}}, {"type": "Feature", "geometry": {"type": "Point", "coordinates": [73.97572, 18.577682]}, "properties": {"depth": 2.65}}, {"type": "Feature", "geometry": {"type": "Point", "coordinates": [73.97511, 18.577958]}, "properties": {"depth": 0.26}}, {"type": "Feature", "geometry": {"type": "Point", "coordinates": [73.975585, 18.578084]}, "properties": {"depth": 2.91}}, {"type": "Feature", "geometry": {"type": "Point", "coordinates": [73.975063, 18.578153]}, "properties": {"depth": 0.26}}, {"type": "Feature", "geometry": {"type": "Point", "coordinates": [73.975269, 18.578182]}, "properties": {"depth": 2.66}}, {"type": "Feature", "geometry": {"type": "Point", "coordinates": [73.975039, 18.578272]}, "properties": {"depth": 2.89}}, {"type": "Feature", "geometry": {"type": "Point", "coordinates": [73.976103, 18.578293]}, "properties": {"depth": 7.25}}, {"type": "Feature", "geometry": {"type": "Point", "coordinates": [73.976602, 18.578309]}, "properties": {"depth": 0.26}}, {"type": "Feature", "geometry": {"type": "Point", "coordinates": [73.976741, 18.57832]}, "properties": {"depth": 0.26}}, {"type": "Feature", "geometry": {"type": "Point", "coordinates": [73.974956, 18.577922]}, "properties": {"depth": 0.26}}, {"type": "Feature", "geometry": {"type": "Point", "coordinates": [73.97475, 18.578035]}, "properties": {"depth": 1.67}}, {"type": "Feature", "geometry": {"type": "Point", "coordinates": [73.974404, 18.578036]}, "properties": {"depth": 1.57}}, {"type": "Feature", "geometry": {"type": "Point", "coordinates": [73.974914, 18.578049]}, "properties": {"depth": 0.26}}, {"type": "Feature", "geometry": {"type": "Point", "coordinates": [73.974795, 18.578499]}, "properties": {"depth": 4.79}}, {"type": "Feature", "geometry": {"type": "Point", "coordinates": [73.974059, 18.57851]}, "properties": {"depth": 4.05}}, {"type": "Feature", "geometry": {"type": "Point", "coordinates": [73.974762, 18.578593]}, "properties": {"depth": 4.79}}, {"type": "Feature", "geometry": {"type": "Point", "coordinates": [73.975019, 18.578399]}, "properties": {"depth": 2.89}}, {"type": "Feature", "geometry": {"type": "Point", "coordinates": [73.975522, 18.578432]}, "properties": {"depth": 6.73}}, {"type": "Feature", "geometry": {"type": "Point", "coordinates": [73.976642, 18.578443]}, "properties": {"depth": 0.26}}, {"type": "Feature", "geometry": {"type": "Point", "coordinates": [73.97496, 18.578623]}, "properties": {"depth": 8.81}}, {"type": "Feature", "geometry": {"type": "Point", "coordinates": [73.974736, 18.578703]}, "properties": {"depth": 4.79}}, {"type": "Feature", "geometry": {"type": "Point", "coordinates": [73.974716, 18.578761]}, "properties": {"depth": 6.33}}, {"type": "Feature", "geometry": {"type": "Point", "coordinates": [73.974912, 18.578786]}, "properties": {"depth": 8.07}}, {"type": "Feature", "geometry": {"type": "Point", "coordinates": [73.973836, 18.578844]}, "properties": {"depth": 5.31}}, {"type": "Feature", "geometry": {"type": "Point", "coordinates": [73.973995, 18.578852]}, "properties": {"depth": 5.31}}, {"type": "Feature", "geometry": {"type": "Point", "coordinates": [73.974152, 18.578958]}, "properties": {"depth": 5.71}}, {"type": "Feature", "geometry": {"type": "Point", "coordinates": [73.974459, 18.578994]}, "properties": {"depth": 5.86}}, {"type": "Feature", "geometry": {"type": "Point", "coordinates": [73.974588, 18.579091]}, "properties": {"depth": 9.1}}, {"type": "Feature", "geometry": {"type": "Point", "coordinates": [73.974781, 18.579103]}, "properties": {"depth": 9.1}}, {"type": "Feature", "geometry": {"type": "Point", "coordinates": [73.975442, 18.578935]}, "properties": {"depth": 10.68}}, {"type": "Feature", "geometry": {"type": "Point", "coordinates": [73.975066, 18.579162]}, "properties": {"depth": 7.13}}, {"type": "Feature", "geometry": {"type": "Point", "coordinates": [73.976995, 18.579334]}, "properties": {"depth": 2.62}}, {"type": "Feature", "geometry": {"type": "Point", "coordinates": [73.976553, 18.579501]}, "properties": {"depth": 5.25}}, {"type": "Feature", "geometry": {"type": "Point", "coordinates": [73.977694, 18.579958]}, "properties": {"depth": 0.39}}, {"type": "Feature", "geometry": {"type": "Point", "coordinates": [73.978086, 18.580002]}, "properties": {"depth": 0.01}}, {"type": "Feature", "geometry": {"type": "Point", "coordinates": [73.975061, 18.580237]}, "properties": {"depth": 9.1}}, {"type": "Feature", "geometry": {"type": "Point", "coordinates": [73.97982, 18.579808]}, "properties": {"depth": 1.31}}, {"type": "Feature", "geometry": {"type": "Point", "coordinates": [73.97487, 18.580147]}, "properties": {"depth": 9.1}}, {"type": "Feature", "geometry": {"type": "Point", "coordinates": [73.945592, 18.565981]}, "properties": {"depth": 4.02}}, {"type": "Feature", "geometry": {"type": "Point", "coordinates": [73.945254, 18.565991]}, "properties": {"depth": 4.44}}, {"type": "Feature", "geometry": {"type": "Point", "coordinates": [73.945001, 18.566016]}, "properties": {"depth": 4.08}}, {"type": "Feature", "geometry": {"type": "Point", "coordinates": [73.945704, 18.566027]}, "properties": {"depth": 3.14}}, {"type": "Feature", "geometry": {"type": "Point", "coordinates": [73.946105, 18.566031]}, "properties": {"depth": 2.93}}, {"type": "Feature", "geometry": {"type": "Point", "coordinates": [73.945122, 18.566056]}, "properties": {"depth": 4.08}}, {"type": "Feature", "geometry": {"type": "Point", "coordinates": [73.945397, 18.56606]}, "properties": {"depth": 4.44}}, {"type": "Feature", "geometry": {"type": "Point", "coordinates": [73.945234, 18.566138]}, "properties": {"depth": 4.44}}, {"type": "Feature", "geometry": {"type": "Point", "coordinates": [73.945974, 18.566145]}, "properties": {"depth": 2.93}}, {"type": "Feature", "geometry": {"type": "Point", "coordinates": [73.946725, 18.566152]}, "properties": {"depth": 1.79}}, {"type": "Feature", "geometry": {"type": "Point", "coordinates": [73.945482, 18.56617]}, "properties": {"depth": 4.02}}, {"type": "Feature", "geometry": {"type": "Point", "coordinates": [73.945764, 18.566239]}, "properties": {"depth": 3.14}}, {"type": "Feature", "geometry": {"type": "Point", "coordinates": [73.946437, 18.566265]}, "properties": {"depth": 0.47}}, {"type": "Feature", "geometry": {"type": "Point", "coordinates": [73.945604, 18.566311]}, "properties": {"depth": 4.59}}, {"type": "Feature", "geometry": {"type": "Point", "coordinates": [73.94569, 18.566339]}, "properties": {"depth": 4.59}}, {"type": "Feature", "geometry": {"type": "Point", "coordinates": [73.945945, 18.566339]}, "properties": {"depth": 3.25}}, {"type": "Feature", "geometry": {"type": "Point", "coordinates": [73.946102, 18.566346]}, "properties": {"depth": 1.4}}, {"type": "Feature", "geometry": {"type": "Point", "coordinates": [73.946751, 18.566393]}, "properties": {"depth": 0.57}}, {"type": "Feature", "geometry": {"type": "Point", "coordinates": [73.946517, 18.56647]}, "properties": {"depth": 0.47}}, {"type": "Feature", "geometry": {"type": "Point", "coordinates": [73.946642, 18.566519]}, "properties": {"depth": 0.57}}, {"type": "Feature", "geometry": {"type": "Point", "coordinates": [73.944661, 18.57866]}, "properties": {"depth": 6.24}}, {"type": "Feature", "geometry": {"type": "Point", "coordinates": [73.943525, 18.578747]}, "properties": {"depth": 3.86}}, {"type": "Feature", "geometry": {"type": "Point", "coordinates": [73.943525, 18.579027]}, "properties": {"depth": 4.15}}, {"type": "Feature", "geometry": {"type": "Point", "coordinates": [73.943575, 18.579867]}, "properties": {"depth": 1.15}}, {"type": "Feature", "geometry": {"type": "Point", "coordinates": [73.978347, 18.580166]}, "properties": {"depth": 1.02}}, {"type": "Feature", "geometry": {"type": "Point", "coordinates": [73.978976, 18.580175]}, "properties": {"depth": 3.66}}, {"type": "Feature", "geometry": {"type": "Point", "coordinates": [73.979556, 18.580339]}, "properties": {"depth": 1.84}}, {"type": "Feature", "geometry": {"type": "Point", "coordinates": [73.97523, 18.580351]}, "properties": {"depth": 9.6}}, {"type": "Feature", "geometry": {"type": "Point", "coordinates": [73.975984, 18.580793]}, "properties": {"depth": 6.81}}, {"type": "Feature", "geometry": {"type": "Point", "coordinates": [73.976204, 18.581192]}, "properties": {"depth": 8.25}}, {"type": "Feature", "geometry": {"type": "Point", "coordinates": [73.975008, 18.581322]}, "properties": {"depth": 11.53}}, {"type": "Feature", "geometry": {"type": "Point", "coordinates": [73.975004, 18.581558]}, "properties": {"depth": 10.7}}, {"type": "Feature", "geometry": {"type": "Point", "coordinates": [73.975109, 18.581592]}, "properties": {"depth": 10.7}}, {"type": "Feature", "geometry": {"type": "Point", "coordinates": [73.975217, 18.581617]}, "properties": {"depth": 9.8}}, {"type": "Feature", "geometry": {"type": "Point", "coordinates": [73.977664, 18.581711]}, "properties": {"depth": 1.71}}, {"type": "Feature", "geometry": {"type": "Point", "coordinates": [73.976418, 18.581709]}, "properties": {"depth": 7.9}}, {"type": "Feature", "geometry": {"type": "Point", "coordinates": [73.976735, 18.581846]}, "properties": {"depth": 6.3}}, {"type": "Feature", "geometry": {"type": "Point", "coordinates": [73.974508, 18.581388]}, "properties": {"depth": 6.51}}, {"type": "Feature", "geometry": {"type": "Point", "coordinates": [73.974097, 18.581456]}, "properties": {"depth": 4.61}}, {"type": "Feature", "geometry": {"type": "Point", "coordinates": [73.974186, 18.581457]}, "properties": {"depth": 4.61}}, {"type": "Feature", "geometry": {"type": "Point", "coordinates": [73.974271, 18.581484]}, "properties": {"depth": 4.61}}, {"type": "Feature", "geometry": {"type": "Point", "coordinates": [73.974372, 18.581513]}, "properties": {"depth": 6.51}}, {"type": "Feature", "geometry": {"type": "Point", "coordinates": [73.974483, 18.581571]}, "properties": {"depth": 4.63}}, {"type": "Feature", "geometry": {"type": "Point", "coordinates": [73.974854, 18.581583]}, "properties": {"depth": 9.0}}, {"type": "Feature", "geometry": {"type": "Point", "coordinates": [73.97378, 18.581587]}, "properties": {"depth": 3.67}}, {"type": "Feature", "geometry": {"type": "Point", "coordinates": [73.974229, 18.581708]}, "properties": {"depth": 2.75}}, {"type": "Feature", "geometry": {"type": "Point", "coordinates": [73.979755, 18.581935]}, "properties": {"depth": 0.17}}, {"type": "Feature", "geometry": {"type": "Point", "coordinates": [73.975575, 18.581846]}, "properties": {"depth": 9.25}}, {"type": "Feature", "geometry": {"type": "Point", "coordinates": [73.977319, 18.581856]}, "properties": {"depth": 6.14}}, {"type": "Feature", "geometry": {"type": "Point", "coordinates": [73.977028, 18.5819]}, "properties": {"depth": 6.91}}, {"type": "Feature", "geometry": {"type": "Point", "coordinates": [73.975658, 18.581962]}, "properties": {"depth": 9.25}}, {"type": "Feature", "geometry": {"type": "Point", "coordinates": [73.976747, 18.581976]}, "properties": {"depth": 6.3}}, {"type": "Feature", "geometry": {"type": "Point", "coordinates": [73.977126, 18.582053]}, "properties": {"depth": 6.14}}, {"type": "Feature", "geometry": {"type": "Point", "coordinates": [73.975743, 18.582075]}, "properties": {"depth": 8.56}}, {"type": "Feature", "geometry": {"type": "Point", "coordinates": [73.977939, 18.582095]}, "properties": {"depth": 4.68}}, {"type": "Feature", "geometry": {"type": "Point", "coordinates": [73.975455, 18.582104]}, "properties": {"depth": 10.21}}, {"type": "Feature", "geometry": {"type": "Point", "coordinates": [73.977477, 18.582121]}, "properties": {"depth": 5.32}}, {"type": "Feature", "geometry": {"type": "Point", "coordinates": [73.974427, 18.581777]}, "properties": {"depth": 4.63}}, {"type": "Feature", "geometry": {"type": "Point", "coordinates": [73.974563, 18.581814]}, "properties": {"depth": 0.37}}, {"type": "Feature", "geometry": {"type": "Point", "coordinates": [73.974375, 18.582008]}, "properties": {"depth": 0.37}}, {"type": "Feature", "geometry": {"type": "Point", "coordinates": [73.974502, 18.582024]}, "properties": {"depth": 0.37}}, {"type": "Feature", "geometry": {"type": "Point", "coordinates": [73.974101, 18.582051]}, "properties": {"depth": 1.37}}, {"type": "Feature", "geometry": {"type": "Point", "coordinates": [73.974803, 18.582095]}, "properties": {"depth": 6.71}}, {"type": "Feature", "geometry": {"type": "Point", "coordinates": [73.979511, 18.582036]}, "properties": {"depth": 3.51}}, {"type": "Feature", "geometry": {"type": "Point", "coordinates": [73.978651, 18.582035]}, "properties": {"depth": 2.54}}, {"type": "Feature", "geometry": {"type": "Point", "coordinates": [73.98045, 18.582055]}, "properties": {"depth": 1.04}}, {"type": "Feature", "geometry": {"type": "Point", "coordinates": [73.979815, 18.582116]}, "properties": {"depth": 1.77}}, {"type": "Feature", "geometry": {"type": "Point", "coordinates": [73.979355, 18.582159]}, "properties": {"depth": 1.32}}, {"type": "Feature", "geometry": {"type": "Point", "coordinates": [73.978166, 18.582255]}, "properties": {"depth": 4.68}}, {"type": "Feature", "geometry": {"type": "Point", "coordinates": [73.979883, 18.582312]}, "properties": {"depth": 1.64}}, {"type": "Feature", "geometry": {"type": "Point", "coordinates": [73.975021, 18.582156]}, "properties": {"depth": 8.71}}, {"type": "Feature", "geometry": {"type": "Point", "coordinates": [73.977835, 18.582187]}, "properties": {"depth": 4.72}}, {"type": "Feature", "geometry": {"type": "Point", "coordinates": [73.975818, 18.582191]}, "properties": {"depth": 8.1}}, {"type": "Feature", "geometry": {"type": "Point", "coordinates": [73.976703, 18.582216]}, "properties": {"depth": 5.92}}, {"type": "Feature", "geometry": {"type": "Point", "coordinates": [73.975408, 18.582237]}, "properties": {"depth": 9.72}}, {"type": "Feature", "geometry": {"type": "Point", "coordinates": [73.976273, 18.582278]}, "properties": {"depth": 5.87}}, {"type": "Feature", "geometry": {"type": "Point", "coordinates": [73.975904, 18.582307]}, "properties": {"depth": 8.1}}, {"type": "Feature", "geometry": {"type": "Point", "coordinates": [73.975363, 18.582376]}, "properties": {"depth": 10.17}}, {"type": "Feature", "geometry": {"type": "Point", "coordinates": [73.975985, 18.582419]}, "properties": {"depth": 6.18}}, {"type": "Feature", "geometry": {"type": "Point", "coordinates": [73.975563, 18.582419]}, "properties": {"depth": 10.14}}, {"type": "Feature", "geometry": {"type": "Point", "coordinates": [73.97437, 18.580901]}, "properties": {"depth": 10.54}}, {"type": "Feature", "geometry": {"type": "Point", "coordinates": [73.974142, 18.581318]}, "properties": {"depth": 4.61}}, {"type": "Feature", "geometry": {"type": "Point", "coordinates": [73.974322, 18.58134]}, "properties": {"depth": 6.51}}, {"type": "Feature", "geometry": {"type": "Point", "coordinates": [73.97441, 18.581361]}, "properties": {"depth": 6.51}}, {"type": "Feature", "geometry": {"type": "Point", "coordinates": [73.974793, 18.582224]}, "properties": {"depth": 6.71}}, {"type": "Feature", "geometry": {"type": "Point", "coordinates": [73.974073, 18.582265]}, "properties": {"depth": 1.95}}, {"type": "Feature", "geometry": {"type": "Point", "coordinates": [73.973518, 18.582319]}, "properties": {"depth": 1.16}}, {"type": "Feature", "geometry": {"type": "Point", "coordinates": [73.974339, 18.582884]}, "properties": {"depth": 4.82}}, {"type": "Feature", "geometry": {"type": "Point", "coordinates": [73.979658, 18.582399]}, "properties": {"depth": 1.35}}, {"type": "Feature", "geometry": {"type": "Point", "coordinates": [73.977792, 18.582442]}, "properties": {"depth": 4.7}}, {"type": "Feature", "geometry": {"type": "Point", "coordinates": [73.975723, 18.582477]}, "properties": {"depth": 9.78}}, {"type": "Feature", "geometry": {"type": "Point", "coordinates": [73.977242, 18.582508]}, "properties": {"depth": 8.41}}, {"type": "Feature", "geometry": {"type": "Point", "coordinates": [73.978121, 18.582513]}, "properties": {"depth": 3.5}}, {"type": "Feature", "geometry": {"type": "Point", "coordinates": [73.97505, 18.582513]}, "properties": {"depth": 7.97}}, {"type": "Feature", "geometry": {"type": "Point", "coordinates": [73.976643, 18.582519]}, "properties": {"depth": 5.87}}, {"type": "Feature", "geometry": {"type": "Point", "coordinates": [73.976214, 18.582556]}, "properties": {"depth": 6.18}}, {"type": "Feature", "geometry": {"type": "Point", "coordinates": [73.976045, 18.582571]}, "properties": {"depth": 6.18}}, {"type": "Feature", "geometry": {"type": "Point", "coordinates": [73.975396, 18.582706]}, "properties": {"depth": 8.35}}, {"type": "Feature", "geometry": {"type": "Point", "coordinates": [73.975616, 18.582718]}, "properties": {"depth": 8.96}}, {"type": "Feature", "geometry": {"type": "Point", "coordinates": [73.973802, 18.582348]}, "properties": {"depth": 0.55}}, {"type": "Feature", "geometry": {"type": "Point", "coordinates": [73.974625, 18.58241]}, "properties": {"depth": 5.38}}, {"type": "Feature", "geometry": {"type": "Point", "coordinates": [73.974734, 18.582439]}, "properties": {"depth": 5.38}}, {"type": "Feature", "geometry": {"type": "Point", "coordinates": [73.974843, 18.582479]}, "properties": {"depth": 5.38}}, {"type": "Feature", "geometry": {"type": "Point", "coordinates": [73.974933, 18.582506]}, "properties": {"depth": 7.97}}, {"type": "Feature", "geometry": {"type": "Point", "coordinates": [73.97439, 18.582577]}, "properties": {"depth": 5.73}}, {"type": "Feature", "geometry": {"type": "Point", "coordinates": [73.974967, 18.582714]}, "properties": {"depth": 9.71}}, {"type": "Feature", "geometry": {"type": "Point", "coordinates": [73.978442, 18.582615]}, "properties": {"depth": 6.59}}, {"type": "Feature", "geometry": {"type": "Point", "coordinates": [73.980629, 18.582787]}, "properties": {"depth": 0.47}}, {"type": "Feature", "geometry": {"type": "Point", "coordinates": [73.980543, 18.582826]}, "properties": {"depth": 0.47}}, {"type": "Feature", "geometry": {"type": "Point", "coordinates": [73.980466, 18.582842]}, "properties": {"depth": 0.47}}, {"type": "Feature", "geometry": {"type": "Point", "coordinates": [73.980373, 18.582858]}, "properties": {"depth": 1.53}}, {"type": "Feature", "geometry": {"type": "Point", "coordinates": [73.977721, 18.582751]}, "properties": {"depth": 5.08}}, {"type": "Feature", "geometry": {"type": "Point", "coordinates": [73.975233, 18.582762]}, "properties": {"depth": 8.35}}, {"type": "Feature", "geometry": {"type": "Point", "coordinates": [73.976576, 18.582803]}, "properties": {"depth": 4.91}}, {"type": "Feature", "geometry": {"type": "Point", "coordinates": [73.978048, 18.582819]}, "properties": {"depth": 4.66}}, {"type": "Feature", "geometry": {"type": "Point", "coordinates": [73.975934, 18.582829]}, "properties": {"depth": 9.24}}, {"type": "Feature", "geometry": {"type": "Point", "coordinates": [73.976127, 18.582895]}, "properties": {"depth": 6.58}}, {"type": "Feature", "geometry": {"type": "Point", "coordinates": [73.976992, 18.582923]}, "properties": {"depth": 4.9}}, {"type": "Feature", "geometry": {"type": "Point", "coordinates": [73.975903, 18.582927]}, "properties": {"depth": 8.05}}, {"type": "Feature", "geometry": {"type": "Point", "coordinates": [73.977241, 18.582964]}, "properties": {"depth": 5.17}}, {"type": "Feature", "geometry": {"type": "Point", "coordinates": [73.975657, 18.583002]}, "properties": {"depth": 8.48}}, {"type": "Feature", "geometry": {"type": "Point", "coordinates": [73.978386, 18.582993]}, "properties": {"depth": 8.13}}, {"type": "Feature", "geometry": {"type": "Point", "coordinates": [73.980363, 18.583126]}, "properties": {"depth": 1.59}}, {"type": "Feature", "geometry": {"type": "Point", "coordinates": [73.974908, 18.5829]}, "properties": {"depth": 9.71}}, {"type": "Feature", "geometry": {"type": "Point", "coordinates": [73.973351, 18.582921]}, "properties": {"depth": 5.18}}, {"type": "Feature", "geometry": {"type": "Point", "coordinates": [73.973972, 18.58295]}, "properties": {"depth": 0.92}}, {"type": "Feature", "geometry": {"type": "Point", "coordinates": [73.974657, 18.583031]}, "properties": {"depth": 7.17}}, {"type": "Feature", "geometry": {"type": "Point", "coordinates": [73.973282, 18.583098]}, "properties": {"depth": 5.18}}, {"type": "Feature", "geometry": {"type": "Point", "coordinates": [73.974017, 18.583181]}, "properties": {"depth": 0.92}}, {"type": "Feature", "geometry": {"type": "Point", "coordinates": [73.974384, 18.583244]}, "properties": {"depth": 4.52}}, {"type": "Feature", "geometry": {"type": "Point", "coordinates": [73.974794, 18.583276]}, "properties": {"depth": 5.6}}, {"type": "Feature", "geometry": {"type": "Point", "coordinates": [73.973983, 18.583321]}, "properties": {"depth": 5.1}}, {"type": "Feature", "geometry": {"type": "Point", "coordinates": [73.977622, 18.583073]}, "properties": {"depth": 6.45}}, {"type": "Feature", "geometry": {"type": "Point", "coordinates": [73.976581, 18.583082]}, "properties": {"depth": 4.66}}, {"type": "Feature", "geometry": {"type": "Point", "coordinates": [73.976121, 18.583138]}, "properties": {"depth": 6.89}}, {"type": "Feature", "geometry": {"type": "Point", "coordinates": [73.977065, 18.583188]}, "properties": {"depth": 4.9}}, {"type": "Feature", "geometry": {"type": "Point", "coordinates": [73.977991, 18.583226]}, "properties": {"depth": 8.11}}, {"type": "Feature", "geometry": {"type": "Point", "coordinates": [73.975994, 18.58332]}, "properties": {"depth": 6.24}}, {"type": "Feature", "geometry": {"type": "Point", "coordinates": [73.976722, 18.583347]}, "properties": {"depth": 5.19}}, {"type": "Feature", "geometry": {"type": "Point", "coordinates": [73.976223, 18.583422]}, "properties": {"depth": 6.24}}, {"type": "Feature", "geometry": {"type": "Point", "coordinates": [73.97518, 18.58345]}, "properties": {"depth": 8.53}}, {"type": "Feature", "geometry": {"type": "Point", "coordinates": [73.9781, 18.583557]}, "properties": {"depth": 6.62}}, {"type": "Feature", "geometry": {"type": "Point", "coordinates": [73.979634, 18.583475]}, "properties": {"depth": 3.31}}, {"type": "Feature", "geometry": {"type": "Point", "coordinates": [73.979637, 18.583557]}, "properties": {"depth": 3.31}}, {"type": "Feature", "geometry": {"type": "Point", "coordinates": [73.973145, 18.583331]}, "properties": {"depth": 5.44}}, {"type": "Feature", "geometry": {"type": "Point", "coordinates": [73.974587, 18.583382]}, "properties": {"depth": 5.6}}, {"type": "Feature", "geometry": {"type": "Point", "coordinates": [73.97476, 18.583396]}, "properties": {"depth": 5.6}}, {"type": "Feature", "geometry": {"type": "Point", "coordinates": [73.973948, 18.583411]}, "properties": {"depth": 5.1}}, {"type": "Feature", "geometry": {"type": "Point", "coordinates": [73.973071, 18.583403]}, "properties": {"depth": 5.44}}, {"type": "Feature", "geometry": {"type": "Point", "coordinates": [73.974306, 18.583421]}, "properties": {"depth": 4.52}}, {"type": "Feature", "geometry": {"type": "Point", "coordinates": [73.973202, 18.583491]}, "properties": {"depth": 3.39}}, {"type": "Feature", "geometry": {"type": "Point", "coordinates": [73.972595, 18.583485]}, "properties": {"depth": 3.78}}, {"type": "Feature", "geometry": {"type": "Point", "coordinates": [73.973533, 18.583571]}, "properties": {"depth": 5.57}}, {"type": "Feature", "geometry": {"type": "Point", "coordinates": [73.974708, 18.583592]}, "properties": {"depth": 12.42}}, {"type": "Feature", "geometry": {"type": "Point", "coordinates": [73.97861, 18.583563]}, "properties": {"depth": 4.65}}, {"type": "Feature", "geometry": {"type": "Point", "coordinates": [73.980081, 18.583785]}, "properties": {"depth": 1.19}}, {"type": "Feature", "geometry": {"type": "Point", "coordinates": [73.979674, 18.583793]}, "properties": {"depth": 2.58}}, {"type": "Feature", "geometry": {"type": "Point", "coordinates": [73.978193, 18.583791]}, "properties": {"depth": 8.49}}, {"type": "Feature", "geometry": {"type": "Point", "coordinates": [73.978648, 18.583825]}, "properties": {"depth": 5.88}}, {"type": "Feature", "geometry": {"type": "Point", "coordinates": [73.979823, 18.583847]}, "properties": {"depth": 2.58}}, {"type": "Feature", "geometry": {"type": "Point", "coordinates": [73.974033, 18.583624]}, "properties": {"depth": 6.72}}, {"type": "Feature", "geometry": {"type": "Point", "coordinates": [73.972933, 18.583663]}, "properties": {"depth": 5.01}}, {"type": "Feature", "geometry": {"type": "Point", "coordinates": [73.974238, 18.583709]}, "properties": {"depth": 6.72}}, {"type": "Feature", "geometry": {"type": "Point", "coordinates": [73.974416, 18.583753]}, "properties": {"depth": 7.46}}, {"type": "Feature", "geometry": {"type": "Point", "coordinates": [73.973024, 18.583778]}, "properties": {"depth": 2.47}}, {"type": "Feature", "geometry": {"type": "Point", "coordinates": [73.973175, 18.583867]}, "properties": {"depth": 2.47}}, {"type": "Feature", "geometry": {"type": "Point", "coordinates": [73.972363, 18.583888]}, "properties": {"depth": 4.35}}, {"type": "Feature", "geometry": {"type": "Point", "coordinates": [73.971881, 18.583942]}, "properties": {"depth": 9.12}}, {"type": "Feature", "geometry": {"type": "Point", "coordinates": [73.973164, 18.583979]}, "properties": {"depth": 2.47}}, {"type": "Feature", "geometry": {"type": "Point", "coordinates": [73.979722, 18.583894]}, "properties": {"depth": 2.58}}, {"type": "Feature", "geometry": {"type": "Point", "coordinates": [73.979831, 18.583909]}, "properties": {"depth": 2.58}}, {"type": "Feature", "geometry": {"type": "Point", "coordinates": [73.980036, 18.583931]}, "properties": {"depth": 1.19}}, {"type": "Feature", "geometry": {"type": "Point", "coordinates": [73.979752, 18.583952]}, "properties": {"depth": 2.58}}, {"type": "Feature", "geometry": {"type": "Point", "coordinates": [73.978647, 18.583947]}, "properties": {"depth": 5.88}}, {"type": "Feature", "geometry": {"type": "Point", "coordinates": [73.984719, 18.583839]}, "properties": {"depth": 2.24}}, {"type": "Feature", "geometry": {"type": "Point", "coordinates": [73.979675, 18.583968]}, "properties": {"depth": 2.58}}, {"type": "Feature", "geometry": {"type": "Point", "coordinates": [73.980026, 18.583979]}, "properties": {"depth": 1.19}}, {"type": "Feature", "geometry": {"type": "Point", "coordinates": [73.979796, 18.583989]}, "properties": {"depth": 2.58}}, {"type": "Feature", "geometry": {"type": "Point", "coordinates": [73.97987, 18.583991]}, "properties": {"depth": 1.19}}, {"type": "Feature", "geometry": {"type": "Point", "coordinates": [73.979717, 18.584032]}, "properties": {"depth": 2.52}}, {"type": "Feature", "geometry": {"type": "Point", "coordinates": [73.97981, 18.584042]}, "properties": {"depth": 2.52}}, {"type": "Feature", "geometry": {"type": "Point", "coordinates": [73.980017, 18.584049]}, "properties": {"depth": 1.16}}, {"type": "Feature", "geometry": {"type": "Point", "coordinates": [73.979879, 18.584068]}, "properties": {"depth": 1.16}}, {"type": "Feature", "geometry": {"type": "Point", "coordinates": [73.97965, 18.584072]}, "properties": {"depth": 2.52}}, {"type": "Feature", "geometry": {"type": "Point", "coordinates": [73.978298, 18.584102]}, "properties": {"depth": 7.3}}, {"type": "Feature", "geometry": {"type": "Point", "coordinates": [73.979883, 18.584112]}, "properties": {"depth": 1.16}}, {"type": "Feature", "geometry": {"type": "Point", "coordinates": [73.97964, 18.584115]}, "properties": {"depth": 2.52}}, {"type": "Feature", "geometry": {"type": "Point", "coordinates": [73.979989, 18.584117]}, "properties": {"depth": 1.16}}, {"type": "Feature", "geometry": {"type": "Point", "coordinates": [73.979782, 18.584129]}, "properties": {"depth": 2.52}}, {"type": "Feature", "geometry": {"type": "Point", "coordinates": [73.980015, 18.584153]}, "properties": {"depth": 1.16}}, {"type": "Feature", "geometry": {"type": "Point", "coordinates": [73.979613, 18.584152]}, "properties": {"depth": 2.52}}, {"type": "Feature", "geometry": {"type": "Point", "coordinates": [73.979884, 18.584164]}, "properties": {"depth": 1.16}}, {"type": "Feature", "geometry": {"type": "Point", "coordinates": [73.979706, 18.584163]}, "properties": {"depth": 2.52}}, {"type": "Feature", "geometry": {"type": "Point", "coordinates": [73.979779, 18.584179]}, "properties": {"depth": 2.52}}, {"type": "Feature", "geometry": {"type": "Point", "coordinates": [73.979638, 18.584202]}, "properties": {"depth": 2.52}}, {"type": "Feature", "geometry": {"type": "Point", "coordinates": [73.980002, 18.584217]}, "properties": {"depth": 1.16}}, {"type": "Feature", "geometry": {"type": "Point", "coordinates": [73.979686, 18.584221]}, "properties": {"depth": 2.52}}, {"type": "Feature", "geometry": {"type": "Point", "coordinates": [73.979865, 18.584225]}, "properties": {"depth": 1.16}}, {"type": "Feature", "geometry": {"type": "Point", "coordinates": [73.979769, 18.584233]}, "properties": {"depth": 2.52}}, {"type": "Feature", "geometry": {"type": "Point", "coordinates": [73.979629, 18.584241]}, "properties": {"depth": 2.52}}, {"type": "Feature", "geometry": {"type": "Point", "coordinates": [73.9779, 18.583569]}, "properties": {"depth": 7.79}}, {"type": "Feature", "geometry": {"type": "Point", "coordinates": [73.976363, 18.584011]}, "properties": {"depth": 11.66}}, {"type": "Feature", "geometry": {"type": "Point", "coordinates": [73.976662, 18.584068]}, "properties": {"depth": 9.66}}, {"type": "Feature", "geometry": {"type": "Point", "coordinates": [73.9769, 18.584389]}, "properties": {"depth": 6.62}}, {"type": "Feature", "geometry": {"type": "Point", "coordinates": [73.976848, 18.584814]}, "properties": {"depth": 4.92}}, {"type": "Feature", "geometry": {"type": "Point", "coordinates": [73.977007, 18.584813]}, "properties": {"depth": 4.92}}, {"type": "Feature", "geometry": {"type": "Point", "coordinates": [73.976688, 18.584842]}, "properties": {"depth": 5.73}}, {"type": "Feature", "geometry": {"type": "Point", "coordinates": [73.976747, 18.584889]}, "properties": {"depth": 5.85}}, {"type": "Feature", "geometry": {"type": "Point", "coordinates": [73.976862, 18.584938]}, "properties": {"depth": 4.29}}, {"type": "Feature", "geometry": {"type": "Point", "coordinates": [73.976723, 18.584966]}, "properties": {"depth": 5.85}}, {"type": "Feature", "geometry": {"type": "Point", "coordinates": [73.979984, 18.584263]}, "properties": {"depth": 1.16}}, {"type": "Feature", "geometry": {"type": "Point", "coordinates": [73.980034, 18.584264]}, "properties": {"depth": 1.16}}, {"type": "Feature", "geometry": {"type": "Point", "coordinates": [73.980123, 18.584292]}, "properties": {"depth": 1.16}}, {"type": "Feature", "geometry": {"type": "Point", "coordinates": [73.979859, 18.584291]}, "properties": {"depth": 2.52}}, {"type": "Feature", "geometry": {"type": "Point", "coordinates": [73.979755, 18.584292]}, "properties": {"depth": 2.52}}, {"type": "Feature", "geometry": {"type": "Point", "coordinates": [73.97968, 18.584293]}, "properties": {"depth": 2.52}}, {"type": "Feature", "geometry": {"type": "Point", "coordinates": [73.979626, 18.584304]}, "properties": {"depth": 2.52}}, {"type": "Feature", "geometry": {"type": "Point", "coordinates": [73.979587, 18.584304]}, "properties": {"depth": 2.52}}, {"type": "Feature", "geometry": {"type": "Point", "coordinates": [73.980084, 18.584312]}, "properties": {"depth": 1.14}}, {"type": "Feature", "geometry": {"type": "Point", "coordinates": [73.979982, 18.584312]}, "properties": {"depth": 1.14}}, {"type": "Feature", "geometry": {"type": "Point", "coordinates": [73.980028, 18.584331]}, "properties": {"depth": 1.14}}, {"type": "Feature", "geometry": {"type": "Point", "coordinates": [73.979909, 18.58434]}, "properties": {"depth": 1.14}}, {"type": "Feature", "geometry": {"type": "Point", "coordinates": [73.979855, 18.584342]}, "properties": {"depth": 2.25}}, {"type": "Feature", "geometry": {"type": "Point", "coordinates": [73.979756, 18.584363]}, "properties": {"depth": 2.25}}, {"type": "Feature", "geometry": {"type": "Point", "coordinates": [73.979635, 18.584373]}, "properties": {"depth": 2.25}}, {"type": "Feature", "geometry": {"type": "Point", "coordinates": [73.979676, 18.584387]}, "properties": {"depth": 2.25}}, {"type": "Feature", "geometry": {"type": "Point", "coordinates": [73.979873, 18.584438]}, "properties": {"depth": 1.14}}, {"type": "Feature", "geometry": {"type": "Point", "coordinates": [73.980004, 18.584453]}, "properties": {"depth": 1.14}}, {"type": "Feature", "geometry": {"type": "Point", "coordinates": [73.972535, 18.584025]}, "properties": {"depth": 4.35}}, {"type": "Feature", "geometry": {"type": "Point", "coordinates": [73.974814, 18.584734]}, "properties": {"depth": 10.16}}, {"type": "Feature", "geometry": {"type": "Point", "coordinates": [73.974953, 18.584747]}, "properties": {"depth": 9.87}}, {"type": "Feature", "geometry": {"type": "Point", "coordinates": [73.980055, 18.584502]}, "properties": {"depth": 1.14}}, {"type": "Feature", "geometry": {"type": "Point", "coordinates": [73.979862, 18.584518]}, "properties": {"depth": 1.14}}, {"type": "Feature", "geometry": {"type": "Point", "coordinates": [73.982239, 18.584613]}, "properties": {"depth": 1.35}}, {"type": "Feature", "geometry": {"type": "Point", "coordinates": [73.982361, 18.584624]}, "properties": {"depth": 1.35}}, {"type": "Feature", "geometry": {"type": "Point", "coordinates": [73.982549, 18.584727]}, "properties": {"depth": 0.36}}, {"type": "Feature", "geometry": {"type": "Point", "coordinates": [73.984787, 18.584395]}, "properties": {"depth": 2.98}}, {"type": "Feature", "geometry": {"type": "Point", "coordinates": [73.984761, 18.58455]}, "properties": {"depth": 2.98}}, {"type": "Feature", "geometry": {"type": "Point", "coordinates": [73.984991, 18.584776]}, "properties": {"depth": 2.5}}, {"type": "Feature", "geometry": {"type": "Point", "coordinates": [73.982281, 18.584785]}, "properties": {"depth": 1.35}}, {"type": "Feature", "geometry": {"type": "Point", "coordinates": [73.981442, 18.584871]}, "properties": {"depth": 1.12}}, {"type": "Feature", "geometry": {"type": "Point", "coordinates": [73.98153, 18.584877]}, "properties": {"depth": 0.74}}, {"type": "Feature", "geometry": {"type": "Point", "coordinates": [73.982471, 18.584903]}, "properties": {"depth": 0.66}}, {"type": "Feature", "geometry": {"type": "Point", "coordinates": [73.980355, 18.584932]}, "properties": {"depth": 0.88}}, {"type": "Feature", "geometry": {"type": "Point", "coordinates": [73.981736, 18.584959]}, "properties": {"depth": 0.74}}, {"type": "Feature", "geometry": {"type": "Point", "coordinates": [73.98136, 18.585003]}, "properties": {"depth": 1.12}}, {"type": "Feature", "geometry": {"type": "Point", "coordinates": [73.98108, 18.585014]}, "properties": {"depth": 0.52}}, {"type": "Feature", "geometry": {"type": "Point", "coordinates": [73.974416, 18.584802]}, "properties": {"depth": 10.03}}, {"type": "Feature", "geometry": {"type": "Point", "coordinates": [73.974554, 18.584808]}, "properties": {"depth": 10.03}}, {"type": "Feature", "geometry": {"type": "Point", "coordinates": [73.972969, 18.584929]}, "properties": {"depth": 1.32}}, {"type": "Feature", "geometry": {"type": "Point", "coordinates": [73.972548, 18.585089]}, "properties": {"depth": 2.81}}, {"type": "Feature", "geometry": {"type": "Point", "coordinates": [73.972163, 18.585129]}, "properties": {"depth": 5.85}}, {"type": "Feature", "geometry": {"type": "Point", "coordinates": [73.972335, 18.585135]}, "properties": {"depth": 5.85}}, {"type": "Feature", "geometry": {"type": "Point", "coordinates": [73.973299, 18.58516]}, "properties": {"depth": 0.59}}, {"type": "Feature", "geometry": {"type": "Point", "coordinates": [73.970854, 18.58516]}, "properties": {"depth": 5.03}}, {"type": "Feature", "geometry": {"type": "Point", "coordinates": [73.972548, 18.585178]}, "properties": {"depth": 3.66}}, {"type": "Feature", "geometry": {"type": "Point", "coordinates": [73.973161, 18.585187]}, "properties": {"depth": 2.05}}, {"type": "Feature", "geometry": {"type": "Point", "coordinates": [73.982461, 18.585028]}, "properties": {"depth": 0.66}}, {"type": "Feature", "geometry": {"type": "Point", "coordinates": [73.981384, 18.585047]}, "properties": {"depth": 1.12}}, {"type": "Feature", "geometry": {"type": "Point", "coordinates": [73.981307, 18.585054]}, "properties": {"depth": 1.12}}, {"type": "Feature", "geometry": {"type": "Point", "coordinates": [73.981068, 18.585083]}, "properties": {"depth": 0.52}}, {"type": "Feature", "geometry": {"type": "Point", "coordinates": [73.981163, 18.585089]}, "properties": {"depth": 0.52}}, {"type": "Feature", "geometry": {"type": "Point", "coordinates": [73.981247, 18.58509]}, "properties": {"depth": 0.52}}, {"type": "Feature", "geometry": {"type": "Point", "coordinates": [73.981357, 18.585118]}, "properties": {"depth": 1.12}}, {"type": "Feature", "geometry": {"type": "Point", "coordinates": [73.982335, 18.585186]}, "properties": {"depth": 1.01}}, {"type": "Feature", "geometry": {"type": "Point", "coordinates": [73.982441, 18.585202]}, "properties": {"depth": 0.75}}, {"type": "Feature", "geometry": {"type": "Point", "coordinates": [73.975182, 18.585061]}, "properties": {"depth": 12.74}}, {"type": "Feature", "geometry": {"type": "Point", "coordinates": [73.976128, 18.585068]}, "properties": {"depth": 4.97}}, {"type": "Feature", "geometry": {"type": "Point", "coordinates": [73.977124, 18.585138]}, "properties": {"depth": 4.72}}, {"type": "Feature", "geometry": {"type": "Point", "coordinates": [73.976939, 18.585175]}, "properties": {"depth": 3.57}}, {"type": "Feature", "geometry": {"type": "Point", "coordinates": [73.975709, 18.585196]}, "properties": {"depth": 7.68}}, {"type": "Feature", "geometry": {"type": "Point", "coordinates": [73.976778, 18.585228]}, "properties": {"depth": 4.53}}, {"type": "Feature", "geometry": {"type": "Point", "coordinates": [73.976333, 18.585261]}, "properties": {"depth": 6.0}}, {"type": "Feature", "geometry": {"type": "Point", "coordinates": [73.976604, 18.585278]}, "properties": {"depth": 4.53}}, {"type": "Feature", "geometry": {"type": "Point", "coordinates": [73.976715, 18.585386]}, "properties": {"depth": 4.53}}, {"type": "Feature", "geometry": {"type": "Point", "coordinates": [73.976726, 18.585439]}, "properties": {"depth": 4.42}}, {"type": "Feature", "geometry": {"type": "Point", "coordinates": [73.971967, 18.585211]}, "properties": {"depth": 6.94}}, {"type": "Feature", "geometry": {"type": "Point", "coordinates": [73.972934, 18.585213]}, "properties": {"depth": 2.05}}, {"type": "Feature", "geometry": {"type": "Point", "coordinates": [73.9738, 18.585285]}, "properties": {"depth": 5.54}}, {"type": "Feature", "geometry": {"type": "Point", "coordinates": [73.974397, 18.585227]}, "properties": {"depth": 6.49}}, {"type": "Feature", "geometry": {"type": "Point", "coordinates": [73.974533, 18.585239]}, "properties": {"depth": 6.49}}, {"type": "Feature", "geometry": {"type": "Point", "coordinates": [73.974783, 18.585247]}, "properties": {"depth": 9.39}}, {"type": "Feature", "geometry": {"type": "Point", "coordinates": [73.974925, 18.585261]}, "properties": {"depth": 8.4}}, {"type": "Feature", "geometry": {"type": "Point", "coordinates": [73.971788, 18.585262]}, "properties": {"depth": 7.06}}, {"type": "Feature", "geometry": {"type": "Point", "coordinates": [73.972724, 18.585274]}, "properties": {"depth": 2.08}}, {"type": "Feature", "geometry": {"type": "Point", "coordinates": [73.981204, 18.585218]}, "properties": {"depth": 0.94}}, {"type": "Feature", "geometry": {"type": "Point", "coordinates": [73.982574, 18.58524]}, "properties": {"depth": 0.75}}, {"type": "Feature", "geometry": {"type": "Point", "coordinates": [73.982665, 18.585256]}, "properties": {"depth": 0.92}}, {"type": "Feature", "geometry": {"type": "Point", "coordinates": [73.981354, 18.585251]}, "properties": {"depth": 0.17}}, {"type": "Feature", "geometry": {"type": "Point", "coordinates": [73.981263, 18.585314]}, "properties": {"depth": 0.17}}, {"type": "Feature", "geometry": {"type": "Point", "coordinates": [73.981198, 18.585335]}, "properties": {"depth": 0.94}}, {"type": "Feature", "geometry": {"type": "Point", "coordinates": [73.982073, 18.585355]}, "properties": {"depth": 2.2}}, {"type": "Feature", "geometry": {"type": "Point", "coordinates": [73.981265, 18.585352]}, "properties": {"depth": 0.17}}, {"type": "Feature", "geometry": {"type": "Point", "coordinates": [73.981979, 18.585367]}, "properties": {"depth": 2.2}}, {"type": "Feature", "geometry": {"type": "Point", "coordinates": [73.982407, 18.585436]}, "properties": {"depth": 4.08}}, {"type": "Feature", "geometry": {"type": "Point", "coordinates": [73.976401, 18.585431]}, "properties": {"depth": 7.55}}, {"type": "Feature", "geometry": {"type": "Point", "coordinates": [73.976589, 18.585445]}, "properties": {"depth": 4.42}}, {"type": "Feature", "geometry": {"type": "Point", "coordinates": [73.976845, 18.585479]}, "properties": {"depth": 4.68}}, {"type": "Feature", "geometry": {"type": "Point", "coordinates": [73.976039, 18.585485]}, "properties": {"depth": 8.41}}, {"type": "Feature", "geometry": {"type": "Point", "coordinates": [73.976584, 18.585497]}, "properties": {"depth": 4.42}}, {"type": "Feature", "geometry": {"type": "Point", "coordinates": [73.976601, 18.585508]}, "properties": {"depth": 4.42}}, {"type": "Feature", "geometry": {"type": "Point", "coordinates": [73.97628, 18.585517]}, "properties": {"depth": 7.55}}, {"type": "Feature", "geometry": {"type": "Point", "coordinates": [73.976825, 18.58556]}, "properties": {"depth": 4.68}}, {"type": "Feature", "geometry": {"type": "Point", "coordinates": [73.976419, 18.585562]}, "properties": {"depth": 7.55}}, {"type": "Feature", "geometry": {"type": "Point", "coordinates": [73.976202, 18.585587]}, "properties": {"depth": 8.41}}, {"type": "Feature", "geometry": {"type": "Point", "coordinates": [73.976065, 18.585588]}, "properties": {"depth": 8.41}}, {"type": "Feature", "geometry": {"type": "Point", "coordinates": [73.97578, 18.585577]}, "properties": {"depth": 8.56}}, {"type": "Feature", "geometry": {"type": "Point", "coordinates": [73.976616, 18.585605]}, "properties": {"depth": 4.42}}, {"type": "Feature", "geometry": {"type": "Point", "coordinates": [73.976809, 18.585656]}, "properties": {"depth": 4.68}}, {"type": "Feature", "geometry": {"type": "Point", "coordinates": [73.976705, 18.58575]}, "properties": {"depth": 6.01}}, {"type": "Feature", "geometry": {"type": "Point", "coordinates": [73.976521, 18.585755]}, "properties": {"depth": 8.81}}, {"type": "Feature", "geometry": {"type": "Point", "coordinates": [73.976873, 18.585758]}, "properties": {"depth": 5.75}}, {"type": "Feature", "geometry": {"type": "Point", "coordinates": [73.9765, 18.585936]}, "properties": {"depth": 8.81}}, {"type": "Feature", "geometry": {"type": "Point", "coordinates": [73.976668, 18.585967]}, "properties": {"depth": 6.01}}, {"type": "Feature", "geometry": {"type": "Point", "coordinates": [73.976553, 18.585974]}, "properties": {"depth": 5.65}}, {"type": "Feature", "geometry": {"type": "Point", "coordinates": [73.97051, 18.585634]}, "properties": {"depth": 1.93}}, {"type": "Feature", "geometry": {"type": "Point", "coordinates": [73.974637, 18.58566]}, "properties": {"depth": 6.21}}, {"type": "Feature", "geometry": {"type": "Point", "coordinates": [73.970811, 18.585679]}, "properties": {"depth": 6.5}}, {"type": "Feature", "geometry": {"type": "Point", "coordinates": [73.973482, 18.5857]}, "properties": {"depth": 2.95}}, {"type": "Feature", "geometry": {"type": "Point", "coordinates": [73.97252, 18.585708]}, "properties": {"depth": 2.61}}, {"type": "Feature", "geometry": {"type": "Point", "coordinates": [73.973621, 18.58572]}, "properties": {"depth": 2.95}}, {"type": "Feature", "geometry": {"type": "Point", "coordinates": [73.973132, 18.585724]}, "properties": {"depth": 2.2}}, {"type": "Feature", "geometry": {"type": "Point", "coordinates": [73.971941, 18.585721]}, "properties": {"depth": 4.77}}, {"type": "Feature", "geometry": {"type": "Point", "coordinates": [73.973267, 18.585734]}, "properties": {"depth": 1.32}}, {"type": "Feature", "geometry": {"type": "Point", "coordinates": [73.972895, 18.585819]}, "properties": {"depth": 2.82}}, {"type": "Feature", "geometry": {"type": "Point", "coordinates": [73.985093, 18.585071]}, "properties": {"depth": 2.49}}, {"type": "Feature", "geometry": {"type": "Point", "coordinates": [73.984573, 18.585645]}, "properties": {"depth": 3.33}}, {"type": "Feature", "geometry": {"type": "Point", "coordinates": [73.983277, 18.585656]}, "properties": {"depth": 4.8}}, {"type": "Feature", "geometry": {"type": "Point", "coordinates": [73.983076, 18.585666]}, "properties": {"depth": 1.33}}, {"type": "Feature", "geometry": {"type": "Point", "coordinates": [73.972556, 18.585309]}, "properties": {"depth": 3.66}}, {"type": "Feature", "geometry": {"type": "Point", "coordinates": [73.971493, 18.585337]}, "properties": {"depth": 7.58}}, {"type": "Feature", "geometry": {"type": "Point", "coordinates": [73.971786, 18.585359]}, "properties": {"depth": 7.06}}, {"type": "Feature", "geometry": {"type": "Point", "coordinates": [73.972935, 18.585385]}, "properties": {"depth": 2.05}}, {"type": "Feature", "geometry": {"type": "Point", "coordinates": [73.971037, 18.585455]}, "properties": {"depth": 7.5}}, {"type": "Feature", "geometry": {"type": "Point", "coordinates": [73.971782, 18.585501]}, "properties": {"depth": 3.44}}, {"type": "Feature", "geometry": {"type": "Point", "coordinates": [73.970761, 18.585516]}, "properties": {"depth": 6.5}}, {"type": "Feature", "geometry": {"type": "Point", "coordinates": [73.974402, 18.585636]}, "properties": {"depth": 6.39}}, {"type": "Feature", "geometry": {"type": "Point", "coordinates": [73.971572, 18.585634]}, "properties": {"depth": 3.44}}, {"type": "Feature", "geometry": {"type": "Point", "coordinates": [73.971757, 18.585833]}, "properties": {"depth": 2.13}}, {"type": "Feature", "geometry": {"type": "Point", "coordinates": [73.971755, 18.585916]}, "properties": {"depth": 2.13}}, {"type": "Feature", "geometry": {"type": "Point", "coordinates": [73.971758, 18.585985]}, "properties": {"depth": 2.57}}, {"type": "Feature", "geometry": {"type": "Point", "coordinates": [73.971928, 18.586092]}, "properties": {"depth": 3.46}}, {"type": "Feature", "geometry": {"type": "Point", "coordinates": [73.972128, 18.586095]}, "properties": {"depth": 3.8}}, {"type": "Feature", "geometry": {"type": "Point", "coordinates": [73.97213, 18.58618]}, "properties": {"depth": 3.8}}, {"type": "Feature", "geometry": {"type": "Point", "coordinates": [73.971529, 18.586198]}, "properties": {"depth": 2.57}}, {"type": "Feature", "geometry": {"type": "Point", "coordinates": [73.972504, 18.586211]}, "properties": {"depth": 4.2}}, {"type": "Feature", "geometry": {"type": "Point", "coordinates": [73.971695, 18.586209]}, "properties": {"depth": 2.57}}, {"type": "Feature", "geometry": {"type": "Point", "coordinates": [73.971863, 18.586211]}, "properties": {"depth": 3.46}}, {"type": "Feature", "geometry": {"type": "Point", "coordinates": [73.972277, 18.586235]}, "properties": {"depth": 3.8}}, {"type": "Feature", "geometry": {"type": "Point", "coordinates": [73.972112, 18.586251]}, "properties": {"depth": 3.64}}, {"type": "Feature", "geometry": {"type": "Point", "coordinates": [73.972276, 18.586346]}, "properties": {"depth": 3.64}}, {"type": "Feature", "geometry": {"type": "Point", "coordinates": [73.972159, 18.586358]}, "properties": {"depth": 3.64}}, {"type": "Feature", "geometry": {"type": "Point", "coordinates": [73.971783, 18.586409]}, "properties": {"depth": 2.26}}, {"type": "Feature", "geometry": {"type": "Point", "coordinates": [73.971895, 18.586404]}, "properties": {"depth": 2.96}}, {"type": "Feature", "geometry": {"type": "Point", "coordinates": [73.972292, 18.586616]}, "properties": {"depth": 4.31}}, {"type": "Feature", "geometry": {"type": "Point", "coordinates": [73.972103, 18.586657]}, "properties": {"depth": 4.31}}, {"type": "Feature", "geometry": {"type": "Point", "coordinates": [73.972282, 18.586857]}, "properties": {"depth": 3.87}}, {"type": "Feature", "geometry": {"type": "Point", "coordinates": [73.972289, 18.586926]}, "properties": {"depth": 3.87}}, {"type": "Feature", "geometry": {"type": "Point", "coordinates": [73.972334, 18.586993]}, "properties": {"depth": 3.87}}, {"type": "Feature", "geometry": {"type": "Point", "coordinates": [73.972044, 18.586997]}, "properties": {"depth": 3.54}}, {"type": "Feature", "geometry": {"type": "Point", "coordinates": [73.972288, 18.587233]}, "properties": {"depth": 2.94}}, {"type": "Feature", "geometry": {"type": "Point", "coordinates": [73.972021, 18.587276]}, "properties": {"depth": 3.19}}, {"type": "Feature", "geometry": {"type": "Point", "coordinates": [73.983741, 18.585763]}, "properties": {"depth": 4.74}}, {"type": "Feature", "geometry": {"type": "Point", "coordinates": [73.983129, 18.58598]}, "properties": {"depth": 2.26}}, {"type": "Feature", "geometry": {"type": "Point", "coordinates": [73.976611, 18.585987]}, "properties": {"depth": 5.65}}, {"type": "Feature", "geometry": {"type": "Point", "coordinates": [73.976515, 18.586016]}, "properties": {"depth": 6.79}}, {"type": "Feature", "geometry": {"type": "Point", "coordinates": [73.976595, 18.586074]}, "properties": {"depth": 5.65}}, {"type": "Feature", "geometry": {"type": "Point", "coordinates": [73.976522, 18.586082]}, "properties": {"depth": 6.79}}, {"type": "Feature", "geometry": {"type": "Point", "coordinates": [73.976524, 18.586125]}, "properties": {"depth": 6.79}}, {"type": "Feature", "geometry": {"type": "Point", "coordinates": [73.976588, 18.586129]}, "properties": {"depth": 5.65}}, {"type": "Feature", "geometry": {"type": "Point", "coordinates": [73.976512, 18.586162]}, "properties": {"depth": 6.79}}, {"type": "Feature", "geometry": {"type": "Point", "coordinates": [73.976674, 18.586179]}, "properties": {"depth": 5.65}}, {"type": "Feature", "geometry": {"type": "Point", "coordinates": [73.976883, 18.586169]}, "properties": {"depth": 5.27}}, {"type": "Feature", "geometry": {"type": "Point", "coordinates": [73.976573, 18.586178]}, "properties": {"depth": 5.65}}, {"type": "Feature", "geometry": {"type": "Point", "coordinates": [73.983684, 18.586188]}, "properties": {"depth": 5.62}}, {"type": "Feature", "geometry": {"type": "Point", "coordinates": [73.984153, 18.5862]}, "properties": {"depth": 4.02}}, {"type": "Feature", "geometry": {"type": "Point", "coordinates": [73.984912, 18.58621]}, "properties": {"depth": 2.92}}, {"type": "Feature", "geometry": {"type": "Point", "coordinates": [73.984647, 18.586205]}, "properties": {"depth": 3.88}}, {"type": "Feature", "geometry": {"type": "Point", "coordinates": [73.985025, 18.586226]}, "properties": {"depth": 2.92}}, {"type": "Feature", "geometry": {"type": "Point", "coordinates": [73.982131, 18.585483]}, "properties": {"depth": 2.31}}, {"type": "Feature", "geometry": {"type": "Point", "coordinates": [73.980826, 18.585564]}, "properties": {"depth": 0.75}}, {"type": "Feature", "geometry": {"type": "Point", "coordinates": [73.980708, 18.585559]}, "properties": {"depth": 0.75}}, {"type": "Feature", "geometry": {"type": "Point", "coordinates": [73.982187, 18.586603]}, "properties": {"depth": 0.75}}, {"type": "Feature", "geometry": {"type": "Point", "coordinates": [73.982362, 18.586819]}, "properties": {"depth": 4.21}}, {"type": "Feature", "geometry": {"type": "Point", "coordinates": [73.981354, 18.586928]}, "properties": {"depth": 3.19}}, {"type": "Feature", "geometry": {"type": "Point", "coordinates": [73.982272, 18.587072]}, "properties": {"depth": 0.31}}, {"type": "Feature", "geometry": {"type": "Point", "coordinates": [73.981596, 18.587129]}, "properties": {"depth": 0.64}}, {"type": "Feature", "geometry": {"type": "Point", "coordinates": [73.982118, 18.587153]}, "properties": {"depth": 0.45}}, {"type": "Feature", "geometry": {"type": "Point", "coordinates": [73.981288, 18.587261]}, "properties": {"depth": 1.15}}, {"type": "Feature", "geometry": {"type": "Point", "coordinates": [73.983214, 18.586511]}, "properties": {"depth": 4.98}}, {"type": "Feature", "geometry": {"type": "Point", "coordinates": [73.983674, 18.586828]}, "properties": {"depth": 4.57}}, {"type": "Feature", "geometry": {"type": "Point", "coordinates": [73.976637, 18.58623]}, "properties": {"depth": 5.65}}, {"type": "Feature", "geometry": {"type": "Point", "coordinates": [73.976583, 18.586239]}, "properties": {"depth": 5.65}}, {"type": "Feature", "geometry": {"type": "Point", "coordinates": [73.976505, 18.586244]}, "properties": {"depth": 6.79}}, {"type": "Feature", "geometry": {"type": "Point", "coordinates": [73.976668, 18.586244]}, "properties": {"depth": 5.65}}, {"type": "Feature", "geometry": {"type": "Point", "coordinates": [73.976853, 18.586281]}, "properties": {"depth": 6.1}}, {"type": "Feature", "geometry": {"type": "Point", "coordinates": [73.976057, 18.5889]}, "properties": {"depth": 2.19}}, {"type": "Feature", "geometry": {"type": "Point", "coordinates": [73.982819, 18.588606]}, "properties": {"depth": 1.76}}, {"type": "Feature", "geometry": {"type": "Point", "coordinates": [73.983205, 18.588628]}, "properties": {"depth": 1.33}}, {"type": "Feature", "geometry": {"type": "Point", "coordinates": [73.982143, 18.587382]}, "properties": {"depth": 0.13}}, {"type": "Feature", "geometry": {"type": "Point", "coordinates": [73.981328, 18.587539]}, "properties": {"depth": 2.47}}, {"type": "Feature", "geometry": {"type": "Point", "coordinates": [73.981773, 18.587909]}, "properties": {"depth": 1.7}}, {"type": "Feature", "geometry": {"type": "Point", "coordinates": [73.981812, 18.588416]}, "properties": {"depth": 0.21}}, {"type": "Feature", "geometry": {"type": "Point", "coordinates": [73.982436, 18.588564]}, "properties": {"depth": 1.15}}, {"type": "Feature", "geometry": {"type": "Point", "coordinates": [73.98182, 18.588826]}, "properties": {"depth": 3.27}}, {"type": "Feature", "geometry": {"type": "Point", "coordinates": [73.981977, 18.589131]}, "properties": {"depth": 0.89}}, {"type": "Feature", "geometry": {"type": "Point", "coordinates": [73.981024, 18.590213]}, "properties": {"depth": 1.59}}, {"type": "Feature", "geometry": {"type": "Point", "coordinates": [73.980948, 18.590231]}, "properties": {"depth": 4.76}}, {"type": "Feature", "geometry": {"type": "Point", "coordinates": [73.980839, 18.590393]}, "properties": {"depth": 4.76}}, {"type": "Feature", "geometry": {"type": "Point", "coordinates": [73.982692, 18.589153]}, "properties": {"depth": 2.07}}, {"type": "Feature", "geometry": {"type": "Point", "coordinates": [73.982937, 18.589163]}, "properties": {"depth": 1.49}}, {"type": "Feature", "geometry": {"type": "Point", "coordinates": [73.972263, 18.587354]}, "properties": {"depth": 2.94}}, {"type": "Feature", "geometry": {"type": "Point", "coordinates": [73.972037, 18.587488]}, "properties": {"depth": 2.01}}, {"type": "Feature", "geometry": {"type": "Point", "coordinates": [73.972264, 18.587493]}, "properties": {"depth": 1.42}}, {"type": "Feature", "geometry": {"type": "Point", "coordinates": [73.972876, 18.587827]}, "properties": {"depth": 0.85}}, {"type": "Feature", "geometry": {"type": "Point", "coordinates": [73.972012, 18.587987]}, "properties": {"depth": 2.18}}, {"type": "Feature", "geometry": {"type": "Point", "coordinates": [73.975336, 18.59072]}, "properties": {"depth": 0.45}}, {"type": "Feature", "geometry": {"type": "Point", "coordinates": [73.975612, 18.591303]}, "properties": {"depth": 0.19}}, {"type": "Feature", "geometry": {"type": "Point", "coordinates": [73.977272, 18.59131]}, "properties": {"depth": 4.89}}, {"type": "Feature", "geometry": {"type": "Point", "coordinates": [73.975693, 18.591327]}, "properties": {"depth": 0.19}}, {"type": "Feature", "geometry": {"type": "Point", "coordinates": [73.97558, 18.591381]}, "properties": {"depth": 0.19}}, {"type": "Feature", "geometry": {"type": "Point", "coordinates": [73.977482, 18.591458]}, "properties": {"depth": 3.45}}, {"type": "Feature", "geometry": {"type": "Point", "coordinates": [73.977885, 18.591565]}, "properties": {"depth": 2.06}}, {"type": "Feature", "geometry": {"type": "Point", "coordinates": [73.981026, 18.590391]}, "properties": {"depth": 1.59}}, {"type": "Feature", "geometry": {"type": "Point", "coordinates": [73.979634, 18.601585]}, "properties": {"depth": 1.05}}, {"type": "Feature", "geometry": {"type": "Point", "coordinates": [73.979921, 18.601666]}, "properties": {"depth": 0.37}}, {"type": "Feature", "geometry": {"type": "Point", "coordinates": [73.979621, 18.601664]}, "properties": {"depth": 1.05}}, {"type": "Feature", "geometry": {"type": "Point", "coordinates": [73.979744, 18.60168]}, "properties": {"depth": 1.05}}, {"type": "Feature", "geometry": {"type": "Point", "coordinates": [73.98005, 18.601711]}, "properties": {"depth": 0.37}}, {"type": "Feature", "geometry": {"type": "Point", "coordinates": [73.979613, 18.601732]}, "properties": {"depth": 1.05}}, {"type": "Feature", "geometry": {"type": "Point", "coordinates": [73.979718, 18.601742]}, "properties": {"depth": 1.05}}, {"type": "Feature", "geometry": {"type": "Point", "coordinates": [73.979853, 18.601754]}, "properties": {"depth": 1.05}}, {"type": "Feature", "geometry": {"type": "Point", "coordinates": [73.977637, 18.591804]}, "properties": {"depth": 3.95}}, {"type": "Feature", "geometry": {"type": "Point", "coordinates": [73.980029, 18.601801]}, "properties": {"depth": 0.37}}, {"type": "Feature", "geometry": {"type": "Point", "coordinates": [73.979604, 18.60184]}, "properties": {"depth": 2.65}}, {"type": "Feature", "geometry": {"type": "Point", "coordinates": [73.979696, 18.601863]}, "properties": {"depth": 2.65}}, {"type": "Feature", "geometry": {"type": "Point", "coordinates": [73.979881, 18.60193]}, "properties": {"depth": 0.84}}, {"type": "Feature", "geometry": {"type": "Point", "coordinates": [73.979583, 18.601939]}, "properties": {"depth": 2.06}}, {"type": "Feature", "geometry": {"type": "Point", "coordinates": [73.980492, 18.601962]}, "properties": {"depth": 0.67}}, {"type": "Feature", "geometry": {"type": "Point", "coordinates": [73.979659, 18.602013]}, "properties": {"depth": 2.65}}, {"type": "Feature", "geometry": {"type": "Point", "coordinates": [73.979944, 18.602032]}, "properties": {"depth": 0.84}}, {"type": "Feature", "geometry": {"type": "Point", "coordinates": [73.979826, 18.602036]}, "properties": {"depth": 2.65}}, {"type": "Feature", "geometry": {"type": "Point", "coordinates": [73.980129, 18.602059]}, "properties": {"depth": 0.84}}, {"type": "Feature", "geometry": {"type": "Point", "coordinates": [73.980697, 18.602115]}, "properties": {"depth": 2.06}}, {"type": "Feature", "geometry": {"type": "Point", "coordinates": [73.980499, 18.602126]}, "properties": {"depth": 1.89}}, {"type": "Feature", "geometry": {"type": "Point", "coordinates": [73.979844, 18.602137]}, "properties": {"depth": 2.9}}, {"type": "Feature", "geometry": {"type": "Point", "coordinates": [73.980211, 18.602152]}, "properties": {"depth": 1.72}}, {"type": "Feature", "geometry": {"type": "Point", "coordinates": [73.980375, 18.602164]}, "properties": {"depth": 1.72}}, {"type": "Feature", "geometry": {"type": "Point", "coordinates": [73.980015, 18.602184]}, "properties": {"depth": 1.96}}, {"type": "Feature", "geometry": {"type": "Point", "coordinates": [73.980816, 18.602212]}, "properties": {"depth": 2.06}}, {"type": "Feature", "geometry": {"type": "Point", "coordinates": [73.979662, 18.602217]}, "properties": {"depth": 2.9}}, {"type": "Feature", "geometry": {"type": "Point", "coordinates": [73.980238, 18.602249]}, "properties": {"depth": 1.72}}, {"type": "Feature", "geometry": {"type": "Point", "coordinates": [73.979889, 18.602268]}, "properties": {"depth": 1.96}}, {"type": "Feature", "geometry": {"type": "Point", "coordinates": [73.97974, 18.602285]}, "properties": {"depth": 2.9}}, {"type": "Feature", "geometry": {"type": "Point", "coordinates": [73.980708, 18.602295]}, "properties": {"depth": 2.06}}, {"type": "Feature", "geometry": {"type": "Point", "coordinates": [73.979998, 18.602296]}, "properties": {"depth": 1.96}}, {"type": "Feature", "geometry": {"type": "Point", "coordinates": [73.980944, 18.602305]}, "properties": {"depth": 2.06}}, {"type": "Feature", "geometry": {"type": "Point", "coordinates": [73.980829, 18.602338]}, "properties": {"depth": 2.06}}, {"type": "Feature", "geometry": {"type": "Point", "coordinates": [73.980406, 18.60237]}, "properties": {"depth": 4.71}}, {"type": "Feature", "geometry": {"type": "Point", "coordinates": [73.979619, 18.602385]}, "properties": {"depth": 5.15}}, {"type": "Feature", "geometry": {"type": "Point", "coordinates": [73.981138, 18.602399]}, "properties": {"depth": 1.05}}, {"type": "Feature", "geometry": {"type": "Point", "coordinates": [73.980757, 18.602407]}, "properties": {"depth": 2.49}}, {"type": "Feature", "geometry": {"type": "Point", "coordinates": [73.980191, 18.602412]}, "properties": {"depth": 4.71}}, {"type": "Feature", "geometry": {"type": "Point", "coordinates": [73.980993, 18.602428]}, "properties": {"depth": 1.05}}, {"type": "Feature", "geometry": {"type": "Point", "coordinates": [73.980885, 18.602433]}, "properties": {"depth": 2.49}}, {"type": "Feature", "geometry": {"type": "Point", "coordinates": [73.980549, 18.602461]}, "properties": {"depth": 4.5}}, {"type": "Feature", "geometry": {"type": "Point", "coordinates": [73.980065, 18.602491]}, "properties": {"depth": 3.98}}, {"type": "Feature", "geometry": {"type": "Point", "coordinates": [73.980923, 18.602511]}, "properties": {"depth": 2.49}}, {"type": "Feature", "geometry": {"type": "Point", "coordinates": [73.980217, 18.602523]}, "properties": {"depth": 4.71}}, {"type": "Feature", "geometry": {"type": "Point", "coordinates": [73.980821, 18.602556]}, "properties": {"depth": 2.49}}, {"type": "Feature", "geometry": {"type": "Point", "coordinates": [73.914479, 18.54593]}, "properties": {"depth": 2.59}}, {"type": "Feature", "geometry": {"type": "Point", "coordinates": [73.914784, 18.545944]}, "properties": {"depth": 3.65}}, {"type": "Feature", "geometry": {"type": "Point", "coordinates": [73.914852, 18.546082]}, "properties": {"depth": 2.29}}, {"type": "Feature", "geometry": {"type": "Point", "coordinates": [73.914971, 18.546128]}, "properties": {"depth": 8.3}}, {"type": "Feature", "geometry": {"type": "Point", "coordinates": [73.914149, 18.546474]}, "properties": {"depth": 6.03}}, {"type": "Feature", "geometry": {"type": "Point", "coordinates": [73.916273, 18.546574]}, "properties": {"depth": 5.96}}, {"type": "Feature", "geometry": {"type": "Point", "coordinates": [73.914144, 18.546576]}, "properties": {"depth": 2.94}}, {"type": "Feature", "geometry": {"type": "Point", "coordinates": [73.915908, 18.546662]}, "properties": {"depth": 1.15}}, {"type": "Feature", "geometry": {"type": "Point", "coordinates": [73.914321, 18.546745]}, "properties": {"depth": 2.24}}, {"type": "Feature", "geometry": {"type": "Point", "coordinates": [73.91421, 18.546935]}, "properties": {"depth": 5.85}}, {"type": "Feature", "geometry": {"type": "Point", "coordinates": [73.91433, 18.547884]}, "properties": {"depth": 4.34}}, {"type": "Feature", "geometry": {"type": "Point", "coordinates": [73.9145, 18.547974]}, "properties": {"depth": 5.61}}, {"type": "Feature", "geometry": {"type": "Point", "coordinates": [73.914515, 18.548057]}, "properties": {"depth": 5.61}}, {"type": "Feature", "geometry": {"type": "Point", "coordinates": [73.916109, 18.548113]}, "properties": {"depth": 3.8}}, {"type": "Feature", "geometry": {"type": "Point", "coordinates": [73.914366, 18.548166]}, "properties": {"depth": 5.61}}, {"type": "Feature", "geometry": {"type": "Point", "coordinates": [73.914375, 18.548272]}, "properties": {"depth": 0.78}}, {"type": "Feature", "geometry": {"type": "Point", "coordinates": [73.914388, 18.548394]}, "properties": {"depth": 0.78}}, {"type": "Feature", "geometry": {"type": "Point", "coordinates": [73.916195, 18.54848]}, "properties": {"depth": 6.42}}, {"type": "Feature", "geometry": {"type": "Point", "coordinates": [73.914405, 18.548541]}, "properties": {"depth": 1.24}}, {"type": "Feature", "geometry": {"type": "Point", "coordinates": [73.917449, 18.54725]}, "properties": {"depth": 1.32}}, {"type": "Feature", "geometry": {"type": "Point", "coordinates": [73.916646, 18.548499]}, "properties": {"depth": 6.15}}, {"type": "Feature", "geometry": {"type": "Point", "coordinates": [73.918924, 18.550084]}, "properties": {"depth": 6.48}}, {"type": "Feature", "geometry": {"type": "Point", "coordinates": [73.917165, 18.550418]}, "properties": {"depth": 2.4}}, {"type": "Feature", "geometry": {"type": "Point", "coordinates": [73.914444, 18.549825]}, "properties": {"depth": 7.17}}, {"type": "Feature", "geometry": {"type": "Point", "coordinates": [73.914905, 18.54983]}, "properties": {"depth": 8.64}}, {"type": "Feature", "geometry": {"type": "Point", "coordinates": [73.915146, 18.549845]}, "properties": {"depth": 9.02}}, {"type": "Feature", "geometry": {"type": "Point", "coordinates": [73.914691, 18.549844]}, "properties": {"depth": 7.49}}, {"type": "Feature", "geometry": {"type": "Point", "coordinates": [73.915288, 18.5499]}, "properties": {"depth": 7.04}}, {"type": "Feature", "geometry": {"type": "Point", "coordinates": [73.914777, 18.54996]}, "properties": {"depth": 7.76}}, {"type": "Feature", "geometry": {"type": "Point", "coordinates": [73.915315, 18.550004]}, "properties": {"depth": 7.04}}, {"type": "Feature", "geometry": {"type": "Point", "coordinates": [73.914566, 18.550018]}, "properties": {"depth": 7.97}}, {"type": "Feature", "geometry": {"type": "Point", "coordinates": [73.915185, 18.550036]}, "properties": {"depth": 7.04}}, {"type": "Feature", "geometry": {"type": "Point", "coordinates": [73.914986, 18.550049]}, "properties": {"depth": 7.75}}, {"type": "Feature", "geometry": {"type": "Point", "coordinates": [73.915098, 18.550332]}, "properties": {"depth": 5.32}}, {"type": "Feature", "geometry": {"type": "Point", "coordinates": [73.914965, 18.550339]}, "properties": {"depth": 5.32}}, {"type": "Feature", "geometry": {"type": "Point", "coordinates": [73.915306, 18.550375]}, "properties": {"depth": 5.17}}, {"type": "Feature", "geometry": {"type": "Point", "coordinates": [73.9148, 18.550396]}, "properties": {"depth": 3.89}}, {"type": "Feature", "geometry": {"type": "Point", "coordinates": [73.915137, 18.550434]}, "properties": {"depth": 5.01}}, {"type": "Feature", "geometry": {"type": "Point", "coordinates": [73.915476, 18.550471]}, "properties": {"depth": 2.45}}, {"type": "Feature", "geometry": {"type": "Point", "coordinates": [73.914863, 18.550492]}, "properties": {"depth": 5.01}}, {"type": "Feature", "geometry": {"type": "Point", "coordinates": [73.915065, 18.550515]}, "properties": {"depth": 5.01}}, {"type": "Feature", "geometry": {"type": "Point", "coordinates": [73.915277, 18.550525]}, "properties": {"depth": 3.45}}, {"type": "Feature", "geometry": {"type": "Point", "coordinates": [73.9022, 18.558361]}, "properties": {"depth": 0.74}}, {"type": "Feature", "geometry": {"type": "Point", "coordinates": [73.900063, 18.551849]}, "properties": {"depth": 3.62}}, {"type": "Feature", "geometry": {"type": "Point", "coordinates": [73.898986, 18.551936]}, "properties": {"depth": 1.56}}, {"type": "Feature", "geometry": {"type": "Point", "coordinates": [73.89897, 18.552039]}, "properties": {"depth": 1.56}}, {"type": "Feature", "geometry": {"type": "Point", "coordinates": [73.899402, 18.552099]}, "properties": {"depth": 6.3}}, {"type": "Feature", "geometry": {"type": "Point", "coordinates": [73.900081, 18.552205]}, "properties": {"depth": 4.58}}, {"type": "Feature", "geometry": {"type": "Point", "coordinates": [73.899385, 18.552284]}, "properties": {"depth": 6.3}}, {"type": "Feature", "geometry": {"type": "Point", "coordinates": [73.899464, 18.552345]}, "properties": {"depth": 6.3}}, {"type": "Feature", "geometry": {"type": "Point", "coordinates": [73.898629, 18.551787]}, "properties": {"depth": 5.06}}, {"type": "Feature", "geometry": {"type": "Point", "coordinates": [73.898396, 18.551827]}, "properties": {"depth": 3.35}}, {"type": "Feature", "geometry": {"type": "Point", "coordinates": [73.898769, 18.55184]}, "properties": {"depth": 1.56}}, {"type": "Feature", "geometry": {"type": "Point", "coordinates": [73.898204, 18.551888]}, "properties": {"depth": 3.35}}, {"type": "Feature", "geometry": {"type": "Point", "coordinates": [73.89835, 18.551923]}, "properties": {"depth": 3.35}}, {"type": "Feature", "geometry": {"type": "Point", "coordinates": [73.897956, 18.551941]}, "properties": {"depth": 2.88}}, {"type": "Feature", "geometry": {"type": "Point", "coordinates": [73.897466, 18.551981]}, "properties": {"depth": 0.8}}, {"type": "Feature", "geometry": {"type": "Point", "coordinates": [73.898173, 18.552007]}, "properties": {"depth": 2.88}}, {"type": "Feature", "geometry": {"type": "Point", "coordinates": [73.898335, 18.552049]}, "properties": {"depth": 3.35}}, {"type": "Feature", "geometry": {"type": "Point", "coordinates": [73.897926, 18.552047]}, "properties": {"depth": 2.88}}, {"type": "Feature", "geometry": {"type": "Point", "coordinates": [73.898134, 18.552103]}, "properties": {"depth": 3.36}}, {"type": "Feature", "geometry": {"type": "Point", "coordinates": [73.898924, 18.552136]}, "properties": {"depth": 3.36}}, {"type": "Feature", "geometry": {"type": "Point", "coordinates": [73.898532, 18.552138]}, "properties": {"depth": 3.65}}, {"type": "Feature", "geometry": {"type": "Point", "coordinates": [73.897891, 18.55214]}, "properties": {"depth": 2.05}}, {"type": "Feature", "geometry": {"type": "Point", "coordinates": [73.898295, 18.552151]}, "properties": {"depth": 2.22}}, {"type": "Feature", "geometry": {"type": "Point", "coordinates": [73.898698, 18.552175]}, "properties": {"depth": 3.65}}, {"type": "Feature", "geometry": {"type": "Point", "coordinates": [73.898112, 18.552207]}, "properties": {"depth": 3.36}}, {"type": "Feature", "geometry": {"type": "Point", "coordinates": [73.898503, 18.552225]}, "properties": {"depth": 3.65}}, {"type": "Feature", "geometry": {"type": "Point", "coordinates": [73.898902, 18.552235]}, "properties": {"depth": 3.36}}, {"type": "Feature", "geometry": {"type": "Point", "coordinates": [73.89786, 18.552239]}, "properties": {"depth": 2.05}}, {"type": "Feature", "geometry": {"type": "Point", "coordinates": [73.89827, 18.552258]}, "properties": {"depth": 2.22}}, {"type": "Feature", "geometry": {"type": "Point", "coordinates": [73.898664, 18.552276]}, "properties": {"depth": 3.65}}, {"type": "Feature", "geometry": {"type": "Point", "coordinates": [73.898075, 18.55231]}, "properties": {"depth": 3.36}}, {"type": "Feature", "geometry": {"type": "Point", "coordinates": [73.89847, 18.552331]}, "properties": {"depth": 2.22}}, {"type": "Feature", "geometry": {"type": "Point", "coordinates": [73.89888, 18.552338]}, "properties": {"depth": 3.36}}, {"type": "Feature", "geometry": {"type": "Point", "coordinates": [73.898215, 18.552351]}, "properties": {"depth": 2.22}}, {"type": "Feature", "geometry": {"type": "Point", "coordinates": [73.897829, 18.552352]}, "properties": {"depth": 2.05}}, {"type": "Feature", "geometry": {"type": "Point", "coordinates": [73.898631, 18.552388]}, "properties": {"depth": 3.66}}, {"type": "Feature", "geometry": {"type": "Point", "coordinates": [73.898037, 18.552414]}, "properties": {"depth": 1.17}}, {"type": "Feature", "geometry": {"type": "Point", "coordinates": [73.898439, 18.552428]}, "properties": {"depth": 3.15}}, {"type": "Feature", "geometry": {"type": "Point", "coordinates": [73.898836, 18.552434]}, "properties": {"depth": 4.25}}, {"type": "Feature", "geometry": {"type": "Point", "coordinates": [73.898184, 18.552458]}, "properties": {"depth": 1.17}}, {"type": "Feature", "geometry": {"type": "Point", "coordinates": [73.898608, 18.552471]}, "properties": {"depth": 3.66}}, {"type": "Feature", "geometry": {"type": "Point", "coordinates": [73.898812, 18.552529]}, "properties": {"depth": 4.25}}, {"type": "Feature", "geometry": {"type": "Point", "coordinates": [73.898397, 18.552528]}, "properties": {"depth": 3.15}}, {"type": "Feature", "geometry": {"type": "Point", "coordinates": [73.898558, 18.552573]}, "properties": {"depth": 3.66}}, {"type": "Feature", "geometry": {"type": "Point", "coordinates": [73.898778, 18.55264]}, "properties": {"depth": 4.42}}, {"type": "Feature", "geometry": {"type": "Point", "coordinates": [73.897636, 18.552909]}, "properties": {"depth": 3.52}}, {"type": "Feature", "geometry": {"type": "Point", "coordinates": [73.897428, 18.553101]}, "properties": {"depth": 1.91}}, {"type": "Feature", "geometry": {"type": "Point", "coordinates": [73.897618, 18.553138]}, "properties": {"depth": 1.91}}, {"type": "Feature", "geometry": {"type": "Point", "coordinates": [73.899285, 18.553384]}, "properties": {"depth": 2.17}}, {"type": "Feature", "geometry": {"type": "Point", "coordinates": [73.899914, 18.553615]}, "properties": {"depth": 1.72}}, {"type": "Feature", "geometry": {"type": "Point", "coordinates": [73.899174, 18.55381]}, "properties": {"depth": 1.04}}, {"type": "Feature", "geometry": {"type": "Point", "coordinates": [73.900228, 18.553957]}, "properties": {"depth": 2.96}}, {"type": "Feature", "geometry": {"type": "Point", "coordinates": [73.899136, 18.553962]}, "properties": {"depth": 1.04}}, {"type": "Feature", "geometry": {"type": "Point", "coordinates": [73.899829, 18.553974]}, "properties": {"depth": 4.11}}, {"type": "Feature", "geometry": {"type": "Point", "coordinates": [73.899686, 18.554022]}, "properties": {"depth": 4.11}}, {"type": "Feature", "geometry": {"type": "Point", "coordinates": [73.899483, 18.554049]}, "properties": {"depth": 3.23}}, {"type": "Feature", "geometry": {"type": "Point", "coordinates": [73.897809, 18.553185]}, "properties": {"depth": 2.35}}, {"type": "Feature", "geometry": {"type": "Point", "coordinates": [73.897995, 18.553255]}, "properties": {"depth": 0.99}}, {"type": "Feature", "geometry": {"type": "Point", "coordinates": [73.897508, 18.553265]}, "properties": {"depth": 0.81}}, {"type": "Feature", "geometry": {"type": "Point", "coordinates": [73.898177, 18.553304]}, "properties": {"depth": 0.99}}, {"type": "Feature", "geometry": {"type": "Point", "coordinates": [73.89764, 18.553307]}, "properties": {"depth": 1.43}}, {"type": "Feature", "geometry": {"type": "Point", "coordinates": [73.897776, 18.553344]}, "properties": {"depth": 1.43}}, {"type": "Feature", "geometry": {"type": "Point", "coordinates": [73.898957, 18.553364]}, "properties": {"depth": 0.17}}, {"type": "Feature", "geometry": {"type": "Point", "coordinates": [73.897906, 18.553392]}, "properties": {"depth": 1.43}}, {"type": "Feature", "geometry": {"type": "Point", "coordinates": [73.898041, 18.553432]}, "properties": {"depth": 0.99}}, {"type": "Feature", "geometry": {"type": "Point", "coordinates": [73.900927, 18.555027]}, "properties": {"depth": 1.5}}, {"type": "Feature", "geometry": {"type": "Point", "coordinates": [73.897047, 18.553145]}, "properties": {"depth": 0.56}}, {"type": "Feature", "geometry": {"type": "Point", "coordinates": [73.897018, 18.553363]}, "properties": {"depth": 1.7}}, {"type": "Feature", "geometry": {"type": "Point", "coordinates": [73.896967, 18.553499]}, "properties": {"depth": 2.91}}, {"type": "Feature", "geometry": {"type": "Point", "coordinates": [73.897389, 18.55354]}, "properties": {"depth": 1.25}}, {"type": "Feature", "geometry": {"type": "Point", "coordinates": [73.897238, 18.553612]}, "properties": {"depth": 1.11}}, {"type": "Feature", "geometry": {"type": "Point", "coordinates": [73.896951, 18.553641]}, "properties": {"depth": 2.91}}, {"type": "Feature", "geometry": {"type": "Point", "coordinates": [73.896944, 18.553806]}, "properties": {"depth": 2.89}}, {"type": "Feature", "geometry": {"type": "Point", "coordinates": [73.897085, 18.553857]}, "properties": {"depth": 0.07}}, {"type": "Feature", "geometry": {"type": "Point", "coordinates": [73.897422, 18.553451]}, "properties": {"depth": 0.81}}, {"type": "Feature", "geometry": {"type": "Point", "coordinates": [73.898168, 18.553463]}, "properties": {"depth": 0.99}}, {"type": "Feature", "geometry": {"type": "Point", "coordinates": [73.898469, 18.553486]}, "properties": {"depth": 0.18}}, {"type": "Feature", "geometry": {"type": "Point", "coordinates": [73.898312, 18.553504]}, "properties": {"depth": 0.18}}, {"type": "Feature", "geometry": {"type": "Point", "coordinates": [73.898689, 18.553548]}, "properties": {"depth": 1.57}}, {"type": "Feature", "geometry": {"type": "Point", "coordinates": [73.89753, 18.553543]}, "properties": {"depth": 1.25}}, {"type": "Feature", "geometry": {"type": "Point", "coordinates": [73.897664, 18.553571]}, "properties": {"depth": 1.91}}, {"type": "Feature", "geometry": {"type": "Point", "coordinates": [73.898937, 18.55361]}, "properties": {"depth": 1.9}}, {"type": "Feature", "geometry": {"type": "Point", "coordinates": [73.897852, 18.553637]}, "properties": {"depth": 1.91}}, {"type": "Feature", "geometry": {"type": "Point", "coordinates": [73.898649, 18.553647]}, "properties": {"depth": 1.57}}, {"type": "Feature", "geometry": {"type": "Point", "coordinates": [73.897987, 18.553656]}, "properties": {"depth": 1.93}}, {"type": "Feature", "geometry": {"type": "Point", "coordinates": [73.898132, 18.553679]}, "properties": {"depth": 1.93}}, {"type": "Feature", "geometry": {"type": "Point", "coordinates": [73.897417, 18.553679]}, "properties": {"depth": 1.25}}, {"type": "Feature", "geometry": {"type": "Point", "coordinates": [73.897605, 18.553727]}, "properties": {"depth": 1.25}}, {"type": "Feature", "geometry": {"type": "Point", "coordinates": [73.897846, 18.553786]}, "properties": {"depth": 1.03}}, {"type": "Feature", "geometry": {"type": "Point", "coordinates": [73.898019, 18.553825]}, "properties": {"depth": 2.44}}, {"type": "Feature", "geometry": {"type": "Point", "coordinates": [73.898394, 18.553835]}, "properties": {"depth": 3.9}}, {"type": "Feature", "geometry": {"type": "Point", "coordinates": [73.898205, 18.553878]}, "properties": {"depth": 3.9}}, {"type": "Feature", "geometry": {"type": "Point", "coordinates": [73.897503, 18.553927]}, "properties": {"depth": 2.01}}, {"type": "Feature", "geometry": {"type": "Point", "coordinates": [73.8977, 18.553973]}, "properties": {"depth": 1.03}}, {"type": "Feature", "geometry": {"type": "Point", "coordinates": [73.899898, 18.554135]}, "properties": {"depth": 2.75}}, {"type": "Feature", "geometry": {"type": "Point", "coordinates": [73.900142, 18.554164]}, "properties": {"depth": 2.57}}, {"type": "Feature", "geometry": {"type": "Point", "coordinates": [73.898992, 18.554206]}, "properties": {"depth": 0.51}}, {"type": "Feature", "geometry": {"type": "Point", "coordinates": [73.899177, 18.554248]}, "properties": {"depth": 3.27}}, {"type": "Feature", "geometry": {"type": "Point", "coordinates": [73.900289, 18.55426]}, "properties": {"depth": 2.57}}, {"type": "Feature", "geometry": {"type": "Point", "coordinates": [73.899402, 18.554335]}, "properties": {"depth": 2.9}}, {"type": "Feature", "geometry": {"type": "Point", "coordinates": [73.899684, 18.554391]}, "properties": {"depth": 2.56}}, {"type": "Feature", "geometry": {"type": "Point", "coordinates": [73.899865, 18.554441]}, "properties": {"depth": 1.8}}, {"type": "Feature", "geometry": {"type": "Point", "coordinates": [73.897841, 18.554011]}, "properties": {"depth": 1.03}}, {"type": "Feature", "geometry": {"type": "Point", "coordinates": [73.897956, 18.55404]}, "properties": {"depth": 1.37}}, {"type": "Feature", "geometry": {"type": "Point", "coordinates": [73.898543, 18.554066]}, "properties": {"depth": 1.82}}, {"type": "Feature", "geometry": {"type": "Point", "coordinates": [73.89887, 18.554556]}, "properties": {"depth": 3.08}}, {"type": "Feature", "geometry": {"type": "Point", "coordinates": [73.897689, 18.554676]}, "properties": {"depth": 5.53}}, {"type": "Feature", "geometry": {"type": "Point", "coordinates": [73.897912, 18.554701]}, "properties": {"depth": 5.53}}, {"type": "Feature", "geometry": {"type": "Point", "coordinates": [73.897421, 18.554722]}, "properties": {"depth": 5.98}}, {"type": "Feature", "geometry": {"type": "Point", "coordinates": [73.897552, 18.554725]}, "properties": {"depth": 5.98}}, {"type": "Feature", "geometry": {"type": "Point", "coordinates": [73.897623, 18.554732]}, "properties": {"depth": 5.98}}, {"type": "Feature", "geometry": {"type": "Point", "coordinates": [73.897492, 18.554735]}, "properties": {"depth": 5.98}}, {"type": "Feature", "geometry": {"type": "Point", "coordinates": [73.897684, 18.554743]}, "properties": {"depth": 5.53}}, {"type": "Feature", "geometry": {"type": "Point", "coordinates": [73.898531, 18.554754]}, "properties": {"depth": 7.53}}, {"type": "Feature", "geometry": {"type": "Point", "coordinates": [73.897815, 18.554766]}, "properties": {"depth": 5.53}}, {"type": "Feature", "geometry": {"type": "Point", "coordinates": [73.897887, 18.554774]}, "properties": {"depth": 5.53}}, {"type": "Feature", "geometry": {"type": "Point", "coordinates": [73.897955, 18.554776]}, "properties": {"depth": 6.02}}, {"type": "Feature", "geometry": {"type": "Point", "coordinates": [73.898021, 18.554782]}, "properties": {"depth": 6.02}}, {"type": "Feature", "geometry": {"type": "Point", "coordinates": [73.898088, 18.55479]}, "properties": {"depth": 6.02}}, {"type": "Feature", "geometry": {"type": "Point", "coordinates": [73.898146, 18.554796]}, "properties": {"depth": 6.02}}, {"type": "Feature", "geometry": {"type": "Point", "coordinates": [73.898223, 18.5548]}, "properties": {"depth": 5.38}}, {"type": "Feature", "geometry": {"type": "Point", "coordinates": [73.898292, 18.554805]}, "properties": {"depth": 5.38}}, {"type": "Feature", "geometry": {"type": "Point", "coordinates": [73.89836, 18.554816]}, "properties": {"depth": 5.38}}, {"type": "Feature", "geometry": {"type": "Point", "coordinates": [73.898424, 18.554822]}, "properties": {"depth": 5.38}}, {"type": "Feature", "geometry": {"type": "Point", "coordinates": [73.898488, 18.554828]}, "properties": {"depth": 7.53}}, {"type": "Feature", "geometry": {"type": "Point", "coordinates": [73.898554, 18.554829]}, "properties": {"depth": 7.53}}, {"type": "Feature", "geometry": {"type": "Point", "coordinates": [73.897665, 18.554947]}, "properties": {"depth": 7.88}}, {"type": "Feature", "geometry": {"type": "Point", "coordinates": [73.89787, 18.554951]}, "properties": {"depth": 7.88}}, {"type": "Feature", "geometry": {"type": "Point", "coordinates": [73.898359, 18.555029]}, "properties": {"depth": 5.35}}, {"type": "Feature", "geometry": {"type": "Point", "coordinates": [73.898524, 18.555084]}, "properties": {"depth": 5.82}}, {"type": "Feature", "geometry": {"type": "Point", "coordinates": [73.898819, 18.555161]}, "properties": {"depth": 5.51}}, {"type": "Feature", "geometry": {"type": "Point", "coordinates": [73.897464, 18.555193]}, "properties": {"depth": 6.1}}, {"type": "Feature", "geometry": {"type": "Point", "coordinates": [73.897586, 18.555202]}, "properties": {"depth": 6.1}}, {"type": "Feature", "geometry": {"type": "Point", "coordinates": [73.897532, 18.555216]}, "properties": {"depth": 6.1}}, {"type": "Feature", "geometry": {"type": "Point", "coordinates": [73.897655, 18.555218]}, "properties": {"depth": 5.78}}, {"type": "Feature", "geometry": {"type": "Point", "coordinates": [73.897853, 18.555244]}, "properties": {"depth": 5.78}}, {"type": "Feature", "geometry": {"type": "Point", "coordinates": [73.897927, 18.555251]}, "properties": {"depth": 5.53}}, {"type": "Feature", "geometry": {"type": "Point", "coordinates": [73.897998, 18.555259]}, "properties": {"depth": 5.53}}, {"type": "Feature", "geometry": {"type": "Point", "coordinates": [73.898068, 18.555275]}, "properties": {"depth": 5.53}}, {"type": "Feature", "geometry": {"type": "Point", "coordinates": [73.898261, 18.555283]}, "properties": {"depth": 4.51}}, {"type": "Feature", "geometry": {"type": "Point", "coordinates": [73.898502, 18.555285]}, "properties": {"depth": 6.6}}, {"type": "Feature", "geometry": {"type": "Point", "coordinates": [73.899505, 18.555212]}, "properties": {"depth": 5.23}}, {"type": "Feature", "geometry": {"type": "Point", "coordinates": [73.899181, 18.555353]}, "properties": {"depth": 6.02}}, {"type": "Feature", "geometry": {"type": "Point", "coordinates": [73.899404, 18.5559]}, "properties": {"depth": 4.75}}, {"type": "Feature", "geometry": {"type": "Point", "coordinates": [73.900178, 18.556225]}, "properties": {"depth": 0.99}}, {"type": "Feature", "geometry": {"type": "Point", "coordinates": [73.899607, 18.556841]}, "properties": {"depth": 4.09}}, {"type": "Feature", "geometry": {"type": "Point", "coordinates": [73.899953, 18.556953]}, "properties": {"depth": 3.25}}, {"type": "Feature", "geometry": {"type": "Point", "coordinates": [73.899562, 18.557062]}, "properties": {"depth": 0.37}}, {"type": "Feature", "geometry": {"type": "Point", "coordinates": [73.900288, 18.557234]}, "properties": {"depth": 3.98}}, {"type": "Feature", "geometry": {"type": "Point", "coordinates": [73.898136, 18.555288]}, "properties": {"depth": 5.53}}, {"type": "Feature", "geometry": {"type": "Point", "coordinates": [73.898196, 18.55529]}, "properties": {"depth": 4.51}}, {"type": "Feature", "geometry": {"type": "Point", "coordinates": [73.898335, 18.555296]}, "properties": {"depth": 4.51}}, {"type": "Feature", "geometry": {"type": "Point", "coordinates": [73.898008, 18.555613]}, "properties": {"depth": 1.37}}, {"type": "Feature", "geometry": {"type": "Point", "coordinates": [73.898772, 18.555711]}, "properties": {"depth": 4.09}}, {"type": "Feature", "geometry": {"type": "Point", "coordinates": [73.897847, 18.556322]}, "properties": {"depth": 0.4}}, {"type": "Feature", "geometry": {"type": "Point", "coordinates": [73.898152, 18.55684]}, "properties": {"depth": 5.96}}, {"type": "Feature", "geometry": {"type": "Point", "coordinates": [73.898677, 18.55695]}, "properties": {"depth": 4.95}}, {"type": "Feature", "geometry": {"type": "Point", "coordinates": [73.898189, 18.557072]}, "properties": {"depth": 5.96}}, {"type": "Feature", "geometry": {"type": "Point", "coordinates": [73.901353, 18.555848]}, "properties": {"depth": 1.01}}, {"type": "Feature", "geometry": {"type": "Point", "coordinates": [73.90153, 18.556294]}, "properties": {"depth": 2.32}}, {"type": "Feature", "geometry": {"type": "Point", "coordinates": [73.901507, 18.556515]}, "properties": {"depth": 3.29}}, {"type": "Feature", "geometry": {"type": "Point", "coordinates": [73.901481, 18.556707]}, "properties": {"depth": 3.77}}, {"type": "Feature", "geometry": {"type": "Point", "coordinates": [73.901455, 18.556919]}, "properties": {"depth": 2.52}}, {"type": "Feature", "geometry": {"type": "Point", "coordinates": [73.901099, 18.557153]}, "properties": {"depth": 3.5}}, {"type": "Feature", "geometry": {"type": "Point", "coordinates": [73.901404, 18.557206]}, "properties": {"depth": 1.2}}, {"type": "Feature", "geometry": {"type": "Point", "coordinates": [73.901787, 18.557407]}, "properties": {"depth": 0.09}}, {"type": "Feature", "geometry": {"type": "Point", "coordinates": [73.901105, 18.557681]}, "properties": {"depth": 2.79}}, {"type": "Feature", "geometry": {"type": "Point", "coordinates": [73.899935, 18.557389]}, "properties": {"depth": 1.75}}, {"type": "Feature", "geometry": {"type": "Point", "coordinates": [73.899172, 18.557505]}, "properties": {"depth": 5.39}}, {"type": "Feature", "geometry": {"type": "Point", "coordinates": [73.900015, 18.55819]}, "properties": {"depth": 4.96}}, {"type": "Feature", "geometry": {"type": "Point", "coordinates": [73.898931, 18.558391]}, "properties": {"depth": 1.45}}, {"type": "Feature", "geometry": {"type": "Point", "coordinates": [73.900452, 18.558485]}, "properties": {"depth": 2.68}}, {"type": "Feature", "geometry": {"type": "Point", "coordinates": [73.89898, 18.558627]}, "properties": {"depth": 1.61}}, {"type": "Feature", "geometry": {"type": "Point", "coordinates": [73.899885, 18.558689]}, "properties": {"depth": 2.02}}, {"type": "Feature", "geometry": {"type": "Point", "coordinates": [73.899644, 18.558693]}, "properties": {"depth": 1.53}}, {"type": "Feature", "geometry": {"type": "Point", "coordinates": [73.888594, 18.550434]}, "properties": {"depth": 2.67}}, {"type": "Feature", "geometry": {"type": "Point", "coordinates": [73.887774, 18.550479]}, "properties": {"depth": 1.54}}, {"type": "Feature", "geometry": {"type": "Point", "coordinates": [73.888346, 18.550507]}, "properties": {"depth": 1.94}}, {"type": "Feature", "geometry": {"type": "Point", "coordinates": [73.88805, 18.550519]}, "properties": {"depth": 2.77}}, {"type": "Feature", "geometry": {"type": "Point", "coordinates": [73.888172, 18.550548]}, "properties": {"depth": 2.77}}, {"type": "Feature", "geometry": {"type": "Point", "coordinates": [73.886964, 18.550798]}, "properties": {"depth": 0.33}}, {"type": "Feature", "geometry": {"type": "Point", "coordinates": [73.891822, 18.551562]}, "properties": {"depth": 5.33}}, {"type": "Feature", "geometry": {"type": "Point", "coordinates": [73.892142, 18.551596]}, "properties": {"depth": 4.76}}, {"type": "Feature", "geometry": {"type": "Point", "coordinates": [73.891134, 18.551633]}, "properties": {"depth": 0.06}}, {"type": "Feature", "geometry": {"type": "Point", "coordinates": [73.888349, 18.550649]}, "properties": {"depth": 1.94}}, {"type": "Feature", "geometry": {"type": "Point", "coordinates": [73.888437, 18.550651]}, "properties": {"depth": 1.94}}, {"type": "Feature", "geometry": {"type": "Point", "coordinates": [73.88869, 18.55066]}, "properties": {"depth": 2.67}}, {"type": "Feature", "geometry": {"type": "Point", "coordinates": [73.888552, 18.550758]}, "properties": {"depth": 3.77}}, {"type": "Feature", "geometry": {"type": "Point", "coordinates": [73.888362, 18.55077]}, "properties": {"depth": 3.74}}, {"type": "Feature", "geometry": {"type": "Point", "coordinates": [73.888672, 18.550874]}, "properties": {"depth": 3.77}}, {"type": "Feature", "geometry": {"type": "Point", "coordinates": [73.887608, 18.551011]}, "properties": {"depth": 0.64}}, {"type": "Feature", "geometry": {"type": "Point", "coordinates": [73.887142, 18.551043]}, "properties": {"depth": 0.86}}, {"type": "Feature", "geometry": {"type": "Point", "coordinates": [73.887505, 18.551139]}, "properties": {"depth": 0.64}}, {"type": "Feature", "geometry": {"type": "Point", "coordinates": [73.888077, 18.551111]}, "properties": {"depth": 3.14}}, {"type": "Feature", "geometry": {"type": "Point", "coordinates": [73.888389, 18.551319]}, "properties": {"depth": 2.45}}, {"type": "Feature", "geometry": {"type": "Point", "coordinates": [73.887558, 18.551346]}, "properties": {"depth": 1.51}}, {"type": "Feature", "geometry": {"type": "Point", "coordinates": [73.887672, 18.551352]}, "properties": {"depth": 2.91}}, {"type": "Feature", "geometry": {"type": "Point", "coordinates": [73.887097, 18.55146]}, "properties": {"depth": 0.77}}, {"type": "Feature", "geometry": {"type": "Point", "coordinates": [73.887074, 18.551791]}, "properties": {"depth": 0.96}}, {"type": "Feature", "geometry": {"type": "Point", "coordinates": [73.887293, 18.5519]}, "properties": {"depth": 2.23}}, {"type": "Feature", "geometry": {"type": "Point", "coordinates": [73.887454, 18.552249]}, "properties": {"depth": 3.0}}, {"type": "Feature", "geometry": {"type": "Point", "coordinates": [73.887573, 18.552257]}, "properties": {"depth": 3.0}}, {"type": "Feature", "geometry": {"type": "Point", "coordinates": [73.887701, 18.552262]}, "properties": {"depth": 3.36}}, {"type": "Feature", "geometry": {"type": "Point", "coordinates": [73.89173, 18.551787]}, "properties": {"depth": 6.43}}, {"type": "Feature", "geometry": {"type": "Point", "coordinates": [73.89209, 18.552216]}, "properties": {"depth": 3.8}}, {"type": "Feature", "geometry": {"type": "Point", "coordinates": [73.891229, 18.552895]}, "properties": {"depth": 7.85}}, {"type": "Feature", "geometry": {"type": "Point", "coordinates": [73.89172, 18.553066]}, "properties": {"depth": 6.11}}, {"type": "Feature", "geometry": {"type": "Point", "coordinates": [73.891704, 18.554062]}, "properties": {"depth": 2.5}}, {"type": "Feature", "geometry": {"type": "Point", "coordinates": [73.88883, 18.550655]}, "properties": {"depth": 3.54}}, {"type": "Feature", "geometry": {"type": "Point", "coordinates": [73.889029, 18.550774]}, "properties": {"depth": 6.71}}, {"type": "Feature", "geometry": {"type": "Point", "coordinates": [73.88926, 18.551559]}, "properties": {"depth": 6.77}}, {"type": "Feature", "geometry": {"type": "Point", "coordinates": [73.890132, 18.552104]}, "properties": {"depth": 13.84}}, {"type": "Feature", "geometry": {"type": "Point", "coordinates": [73.889074, 18.552988]}, "properties": {"depth": 4.52}}, {"type": "Feature", "geometry": {"type": "Point", "coordinates": [73.889634, 18.55705]}, "properties": {"depth": 2.53}}, {"type": "Feature", "geometry": {"type": "Point", "coordinates": [73.887575, 18.552391]}, "properties": {"depth": 2.0}}, {"type": "Feature", "geometry": {"type": "Point", "coordinates": [73.887437, 18.552593]}, "properties": {"depth": 2.0}}, {"type": "Feature", "geometry": {"type": "Point", "coordinates": [73.888662, 18.553212]}, "properties": {"depth": 1.4}}, {"type": "Feature", "geometry": {"type": "Point", "coordinates": [73.888353, 18.553392]}, "properties": {"depth": 0.05}}, {"type": "Feature", "geometry": {"type": "Point", "coordinates": [73.887207, 18.557989]}, "properties": {"depth": 9.69}}, {"type": "Feature", "geometry": {"type": "Point", "coordinates": [73.887623, 18.558146]}, "properties": {"depth": 8.02}}, {"type": "Feature", "geometry": {"type": "Point", "coordinates": [73.887627, 18.560632]}, "properties": {"depth": 7.08}}, {"type": "Feature", "geometry": {"type": "Point", "coordinates": [73.88619, 18.557948]}, "properties": {"depth": 8.63}}, {"type": "Feature", "geometry": {"type": "Point", "coordinates": [73.886019, 18.558369]}, "properties": {"depth": 8.84}}, {"type": "Feature", "geometry": {"type": "Point", "coordinates": [73.88555, 18.559079]}, "properties": {"depth": 10.82}}, {"type": "Feature", "geometry": {"type": "Point", "coordinates": [73.886059, 18.559287]}, "properties": {"depth": 8.24}}, {"type": "Feature", "geometry": {"type": "Point", "coordinates": [73.886532, 18.559265]}, "properties": {"depth": 9.34}}, {"type": "Feature", "geometry": {"type": "Point", "coordinates": [73.897202, 18.55386]}, "properties": {"depth": 0.07}}, {"type": "Feature", "geometry": {"type": "Point", "coordinates": [73.897353, 18.55389]}, "properties": {"depth": 0.07}}, {"type": "Feature", "geometry": {"type": "Point", "coordinates": [73.896282, 18.554013]}, "properties": {"depth": 1.01}}, {"type": "Feature", "geometry": {"type": "Point", "coordinates": [73.896521, 18.554028]}, "properties": {"depth": 1.01}}, {"type": "Feature", "geometry": {"type": "Point", "coordinates": [73.896013, 18.554039]}, "properties": {"depth": 1.19}}, {"type": "Feature", "geometry": {"type": "Point", "coordinates": [73.897149, 18.554269]}, "properties": {"depth": 1.32}}, {"type": "Feature", "geometry": {"type": "Point", "coordinates": [73.896641, 18.554404]}, "properties": {"depth": 0.39}}, {"type": "Feature", "geometry": {"type": "Point", "coordinates": [73.895946, 18.554437]}, "properties": {"depth": 1.49}}, {"type": "Feature", "geometry": {"type": "Point", "coordinates": [73.896646, 18.554653]}, "properties": {"depth": 5.2}}, {"type": "Feature", "geometry": {"type": "Point", "coordinates": [73.895942, 18.554674]}, "properties": {"depth": 0.76}}, {"type": "Feature", "geometry": {"type": "Point", "coordinates": [73.897092, 18.554693]}, "properties": {"depth": 5.57}}, {"type": "Feature", "geometry": {"type": "Point", "coordinates": [73.897161, 18.554694]}, "properties": {"depth": 5.57}}, {"type": "Feature", "geometry": {"type": "Point", "coordinates": [73.897223, 18.554704]}, "properties": {"depth": 5.57}}, {"type": "Feature", "geometry": {"type": "Point", "coordinates": [73.897293, 18.554709]}, "properties": {"depth": 5.57}}, {"type": "Feature", "geometry": {"type": "Point", "coordinates": [73.897359, 18.554714]}, "properties": {"depth": 5.57}}, {"type": "Feature", "geometry": {"type": "Point", "coordinates": [73.897087, 18.554857]}, "properties": {"depth": 5.57}}, {"type": "Feature", "geometry": {"type": "Point", "coordinates": [73.897226, 18.554861]}, "properties": {"depth": 5.57}}, {"type": "Feature", "geometry": {"type": "Point", "coordinates": [73.897085, 18.55497]}, "properties": {"depth": 5.21}}, {"type": "Feature", "geometry": {"type": "Point", "coordinates": [73.897227, 18.554985]}, "properties": {"depth": 5.21}}, {"type": "Feature", "geometry": {"type": "Point", "coordinates": [73.895969, 18.555043]}, "properties": {"depth": 3.45}}, {"type": "Feature", "geometry": {"type": "Point", "coordinates": [73.896578, 18.555057]}, "properties": {"depth": 4.01}}, {"type": "Feature", "geometry": {"type": "Point", "coordinates": [73.896275, 18.555085]}, "properties": {"depth": 5.01}}, {"type": "Feature", "geometry": {"type": "Point", "coordinates": [73.897188, 18.555148]}, "properties": {"depth": 6.06}}, {"type": "Feature", "geometry": {"type": "Point", "coordinates": [73.897052, 18.555151]}, "properties": {"depth": 5.88}}, {"type": "Feature", "geometry": {"type": "Point", "coordinates": [73.89712, 18.555162]}, "properties": {"depth": 6.06}}, {"type": "Feature", "geometry": {"type": "Point", "coordinates": [73.897257, 18.555172]}, "properties": {"depth": 6.06}}, {"type": "Feature", "geometry": {"type": "Point", "coordinates": [73.897311, 18.555174]}, "properties": {"depth": 6.06}}, {"type": "Feature", "geometry": {"type": "Point", "coordinates": [73.897386, 18.555176]}, "properties": {"depth": 6.1}}, {"type": "Feature", "geometry": {"type": "Point", "coordinates": [73.896176, 18.555309]}, "properties": {"depth": 2.51}}, {"type": "Feature", "geometry": {"type": "Point", "coordinates": [73.895877, 18.555464]}, "properties": {"depth": 4.02}}, {"type": "Feature", "geometry": {"type": "Point", "coordinates": [73.895217, 18.554846]}, "properties": {"depth": 0.17}}, {"type": "Feature", "geometry": {"type": "Point", "coordinates": [73.895658, 18.554873]}, "properties": {"depth": 0.96}}, {"type": "Feature", "geometry": {"type": "Point", "coordinates": [73.895465, 18.554882]}, "properties": {"depth": 0.96}}, {"type": "Feature", "geometry": {"type": "Point", "coordinates": [73.896493, 18.555486]}, "properties": {"depth": 5.14}}, {"type": "Feature", "geometry": {"type": "Point", "coordinates": [73.896182, 18.555684]}, "properties": {"depth": 3.56}}, {"type": "Feature", "geometry": {"type": "Point", "coordinates": [73.897249, 18.556508]}, "properties": {"depth": 7.32}}, {"type": "Feature", "geometry": {"type": "Point", "coordinates": [73.8959, 18.556792]}, "properties": {"depth": 3.83}}, {"type": "Feature", "geometry": {"type": "Point", "coordinates": [73.89678, 18.556818]}, "properties": {"depth": 1.56}}, {"type": "Feature", "geometry": {"type": "Point", "coordinates": [73.89658, 18.556863]}, "properties": {"depth": 1.56}}, {"type": "Feature", "geometry": {"type": "Point", "coordinates": [73.896406, 18.556896]}, "properties": {"depth": 0.84}}, {"type": "Feature", "geometry": {"type": "Point", "coordinates": [73.896228, 18.556922]}, "properties": {"depth": 1.05}}, {"type": "Feature", "geometry": {"type": "Point", "coordinates": [73.895675, 18.556845]}, "properties": {"depth": 1.17}}, {"type": "Feature", "geometry": {"type": "Point", "coordinates": [73.89555, 18.557348]}, "properties": {"depth": 1.32}}, {"type": "Feature", "geometry": {"type": "Point", "coordinates": [73.895693, 18.558242]}, "properties": {"depth": 0.59}}, {"type": "Feature", "geometry": {"type": "Point", "coordinates": [73.896843, 18.55707]}, "properties": {"depth": 2.89}}, {"type": "Feature", "geometry": {"type": "Point", "coordinates": [73.896629, 18.557112]}, "properties": {"depth": 1.06}}, {"type": "Feature", "geometry": {"type": "Point", "coordinates": [73.896444, 18.557154]}, "properties": {"depth": 2.35}}, {"type": "Feature", "geometry": {"type": "Point", "coordinates": [73.896263, 18.557202]}, "properties": {"depth": 2.35}}, {"type": "Feature", "geometry": {"type": "Point", "coordinates": [73.896863, 18.55734]}, "properties": {"depth": 0.85}}, {"type": "Feature", "geometry": {"type": "Point", "coordinates": [73.89661, 18.55739]}, "properties": {"depth": 1.94}}, {"type": "Feature", "geometry": {"type": "Point", "coordinates": [73.896383, 18.55747]}, "properties": {"depth": 1.64}}, {"type": "Feature", "geometry": {"type": "Point", "coordinates": [73.897064, 18.558047]}, "properties": {"depth": 1.28}}, {"type": "Feature", "geometry": {"type": "Point", "coordinates": [73.89191, 18.555975]}, "properties": {"depth": 2.61}}, {"type": "Feature", "geometry": {"type": "Point", "coordinates": [73.896171, 18.558179]}, "properties": {"depth": 2.89}}, {"type": "Feature", "geometry": {"type": "Point", "coordinates": [73.896566, 18.558378]}, "properties": {"depth": 0.69}}, {"type": "Feature", "geometry": {"type": "Point", "coordinates": [73.896776, 18.558387]}, "properties": {"depth": 0.69}}, {"type": "Feature", "geometry": {"type": "Point", "coordinates": [73.896181, 18.558593]}, "properties": {"depth": 3.65}}, {"type": "Feature", "geometry": {"type": "Point", "coordinates": [73.896639, 18.558662]}, "properties": {"depth": 3.06}}, {"type": "Feature", "geometry": {"type": "Point", "coordinates": [73.897104, 18.5588]}, "properties": {"depth": 2.23}}, {"type": "Feature", "geometry": {"type": "Point", "coordinates": [73.896669, 18.558978]}, "properties": {"depth": 0.72}}, {"type": "Feature", "geometry": {"type": "Point", "coordinates": [73.896251, 18.558999]}, "properties": {"depth": 2.08}}, {"type": "Feature", "geometry": {"type": "Point", "coordinates": [73.897119, 18.559069]}, "properties": {"depth": 2.93}}, {"type": "Feature", "geometry": {"type": "Point", "coordinates": [73.896677, 18.559277]}, "properties": {"depth": 1.81}}, {"type": "Feature", "geometry": {"type": "Point", "coordinates": [73.896899, 18.559374]}, "properties": {"depth": 1.72}}, {"type": "Feature", "geometry": {"type": "Point", "coordinates": [73.896256, 18.559402]}, "properties": {"depth": 2.6}}, {"type": "Feature", "geometry": {"type": "Point", "coordinates": [73.895875, 18.559407]}, "properties": {"depth": 1.43}}, {"type": "Feature", "geometry": {"type": "Point", "coordinates": [73.896059, 18.559708]}, "properties": {"depth": 1.46}}, {"type": "Feature", "geometry": {"type": "Point", "coordinates": [73.895708, 18.559806]}, "properties": {"depth": 1.37}}, {"type": "Feature", "geometry": {"type": "Point", "coordinates": [73.898233, 18.557301]}, "properties": {"depth": 5.52}}, {"type": "Feature", "geometry": {"type": "Point", "coordinates": [73.897543, 18.557489]}, "properties": {"depth": 2.64}}, {"type": "Feature", "geometry": {"type": "Point", "coordinates": [73.898283, 18.557503]}, "properties": {"depth": 6.66}}, {"type": "Feature", "geometry": {"type": "Point", "coordinates": [73.897681, 18.557684]}, "properties": {"depth": 6.37}}, {"type": "Feature", "geometry": {"type": "Point", "coordinates": [73.898324, 18.557723]}, "properties": {"depth": 4.99}}, {"type": "Feature", "geometry": {"type": "Point", "coordinates": [73.897544, 18.557758]}, "properties": {"depth": 6.29}}, {"type": "Feature", "geometry": {"type": "Point", "coordinates": [73.898332, 18.557952]}, "properties": {"depth": 7.15}}, {"type": "Feature", "geometry": {"type": "Point", "coordinates": [73.89759, 18.557986]}, "properties": {"depth": 6.24}}, {"type": "Feature", "geometry": {"type": "Point", "coordinates": [73.898889, 18.558107]}, "properties": {"depth": 5.64}}, {"type": "Feature", "geometry": {"type": "Point", "coordinates": [73.89867, 18.558403]}, "properties": {"depth": 1.12}}, {"type": "Feature", "geometry": {"type": "Point", "coordinates": [73.89871, 18.558678]}, "properties": {"depth": 5.36}}, {"type": "Feature", "geometry": {"type": "Point", "coordinates": [73.898333, 18.558753]}, "properties": {"depth": 6.72}}, {"type": "Feature", "geometry": {"type": "Point", "coordinates": [73.898078, 18.558786]}, "properties": {"depth": 5.47}}, {"type": "Feature", "geometry": {"type": "Point", "coordinates": [73.897808, 18.558824]}, "properties": {"depth": 2.58}}, {"type": "Feature", "geometry": {"type": "Point", "coordinates": [73.897556, 18.558868]}, "properties": {"depth": 5.08}}, {"type": "Feature", "geometry": {"type": "Point", "coordinates": [73.897732, 18.559195]}, "properties": {"depth": 0.71}}, {"type": "Feature", "geometry": {"type": "Point", "coordinates": [73.898827, 18.559591]}, "properties": {"depth": 4.62}}, {"type": "Feature", "geometry": {"type": "Point", "coordinates": [73.901133, 18.557789]}, "properties": {"depth": 2.79}}, {"type": "Feature", "geometry": {"type": "Point", "coordinates": [73.901822, 18.55802]}, "properties": {"depth": 0.78}}, {"type": "Feature", "geometry": {"type": "Point", "coordinates": [73.901516, 18.558232]}, "properties": {"depth": 0.67}}, {"type": "Feature", "geometry": {"type": "Point", "coordinates": [73.90087, 18.559109]}, "properties": {"depth": 0.25}}, {"type": "Feature", "geometry": {"type": "Point", "coordinates": [73.89987, 18.558934]}, "properties": {"depth": 2.55}}, {"type": "Feature", "geometry": {"type": "Point", "coordinates": [73.899646, 18.558931]}, "properties": {"depth": 2.44}}, {"type": "Feature", "geometry": {"type": "Point", "coordinates": [73.90006, 18.559009]}, "properties": {"depth": 2.55}}, {"type": "Feature", "geometry": {"type": "Point", "coordinates": [73.899473, 18.559579]}, "properties": {"depth": 8.9}}, {"type": "Feature", "geometry": {"type": "Point", "coordinates": [73.900431, 18.559677]}, "properties": {"depth": 1.58}}, {"type": "Feature", "geometry": {"type": "Point", "coordinates": [73.899189, 18.560144]}, "properties": {"depth": 2.1}}, {"type": "Feature", "geometry": {"type": "Point", "coordinates": [73.898835, 18.560307]}, "properties": {"depth": 0.21}}, {"type": "Feature", "geometry": {"type": "Point", "coordinates": [73.899032, 18.560222]}, "properties": {"depth": 2.1}}, {"type": "Feature", "geometry": {"type": "Point", "coordinates": [73.899244, 18.560378]}, "properties": {"depth": 2.1}}, {"type": "Feature", "geometry": {"type": "Point", "coordinates": [73.879761, 18.553498]}, "properties": {"depth": 6.3}}, {"type": "Feature", "geometry": {"type": "Point", "coordinates": [73.879248, 18.553523]}, "properties": {"depth": 5.09}}, {"type": "Feature", "geometry": {"type": "Point", "coordinates": [73.879643, 18.553579]}, "properties": {"depth": 6.3}}, {"type": "Feature", "geometry": {"type": "Point", "coordinates": [73.879874, 18.553607]}, "properties": {"depth": 7.33}}, {"type": "Feature", "geometry": {"type": "Point", "coordinates": [73.879029, 18.553616]}, "properties": {"depth": 5.09}}, {"type": "Feature", "geometry": {"type": "Point", "coordinates": [73.879728, 18.553684]}, "properties": {"depth": 6.3}}, {"type": "Feature", "geometry": {"type": "Point", "coordinates": [73.879172, 18.553687]}, "properties": {"depth": 5.09}}, {"type": "Feature", "geometry": {"type": "Point", "coordinates": [73.879494, 18.55369]}, "properties": {"depth": 5.54}}, {"type": "Feature", "geometry": {"type": "Point", "coordinates": [73.879385, 18.553693]}, "properties": {"depth": 5.54}}, {"type": "Feature", "geometry": {"type": "Point", "coordinates": [73.879143, 18.553758]}, "properties": {"depth": 5.28}}, {"type": "Feature", "geometry": {"type": "Point", "coordinates": [73.878866, 18.553444]}, "properties": {"depth": 6.35}}, {"type": "Feature", "geometry": {"type": "Point", "coordinates": [73.877505, 18.55347]}, "properties": {"depth": 2.64}}, {"type": "Feature", "geometry": {"type": "Point", "coordinates": [73.877856, 18.553515]}, "properties": {"depth": 0.75}}, {"type": "Feature", "geometry": {"type": "Point", "coordinates": [73.878341, 18.553546]}, "properties": {"depth": 4.13}}, {"type": "Feature", "geometry": {"type": "Point", "coordinates": [73.878438, 18.553624]}, "properties": {"depth": 4.13}}, {"type": "Feature", "geometry": {"type": "Point", "coordinates": [73.878524, 18.55368]}, "properties": {"depth": 4.18}}, {"type": "Feature", "geometry": {"type": "Point", "coordinates": [73.878647, 18.553757]}, "properties": {"depth": 0.61}}, {"type": "Feature", "geometry": {"type": "Point", "coordinates": [73.877985, 18.553947]}, "properties": {"depth": 3.72}}, {"type": "Feature", "geometry": {"type": "Point", "coordinates": [73.878188, 18.554053]}, "properties": {"depth": 2.72}}, {"type": "Feature", "geometry": {"type": "Point", "coordinates": [73.87985, 18.553786]}, "properties": {"depth": 6.69}}, {"type": "Feature", "geometry": {"type": "Point", "coordinates": [73.879051, 18.553831]}, "properties": {"depth": 5.28}}, {"type": "Feature", "geometry": {"type": "Point", "coordinates": [73.879459, 18.553866]}, "properties": {"depth": 6.05}}, {"type": "Feature", "geometry": {"type": "Point", "coordinates": [73.879332, 18.553871]}, "properties": {"depth": 6.05}}, {"type": "Feature", "geometry": {"type": "Point", "coordinates": [73.879424, 18.553902]}, "properties": {"depth": 6.05}}, {"type": "Feature", "geometry": {"type": "Point", "coordinates": [73.880228, 18.554019]}, "properties": {"depth": 6.27}}, {"type": "Feature", "geometry": {"type": "Point", "coordinates": [73.879244, 18.554025]}, "properties": {"depth": 5.28}}, {"type": "Feature", "geometry": {"type": "Point", "coordinates": [73.879726, 18.554089]}, "properties": {"depth": 6.52}}, {"type": "Feature", "geometry": {"type": "Point", "coordinates": [73.879293, 18.554101]}, "properties": {"depth": 3.65}}, {"type": "Feature", "geometry": {"type": "Point", "coordinates": [73.87899, 18.554111]}, "properties": {"depth": 3.23}}, {"type": "Feature", "geometry": {"type": "Point", "coordinates": [73.876871, 18.553538]}, "properties": {"depth": 1.92}}, {"type": "Feature", "geometry": {"type": "Point", "coordinates": [73.876942, 18.553543]}, "properties": {"depth": 1.92}}, {"type": "Feature", "geometry": {"type": "Point", "coordinates": [73.876703, 18.554017]}, "properties": {"depth": 2.29}}, {"type": "Feature", "geometry": {"type": "Point", "coordinates": [73.876551, 18.554062]}, "properties": {"depth": 3.63}}, {"type": "Feature", "geometry": {"type": "Point", "coordinates": [73.876395, 18.55412]}, "properties": {"depth": 1.65}}, {"type": "Feature", "geometry": {"type": "Point", "coordinates": [73.877125, 18.554339]}, "properties": {"depth": 1.06}}, {"type": "Feature", "geometry": {"type": "Point", "coordinates": [73.876962, 18.554378]}, "properties": {"depth": 2.96}}, {"type": "Feature", "geometry": {"type": "Point", "coordinates": [73.876788, 18.554424]}, "properties": {"depth": 3.2}}, {"type": "Feature", "geometry": {"type": "Point", "coordinates": [73.876649, 18.554479]}, "properties": {"depth": 3.2}}, {"type": "Feature", "geometry": {"type": "Point", "coordinates": [73.877055, 18.554663]}, "properties": {"depth": 3.44}}, {"type": "Feature", "geometry": {"type": "Point", "coordinates": [73.879716, 18.554171]}, "properties": {"depth": 6.52}}, {"type": "Feature", "geometry": {"type": "Point", "coordinates": [73.880341, 18.554191]}, "properties": {"depth": 6.82}}, {"type": "Feature", "geometry": {"type": "Point", "coordinates": [73.879208, 18.554206]}, "properties": {"depth": 3.65}}, {"type": "Feature", "geometry": {"type": "Point", "coordinates": [73.8802, 18.554245]}, "properties": {"depth": 6.82}}, {"type": "Feature", "geometry": {"type": "Point", "coordinates": [73.879668, 18.554248]}, "properties": {"depth": 6.52}}, {"type": "Feature", "geometry": {"type": "Point", "coordinates": [73.879134, 18.554262]}, "properties": {"depth": 3.65}}, {"type": "Feature", "geometry": {"type": "Point", "coordinates": [73.879337, 18.554319]}, "properties": {"depth": 3.32}}, {"type": "Feature", "geometry": {"type": "Point", "coordinates": [73.879489, 18.554375]}, "properties": {"depth": 3.32}}, {"type": "Feature", "geometry": {"type": "Point", "coordinates": [73.880341, 18.55442]}, "properties": {"depth": 5.62}}, {"type": "Feature", "geometry": {"type": "Point", "coordinates": [73.879661, 18.554459]}, "properties": {"depth": 6.9}}, {"type": "Feature", "geometry": {"type": "Point", "coordinates": [73.878292, 18.554088]}, "properties": {"depth": 1.71}}, {"type": "Feature", "geometry": {"type": "Point", "coordinates": [73.878238, 18.554282]}, "properties": {"depth": 1.71}}, {"type": "Feature", "geometry": {"type": "Point", "coordinates": [73.87818, 18.554429]}, "properties": {"depth": 3.08}}, {"type": "Feature", "geometry": {"type": "Point", "coordinates": [73.878017, 18.554429]}, "properties": {"depth": 3.08}}, {"type": "Feature", "geometry": {"type": "Point", "coordinates": [73.878235, 18.555422]}, "properties": {"depth": 2.58}}, {"type": "Feature", "geometry": {"type": "Point", "coordinates": [73.878409, 18.556207]}, "properties": {"depth": 2.44}}, {"type": "Feature", "geometry": {"type": "Point", "coordinates": [73.880424, 18.554556]}, "properties": {"depth": 4.86}}, {"type": "Feature", "geometry": {"type": "Point", "coordinates": [73.880195, 18.554665]}, "properties": {"depth": 3.59}}, {"type": "Feature", "geometry": {"type": "Point", "coordinates": [73.879605, 18.554727]}, "properties": {"depth": 1.93}}, {"type": "Feature", "geometry": {"type": "Point", "coordinates": [73.879091, 18.555298]}, "properties": {"depth": 8.28}}, {"type": "Feature", "geometry": {"type": "Point", "coordinates": [73.879123, 18.555604]}, "properties": {"depth": 6.74}}, {"type": "Feature", "geometry": {"type": "Point", "coordinates": [73.879089, 18.55606]}, "properties": {"depth": 0.99}}, {"type": "Feature", "geometry": {"type": "Point", "coordinates": [73.879224, 18.556361]}, "properties": {"depth": 1.25}}, {"type": "Feature", "geometry": {"type": "Point", "coordinates": [73.876718, 18.554765]}, "properties": {"depth": 2.66}}, {"type": "Feature", "geometry": {"type": "Point", "coordinates": [73.876166, 18.55538]}, "properties": {"depth": 0.68}}, {"type": "Feature", "geometry": {"type": "Point", "coordinates": [73.87628, 18.555596]}, "properties": {"depth": 0.67}}, {"type": "Feature", "geometry": {"type": "Point", "coordinates": [73.876226, 18.556247]}, "properties": {"depth": 1.96}}, {"type": "Feature", "geometry": {"type": "Point", "coordinates": [73.878922, 18.556425]}, "properties": {"depth": 0.38}}, {"type": "Feature", "geometry": {"type": "Point", "coordinates": [73.877303, 18.556561]}, "properties": {"depth": 1.34}}, {"type": "Feature", "geometry": {"type": "Point", "coordinates": [73.877333, 18.55685]}, "properties": {"depth": 0.34}}, {"type": "Feature", "geometry": {"type": "Point", "coordinates": [73.877439, 18.557203]}, "properties": {"depth": 1.0}}, {"type": "Feature", "geometry": {"type": "Point", "coordinates": [73.882791, 18.552786]}, "properties": {"depth": 1.06}}, {"type": "Feature", "geometry": {"type": "Point", "coordinates": [73.882967, 18.552847]}, "properties": {"depth": 0.02}}, {"type": "Feature", "geometry": {"type": "Point", "coordinates": [73.883117, 18.552954]}, "properties": {"depth": 2.51}}, {"type": "Feature", "geometry": {"type": "Point", "coordinates": [73.882994, 18.552961]}, "properties": {"depth": 2.51}}, {"type": "Feature", "geometry": {"type": "Point", "coordinates": [73.882631, 18.55297]}, "properties": {"depth": 3.03}}, {"type": "Feature", "geometry": {"type": "Point", "coordinates": [73.882722, 18.553001]}, "properties": {"depth": 2.43}}, {"type": "Feature", "geometry": {"type": "Point", "coordinates": [73.883056, 18.553101]}, "properties": {"depth": 2.51}}, {"type": "Feature", "geometry": {"type": "Point", "coordinates": [73.883177, 18.553862]}, "properties": {"depth": 1.59}}, {"type": "Feature", "geometry": {"type": "Point", "coordinates": [73.882982, 18.554179]}, "properties": {"depth": 1.91}}, {"type": "Feature", "geometry": {"type": "Point", "coordinates": [73.885589, 18.554373]}, "properties": {"depth": 1.3}}, {"type": "Feature", "geometry": {"type": "Point", "coordinates": [73.88627, 18.556448]}, "properties": {"depth": 6.0}}, {"type": "Feature", "geometry": {"type": "Point", "coordinates": [73.881313, 18.552804]}, "properties": {"depth": 1.87}}, {"type": "Feature", "geometry": {"type": "Point", "coordinates": [73.880588, 18.552803]}, "properties": {"depth": 2.73}}, {"type": "Feature", "geometry": {"type": "Point", "coordinates": [73.882216, 18.552881]}, "properties": {"depth": 1.39}}, {"type": "Feature", "geometry": {"type": "Point", "coordinates": [73.881902, 18.55291]}, "properties": {"depth": 0.23}}, {"type": "Feature", "geometry": {"type": "Point", "coordinates": [73.882193, 18.554713]}, "properties": {"depth": 2.95}}, {"type": "Feature", "geometry": {"type": "Point", "coordinates": [73.880751, 18.554787]}, "properties": {"depth": 8.47}}, {"type": "Feature", "geometry": {"type": "Point", "coordinates": [73.880915, 18.554978]}, "properties": {"depth": 8.07}}, {"type": "Feature", "geometry": {"type": "Point", "coordinates": [73.881568, 18.555748]}, "properties": {"depth": 1.65}}, {"type": "Feature", "geometry": {"type": "Point", "coordinates": [73.880662, 18.555989]}, "properties": {"depth": 2.45}}, {"type": "Feature", "geometry": {"type": "Point", "coordinates": [73.882278, 18.556052]}, "properties": {"depth": 1.79}}, {"type": "Feature", "geometry": {"type": "Point", "coordinates": [73.885314, 18.55497]}, "properties": {"depth": 3.36}}, {"type": "Feature", "geometry": {"type": "Point", "coordinates": [73.885124, 18.555075]}, "properties": {"depth": 1.85}}, {"type": "Feature", "geometry": {"type": "Point", "coordinates": [73.884936, 18.555179]}, "properties": {"depth": 0.89}}, {"type": "Feature", "geometry": {"type": "Point", "coordinates": [73.884736, 18.555321]}, "properties": {"depth": 1.51}}, {"type": "Feature", "geometry": {"type": "Point", "coordinates": [73.884161, 18.555434]}, "properties": {"depth": 0.23}}, {"type": "Feature", "geometry": {"type": "Point", "coordinates": [73.884472, 18.555452]}, "properties": {"depth": 2.11}}, {"type": "Feature", "geometry": {"type": "Point", "coordinates": [73.884318, 18.556804]}, "properties": {"depth": 3.64}}, {"type": "Feature", "geometry": {"type": "Point", "coordinates": [73.884561, 18.557185]}, "properties": {"depth": 5.4}}, {"type": "Feature", "geometry": {"type": "Point", "coordinates": [73.884195, 18.55732]}, "properties": {"depth": 6.37}}, {"type": "Feature", "geometry": {"type": "Point", "coordinates": [73.883299, 18.554275]}, "properties": {"depth": 0.33}}, {"type": "Feature", "geometry": {"type": "Point", "coordinates": [73.8826, 18.555889]}, "properties": {"depth": 2.12}}, {"type": "Feature", "geometry": {"type": "Point", "coordinates": [73.883057, 18.556163]}, "properties": {"depth": 0.66}}, {"type": "Feature", "geometry": {"type": "Point", "coordinates": [73.883367, 18.55626]}, "properties": {"depth": 3.06}}, {"type": "Feature", "geometry": {"type": "Point", "coordinates": [73.883492, 18.556427]}, "properties": {"depth": 2.89}}, {"type": "Feature", "geometry": {"type": "Point", "coordinates": [73.883875, 18.556463]}, "properties": {"depth": 1.42}}, {"type": "Feature", "geometry": {"type": "Point", "coordinates": [73.883692, 18.556499]}, "properties": {"depth": 2.89}}, {"type": "Feature", "geometry": {"type": "Point", "coordinates": [73.883248, 18.556542]}, "properties": {"depth": 4.94}}, {"type": "Feature", "geometry": {"type": "Point", "coordinates": [73.883751, 18.556646]}, "properties": {"depth": 5.44}}, {"type": "Feature", "geometry": {"type": "Point", "coordinates": [73.884, 18.556671]}, "properties": {"depth": 5.44}}, {"type": "Feature", "geometry": {"type": "Point", "coordinates": [73.883201, 18.556738]}, "properties": {"depth": 4.94}}, {"type": "Feature", "geometry": {"type": "Point", "coordinates": [73.882989, 18.556789]}, "properties": {"depth": 3.68}}, {"type": "Feature", "geometry": {"type": "Point", "coordinates": [73.883755, 18.556885]}, "properties": {"depth": 5.96}}, {"type": "Feature", "geometry": {"type": "Point", "coordinates": [73.883079, 18.556937]}, "properties": {"depth": 4.08}}, {"type": "Feature", "geometry": {"type": "Point", "coordinates": [73.883326, 18.556964]}, "properties": {"depth": 5.18}}, {"type": "Feature", "geometry": {"type": "Point", "coordinates": [73.88359, 18.557019]}, "properties": {"depth": 6.16}}, {"type": "Feature", "geometry": {"type": "Point", "coordinates": [73.883875, 18.557112]}, "properties": {"depth": 4.62}}, {"type": "Feature", "geometry": {"type": "Point", "coordinates": [73.883809, 18.559551]}, "properties": {"depth": 10.61}}, {"type": "Feature", "geometry": {"type": "Point", "coordinates": [73.885425, 18.558223]}, "properties": {"depth": 7.96}}, {"type": "Feature", "geometry": {"type": "Point", "coordinates": [73.88521, 18.558961]}, "properties": {"depth": 12.01}}, {"type": "Feature", "geometry": {"type": "Point", "coordinates": [73.885202, 18.559147]}, "properties": {"depth": 10.76}}, {"type": "Feature", "geometry": {"type": "Point", "coordinates": [73.885465, 18.559308]}, "properties": {"depth": 8.06}}, {"type": "Feature", "geometry": {"type": "Point", "coordinates": [73.885206, 18.559335]}, "properties": {"depth": 8.87}}, {"type": "Feature", "geometry": {"type": "Point", "coordinates": [73.884595, 18.559437]}, "properties": {"depth": 6.47}}, {"type": "Feature", "geometry": {"type": "Point", "coordinates": [73.881273, 18.556523]}, "properties": {"depth": 1.66}}, {"type": "Feature", "geometry": {"type": "Point", "coordinates": [73.875179, 18.553159]}, "properties": {"depth": 3.49}}, {"type": "Feature", "geometry": {"type": "Point", "coordinates": [73.875619, 18.553206]}, "properties": {"depth": 2.94}}, {"type": "Feature", "geometry": {"type": "Point", "coordinates": [73.87576, 18.553221]}, "properties": {"depth": 2.86}}, {"type": "Feature", "geometry": {"type": "Point", "coordinates": [73.8759, 18.553236]}, "properties": {"depth": 2.86}}, {"type": "Feature", "geometry": {"type": "Point", "coordinates": [73.875541, 18.55329]}, "properties": {"depth": 2.94}}, {"type": "Feature", "geometry": {"type": "Point", "coordinates": [73.875777, 18.553295]}, "properties": {"depth": 2.86}}, {"type": "Feature", "geometry": {"type": "Point", "coordinates": [73.874904, 18.553295]}, "properties": {"depth": 3.69}}, {"type": "Feature", "geometry": {"type": "Point", "coordinates": [73.874996, 18.55331]}, "properties": {"depth": 3.69}}, {"type": "Feature", "geometry": {"type": "Point", "coordinates": [73.875164, 18.553349]}, "properties": {"depth": 4.55}}, {"type": "Feature", "geometry": {"type": "Point", "coordinates": [73.875313, 18.553389]}, "properties": {"depth": 4.55}}, {"type": "Feature", "geometry": {"type": "Point", "coordinates": [73.874162, 18.552982]}, "properties": {"depth": 2.21}}, {"type": "Feature", "geometry": {"type": "Point", "coordinates": [73.874317, 18.553022]}, "properties": {"depth": 2.8}}, {"type": "Feature", "geometry": {"type": "Point", "coordinates": [73.874744, 18.553068]}, "properties": {"depth": 3.18}}, {"type": "Feature", "geometry": {"type": "Point", "coordinates": [73.8742, 18.553191]}, "properties": {"depth": 2.21}}, {"type": "Feature", "geometry": {"type": "Point", "coordinates": [73.874405, 18.553236]}, "properties": {"depth": 2.37}}, {"type": "Feature", "geometry": {"type": "Point", "coordinates": [73.874544, 18.553267]}, "properties": {"depth": 2.37}}, {"type": "Feature", "geometry": {"type": "Point", "coordinates": [73.87429, 18.553273]}, "properties": {"depth": 1.27}}, {"type": "Feature", "geometry": {"type": "Point", "coordinates": [73.874649, 18.553296]}, "properties": {"depth": 4.2}}, {"type": "Feature", "geometry": {"type": "Point", "coordinates": [73.875927, 18.555745]}, "properties": {"depth": 2.38}}, {"type": "Feature", "geometry": {"type": "Point", "coordinates": [73.875695, 18.55601]}, "properties": {"depth": 2.47}}, {"type": "Feature", "geometry": {"type": "Point", "coordinates": [73.875643, 18.558287]}, "properties": {"depth": 0.49}}, {"type": "Feature", "geometry": {"type": "Point", "coordinates": [73.875461, 18.558333]}, "properties": {"depth": 0.49}}, {"type": "Feature", "geometry": {"type": "Point", "coordinates": [73.875157, 18.558406]}, "properties": {"depth": 1.49}}, {"type": "Feature", "geometry": {"type": "Point", "coordinates": [73.875017, 18.55852]}, "properties": {"depth": 1.1}}, {"type": "Feature", "geometry": {"type": "Point", "coordinates": [73.875223, 18.558553]}, "properties": {"depth": 0.97}}, {"type": "Feature", "geometry": {"type": "Point", "coordinates": [73.875019, 18.558876]}, "properties": {"depth": 0.41}}, {"type": "Feature", "geometry": {"type": "Point", "coordinates": [73.875405, 18.558934]}, "properties": {"depth": 0.91}}, {"type": "Feature", "geometry": {"type": "Point", "coordinates": [73.87556, 18.55894]}, "properties": {"depth": 1.04}}, {"type": "Feature", "geometry": {"type": "Point", "coordinates": [73.875376, 18.559289]}, "properties": {"depth": 0.81}}, {"type": "Feature", "geometry": {"type": "Point", "coordinates": [73.874388, 18.558957]}, "properties": {"depth": 3.21}}, {"type": "Feature", "geometry": {"type": "Point", "coordinates": [73.874, 18.559225]}, "properties": {"depth": 1.56}}, {"type": "Feature", "geometry": {"type": "Point", "coordinates": [73.873975, 18.559606]}, "properties": {"depth": 4.84}}, {"type": "Feature", "geometry": {"type": "Point", "coordinates": [73.873732, 18.567477]}, "properties": {"depth": 1.39}}, {"type": "Feature", "geometry": {"type": "Point", "coordinates": [73.873749, 18.567536]}, "properties": {"depth": 1.39}}, {"type": "Feature", "geometry": {"type": "Point", "coordinates": [73.868918, 18.581492]}, "properties": {"depth": 1.39}}, {"type": "Feature", "geometry": {"type": "Point", "coordinates": [73.874979, 18.570361]}, "properties": {"depth": 0.34}}, {"type": "Feature", "geometry": {"type": "Point", "coordinates": [73.874874, 18.570447]}, "properties": {"depth": 2.02}}, {"type": "Feature", "geometry": {"type": "Point", "coordinates": [73.874797, 18.57048]}, "properties": {"depth": 2.21}}, {"type": "Feature", "geometry": {"type": "Point", "coordinates": [73.874721, 18.570521]}, "properties": {"depth": 2.21}}, {"type": "Feature", "geometry": {"type": "Point", "coordinates": [73.875707, 18.571335]}, "properties": {"depth": 1.7}}, {"type": "Feature", "geometry": {"type": "Point", "coordinates": [73.876227, 18.57135]}, "properties": {"depth": 1.53}}, {"type": "Feature", "geometry": {"type": "Point", "coordinates": [73.876208, 18.571567]}, "properties": {"depth": 0.86}}, {"type": "Feature", "geometry": {"type": "Point", "coordinates": [73.869592, 18.580187]}, "properties": {"depth": 1.04}}, {"type": "Feature", "geometry": {"type": "Point", "coordinates": [73.87419, 18.569322]}, "properties": {"depth": 1.15}}, {"type": "Feature", "geometry": {"type": "Point", "coordinates": [73.874397, 18.570483]}, "properties": {"depth": 1.3}}, {"type": "Feature", "geometry": {"type": "Point", "coordinates": [73.87462, 18.570529]}, "properties": {"depth": 2.21}}, {"type": "Feature", "geometry": {"type": "Point", "coordinates": [73.874825, 18.573439]}, "properties": {"depth": 0.69}}, {"type": "Feature", "geometry": {"type": "Point", "coordinates": [73.881968, 18.574396]}, "properties": {"depth": 0.34}}, {"type": "Feature", "geometry": {"type": "Point", "coordinates": [73.882901, 18.575295]}, "properties": {"depth": 0.26}}, {"type": "Feature", "geometry": {"type": "Point", "coordinates": [73.882745, 18.575528]}, "properties": {"depth": 1.34}}, {"type": "Feature", "geometry": {"type": "Point", "coordinates": [73.883164, 18.575747]}, "properties": {"depth": 0.36}}, {"type": "Feature", "geometry": {"type": "Point", "coordinates": [73.882646, 18.575748]}, "properties": {"depth": 2.36}}, {"type": "Feature", "geometry": {"type": "Point", "coordinates": [73.882625, 18.576413]}, "properties": {"depth": 0.57}}, {"type": "Feature", "geometry": {"type": "Point", "coordinates": [73.884356, 18.577788]}, "properties": {"depth": 3.31}}, {"type": "Feature", "geometry": {"type": "Point", "coordinates": [73.882449, 18.577134]}, "properties": {"depth": 2.0}}, {"type": "Feature", "geometry": {"type": "Point", "coordinates": [73.884502, 18.57798]}, "properties": {"depth": 3.64}}, {"type": "Feature", "geometry": {"type": "Point", "coordinates": [73.885113, 18.578529]}, "properties": {"depth": 1.12}}, {"type": "Feature", "geometry": {"type": "Point", "coordinates": [73.904838, 18.585558]}, "properties": {"depth": 0.53}}, {"type": "Feature", "geometry": {"type": "Point", "coordinates": [73.903383, 18.585581]}, "properties": {"depth": 0.72}}, {"type": "Feature", "geometry": {"type": "Point", "coordinates": [73.904679, 18.585748]}, "properties": {"depth": 3.0}}, {"type": "Feature", "geometry": {"type": "Point", "coordinates": [73.903436, 18.58577]}, "properties": {"depth": 1.93}}, {"type": "Feature", "geometry": {"type": "Point", "coordinates": [73.903806, 18.585801]}, "properties": {"depth": 2.61}}, {"type": "Feature", "geometry": {"type": "Point", "coordinates": [73.903237, 18.585607]}, "properties": {"depth": 0.72}}, {"type": "Feature", "geometry": {"type": "Point", "coordinates": [73.903276, 18.585679]}, "properties": {"depth": 0.72}}, {"type": "Feature", "geometry": {"type": "Point", "coordinates": [73.903062, 18.585726]}, "properties": {"depth": 0.39}}, {"type": "Feature", "geometry": {"type": "Point", "coordinates": [73.903273, 18.585735]}, "properties": {"depth": 1.93}}, {"type": "Feature", "geometry": {"type": "Point", "coordinates": [73.902953, 18.585773]}, "properties": {"depth": 0.39}}, {"type": "Feature", "geometry": {"type": "Point", "coordinates": [73.903296, 18.585812]}, "properties": {"depth": 1.93}}, {"type": "Feature", "geometry": {"type": "Point", "coordinates": [73.904974, 18.585563]}, "properties": {"depth": 1.87}}, {"type": "Feature", "geometry": {"type": "Point", "coordinates": [73.905024, 18.585638]}, "properties": {"depth": 1.87}}, {"type": "Feature", "geometry": {"type": "Point", "coordinates": [73.904993, 18.586216]}, "properties": {"depth": 3.22}}, {"type": "Feature", "geometry": {"type": "Point", "coordinates": [73.904937, 18.586346]}, "properties": {"depth": 0.73}}, {"type": "Feature", "geometry": {"type": "Point", "coordinates": [73.905011, 18.586355]}, "properties": {"depth": 0.73}}, {"type": "Feature", "geometry": {"type": "Point", "coordinates": [73.905131, 18.586356]}, "properties": {"depth": 0.73}}, {"type": "Feature", "geometry": {"type": "Point", "coordinates": [73.905026, 18.586516]}, "properties": {"depth": 0.73}}, {"type": "Feature", "geometry": {"type": "Point", "coordinates": [73.902699, 18.585835]}, "properties": {"depth": 0.2}}, {"type": "Feature", "geometry": {"type": "Point", "coordinates": [73.903323, 18.585871]}, "properties": {"depth": 1.93}}, {"type": "Feature", "geometry": {"type": "Point", "coordinates": [73.903245, 18.585877]}, "properties": {"depth": 1.93}}, {"type": "Feature", "geometry": {"type": "Point", "coordinates": [73.902525, 18.585893]}, "properties": {"depth": 1.88}}, {"type": "Feature", "geometry": {"type": "Point", "coordinates": [73.902919, 18.585906]}, "properties": {"depth": 0.39}}, {"type": "Feature", "geometry": {"type": "Point", "coordinates": [73.903294, 18.585943]}, "properties": {"depth": 1.93}}, {"type": "Feature", "geometry": {"type": "Point", "coordinates": [73.903068, 18.585951]}, "properties": {"depth": 0.39}}, {"type": "Feature", "geometry": {"type": "Point", "coordinates": [73.90259, 18.585965]}, "properties": {"depth": 1.88}}, {"type": "Feature", "geometry": {"type": "Point", "coordinates": [73.9027, 18.585969]}, "properties": {"depth": 0.2}}, {"type": "Feature", "geometry": {"type": "Point", "coordinates": [73.902504, 18.585978]}, "properties": {"depth": 1.39}}, {"type": "Feature", "geometry": {"type": "Point", "coordinates": [73.903439, 18.585817]}, "properties": {"depth": 1.93}}, {"type": "Feature", "geometry": {"type": "Point", "coordinates": [73.904837, 18.585855]}, "properties": {"depth": 3.0}}, {"type": "Feature", "geometry": {"type": "Point", "coordinates": [73.903393, 18.585869]}, "properties": {"depth": 1.93}}, {"type": "Feature", "geometry": {"type": "Point", "coordinates": [73.90345, 18.585921]}, "properties": {"depth": 1.93}}, {"type": "Feature", "geometry": {"type": "Point", "coordinates": [73.904601, 18.585946]}, "properties": {"depth": 3.0}}, {"type": "Feature", "geometry": {"type": "Point", "coordinates": [73.903439, 18.585967]}, "properties": {"depth": 1.93}}, {"type": "Feature", "geometry": {"type": "Point", "coordinates": [73.904756, 18.58601]}, "properties": {"depth": 2.08}}, {"type": "Feature", "geometry": {"type": "Point", "coordinates": [73.903698, 18.58601]}, "properties": {"depth": 1.28}}, {"type": "Feature", "geometry": {"type": "Point", "coordinates": [73.90339, 18.586017]}, "properties": {"depth": 1.1}}, {"type": "Feature", "geometry": {"type": "Point", "coordinates": [73.903614, 18.586021]}, "properties": {"depth": 1.28}}, {"type": "Feature", "geometry": {"type": "Point", "coordinates": [73.90326, 18.586029]}, "properties": {"depth": 1.1}}, {"type": "Feature", "geometry": {"type": "Point", "coordinates": [73.902912, 18.586045]}, "properties": {"depth": 0.12}}, {"type": "Feature", "geometry": {"type": "Point", "coordinates": [73.903071, 18.586047]}, "properties": {"depth": 0.7}}, {"type": "Feature", "geometry": {"type": "Point", "coordinates": [73.903023, 18.586052]}, "properties": {"depth": 0.7}}, {"type": "Feature", "geometry": {"type": "Point", "coordinates": [73.902971, 18.586056]}, "properties": {"depth": 0.7}}, {"type": "Feature", "geometry": {"type": "Point", "coordinates": [73.903126, 18.586059]}, "properties": {"depth": 0.7}}, {"type": "Feature", "geometry": {"type": "Point", "coordinates": [73.902745, 18.586068]}, "properties": {"depth": 0.12}}, {"type": "Feature", "geometry": {"type": "Point", "coordinates": [73.90267, 18.586073]}, "properties": {"depth": 0.12}}, {"type": "Feature", "geometry": {"type": "Point", "coordinates": [73.902547, 18.586082]}, "properties": {"depth": 1.39}}, {"type": "Feature", "geometry": {"type": "Point", "coordinates": [73.903777, 18.586032]}, "properties": {"depth": 0.91}}, {"type": "Feature", "geometry": {"type": "Point", "coordinates": [73.903855, 18.58604]}, "properties": {"depth": 0.91}}, {"type": "Feature", "geometry": {"type": "Point", "coordinates": [73.904514, 18.586047]}, "properties": {"depth": 1.85}}, {"type": "Feature", "geometry": {"type": "Point", "coordinates": [73.904565, 18.58611]}, "properties": {"depth": 1.85}}, {"type": "Feature", "geometry": {"type": "Point", "coordinates": [73.904699, 18.586127]}, "properties": {"depth": 2.08}}, {"type": "Feature", "geometry": {"type": "Point", "coordinates": [73.903493, 18.58622]}, "properties": {"depth": 1.28}}, {"type": "Feature", "geometry": {"type": "Point", "coordinates": [73.904604, 18.586358]}, "properties": {"depth": 0.01}}, {"type": "Feature", "geometry": {"type": "Point", "coordinates": [73.904729, 18.586402]}, "properties": {"depth": 0.01}}, {"type": "Feature", "geometry": {"type": "Point", "coordinates": [73.902687, 18.586248]}, "properties": {"depth": 0.12}}, {"type": "Feature", "geometry": {"type": "Point", "coordinates": [73.903089, 18.586298]}, "properties": {"depth": 0.63}}, {"type": "Feature", "geometry": {"type": "Point", "coordinates": [73.903026, 18.586372]}, "properties": {"depth": 0.63}}, {"type": "Feature", "geometry": {"type": "Point", "coordinates": [73.904703, 18.586499]}, "properties": {"depth": 0.01}}, {"type": "Feature", "geometry": {"type": "Point", "coordinates": [73.902714, 18.586871]}, "properties": {"depth": 0.2}}, {"type": "Feature", "geometry": {"type": "Point", "coordinates": [73.901847, 18.587117]}, "properties": {"depth": 1.64}}, {"type": "Feature", "geometry": {"type": "Point", "coordinates": [73.902171, 18.587245]}, "properties": {"depth": 0.92}}, {"type": "Feature", "geometry": {"type": "Point", "coordinates": [73.90171, 18.587283]}, "properties": {"depth": 2.17}}, {"type": "Feature", "geometry": {"type": "Point", "coordinates": [73.902466, 18.587423]}, "properties": {"depth": 0.01}}, {"type": "Feature", "geometry": {"type": "Point", "coordinates": [73.90232, 18.587635]}, "properties": {"depth": 2.13}}, {"type": "Feature", "geometry": {"type": "Point", "coordinates": [73.902333, 18.587722]}, "properties": {"depth": 2.79}}, {"type": "Feature", "geometry": {"type": "Point", "coordinates": [73.902481, 18.58775]}, "properties": {"depth": 0.98}}, {"type": "Feature", "geometry": {"type": "Point", "coordinates": [73.902347, 18.58783]}, "properties": {"depth": 2.79}}, {"type": "Feature", "geometry": {"type": "Point", "coordinates": [73.90248, 18.587909]}, "properties": {"depth": 0.98}}, {"type": "Feature", "geometry": {"type": "Point", "coordinates": [73.902803, 18.587924]}, "properties": {"depth": 0.28}}, {"type": "Feature", "geometry": {"type": "Point", "coordinates": [73.902357, 18.587952]}, "properties": {"depth": 2.46}}, {"type": "Feature", "geometry": {"type": "Point", "coordinates": [73.902734, 18.588017]}, "properties": {"depth": 0.28}}, {"type": "Feature", "geometry": {"type": "Point", "coordinates": [73.902361, 18.588021]}, "properties": {"depth": 0.34}}, {"type": "Feature", "geometry": {"type": "Point", "coordinates": [73.902184, 18.5881]}, "properties": {"depth": 2.46}}, {"type": "Feature", "geometry": {"type": "Point", "coordinates": [73.902803, 18.588133]}, "properties": {"depth": 0.28}}, {"type": "Feature", "geometry": {"type": "Point", "coordinates": [73.902168, 18.5882]}, "properties": {"depth": 2.19}}, {"type": "Feature", "geometry": {"type": "Point", "coordinates": [73.902821, 18.588227]}, "properties": {"depth": 1.27}}, {"type": "Feature", "geometry": {"type": "Point", "coordinates": [73.90239, 18.588238]}, "properties": {"depth": 1.71}}, {"type": "Feature", "geometry": {"type": "Point", "coordinates": [73.902689, 18.588248]}, "properties": {"depth": 1.27}}, {"type": "Feature", "geometry": {"type": "Point", "coordinates": [73.902176, 18.588293]}, "properties": {"depth": 2.19}}, {"type": "Feature", "geometry": {"type": "Point", "coordinates": [73.902223, 18.588281]}, "properties": {"depth": 2.19}}, {"type": "Feature", "geometry": {"type": "Point", "coordinates": [73.902828, 18.588298]}, "properties": {"depth": 1.27}}, {"type": "Feature", "geometry": {"type": "Point", "coordinates": [73.902401, 18.588317]}, "properties": {"depth": 1.71}}, {"type": "Feature", "geometry": {"type": "Point", "coordinates": [73.902696, 18.58833]}, "properties": {"depth": 1.27}}, {"type": "Feature", "geometry": {"type": "Point", "coordinates": [73.902822, 18.588393]}, "properties": {"depth": 1.27}}, {"type": "Feature", "geometry": {"type": "Point", "coordinates": [73.902411, 18.588412]}, "properties": {"depth": 1.71}}, {"type": "Feature", "geometry": {"type": "Point", "coordinates": [73.902705, 18.588421]}, "properties": {"depth": 1.27}}, {"type": "Feature", "geometry": {"type": "Point", "coordinates": [73.902536, 18.588813]}, "properties": {"depth": 3.39}}, {"type": "Feature", "geometry": {"type": "Point", "coordinates": [73.90255, 18.588931]}, "properties": {"depth": 3.39}}, {"type": "Feature", "geometry": {"type": "Point", "coordinates": [73.902849, 18.589166]}, "properties": {"depth": 3.12}}, {"type": "Feature", "geometry": {"type": "Point", "coordinates": [73.903323, 18.589224]}, "properties": {"depth": 1.0}}, {"type": "Feature", "geometry": {"type": "Point", "coordinates": [73.902889, 18.589273]}, "properties": {"depth": 3.12}}, {"type": "Feature", "geometry": {"type": "Point", "coordinates": [73.903439, 18.589226]}, "properties": {"depth": 1.0}}, {"type": "Feature", "geometry": {"type": "Point", "coordinates": [73.903382, 18.589231]}, "properties": {"depth": 1.0}}, {"type": "Feature", "geometry": {"type": "Point", "coordinates": [73.90344, 18.589409]}, "properties": {"depth": 0.27}}, {"type": "Feature", "geometry": {"type": "Point", "coordinates": [73.903346, 18.589491]}, "properties": {"depth": 0.27}}, {"type": "Feature", "geometry": {"type": "Point", "coordinates": [73.854766, 18.523169]}, "properties": {"depth": 0.01}}, {"type": "Feature", "geometry": {"type": "Point", "coordinates": [73.852489, 18.531807]}, "properties": {"depth": 0.83}}, {"type": "Feature", "geometry": {"type": "Point", "coordinates": [73.852489, 18.535599]}, "properties": {"depth": 0.24}}, {"type": "Feature", "geometry": {"type": "Point", "coordinates": [73.851887, 18.535705]}, "properties": {"depth": 1.19}}, {"type": "Feature", "geometry": {"type": "Point", "coordinates": [73.852102, 18.535729]}, "properties": {"depth": 1.35}}, {"type": "Feature", "geometry": {"type": "Point", "coordinates": [73.852263, 18.535757]}, "properties": {"depth": 1.35}}, {"type": "Feature", "geometry": {"type": "Point", "coordinates": [73.851867, 18.535878]}, "properties": {"depth": 1.19}}, {"type": "Feature", "geometry": {"type": "Point", "coordinates": [73.852051, 18.535894]}, "properties": {"depth": 1.19}}, {"type": "Feature", "geometry": {"type": "Point", "coordinates": [73.852218, 18.535924]}, "properties": {"depth": 1.35}}, {"type": "Feature", "geometry": {"type": "Point", "coordinates": [73.853061, 18.535706]}, "properties": {"depth": 0.26}}, {"type": "Feature", "geometry": {"type": "Point", "coordinates": [73.853037, 18.535822]}, "properties": {"depth": 0.26}}, {"type": "Feature", "geometry": {"type": "Point", "coordinates": [73.853008, 18.53595]}, "properties": {"depth": 0.26}}, {"type": "Feature", "geometry": {"type": "Point", "coordinates": [73.852613, 18.535979]}, "properties": {"depth": 1.01}}, {"type": "Feature", "geometry": {"type": "Point", "coordinates": [73.852045, 18.536065]}, "properties": {"depth": 1.45}}, {"type": "Feature", "geometry": {"type": "Point", "coordinates": [73.851827, 18.536066]}, "properties": {"depth": 1.45}}, {"type": "Feature", "geometry": {"type": "Point", "coordinates": [73.852197, 18.536103]}, "properties": {"depth": 0.43}}, {"type": "Feature", "geometry": {"type": "Point", "coordinates": [73.852005, 18.536233]}, "properties": {"depth": 1.45}}, {"type": "Feature", "geometry": {"type": "Point", "coordinates": [73.852188, 18.536259]}, "properties": {"depth": 0.75}}, {"type": "Feature", "geometry": {"type": "Point", "coordinates": [73.851859, 18.53639]}, "properties": {"depth": 0.99}}, {"type": "Feature", "geometry": {"type": "Point", "coordinates": [73.852004, 18.53643]}, "properties": {"depth": 0.99}}, {"type": "Feature", "geometry": {"type": "Point", "coordinates": [73.852164, 18.536454]}, "properties": {"depth": 0.75}}, {"type": "Feature", "geometry": {"type": "Point", "coordinates": [73.852401, 18.536175]}, "properties": {"depth": 1.01}}, {"type": "Feature", "geometry": {"type": "Point", "coordinates": [73.852779, 18.536207]}, "properties": {"depth": 1.08}}, {"type": "Feature", "geometry": {"type": "Point", "coordinates": [73.852389, 18.536298]}, "properties": {"depth": 1.27}}, {"type": "Feature", "geometry": {"type": "Point", "coordinates": [73.852579, 18.536314]}, "properties": {"depth": 1.27}}, {"type": "Feature", "geometry": {"type": "Point", "coordinates": [73.852736, 18.536319]}, "properties": {"depth": 1.72}}, {"type": "Feature", "geometry": {"type": "Point", "coordinates": [73.852942, 18.536358]}, "properties": {"depth": 2.02}}, {"type": "Feature", "geometry": {"type": "Point", "coordinates": [73.853133, 18.536378]}, "properties": {"depth": 2.02}}, {"type": "Feature", "geometry": {"type": "Point", "coordinates": [73.85234, 18.536454]}, "properties": {"depth": 0.75}}, {"type": "Feature", "geometry": {"type": "Point", "coordinates": [73.852514, 18.536483]}, "properties": {"depth": 1.27}}, {"type": "Feature", "geometry": {"type": "Point", "coordinates": [73.852725, 18.536521]}, "properties": {"depth": 1.72}}, {"type": "Feature", "geometry": {"type": "Point", "coordinates": [73.853118, 18.536524]}, "properties": {"depth": 2.02}}, {"type": "Feature", "geometry": {"type": "Point", "coordinates": [73.852909, 18.536551]}, "properties": {"depth": 2.87}}, {"type": "Feature", "geometry": {"type": "Point", "coordinates": [73.852337, 18.536588]}, "properties": {"depth": 1.48}}, {"type": "Feature", "geometry": {"type": "Point", "coordinates": [73.852484, 18.536603]}, "properties": {"depth": 2.04}}, {"type": "Feature", "geometry": {"type": "Point", "coordinates": [73.853108, 18.536637]}, "properties": {"depth": 1.36}}, {"type": "Feature", "geometry": {"type": "Point", "coordinates": [73.852711, 18.536671]}, "properties": {"depth": 2.87}}, {"type": "Feature", "geometry": {"type": "Point", "coordinates": [73.853241, 18.535708]}, "properties": {"depth": 3.5}}, {"type": "Feature", "geometry": {"type": "Point", "coordinates": [73.853251, 18.535865]}, "properties": {"depth": 3.5}}, {"type": "Feature", "geometry": {"type": "Point", "coordinates": [73.853243, 18.537419]}, "properties": {"depth": 7.02}}, {"type": "Feature", "geometry": {"type": "Point", "coordinates": [73.853502, 18.53745]}, "properties": {"depth": 10.08}}, {"type": "Feature", "geometry": {"type": "Point", "coordinates": [73.853421, 18.537576]}, "properties": {"depth": 7.02}}, {"type": "Feature", "geometry": {"type": "Point", "coordinates": [73.853344, 18.537605]}, "properties": {"depth": 7.02}}, {"type": "Feature", "geometry": {"type": "Point", "coordinates": [73.853225, 18.537676]}, "properties": {"depth": 6.0}}, {"type": "Feature", "geometry": {"type": "Point", "coordinates": [73.853538, 18.538252]}, "properties": {"depth": 7.7}}, {"type": "Feature", "geometry": {"type": "Point", "coordinates": [73.853566, 18.538432]}, "properties": {"depth": 7.7}}, {"type": "Feature", "geometry": {"type": "Point", "coordinates": [73.852887, 18.536703]}, "properties": {"depth": 2.87}}, {"type": "Feature", "geometry": {"type": "Point", "coordinates": [73.852325, 18.536716]}, "properties": {"depth": 1.48}}, {"type": "Feature", "geometry": {"type": "Point", "coordinates": [73.852488, 18.536761]}, "properties": {"depth": 2.04}}, {"type": "Feature", "geometry": {"type": "Point", "coordinates": [73.853071, 18.536765]}, "properties": {"depth": 1.36}}, {"type": "Feature", "geometry": {"type": "Point", "coordinates": [73.85269, 18.536801]}, "properties": {"depth": 2.87}}, {"type": "Feature", "geometry": {"type": "Point", "coordinates": [73.852863, 18.536853]}, "properties": {"depth": 0.67}}, {"type": "Feature", "geometry": {"type": "Point", "coordinates": [73.853053, 18.536888]}, "properties": {"depth": 0.27}}, {"type": "Feature", "geometry": {"type": "Point", "coordinates": [73.853195, 18.537591]}, "properties": {"depth": 7.02}}, {"type": "Feature", "geometry": {"type": "Point", "coordinates": [73.853007, 18.537743]}, "properties": {"depth": 5.63}}, {"type": "Feature", "geometry": {"type": "Point", "coordinates": [73.852835, 18.537821]}, "properties": {"depth": 2.95}}, {"type": "Feature", "geometry": {"type": "Point", "coordinates": [73.854463, 18.531684]}, "properties": {"depth": 2.8}}, {"type": "Feature", "geometry": {"type": "Point", "coordinates": [73.852161, 18.537717]}, "properties": {"depth": 1.72}}, {"type": "Feature", "geometry": {"type": "Point", "coordinates": [73.852192, 18.537891]}, "properties": {"depth": 1.72}}, {"type": "Feature", "geometry": {"type": "Point", "coordinates": [73.852208, 18.538051]}, "properties": {"depth": 0.7}}, {"type": "Feature", "geometry": {"type": "Point", "coordinates": [73.851833, 18.538136]}, "properties": {"depth": 0.94}}, {"type": "Feature", "geometry": {"type": "Point", "coordinates": [73.851566, 18.538618]}, "properties": {"depth": 0.81}}, {"type": "Feature", "geometry": {"type": "Point", "coordinates": [73.853013, 18.537891]}, "properties": {"depth": 5.63}}, {"type": "Feature", "geometry": {"type": "Point", "coordinates": [73.852648, 18.537919]}, "properties": {"depth": 1.63}}, {"type": "Feature", "geometry": {"type": "Point", "coordinates": [73.852585, 18.538023]}, "properties": {"depth": 1.18}}, {"type": "Feature", "geometry": {"type": "Point", "coordinates": [73.853022, 18.538138]}, "properties": {"depth": 3.09}}, {"type": "Feature", "geometry": {"type": "Point", "coordinates": [73.852658, 18.538193]}, "properties": {"depth": 1.63}}, {"type": "Feature", "geometry": {"type": "Point", "coordinates": [73.852867, 18.538319]}, "properties": {"depth": 1.44}}, {"type": "Feature", "geometry": {"type": "Point", "coordinates": [73.852345, 18.538878]}, "properties": {"depth": 0.91}}, {"type": "Feature", "geometry": {"type": "Point", "coordinates": [73.852351, 18.539048]}, "properties": {"depth": 0.51}}, {"type": "Feature", "geometry": {"type": "Point", "coordinates": [73.852935, 18.539501]}, "properties": {"depth": 3.09}}, {"type": "Feature", "geometry": {"type": "Point", "coordinates": [73.852128, 18.539591]}, "properties": {"depth": 1.03}}, {"type": "Feature", "geometry": {"type": "Point", "coordinates": [73.852236, 18.53982]}, "properties": {"depth": 1.03}}, {"type": "Feature", "geometry": {"type": "Point", "coordinates": [73.85209, 18.539832]}, "properties": {"depth": 1.03}}, {"type": "Feature", "geometry": {"type": "Point", "coordinates": [73.851929, 18.539841]}, "properties": {"depth": 0.12}}, {"type": "Feature", "geometry": {"type": "Point", "coordinates": [73.852616, 18.539519]}, "properties": {"depth": 0.11}}, {"type": "Feature", "geometry": {"type": "Point", "coordinates": [73.852422, 18.539535]}, "properties": {"depth": 0.11}}, {"type": "Feature", "geometry": {"type": "Point", "coordinates": [73.852989, 18.539761]}, "properties": {"depth": 2.65}}, {"type": "Feature", "geometry": {"type": "Point", "coordinates": [73.852944, 18.540101]}, "properties": {"depth": 1.23}}, {"type": "Feature", "geometry": {"type": "Point", "coordinates": [73.853413, 18.538476]}, "properties": {"depth": 5.57}}, {"type": "Feature", "geometry": {"type": "Point", "coordinates": [73.853488, 18.53851]}, "properties": {"depth": 8.04}}, {"type": "Feature", "geometry": {"type": "Point", "coordinates": [73.853434, 18.538609]}, "properties": {"depth": 5.57}}, {"type": "Feature", "geometry": {"type": "Point", "coordinates": [73.85629, 18.530689]}, "properties": {"depth": 0.52}}, {"type": "Feature", "geometry": {"type": "Point", "coordinates": [73.85626, 18.530967]}, "properties": {"depth": 3.72}}, {"type": "Feature", "geometry": {"type": "Point", "coordinates": [73.851982, 18.536605]}, "properties": {"depth": 1.39}}, {"type": "Feature", "geometry": {"type": "Point", "coordinates": [73.852106, 18.536617]}, "properties": {"depth": 1.48}}, {"type": "Feature", "geometry": {"type": "Point", "coordinates": [73.851885, 18.537095]}, "properties": {"depth": 0.34}}, {"type": "Feature", "geometry": {"type": "Point", "coordinates": [73.867101, 18.582293]}, "properties": {"depth": 4.07}}, {"type": "Feature", "geometry": {"type": "Point", "coordinates": [73.861617, 18.585354]}, "properties": {"depth": 3.33}}, {"type": "Feature", "geometry": {"type": "Point", "coordinates": [73.86174, 18.585387]}, "properties": {"depth": 3.33}}, {"type": "Feature", "geometry": {"type": "Point", "coordinates": [73.861846, 18.585386]}, "properties": {"depth": 3.89}}, {"type": "Feature", "geometry": {"type": "Point", "coordinates": [73.861738, 18.585475]}, "properties": {"depth": 2.65}}, {"type": "Feature", "geometry": {"type": "Point", "coordinates": [73.861211, 18.586598]}, "properties": {"depth": 3.11}}, {"type": "Feature", "geometry": {"type": "Point", "coordinates": [73.863001, 18.585316]}, "properties": {"depth": 1.64}}, {"type": "Feature", "geometry": {"type": "Point", "coordinates": [73.862597, 18.58549]}, "properties": {"depth": 2.24}}, {"type": "Feature", "geometry": {"type": "Point", "coordinates": [73.863608, 18.585529]}, "properties": {"depth": 1.93}}, {"type": "Feature", "geometry": {"type": "Point", "coordinates": [73.863431, 18.585556]}, "properties": {"depth": 1.69}}, {"type": "Feature", "geometry": {"type": "Point", "coordinates": [73.862628, 18.585597]}, "properties": {"depth": 2.24}}, {"type": "Feature", "geometry": {"type": "Point", "coordinates": [73.863081, 18.585682]}, "properties": {"depth": 0.89}}, {"type": "Feature", "geometry": {"type": "Point", "coordinates": [73.861575, 18.585475]}, "properties": {"depth": 2.65}}, {"type": "Feature", "geometry": {"type": "Point", "coordinates": [73.862392, 18.585498]}, "properties": {"depth": 2.24}}, {"type": "Feature", "geometry": {"type": "Point", "coordinates": [73.862205, 18.585539]}, "properties": {"depth": 2.35}}, {"type": "Feature", "geometry": {"type": "Point", "coordinates": [73.86177, 18.585568]}, "properties": {"depth": 2.65}}, {"type": "Feature", "geometry": {"type": "Point", "coordinates": [73.861964, 18.585578]}, "properties": {"depth": 2.92}}, {"type": "Feature", "geometry": {"type": "Point", "coordinates": [73.861513, 18.585626]}, "properties": {"depth": 3.09}}, {"type": "Feature", "geometry": {"type": "Point", "coordinates": [73.86238, 18.585632]}, "properties": {"depth": 2.24}}, {"type": "Feature", "geometry": {"type": "Point", "coordinates": [73.862223, 18.585642]}, "properties": {"depth": 2.35}}, {"type": "Feature", "geometry": {"type": "Point", "coordinates": [73.861763, 18.585647]}, "properties": {"depth": 2.65}}, {"type": "Feature", "geometry": {"type": "Point", "coordinates": [73.862359, 18.585705]}, "properties": {"depth": 1.45}}, {"type": "Feature", "geometry": {"type": "Point", "coordinates": [73.863565, 18.585286]}, "properties": {"depth": 3.29}}, {"type": "Feature", "geometry": {"type": "Point", "coordinates": [73.86339, 18.585313]}, "properties": {"depth": 2.35}}, {"type": "Feature", "geometry": {"type": "Point", "coordinates": [73.863829, 18.588057]}, "properties": {"depth": 1.49}}, {"type": "Feature", "geometry": {"type": "Point", "coordinates": [73.865758, 18.583699]}, "properties": {"depth": 2.2}}, {"type": "Feature", "geometry": {"type": "Point", "coordinates": [73.86591, 18.583845]}, "properties": {"depth": 1.66}}, {"type": "Feature", "geometry": {"type": "Point", "coordinates": [73.866774, 18.584591]}, "properties": {"depth": 4.43}}, {"type": "Feature", "geometry": {"type": "Point", "coordinates": [73.865902, 18.586548]}, "properties": {"depth": 6.2}}, {"type": "Feature", "geometry": {"type": "Point", "coordinates": [73.865597, 18.587361]}, "properties": {"depth": 7.37}}, {"type": "Feature", "geometry": {"type": "Point", "coordinates": [73.866119, 18.587842]}, "properties": {"depth": 5.96}}, {"type": "Feature", "geometry": {"type": "Point", "coordinates": [73.866601, 18.588268]}, "properties": {"depth": 2.9}}, {"type": "Feature", "geometry": {"type": "Point", "coordinates": [73.866671, 18.588738]}, "properties": {"depth": 1.7}}, {"type": "Feature", "geometry": {"type": "Point", "coordinates": [73.861757, 18.585721]}, "properties": {"depth": 1.9}}, {"type": "Feature", "geometry": {"type": "Point", "coordinates": [73.86215, 18.58578]}, "properties": {"depth": 1.45}}, {"type": "Feature", "geometry": {"type": "Point", "coordinates": [73.861745, 18.585816]}, "properties": {"depth": 1.9}}, {"type": "Feature", "geometry": {"type": "Point", "coordinates": [73.862346, 18.585823]}, "properties": {"depth": 1.45}}, {"type": "Feature", "geometry": {"type": "Point", "coordinates": [73.862181, 18.585876]}, "properties": {"depth": 1.45}}, {"type": "Feature", "geometry": {"type": "Point", "coordinates": [73.861862, 18.585923]}, "properties": {"depth": 1.51}}, {"type": "Feature", "geometry": {"type": "Point", "coordinates": [73.861963, 18.58594]}, "properties": {"depth": 1.51}}, {"type": "Feature", "geometry": {"type": "Point", "coordinates": [73.862165, 18.585944]}, "properties": {"depth": 1.45}}, {"type": "Feature", "geometry": {"type": "Point", "coordinates": [73.862335, 18.585949]}, "properties": {"depth": 1.45}}, {"type": "Feature", "geometry": {"type": "Point", "coordinates": [73.862613, 18.585762]}, "properties": {"depth": 1.43}}, {"type": "Feature", "geometry": {"type": "Point", "coordinates": [73.862586, 18.585827]}, "properties": {"depth": 1.43}}, {"type": "Feature", "geometry": {"type": "Point", "coordinates": [73.862581, 18.585894]}, "properties": {"depth": 1.43}}, {"type": "Feature", "geometry": {"type": "Point", "coordinates": [73.861465, 18.586012]}, "properties": {"depth": 3.5}}, {"type": "Feature", "geometry": {"type": "Point", "coordinates": [73.86145, 18.586095]}, "properties": {"depth": 3.5}}, {"type": "Feature", "geometry": {"type": "Point", "coordinates": [73.861474, 18.586204]}, "properties": {"depth": 3.5}}, {"type": "Feature", "geometry": {"type": "Point", "coordinates": [73.86294, 18.586303]}, "properties": {"depth": 0.51}}, {"type": "Feature", "geometry": {"type": "Point", "coordinates": [73.862949, 18.586392]}, "properties": {"depth": 0.51}}, {"type": "Feature", "geometry": {"type": "Point", "coordinates": [73.862918, 18.586478]}, "properties": {"depth": 0.51}}, {"type": "Feature", "geometry": {"type": "Point", "coordinates": [73.861138, 18.586599]}, "properties": {"depth": 3.11}}, {"type": "Feature", "geometry": {"type": "Point", "coordinates": [73.861188, 18.586718]}, "properties": {"depth": 3.11}}, {"type": "Feature", "geometry": {"type": "Point", "coordinates": [73.860579, 18.586774]}, "properties": {"depth": 3.34}}, {"type": "Feature", "geometry": {"type": "Point", "coordinates": [73.861203, 18.586785]}, "properties": {"depth": 3.11}}, {"type": "Feature", "geometry": {"type": "Point", "coordinates": [73.860927, 18.586889]}, "properties": {"depth": 1.93}}, {"type": "Feature", "geometry": {"type": "Point", "coordinates": [73.860546, 18.586888]}, "properties": {"depth": 2.28}}, {"type": "Feature", "geometry": {"type": "Point", "coordinates": [73.861165, 18.586984]}, "properties": {"depth": 1.94}}, {"type": "Feature", "geometry": {"type": "Point", "coordinates": [73.860516, 18.587006]}, "properties": {"depth": 2.28}}, {"type": "Feature", "geometry": {"type": "Point", "coordinates": [73.860895, 18.587035]}, "properties": {"depth": 1.93}}, {"type": "Feature", "geometry": {"type": "Point", "coordinates": [73.860758, 18.587054]}, "properties": {"depth": 1.93}}, {"type": "Feature", "geometry": {"type": "Point", "coordinates": [73.860242, 18.587057]}, "properties": {"depth": 5.01}}, {"type": "Feature", "geometry": {"type": "Point", "coordinates": [73.863515, 18.587805]}, "properties": {"depth": 0.25}}, {"type": "Feature", "geometry": {"type": "Point", "coordinates": [73.863585, 18.58781]}, "properties": {"depth": 0.25}}, {"type": "Feature", "geometry": {"type": "Point", "coordinates": [73.863677, 18.587831]}, "properties": {"depth": 0.25}}, {"type": "Feature", "geometry": {"type": "Point", "coordinates": [73.863787, 18.588575]}, "properties": {"depth": 0.73}}, {"type": "Feature", "geometry": {"type": "Point", "coordinates": [73.867626, 18.583951]}, "properties": {"depth": 0.19}}, {"type": "Feature", "geometry": {"type": "Point", "coordinates": [73.899707, 18.588684]}, "properties": {"depth": 1.17}}, {"type": "Feature", "geometry": {"type": "Point", "coordinates": [73.899609, 18.588687]}, "properties": {"depth": 1.17}}, {"type": "Feature", "geometry": {"type": "Point", "coordinates": [73.901459, 18.587147]}, "properties": {"depth": 2.7}}, {"type": "Feature", "geometry": {"type": "Point", "coordinates": [73.901506, 18.587305]}, "properties": {"depth": 2.7}}, {"type": "Feature", "geometry": {"type": "Point", "coordinates": [73.901436, 18.58731]}, "properties": {"depth": 2.7}}, {"type": "Feature", "geometry": {"type": "Point", "coordinates": [73.900406, 18.589358]}, "properties": {"depth": 0.15}}, {"type": "Feature", "geometry": {"type": "Point", "coordinates": [73.900311, 18.58936]}, "properties": {"depth": 0.15}}, {"type": "Feature", "geometry": {"type": "Point", "coordinates": [73.899532, 18.588691]}, "properties": {"depth": 0.37}}, {"type": "Feature", "geometry": {"type": "Point", "coordinates": [73.899373, 18.588707]}, "properties": {"depth": 0.37}}, {"type": "Feature", "geometry": {"type": "Point", "coordinates": [73.899174, 18.58871]}, "properties": {"depth": 0.41}}, {"type": "Feature", "geometry": {"type": "Point", "coordinates": [73.90021, 18.589363]}, "properties": {"depth": 0.15}}, {"type": "Feature", "geometry": {"type": "Point", "coordinates": [73.900195, 18.589502]}, "properties": {"depth": 0.15}}, {"type": "Feature", "geometry": {"type": "Point", "coordinates": [73.900285, 18.589495]}, "properties": {"depth": 0.15}}, {"type": "Feature", "geometry": {"type": "Point", "coordinates": [73.900826, 18.589546]}, "properties": {"depth": 4.75}}, {"type": "Feature", "geometry": {"type": "Point", "coordinates": [73.900409, 18.589571]}, "properties": {"depth": 0.15}}, {"type": "Feature", "geometry": {"type": "Point", "coordinates": [73.90908, 18.605425]}, "properties": {"depth": 6.6}}, {"type": "Feature", "geometry": {"type": "Point", "coordinates": [73.909335, 18.605553]}, "properties": {"depth": 4.52}}, {"type": "Feature", "geometry": {"type": "Point", "coordinates": [73.909901, 18.605718]}, "properties": {"depth": 4.02}}, {"type": "Feature", "geometry": {"type": "Point", "coordinates": [73.909358, 18.605723]}, "properties": {"depth": 4.49}}, {"type": "Feature", "geometry": {"type": "Point", "coordinates": [73.909495, 18.605729]}, "properties": {"depth": 4.49}}, {"type": "Feature", "geometry": {"type": "Point", "coordinates": [73.909055, 18.605949]}, "properties": {"depth": 5.68}}, {"type": "Feature", "geometry": {"type": "Point", "coordinates": [73.909563, 18.606456]}, "properties": {"depth": 3.95}}, {"type": "Feature", "geometry": {"type": "Point", "coordinates": [73.907682, 18.606208]}, "properties": {"depth": 7.06}}, {"type": "Feature", "geometry": {"type": "Point", "coordinates": [73.907188, 18.606237]}, "properties": {"depth": 5.65}}, {"type": "Feature", "geometry": {"type": "Point", "coordinates": [73.908193, 18.606557]}, "properties": {"depth": 8.92}}, {"type": "Feature", "geometry": {"type": "Point", "coordinates": [73.907567, 18.608214]}, "properties": {"depth": 7.12}}, {"type": "Feature", "geometry": {"type": "Point", "coordinates": [73.907085, 18.609154]}, "properties": {"depth": 7.5}}, {"type": "Feature", "geometry": {"type": "Point", "coordinates": [73.906877, 18.60975]}, "properties": {"depth": 5.92}}, {"type": "Feature", "geometry": {"type": "Point", "coordinates": [73.907526, 18.609888]}, "properties": {"depth": 5.28}}, {"type": "Feature", "geometry": {"type": "Point", "coordinates": [73.907411, 18.610367]}, "properties": {"depth": 4.29}}, {"type": "Feature", "geometry": {"type": "Point", "coordinates": [73.907417, 18.610651]}, "properties": {"depth": 3.19}}, {"type": "Feature", "geometry": {"type": "Point", "coordinates": [73.90744, 18.610806]}, "properties": {"depth": 2.24}}, {"type": "Feature", "geometry": {"type": "Point", "coordinates": [73.908644, 18.606507]}, "properties": {"depth": 8.49}}, {"type": "Feature", "geometry": {"type": "Point", "coordinates": [73.909554, 18.60676]}, "properties": {"depth": 2.45}}, {"type": "Feature", "geometry": {"type": "Point", "coordinates": [73.90909, 18.606782]}, "properties": {"depth": 0.78}}, {"type": "Feature", "geometry": {"type": "Point", "coordinates": [73.90973, 18.609012]}, "properties": {"depth": 5.14}}, {"type": "Feature", "geometry": {"type": "Point", "coordinates": [73.909378, 18.609094]}, "properties": {"depth": 5.68}}, {"type": "Feature", "geometry": {"type": "Point", "coordinates": [73.908996, 18.609185]}, "properties": {"depth": 6.98}}, {"type": "Feature", "geometry": {"type": "Point", "coordinates": [73.908675, 18.6102]}, "properties": {"depth": 4.17}}, {"type": "Feature", "geometry": {"type": "Point", "coordinates": [73.934948, 18.603849]}, "properties": {"depth": 5.19}}, {"type": "Feature", "geometry": {"type": "Point", "coordinates": [73.934473, 18.603915]}, "properties": {"depth": 2.82}}, {"type": "Feature", "geometry": {"type": "Point", "coordinates": [73.93461, 18.604003]}, "properties": {"depth": 4.41}}, {"type": "Feature", "geometry": {"type": "Point", "coordinates": [73.933528, 18.603776]}, "properties": {"depth": 0.29}}, {"type": "Feature", "geometry": {"type": "Point", "coordinates": [73.932922, 18.603917]}, "properties": {"depth": 1.81}}, {"type": "Feature", "geometry": {"type": "Point", "coordinates": [73.932649, 18.60385]}, "properties": {"depth": 1.24}}, {"type": "Feature", "geometry": {"type": "Point", "coordinates": [73.932399, 18.604121]}, "properties": {"depth": 1.33}}, {"type": "Feature", "geometry": {"type": "Point", "coordinates": [73.932182, 18.604123]}, "properties": {"depth": 0.05}}, {"type": "Feature", "geometry": {"type": "Point", "coordinates": [73.931733, 18.604355]}, "properties": {"depth": 0.33}}, {"type": "Feature", "geometry": {"type": "Point", "coordinates": [73.932688, 18.604418]}, "properties": {"depth": 1.37}}, {"type": "Feature", "geometry": {"type": "Point", "coordinates": [73.931625, 18.604478]}, "properties": {"depth": 0.33}}, {"type": "Feature", "geometry": {"type": "Point", "coordinates": [73.93429, 18.603968]}, "properties": {"depth": 0.47}}, {"type": "Feature", "geometry": {"type": "Point", "coordinates": [73.934083, 18.603997]}, "properties": {"depth": 0.47}}, {"type": "Feature", "geometry": {"type": "Point", "coordinates": [73.933327, 18.60406]}, "properties": {"depth": 0.92}}, {"type": "Feature", "geometry": {"type": "Point", "coordinates": [73.933439, 18.604059]}, "properties": {"depth": 0.92}}, {"type": "Feature", "geometry": {"type": "Point", "coordinates": [73.933104, 18.60409]}, "properties": {"depth": 2.43}}, {"type": "Feature", "geometry": {"type": "Point", "coordinates": [73.932846, 18.604118]}, "properties": {"depth": 1.3}}, {"type": "Feature", "geometry": {"type": "Point", "coordinates": [73.934286, 18.604185]}, "properties": {"depth": 0.2}}, {"type": "Feature", "geometry": {"type": "Point", "coordinates": [73.934094, 18.604281]}, "properties": {"depth": 0.2}}, {"type": "Feature", "geometry": {"type": "Point", "coordinates": [73.934505, 18.604177]}, "properties": {"depth": 3.16}}, {"type": "Feature", "geometry": {"type": "Point", "coordinates": [73.934903, 18.604211]}, "properties": {"depth": 6.4}}, {"type": "Feature", "geometry": {"type": "Point", "coordinates": [73.934999, 18.604272]}, "properties": {"depth": 6.4}}, {"type": "Feature", "geometry": {"type": "Point", "coordinates": [73.934639, 18.604298]}, "properties": {"depth": 4.22}}, {"type": "Feature", "geometry": {"type": "Point", "coordinates": [73.934763, 18.604302]}, "properties": {"depth": 4.22}}, {"type": "Feature", "geometry": {"type": "Point", "coordinates": [73.935231, 18.604383]}, "properties": {"depth": 6.65}}, {"type": "Feature", "geometry": {"type": "Point", "coordinates": [73.935413, 18.604403]}, "properties": {"depth": 6.65}}, {"type": "Feature", "geometry": {"type": "Point", "coordinates": [73.935141, 18.604452]}, "properties": {"depth": 6.65}}, {"type": "Feature", "geometry": {"type": "Point", "coordinates": [73.934545, 18.604462]}, "properties": {"depth": 3.25}}, {"type": "Feature", "geometry": {"type": "Point", "coordinates": [73.935017, 18.604467]}, "properties": {"depth": 5.81}}, {"type": "Feature", "geometry": {"type": "Point", "coordinates": [73.935539, 18.604472]}, "properties": {"depth": 8.61}}, {"type": "Feature", "geometry": {"type": "Point", "coordinates": [73.935153, 18.604515]}, "properties": {"depth": 6.65}}, {"type": "Feature", "geometry": {"type": "Point", "coordinates": [73.935556, 18.60455]}, "properties": {"depth": 8.61}}, {"type": "Feature", "geometry": {"type": "Point", "coordinates": [73.935426, 18.604548]}, "properties": {"depth": 8.61}}, {"type": "Feature", "geometry": {"type": "Point", "coordinates": [73.935732, 18.60456]}, "properties": {"depth": 8.86}}, {"type": "Feature", "geometry": {"type": "Point", "coordinates": [73.934667, 18.604565]}, "properties": {"depth": 4.38}}, {"type": "Feature", "geometry": {"type": "Point", "coordinates": [73.934775, 18.60457]}, "properties": {"depth": 4.38}}, {"type": "Feature", "geometry": {"type": "Point", "coordinates": [73.934497, 18.604594]}, "properties": {"depth": 3.73}}, {"type": "Feature", "geometry": {"type": "Point", "coordinates": [73.934936, 18.6046]}, "properties": {"depth": 6.71}}, {"type": "Feature", "geometry": {"type": "Point", "coordinates": [73.935166, 18.604604]}, "properties": {"depth": 7.13}}, {"type": "Feature", "geometry": {"type": "Point", "coordinates": [73.9343, 18.604338]}, "properties": {"depth": 2.66}}, {"type": "Feature", "geometry": {"type": "Point", "coordinates": [73.933446, 18.604349]}, "properties": {"depth": 0.72}}, {"type": "Feature", "geometry": {"type": "Point", "coordinates": [73.933095, 18.604363]}, "properties": {"depth": 2.11}}, {"type": "Feature", "geometry": {"type": "Point", "coordinates": [73.932957, 18.60437]}, "properties": {"depth": 2.11}}, {"type": "Feature", "geometry": {"type": "Point", "coordinates": [73.9328, 18.604384]}, "properties": {"depth": 1.37}}, {"type": "Feature", "geometry": {"type": "Point", "coordinates": [73.934285, 18.604424]}, "properties": {"depth": 2.66}}, {"type": "Feature", "geometry": {"type": "Point", "coordinates": [73.934316, 18.604722]}, "properties": {"depth": 3.73}}, {"type": "Feature", "geometry": {"type": "Point", "coordinates": [73.934193, 18.604805]}, "properties": {"depth": 3.5}}, {"type": "Feature", "geometry": {"type": "Point", "coordinates": [73.934081, 18.604822]}, "properties": {"depth": 3.5}}, {"type": "Feature", "geometry": {"type": "Point", "coordinates": [73.934316, 18.604838]}, "properties": {"depth": 3.73}}, {"type": "Feature", "geometry": {"type": "Point", "coordinates": [73.931048, 18.604332]}, "properties": {"depth": 1.95}}, {"type": "Feature", "geometry": {"type": "Point", "coordinates": [73.930847, 18.604385]}, "properties": {"depth": 2.72}}, {"type": "Feature", "geometry": {"type": "Point", "coordinates": [73.931031, 18.604691]}, "properties": {"depth": 1.24}}, {"type": "Feature", "geometry": {"type": "Point", "coordinates": [73.93091, 18.604699]}, "properties": {"depth": 1.61}}, {"type": "Feature", "geometry": {"type": "Point", "coordinates": [73.931365, 18.604817]}, "properties": {"depth": 1.97}}, {"type": "Feature", "geometry": {"type": "Point", "coordinates": [73.931176, 18.604824]}, "properties": {"depth": 1.24}}, {"type": "Feature", "geometry": {"type": "Point", "coordinates": [73.931404, 18.605042]}, "properties": {"depth": 0.97}}, {"type": "Feature", "geometry": {"type": "Point", "coordinates": [73.935559, 18.60463]}, "properties": {"depth": 8.34}}, {"type": "Feature", "geometry": {"type": "Point", "coordinates": [73.935737, 18.604633]}, "properties": {"depth": 9.65}}, {"type": "Feature", "geometry": {"type": "Point", "coordinates": [73.935435, 18.604651]}, "properties": {"depth": 8.34}}, {"type": "Feature", "geometry": {"type": "Point", "coordinates": [73.934782, 18.604673]}, "properties": {"depth": 4.28}}, {"type": "Feature", "geometry": {"type": "Point", "coordinates": [73.935286, 18.604679]}, "properties": {"depth": 7.13}}, {"type": "Feature", "geometry": {"type": "Point", "coordinates": [73.934932, 18.604698]}, "properties": {"depth": 6.71}}, {"type": "Feature", "geometry": {"type": "Point", "coordinates": [73.935032, 18.604702]}, "properties": {"depth": 6.71}}, {"type": "Feature", "geometry": {"type": "Point", "coordinates": [73.934512, 18.604706]}, "properties": {"depth": 3.73}}, {"type": "Feature", "geometry": {"type": "Point", "coordinates": [73.934613, 18.604725]}, "properties": {"depth": 4.28}}, {"type": "Feature", "geometry": {"type": "Point", "coordinates": [73.93545, 18.604749]}, "properties": {"depth": 8.34}}, {"type": "Feature", "geometry": {"type": "Point", "coordinates": [73.935765, 18.604796]}, "properties": {"depth": 9.65}}, {"type": "Feature", "geometry": {"type": "Point", "coordinates": [73.935045, 18.604799]}, "properties": {"depth": 6.71}}, {"type": "Feature", "geometry": {"type": "Point", "coordinates": [73.935275, 18.604804]}, "properties": {"depth": 7.13}}, {"type": "Feature", "geometry": {"type": "Point", "coordinates": [73.934792, 18.604807]}, "properties": {"depth": 4.28}}, {"type": "Feature", "geometry": {"type": "Point", "coordinates": [73.93495, 18.604808]}, "properties": {"depth": 6.71}}, {"type": "Feature", "geometry": {"type": "Point", "coordinates": [73.934506, 18.604846]}, "properties": {"depth": 3.73}}, {"type": "Feature", "geometry": {"type": "Point", "coordinates": [73.934952, 18.604932]}, "properties": {"depth": 6.3}}, {"type": "Feature", "geometry": {"type": "Point", "coordinates": [73.935293, 18.604936]}, "properties": {"depth": 6.38}}, {"type": "Feature", "geometry": {"type": "Point", "coordinates": [73.935601, 18.604968]}, "properties": {"depth": 7.88}}, {"type": "Feature", "geometry": {"type": "Point", "coordinates": [73.935063, 18.604985]}, "properties": {"depth": 6.3}}, {"type": "Feature", "geometry": {"type": "Point", "coordinates": [73.933646, 18.604837]}, "properties": {"depth": 2.82}}, {"type": "Feature", "geometry": {"type": "Point", "coordinates": [73.933595, 18.604839]}, "properties": {"depth": 2.82}}, {"type": "Feature", "geometry": {"type": "Point", "coordinates": [73.933486, 18.604879]}, "properties": {"depth": 2.68}}, {"type": "Feature", "geometry": {"type": "Point", "coordinates": [73.933705, 18.604902]}, "properties": {"depth": 2.68}}, {"type": "Feature", "geometry": {"type": "Point", "coordinates": [73.933413, 18.604908]}, "properties": {"depth": 1.53}}, {"type": "Feature", "geometry": {"type": "Point", "coordinates": [73.933599, 18.604912]}, "properties": {"depth": 2.68}}, {"type": "Feature", "geometry": {"type": "Point", "coordinates": [73.932872, 18.604911]}, "properties": {"depth": 2.09}}, {"type": "Feature", "geometry": {"type": "Point", "coordinates": [73.932999, 18.604929]}, "properties": {"depth": 1.69}}, {"type": "Feature", "geometry": {"type": "Point", "coordinates": [73.93312, 18.604942]}, "properties": {"depth": 1.69}}, {"type": "Feature", "geometry": {"type": "Point", "coordinates": [73.934007, 18.605024]}, "properties": {"depth": 2.09}}, {"type": "Feature", "geometry": {"type": "Point", "coordinates": [73.934647, 18.604989]}, "properties": {"depth": 5.26}}, {"type": "Feature", "geometry": {"type": "Point", "coordinates": [73.935211, 18.605016]}, "properties": {"depth": 6.38}}, {"type": "Feature", "geometry": {"type": "Point", "coordinates": [73.934562, 18.605018]}, "properties": {"depth": 3.72}}, {"type": "Feature", "geometry": {"type": "Point", "coordinates": [73.934409, 18.60502]}, "properties": {"depth": 3.72}}, {"type": "Feature", "geometry": {"type": "Point", "coordinates": [73.934332, 18.605028]}, "properties": {"depth": 3.72}}, {"type": "Feature", "geometry": {"type": "Point", "coordinates": [73.934494, 18.605032]}, "properties": {"depth": 3.72}}, {"type": "Feature", "geometry": {"type": "Point", "coordinates": [73.935822, 18.605052]}, "properties": {"depth": 9.11}}, {"type": "Feature", "geometry": {"type": "Point", "coordinates": [73.935327, 18.605069]}, "properties": {"depth": 6.38}}, {"type": "Feature", "geometry": {"type": "Point", "coordinates": [73.935213, 18.605078]}, "properties": {"depth": 6.38}}, {"type": "Feature", "geometry": {"type": "Point", "coordinates": [73.935078, 18.605137]}, "properties": {"depth": 6.3}}, {"type": "Feature", "geometry": {"type": "Point", "coordinates": [73.93416, 18.605045]}, "properties": {"depth": 2.92}}, {"type": "Feature", "geometry": {"type": "Point", "coordinates": [73.934244, 18.605045]}, "properties": {"depth": 2.92}}, {"type": "Feature", "geometry": {"type": "Point", "coordinates": [73.933803, 18.605045]}, "properties": {"depth": 2.09}}, {"type": "Feature", "geometry": {"type": "Point", "coordinates": [73.9341, 18.60505]}, "properties": {"depth": 2.92}}, {"type": "Feature", "geometry": {"type": "Point", "coordinates": [73.933749, 18.605048]}, "properties": {"depth": 2.68}}, {"type": "Feature", "geometry": {"type": "Point", "coordinates": [73.933925, 18.605058]}, "properties": {"depth": 2.09}}, {"type": "Feature", "geometry": {"type": "Point", "coordinates": [73.933669, 18.605066]}, "properties": {"depth": 2.68}}, {"type": "Feature", "geometry": {"type": "Point", "coordinates": [73.933313, 18.605145]}, "properties": {"depth": 2.87}}, {"type": "Feature", "geometry": {"type": "Point", "coordinates": [73.933447, 18.605147]}, "properties": {"depth": 2.87}}, {"type": "Feature", "geometry": {"type": "Point", "coordinates": [73.93316, 18.605165]}, "properties": {"depth": 1.37}}, {"type": "Feature", "geometry": {"type": "Point", "coordinates": [73.931762, 18.60459]}, "properties": {"depth": 0.81}}, {"type": "Feature", "geometry": {"type": "Point", "coordinates": [73.932017, 18.604606]}, "properties": {"depth": 1.31}}, {"type": "Feature", "geometry": {"type": "Point", "coordinates": [73.931542, 18.604607]}, "properties": {"depth": 0.81}}, {"type": "Feature", "geometry": {"type": "Point", "coordinates": [73.931881, 18.604782]}, "properties": {"depth": 1.31}}, {"type": "Feature", "geometry": {"type": "Point", "coordinates": [73.931564, 18.604849]}, "properties": {"depth": 0.81}}, {"type": "Feature", "geometry": {"type": "Point", "coordinates": [73.932722, 18.605186]}, "properties": {"depth": 1.71}}, {"type": "Feature", "geometry": {"type": "Point", "coordinates": [73.932629, 18.605636]}, "properties": {"depth": 2.21}}, {"type": "Feature", "geometry": {"type": "Point", "coordinates": [73.932429, 18.60572]}, "properties": {"depth": 2.56}}, {"type": "Feature", "geometry": {"type": "Point", "coordinates": [73.935495, 18.605166]}, "properties": {"depth": 8.07}}, {"type": "Feature", "geometry": {"type": "Point", "coordinates": [73.934383, 18.60517]}, "properties": {"depth": 4.78}}, {"type": "Feature", "geometry": {"type": "Point", "coordinates": [73.934788, 18.605188]}, "properties": {"depth": 5.26}}, {"type": "Feature", "geometry": {"type": "Point", "coordinates": [73.935078, 18.605202]}, "properties": {"depth": 6.86}}, {"type": "Feature", "geometry": {"type": "Point", "coordinates": [73.935235, 18.605209]}, "properties": {"depth": 6.96}}, {"type": "Feature", "geometry": {"type": "Point", "coordinates": [73.93457, 18.605213]}, "properties": {"depth": 4.78}}, {"type": "Feature", "geometry": {"type": "Point", "coordinates": [73.934969, 18.605227]}, "properties": {"depth": 6.86}}, {"type": "Feature", "geometry": {"type": "Point", "coordinates": [73.934384, 18.605225]}, "properties": {"depth": 4.78}}, {"type": "Feature", "geometry": {"type": "Point", "coordinates": [73.935085, 18.605277]}, "properties": {"depth": 6.86}}, {"type": "Feature", "geometry": {"type": "Point", "coordinates": [73.934564, 18.605291]}, "properties": {"depth": 4.78}}, {"type": "Feature", "geometry": {"type": "Point", "coordinates": [73.932876, 18.605197]}, "properties": {"depth": 1.71}}, {"type": "Feature", "geometry": {"type": "Point", "coordinates": [73.932809, 18.605202]}, "properties": {"depth": 1.71}}, {"type": "Feature", "geometry": {"type": "Point", "coordinates": [73.933878, 18.605219]}, "properties": {"depth": 3.77}}, {"type": "Feature", "geometry": {"type": "Point", "coordinates": [73.934062, 18.605234]}, "properties": {"depth": 4.13}}, {"type": "Feature", "geometry": {"type": "Point", "coordinates": [73.934229, 18.605243]}, "properties": {"depth": 4.13}}, {"type": "Feature", "geometry": {"type": "Point", "coordinates": [73.934234, 18.605304]}, "properties": {"depth": 4.13}}, {"type": "Feature", "geometry": {"type": "Point", "coordinates": [73.934063, 18.605312]}, "properties": {"depth": 4.13}}, {"type": "Feature", "geometry": {"type": "Point", "coordinates": [73.933215, 18.60533]}, "properties": {"depth": 2.87}}, {"type": "Feature", "geometry": {"type": "Point", "coordinates": [73.934253, 18.60538]}, "properties": {"depth": 4.13}}, {"type": "Feature", "geometry": {"type": "Point", "coordinates": [73.933903, 18.605437]}, "properties": {"depth": 4.02}}, {"type": "Feature", "geometry": {"type": "Point", "coordinates": [73.934957, 18.605296]}, "properties": {"depth": 6.86}}, {"type": "Feature", "geometry": {"type": "Point", "coordinates": [73.9348, 18.605296]}, "properties": {"depth": 5.26}}, {"type": "Feature", "geometry": {"type": "Point", "coordinates": [73.93551, 18.605318]}, "properties": {"depth": 8.07}}, {"type": "Feature", "geometry": {"type": "Point", "coordinates": [73.93536, 18.605334]}, "properties": {"depth": 6.96}}, {"type": "Feature", "geometry": {"type": "Point", "coordinates": [73.934383, 18.605335]}, "properties": {"depth": 4.78}}, {"type": "Feature", "geometry": {"type": "Point", "coordinates": [73.934799, 18.605399]}, "properties": {"depth": 5.26}}, {"type": "Feature", "geometry": {"type": "Point", "coordinates": [73.935244, 18.605404]}, "properties": {"depth": 6.96}}, {"type": "Feature", "geometry": {"type": "Point", "coordinates": [73.9351, 18.605431]}, "properties": {"depth": 6.57}}, {"type": "Feature", "geometry": {"type": "Point", "coordinates": [73.935253, 18.6055]}, "properties": {"depth": 6.42}}, {"type": "Feature", "geometry": {"type": "Point", "coordinates": [73.934982, 18.605514]}, "properties": {"depth": 6.57}}, {"type": "Feature", "geometry": {"type": "Point", "coordinates": [73.935675, 18.60553]}, "properties": {"depth": 8.21}}, {"type": "Feature", "geometry": {"type": "Point", "coordinates": [73.935112, 18.605537]}, "properties": {"depth": 6.57}}, {"type": "Feature", "geometry": {"type": "Point", "coordinates": [73.935368, 18.605561]}, "properties": {"depth": 6.42}}, {"type": "Feature", "geometry": {"type": "Point", "coordinates": [73.935548, 18.605577]}, "properties": {"depth": 8.21}}, {"type": "Feature", "geometry": {"type": "Point", "coordinates": [73.93447, 18.605618]}, "properties": {"depth": 4.14}}, {"type": "Feature", "geometry": {"type": "Point", "coordinates": [73.934604, 18.605622]}, "properties": {"depth": 3.98}}, {"type": "Feature", "geometry": {"type": "Point", "coordinates": [73.934729, 18.605651]}, "properties": {"depth": 3.98}}, {"type": "Feature", "geometry": {"type": "Point", "coordinates": [73.935279, 18.605687]}, "properties": {"depth": 6.42}}, {"type": "Feature", "geometry": {"type": "Point", "coordinates": [73.93569, 18.605716]}, "properties": {"depth": 7.16}}, {"type": "Feature", "geometry": {"type": "Point", "coordinates": [73.935571, 18.605748]}, "properties": {"depth": 7.16}}, {"type": "Feature", "geometry": {"type": "Point", "coordinates": [73.933069, 18.605596]}, "properties": {"depth": 2.78}}, {"type": "Feature", "geometry": {"type": "Point", "coordinates": [73.934151, 18.605664]}, "properties": {"depth": 4.88}}, {"type": "Feature", "geometry": {"type": "Point", "coordinates": [73.933987, 18.605696]}, "properties": {"depth": 3.28}}, {"type": "Feature", "geometry": {"type": "Point", "coordinates": [73.933814, 18.60572]}, "properties": {"depth": 3.28}}, {"type": "Feature", "geometry": {"type": "Point", "coordinates": [73.934241, 18.60584]}, "properties": {"depth": 4.14}}, {"type": "Feature", "geometry": {"type": "Point", "coordinates": [73.933963, 18.60586]}, "properties": {"depth": 3.28}}, {"type": "Feature", "geometry": {"type": "Point", "coordinates": [73.934079, 18.60587]}, "properties": {"depth": 4.14}}, {"type": "Feature", "geometry": {"type": "Point", "coordinates": [73.933745, 18.60587]}, "properties": {"depth": 3.86}}, {"type": "Feature", "geometry": {"type": "Point", "coordinates": [73.934254, 18.605976]}, "properties": {"depth": 6.14}}, {"type": "Feature", "geometry": {"type": "Point", "coordinates": [73.934168, 18.606032]}, "properties": {"depth": 6.14}}, {"type": "Feature", "geometry": {"type": "Point", "coordinates": [73.935402, 18.605755]}, "properties": {"depth": 7.63}}, {"type": "Feature", "geometry": {"type": "Point", "coordinates": [73.934491, 18.60576]}, "properties": {"depth": 4.68}}, {"type": "Feature", "geometry": {"type": "Point", "coordinates": [73.934818, 18.605795]}, "properties": {"depth": 5.72}}, {"type": "Feature", "geometry": {"type": "Point", "coordinates": [73.934343, 18.605821]}, "properties": {"depth": 4.68}}, {"type": "Feature", "geometry": {"type": "Point", "coordinates": [73.935719, 18.605865]}, "properties": {"depth": 6.99}}, {"type": "Feature", "geometry": {"type": "Point", "coordinates": [73.93482, 18.605865]}, "properties": {"depth": 5.72}}, {"type": "Feature", "geometry": {"type": "Point", "coordinates": [73.935434, 18.605941]}, "properties": {"depth": 7.16}}, {"type": "Feature", "geometry": {"type": "Point", "coordinates": [73.934718, 18.606111]}, "properties": {"depth": 5.67}}, {"type": "Feature", "geometry": {"type": "Point", "coordinates": [73.934854, 18.606127]}, "properties": {"depth": 5.67}}, {"type": "Feature", "geometry": {"type": "Point", "coordinates": [73.935773, 18.606152]}, "properties": {"depth": 7.36}}, {"type": "Feature", "geometry": {"type": "Point", "coordinates": [73.935638, 18.606176]}, "properties": {"depth": 6.11}}, {"type": "Feature", "geometry": {"type": "Point", "coordinates": [73.935151, 18.606182]}, "properties": {"depth": 5.97}}, {"type": "Feature", "geometry": {"type": "Point", "coordinates": [73.93547, 18.606183]}, "properties": {"depth": 6.11}}, {"type": "Feature", "geometry": {"type": "Point", "coordinates": [73.934488, 18.606182]}, "properties": {"depth": 5.26}}, {"type": "Feature", "geometry": {"type": "Point", "coordinates": [73.934734, 18.606214]}, "properties": {"depth": 5.67}}, {"type": "Feature", "geometry": {"type": "Point", "coordinates": [73.935029, 18.606223]}, "properties": {"depth": 7.36}}, {"type": "Feature", "geometry": {"type": "Point", "coordinates": [73.934846, 18.606228]}, "properties": {"depth": 5.67}}, {"type": "Feature", "geometry": {"type": "Point", "coordinates": [73.93534, 18.606242]}, "properties": {"depth": 5.97}}, {"type": "Feature", "geometry": {"type": "Point", "coordinates": [73.935657, 18.606301]}, "properties": {"depth": 8.09}}, {"type": "Feature", "geometry": {"type": "Point", "coordinates": [73.935174, 18.606304]}, "properties": {"depth": 7.83}}, {"type": "Feature", "geometry": {"type": "Point", "coordinates": [73.933803, 18.60605]}, "properties": {"depth": 4.2}}, {"type": "Feature", "geometry": {"type": "Point", "coordinates": [73.933831, 18.606126]}, "properties": {"depth": 4.2}}, {"type": "Feature", "geometry": {"type": "Point", "coordinates": [73.933451, 18.60615]}, "properties": {"depth": 2.1}}, {"type": "Feature", "geometry": {"type": "Point", "coordinates": [73.934144, 18.60634]}, "properties": {"depth": 6.0}}, {"type": "Feature", "geometry": {"type": "Point", "coordinates": [73.934149, 18.606391]}, "properties": {"depth": 6.0}}, {"type": "Feature", "geometry": {"type": "Point", "coordinates": [73.933994, 18.606418]}, "properties": {"depth": 5.08}}, {"type": "Feature", "geometry": {"type": "Point", "coordinates": [73.93386, 18.606421]}, "properties": {"depth": 5.08}}, {"type": "Feature", "geometry": {"type": "Point", "coordinates": [73.934156, 18.606498]}, "properties": {"depth": 6.0}}, {"type": "Feature", "geometry": {"type": "Point", "coordinates": [73.934004, 18.60651]}, "properties": {"depth": 5.08}}, {"type": "Feature", "geometry": {"type": "Point", "coordinates": [73.934285, 18.606592]}, "properties": {"depth": 6.36}}, {"type": "Feature", "geometry": {"type": "Point", "coordinates": [73.934866, 18.606338]}, "properties": {"depth": 8.04}}, {"type": "Feature", "geometry": {"type": "Point", "coordinates": [73.934734, 18.60639]}, "properties": {"depth": 6.36}}, {"type": "Feature", "geometry": {"type": "Point", "coordinates": [73.935675, 18.6064]}, "properties": {"depth": 8.09}}, {"type": "Feature", "geometry": {"type": "Point", "coordinates": [73.934619, 18.606406]}, "properties": {"depth": 6.36}}, {"type": "Feature", "geometry": {"type": "Point", "coordinates": [73.935506, 18.606447]}, "properties": {"depth": 8.09}}, {"type": "Feature", "geometry": {"type": "Point", "coordinates": [73.934742, 18.606477]}, "properties": {"depth": 6.36}}, {"type": "Feature", "geometry": {"type": "Point", "coordinates": [73.934623, 18.606512]}, "properties": {"depth": 6.36}}, {"type": "Feature", "geometry": {"type": "Point", "coordinates": [73.93446, 18.606529]}, "properties": {"depth": 8.58}}, {"type": "Feature", "geometry": {"type": "Point", "coordinates": [73.935182, 18.606569]}, "properties": {"depth": 10.01}}, {"type": "Feature", "geometry": {"type": "Point", "coordinates": [73.934761, 18.606653]}, "properties": {"depth": 8.98}}, {"type": "Feature", "geometry": {"type": "Point", "coordinates": [73.932169, 18.605757]}, "properties": {"depth": 1.77}}, {"type": "Feature", "geometry": {"type": "Point", "coordinates": [73.931688, 18.605813]}, "properties": {"depth": 0.83}}, {"type": "Feature", "geometry": {"type": "Point", "coordinates": [73.931538, 18.605849]}, "properties": {"depth": 0.83}}, {"type": "Feature", "geometry": {"type": "Point", "coordinates": [73.932083, 18.606298]}, "properties": {"depth": 2.59}}, {"type": "Feature", "geometry": {"type": "Point", "coordinates": [73.932097, 18.606386]}, "properties": {"depth": 3.0}}, {"type": "Feature", "geometry": {"type": "Point", "coordinates": [73.932516, 18.607197]}, "properties": {"depth": 4.9}}, {"type": "Feature", "geometry": {"type": "Point", "coordinates": [73.932402, 18.607202]}, "properties": {"depth": 4.9}}, {"type": "Feature", "geometry": {"type": "Point", "coordinates": [73.932048, 18.607251]}, "properties": {"depth": 2.84}}, {"type": "Feature", "geometry": {"type": "Point", "coordinates": [73.931975, 18.607259]}, "properties": {"depth": 2.84}}, {"type": "Feature", "geometry": {"type": "Point", "coordinates": [73.932741, 18.607342]}, "properties": {"depth": 5.53}}, {"type": "Feature", "geometry": {"type": "Point", "coordinates": [73.934466, 18.606688]}, "properties": {"depth": 8.58}}, {"type": "Feature", "geometry": {"type": "Point", "coordinates": [73.935556, 18.607588]}, "properties": {"depth": 12.17}}, {"type": "Feature", "geometry": {"type": "Point", "coordinates": [73.935483, 18.607851]}, "properties": {"depth": 12.85}}, {"type": "Feature", "geometry": {"type": "Point", "coordinates": [73.935569, 18.607994]}, "properties": {"depth": 13.32}}, {"type": "Feature", "geometry": {"type": "Point", "coordinates": [73.935653, 18.608143]}, "properties": {"depth": 13.32}}, {"type": "Feature", "geometry": {"type": "Point", "coordinates": [73.935535, 18.60941]}, "properties": {"depth": 4.86}}, {"type": "Feature", "geometry": {"type": "Point", "coordinates": [73.935427, 18.609555]}, "properties": {"depth": 4.86}}, {"type": "Feature", "geometry": {"type": "Point", "coordinates": [73.935445, 18.609621]}, "properties": {"depth": 2.39}}, {"type": "Feature", "geometry": {"type": "Point", "coordinates": [73.935141, 18.609653]}, "properties": {"depth": 4.12}}, {"type": "Feature", "geometry": {"type": "Point", "coordinates": [73.935642, 18.609704]}, "properties": {"depth": 2.39}}, {"type": "Feature", "geometry": {"type": "Point", "coordinates": [73.930854, 18.605152]}, "properties": {"depth": 1.96}}, {"type": "Feature", "geometry": {"type": "Point", "coordinates": [73.931095, 18.60521]}, "properties": {"depth": 1.12}}, {"type": "Feature", "geometry": {"type": "Point", "coordinates": [73.931353, 18.605524]}, "properties": {"depth": 0.92}}, {"type": "Feature", "geometry": {"type": "Point", "coordinates": [73.903793, 18.607239]}, "properties": {"depth": 2.31}}, {"type": "Feature", "geometry": {"type": "Point", "coordinates": [73.90429, 18.607506]}, "properties": {"depth": 3.0}}, {"type": "Feature", "geometry": {"type": "Point", "coordinates": [73.90399, 18.609399]}, "properties": {"depth": 1.46}}, {"type": "Feature", "geometry": {"type": "Point", "coordinates": [73.904034, 18.609894]}, "properties": {"depth": 0.52}}, {"type": "Feature", "geometry": {"type": "Point", "coordinates": [73.906717, 18.611268]}, "properties": {"depth": 1.8}}, {"type": "Feature", "geometry": {"type": "Point", "coordinates": [73.936, 18.604064]}, "properties": {"depth": 6.94}}, {"type": "Feature", "geometry": {"type": "Point", "coordinates": [73.93611, 18.604096]}, "properties": {"depth": 6.94}}, {"type": "Feature", "geometry": {"type": "Point", "coordinates": [73.936118, 18.604218]}, "properties": {"depth": 6.94}}, {"type": "Feature", "geometry": {"type": "Point", "coordinates": [73.936775, 18.604338]}, "properties": {"depth": 6.84}}, {"type": "Feature", "geometry": {"type": "Point", "coordinates": [73.936688, 18.60435]}, "properties": {"depth": 6.84}}, {"type": "Feature", "geometry": {"type": "Point", "coordinates": [73.936126, 18.604352]}, "properties": {"depth": 9.52}}, {"type": "Feature", "geometry": {"type": "Point", "coordinates": [73.936299, 18.604385]}, "properties": {"depth": 7.93}}, {"type": "Feature", "geometry": {"type": "Point", "coordinates": [73.936126, 18.604419]}, "properties": {"depth": 9.52}}, {"type": "Feature", "geometry": {"type": "Point", "coordinates": [73.935877, 18.604493]}, "properties": {"depth": 8.86}}, {"type": "Feature", "geometry": {"type": "Point", "coordinates": [73.936781, 18.604514]}, "properties": {"depth": 6.84}}, {"type": "Feature", "geometry": {"type": "Point", "coordinates": [73.936707, 18.604528]}, "properties": {"depth": 6.84}}, {"type": "Feature", "geometry": {"type": "Point", "coordinates": [73.936453, 18.604528]}, "properties": {"depth": 7.93}}, {"type": "Feature", "geometry": {"type": "Point", "coordinates": [73.936316, 18.604605]}, "properties": {"depth": 9.72}}, {"type": "Feature", "geometry": {"type": "Point", "coordinates": [73.936448, 18.604668]}, "properties": {"depth": 9.72}}, {"type": "Feature", "geometry": {"type": "Point", "coordinates": [73.936602, 18.604674]}, "properties": {"depth": 7.99}}, {"type": "Feature", "geometry": {"type": "Point", "coordinates": [73.935905, 18.604704]}, "properties": {"depth": 9.65}}, {"type": "Feature", "geometry": {"type": "Point", "coordinates": [73.936939, 18.604712]}, "properties": {"depth": 7.12}}, {"type": "Feature", "geometry": {"type": "Point", "coordinates": [73.936807, 18.604745]}, "properties": {"depth": 7.12}}, {"type": "Feature", "geometry": {"type": "Point", "coordinates": [73.936465, 18.604794]}, "properties": {"depth": 9.72}}, {"type": "Feature", "geometry": {"type": "Point", "coordinates": [73.935928, 18.604818]}, "properties": {"depth": 9.65}}, {"type": "Feature", "geometry": {"type": "Point", "coordinates": [73.93772, 18.604917]}, "properties": {"depth": 9.26}}, {"type": "Feature", "geometry": {"type": "Point", "coordinates": [73.937548, 18.604938]}, "properties": {"depth": 8.61}}, {"type": "Feature", "geometry": {"type": "Point", "coordinates": [73.936061, 18.604824]}, "properties": {"depth": 10.96}}, {"type": "Feature", "geometry": {"type": "Point", "coordinates": [73.936974, 18.604904]}, "properties": {"depth": 8.7}}, {"type": "Feature", "geometry": {"type": "Point", "coordinates": [73.936283, 18.604918]}, "properties": {"depth": 10.55}}, {"type": "Feature", "geometry": {"type": "Point", "coordinates": [73.936809, 18.604973]}, "properties": {"depth": 8.7}}, {"type": "Feature", "geometry": {"type": "Point", "coordinates": [73.936277, 18.604985]}, "properties": {"depth": 10.55}}, {"type": "Feature", "geometry": {"type": "Point", "coordinates": [73.93697, 18.60501]}, "properties": {"depth": 8.7}}, {"type": "Feature", "geometry": {"type": "Point", "coordinates": [73.93614, 18.605033]}, "properties": {"depth": 11.05}}, {"type": "Feature", "geometry": {"type": "Point", "coordinates": [73.936648, 18.605057]}, "properties": {"depth": 9.0}}, {"type": "Feature", "geometry": {"type": "Point", "coordinates": [73.936671, 18.605154]}, "properties": {"depth": 11.39}}, {"type": "Feature", "geometry": {"type": "Point", "coordinates": [73.937217, 18.605208]}, "properties": {"depth": 10.05}}, {"type": "Feature", "geometry": {"type": "Point", "coordinates": [73.937365, 18.605025]}, "properties": {"depth": 8.61}}, {"type": "Feature", "geometry": {"type": "Point", "coordinates": [73.937742, 18.605143]}, "properties": {"depth": 10.52}}, {"type": "Feature", "geometry": {"type": "Point", "coordinates": [73.937598, 18.605168]}, "properties": {"depth": 9.65}}, {"type": "Feature", "geometry": {"type": "Point", "coordinates": [73.937383, 18.605186]}, "properties": {"depth": 9.65}}, {"type": "Feature", "geometry": {"type": "Point", "coordinates": [73.937448, 18.605319]}, "properties": {"depth": 9.65}}, {"type": "Feature", "geometry": {"type": "Point", "coordinates": [73.938139, 18.605342]}, "properties": {"depth": 10.83}}, {"type": "Feature", "geometry": {"type": "Point", "coordinates": [73.937773, 18.605347]}, "properties": {"depth": 10.52}}, {"type": "Feature", "geometry": {"type": "Point", "coordinates": [73.93632, 18.605259]}, "properties": {"depth": 11.37}}, {"type": "Feature", "geometry": {"type": "Point", "coordinates": [73.936173, 18.60528]}, "properties": {"depth": 10.74}}, {"type": "Feature", "geometry": {"type": "Point", "coordinates": [73.936561, 18.605347]}, "properties": {"depth": 11.39}}, {"type": "Feature", "geometry": {"type": "Point", "coordinates": [73.936711, 18.605393]}, "properties": {"depth": 11.39}}, {"type": "Feature", "geometry": {"type": "Point", "coordinates": [73.936642, 18.605401]}, "properties": {"depth": 11.39}}, {"type": "Feature", "geometry": {"type": "Point", "coordinates": [73.937044, 18.605425]}, "properties": {"depth": 12.53}}, {"type": "Feature", "geometry": {"type": "Point", "coordinates": [73.935872, 18.605459]}, "properties": {"depth": 7.82}}, {"type": "Feature", "geometry": {"type": "Point", "coordinates": [73.936209, 18.605465]}, "properties": {"depth": 10.02}}, {"type": "Feature", "geometry": {"type": "Point", "coordinates": [73.936699, 18.605488]}, "properties": {"depth": 12.58}}, {"type": "Feature", "geometry": {"type": "Point", "coordinates": [73.936549, 18.605497]}, "properties": {"depth": 12.58}}, {"type": "Feature", "geometry": {"type": "Point", "coordinates": [73.938007, 18.605412]}, "properties": {"depth": 10.83}}, {"type": "Feature", "geometry": {"type": "Point", "coordinates": [73.937786, 18.605414]}, "properties": {"depth": 10.52}}, {"type": "Feature", "geometry": {"type": "Point", "coordinates": [73.93764, 18.605442]}, "properties": {"depth": 12.3}}, {"type": "Feature", "geometry": {"type": "Point", "coordinates": [73.937279, 18.605505]}, "properties": {"depth": 11.03}}, {"type": "Feature", "geometry": {"type": "Point", "coordinates": [73.937659, 18.605552]}, "properties": {"depth": 12.3}}, {"type": "Feature", "geometry": {"type": "Point", "coordinates": [73.937818, 18.60559]}, "properties": {"depth": 12.3}}, {"type": "Feature", "geometry": {"type": "Point", "coordinates": [73.93838, 18.605625]}, "properties": {"depth": 12.56}}, {"type": "Feature", "geometry": {"type": "Point", "coordinates": [73.937676, 18.605629]}, "properties": {"depth": 12.3}}, {"type": "Feature", "geometry": {"type": "Point", "coordinates": [73.936571, 18.60561]}, "properties": {"depth": 12.58}}, {"type": "Feature", "geometry": {"type": "Point", "coordinates": [73.936232, 18.605655]}, "properties": {"depth": 10.02}}, {"type": "Feature", "geometry": {"type": "Point", "coordinates": [73.936719, 18.605696]}, "properties": {"depth": 12.86}}, {"type": "Feature", "geometry": {"type": "Point", "coordinates": [73.936233, 18.605706]}, "properties": {"depth": 9.12}}, {"type": "Feature", "geometry": {"type": "Point", "coordinates": [73.936385, 18.605747]}, "properties": {"depth": 10.81}}, {"type": "Feature", "geometry": {"type": "Point", "coordinates": [73.936958, 18.605818]}, "properties": {"depth": 12.59}}, {"type": "Feature", "geometry": {"type": "Point", "coordinates": [73.936063, 18.605821]}, "properties": {"depth": 9.12}}, {"type": "Feature", "geometry": {"type": "Point", "coordinates": [73.937089, 18.605827]}, "properties": {"depth": 13.48}}, {"type": "Feature", "geometry": {"type": "Point", "coordinates": [73.936605, 18.605828]}, "properties": {"depth": 12.86}}, {"type": "Feature", "geometry": {"type": "Point", "coordinates": [73.936607, 18.605881]}, "properties": {"depth": 12.86}}, {"type": "Feature", "geometry": {"type": "Point", "coordinates": [73.938383, 18.60572]}, "properties": {"depth": 0.27}}, {"type": "Feature", "geometry": {"type": "Point", "coordinates": [73.938401, 18.605789]}, "properties": {"depth": 0.27}}, {"type": "Feature", "geometry": {"type": "Point", "coordinates": [73.937695, 18.605852]}, "properties": {"depth": 13.85}}, {"type": "Feature", "geometry": {"type": "Point", "coordinates": [73.938194, 18.605873]}, "properties": {"depth": 0.1}}, {"type": "Feature", "geometry": {"type": "Point", "coordinates": [73.938417, 18.605886]}, "properties": {"depth": 0.27}}, {"type": "Feature", "geometry": {"type": "Point", "coordinates": [73.937489, 18.605916]}, "properties": {"depth": 13.59}}, {"type": "Feature", "geometry": {"type": "Point", "coordinates": [73.938207, 18.605958]}, "properties": {"depth": 0.27}}, {"type": "Feature", "geometry": {"type": "Point", "coordinates": [73.937713, 18.605964]}, "properties": {"depth": 13.85}}, {"type": "Feature", "geometry": {"type": "Point", "coordinates": [73.938565, 18.60598]}, "properties": {"depth": 1.43}}, {"type": "Feature", "geometry": {"type": "Point", "coordinates": [73.938437, 18.606107]}, "properties": {"depth": 1.56}}, {"type": "Feature", "geometry": {"type": "Point", "coordinates": [73.937105, 18.605899]}, "properties": {"depth": 13.48}}, {"type": "Feature", "geometry": {"type": "Point", "coordinates": [73.936266, 18.605899]}, "properties": {"depth": 10.81}}, {"type": "Feature", "geometry": {"type": "Point", "coordinates": [73.936067, 18.605931]}, "properties": {"depth": 9.12}}, {"type": "Feature", "geometry": {"type": "Point", "coordinates": [73.935948, 18.605968]}, "properties": {"depth": 6.99}}, {"type": "Feature", "geometry": {"type": "Point", "coordinates": [73.936281, 18.606008]}, "properties": {"depth": 10.66}}, {"type": "Feature", "geometry": {"type": "Point", "coordinates": [73.935915, 18.606016]}, "properties": {"depth": 7.36}}, {"type": "Feature", "geometry": {"type": "Point", "coordinates": [73.936423, 18.606016]}, "properties": {"depth": 10.66}}, {"type": "Feature", "geometry": {"type": "Point", "coordinates": [73.936088, 18.606019]}, "properties": {"depth": 8.22}}, {"type": "Feature", "geometry": {"type": "Point", "coordinates": [73.937133, 18.606033]}, "properties": {"depth": 14.18}}, {"type": "Feature", "geometry": {"type": "Point", "coordinates": [73.936977, 18.606039]}, "properties": {"depth": 13.36}}, {"type": "Feature", "geometry": {"type": "Point", "coordinates": [73.935946, 18.606112]}, "properties": {"depth": 7.36}}, {"type": "Feature", "geometry": {"type": "Point", "coordinates": [73.936327, 18.606127]}, "properties": {"depth": 10.66}}, {"type": "Feature", "geometry": {"type": "Point", "coordinates": [73.936782, 18.60614]}, "properties": {"depth": 12.33}}, {"type": "Feature", "geometry": {"type": "Point", "coordinates": [73.936985, 18.606147]}, "properties": {"depth": 13.36}}, {"type": "Feature", "geometry": {"type": "Point", "coordinates": [73.936109, 18.606173]}, "properties": {"depth": 8.22}}, {"type": "Feature", "geometry": {"type": "Point", "coordinates": [73.936804, 18.606214]}, "properties": {"depth": 12.33}}, {"type": "Feature", "geometry": {"type": "Point", "coordinates": [73.936117, 18.606234]}, "properties": {"depth": 8.22}}, {"type": "Feature", "geometry": {"type": "Point", "coordinates": [73.937004, 18.606269]}, "properties": {"depth": 12.36}}, {"type": "Feature", "geometry": {"type": "Point", "coordinates": [73.936807, 18.606299]}, "properties": {"depth": 12.36}}, {"type": "Feature", "geometry": {"type": "Point", "coordinates": [73.93614, 18.606368]}, "properties": {"depth": 9.08}}, {"type": "Feature", "geometry": {"type": "Point", "coordinates": [73.937767, 18.606269]}, "properties": {"depth": 0.9}}, {"type": "Feature", "geometry": {"type": "Point", "coordinates": [73.938128, 18.606405]}, "properties": {"depth": 1.7}}, {"type": "Feature", "geometry": {"type": "Point", "coordinates": [73.938334, 18.606407]}, "properties": {"depth": 1.47}}, {"type": "Feature", "geometry": {"type": "Point", "coordinates": [73.937944, 18.606436]}, "properties": {"depth": 1.7}}, {"type": "Feature", "geometry": {"type": "Point", "coordinates": [73.937577, 18.606482]}, "properties": {"depth": 15.05}}, {"type": "Feature", "geometry": {"type": "Point", "coordinates": [73.938297, 18.606538]}, "properties": {"depth": 1.54}}, {"type": "Feature", "geometry": {"type": "Point", "coordinates": [73.938156, 18.606624]}, "properties": {"depth": 1.86}}, {"type": "Feature", "geometry": {"type": "Point", "coordinates": [73.937805, 18.606622]}, "properties": {"depth": 0.61}}, {"type": "Feature", "geometry": {"type": "Point", "coordinates": [73.937543, 18.606658]}, "properties": {"depth": 14.86}}, {"type": "Feature", "geometry": {"type": "Point", "coordinates": [73.937827, 18.606691]}, "properties": {"depth": 0.61}}, {"type": "Feature", "geometry": {"type": "Point", "coordinates": [73.935994, 18.606371]}, "properties": {"depth": 9.08}}, {"type": "Feature", "geometry": {"type": "Point", "coordinates": [73.936668, 18.606426]}, "properties": {"depth": 11.59}}, {"type": "Feature", "geometry": {"type": "Point", "coordinates": [73.937089, 18.606562]}, "properties": {"depth": 14.89}}, {"type": "Feature", "geometry": {"type": "Point", "coordinates": [73.936796, 18.606593]}, "properties": {"depth": 10.97}}, {"type": "Feature", "geometry": {"type": "Point", "coordinates": [73.935858, 18.606781]}, "properties": {"depth": 10.25}}, {"type": "Feature", "geometry": {"type": "Point", "coordinates": [73.937141, 18.606806]}, "properties": {"depth": 15.19}}, {"type": "Feature", "geometry": {"type": "Point", "coordinates": [73.936993, 18.606818]}, "properties": {"depth": 15.0}}, {"type": "Feature", "geometry": {"type": "Point", "coordinates": [73.937, 18.606892]}, "properties": {"depth": 15.0}}, {"type": "Feature", "geometry": {"type": "Point", "coordinates": [73.937062, 18.607005]}, "properties": {"depth": 15.0}}, {"type": "Feature", "geometry": {"type": "Point", "coordinates": [73.936797, 18.60759]}, "properties": {"depth": 14.33}}, {"type": "Feature", "geometry": {"type": "Point", "coordinates": [73.938169, 18.606733]}, "properties": {"depth": 1.86}}, {"type": "Feature", "geometry": {"type": "Point", "coordinates": [73.937978, 18.606749]}, "properties": {"depth": 1.86}}, {"type": "Feature", "geometry": {"type": "Point", "coordinates": [73.938182, 18.606814]}, "properties": {"depth": 0.7}}, {"type": "Feature", "geometry": {"type": "Point", "coordinates": [73.937981, 18.606823]}, "properties": {"depth": 0.7}}, {"type": "Feature", "geometry": {"type": "Point", "coordinates": [73.937808, 18.606899]}, "properties": {"depth": 14.22}}, {"type": "Feature", "geometry": {"type": "Point", "coordinates": [73.93783, 18.606976]}, "properties": {"depth": 14.22}}, {"type": "Feature", "geometry": {"type": "Point", "coordinates": [73.937826, 18.607063]}, "properties": {"depth": 14.22}}, {"type": "Feature", "geometry": {"type": "Point", "coordinates": [73.937528, 18.607114]}, "properties": {"depth": 12.28}}, {"type": "Feature", "geometry": {"type": "Point", "coordinates": [73.937236, 18.607159]}, "properties": {"depth": 13.81}}, {"type": "Feature", "geometry": {"type": "Point", "coordinates": [73.937509, 18.607276]}, "properties": {"depth": 12.28}}, {"type": "Feature", "geometry": {"type": "Point", "coordinates": [73.936378, 18.607624]}, "properties": {"depth": 15.72}}, {"type": "Feature", "geometry": {"type": "Point", "coordinates": [73.935859, 18.607808]}, "properties": {"depth": 14.0}}, {"type": "Feature", "geometry": {"type": "Point", "coordinates": [73.935908, 18.607992]}, "properties": {"depth": 14.14}}, {"type": "Feature", "geometry": {"type": "Point", "coordinates": [73.935855, 18.608167]}, "properties": {"depth": 14.14}}, {"type": "Feature", "geometry": {"type": "Point", "coordinates": [73.935887, 18.608351]}, "properties": {"depth": 12.14}}, {"type": "Feature", "geometry": {"type": "Point", "coordinates": [73.937113, 18.608504]}, "properties": {"depth": 5.36}}, {"type": "Feature", "geometry": {"type": "Point", "coordinates": [73.937036, 18.60856]}, "properties": {"depth": 5.4}}, {"type": "Feature", "geometry": {"type": "Point", "coordinates": [73.936886, 18.608673]}, "properties": {"depth": 5.4}}, {"type": "Feature", "geometry": {"type": "Point", "coordinates": [73.936835, 18.60899]}, "properties": {"depth": 3.65}}, {"type": "Feature", "geometry": {"type": "Point", "coordinates": [73.936635, 18.609189]}, "properties": {"depth": 2.57}}, {"type": "Feature", "geometry": {"type": "Point", "coordinates": [73.941006, 18.611674]}, "properties": {"depth": 2.12}}, {"type": "Feature", "geometry": {"type": "Point", "coordinates": [73.941505, 18.611906]}, "properties": {"depth": 2.71}}, {"type": "Feature", "geometry": {"type": "Point", "coordinates": [73.945678, 18.607574]}, "properties": {"depth": 1.56}}, {"type": "Feature", "geometry": {"type": "Point", "coordinates": [73.941898, 18.609055]}, "properties": {"depth": 2.61}}, {"type": "Feature", "geometry": {"type": "Point", "coordinates": [73.941973, 18.60906]}, "properties": {"depth": 2.61}}, {"type": "Feature", "geometry": {"type": "Point", "coordinates": [73.942147, 18.609065]}, "properties": {"depth": 2.36}}, {"type": "Feature", "geometry": {"type": "Point", "coordinates": [73.942058, 18.609065]}, "properties": {"depth": 2.61}}, {"type": "Feature", "geometry": {"type": "Point", "coordinates": [73.942321, 18.609072]}, "properties": {"depth": 2.36}}, {"type": "Feature", "geometry": {"type": "Point", "coordinates": [73.942409, 18.609072]}, "properties": {"depth": 2.41}}, {"type": "Feature", "geometry": {"type": "Point", "coordinates": [73.942231, 18.609072]}, "properties": {"depth": 2.36}}, {"type": "Feature", "geometry": {"type": "Point", "coordinates": [73.942424, 18.609325]}, "properties": {"depth": 1.74}}, {"type": "Feature", "geometry": {"type": "Point", "coordinates": [73.942547, 18.609329]}, "properties": {"depth": 1.74}}, {"type": "Feature", "geometry": {"type": "Point", "coordinates": [73.942328, 18.60933]}, "properties": {"depth": 1.98}}, {"type": "Feature", "geometry": {"type": "Point", "coordinates": [73.942638, 18.609339]}, "properties": {"depth": 1.74}}, {"type": "Feature", "geometry": {"type": "Point", "coordinates": [73.943451, 18.61194]}, "properties": {"depth": 14.95}}, {"type": "Feature", "geometry": {"type": "Point", "coordinates": [73.941968, 18.612455]}, "properties": {"depth": 0.73}}, {"type": "Feature", "geometry": {"type": "Point", "coordinates": [73.942546, 18.612521]}, "properties": {"depth": 1.96}}, {"type": "Feature", "geometry": {"type": "Point", "coordinates": [73.942146, 18.612501]}, "properties": {"depth": 2.23}}, {"type": "Feature", "geometry": {"type": "Point", "coordinates": [73.94221, 18.613377]}, "properties": {"depth": 2.67}}, {"type": "Feature", "geometry": {"type": "Point", "coordinates": [73.942351, 18.613421]}, "properties": {"depth": 2.67}}, {"type": "Feature", "geometry": {"type": "Point", "coordinates": [73.941859, 18.613448]}, "properties": {"depth": 5.07}}, {"type": "Feature", "geometry": {"type": "Point", "coordinates": [73.942543, 18.613511]}, "properties": {"depth": 7.88}}, {"type": "Feature", "geometry": {"type": "Point", "coordinates": [73.942267, 18.613626]}, "properties": {"depth": 7.37}}, {"type": "Feature", "geometry": {"type": "Point", "coordinates": [73.94197, 18.613678]}, "properties": {"depth": 8.16}}, {"type": "Feature", "geometry": {"type": "Point", "coordinates": [73.943066, 18.613703]}, "properties": {"depth": 2.93}}, {"type": "Feature", "geometry": {"type": "Point", "coordinates": [73.942196, 18.613796]}, "properties": {"depth": 10.79}}, {"type": "Feature", "geometry": {"type": "Point", "coordinates": [73.942351, 18.613833]}, "properties": {"depth": 10.79}}, {"type": "Feature", "geometry": {"type": "Point", "coordinates": [73.941436, 18.612277]}, "properties": {"depth": 2.87}}, {"type": "Feature", "geometry": {"type": "Point", "coordinates": [73.940606, 18.612552]}, "properties": {"depth": 0.14}}, {"type": "Feature", "geometry": {"type": "Point", "coordinates": [73.941617, 18.61336]}, "properties": {"depth": 0.9}}, {"type": "Feature", "geometry": {"type": "Point", "coordinates": [73.941369, 18.613674]}, "properties": {"depth": 8.09}}, {"type": "Feature", "geometry": {"type": "Point", "coordinates": [73.941444, 18.613706]}, "properties": {"depth": 8.09}}, {"type": "Feature", "geometry": {"type": "Point", "coordinates": [73.941537, 18.613731]}, "properties": {"depth": 7.78}}, {"type": "Feature", "geometry": {"type": "Point", "coordinates": [73.941708, 18.613818]}, "properties": {"depth": 9.38}}, {"type": "Feature", "geometry": {"type": "Point", "coordinates": [73.941292, 18.613838]}, "properties": {"depth": 9.38}}, {"type": "Feature", "geometry": {"type": "Point", "coordinates": [73.941676, 18.615042]}, "properties": {"depth": 15.92}}, {"type": "Feature", "geometry": {"type": "Point", "coordinates": [73.94144, 18.615095]}, "properties": {"depth": 18.68}}, {"type": "Feature", "geometry": {"type": "Point", "coordinates": [73.942114, 18.613966]}, "properties": {"depth": 10.79}}, {"type": "Feature", "geometry": {"type": "Point", "coordinates": [73.942209, 18.614917]}, "properties": {"depth": 7.32}}, {"type": "Feature", "geometry": {"type": "Point", "coordinates": [73.942137, 18.614969]}, "properties": {"depth": 7.32}}, {"type": "Feature", "geometry": {"type": "Point", "coordinates": [73.941861, 18.615209]}, "properties": {"depth": 12.74}}, {"type": "Feature", "geometry": {"type": "Point", "coordinates": [73.941818, 18.615468]}, "properties": {"depth": 17.0}}, {"type": "Feature", "geometry": {"type": "Point", "coordinates": [73.941941, 18.615526]}, "properties": {"depth": 17.0}}, {"type": "Feature", "geometry": {"type": "Point", "coordinates": [73.941693, 18.615369]}, "properties": {"depth": 17.42}}, {"type": "Feature", "geometry": {"type": "Point", "coordinates": [73.939681, 18.612593]}, "properties": {"depth": 0.08}}, {"type": "Feature", "geometry": {"type": "Point", "coordinates": [73.939192, 18.612793]}, "properties": {"depth": 3.7}}, {"type": "Feature", "geometry": {"type": "Point", "coordinates": [73.938904, 18.613334]}, "properties": {"depth": 8.51}}, {"type": "Feature", "geometry": {"type": "Point", "coordinates": [73.93966, 18.613897]}, "properties": {"depth": 11.42}}, {"type": "Feature", "geometry": {"type": "Point", "coordinates": [73.937284, 18.607502]}, "properties": {"depth": 11.43}}, {"type": "Feature", "geometry": {"type": "Point", "coordinates": [73.937471, 18.607667]}, "properties": {"depth": 7.21}}, {"type": "Feature", "geometry": {"type": "Point", "coordinates": [73.937298, 18.607882]}, "properties": {"depth": 8.3}}, {"type": "Feature", "geometry": {"type": "Point", "coordinates": [73.937442, 18.608053]}, "properties": {"depth": 5.96}}, {"type": "Feature", "geometry": {"type": "Point", "coordinates": [73.937733, 18.608085]}, "properties": {"depth": 6.09}}, {"type": "Feature", "geometry": {"type": "Point", "coordinates": [73.938575, 18.612528]}, "properties": {"depth": 5.88}}, {"type": "Feature", "geometry": {"type": "Point", "coordinates": [73.936359, 18.609226]}, "properties": {"depth": 3.36}}, {"type": "Feature", "geometry": {"type": "Point", "coordinates": [73.936579, 18.609237]}, "properties": {"depth": 2.57}}, {"type": "Feature", "geometry": {"type": "Point", "coordinates": [73.957689, 18.602409]}, "properties": {"depth": 10.88}}, {"type": "Feature", "geometry": {"type": "Point", "coordinates": [73.957533, 18.60243]}, "properties": {"depth": 11.71}}, {"type": "Feature", "geometry": {"type": "Point", "coordinates": [73.957546, 18.602502]}, "properties": {"depth": 11.71}}, {"type": "Feature", "geometry": {"type": "Point", "coordinates": [73.95755, 18.60258]}, "properties": {"depth": 11.71}}, {"type": "Feature", "geometry": {"type": "Point", "coordinates": [73.958725, 18.603317]}, "properties": {"depth": 9.53}}, {"type": "Feature", "geometry": {"type": "Point", "coordinates": [73.956123, 18.602832]}, "properties": {"depth": 16.38}}, {"type": "Feature", "geometry": {"type": "Point", "coordinates": [73.955757, 18.602833]}, "properties": {"depth": 16.58}}, {"type": "Feature", "geometry": {"type": "Point", "coordinates": [73.955676, 18.602838]}, "properties": {"depth": 16.77}}, {"type": "Feature", "geometry": {"type": "Point", "coordinates": [73.955976, 18.602849]}, "properties": {"depth": 16.38}}, {"type": "Feature", "geometry": {"type": "Point", "coordinates": [73.955897, 18.602843]}, "properties": {"depth": 16.58}}, {"type": "Feature", "geometry": {"type": "Point", "coordinates": [73.955528, 18.602853]}, "properties": {"depth": 16.77}}, {"type": "Feature", "geometry": {"type": "Point", "coordinates": [73.955532, 18.602974]}, "properties": {"depth": 13.24}}, {"type": "Feature", "geometry": {"type": "Point", "coordinates": [73.956128, 18.602982]}, "properties": {"depth": 14.11}}, {"type": "Feature", "geometry": {"type": "Point", "coordinates": [73.955759, 18.602986]}, "properties": {"depth": 13.61}}, {"type": "Feature", "geometry": {"type": "Point", "coordinates": [73.955678, 18.602989]}, "properties": {"depth": 13.24}}, {"type": "Feature", "geometry": {"type": "Point", "coordinates": [73.955903, 18.602997]}, "properties": {"depth": 13.61}}, {"type": "Feature", "geometry": {"type": "Point", "coordinates": [73.955982, 18.603006]}, "properties": {"depth": 14.11}}, {"type": "Feature", "geometry": {"type": "Point", "coordinates": [73.955531, 18.603049]}, "properties": {"depth": 13.24}}, {"type": "Feature", "geometry": {"type": "Point", "coordinates": [73.955766, 18.603136]}, "properties": {"depth": 13.61}}, {"type": "Feature", "geometry": {"type": "Point", "coordinates": [73.956132, 18.603138]}, "properties": {"depth": 14.11}}, {"type": "Feature", "geometry": {"type": "Point", "coordinates": [73.955683, 18.603149]}, "properties": {"depth": 13.24}}, {"type": "Feature", "geometry": {"type": "Point", "coordinates": [73.955985, 18.603163]}, "properties": {"depth": 14.11}}, {"type": "Feature", "geometry": {"type": "Point", "coordinates": [73.955316, 18.60317]}, "properties": {"depth": 12.44}}, {"type": "Feature", "geometry": {"type": "Point", "coordinates": [73.955906, 18.603179]}, "properties": {"depth": 13.61}}, {"type": "Feature", "geometry": {"type": "Point", "coordinates": [73.959151, 18.605953]}, "properties": {"depth": 1.23}}, {"type": "Feature", "geometry": {"type": "Point", "coordinates": [73.955454, 18.603217]}, "properties": {"depth": 12.13}}, {"type": "Feature", "geometry": {"type": "Point", "coordinates": [73.955765, 18.603255]}, "properties": {"depth": 12.3}}, {"type": "Feature", "geometry": {"type": "Point", "coordinates": [73.955315, 18.603253]}, "properties": {"depth": 11.95}}, {"type": "Feature", "geometry": {"type": "Point", "coordinates": [73.955984, 18.603288]}, "properties": {"depth": 12.09}}, {"type": "Feature", "geometry": {"type": "Point", "coordinates": [73.95554, 18.603288]}, "properties": {"depth": 12.13}}, {"type": "Feature", "geometry": {"type": "Point", "coordinates": [73.956131, 18.603295]}, "properties": {"depth": 12.09}}, {"type": "Feature", "geometry": {"type": "Point", "coordinates": [73.955453, 18.603299]}, "properties": {"depth": 12.13}}, {"type": "Feature", "geometry": {"type": "Point", "coordinates": [73.955685, 18.603302]}, "properties": {"depth": 12.13}}, {"type": "Feature", "geometry": {"type": "Point", "coordinates": [73.955908, 18.603305]}, "properties": {"depth": 12.3}}, {"type": "Feature", "geometry": {"type": "Point", "coordinates": [73.955321, 18.603328]}, "properties": {"depth": 11.95}}, {"type": "Feature", "geometry": {"type": "Point", "coordinates": [73.958655, 18.603327]}, "properties": {"depth": 9.53}}, {"type": "Feature", "geometry": {"type": "Point", "coordinates": [73.958586, 18.603333]}, "properties": {"depth": 9.53}}, {"type": "Feature", "geometry": {"type": "Point", "coordinates": [73.958511, 18.603341]}, "properties": {"depth": 9.53}}, {"type": "Feature", "geometry": {"type": "Point", "coordinates": [73.958375, 18.603353]}, "properties": {"depth": 10.54}}, {"type": "Feature", "geometry": {"type": "Point", "coordinates": [73.958308, 18.603371]}, "properties": {"depth": 10.54}}, {"type": "Feature", "geometry": {"type": "Point", "coordinates": [73.958233, 18.603374]}, "properties": {"depth": 10.54}}, {"type": "Feature", "geometry": {"type": "Point", "coordinates": [73.958266, 18.603499]}, "properties": {"depth": 9.56}}, {"type": "Feature", "geometry": {"type": "Point", "coordinates": [73.958271, 18.603561]}, "properties": {"depth": 9.56}}, {"type": "Feature", "geometry": {"type": "Point", "coordinates": [73.958475, 18.603602]}, "properties": {"depth": 9.02}}, {"type": "Feature", "geometry": {"type": "Point", "coordinates": [73.958355, 18.603609]}, "properties": {"depth": 9.56}}, {"type": "Feature", "geometry": {"type": "Point", "coordinates": [73.958279, 18.603626]}, "properties": {"depth": 9.56}}, {"type": "Feature", "geometry": {"type": "Point", "coordinates": [73.958488, 18.603663]}, "properties": {"depth": 9.02}}, {"type": "Feature", "geometry": {"type": "Point", "coordinates": [73.958359, 18.603671]}, "properties": {"depth": 9.56}}, {"type": "Feature", "geometry": {"type": "Point", "coordinates": [73.958286, 18.603685]}, "properties": {"depth": 9.56}}, {"type": "Feature", "geometry": {"type": "Point", "coordinates": [73.958637, 18.604884]}, "properties": {"depth": 3.17}}, {"type": "Feature", "geometry": {"type": "Point", "coordinates": [73.958204, 18.605076]}, "properties": {"depth": 1.68}}, {"type": "Feature", "geometry": {"type": "Point", "coordinates": [73.958748, 18.605788]}, "properties": {"depth": 3.47}}, {"type": "Feature", "geometry": {"type": "Point", "coordinates": [73.957473, 18.606372]}, "properties": {"depth": 5.11}}, {"type": "Feature", "geometry": {"type": "Point", "coordinates": [73.957445, 18.606553]}, "properties": {"depth": 5.19}}, {"type": "Feature", "geometry": {"type": "Point", "coordinates": [73.958375, 18.606594]}, "properties": {"depth": 1.5}}, {"type": "Feature", "geometry": {"type": "Point", "coordinates": [73.957454, 18.606613]}, "properties": {"depth": 5.19}}, {"type": "Feature", "geometry": {"type": "Point", "coordinates": [73.957458, 18.606672]}, "properties": {"depth": 5.19}}, {"type": "Feature", "geometry": {"type": "Point", "coordinates": [73.958392, 18.606727]}, "properties": {"depth": 1.5}}, {"type": "Feature", "geometry": {"type": "Point", "coordinates": [73.957462, 18.606752]}, "properties": {"depth": 5.19}}, {"type": "Feature", "geometry": {"type": "Point", "coordinates": [73.957476, 18.606834]}, "properties": {"depth": 7.93}}, {"type": "Feature", "geometry": {"type": "Point", "coordinates": [73.957488, 18.60691]}, "properties": {"depth": 7.93}}, {"type": "Feature", "geometry": {"type": "Point", "coordinates": [73.955913, 18.603376]}, "properties": {"depth": 12.3}}, {"type": "Feature", "geometry": {"type": "Point", "coordinates": [73.955769, 18.603395]}, "properties": {"depth": 12.3}}, {"type": "Feature", "geometry": {"type": "Point", "coordinates": [73.955544, 18.603407]}, "properties": {"depth": 12.13}}, {"type": "Feature", "geometry": {"type": "Point", "coordinates": [73.955317, 18.603411]}, "properties": {"depth": 11.95}}, {"type": "Feature", "geometry": {"type": "Point", "coordinates": [73.955689, 18.603414]}, "properties": {"depth": 12.13}}, {"type": "Feature", "geometry": {"type": "Point", "coordinates": [73.955455, 18.603413]}, "properties": {"depth": 12.13}}, {"type": "Feature", "geometry": {"type": "Point", "coordinates": [73.955322, 18.603485]}, "properties": {"depth": 11.73}}, {"type": "Feature", "geometry": {"type": "Point", "coordinates": [73.979892, 18.602572]}, "properties": {"depth": 3.98}}, {"type": "Feature", "geometry": {"type": "Point", "coordinates": [73.980488, 18.602664]}, "properties": {"depth": 4.65}}, {"type": "Feature", "geometry": {"type": "Point", "coordinates": [73.980771, 18.602666]}, "properties": {"depth": 1.64}}, {"type": "Feature", "geometry": {"type": "Point", "coordinates": [73.980554, 18.602731]}, "properties": {"depth": 4.65}}, {"type": "Feature", "geometry": {"type": "Point", "coordinates": [73.981496, 18.602793]}, "properties": {"depth": 1.17}}, {"type": "Feature", "geometry": {"type": "Point", "coordinates": [73.981864, 18.603131]}, "properties": {"depth": 1.02}}, {"type": "Feature", "geometry": {"type": "Point", "coordinates": [73.934057, 18.606613]}, "properties": {"depth": 6.36}}, {"type": "Feature", "geometry": {"type": "Point", "coordinates": [73.934261, 18.606728]}, "properties": {"depth": 6.36}}, {"type": "Feature", "geometry": {"type": "Point", "coordinates": [73.933147, 18.606984]}, "properties": {"depth": 3.92}}, {"type": "Feature", "geometry": {"type": "Point", "coordinates": [73.933185, 18.607301]}, "properties": {"depth": 5.57}}, {"type": "Feature", "geometry": {"type": "Point", "coordinates": [73.933055, 18.607314]}, "properties": {"depth": 5.57}}, {"type": "Feature", "geometry": {"type": "Point", "coordinates": [73.932951, 18.607321]}, "properties": {"depth": 5.57}}, {"type": "Feature", "geometry": {"type": "Point", "coordinates": [73.932846, 18.607331]}, "properties": {"depth": 5.53}}, {"type": "Feature", "geometry": {"type": "Point", "coordinates": [73.933163, 18.607388]}, "properties": {"depth": 7.02}}, {"type": "Feature", "geometry": {"type": "Point", "coordinates": [73.932961, 18.607407]}, "properties": {"depth": 7.02}}, {"type": "Feature", "geometry": {"type": "Point", "coordinates": [73.93543, 18.609729]}, "properties": {"depth": 2.39}}, {"type": "Feature", "geometry": {"type": "Point", "coordinates": [73.935156, 18.609744]}, "properties": {"depth": 4.12}}, {"type": "Feature", "geometry": {"type": "Point", "coordinates": [73.935655, 18.609794]}, "properties": {"depth": 2.39}}, {"type": "Feature", "geometry": {"type": "Point", "coordinates": [73.935658, 18.609863]}, "properties": {"depth": 1.34}}, {"type": "Feature", "geometry": {"type": "Point", "coordinates": [73.935385, 18.609871]}, "properties": {"depth": 2.26}}, {"type": "Feature", "geometry": {"type": "Point", "coordinates": [73.935393, 18.609953]}, "properties": {"depth": 2.26}}, {"type": "Feature", "geometry": {"type": "Point", "coordinates": [73.932631, 18.60735]}, "properties": {"depth": 4.9}}, {"type": "Feature", "geometry": {"type": "Point", "coordinates": [73.932365, 18.607372]}, "properties": {"depth": 5.43}}, {"type": "Feature", "geometry": {"type": "Point", "coordinates": [73.932289, 18.60738]}, "properties": {"depth": 2.94}}, {"type": "Feature", "geometry": {"type": "Point", "coordinates": [73.932154, 18.607406]}, "properties": {"depth": 2.94}}, {"type": "Feature", "geometry": {"type": "Point", "coordinates": [73.932345, 18.607635]}, "properties": {"depth": 2.94}}]}