{"type":"FeatureCollection","features":[{"type":"Feature","id":0,"geometry":{"type":"Polygon","coordinates":[[[73.901740000000004,18.588840000000001],[73.901870000000002,18.589009999999998],[73.902069999999995,18.589300000000001],[73.902230000000003,18.58942],[73.902450000000002,18.589479999999998],[73.902690000000007,18.589559999999999],[73.902820000000006,18.589739999999999],[73.902919999999995,18.59],[73.902919999999995,18.59047],[73.903009999999995,18.590969999999999],[73.903139999999993,18.591200000000001],[73.903220000000005,18.5914],[73.903239999999997,18.59186],[73.903109999999998,18.592089999999999],[73.902900000000002,18.592369999999999],[73.902850000000001,18.592600000000001],[73.902919999999995,18.592929999999999],[73.903030000000001,18.59319],[73.903229999999994,18.593350000000001],[73.903599999999997,18.59355],[73.903890000000004,18.593640000000001],[73.904330000000002,18.593720000000001],[73.904730000000001,18.59384],[73.905019999999993,18.594159999999999],[73.905190000000005,18.594650000000001],[73.9054,18.595269999999999],[73.905770000000004,18.595859999999998],[73.906289999999998,18.59637],[73.906790000000001,18.596769999999999],[73.907049999999998,18.596889999999998],[73.90746,18.597059999999999],[73.907799999999995,18.59712],[73.907859999999999,18.597300000000001],[73.907830000000004,18.59787],[73.907859999999999,18.59825],[73.907989999999998,18.598369999999999],[73.908199999999994,18.598469999999999],[73.908289999999994,18.598600000000001],[73.908270000000002,18.598759999999999],[73.908150000000006,18.59911],[73.907979999999995,18.599460000000001],[73.907740000000004,18.599679999999999],[73.907759999999996,18.599900000000002],[73.907870000000003,18.600149999999999],[73.90813,18.600539999999999],[73.908199999999994,18.600840000000002],[73.908180000000002,18.601019999999998],[73.907910000000001,18.601030000000002],[73.907740000000004,18.601019999999998],[73.907709999999994,18.601209999999998],[73.907799999999995,18.601500000000001],[73.908060000000006,18.60183],[73.908280000000005,18.602630000000001],[73.908320000000003,18.60277],[73.908299999999997,18.60305],[73.908060000000006,18.60323],[73.907870000000003,18.60333],[73.907579999999996,18.605129999999999],[73.907510000000002,18.606010000000001],[73.907470000000004,18.606660000000002],[73.907259999999994,18.607060000000001],[73.906220000000005,18.610230000000001],[73.906419999999997,18.610790000000001],[73.906679999999994,18.610869999999998],[73.906769999999995,18.611360000000001],[73.90643,18.611460000000001],[73.906549999999996,18.612690000000001],[73.906450000000007,18.613109999999999],[73.906130000000005,18.614899999999999],[73.906000000000006,18.615580000000001],[73.906019999999998,18.616540000000001],[73.905429999999996,18.61666],[73.904200000000003,18.617069999999998],[73.902339999999995,18.618040000000001],[73.900419999999997,18.619140000000002],[73.899360000000001,18.619520000000001],[73.898439999999994,18.62002],[73.897750000000002,18.620139999999999],[73.897059999999996,18.620519999999999],[73.896619999999999,18.620909999999999],[73.893349999999998,18.621849999999998],[73.892120000000006,18.618189999999998],[73.892099999999999,18.617270000000001],[73.891509999999997,18.615410000000001],[73.891300000000001,18.61439],[73.890780000000007,18.61289],[73.88991,18.611339999999998],[73.889229999999998,18.61111],[73.888599999999997,18.608910000000002],[73.887910000000005,18.606940000000002],[73.886700000000005,18.599430000000002],[73.886300000000006,18.59928],[73.877470000000002,18.599519999999998],[73.874759999999995,18.599930000000001],[73.873859999999993,18.599830000000001],[73.873410000000007,18.599689999999999],[73.87276,18.599679999999999],[73.868729999999999,18.60181],[73.865790000000004,18.596990000000002],[73.864099999999993,18.593889999999998],[73.863910000000004,18.593250000000001],[73.863749999999996,18.592880000000001],[73.863699999999994,18.592569999999998],[73.863569999999996,18.591729999999998],[73.863200000000006,18.590800000000002],[73.862700000000004,18.589220000000001],[73.862729999999999,18.587710000000001],[73.860219999999998,18.58793],[73.86009,18.587669999999999],[73.859939999999995,18.587530000000001],[73.859880000000004,18.587319999999998],[73.859979999999993,18.587240000000001],[73.860169999999997,18.586950000000002],[73.860410000000002,18.586459999999999],[73.860600000000005,18.58577],[73.860640000000004,18.584969999999998],[73.860969999999995,18.58315],[73.862279999999998,18.583220000000001],[73.863140000000001,18.583189999999998],[73.864230000000006,18.582809999999998],[73.865290000000002,18.58192],[73.866370000000003,18.580269999999999],[73.867000000000004,18.579440000000002],[73.868629999999996,18.577850000000002],[73.870519999999999,18.576090000000001],[73.871669999999995,18.578710000000001],[73.87182,18.578980000000001],[73.871930000000006,18.579080000000001],[73.872249999999994,18.579080000000001],[73.872349999999997,18.579090000000001],[73.872349999999997,18.579170000000001],[73.872299999999996,18.579229999999999],[73.872050000000002,18.57931],[73.871830000000003,18.57929],[73.871679999999998,18.579370000000001],[73.871650000000002,18.58098],[73.871880000000004,18.58099],[73.87191,18.582080000000001],[73.871660000000006,18.582070000000002],[73.871700000000004,18.582239999999999],[73.871849999999995,18.582409999999999],[73.872050000000002,18.58248],[73.872519999999994,18.5825],[73.872389999999996,18.582799999999999],[73.873440000000002,18.58295],[73.873369999999994,18.5824],[73.875119999999995,18.582270000000001],[73.875110000000006,18.58296],[73.876630000000006,18.582920000000001],[73.876599999999996,18.582100000000001],[73.875349999999997,18.582080000000001],[73.875810000000001,18.581389999999999],[73.876220000000004,18.580549999999999],[73.876400000000004,18.579899999999999],[73.876459999999994,18.579080000000001],[73.876540000000006,18.577750000000002],[73.876639999999995,18.576260000000001],[73.876769999999993,18.57545],[73.878169999999997,18.572759999999999],[73.879469999999998,18.572859999999999],[73.880459999999999,18.573],[73.881169999999997,18.5731],[73.881839999999997,18.57311],[73.881829999999994,18.573419999999999],[73.881919999999994,18.573630000000001],[73.882009999999994,18.573820000000001],[73.882159999999999,18.57413],[73.882390000000001,18.574660000000002],[73.882409999999993,18.575579999999999],[73.882170000000002,18.575869999999998],[73.882220000000004,18.577539999999999],[73.882649999999998,18.577780000000001],[73.883279999999999,18.577819999999999],[73.883330000000001,18.577970000000001],[73.883960000000002,18.578099999999999],[73.883970000000005,18.578099999999999],[73.883979999999994,18.578399999999998],[73.885329999999996,18.578330000000001],[73.885300000000001,18.577999999999999],[73.885409999999993,18.577909999999999],[73.885819999999995,18.578040000000001],[73.886750000000006,18.57845],[73.887140000000002,18.578769999999999],[73.887360000000001,18.579000000000001],[73.88758,18.579319999999999],[73.887730000000005,18.57957],[73.887799999999999,18.579619999999998],[73.887990000000002,18.579619999999998],[73.888199999999998,18.579540000000001],[73.888589999999994,18.579550000000001],[73.889330000000001,18.579920000000001],[73.890180000000001,18.580380000000002],[73.89067,18.580639999999999],[73.890990000000002,18.580719999999999],[73.891599999999997,18.5808],[73.892110000000002,18.580850000000002],[73.892660000000006,18.58089],[73.892939999999996,18.580950000000001],[73.893190000000004,18.581109999999999],[73.893379999999993,18.58136],[73.893439999999998,18.58145],[73.893640000000005,18.581499999999998],[73.893950000000004,18.581600000000002],[73.894180000000006,18.581769999999999],[73.894620000000003,18.582090000000001],[73.894739999999999,18.58222],[73.894800000000004,18.582350000000002],[73.894810000000007,18.582540000000002],[73.894850000000005,18.58277],[73.895030000000006,18.58297],[73.894999999999996,18.582999999999998],[73.894810000000007,18.583300000000001],[73.894599999999997,18.5837],[73.894469999999998,18.584070000000001],[73.894469999999998,18.584379999999999],[73.894760000000005,18.58502],[73.895200000000003,18.58671],[73.895480000000006,18.588000000000001],[73.89573,18.58858],[73.896119999999996,18.588570000000001],[73.898399999999995,18.588429999999999],[73.899680000000004,18.588329999999999],[73.900220000000004,18.58832],[73.900270000000006,18.58832],[73.900279999999995,18.588660000000001],[73.900279999999995,18.588760000000001],[73.900289999999998,18.588840000000001],[73.900360000000006,18.588899999999999],[73.90052,18.588940000000001],[73.901679999999999,18.58878],[73.901740000000004,18.588840000000001]]]},"properties":{"FID":0,"wardnum":1,"origin":"http://www.pmc.gov.in/sites/default/files/final_ward_maps/1_F_Ward.pdf","Name1":"01 Dhanori - Vishrantwadi","Name2":"Dhanori - Vishrantwadi"}},{"type":"Feature","id":1,"geometry":{"type":"Polygon","coordinates":[[[73.909149999999997,18.557790000000001],[73.909040000000005,18.558],[73.908959999999993,18.558610000000002],[73.908990000000003,18.558800000000002],[73.909369999999996,18.558810000000001],[73.909379999999999,18.559670000000001],[73.910319999999999,18.559609999999999],[73.910330000000002,18.56204],[73.910809999999998,18.561979999999998],[73.910929999999993,18.56419],[73.911929999999998,18.564250000000001],[73.911910000000006,18.564550000000001],[73.910920000000004,18.56446],[73.910889999999995,18.565110000000001],[73.910830000000004,18.565110000000001],[73.910929999999993,18.568739999999998],[73.911050000000003,18.569990000000001],[73.911069999999995,18.570150000000002],[73.911140000000003,18.570609999999999],[73.911689999999993,18.57263],[73.911959999999993,18.573640000000001],[73.912139999999994,18.57394],[73.914180000000002,18.573540000000001],[73.914739999999995,18.576319999999999],[73.914550000000006,18.576360000000001],[73.912840000000003,18.576599999999999],[73.912400000000005,18.576750000000001],[73.912390000000002,18.577169999999999],[73.911439999999999,18.57714],[73.909499999999994,18.577210000000001],[73.907939999999996,18.577369999999998],[73.90795,18.577819999999999],[73.907989999999998,18.57807],[73.907960000000003,18.578130000000002],[73.906530000000004,18.578289999999999],[73.905550000000005,18.578389999999999],[73.905299999999997,18.578410000000002],[73.904150000000001,18.578520000000001],[73.903930000000003,18.57856],[73.903809999999993,18.578690000000002],[73.903580000000005,18.579560000000001],[73.903260000000003,18.58061],[73.902950000000004,18.581620000000001],[73.902850000000001,18.581959999999999],[73.902550000000005,18.582879999999999],[73.902510000000007,18.58323],[73.90258,18.58342],[73.902680000000004,18.583580000000001],[73.902900000000002,18.58371],[73.90334,18.58399],[73.904319999999998,18.584579999999999],[73.904539999999997,18.584800000000001],[73.904589999999999,18.584859999999999],[73.904949999999999,18.58521],[73.905190000000005,18.585360000000001],[73.905680000000004,18.585429999999999],[73.906909999999996,18.585619999999999],[73.909289999999999,18.585979999999999],[73.910150000000002,18.586110000000001],[73.911559999999994,18.58662],[73.912149999999997,18.586860000000001],[73.912430000000001,18.587140000000002],[73.912570000000002,18.58766],[73.912790000000001,18.588789999999999],[73.91283,18.589040000000001],[73.913039999999995,18.590299999999999],[73.91328,18.591650000000001],[73.913259999999994,18.591729999999998],[73.913039999999995,18.59188],[73.912809999999993,18.591940000000001],[73.912430000000001,18.591999999999999],[73.912379999999999,18.591999999999999],[73.912279999999996,18.592009999999998],[73.91198,18.592009999999998],[73.911779999999993,18.592009999999998],[73.91113,18.591999999999999],[73.910470000000004,18.59198],[73.910129999999995,18.591919999999998],[73.909819999999996,18.591840000000001],[73.908739999999995,18.59141],[73.908550000000005,18.591329999999999],[73.908519999999996,18.59132],[73.907489999999996,18.590890000000002],[73.907480000000007,18.590900000000001],[73.907480000000007,18.590720000000001],[73.907589999999999,18.589829999999999],[73.907700000000006,18.588519999999999],[73.907669999999996,18.588480000000001],[73.907399999999996,18.588439999999999],[73.906450000000007,18.5883],[73.905990000000003,18.588229999999999],[73.905289999999994,18.588180000000001],[73.904939999999996,18.588180000000001],[73.904889999999995,18.588229999999999],[73.904809999999998,18.588290000000001],[73.901809999999998,18.588560000000001],[73.901740000000004,18.588840000000001],[73.901679999999999,18.58878],[73.90052,18.588940000000001],[73.900360000000006,18.588899999999999],[73.900289999999998,18.588840000000001],[73.900279999999995,18.588760000000001],[73.900279999999995,18.588660000000001],[73.900270000000006,18.58832],[73.900220000000004,18.58832],[73.899680000000004,18.588329999999999],[73.898399999999995,18.588429999999999],[73.896119999999996,18.588570000000001],[73.89573,18.58858],[73.895480000000006,18.588000000000001],[73.895200000000003,18.58671],[73.894760000000005,18.58502],[73.894469999999998,18.584379999999999],[73.894469999999998,18.584070000000001],[73.894599999999997,18.5837],[73.894810000000007,18.583300000000001],[73.894999999999996,18.582999999999998],[73.895030000000006,18.58297],[73.894850000000005,18.58277],[73.894810000000007,18.582540000000002],[73.894800000000004,18.582350000000002],[73.894739999999999,18.58222],[73.894620000000003,18.582090000000001],[73.894180000000006,18.581769999999999],[73.893950000000004,18.581600000000002],[73.893640000000005,18.581499999999998],[73.893439999999998,18.58145],[73.893379999999993,18.58136],[73.893190000000004,18.581109999999999],[73.892939999999996,18.580950000000001],[73.892660000000006,18.58089],[73.892110000000002,18.580850000000002],[73.891599999999997,18.5808],[73.890990000000002,18.580719999999999],[73.89067,18.580639999999999],[73.890180000000001,18.580380000000002],[73.889330000000001,18.579920000000001],[73.888589999999994,18.579550000000001],[73.888199999999998,18.579540000000001],[73.887990000000002,18.579619999999998],[73.887799999999999,18.579619999999998],[73.887730000000005,18.57957],[73.88758,18.579319999999999],[73.887360000000001,18.579000000000001],[73.887140000000002,18.578769999999999],[73.886750000000006,18.57845],[73.885819999999995,18.578040000000001],[73.885409999999993,18.577909999999999],[73.885300000000001,18.577999999999999],[73.885329999999996,18.578330000000001],[73.883979999999994,18.578399999999998],[73.883970000000005,18.578099999999999],[73.883960000000002,18.578099999999999],[73.883330000000001,18.577970000000001],[73.883279999999999,18.577819999999999],[73.882649999999998,18.577780000000001],[73.882220000000004,18.577539999999999],[73.882170000000002,18.575869999999998],[73.882409999999993,18.575579999999999],[73.882390000000001,18.574660000000002],[73.882159999999999,18.57413],[73.882009999999994,18.573820000000001],[73.881919999999994,18.573630000000001],[73.881829999999994,18.573419999999999],[73.881839999999997,18.57311],[73.881169999999997,18.5731],[73.880459999999999,18.573],[73.879469999999998,18.572859999999999],[73.878169999999997,18.572759999999999],[73.878110000000007,18.572649999999999],[73.878380000000007,18.57207],[73.878810000000001,18.57086],[73.878990000000002,18.569790000000001],[73.87921,18.568930000000002],[73.8797,18.569739999999999],[73.880139999999997,18.570409999999999],[73.880769999999998,18.570730000000001],[73.881519999999995,18.571349999999999],[73.881739999999994,18.571359999999999],[73.882459999999995,18.57122],[73.882509999999996,18.571539999999999],[73.882620000000003,18.572030000000002],[73.882800000000003,18.572179999999999],[73.883210000000005,18.572489999999998],[73.883790000000005,18.573070000000001],[73.883799999999994,18.573170000000001],[73.883790000000005,18.573370000000001],[73.88449,18.57348],[73.885130000000004,18.573499999999999],[73.885140000000007,18.573409999999999],[73.885069999999999,18.572209999999998],[73.884820000000005,18.572179999999999],[73.884799999999998,18.572050000000001],[73.884910000000005,18.57142],[73.885090000000005,18.570599999999999],[73.885249999999999,18.570060000000002],[73.885409999999993,18.569089999999999],[73.885379999999998,18.567699999999999],[73.885409999999993,18.5669],[73.885350000000003,18.56615],[73.885249999999999,18.565519999999999],[73.885090000000005,18.565300000000001],[73.884900000000002,18.56493],[73.884919999999994,18.564699999999998],[73.886309999999995,18.564039999999999],[73.887010000000004,18.56362],[73.888630000000006,18.56277],[73.892039999999994,18.561060000000001],[73.892120000000006,18.561299999999999],[73.892610000000005,18.562349999999999],[73.893649999999994,18.564240000000002],[73.894220000000004,18.56504],[73.895150000000001,18.56598],[73.895870000000002,18.566700000000001],[73.897019999999998,18.568169999999999],[73.897599999999997,18.56915],[73.898169999999993,18.570250000000001],[73.898520000000005,18.570920000000001],[73.899619999999999,18.57236],[73.899889999999999,18.572690000000001],[73.900369999999995,18.571770000000001],[73.900499999999994,18.571739999999998],[73.900689999999997,18.571719999999999],[73.900810000000007,18.5716],[73.901169999999993,18.570440000000001],[73.900959999999998,18.57038],[73.900970000000001,18.570039999999999],[73.901129999999995,18.569929999999999],[73.90137,18.569600000000001],[73.901880000000006,18.569590000000002],[73.902540000000002,18.56953],[73.903059999999996,18.569500000000001],[73.903930000000003,18.56945],[73.905050000000003,18.569510000000001],[73.905100000000004,18.569649999999999],[73.905190000000005,18.56964],[73.90513,18.569389999999999],[73.905100000000004,18.56813],[73.906760000000006,18.568090000000002],[73.906829999999999,18.568069999999999],[73.906679999999994,18.566690000000001],[73.906779999999998,18.56617],[73.90701,18.565000000000001],[73.906959999999998,18.563880000000001],[73.906880000000001,18.56317],[73.906679999999994,18.561509999999998],[73.906440000000003,18.559360000000002],[73.906459999999996,18.55621],[73.906480000000002,18.556100000000001],[73.906850000000006,18.55574],[73.907830000000004,18.556609999999999],[73.909289999999999,18.55753],[73.909149999999997,18.557790000000001]]]},"properties":{"FID":1,"wardnum":2,"origin":"http://www.pmc.gov.in/sites/default/files/final_ward_maps/2_F_Ward.pdf","Name1":"02 Tingrenagar - Sanjay Park","Name2":"Tingrenagar - Sanjay Park"}},{"type":"Feature","id":2,"geometry":{"type":"Polygon","coordinates":[[[73.965829999999997,18.607320000000001],[73.965969999999999,18.607749999999999],[73.965879999999999,18.609739999999999],[73.965549999999993,18.611090000000001],[73.965230000000005,18.612449999999999],[73.964669999999998,18.615030000000001],[73.964190000000002,18.61749],[73.964389999999995,18.61786],[73.964789999999994,18.61816],[73.965329999999994,18.618300000000001],[73.965490000000003,18.618359999999999],[73.965609999999998,18.618780000000001],[73.964039999999997,18.619399999999999],[73.963290000000001,18.620360000000002],[73.96199,18.62031],[73.960740000000001,18.620229999999999],[73.959879999999998,18.61994],[73.958879999999994,18.619800000000001],[73.957400000000007,18.619689999999999],[73.957220000000007,18.61975],[73.956890000000001,18.620149999999999],[73.954880000000003,18.620560000000001],[73.953919999999997,18.620550000000001],[73.952439999999996,18.620010000000001],[73.951499999999996,18.62002],[73.949830000000006,18.620149999999999],[73.948710000000005,18.620349999999998],[73.947339999999997,18.620380000000001],[73.945819999999998,18.620239999999999],[73.945080000000004,18.619990000000001],[73.944559999999996,18.619869999999999],[73.944270000000003,18.61983],[73.943830000000005,18.619959999999999],[73.943269999999998,18.619980000000002],[73.942869999999999,18.61984],[73.942530000000005,18.619479999999999],[73.941810000000004,18.61928],[73.940910000000002,18.619309999999999],[73.940100000000001,18.619710000000001],[73.93938,18.620170000000002],[73.935770000000005,18.62003],[73.934830000000005,18.619810000000001],[73.934479999999994,18.619769999999999],[73.930509999999998,18.620439999999999],[73.929199999999994,18.620660000000001],[73.926850000000002,18.620899999999999],[73.925250000000005,18.620850000000001],[73.923599999999993,18.62067],[73.922280000000001,18.62003],[73.921000000000006,18.61956],[73.9191,18.618919999999999],[73.917079999999999,18.61853],[73.915589999999995,18.618310000000001],[73.913849999999996,18.618410000000001],[73.91216,18.618379999999998],[73.911379999999994,18.618269999999999],[73.909940000000006,18.61768],[73.908360000000002,18.61739],[73.907179999999997,18.617249999999999],[73.906649999999999,18.617049999999999],[73.905869999999993,18.617049999999999],[73.906019999999998,18.616540000000001],[73.906000000000006,18.615580000000001],[73.906130000000005,18.614899999999999],[73.906450000000007,18.613109999999999],[73.906549999999996,18.612690000000001],[73.90643,18.611460000000001],[73.906769999999995,18.611360000000001],[73.906679999999994,18.610869999999998],[73.906419999999997,18.610790000000001],[73.906220000000005,18.610230000000001],[73.907259999999994,18.607060000000001],[73.907470000000004,18.606660000000002],[73.907510000000002,18.606010000000001],[73.907579999999996,18.605129999999999],[73.907870000000003,18.60333],[73.908060000000006,18.60323],[73.908299999999997,18.60305],[73.908320000000003,18.60277],[73.908280000000005,18.602630000000001],[73.908060000000006,18.60183],[73.907799999999995,18.601500000000001],[73.907709999999994,18.601209999999998],[73.907740000000004,18.601019999999998],[73.907910000000001,18.601030000000002],[73.908180000000002,18.601019999999998],[73.908199999999994,18.600840000000002],[73.90813,18.600539999999999],[73.907870000000003,18.600149999999999],[73.907759999999996,18.599900000000002],[73.907740000000004,18.599679999999999],[73.907979999999995,18.599460000000001],[73.908150000000006,18.59911],[73.908270000000002,18.598759999999999],[73.908289999999994,18.598600000000001],[73.908199999999994,18.598469999999999],[73.907989999999998,18.598369999999999],[73.907859999999999,18.59825],[73.907830000000004,18.59787],[73.907859999999999,18.597300000000001],[73.907799999999995,18.59712],[73.90746,18.597059999999999],[73.907049999999998,18.596889999999998],[73.906790000000001,18.596769999999999],[73.906289999999998,18.59637],[73.905770000000004,18.595859999999998],[73.9054,18.595269999999999],[73.905190000000005,18.594650000000001],[73.905019999999993,18.594159999999999],[73.904730000000001,18.59384],[73.904330000000002,18.593720000000001],[73.903890000000004,18.593640000000001],[73.903599999999997,18.59355],[73.903229999999994,18.593350000000001],[73.903030000000001,18.59319],[73.902919999999995,18.592929999999999],[73.902850000000001,18.592600000000001],[73.902900000000002,18.592369999999999],[73.903109999999998,18.592089999999999],[73.903239999999997,18.59186],[73.903220000000005,18.5914],[73.903139999999993,18.591200000000001],[73.903009999999995,18.590969999999999],[73.902919999999995,18.59047],[73.902919999999995,18.59],[73.902820000000006,18.589739999999999],[73.902690000000007,18.589559999999999],[73.902450000000002,18.589479999999998],[73.902230000000003,18.58942],[73.902069999999995,18.589300000000001],[73.901870000000002,18.589009999999998],[73.901740000000004,18.588840000000001],[73.901809999999998,18.588560000000001],[73.904809999999998,18.588290000000001],[73.904889999999995,18.588229999999999],[73.904939999999996,18.588180000000001],[73.905289999999994,18.588180000000001],[73.905990000000003,18.588229999999999],[73.906450000000007,18.5883],[73.907399999999996,18.588439999999999],[73.907669999999996,18.588480000000001],[73.907700000000006,18.588519999999999],[73.907589999999999,18.589829999999999],[73.907480000000007,18.590720000000001],[73.907480000000007,18.590900000000001],[73.907489999999996,18.590890000000002],[73.908519999999996,18.59132],[73.908550000000005,18.591329999999999],[73.908739999999995,18.59141],[73.909819999999996,18.591840000000001],[73.910129999999995,18.591919999999998],[73.910470000000004,18.59198],[73.91113,18.591999999999999],[73.911779999999993,18.592009999999998],[73.91198,18.592009999999998],[73.912279999999996,18.592009999999998],[73.912379999999999,18.591999999999999],[73.912430000000001,18.591999999999999],[73.912809999999993,18.591940000000001],[73.913039999999995,18.59188],[73.913259999999994,18.591729999999998],[73.91328,18.591650000000001],[73.913039999999995,18.590299999999999],[73.91283,18.589040000000001],[73.912790000000001,18.588789999999999],[73.912570000000002,18.58766],[73.912430000000001,18.587140000000002],[73.912149999999997,18.586860000000001],[73.911559999999994,18.58662],[73.910150000000002,18.586110000000001],[73.909289999999999,18.585979999999999],[73.906909999999996,18.585619999999999],[73.905680000000004,18.585429999999999],[73.905190000000005,18.585360000000001],[73.904949999999999,18.58521],[73.904589999999999,18.584859999999999],[73.904539999999997,18.584800000000001],[73.904319999999998,18.584579999999999],[73.90334,18.58399],[73.902900000000002,18.58371],[73.902680000000004,18.583580000000001],[73.90258,18.58342],[73.902510000000007,18.58323],[73.902550000000005,18.582879999999999],[73.902850000000001,18.581959999999999],[73.902950000000004,18.581620000000001],[73.903260000000003,18.58061],[73.903580000000005,18.579560000000001],[73.903809999999993,18.578690000000002],[73.903930000000003,18.57856],[73.904150000000001,18.578520000000001],[73.905299999999997,18.578410000000002],[73.905550000000005,18.578389999999999],[73.906530000000004,18.578289999999999],[73.907960000000003,18.578130000000002],[73.907989999999998,18.57807],[73.90795,18.577819999999999],[73.907939999999996,18.577369999999998],[73.909499999999994,18.577210000000001],[73.911439999999999,18.57714],[73.912390000000002,18.577169999999999],[73.912400000000005,18.576750000000001],[73.912840000000003,18.576599999999999],[73.914550000000006,18.576360000000001],[73.914739999999995,18.576319999999999],[73.914180000000002,18.573540000000001],[73.912139999999994,18.57394],[73.911959999999993,18.573640000000001],[73.911689999999993,18.57263],[73.911140000000003,18.570609999999999],[73.911069999999995,18.570150000000002],[73.911050000000003,18.569990000000001],[73.910929999999993,18.568739999999998],[73.910830000000004,18.565110000000001],[73.910889999999995,18.565110000000001],[73.910920000000004,18.56446],[73.911910000000006,18.564550000000001],[73.911929999999998,18.564250000000001],[73.910929999999993,18.56419],[73.910809999999998,18.561979999999998],[73.910330000000002,18.56204],[73.910319999999999,18.559609999999999],[73.909379999999999,18.559670000000001],[73.909369999999996,18.558810000000001],[73.908990000000003,18.558800000000002],[73.908959999999993,18.558610000000002],[73.909040000000005,18.558],[73.909149999999997,18.557790000000001],[73.909170000000003,18.557829999999999],[73.910749999999993,18.55864],[73.911680000000004,18.559010000000001],[73.913579999999996,18.559609999999999],[73.915450000000007,18.560310000000001],[73.917029999999997,18.56082],[73.918840000000003,18.561340000000001],[73.920209999999997,18.561689999999999],[73.920879999999997,18.561879999999999],[73.921049999999994,18.56193],[73.921989999999994,18.56221],[73.922690000000003,18.562370000000001],[73.923789999999997,18.562650000000001],[73.924689999999998,18.562909999999999],[73.926379999999995,18.563020000000002],[73.927689999999998,18.563009999999998],[73.929580000000001,18.56316],[73.932019999999994,18.563410000000001],[73.933809999999994,18.563590000000001],[73.934449999999998,18.563600000000001],[73.934290000000004,18.565750000000001],[73.934219999999996,18.566770000000002],[73.934190000000001,18.56775],[73.934299999999993,18.568560000000002],[73.934200000000004,18.568660000000001],[73.933179999999993,18.568429999999999],[73.932419999999993,18.56831],[73.931319999999999,18.568249999999999],[73.931250000000006,18.5684],[73.93083,18.5684],[73.930760000000006,18.56822],[73.930279999999996,18.56814],[73.930250000000001,18.568429999999999],[73.927449999999993,18.568470000000001],[73.927319999999995,18.569880000000001],[73.927449999999993,18.570350000000001],[73.928110000000004,18.571680000000001],[73.92868,18.571349999999999],[73.930210000000002,18.57274],[73.931139999999999,18.571870000000001],[73.931389999999993,18.572109999999999],[73.930449999999993,18.572959999999998],[73.93083,18.57329],[73.930890000000005,18.57413],[73.931359999999998,18.57498],[73.932259999999999,18.574839999999998],[73.933639999999997,18.573409999999999],[73.933700000000002,18.573070000000001],[73.933819999999997,18.572769999999998],[73.934110000000004,18.57255],[73.934479999999994,18.57274],[73.934669999999997,18.572949999999999],[73.936019999999999,18.57347],[73.934550000000002,18.57546],[73.934510000000003,18.575949999999999],[73.936509999999998,18.575970000000002],[73.937460000000002,18.575900000000001],[73.937790000000007,18.573789999999999],[73.940740000000005,18.574090000000002],[73.94341,18.574449999999999],[73.94341,18.575939999999999],[73.941270000000003,18.57649],[73.941329999999994,18.576879999999999],[73.942760000000007,18.576720000000002],[73.946780000000004,18.576619999999998],[73.946789999999993,18.573979999999999],[73.94359,18.573979999999999],[73.946020000000004,18.570630000000001],[73.946579999999997,18.570060000000002],[73.947320000000005,18.568919999999999],[73.948130000000006,18.567740000000001],[73.947149999999993,18.567360000000001],[73.945250000000001,18.566700000000001],[73.944590000000005,18.566320000000001],[73.943579999999997,18.565149999999999],[73.943529999999996,18.564959999999999],[73.943830000000005,18.564879999999999],[73.9452,18.565619999999999],[73.94632,18.566140000000001],[73.946879999999993,18.566400000000002],[73.947469999999996,18.56691],[73.948440000000005,18.567550000000001],[73.950410000000005,18.5685],[73.951430000000002,18.569019999999998],[73.954139999999995,18.570160000000001],[73.955349999999996,18.573550000000001],[73.955690000000004,18.574249999999999],[73.955690000000004,18.575019999999999],[73.956109999999995,18.576049999999999],[73.956199999999995,18.576979999999999],[73.956130000000002,18.577750000000002],[73.956710000000001,18.583189999999998],[73.956729999999993,18.58596],[73.956689999999995,18.589210000000001],[73.956670000000003,18.58982],[73.956819999999993,18.589960000000001],[73.957400000000007,18.589929999999999],[73.957480000000004,18.59018],[73.957840000000004,18.592379999999999],[73.958110000000005,18.592459999999999],[73.958259999999996,18.593340000000001],[73.958569999999995,18.594180000000001],[73.959019999999995,18.596499999999999],[73.959059999999994,18.597339999999999],[73.959010000000006,18.59779],[73.959829999999997,18.597930000000002],[73.961119999999994,18.598189999999999],[73.961290000000005,18.598240000000001],[73.961460000000002,18.600069999999999],[73.961489999999998,18.600989999999999],[73.961600000000004,18.60125],[73.961770000000001,18.604289999999999],[73.961749999999995,18.605689999999999],[73.96163,18.606300000000001],[73.961820000000003,18.606680000000001],[73.962829999999997,18.606819999999999],[73.964089999999999,18.60717],[73.964079999999996,18.607030000000002],[73.964730000000003,18.607240000000001],[73.965339999999998,18.607299999999999],[73.965829999999997,18.607320000000001]]]},"properties":{"FID":2,"wardnum":3,"origin":"http://www.pmc.gov.in/sites/default/files/final_ward_maps/3_F_Ward.pdf","Name1":"03 Lohegaon - Vimannagar","Name2":"Lohegaon - Vimannagar"}},{"type":"Feature","id":3,"geometry":{"type":"Polygon","coordinates":[[[73.972520000000003,18.541139999999999],[73.97157,18.542249999999999],[73.970479999999995,18.542960000000001],[73.97045,18.543150000000001],[73.970979999999997,18.544180000000001],[73.972130000000007,18.546099999999999],[73.973079999999996,18.548110000000001],[73.974040000000002,18.550339999999998],[73.974369999999993,18.550640000000001],[73.974999999999994,18.550730000000001],[73.975070000000002,18.552600000000002],[73.975430000000003,18.55303],[73.975170000000006,18.553229999999999],[73.975300000000004,18.55667],[73.975239999999999,18.558440000000001],[73.975909999999999,18.559660000000001],[73.976150000000004,18.56024],[73.977260000000001,18.560970000000001],[73.977689999999996,18.561360000000001],[73.978530000000006,18.562670000000001],[73.978999999999999,18.564150000000001],[73.979669999999999,18.565950000000001],[73.980199999999996,18.56671],[73.980680000000007,18.567820000000001],[73.980990000000006,18.5684],[73.982219999999998,18.56842],[73.982429999999994,18.56935],[73.985240000000005,18.569140000000001],[73.985290000000006,18.56859],[73.988799999999998,18.567689999999999],[73.989469999999997,18.567499999999999],[73.989840000000001,18.56718],[73.991119999999995,18.565729999999999],[73.991960000000006,18.56493],[73.993489999999994,18.564129999999999],[73.994839999999996,18.564109999999999],[73.995940000000004,18.564029999999999],[73.99606,18.56446],[73.996510000000001,18.564489999999999],[73.999080000000006,18.56399],[74.000739999999993,18.56381],[74.003479999999996,18.571439999999999],[74.004999999999995,18.576440000000002],[74.00703,18.578060000000001],[74.007800000000003,18.578700000000001],[74.009559999999993,18.58127],[74.011080000000007,18.583680000000001],[74.015789999999996,18.590910000000001],[74.0167,18.59168],[74.017129999999995,18.59253],[74.0167,18.593730000000001],[74.01661,18.59442],[74.018379999999993,18.59469],[74.018159999999995,18.595099999999999],[74.017480000000006,18.595369999999999],[74.016109999999998,18.595839999999999],[74.015739999999994,18.596250000000001],[74.014920000000004,18.600819999999999],[74.014039999999994,18.60108],[74.013409999999993,18.601459999999999],[74.013239999999996,18.601929999999999],[74.013040000000004,18.6023],[74.012119999999996,18.602799999999998],[74.01164,18.60322],[74.011170000000007,18.603439999999999],[74.010840000000002,18.6036],[74.010450000000006,18.604009999999999],[74.010130000000004,18.60453],[74.009529999999998,18.605599999999999],[74.00909,18.606169999999999],[74.00891,18.607199999999999],[74.008619999999993,18.608080000000001],[74.007829999999998,18.60858],[74.006529999999998,18.610230000000001],[74.005510000000001,18.611730000000001],[74.005390000000006,18.61271],[74.004959999999997,18.613340000000001],[74.004409999999993,18.613990000000001],[74.003829999999994,18.613759999999999],[74.002629999999996,18.61327],[74.001729999999995,18.612459999999999],[74.000699999999995,18.611450000000001],[73.999930000000006,18.61112],[73.998400000000004,18.6099],[73.996459999999999,18.60868],[73.994910000000004,18.607959999999999],[73.992679999999993,18.607050000000001],[73.989329999999995,18.606280000000002],[73.988069999999993,18.606120000000001],[73.98612,18.605689999999999],[73.984279999999998,18.604199999999999],[73.983180000000004,18.6038],[73.982550000000003,18.60389],[73.981440000000006,18.603190000000001],[73.980860000000007,18.603100000000001],[73.978530000000006,18.60305],[73.97636,18.60295],[73.975470000000001,18.60323],[73.974059999999994,18.603349999999999],[73.972700000000003,18.60342],[73.971850000000003,18.603400000000001],[73.968249999999998,18.603960000000001],[73.967920000000007,18.60427],[73.967209999999994,18.60528],[73.966149999999999,18.606839999999998],[73.965829999999997,18.607320000000001],[73.965339999999998,18.607299999999999],[73.964730000000003,18.607240000000001],[73.964079999999996,18.607030000000002],[73.964089999999999,18.60717],[73.962829999999997,18.606819999999999],[73.961820000000003,18.606680000000001],[73.96163,18.606300000000001],[73.961749999999995,18.605689999999999],[73.961770000000001,18.604289999999999],[73.961600000000004,18.60125],[73.961489999999998,18.600989999999999],[73.961460000000002,18.600069999999999],[73.961290000000005,18.598240000000001],[73.961119999999994,18.598189999999999],[73.959829999999997,18.597930000000002],[73.959010000000006,18.59779],[73.959059999999994,18.597339999999999],[73.959019999999995,18.596499999999999],[73.958569999999995,18.594180000000001],[73.958259999999996,18.593340000000001],[73.958110000000005,18.592459999999999],[73.957840000000004,18.592379999999999],[73.957480000000004,18.59018],[73.957400000000007,18.589929999999999],[73.956819999999993,18.589960000000001],[73.956670000000003,18.58982],[73.956689999999995,18.589210000000001],[73.956729999999993,18.58596],[73.956710000000001,18.583189999999998],[73.956130000000002,18.577750000000002],[73.956199999999995,18.576979999999999],[73.956109999999995,18.576049999999999],[73.955690000000004,18.575019999999999],[73.955690000000004,18.574249999999999],[73.955349999999996,18.573550000000001],[73.954139999999995,18.570160000000001],[73.951430000000002,18.569019999999998],[73.950410000000005,18.5685],[73.948440000000005,18.567550000000001],[73.947469999999996,18.56691],[73.946879999999993,18.566400000000002],[73.94632,18.566140000000001],[73.9452,18.565619999999999],[73.943830000000005,18.564879999999999],[73.943529999999996,18.564959999999999],[73.943579999999997,18.565149999999999],[73.944590000000005,18.566320000000001],[73.945250000000001,18.566700000000001],[73.947149999999993,18.567360000000001],[73.948130000000006,18.567740000000001],[73.947320000000005,18.568919999999999],[73.946579999999997,18.570060000000002],[73.946020000000004,18.570630000000001],[73.94359,18.573979999999999],[73.946789999999993,18.573979999999999],[73.946780000000004,18.576619999999998],[73.942760000000007,18.576720000000002],[73.941329999999994,18.576879999999999],[73.941270000000003,18.57649],[73.94341,18.575939999999999],[73.94341,18.574449999999999],[73.940740000000005,18.574090000000002],[73.937790000000007,18.573789999999999],[73.937460000000002,18.575900000000001],[73.936509999999998,18.575970000000002],[73.934510000000003,18.575949999999999],[73.934550000000002,18.57546],[73.936019999999999,18.57347],[73.934669999999997,18.572949999999999],[73.934479999999994,18.57274],[73.934110000000004,18.57255],[73.933819999999997,18.572769999999998],[73.933700000000002,18.573070000000001],[73.933639999999997,18.573409999999999],[73.932259999999999,18.574839999999998],[73.931359999999998,18.57498],[73.930890000000005,18.57413],[73.93083,18.57329],[73.930449999999993,18.572959999999998],[73.931389999999993,18.572109999999999],[73.931139999999999,18.571870000000001],[73.930210000000002,18.57274],[73.92868,18.571349999999999],[73.928110000000004,18.571680000000001],[73.927449999999993,18.570350000000001],[73.927319999999995,18.569880000000001],[73.927449999999993,18.568470000000001],[73.930250000000001,18.568429999999999],[73.930279999999996,18.56814],[73.930760000000006,18.56822],[73.93083,18.5684],[73.931250000000006,18.5684],[73.931319999999999,18.568249999999999],[73.932419999999993,18.56831],[73.933179999999993,18.568429999999999],[73.934200000000004,18.568660000000001],[73.934299999999993,18.568560000000002],[73.934190000000001,18.56775],[73.934219999999996,18.566770000000002],[73.934290000000004,18.565750000000001],[73.934449999999998,18.563600000000001],[73.934569999999994,18.563459999999999],[73.934730000000002,18.563479999999998],[73.935429999999997,18.56343],[73.936679999999996,18.562930000000001],[73.938220000000001,18.562339999999999],[73.938730000000007,18.5624],[73.938370000000006,18.55949],[73.938329999999993,18.559190000000001],[73.937550000000002,18.55414],[73.937349999999995,18.551690000000001],[73.937079999999995,18.550809999999998],[73.941969999999998,18.549520000000001],[73.9435,18.549040000000002],[73.945449999999994,18.548559999999998],[73.946510000000004,18.5486],[73.947689999999994,18.548590000000001],[73.947959999999995,18.54853],[73.948400000000007,18.548410000000001],[73.948880000000003,18.548369999999998],[73.949029999999993,18.547730000000001],[73.949349999999995,18.547409999999999],[73.949700000000007,18.547059999999998],[73.949849999999998,18.546690000000002],[73.949560000000005,18.545660000000002],[73.951189999999997,18.545780000000001],[73.953490000000002,18.54579],[73.953829999999996,18.545850000000002],[73.954369999999997,18.545929999999998],[73.955460000000002,18.546309999999998],[73.956810000000004,18.546769999999999],[73.958380000000005,18.546880000000002],[73.959720000000004,18.546700000000001],[73.960849999999994,18.546279999999999],[73.961039999999997,18.54589],[73.962639999999993,18.545010000000001],[73.964200000000005,18.5442],[73.965860000000006,18.543610000000001],[73.966970000000003,18.543310000000002],[73.969319999999996,18.543030000000002],[73.972309999999993,18.54102],[73.972520000000003,18.541139999999999]]]},"properties":{"FID":3,"wardnum":4,"origin":"http://www.pmc.gov.in/sites/default/files/final_ward_maps/4_F_Ward.pdf","Name1":"04 East Kharadi - Wagholi","Name2":"East Kharadi - Wagholi"}},{"type":"Feature","id":4,"geometry":{"type":"Polygon","coordinates":[[[73.934449999999998,18.563600000000001],[73.933809999999994,18.563590000000001],[73.932019999999994,18.563410000000001],[73.929580000000001,18.56316],[73.927689999999998,18.563009999999998],[73.926379999999995,18.563020000000002],[73.924689999999998,18.562909999999999],[73.923789999999997,18.562650000000001],[73.922690000000003,18.562370000000001],[73.921989999999994,18.56221],[73.921049999999994,18.56193],[73.920879999999997,18.561879999999999],[73.920929999999998,18.561889999999998],[73.920969999999997,18.561710000000001],[73.921300000000002,18.56073],[73.921279999999996,18.560189999999999],[73.92116,18.559550000000002],[73.920969999999997,18.55885],[73.921009999999995,18.558669999999999],[73.921189999999996,18.558450000000001],[73.921319999999994,18.558250000000001],[73.921340000000001,18.55697],[73.921180000000007,18.55658],[73.921970000000002,18.556319999999999],[73.922600000000003,18.55611],[73.923079999999999,18.556000000000001],[73.923090000000002,18.556139999999999],[73.925619999999995,18.555859999999999],[73.925719999999998,18.55584],[73.925629999999998,18.55545],[73.926299999999998,18.555350000000001],[73.925960000000003,18.55339],[73.926869999999994,18.553349999999998],[73.926910000000007,18.5533],[73.926910000000007,18.553229999999999],[73.927340000000001,18.553270000000001],[73.927310000000006,18.552820000000001],[73.928659999999994,18.552810000000001],[73.928929999999994,18.550889999999999],[73.929019999999994,18.5503],[73.929130000000001,18.549910000000001],[73.929490000000001,18.548970000000001],[73.929779999999994,18.54823],[73.929940000000002,18.547699999999999],[73.92998,18.547370000000001],[73.93065,18.545459999999999],[73.931340000000006,18.542760000000001],[73.931600000000003,18.541530000000002],[73.931820000000002,18.539929999999998],[73.933499999999995,18.53997],[73.934190000000001,18.539960000000001],[73.934619999999995,18.539899999999999],[73.933769999999996,18.53603],[73.935959999999994,18.53585],[73.936980000000005,18.53576],[73.937989999999999,18.53576],[73.938310000000001,18.535779999999999],[73.938980000000001,18.535969999999999],[73.939310000000006,18.53612],[73.939779999999999,18.53651],[73.940330000000003,18.537199999999999],[73.940690000000004,18.537790000000001],[73.941400000000002,18.539439999999999],[73.941450000000003,18.539580000000001],[73.941590000000005,18.53997],[73.942049999999995,18.540980000000001],[73.942329999999998,18.541609999999999],[73.942840000000004,18.542670000000001],[73.943520000000007,18.543700000000001],[73.943910000000002,18.544139999999999],[73.944490000000002,18.544609999999999],[73.945080000000004,18.545000000000002],[73.945679999999996,18.54532],[73.946119999999993,18.54551],[73.946669999999997,18.545639999999999],[73.947220000000002,18.545680000000001],[73.949560000000005,18.545660000000002],[73.949849999999998,18.546690000000002],[73.949700000000007,18.547059999999998],[73.949349999999995,18.547409999999999],[73.949029999999993,18.547730000000001],[73.948880000000003,18.548369999999998],[73.948400000000007,18.548410000000001],[73.947959999999995,18.54853],[73.947689999999994,18.548590000000001],[73.946510000000004,18.5486],[73.945449999999994,18.548559999999998],[73.9435,18.549040000000002],[73.941969999999998,18.549520000000001],[73.937079999999995,18.550809999999998],[73.937349999999995,18.551690000000001],[73.937550000000002,18.55414],[73.938329999999993,18.559190000000001],[73.938370000000006,18.55949],[73.938730000000007,18.5624],[73.938220000000001,18.562339999999999],[73.936679999999996,18.562930000000001],[73.935429999999997,18.56343],[73.934730000000002,18.563479999999998],[73.934569999999994,18.563459999999999],[73.934449999999998,18.563600000000001]]]},"properties":{"FID":4,"wardnum":5,"origin":"http://www.pmc.gov.in/sites/default/files/final_ward_maps/5_F_Ward.pdf","Name1":"05 West Kharadi - Vadgaon Sheri","Name2":"West Kharadi - Vadgaon Sheri"}},{"type":"Feature","id":5,"geometry":{"type":"Polygon","coordinates":[[[73.933769999999996,18.53603],[73.934619999999995,18.539899999999999],[73.934190000000001,18.539960000000001],[73.933499999999995,18.53997],[73.931820000000002,18.539929999999998],[73.931600000000003,18.541530000000002],[73.931340000000006,18.542760000000001],[73.93065,18.545459999999999],[73.92998,18.547370000000001],[73.929940000000002,18.547699999999999],[73.929779999999994,18.54823],[73.929490000000001,18.548970000000001],[73.929130000000001,18.549910000000001],[73.929019999999994,18.5503],[73.928929999999994,18.550889999999999],[73.928659999999994,18.552810000000001],[73.927310000000006,18.552820000000001],[73.927340000000001,18.553270000000001],[73.926910000000007,18.553229999999999],[73.926910000000007,18.5533],[73.926869999999994,18.553349999999998],[73.925960000000003,18.55339],[73.926299999999998,18.555350000000001],[73.925629999999998,18.55545],[73.925719999999998,18.55584],[73.925619999999995,18.555859999999999],[73.923090000000002,18.556139999999999],[73.923079999999999,18.556000000000001],[73.922600000000003,18.55611],[73.921970000000002,18.556319999999999],[73.921180000000007,18.55658],[73.921340000000001,18.55697],[73.921319999999994,18.558250000000001],[73.921189999999996,18.558450000000001],[73.921009999999995,18.558669999999999],[73.920969999999997,18.55885],[73.92116,18.559550000000002],[73.921279999999996,18.560189999999999],[73.921300000000002,18.56073],[73.920969999999997,18.561710000000001],[73.920929999999998,18.561889999999998],[73.920879999999997,18.561879999999999],[73.920209999999997,18.561689999999999],[73.918840000000003,18.561340000000001],[73.917029999999997,18.56082],[73.915450000000007,18.560310000000001],[73.913579999999996,18.559609999999999],[73.911680000000004,18.559010000000001],[73.910749999999993,18.55864],[73.909170000000003,18.557829999999999],[73.909149999999997,18.557790000000001],[73.909289999999999,18.55753],[73.907830000000004,18.556609999999999],[73.906850000000006,18.55574],[73.906220000000005,18.555319999999998],[73.906130000000005,18.5549],[73.906109999999998,18.554649999999999],[73.906130000000005,18.554120000000001],[73.906000000000006,18.552440000000001],[73.907809999999998,18.552409999999998],[73.908140000000003,18.552350000000001],[73.908739999999995,18.552350000000001],[73.909030000000001,18.552219999999998],[73.909210000000002,18.552040000000002],[73.909400000000005,18.55181],[73.909520000000001,18.551770000000001],[73.910020000000003,18.551770000000001],[73.910880000000006,18.551770000000001],[73.911410000000004,18.551729999999999],[73.911749999999998,18.55161],[73.912139999999994,18.551400000000001],[73.912549999999996,18.551200000000001],[73.912750000000003,18.55115],[73.912909999999997,18.55115],[73.913020000000003,18.55104],[73.913049999999998,18.550840000000001],[73.913030000000006,18.55003],[73.9131,18.549790000000002],[73.913200000000003,18.54964],[73.913489999999996,18.549610000000001],[73.914630000000002,18.549499999999998],[73.917670000000001,18.549299999999999],[73.918819999999997,18.54917],[73.91901,18.549189999999999],[73.919470000000004,18.54888],[73.919929999999994,18.548590000000001],[73.920559999999995,18.547930000000001],[73.921000000000006,18.547440000000002],[73.921700000000001,18.546199999999999],[73.921930000000003,18.5459],[73.922210000000007,18.545310000000001],[73.922529999999995,18.544550000000001],[73.922880000000006,18.544080000000001],[73.923150000000007,18.543620000000001],[73.923360000000002,18.543220000000002],[73.923379999999995,18.543189999999999],[73.923550000000006,18.54288],[73.923670000000001,18.542349999999999],[73.923450000000003,18.54223],[73.923429999999996,18.542100000000001],[73.923289999999994,18.5411],[73.922820000000002,18.540240000000001],[73.92259,18.538989999999998],[73.923450000000003,18.538830000000001],[73.924250000000001,18.538640000000001],[73.925600000000003,18.538239999999998],[73.926329999999993,18.537980000000001],[73.927049999999994,18.537710000000001],[73.928380000000004,18.537279999999999],[73.930490000000006,18.536529999999999],[73.931309999999996,18.53631],[73.931920000000005,18.53614],[73.93235,18.53614],[73.933769999999996,18.53603]]]},"properties":{"FID":5,"wardnum":6,"origin":"http://www.pmc.gov.in/sites/default/files/final_ward_maps/6_F_Ward.pdf","Name1":"06 Vadgaon Sheri - Ramwadi","Name2":"Vadgaon Sheri - Ramwadi"}},{"type":"Feature","id":6,"geometry":{"type":"Polygon","coordinates":[[[73.906850000000006,18.55574],[73.906480000000002,18.556100000000001],[73.906459999999996,18.55621],[73.906440000000003,18.559360000000002],[73.906679999999994,18.561509999999998],[73.906880000000001,18.56317],[73.906959999999998,18.563880000000001],[73.90701,18.565000000000001],[73.906779999999998,18.56617],[73.906679999999994,18.566690000000001],[73.906829999999999,18.568069999999999],[73.906760000000006,18.568090000000002],[73.905100000000004,18.56813],[73.90513,18.569389999999999],[73.905190000000005,18.56964],[73.905100000000004,18.569649999999999],[73.905050000000003,18.569510000000001],[73.903930000000003,18.56945],[73.903059999999996,18.569500000000001],[73.902540000000002,18.56953],[73.901880000000006,18.569590000000002],[73.90137,18.569600000000001],[73.901129999999995,18.569929999999999],[73.900970000000001,18.570039999999999],[73.900959999999998,18.57038],[73.901169999999993,18.570440000000001],[73.900810000000007,18.5716],[73.900689999999997,18.571719999999999],[73.900499999999994,18.571739999999998],[73.900369999999995,18.571770000000001],[73.899889999999999,18.572690000000001],[73.899619999999999,18.57236],[73.898520000000005,18.570920000000001],[73.898169999999993,18.570250000000001],[73.897599999999997,18.56915],[73.897019999999998,18.568169999999999],[73.895870000000002,18.566700000000001],[73.895150000000001,18.56598],[73.894220000000004,18.56504],[73.893649999999994,18.564240000000002],[73.892610000000005,18.562349999999999],[73.892120000000006,18.561299999999999],[73.892039999999994,18.561060000000001],[73.890529999999998,18.555810000000001],[73.889650000000003,18.55273],[73.88664,18.553070000000002],[73.886709999999994,18.551950000000001],[73.886409999999998,18.551850000000002],[73.886650000000003,18.551729999999999],[73.886830000000003,18.5517],[73.886949999999999,18.551590000000001],[73.887159999999994,18.551649999999999],[73.887289999999993,18.551449999999999],[73.887510000000006,18.551570000000002],[73.887770000000003,18.551559999999998],[73.887900000000002,18.55078],[73.887990000000002,18.550789999999999],[73.888050000000007,18.55012],[73.88794,18.550039999999999],[73.887969999999996,18.549569999999999],[73.888509999999997,18.54954],[73.8887,18.54973],[73.888750000000002,18.549779999999998],[73.889290000000003,18.54974],[73.889080000000007,18.54834],[73.888890000000004,18.546479999999999],[73.888850000000005,18.545459999999999],[73.888909999999996,18.544160000000002],[73.88897,18.543759999999999],[73.889589999999998,18.54382],[73.890519999999995,18.543810000000001],[73.891549999999995,18.54373],[73.892470000000003,18.543559999999999],[73.894360000000006,18.54298],[73.895309999999995,18.542729999999999],[73.897300000000001,18.542169999999999],[73.899550000000005,18.541650000000001],[73.900189999999995,18.541509999999999],[73.901150000000001,18.5413],[73.901809999999998,18.541239999999998],[73.902640000000005,18.541160000000001],[73.903760000000005,18.541129999999999],[73.904949999999999,18.5412],[73.905180000000001,18.541219999999999],[73.905829999999995,18.541250000000002],[73.909040000000005,18.540870000000002],[73.910430000000005,18.54055],[73.910650000000004,18.540479999999999],[73.911460000000005,18.540109999999999],[73.912120000000002,18.539960000000001],[73.913049999999998,18.539870000000001],[73.914550000000006,18.539709999999999],[73.915009999999995,18.5397],[73.915450000000007,18.539750000000002],[73.91574,18.539770000000001],[73.916060000000002,18.539729999999999],[73.91713,18.539269999999998],[73.917550000000006,18.539190000000001],[73.918040000000005,18.539110000000001],[73.919120000000007,18.539000000000001],[73.922560000000004,18.538910000000001],[73.92259,18.538989999999998],[73.922820000000002,18.540240000000001],[73.923289999999994,18.5411],[73.923429999999996,18.542100000000001],[73.923450000000003,18.54223],[73.923670000000001,18.542349999999999],[73.923550000000006,18.54288],[73.923379999999995,18.543189999999999],[73.923360000000002,18.543220000000002],[73.923150000000007,18.543620000000001],[73.922880000000006,18.544080000000001],[73.922529999999995,18.544550000000001],[73.922210000000007,18.545310000000001],[73.921930000000003,18.5459],[73.921700000000001,18.546199999999999],[73.921000000000006,18.547440000000002],[73.920559999999995,18.547930000000001],[73.919929999999994,18.548590000000001],[73.919470000000004,18.54888],[73.91901,18.549189999999999],[73.918819999999997,18.54917],[73.917670000000001,18.549299999999999],[73.914630000000002,18.549499999999998],[73.913489999999996,18.549610000000001],[73.913200000000003,18.54964],[73.9131,18.549790000000002],[73.913030000000006,18.55003],[73.913049999999998,18.550840000000001],[73.913020000000003,18.55104],[73.912909999999997,18.55115],[73.912750000000003,18.55115],[73.912549999999996,18.551200000000001],[73.912139999999994,18.551400000000001],[73.911749999999998,18.55161],[73.911410000000004,18.551729999999999],[73.910880000000006,18.551770000000001],[73.910020000000003,18.551770000000001],[73.909520000000001,18.551770000000001],[73.909400000000005,18.55181],[73.909210000000002,18.552040000000002],[73.909030000000001,18.552219999999998],[73.908739999999995,18.552350000000001],[73.908140000000003,18.552350000000001],[73.907809999999998,18.552409999999998],[73.906000000000006,18.552440000000001],[73.906130000000005,18.554120000000001],[73.906109999999998,18.554649999999999],[73.906130000000005,18.5549],[73.906220000000005,18.555319999999998],[73.906850000000006,18.55574]]]},"properties":{"FID":6,"wardnum":7,"origin":"http://www.pmc.gov.in/sites/default/files/final_ward_maps/7_F_Ward.pdf","Name1":"07 Kalyaninagar - Nagpur Chawl","Name2":"Kalyaninagar - Nagpur Chawl"}},{"type":"Feature","id":7,"geometry":{"type":"Polygon","coordinates":[[[73.878169999999997,18.572759999999999],[73.876769999999993,18.57545],[73.876639999999995,18.576260000000001],[73.876540000000006,18.577750000000002],[73.876459999999994,18.579080000000001],[73.876400000000004,18.579899999999999],[73.876220000000004,18.580549999999999],[73.875810000000001,18.581389999999999],[73.875349999999997,18.582080000000001],[73.876599999999996,18.582100000000001],[73.876630000000006,18.582920000000001],[73.875110000000006,18.58296],[73.875119999999995,18.582270000000001],[73.873369999999994,18.5824],[73.873440000000002,18.58295],[73.872389999999996,18.582799999999999],[73.872519999999994,18.5825],[73.872050000000002,18.58248],[73.871849999999995,18.582409999999999],[73.871700000000004,18.582239999999999],[73.871660000000006,18.582070000000002],[73.87191,18.582080000000001],[73.871880000000004,18.58099],[73.871650000000002,18.58098],[73.871679999999998,18.579370000000001],[73.871830000000003,18.57929],[73.872050000000002,18.57931],[73.872299999999996,18.579229999999999],[73.872349999999997,18.579170000000001],[73.872349999999997,18.579090000000001],[73.872249999999994,18.579080000000001],[73.871930000000006,18.579080000000001],[73.87182,18.578980000000001],[73.871669999999995,18.578710000000001],[73.870519999999999,18.576090000000001],[73.870599999999996,18.575759999999999],[73.87097,18.575469999999999],[73.871740000000003,18.574380000000001],[73.872690000000006,18.572849999999999],[73.872820000000004,18.57245],[73.872669999999999,18.570309999999999],[73.872290000000007,18.56879],[73.872119999999995,18.568570000000001],[73.871899999999997,18.56795],[73.871420000000001,18.566020000000002],[73.871579999999994,18.56532],[73.872069999999994,18.564109999999999],[73.872150000000005,18.563009999999998],[73.872259999999997,18.56221],[73.872330000000005,18.561039999999998],[73.872529999999998,18.56033],[73.872680000000003,18.558520000000001],[73.874979999999994,18.558],[73.875559999999993,18.557449999999999],[73.875550000000004,18.557220000000001],[73.875259999999997,18.55667],[73.874600000000001,18.555389999999999],[73.874369999999999,18.55471],[73.87424,18.553989999999999],[73.873800000000003,18.5532],[73.87294,18.55208],[73.874430000000004,18.55218],[73.876130000000003,18.552379999999999],[73.877539999999996,18.55256],[73.878870000000006,18.55274],[73.879310000000004,18.552820000000001],[73.8797,18.552879999999998],[73.881309999999999,18.553149999999999],[73.882499999999993,18.553360000000001],[73.883260000000007,18.553419999999999],[73.884119999999996,18.553429999999999],[73.885140000000007,18.553290000000001],[73.886259999999993,18.553149999999999],[73.88664,18.553070000000002],[73.889650000000003,18.55273],[73.890529999999998,18.555810000000001],[73.892039999999994,18.561060000000001],[73.888630000000006,18.56277],[73.887010000000004,18.56362],[73.886309999999995,18.564039999999999],[73.884919999999994,18.564699999999998],[73.884900000000002,18.56493],[73.885090000000005,18.565300000000001],[73.885249999999999,18.565519999999999],[73.885350000000003,18.56615],[73.885409999999993,18.5669],[73.885379999999998,18.567699999999999],[73.885409999999993,18.569089999999999],[73.885249999999999,18.570060000000002],[73.885090000000005,18.570599999999999],[73.884910000000005,18.57142],[73.884799999999998,18.572050000000001],[73.884820000000005,18.572179999999999],[73.885069999999999,18.572209999999998],[73.885140000000007,18.573409999999999],[73.885130000000004,18.573499999999999],[73.88449,18.57348],[73.883790000000005,18.573370000000001],[73.883799999999994,18.573170000000001],[73.883790000000005,18.573070000000001],[73.883210000000005,18.572489999999998],[73.882800000000003,18.572179999999999],[73.882620000000003,18.572030000000002],[73.882509999999996,18.571539999999999],[73.882459999999995,18.57122],[73.881739999999994,18.571359999999999],[73.881519999999995,18.571349999999999],[73.880769999999998,18.570730000000001],[73.880139999999997,18.570409999999999],[73.8797,18.569739999999999],[73.87921,18.568930000000002],[73.878990000000002,18.569790000000001],[73.878810000000001,18.57086],[73.878380000000007,18.57207],[73.878110000000007,18.572649999999999],[73.878169999999997,18.572759999999999]]]},"properties":{"FID":7,"wardnum":8,"origin":"http://www.pmc.gov.in/sites/default/files/final_ward_maps/8_F_Ward.pdf","Name1":"08 Kalas - Phulenagar","Name2":"Kalas - Phulenagar"}},{"type":"Feature","id":8,"geometry":{"type":"Polygon","coordinates":[[[73.88897,18.543759999999999],[73.888909999999996,18.544160000000002],[73.888850000000005,18.545459999999999],[73.888890000000004,18.546479999999999],[73.889080000000007,18.54834],[73.889290000000003,18.54974],[73.888750000000002,18.549779999999998],[73.8887,18.54973],[73.888509999999997,18.54954],[73.887969999999996,18.549569999999999],[73.88794,18.550039999999999],[73.888050000000007,18.55012],[73.887990000000002,18.550789999999999],[73.887900000000002,18.55078],[73.887770000000003,18.551559999999998],[73.887510000000006,18.551570000000002],[73.887289999999993,18.551449999999999],[73.887159999999994,18.551649999999999],[73.886949999999999,18.551590000000001],[73.886830000000003,18.5517],[73.886650000000003,18.551729999999999],[73.886409999999998,18.551850000000002],[73.886709999999994,18.551950000000001],[73.88664,18.553070000000002],[73.886259999999993,18.553149999999999],[73.885140000000007,18.553290000000001],[73.884119999999996,18.553429999999999],[73.883260000000007,18.553419999999999],[73.882499999999993,18.553360000000001],[73.881309999999999,18.553149999999999],[73.8797,18.552879999999998],[73.879649999999998,18.552679999999999],[73.879490000000004,18.552119999999999],[73.879289999999997,18.55153],[73.879130000000004,18.551030000000001],[73.878979999999999,18.550750000000001],[73.878770000000003,18.5503],[73.878699999999995,18.55012],[73.878500000000003,18.549479999999999],[73.878230000000002,18.548680000000001],[73.878110000000007,18.548290000000001],[73.877440000000007,18.54608],[73.877200000000002,18.545249999999999],[73.877129999999994,18.545059999999999],[73.876980000000003,18.544840000000001],[73.87773,18.544329999999999],[73.878349999999998,18.54391],[73.878609999999995,18.543759999999999],[73.878770000000003,18.54372],[73.878950000000003,18.543700000000001],[73.87921,18.543710000000001],[73.879440000000002,18.543749999999999],[73.880049999999997,18.543970000000002],[73.880089999999996,18.542929999999998],[73.880129999999994,18.542929999999998],[73.880359999999996,18.542960000000001],[73.882009999999994,18.543119999999998],[73.882159999999999,18.543140000000001],[73.883619999999993,18.543279999999999],[73.884020000000007,18.543310000000002],[73.884169999999997,18.543330000000001],[73.884680000000003,18.543369999999999],[73.885090000000005,18.543410000000002],[73.885210000000001,18.543420000000001],[73.885840000000002,18.543489999999998],[73.887,18.54363],[73.887469999999993,18.543690000000002],[73.88897,18.543759999999999]]]},"properties":{"FID":8,"wardnum":9,"origin":"http://www.pmc.gov.in/sites/default/files/final_ward_maps/9_F_Ward.pdf","Name1":"09 Yerwada","Name2":"Yerwada"}},{"type":"Feature","id":9,"geometry":{"type":"Polygon","coordinates":[[[73.880089999999996,18.542929999999998],[73.880049999999997,18.543970000000002],[73.879440000000002,18.543749999999999],[73.87921,18.543710000000001],[73.878950000000003,18.543700000000001],[73.878770000000003,18.54372],[73.878609999999995,18.543759999999999],[73.878349999999998,18.54391],[73.87773,18.544329999999999],[73.876980000000003,18.544840000000001],[73.877129999999994,18.545059999999999],[73.877200000000002,18.545249999999999],[73.877440000000007,18.54608],[73.878110000000007,18.548290000000001],[73.878230000000002,18.548680000000001],[73.878500000000003,18.549479999999999],[73.878699999999995,18.55012],[73.878770000000003,18.5503],[73.878979999999999,18.550750000000001],[73.879130000000004,18.551030000000001],[73.879289999999997,18.55153],[73.879490000000004,18.552119999999999],[73.879649999999998,18.552679999999999],[73.8797,18.552879999999998],[73.879310000000004,18.552820000000001],[73.878870000000006,18.55274],[73.877539999999996,18.55256],[73.876130000000003,18.552379999999999],[73.874430000000004,18.55218],[73.87294,18.55208],[73.87276,18.552],[73.872010000000003,18.55077],[73.871129999999994,18.549309999999998],[73.871020000000001,18.549119999999998],[73.87088,18.54861],[73.869969999999995,18.547370000000001],[73.87191,18.54627],[73.872470000000007,18.54636],[73.873620000000003,18.546430000000001],[73.873559999999998,18.542919999999999],[73.868809999999996,18.54214],[73.866069999999993,18.542110000000001],[73.864900000000006,18.540590000000002],[73.864779999999996,18.539529999999999],[73.865089999999995,18.539249999999999],[73.864819999999995,18.538910000000001],[73.864170000000001,18.5395],[73.863849999999999,18.539090000000002],[73.863060000000004,18.539180000000002],[73.863370000000003,18.540150000000001],[73.863829999999993,18.540939999999999],[73.864670000000004,18.54053],[73.865939999999995,18.542079999999999],[73.864670000000004,18.542339999999999],[73.863579999999999,18.54252],[73.861199999999997,18.542929999999998],[73.859870000000001,18.54316],[73.857560000000007,18.542680000000001],[73.856229999999996,18.542470000000002],[73.854860000000002,18.542380000000001],[73.853949999999998,18.542359999999999],[73.854349999999997,18.544139999999999],[73.855440000000002,18.547319999999999],[73.855810000000005,18.548179999999999],[73.856089999999995,18.54918],[73.856369999999998,18.549959999999999],[73.856780000000001,18.55059],[73.855549999999994,18.551259999999999],[73.855379999999997,18.551380000000002],[73.854519999999994,18.552129999999998],[73.854349999999997,18.551369999999999],[73.853030000000004,18.55161],[73.85248,18.550609999999999],[73.85181,18.549800000000001],[73.851330000000004,18.549299999999999],[73.850980000000007,18.549160000000001],[73.850970000000004,18.548829999999999],[73.850560000000002,18.54814],[73.849729999999994,18.546710000000001],[73.847620000000006,18.5459],[73.848029999999994,18.54447],[73.84057,18.544339999999998],[73.840760000000003,18.54393],[73.840739999999997,18.543379999999999],[73.840620000000001,18.543060000000001],[73.840400000000002,18.542899999999999],[73.839839999999995,18.542860000000001],[73.839309999999998,18.542909999999999],[73.839110000000005,18.542809999999999],[73.838970000000003,18.542470000000002],[73.838800000000006,18.54223],[73.838819999999998,18.541219999999999],[73.838220000000007,18.540710000000001],[73.837940000000003,18.54045],[73.837530000000001,18.540099999999999],[73.837440000000001,18.540220000000001],[73.837280000000007,18.540859999999999],[73.836539999999999,18.541149999999998],[73.835390000000004,18.540179999999999],[73.833830000000006,18.538630000000001],[73.836910000000003,18.536239999999999],[73.835030000000003,18.533770000000001],[73.834599999999995,18.53321],[73.834329999999994,18.532969999999999],[73.834209999999999,18.53295],[73.834819999999993,18.531089999999999],[73.835350000000005,18.529859999999999],[73.835560000000001,18.52936],[73.83614,18.528279999999999],[73.836470000000006,18.527940000000001],[73.837050000000005,18.5276],[73.837670000000003,18.527270000000001],[73.837760000000003,18.52721],[73.83811,18.527149999999999],[73.839089999999999,18.527069999999998],[73.840339999999998,18.52702],[73.841949999999997,18.527080000000002],[73.842140000000001,18.527090000000001],[73.841700000000003,18.526260000000001],[73.841629999999995,18.526019999999999],[73.841340000000002,18.524760000000001],[73.842680000000001,18.524560000000001],[73.84384,18.524329999999999],[73.844610000000003,18.524190000000001],[73.845590000000001,18.523910000000001],[73.846909999999994,18.523399999999999],[73.848020000000005,18.522929999999999],[73.848079999999996,18.522819999999999],[73.849140000000006,18.522500000000001],[73.849249999999998,18.52196],[73.849450000000004,18.52102],[73.849819999999994,18.52111],[73.851050000000001,18.52122],[73.851650000000006,18.52131],[73.853210000000004,18.52177],[73.853380000000001,18.521820000000002],[73.854420000000005,18.522279999999999],[73.855040000000002,18.522559999999999],[73.855789999999999,18.523150000000001],[73.857519999999994,18.52488],[73.859639999999999,18.527059999999999],[73.860339999999994,18.52796],[73.860529999999997,18.528279999999999],[73.860640000000004,18.528649999999999],[73.860640000000004,18.528680000000001],[73.860650000000007,18.528700000000001],[73.860669999999999,18.529309999999999],[73.860560000000007,18.530069999999998],[73.860500000000002,18.53069],[73.860500000000002,18.531860000000002],[73.861000000000004,18.532240000000002],[73.861770000000007,18.533329999999999],[73.862340000000003,18.534279999999999],[73.862750000000005,18.535049999999998],[73.863789999999995,18.53642],[73.864329999999995,18.537030000000001],[73.865549999999999,18.537970000000001],[73.866960000000006,18.538799999999998],[73.86788,18.539269999999998],[73.869969999999995,18.54008],[73.871750000000006,18.540559999999999],[73.872219999999999,18.540700000000001],[73.874070000000003,18.54129],[73.876050000000006,18.541930000000001],[73.877179999999996,18.542300000000001],[73.877200000000002,18.542310000000001],[73.878159999999994,18.542639999999999],[73.878860000000003,18.542809999999999],[73.880089999999996,18.542929999999998]]]},"properties":{"FID":9,"wardnum":10,"origin":"http://www.pmc.gov.in/sites/default/files/final_ward_maps/10_F_Ward.pdf","Name1":"10 Shivajinagar Gaothan - Sangamwadi","Name2":"Shivajinagar Gaothan - Sangamwadi"}},{"type":"Feature","id":10,"geometry":{"type":"Polygon","coordinates":[[[73.84057,18.544339999999998],[73.84008,18.54421],[73.837729999999993,18.544419999999999],[73.834530000000001,18.54532],[73.83417,18.54674],[73.834040000000002,18.547470000000001],[73.834289999999996,18.54813],[73.834969999999998,18.548539999999999],[73.834760000000003,18.551130000000001],[73.832880000000003,18.556760000000001],[73.832639999999998,18.558579999999999],[73.833669999999998,18.559180000000001],[73.835419999999999,18.56005],[73.836730000000003,18.560739999999999],[73.837069999999997,18.560970000000001],[73.83869,18.561810000000001],[73.839340000000007,18.562159999999999],[73.840249999999997,18.56287],[73.838849999999994,18.564979999999998],[73.838849999999994,18.565059999999999],[73.839340000000007,18.565349999999999],[73.839640000000003,18.565619999999999],[73.840789999999998,18.567270000000001],[73.840770000000006,18.56766],[73.843490000000003,18.567630000000001],[73.84375,18.57075],[73.844130000000007,18.57273],[73.842789999999994,18.573170000000001],[73.840819999999994,18.573989999999998],[73.838489999999993,18.575009999999999],[73.837729999999993,18.575279999999999],[73.837140000000005,18.575379999999999],[73.836410000000001,18.575369999999999],[73.835539999999995,18.57516],[73.834519999999998,18.57461],[73.833169999999996,18.57386],[73.832369999999997,18.573419999999999],[73.831879999999998,18.572990000000001],[73.831220000000002,18.571950000000001],[73.830470000000005,18.57009],[73.829989999999995,18.56936],[73.829340000000002,18.568680000000001],[73.828739999999996,18.568380000000001],[73.827979999999997,18.568100000000001],[73.82732,18.568110000000001],[73.826660000000004,18.568190000000001],[73.825050000000005,18.568619999999999],[73.82311,18.56916],[73.822130000000001,18.569369999999999],[73.821119999999993,18.569320000000001],[73.817719999999994,18.568860000000001],[73.814250000000001,18.568359999999998],[73.813299999999998,18.568049999999999],[73.812709999999996,18.567889999999998],[73.811480000000003,18.56786],[73.811480000000003,18.567240000000002],[73.811750000000004,18.566559999999999],[73.812259999999995,18.565180000000002],[73.81317,18.563300000000002],[73.813779999999994,18.56185],[73.81447,18.5608],[73.818380000000005,18.555789999999998],[73.821719999999999,18.551089999999999],[73.826779999999999,18.5442],[73.827650000000006,18.543089999999999],[73.828050000000005,18.542729999999999],[73.828800000000001,18.542200000000001],[73.83081,18.540839999999999],[73.830150000000003,18.540459999999999],[73.829790000000003,18.540140000000001],[73.829740000000001,18.539739999999998],[73.829939999999993,18.539149999999999],[73.830190000000002,18.537890000000001],[73.830280000000002,18.537469999999999],[73.830290000000005,18.536549999999998],[73.830079999999995,18.531389999999998],[73.82996,18.52901],[73.831580000000002,18.529129999999999],[73.832800000000006,18.529330000000002],[73.833470000000005,18.529509999999998],[73.835350000000005,18.529859999999999],[73.834819999999993,18.531089999999999],[73.834209999999999,18.53295],[73.834329999999994,18.532969999999999],[73.834599999999995,18.53321],[73.835030000000003,18.533770000000001],[73.836910000000003,18.536239999999999],[73.833830000000006,18.538630000000001],[73.835390000000004,18.540179999999999],[73.836539999999999,18.541149999999998],[73.837280000000007,18.540859999999999],[73.837440000000001,18.540220000000001],[73.837530000000001,18.540099999999999],[73.837940000000003,18.54045],[73.838220000000007,18.540710000000001],[73.838819999999998,18.541219999999999],[73.838800000000006,18.54223],[73.838970000000003,18.542470000000002],[73.839110000000005,18.542809999999999],[73.839309999999998,18.542909999999999],[73.839839999999995,18.542860000000001],[73.840400000000002,18.542899999999999],[73.840620000000001,18.543060000000001],[73.840739999999997,18.543379999999999],[73.840760000000003,18.54393],[73.84057,18.544339999999998]]]},"properties":{"FID":10,"wardnum":11,"origin":"http://www.pmc.gov.in/sites/default/files/final_ward_maps/11_F_Ward.pdf","Name1":"11 Bopodi - Savitribai Phule Pune University","Name2":"Bopodi - Savitribai Phule Pune University"}},{"type":"Feature","id":11,"geometry":{"type":"Polygon","coordinates":[[[73.811480000000003,18.56786],[73.810130000000001,18.56786],[73.80874,18.568010000000001],[73.807140000000004,18.568439999999999],[73.805790000000002,18.56878],[73.804249999999996,18.569189999999999],[73.802800000000005,18.569389999999999],[73.801360000000003,18.56944],[73.800129999999996,18.569199999999999],[73.798640000000006,18.568519999999999],[73.798159999999996,18.568259999999999],[73.796850000000006,18.567399999999999],[73.795779999999993,18.56662],[73.795019999999994,18.565740000000002],[73.794439999999994,18.565010000000001],[73.793620000000004,18.56446],[73.793030000000002,18.56409],[73.793080000000003,18.563829999999999],[73.79298,18.56353],[73.792810000000003,18.563359999999999],[73.792450000000002,18.563279999999999],[73.790260000000004,18.56373],[73.788979999999995,18.564060000000001],[73.788319999999999,18.564609999999998],[73.787999999999997,18.56513],[73.787980000000005,18.565999999999999],[73.788070000000005,18.566790000000001],[73.788570000000007,18.56804],[73.788780000000003,18.568239999999999],[73.789079999999998,18.568339999999999],[73.789420000000007,18.568470000000001],[73.789860000000004,18.569649999999999],[73.7898,18.570930000000001],[73.789280000000005,18.57199],[73.788550000000001,18.57244],[73.787580000000005,18.573029999999999],[73.786649999999995,18.573560000000001],[73.783299999999997,18.57619],[73.781940000000006,18.577249999999999],[73.781210000000002,18.57788],[73.78098,18.578199999999999],[73.780659999999997,18.578949999999999],[73.780259999999998,18.580249999999999],[73.779839999999993,18.58154],[73.779430000000005,18.58297],[73.778989999999993,18.584320000000002],[73.778440000000003,18.585650000000001],[73.777990000000003,18.586459999999999],[73.777249999999995,18.587240000000001],[73.776349999999994,18.587980000000002],[73.775769999999994,18.58831],[73.775049999999993,18.5884],[73.774349999999998,18.5884],[73.773740000000004,18.588259999999998],[73.772890000000004,18.587980000000002],[73.772069999999999,18.587720000000001],[73.771169999999998,18.58745],[73.770319999999998,18.587289999999999],[73.769559999999998,18.587209999999999],[73.768680000000003,18.587260000000001],[73.767989999999998,18.587350000000001],[73.767210000000006,18.58756],[73.766120000000001,18.58793],[73.765410000000003,18.588100000000001],[73.764169999999993,18.588370000000001],[73.763130000000004,18.588519999999999],[73.762,18.588519999999999],[73.76097,18.588139999999999],[73.761020000000002,18.58615],[73.761359999999996,18.584420000000001],[73.761629999999997,18.58222],[73.761769999999999,18.580649999999999],[73.761899999999997,18.578379999999999],[73.762050000000002,18.577529999999999],[73.762349999999998,18.57694],[73.762389999999996,18.576650000000001],[73.762529999999998,18.576419999999999],[73.762510000000006,18.576080000000001],[73.762280000000004,18.575700000000001],[73.762349999999998,18.575399999999998],[73.762439999999998,18.574649999999998],[73.762590000000003,18.571960000000001],[73.762649999999994,18.570340000000002],[73.763580000000005,18.569980000000001],[73.765249999999995,18.569469999999999],[73.767129999999995,18.568490000000001],[73.767920000000004,18.568010000000001],[73.768259999999998,18.567260000000001],[73.768609999999995,18.567049999999998],[73.769850000000005,18.56662],[73.772000000000006,18.56579],[73.775310000000005,18.564540000000001],[73.776409999999998,18.564340000000001],[73.7774,18.564209999999999],[73.778419999999997,18.564219999999999],[73.780420000000007,18.564219999999999],[73.780990000000003,18.564240000000002],[73.782210000000006,18.563890000000001],[73.783079999999998,18.563389999999998],[73.783709999999999,18.562830000000002],[73.784040000000005,18.562139999999999],[73.784350000000003,18.56184],[73.785110000000003,18.561679999999999],[73.785880000000006,18.561589999999999],[73.786540000000002,18.56155],[73.786929999999998,18.561489999999999],[73.787369999999996,18.561309999999999],[73.78819,18.560669999999998],[73.788539999999998,18.560379999999999],[73.788780000000003,18.56007],[73.789320000000004,18.559760000000001],[73.78998,18.559449999999998],[73.790480000000002,18.559270000000001],[73.790999999999997,18.55912],[73.791070000000005,18.559100000000001],[73.791550000000001,18.558900000000001],[73.792420000000007,18.558350000000001],[73.793310000000005,18.557690000000001],[73.793769999999995,18.55733],[73.794349999999994,18.556629999999998],[73.794979999999995,18.555759999999999],[73.795519999999996,18.555340000000001],[73.796120000000002,18.55508],[73.796639999999996,18.554970000000001],[73.797240000000002,18.55499],[73.797309999999996,18.55499],[73.79813,18.555019999999999],[73.798940000000002,18.555579999999999],[73.799149999999997,18.555710000000001],[73.799109999999999,18.555990000000001],[73.799009999999996,18.556159999999998],[73.798789999999997,18.556239999999999],[73.798360000000002,18.556280000000001],[73.798079999999999,18.5563],[73.797809999999998,18.556429999999999],[73.79768,18.556629999999998],[73.797569999999993,18.556940000000001],[73.797089999999997,18.558959999999999],[73.796880000000002,18.559360000000002],[73.796430000000001,18.559660000000001],[73.796220000000005,18.559909999999999],[73.796049999999994,18.560099999999998],[73.795839999999998,18.560099999999998],[73.795550000000006,18.560099999999998],[73.795360000000002,18.56024],[73.795379999999994,18.56054],[73.79562,18.560880000000001],[73.795850000000002,18.560970000000001],[73.79598,18.561050000000002],[73.796490000000006,18.560890000000001],[73.797030000000007,18.560639999999999],[73.797370000000001,18.56043],[73.797510000000003,18.56015],[73.797560000000004,18.559979999999999],[73.79786,18.559909999999999],[73.798109999999994,18.560130000000001],[73.798289999999994,18.560269999999999],[73.798580000000001,18.560269999999999],[73.798779999999994,18.560130000000001],[73.79898,18.560289999999998],[73.799250000000001,18.560220000000001],[73.799859999999995,18.56016],[73.800539999999998,18.560300000000002],[73.802970000000002,18.560860000000002],[73.803030000000007,18.560390000000002],[73.803160000000005,18.560320000000001],[73.803290000000004,18.559840000000001],[73.803529999999995,18.55904],[73.803669999999997,18.558409999999999],[73.80395,18.557880000000001],[73.804310000000001,18.557480000000002],[73.804460000000006,18.557110000000002],[73.804749999999999,18.555219999999998],[73.804429999999996,18.555209999999999],[73.804630000000003,18.553789999999999],[73.804699999999997,18.55322],[73.804850000000002,18.55181],[73.804900000000004,18.55115],[73.804969999999997,18.550979999999999],[73.804590000000005,18.547450000000001],[73.802319999999995,18.547999999999998],[73.802250000000001,18.546279999999999],[73.802520000000001,18.546209999999999],[73.80247,18.544060000000002],[73.804730000000006,18.544129999999999],[73.804789999999997,18.539359999999999],[73.806120000000007,18.538239999999998],[73.807569999999998,18.538650000000001],[73.808859999999996,18.539020000000001],[73.810059999999993,18.539259999999999],[73.81129,18.53952],[73.812470000000005,18.539660000000001],[73.81259,18.539670000000001],[73.813789999999997,18.539760000000001],[73.816810000000004,18.53999],[73.818680000000001,18.54017],[73.819460000000007,18.54026],[73.821659999999994,18.54101],[73.823790000000002,18.541530000000002],[73.824330000000003,18.54167],[73.825230000000005,18.541720000000002],[73.825909999999993,18.54176],[73.826809999999995,18.54186],[73.828800000000001,18.542200000000001],[73.828050000000005,18.542729999999999],[73.827650000000006,18.543089999999999],[73.826779999999999,18.5442],[73.821719999999999,18.551089999999999],[73.818380000000005,18.555789999999998],[73.81447,18.5608],[73.813779999999994,18.56185],[73.81317,18.563300000000002],[73.812259999999995,18.565180000000002],[73.811750000000004,18.566559999999999],[73.811480000000003,18.567240000000002],[73.811480000000003,18.56786]]]},"properties":{"FID":11,"wardnum":12,"origin":"http://www.pmc.gov.in/sites/default/files/final_ward_maps/12_F_Ward.pdf","Name1":"12 Aundh - Balewadi","Name2":"Aundh - Balewadi"}},{"type":"Feature","id":12,"geometry":{"type":"Polygon","coordinates":[[[73.802319999999995,18.547999999999998],[73.804590000000005,18.547450000000001],[73.804969999999997,18.550979999999999],[73.804900000000004,18.55115],[73.804850000000002,18.55181],[73.804699999999997,18.55322],[73.804630000000003,18.553789999999999],[73.804429999999996,18.555209999999999],[73.804749999999999,18.555219999999998],[73.804460000000006,18.557110000000002],[73.804310000000001,18.557480000000002],[73.80395,18.557880000000001],[73.803669999999997,18.558409999999999],[73.803529999999995,18.55904],[73.803290000000004,18.559840000000001],[73.803160000000005,18.560320000000001],[73.803030000000007,18.560390000000002],[73.802970000000002,18.560860000000002],[73.800539999999998,18.560300000000002],[73.799859999999995,18.56016],[73.799250000000001,18.560220000000001],[73.79898,18.560289999999998],[73.798779999999994,18.560130000000001],[73.798580000000001,18.560269999999999],[73.798289999999994,18.560269999999999],[73.798109999999994,18.560130000000001],[73.79786,18.559909999999999],[73.797560000000004,18.559979999999999],[73.797510000000003,18.56015],[73.797370000000001,18.56043],[73.797030000000007,18.560639999999999],[73.796490000000006,18.560890000000001],[73.79598,18.561050000000002],[73.795850000000002,18.560970000000001],[73.79562,18.560880000000001],[73.795379999999994,18.56054],[73.795360000000002,18.56024],[73.795550000000006,18.560099999999998],[73.795839999999998,18.560099999999998],[73.796049999999994,18.560099999999998],[73.796220000000005,18.559909999999999],[73.796430000000001,18.559660000000001],[73.796880000000002,18.559360000000002],[73.797089999999997,18.558959999999999],[73.797569999999993,18.556940000000001],[73.79768,18.556629999999998],[73.797809999999998,18.556429999999999],[73.798079999999999,18.5563],[73.798360000000002,18.556280000000001],[73.798789999999997,18.556239999999999],[73.799009999999996,18.556159999999998],[73.799109999999999,18.555990000000001],[73.799149999999997,18.555710000000001],[73.798940000000002,18.555579999999999],[73.79813,18.555019999999999],[73.797309999999996,18.55499],[73.797240000000002,18.55499],[73.796639999999996,18.554970000000001],[73.796120000000002,18.55508],[73.795519999999996,18.555340000000001],[73.794979999999995,18.555759999999999],[73.794349999999994,18.556629999999998],[73.793769999999995,18.55733],[73.793310000000005,18.557690000000001],[73.792420000000007,18.558350000000001],[73.791550000000001,18.558900000000001],[73.791070000000005,18.559100000000001],[73.790999999999997,18.55912],[73.790480000000002,18.559270000000001],[73.78998,18.559449999999998],[73.789320000000004,18.559760000000001],[73.788780000000003,18.56007],[73.788539999999998,18.560379999999999],[73.78819,18.560669999999998],[73.787369999999996,18.561309999999999],[73.786929999999998,18.561489999999999],[73.786540000000002,18.56155],[73.785880000000006,18.561589999999999],[73.785110000000003,18.561679999999999],[73.784350000000003,18.56184],[73.784040000000005,18.562139999999999],[73.783709999999999,18.562830000000002],[73.783079999999998,18.563389999999998],[73.782210000000006,18.563890000000001],[73.780990000000003,18.564240000000002],[73.780420000000007,18.564219999999999],[73.778419999999997,18.564219999999999],[73.7774,18.564209999999999],[73.776409999999998,18.564340000000001],[73.775310000000005,18.564540000000001],[73.772000000000006,18.56579],[73.769850000000005,18.56662],[73.768609999999995,18.567049999999998],[73.768259999999998,18.567260000000001],[73.767920000000004,18.568010000000001],[73.767129999999995,18.568490000000001],[73.765249999999995,18.569469999999999],[73.763580000000005,18.569980000000001],[73.762649999999994,18.570340000000002],[73.762590000000003,18.571960000000001],[73.762439999999998,18.574649999999998],[73.762349999999998,18.575399999999998],[73.762280000000004,18.575700000000001],[73.762510000000006,18.576080000000001],[73.762529999999998,18.576419999999999],[73.762389999999996,18.576650000000001],[73.762349999999998,18.57694],[73.762050000000002,18.577529999999999],[73.761899999999997,18.578379999999999],[73.761769999999999,18.580649999999999],[73.761629999999997,18.58222],[73.761359999999996,18.584420000000001],[73.761020000000002,18.58615],[73.76097,18.588139999999999],[73.758300000000006,18.586269999999999],[73.757980000000003,18.58586],[73.757630000000006,18.58539],[73.757329999999996,18.58492],[73.757109999999997,18.584610000000001],[73.75685,18.584340000000001],[73.756649999999993,18.584099999999999],[73.756410000000002,18.583410000000001],[73.75591,18.582350000000002],[73.755589999999998,18.58193],[73.755250000000004,18.58164],[73.75488,18.581140000000001],[73.754440000000002,18.580300000000001],[73.754019999999997,18.579619999999998],[73.753709999999998,18.579499999999999],[73.753460000000004,18.579029999999999],[73.753219999999999,18.578399999999998],[73.752930000000006,18.57771],[73.752330000000001,18.576730000000001],[73.752120000000005,18.576239999999999],[73.751919999999998,18.575839999999999],[73.751379999999997,18.575479999999999],[73.751099999999994,18.575130000000001],[73.750969999999995,18.574780000000001],[73.750519999999995,18.574760000000001],[73.749899999999997,18.57452],[73.749420000000001,18.574400000000001],[73.748729999999995,18.574300000000001],[73.74785,18.57433],[73.747510000000005,18.57404],[73.747309999999999,18.57396],[73.747010000000003,18.57396],[73.746610000000004,18.57395],[73.746030000000005,18.574059999999999],[73.745609999999999,18.574120000000001],[73.745069999999998,18.574280000000002],[73.744450000000001,18.574470000000002],[73.743750000000006,18.574619999999999],[73.743380000000002,18.57451],[73.742980000000003,18.5745],[73.742630000000005,18.57432],[73.741820000000004,18.574300000000001],[73.741579999999999,18.574179999999998],[73.741129999999998,18.574120000000001],[73.740899999999996,18.573979999999999],[73.740690000000001,18.573930000000001],[73.740369999999999,18.57386],[73.740099999999998,18.57375],[73.739800000000002,18.57366],[73.739699999999999,18.573419999999999],[73.739329999999995,18.5731],[73.738399999999999,18.572569999999999],[73.737880000000004,18.572179999999999],[73.737589999999997,18.5716],[73.736320000000006,18.570509999999999],[73.735489999999999,18.569870000000002],[73.73518,18.569759999999999],[73.734650000000002,18.569489999999998],[73.734009999999998,18.569109999999998],[73.73339,18.568739999999998],[73.732799999999997,18.568169999999999],[73.731939999999994,18.567440000000001],[73.731930000000006,18.567060000000001],[73.732190000000003,18.566379999999999],[73.732429999999994,18.566020000000002],[73.733090000000004,18.56504],[73.733850000000004,18.56353],[73.735299999999995,18.562249999999999],[73.736220000000003,18.561489999999999],[73.73603,18.56128],[73.736310000000003,18.56054],[73.736999999999995,18.559249999999999],[73.737480000000005,18.558109999999999],[73.737849999999995,18.557230000000001],[73.738200000000006,18.556380000000001],[73.738380000000006,18.55585],[73.738500000000002,18.555070000000001],[73.738680000000002,18.553599999999999],[73.739009999999993,18.552340000000001],[73.73948,18.551480000000002],[73.739990000000006,18.550699999999999],[73.74024,18.5501],[73.740369999999999,18.549479999999999],[73.740390000000005,18.548829999999999],[73.740219999999994,18.548210000000001],[73.740009999999998,18.547229999999999],[73.740269999999995,18.545280000000002],[73.740539999999996,18.543769999999999],[73.74024,18.543119999999998],[73.738529999999997,18.540800000000001],[73.738299999999995,18.540579999999999],[73.737949999999998,18.540420000000001],[73.737679999999997,18.540310000000002],[73.736050000000006,18.53848],[73.736080000000001,18.53416],[73.736220000000003,18.53398],[73.736990000000006,18.533460000000002],[73.73751,18.53313],[73.738060000000004,18.532879999999999],[73.738519999999994,18.532579999999999],[73.739360000000005,18.53227],[73.74015,18.532219999999999],[73.741590000000002,18.532029999999999],[73.743579999999994,18.531870000000001],[73.743690000000001,18.53181],[73.74503,18.530709999999999],[73.747290000000007,18.528919999999999],[73.747339999999994,18.529419999999998],[73.747680000000003,18.529579999999999],[73.748260000000002,18.52974],[73.748699999999999,18.529949999999999],[73.749089999999995,18.53022],[73.749589999999998,18.530609999999999],[73.750240000000005,18.533000000000001],[73.750749999999996,18.533110000000001],[73.752260000000007,18.533519999999999],[73.752859999999998,18.533760000000001],[73.753889999999998,18.53424],[73.755480000000006,18.535299999999999],[73.756230000000002,18.535879999999999],[73.756789999999995,18.536380000000001],[73.757289999999998,18.536809999999999],[73.758089999999996,18.537299999999998],[73.758099999999999,18.53791],[73.757930000000002,18.53839],[73.758030000000005,18.538930000000001],[73.758349999999993,18.539470000000001],[73.75864,18.539619999999999],[73.759550000000004,18.540130000000001],[73.760279999999995,18.54044],[73.760959999999997,18.54055],[73.762280000000004,18.54083],[73.762720000000002,18.54119],[73.763329999999996,18.541799999999999],[73.765209999999996,18.542290000000001],[73.767399999999995,18.543510000000001],[73.768479999999997,18.544],[73.769480000000001,18.544270000000001],[73.771069999999995,18.54476],[73.772069999999999,18.545069999999999],[73.77413,18.546510000000001],[73.774519999999995,18.546810000000001],[73.775630000000007,18.54768],[73.776790000000005,18.54843],[73.777869999999993,18.548739999999999],[73.778440000000003,18.548739999999999],[73.779830000000004,18.54861],[73.78022,18.548539999999999],[73.780839999999998,18.548390000000001],[73.781949999999995,18.548120000000001],[73.782849999999996,18.547979999999999],[73.783450000000002,18.547979999999999],[73.783699999999996,18.54814],[73.784139999999994,18.548639999999999],[73.784679999999994,18.549240000000001],[73.788110000000003,18.547630000000002],[73.788229999999999,18.547609999999999],[73.789640000000006,18.547450000000001],[73.791799999999995,18.5472],[73.791740000000004,18.546559999999999],[73.793499999999995,18.54646],[73.793549999999996,18.546199999999999],[73.797560000000004,18.546099999999999],[73.798180000000002,18.54749],[73.798190000000005,18.548439999999999],[73.798299999999998,18.549520000000001],[73.799379999999999,18.54945],[73.800470000000004,18.54936],[73.802629999999994,18.549140000000001],[73.802700000000002,18.54899],[73.802189999999996,18.548300000000001],[73.802170000000004,18.547999999999998],[73.802319999999995,18.547999999999998]]]},"properties":{"FID":12,"wardnum":13,"origin":"http://www.pmc.gov.in/sites/default/files/final_ward_maps/13_F_Ward.pdf","Name1":"13 Baner - Sus - Mahalunge","Name2":"Baner - Sus - Mahalunge"}},{"type":"Feature","id":13,"geometry":{"type":"Polygon","coordinates":[[[73.806120000000007,18.538239999999998],[73.804789999999997,18.539359999999999],[73.804730000000006,18.544129999999999],[73.80247,18.544060000000002],[73.802520000000001,18.546209999999999],[73.802250000000001,18.546279999999999],[73.802319999999995,18.547999999999998],[73.802170000000004,18.547999999999998],[73.802189999999996,18.548300000000001],[73.802700000000002,18.54899],[73.802629999999994,18.549140000000001],[73.800470000000004,18.54936],[73.799379999999999,18.54945],[73.798299999999998,18.549520000000001],[73.798190000000005,18.548439999999999],[73.798180000000002,18.54749],[73.797560000000004,18.546099999999999],[73.793549999999996,18.546199999999999],[73.793499999999995,18.54646],[73.791740000000004,18.546559999999999],[73.791799999999995,18.5472],[73.789640000000006,18.547450000000001],[73.788229999999999,18.547609999999999],[73.788110000000003,18.547630000000002],[73.784679999999994,18.549240000000001],[73.784139999999994,18.548639999999999],[73.783699999999996,18.54814],[73.783450000000002,18.547979999999999],[73.782849999999996,18.547979999999999],[73.781949999999995,18.548120000000001],[73.780839999999998,18.548390000000001],[73.78022,18.548539999999999],[73.779830000000004,18.54861],[73.778440000000003,18.548739999999999],[73.777869999999993,18.548739999999999],[73.776790000000005,18.54843],[73.775630000000007,18.54768],[73.774519999999995,18.546810000000001],[73.77413,18.546510000000001],[73.772069999999999,18.545069999999999],[73.771069999999995,18.54476],[73.769480000000001,18.544270000000001],[73.768479999999997,18.544],[73.767399999999995,18.543510000000001],[73.765209999999996,18.542290000000001],[73.763329999999996,18.541799999999999],[73.762720000000002,18.54119],[73.762280000000004,18.54083],[73.760959999999997,18.54055],[73.760279999999995,18.54044],[73.759550000000004,18.540130000000001],[73.75864,18.539619999999999],[73.758349999999993,18.539470000000001],[73.758030000000005,18.538930000000001],[73.757930000000002,18.53839],[73.758099999999999,18.53791],[73.758089999999996,18.537299999999998],[73.757289999999998,18.536809999999999],[73.756789999999995,18.536380000000001],[73.756230000000002,18.535879999999999],[73.755480000000006,18.535299999999999],[73.753889999999998,18.53424],[73.752859999999998,18.533760000000001],[73.752260000000007,18.533519999999999],[73.750749999999996,18.533110000000001],[73.750240000000005,18.533000000000001],[73.749589999999998,18.530609999999999],[73.749089999999995,18.53022],[73.748699999999999,18.529949999999999],[73.748260000000002,18.52974],[73.747680000000003,18.529579999999999],[73.747339999999994,18.529419999999998],[73.747290000000007,18.528919999999999],[73.747600000000006,18.528960000000001],[73.747649999999993,18.52854],[73.747609999999995,18.527239999999999],[73.74776,18.526700000000002],[73.747489999999999,18.525400000000001],[73.747439999999997,18.524560000000001],[73.747879999999995,18.523869999999999],[73.748620000000003,18.523129999999998],[73.748990000000006,18.522819999999999],[73.749409999999997,18.52244],[73.749979999999994,18.52214],[73.75027,18.522110000000001],[73.750969999999995,18.520630000000001],[73.751369999999994,18.52009],[73.751710000000003,18.519130000000001],[73.752390000000005,18.51801],[73.752610000000004,18.51754],[73.752660000000006,18.517219999999998],[73.753,18.516590000000001],[73.753460000000004,18.516030000000001],[73.75376,18.515830000000001],[73.754369999999994,18.51577],[73.755979999999994,18.515689999999999],[73.756200000000007,18.515609999999999],[73.756889999999999,18.515180000000001],[73.757580000000004,18.514579999999999],[73.758260000000007,18.5138],[73.758619999999993,18.513280000000002],[73.759029999999996,18.513120000000001],[73.759320000000002,18.512640000000001],[73.760019999999997,18.511489999999998],[73.760459999999995,18.510870000000001],[73.760990000000007,18.509899999999998],[73.761449999999996,18.509239999999998],[73.761690000000002,18.508759999999999],[73.761979999999994,18.508330000000001],[73.761989999999997,18.507729999999999],[73.762479999999996,18.506080000000001],[73.762500000000003,18.505790000000001],[73.762780000000006,18.505739999999999],[73.763260000000002,18.505710000000001],[73.766019999999997,18.50639],[73.766440000000003,18.507200000000001],[73.767439999999993,18.508150000000001],[73.767709999999994,18.50844],[73.767719999999997,18.508649999999999],[73.76764,18.508849999999999],[73.76737,18.508949999999999],[73.766980000000004,18.509080000000001],[73.766630000000006,18.509170000000001],[73.76643,18.509329999999999],[73.766440000000003,18.509609999999999],[73.766630000000006,18.509709999999998],[73.766810000000007,18.509709999999998],[73.767099999999999,18.509640000000001],[73.76858,18.509689999999999],[73.768879999999996,18.509820000000001],[73.769069999999999,18.510169999999999],[73.769289999999998,18.511690000000002],[73.769279999999995,18.5123],[73.768940000000001,18.512319999999999],[73.768829999999994,18.512419999999999],[73.768820000000005,18.512589999999999],[73.769170000000003,18.512820000000001],[73.769810000000007,18.513159999999999],[73.770030000000006,18.51315],[73.770840000000007,18.513110000000001],[73.771460000000005,18.51295],[73.771979999999999,18.512720000000002],[73.772170000000003,18.51257],[73.772289999999998,18.5124],[73.772570000000002,18.51247],[73.773629999999997,18.512969999999999],[73.774000000000001,18.513190000000002],[73.77458,18.51324],[73.77458,18.51351],[73.775189999999995,18.514340000000001],[73.775350000000003,18.514659999999999],[73.775289999999998,18.514800000000001],[73.775030000000001,18.514939999999999],[73.774959999999993,18.515070000000001],[73.775059999999996,18.515309999999999],[73.775409999999994,18.515450000000001],[73.775570000000002,18.515540000000001],[73.776060000000001,18.516269999999999],[73.776449999999997,18.516649999999998],[73.776690000000002,18.5169],[73.776809999999998,18.517589999999998],[73.776780000000002,18.518229999999999],[73.77655,18.519110000000001],[73.776499999999999,18.519220000000001],[73.775999999999996,18.519819999999999],[73.776510000000002,18.520140000000001],[73.777010000000004,18.51932],[73.777150000000006,18.519259999999999],[73.778189999999995,18.51934],[73.778170000000003,18.519629999999999],[73.778809999999993,18.519680000000001],[73.778890000000004,18.519220000000001],[73.779110000000003,18.518930000000001],[73.779929999999993,18.518160000000002],[73.781009999999995,18.51727],[73.781379999999999,18.516870000000001],[73.782349999999994,18.51482],[73.782650000000004,18.51408],[73.782619999999994,18.51362],[73.782290000000003,18.512239999999998],[73.783460000000005,18.51257],[73.783879999999996,18.51268],[73.786249999999995,18.512979999999999],[73.788229999999999,18.516739999999999],[73.789619999999999,18.516380000000002],[73.790019999999998,18.516310000000001],[73.790989999999994,18.515940000000001],[73.791390000000007,18.515920000000001],[73.792330000000007,18.51606],[73.792310000000001,18.516359999999999],[73.792720000000003,18.517029999999998],[73.793210000000002,18.517320000000002],[73.793700000000001,18.51792],[73.79468,18.518840000000001],[73.795289999999994,18.519459999999999],[73.795479999999998,18.51961],[73.796310000000005,18.520710000000001],[73.797079999999994,18.52159],[73.797939999999997,18.522369999999999],[73.798490000000001,18.5227],[73.798929999999999,18.523160000000001],[73.799840000000003,18.523479999999999],[73.800799999999995,18.523630000000001],[73.801659999999998,18.523769999999999],[73.802030000000002,18.52384],[73.802379999999999,18.524080000000001],[73.803039999999996,18.524159999999998],[73.803709999999995,18.524170000000002],[73.804270000000002,18.5244],[73.805019999999999,18.524539999999998],[73.806030000000007,18.5246],[73.806989999999999,18.524650000000001],[73.807450000000003,18.524740000000001],[73.809209999999993,18.524760000000001],[73.809650000000005,18.524809999999999],[73.810239999999993,18.524470000000001],[73.810810000000004,18.524290000000001],[73.811310000000006,18.52422],[73.812470000000005,18.524349999999998],[73.81232,18.5246],[73.811670000000007,18.525739999999999],[73.811030000000002,18.52711],[73.81071,18.52901],[73.810519999999997,18.52946],[73.810370000000006,18.52976],[73.810059999999993,18.530290000000001],[73.808170000000004,18.533989999999999],[73.807730000000006,18.53425],[73.807280000000006,18.534510000000001],[73.806920000000005,18.535],[73.804699999999997,18.534939999999999],[73.803839999999994,18.53772],[73.804069999999996,18.537759999999999],[73.804789999999997,18.537759999999999],[73.805769999999995,18.538060000000002],[73.806120000000007,18.538239999999998]]]},"properties":{"FID":13,"wardnum":14,"origin":"http://www.pmc.gov.in/sites/default/files/final_ward_maps/14_F_Ward.pdf","Name1":"14 Pashan - Bawdhan","Name2":"Pashan - Bawdhan"}},{"type":"Feature","id":14,"geometry":{"type":"Polygon","coordinates":[[[73.835350000000005,18.529859999999999],[73.833470000000005,18.529509999999998],[73.832800000000006,18.529330000000002],[73.831580000000002,18.529129999999999],[73.82996,18.52901],[73.830079999999995,18.531389999999998],[73.830290000000005,18.536549999999998],[73.830280000000002,18.537469999999999],[73.830190000000002,18.537890000000001],[73.829939999999993,18.539149999999999],[73.829740000000001,18.539739999999998],[73.829790000000003,18.540140000000001],[73.830150000000003,18.540459999999999],[73.83081,18.540839999999999],[73.828800000000001,18.542200000000001],[73.826809999999995,18.54186],[73.825909999999993,18.54176],[73.825230000000005,18.541720000000002],[73.824330000000003,18.54167],[73.823790000000002,18.541530000000002],[73.821659999999994,18.54101],[73.819460000000007,18.54026],[73.818680000000001,18.54017],[73.816810000000004,18.53999],[73.813789999999997,18.539760000000001],[73.81259,18.539670000000001],[73.812470000000005,18.539660000000001],[73.81129,18.53952],[73.810059999999993,18.539259999999999],[73.808859999999996,18.539020000000001],[73.807569999999998,18.538650000000001],[73.806120000000007,18.538239999999998],[73.805769999999995,18.538060000000002],[73.804789999999997,18.537759999999999],[73.804069999999996,18.537759999999999],[73.803839999999994,18.53772],[73.804699999999997,18.534939999999999],[73.806920000000005,18.535],[73.807280000000006,18.534510000000001],[73.807730000000006,18.53425],[73.808170000000004,18.533989999999999],[73.810059999999993,18.530290000000001],[73.810370000000006,18.52976],[73.810519999999997,18.52946],[73.81071,18.52901],[73.811030000000002,18.52711],[73.811670000000007,18.525739999999999],[73.81232,18.5246],[73.812439999999995,18.524419999999999],[73.813050000000004,18.524789999999999],[73.813630000000003,18.525189999999998],[73.814210000000003,18.52563],[73.814779999999999,18.526330000000002],[73.815830000000005,18.525569999999998],[73.817679999999996,18.524239999999999],[73.818119999999993,18.523409999999998],[73.819019999999995,18.523],[73.820589999999996,18.522089999999999],[73.821309999999997,18.521640000000001],[73.822289999999995,18.520910000000001],[73.823589999999996,18.52027],[73.824669999999998,18.520130000000002],[73.827010000000001,18.519200000000001],[73.827500000000001,18.519480000000001],[73.828779999999995,18.52197],[73.829390000000004,18.5228],[73.829440000000005,18.522749999999998],[73.829250000000002,18.522110000000001],[73.830410000000001,18.521999999999998],[73.830479999999994,18.523409999999998],[73.832449999999994,18.523689999999998],[73.830879999999993,18.524930000000001],[73.831549999999993,18.525390000000002],[73.833219999999997,18.52655],[73.83417,18.526479999999999],[73.834779999999995,18.52636],[73.834789999999998,18.526119999999999],[73.835139999999996,18.52581],[73.835449999999994,18.525639999999999],[73.835549999999998,18.525600000000001],[73.835819999999998,18.525179999999999],[73.836020000000005,18.52487],[73.836060000000003,18.524819999999998],[73.836190000000002,18.524909999999998],[73.836849999999998,18.52591],[73.837760000000003,18.52721],[73.837670000000003,18.527270000000001],[73.837050000000005,18.5276],[73.836470000000006,18.527940000000001],[73.83614,18.528279999999999],[73.835560000000001,18.52936],[73.835350000000005,18.529859999999999]]]},"properties":{"FID":14,"wardnum":15,"origin":"http://www.pmc.gov.in/sites/default/files/final_ward_maps/15_F_Ward.pdf","Name1":"15 Gokhalenagar - Vadarwadi","Name2":"Gokhalenagar - Vadarwadi"}},{"type":"Feature","id":15,"geometry":{"type":"Polygon","coordinates":[[[73.849450000000004,18.52102],[73.849249999999998,18.52196],[73.849140000000006,18.522500000000001],[73.848079999999996,18.522819999999999],[73.848020000000005,18.522929999999999],[73.846909999999994,18.523399999999999],[73.845590000000001,18.523910000000001],[73.844610000000003,18.524190000000001],[73.84384,18.524329999999999],[73.842680000000001,18.524560000000001],[73.841340000000002,18.524760000000001],[73.841629999999995,18.526019999999999],[73.841700000000003,18.526260000000001],[73.842140000000001,18.527090000000001],[73.841949999999997,18.527080000000002],[73.840339999999998,18.52702],[73.839089999999999,18.527069999999998],[73.83811,18.527149999999999],[73.837760000000003,18.52721],[73.836849999999998,18.52591],[73.836190000000002,18.524909999999998],[73.836060000000003,18.524819999999998],[73.836020000000005,18.52487],[73.835819999999998,18.525179999999999],[73.835549999999998,18.525600000000001],[73.835449999999994,18.525639999999999],[73.835139999999996,18.52581],[73.834789999999998,18.526119999999999],[73.834779999999995,18.52636],[73.83417,18.526479999999999],[73.833219999999997,18.52655],[73.831549999999993,18.525390000000002],[73.830879999999993,18.524930000000001],[73.832449999999994,18.523689999999998],[73.830479999999994,18.523409999999998],[73.830410000000001,18.521999999999998],[73.829250000000002,18.522110000000001],[73.829440000000005,18.522749999999998],[73.829390000000004,18.5228],[73.828779999999995,18.52197],[73.827500000000001,18.519480000000001],[73.827010000000001,18.519200000000001],[73.826239999999999,18.517050000000001],[73.824910000000003,18.51604],[73.824759999999998,18.51559],[73.824650000000005,18.514710000000001],[73.824399999999997,18.514669999999999],[73.824259999999995,18.51341],[73.824079999999995,18.513400000000001],[73.824110000000005,18.512409999999999],[73.824160000000006,18.512129999999999],[73.824240000000003,18.511980000000001],[73.824100000000001,18.51191],[73.82441,18.511289999999999],[73.824690000000004,18.510670000000001],[73.824960000000004,18.510290000000001],[73.825370000000007,18.50985],[73.825500000000005,18.509720000000002],[73.825900000000004,18.508890000000001],[73.826220000000006,18.507770000000001],[73.826660000000004,18.506319999999999],[73.825490000000002,18.505849999999999],[73.82508,18.50563],[73.823939999999993,18.50534],[73.823149999999998,18.505099999999999],[73.822490000000002,18.504829999999998],[73.821250000000006,18.504249999999999],[73.821399999999997,18.503920000000001],[73.821640000000002,18.502970000000001],[73.821950000000001,18.501809999999999],[73.82235,18.5002],[73.822550000000007,18.499580000000002],[73.822800000000001,18.49905],[73.823189999999997,18.49851],[73.823549999999997,18.497920000000001],[73.823930000000004,18.49812],[73.824380000000005,18.498169999999998],[73.825000000000003,18.498270000000002],[73.825419999999994,18.49832],[73.825869999999995,18.498539999999998],[73.826089999999994,18.49859],[73.826120000000003,18.498190000000001],[73.826539999999994,18.498149999999999],[73.826369999999997,18.49709],[73.825789999999998,18.494730000000001],[73.825010000000006,18.491630000000001],[73.824669999999998,18.490169999999999],[73.825230000000005,18.490030000000001],[73.825990000000004,18.489979999999999],[73.826819999999998,18.489999999999998],[73.827150000000003,18.48978],[73.826669999999993,18.489059999999998],[73.827870000000004,18.488489999999999],[73.828909999999993,18.490189999999998],[73.830629999999999,18.49268],[73.831720000000004,18.494250000000001],[73.832740000000001,18.495719999999999],[73.833060000000003,18.49606],[73.833209999999994,18.496230000000001],[73.833600000000004,18.49661],[73.834410000000005,18.497170000000001],[73.835329999999999,18.498049999999999],[73.836010000000002,18.49878],[73.836269999999999,18.499420000000001],[73.836839999999995,18.501180000000002],[73.836849999999998,18.502400000000002],[73.836799999999997,18.50282],[73.836669999999998,18.50384],[73.836539999999999,18.505849999999999],[73.836730000000003,18.506489999999999],[73.837180000000004,18.50742],[73.837490000000003,18.507809999999999],[73.839420000000004,18.509620000000002],[73.840100000000007,18.510249999999999],[73.840789999999998,18.51136],[73.841179999999994,18.512],[73.842280000000002,18.513030000000001],[73.843230000000005,18.513999999999999],[73.843879999999999,18.51473],[73.845010000000002,18.516120000000001],[73.845590000000001,18.517230000000001],[73.845920000000007,18.517849999999999],[73.846450000000004,18.51848],[73.847369999999998,18.51934],[73.847880000000004,18.519839999999999],[73.848200000000006,18.520150000000001],[73.848230000000001,18.52018],[73.848849999999999,18.520679999999999],[73.849270000000004,18.52092],[73.849450000000004,18.52102]]]},"properties":{"FID":15,"wardnum":16,"origin":"http://www.pmc.gov.in/sites/default/files/final_ward_maps/16_F_Ward.pdf","Name1":"16 Fergusson College - Erandwane","Name2":"Fergusson College - Erandwane"}},{"type":"Feature","id":16,"geometry":{"type":"Polygon","coordinates":[[[73.856290000000001,18.515730000000001],[73.85624,18.51615],[73.856229999999996,18.516680000000001],[73.856229999999996,18.516780000000001],[73.85624,18.517610000000001],[73.856210000000004,18.518599999999999],[73.854529999999997,18.51857],[73.854299999999995,18.51857],[73.854179999999999,18.518470000000001],[73.854069999999993,18.518319999999999],[73.854010000000002,18.518180000000001],[73.854010000000002,18.51802],[73.853819999999999,18.5182],[73.853840000000005,18.518630000000002],[73.853859999999997,18.519390000000001],[73.852990000000005,18.519449999999999],[73.852990000000005,18.520150000000001],[73.853089999999995,18.520160000000001],[73.853059999999999,18.52037],[73.853049999999996,18.520630000000001],[73.853059999999999,18.521080000000001],[73.853020000000001,18.521709999999999],[73.853120000000004,18.521740000000001],[73.853210000000004,18.52177],[73.851650000000006,18.52131],[73.851050000000001,18.52122],[73.849819999999994,18.52111],[73.849450000000004,18.52102],[73.849270000000004,18.52092],[73.848849999999999,18.520679999999999],[73.848230000000001,18.52018],[73.848200000000006,18.520150000000001],[73.847880000000004,18.519839999999999],[73.847369999999998,18.51934],[73.846450000000004,18.51848],[73.845920000000007,18.517849999999999],[73.845590000000001,18.517230000000001],[73.845010000000002,18.516120000000001],[73.843879999999999,18.51473],[73.843230000000005,18.513999999999999],[73.842280000000002,18.513030000000001],[73.841179999999994,18.512],[73.840789999999998,18.51136],[73.840100000000007,18.510249999999999],[73.839420000000004,18.509620000000002],[73.837490000000003,18.507809999999999],[73.837180000000004,18.50742],[73.836730000000003,18.506489999999999],[73.836539999999999,18.505849999999999],[73.836669999999998,18.50384],[73.836799999999997,18.50282],[73.837829999999997,18.502960000000002],[73.837829999999997,18.503309999999999],[73.838840000000005,18.503319999999999],[73.838890000000006,18.50347],[73.838819999999998,18.504709999999999],[73.839020000000005,18.504760000000001],[73.839190000000002,18.504829999999998],[73.839309999999998,18.50489],[73.839470000000006,18.50497],[73.83963,18.504999999999999],[73.840440000000001,18.504999999999999],[73.840739999999997,18.50498],[73.841340000000002,18.50498],[73.841830000000002,18.50498],[73.842250000000007,18.504940000000001],[73.842849999999999,18.504940000000001],[73.843410000000006,18.504919999999998],[73.843829999999997,18.504960000000001],[73.844210000000004,18.505030000000001],[73.844909999999999,18.50517],[73.845269999999999,18.50386],[73.845339999999993,18.50367],[73.845439999999996,18.50244],[73.845500000000001,18.502179999999999],[73.845770000000002,18.502179999999999],[73.846050000000005,18.502130000000001],[73.846739999999997,18.502120000000001],[73.847239999999999,18.502189999999999],[73.847269999999995,18.50226],[73.847380000000001,18.502179999999999],[73.848219999999998,18.502189999999999],[73.848240000000004,18.504239999999999],[73.849429999999998,18.50441],[73.849509999999995,18.504429999999999],[73.849410000000006,18.50583],[73.850080000000005,18.505939999999999],[73.850629999999995,18.505929999999999],[73.850409999999997,18.507829999999998],[73.85042,18.507909999999999],[73.850430000000003,18.508320000000001],[73.851389999999995,18.508459999999999],[73.851979999999998,18.50853],[73.852400000000003,18.508579999999998],[73.852580000000003,18.508610000000001],[73.85284,18.508600000000001],[73.852900000000005,18.50835],[73.853009999999998,18.508189999999999],[73.853120000000004,18.508050000000001],[73.853219999999993,18.507960000000001],[73.853710000000007,18.50788],[73.853729999999999,18.50956],[73.85378,18.510760000000001],[73.853849999999994,18.51295],[73.85378,18.514220000000002],[73.853750000000005,18.514600000000002],[73.854179999999999,18.514659999999999],[73.854299999999995,18.514679999999998],[73.854690000000005,18.514869999999998],[73.855270000000004,18.5152],[73.855710000000002,18.515429999999999],[73.855969999999999,18.515619999999998],[73.856290000000001,18.515730000000001]]]},"properties":{"FID":16,"wardnum":17,"origin":"http://www.pmc.gov.in/sites/default/files/final_ward_maps/17_F_Ward.pdf","Name1":"17 Shaniwar peth - Navi Peth","Name2":"Shaniwar peth - Navi Peth"}},{"type":"Feature","id":17,"geometry":{"type":"Polygon","coordinates":[[[73.864869999999996,18.515450000000001],[73.864769999999993,18.515470000000001],[73.864620000000002,18.515550000000001],[73.864500000000007,18.515650000000001],[73.864270000000005,18.515799999999999],[73.863839999999996,18.516069999999999],[73.863630000000001,18.516179999999999],[73.862809999999996,18.516200000000001],[73.862799999999993,18.516580000000001],[73.862840000000006,18.516870000000001],[73.862949999999998,18.51718],[73.863,18.517430000000001],[73.863029999999995,18.51783],[73.862309999999994,18.518139999999999],[73.862229999999997,18.518280000000001],[73.862129999999993,18.51849],[73.862089999999995,18.518650000000001],[73.862110000000001,18.518799999999999],[73.862359999999995,18.519300000000001],[73.86242,18.519369999999999],[73.862350000000006,18.51951],[73.86224,18.519439999999999],[73.862009999999998,18.519349999999999],[73.861549999999994,18.51924],[73.8613,18.519210000000001],[73.861249999999998,18.520150000000001],[73.861320000000006,18.520160000000001],[73.8613,18.520420000000001],[73.8613,18.521059999999999],[73.861270000000005,18.521159999999998],[73.861149999999995,18.5214],[73.861040000000003,18.521660000000001],[73.860939999999999,18.52214],[73.861050000000006,18.52215],[73.861230000000006,18.522210000000001],[73.861500000000007,18.522369999999999],[73.8613,18.522749999999998],[73.860860000000002,18.52355],[73.860849999999999,18.523700000000002],[73.860919999999993,18.52394],[73.861069999999998,18.524149999999999],[73.861140000000006,18.524349999999998],[73.861130000000003,18.52458],[73.861050000000006,18.524640000000002],[73.860889999999998,18.524799999999999],[73.86036,18.525700000000001],[73.860780000000005,18.525970000000001],[73.861059999999995,18.526199999999999],[73.86121,18.526399999999999],[73.861620000000002,18.52685],[73.861779999999996,18.52694],[73.861990000000006,18.527149999999999],[73.862769999999998,18.527629999999998],[73.863370000000003,18.527950000000001],[73.863399999999999,18.52825],[73.863349999999997,18.528749999999999],[73.860640000000004,18.528649999999999],[73.860529999999997,18.528279999999999],[73.860339999999994,18.52796],[73.859639999999999,18.527059999999999],[73.857519999999994,18.52488],[73.855789999999999,18.523150000000001],[73.855040000000002,18.522559999999999],[73.854420000000005,18.522279999999999],[73.853380000000001,18.521820000000002],[73.853210000000004,18.52177],[73.853120000000004,18.521740000000001],[73.853020000000001,18.521709999999999],[73.853059999999999,18.521080000000001],[73.853049999999996,18.520630000000001],[73.853059999999999,18.52037],[73.853089999999995,18.520160000000001],[73.852990000000005,18.520150000000001],[73.852990000000005,18.519449999999999],[73.853859999999997,18.519390000000001],[73.853840000000005,18.518630000000002],[73.853819999999999,18.5182],[73.854010000000002,18.51802],[73.854010000000002,18.518180000000001],[73.854069999999993,18.518319999999999],[73.854179999999999,18.518470000000001],[73.854299999999995,18.51857],[73.854529999999997,18.51857],[73.856210000000004,18.518599999999999],[73.85624,18.517610000000001],[73.856229999999996,18.516780000000001],[73.856229999999996,18.516680000000001],[73.85624,18.51615],[73.856290000000001,18.515730000000001],[73.856319999999997,18.515509999999999],[73.856369999999998,18.515270000000001],[73.856449999999995,18.515059999999998],[73.856589999999997,18.514849999999999],[73.856710000000007,18.514749999999999],[73.857230000000001,18.51389],[73.857290000000006,18.51371],[73.857650000000007,18.512689999999999],[73.85839,18.512799999999999],[73.858710000000002,18.512869999999999],[73.859719999999996,18.51295],[73.860079999999996,18.513100000000001],[73.860420000000005,18.513200000000001],[73.861009999999993,18.513249999999999],[73.861310000000003,18.51323],[73.861419999999995,18.513179999999998],[73.861959999999996,18.513120000000001],[73.862579999999994,18.513069999999999],[73.862960000000001,18.513010000000001],[73.863200000000006,18.51295],[73.863370000000003,18.512910000000002],[73.86403,18.512519999999999],[73.864350000000002,18.512429999999998],[73.864540000000005,18.512810000000002],[73.864779999999996,18.51332],[73.865070000000003,18.51379],[73.865139999999997,18.51397],[73.865139999999997,18.514230000000001],[73.865129999999994,18.51463],[73.865070000000003,18.51474],[73.864919999999998,18.51502],[73.864840000000001,18.5153],[73.864869999999996,18.515450000000001]]]},"properties":{"FID":17,"wardnum":18,"origin":"http://www.pmc.gov.in/sites/default/files/final_ward_maps/18_F_Ward.pdf","Name1":"18 Shaniwarwada - Kasba Peth","Name2":"Shaniwarwada - Kasba Peth"}},{"type":"Feature","id":18,"geometry":{"type":"Polygon","coordinates":[[[73.868639999999999,18.51539],[73.868570000000005,18.516780000000001],[73.868480000000005,18.51735],[73.86842,18.517659999999999],[73.868350000000007,18.519480000000001],[73.868269999999995,18.519570000000002],[73.868589999999998,18.5199],[73.869100000000003,18.520109999999999],[73.869609999999994,18.520119999999999],[73.870580000000004,18.520060000000001],[73.871920000000003,18.520140000000001],[73.872150000000005,18.52017],[73.872309999999999,18.520209999999999],[73.872389999999996,18.52028],[73.872529999999998,18.520530000000001],[73.872290000000007,18.520600000000002],[73.871799999999993,18.520800000000001],[73.871729999999999,18.520849999999999],[73.871639999999999,18.520990000000001],[73.871440000000007,18.521509999999999],[73.870829999999998,18.522880000000001],[73.870519999999999,18.52346],[73.870230000000006,18.524049999999999],[73.870130000000003,18.524190000000001],[73.86994,18.524339999999999],[73.869060000000005,18.524840000000001],[73.868650000000002,18.52505],[73.868170000000006,18.525259999999999],[73.867739999999998,18.525500000000001],[73.867519999999999,18.52561],[73.867410000000007,18.525680000000001],[73.867260000000002,18.525759999999998],[73.866720000000001,18.526039999999998],[73.865920000000003,18.52647],[73.864890000000003,18.527000000000001],[73.863849999999999,18.52758],[73.863569999999996,18.527799999999999],[73.863370000000003,18.527950000000001],[73.862769999999998,18.527629999999998],[73.861990000000006,18.527149999999999],[73.861779999999996,18.52694],[73.861620000000002,18.52685],[73.86121,18.526399999999999],[73.861059999999995,18.526199999999999],[73.860780000000005,18.525970000000001],[73.86036,18.525700000000001],[73.860889999999998,18.524799999999999],[73.861050000000006,18.524640000000002],[73.861130000000003,18.52458],[73.861140000000006,18.524349999999998],[73.861069999999998,18.524149999999999],[73.860919999999993,18.52394],[73.860849999999999,18.523700000000002],[73.860860000000002,18.52355],[73.8613,18.522749999999998],[73.861500000000007,18.522369999999999],[73.861230000000006,18.522210000000001],[73.861050000000006,18.52215],[73.860939999999999,18.52214],[73.861040000000003,18.521660000000001],[73.861149999999995,18.5214],[73.861270000000005,18.521159999999998],[73.8613,18.521059999999999],[73.8613,18.520420000000001],[73.861320000000006,18.520160000000001],[73.861249999999998,18.520150000000001],[73.8613,18.519210000000001],[73.861549999999994,18.51924],[73.862009999999998,18.519349999999999],[73.86224,18.519439999999999],[73.862350000000006,18.51951],[73.86242,18.519369999999999],[73.862359999999995,18.519300000000001],[73.862110000000001,18.518799999999999],[73.862089999999995,18.518650000000001],[73.862129999999993,18.51849],[73.862229999999997,18.518280000000001],[73.862309999999994,18.518139999999999],[73.863029999999995,18.51783],[73.863,18.517430000000001],[73.862949999999998,18.51718],[73.862840000000006,18.516870000000001],[73.862799999999993,18.516580000000001],[73.862809999999996,18.516200000000001],[73.863630000000001,18.516179999999999],[73.863839999999996,18.516069999999999],[73.864270000000005,18.515799999999999],[73.864500000000007,18.515650000000001],[73.864620000000002,18.515550000000001],[73.864769999999993,18.515470000000001],[73.864869999999996,18.515450000000001],[73.86542,18.515450000000001],[73.867170000000002,18.5154],[73.868319999999997,18.515429999999999],[73.868639999999999,18.51539]]]},"properties":{"FID":18,"wardnum":19,"origin":"http://www.pmc.gov.in/sites/default/files/final_ward_maps/19_F_Ward.pdf","Name1":"19 Chhatrapati Shivaji Maharaj Stadium - Rasta peth","Name2":"Chhatrapati Shivaji Maharaj Stadium - Rasta peth"}},{"type":"Feature","id":19,"geometry":{"type":"Polygon","coordinates":[[[73.879329999999996,18.53051],[73.878690000000006,18.530270000000002],[73.877380000000002,18.52983],[73.875969999999995,18.52948],[73.875609999999995,18.530909999999999],[73.876170000000002,18.53145],[73.878219999999999,18.53313],[73.878960000000006,18.533850000000001],[73.880889999999994,18.536719999999999],[73.883669999999995,18.54102],[73.883830000000003,18.5412],[73.883970000000005,18.541229999999999],[73.885390000000001,18.541499999999999],[73.885329999999996,18.5425],[73.885180000000005,18.543209999999998],[73.885090000000005,18.543410000000002],[73.884680000000003,18.543369999999999],[73.884169999999997,18.543330000000001],[73.884020000000007,18.543310000000002],[73.883619999999993,18.543279999999999],[73.882159999999999,18.543140000000001],[73.882009999999994,18.543119999999998],[73.880359999999996,18.542960000000001],[73.880129999999994,18.542929999999998],[73.880089999999996,18.542929999999998],[73.878860000000003,18.542809999999999],[73.878159999999994,18.542639999999999],[73.877200000000002,18.542310000000001],[73.877179999999996,18.542300000000001],[73.876050000000006,18.541930000000001],[73.874070000000003,18.54129],[73.872219999999999,18.540700000000001],[73.871750000000006,18.540559999999999],[73.869969999999995,18.54008],[73.86788,18.539269999999998],[73.866960000000006,18.538799999999998],[73.865549999999999,18.537970000000001],[73.864329999999995,18.537030000000001],[73.863789999999995,18.53642],[73.862750000000005,18.535049999999998],[73.862340000000003,18.534279999999999],[73.861770000000007,18.533329999999999],[73.861000000000004,18.532240000000002],[73.860500000000002,18.531860000000002],[73.860500000000002,18.53069],[73.860560000000007,18.530069999999998],[73.860669999999999,18.529309999999999],[73.860650000000007,18.528700000000001],[73.860640000000004,18.528680000000001],[73.860640000000004,18.528649999999999],[73.863349999999997,18.528749999999999],[73.863399999999999,18.52825],[73.863370000000003,18.527950000000001],[73.863569999999996,18.527799999999999],[73.863849999999999,18.52758],[73.864890000000003,18.527000000000001],[73.865920000000003,18.52647],[73.866720000000001,18.526039999999998],[73.867260000000002,18.525759999999998],[73.867410000000007,18.525680000000001],[73.867519999999999,18.52561],[73.867739999999998,18.525500000000001],[73.868170000000006,18.525259999999999],[73.868650000000002,18.52505],[73.869060000000005,18.524840000000001],[73.86994,18.524339999999999],[73.870130000000003,18.524190000000001],[73.870230000000006,18.524049999999999],[73.870519999999999,18.52346],[73.870829999999998,18.522880000000001],[73.871440000000007,18.521509999999999],[73.871639999999999,18.520990000000001],[73.871729999999999,18.520849999999999],[73.871799999999993,18.520800000000001],[73.872290000000007,18.520600000000002],[73.872529999999998,18.520530000000001],[73.872389999999996,18.52028],[73.872309999999999,18.520209999999999],[73.872150000000005,18.52017],[73.871920000000003,18.520140000000001],[73.870580000000004,18.520060000000001],[73.869609999999994,18.520119999999999],[73.869100000000003,18.520109999999999],[73.868589999999998,18.5199],[73.868269999999995,18.519570000000002],[73.868350000000007,18.519480000000001],[73.86842,18.517659999999999],[73.868480000000005,18.51735],[73.868570000000005,18.516780000000001],[73.868639999999999,18.51539],[73.868679999999998,18.513079999999999],[73.868960000000001,18.513020000000001],[73.869110000000006,18.512930000000001],[73.869240000000005,18.512789999999999],[73.869460000000004,18.512589999999999],[73.869900000000001,18.511859999999999],[73.869950000000003,18.511610000000001],[73.870130000000003,18.511379999999999],[73.870469999999997,18.511150000000001],[73.870840000000001,18.51099],[73.871870000000001,18.510670000000001],[73.872060000000005,18.510660000000001],[73.872529999999998,18.510719999999999],[73.87321,18.51079],[73.873900000000006,18.510899999999999],[73.875569999999996,18.511060000000001],[73.875219999999999,18.511320000000001],[73.875100000000003,18.511610000000001],[73.874970000000005,18.512090000000001],[73.874859999999998,18.512440000000002],[73.874719999999996,18.512619999999998],[73.874430000000004,18.512910000000002],[73.873980000000003,18.513449999999999],[73.873589999999993,18.513999999999999],[73.873360000000005,18.514530000000001],[73.873239999999996,18.51491],[73.87321,18.515180000000001],[73.873289999999997,18.515509999999999],[73.873519999999999,18.515999999999998],[73.873469999999998,18.516480000000001],[73.873230000000007,18.516459999999999],[73.873239999999996,18.516719999999999],[73.873059999999995,18.516950000000001],[73.872929999999997,18.51736],[73.873159999999999,18.517410000000002],[73.873239999999996,18.51755],[73.873379999999997,18.517720000000001],[73.873940000000005,18.517759999999999],[73.874049999999997,18.51792],[73.874380000000002,18.518129999999999],[73.874420000000001,18.518380000000001],[73.874849999999995,18.51839],[73.875370000000004,18.5183],[73.875609999999995,18.518380000000001],[73.876260000000002,18.518419999999999],[73.876559999999998,18.519210000000001],[73.877340000000004,18.52167],[73.87885,18.520910000000001],[73.880529999999993,18.52421],[73.878659999999996,18.524609999999999],[73.87876,18.525069999999999],[73.879109999999997,18.52638],[73.87912,18.526620000000001],[73.879329999999996,18.53051]]]},"properties":{"FID":19,"wardnum":20,"origin":"http://www.pmc.gov.in/sites/default/files/final_ward_maps/20_F_Ward.pdf","Name1":"20 Pune Station -Matoshri Ramabai Ambedkar Road","Name2":"Pune Station -Matoshri Ramabai Ambedkar Road"}},{"type":"Feature","id":20,"geometry":{"type":"Polygon","coordinates":[[[73.92259,18.538989999999998],[73.922560000000004,18.538910000000001],[73.919120000000007,18.539000000000001],[73.918040000000005,18.539110000000001],[73.917550000000006,18.539190000000001],[73.91713,18.539269999999998],[73.916060000000002,18.539729999999999],[73.91574,18.539770000000001],[73.915450000000007,18.539750000000002],[73.915009999999995,18.5397],[73.914550000000006,18.539709999999999],[73.913049999999998,18.539870000000001],[73.912120000000002,18.539960000000001],[73.911460000000005,18.540109999999999],[73.910650000000004,18.540479999999999],[73.910430000000005,18.54055],[73.909040000000005,18.540870000000002],[73.905829999999995,18.541250000000002],[73.905180000000001,18.541219999999999],[73.904949999999999,18.5412],[73.903760000000005,18.541129999999999],[73.902640000000005,18.541160000000001],[73.901809999999998,18.541239999999998],[73.901150000000001,18.5413],[73.900189999999995,18.541509999999999],[73.899550000000005,18.541650000000001],[73.897300000000001,18.542169999999999],[73.895309999999995,18.542729999999999],[73.894360000000006,18.54298],[73.892470000000003,18.543559999999999],[73.891549999999995,18.54373],[73.890519999999995,18.543810000000001],[73.889589999999998,18.54382],[73.88897,18.543759999999999],[73.887469999999993,18.543690000000002],[73.887,18.54363],[73.885840000000002,18.543489999999998],[73.885210000000001,18.543420000000001],[73.885090000000005,18.543410000000002],[73.885180000000005,18.543209999999998],[73.885329999999996,18.5425],[73.885390000000001,18.541499999999999],[73.883970000000005,18.541229999999999],[73.883830000000003,18.5412],[73.883669999999995,18.54102],[73.880889999999994,18.536719999999999],[73.878960000000006,18.533850000000001],[73.878219999999999,18.53313],[73.876170000000002,18.53145],[73.875609999999995,18.530909999999999],[73.875969999999995,18.52948],[73.877380000000002,18.52983],[73.878690000000006,18.530270000000002],[73.879329999999996,18.53051],[73.879339999999999,18.530339999999999],[73.881029999999996,18.530889999999999],[73.883039999999994,18.531330000000001],[73.883870000000002,18.531479999999998],[73.885729999999995,18.531639999999999],[73.885509999999996,18.53004],[73.886840000000007,18.529810000000001],[73.887150000000005,18.531300000000002],[73.891109999999998,18.529540000000001],[73.892539999999997,18.5288],[73.895380000000003,18.527519999999999],[73.897019999999998,18.526689999999999],[73.897270000000006,18.527259999999998],[73.898300000000006,18.526599999999998],[73.898979999999995,18.525960000000001],[73.899439999999998,18.52542],[73.900289999999998,18.524180000000001],[73.901009999999999,18.523099999999999],[73.900589999999994,18.522469999999998],[73.900530000000003,18.52223],[73.900580000000005,18.52169],[73.900670000000005,18.5215],[73.900800000000004,18.52131],[73.900779999999997,18.521090000000001],[73.900649999999999,18.520759999999999],[73.900580000000005,18.52036],[73.900390000000002,18.51999],[73.900099999999995,18.51961],[73.899839999999998,18.519279999999998],[73.899649999999994,18.518920000000001],[73.899429999999995,18.51876],[73.898809999999997,18.518789999999999],[73.898669999999996,18.518719999999998],[73.898529999999994,18.51859],[73.898470000000003,18.51848],[73.89855,18.517009999999999],[73.898179999999996,18.516400000000001],[73.898120000000006,18.516190000000002],[73.898110000000003,18.51587],[73.898349999999994,18.515440000000002],[73.899320000000003,18.514430000000001],[73.899420000000006,18.514410000000002],[73.899590000000003,18.514410000000002],[73.899720000000002,18.514289999999999],[73.900069999999999,18.513629999999999],[73.900180000000006,18.513480000000001],[73.900379999999998,18.513269999999999],[73.900419999999997,18.513010000000001],[73.900390000000002,18.511970000000002],[73.900289999999998,18.511659999999999],[73.900329999999997,18.51127],[73.900400000000005,18.511019999999998],[73.900810000000007,18.511009999999999],[73.901330000000002,18.510999999999999],[73.901970000000006,18.511050000000001],[73.902360000000002,18.51117],[73.902789999999996,18.51146],[73.903750000000002,18.512530000000002],[73.905540000000002,18.514489999999999],[73.906279999999995,18.51529],[73.906819999999996,18.51557],[73.907150000000001,18.515609999999999],[73.907169999999994,18.515840000000001],[73.907049999999998,18.516369999999998],[73.906809999999993,18.517309999999998],[73.906620000000004,18.51821],[73.90652,18.519690000000001],[73.906490000000005,18.520240000000001],[73.906350000000003,18.522559999999999],[73.906220000000005,18.525310000000001],[73.90701,18.525320000000001],[73.907030000000006,18.525649999999999],[73.907629999999997,18.52562],[73.907629999999997,18.525839999999999],[73.90907,18.525780000000001],[73.909049999999993,18.525659999999998],[73.909620000000004,18.52562],[73.909639999999996,18.529050000000002],[73.914810000000003,18.528400000000001],[73.917320000000004,18.528079999999999],[73.921329999999998,18.52758],[73.927670000000006,18.526800000000001],[73.932289999999995,18.52628],[73.932329999999993,18.52777],[73.932410000000004,18.528790000000001],[73.932479999999998,18.52965],[73.932239999999993,18.531479999999998],[73.932339999999996,18.53173],[73.932860000000005,18.532350000000001],[73.932950000000005,18.53248],[73.933090000000007,18.532920000000001],[73.933769999999996,18.53603],[73.93235,18.53614],[73.931920000000005,18.53614],[73.931309999999996,18.53631],[73.930490000000006,18.536529999999999],[73.928380000000004,18.537279999999999],[73.927049999999994,18.537710000000001],[73.926329999999993,18.537980000000001],[73.925600000000003,18.538239999999998],[73.924250000000001,18.538640000000001],[73.923450000000003,18.538830000000001],[73.92259,18.538989999999998]],[[73.900769999999994,18.532080000000001],[73.900589999999994,18.532710000000002],[73.900769999999994,18.533439999999999],[73.900739999999999,18.534739999999999],[73.900919999999999,18.53518],[73.900949999999995,18.536560000000001],[73.901200000000003,18.537040000000001],[73.902209999999997,18.537099999999999],[73.903289999999998,18.53726],[73.90334,18.537929999999999],[73.903499999999994,18.5383],[73.904480000000007,18.538250000000001],[73.904330000000002,18.536770000000001],[73.906999999999996,18.536370000000002],[73.90643,18.53462],[73.906260000000003,18.530619999999999],[73.90598,18.529900000000001],[73.906289999999998,18.529419999999998],[73.904939999999996,18.529640000000001],[73.902869999999993,18.529949999999999],[73.901809999999998,18.529949999999999],[73.901009999999999,18.53012],[73.900760000000005,18.530629999999999],[73.900769999999994,18.532080000000001]],[[73.901110000000003,18.525079999999999],[73.901160000000004,18.524920000000002],[73.900660000000002,18.525020000000001],[73.900109999999998,18.525279999999999],[73.899619999999999,18.52544],[73.899519999999995,18.52552],[73.899190000000004,18.52589],[73.898920000000004,18.52636],[73.898060000000001,18.527139999999999],[73.898560000000003,18.527190000000001],[73.898780000000002,18.527200000000001],[73.899159999999995,18.527360000000002],[73.899500000000003,18.5275],[73.899749999999997,18.527719999999999],[73.901079999999993,18.52882],[73.901319999999998,18.528919999999999],[73.901700000000005,18.528939999999999],[73.901719999999997,18.528880000000001],[73.901719999999997,18.528500000000001],[73.901660000000007,18.52834],[73.901539999999997,18.528089999999999],[73.901499999999999,18.52787],[73.901409999999998,18.52704],[73.90137,18.526900000000001],[73.9011,18.526230000000002],[73.901110000000003,18.525079999999999]]]},"properties":{"FID":20,"wardnum":21,"origin":"http://www.pmc.gov.in/sites/default/files/final_ward_maps/21_F_Ward.pdf","Name1":"21 Koregaon park - Mundhwa","Name2":"Koregaon park - Mundhwa"}},{"type":"Feature","id":21,"geometry":{"type":"Polygon","coordinates":[[[73.972520000000003,18.541139999999999],[73.972309999999993,18.54102],[73.969319999999996,18.543030000000002],[73.966970000000003,18.543310000000002],[73.965860000000006,18.543610000000001],[73.964200000000005,18.5442],[73.962639999999993,18.545010000000001],[73.961039999999997,18.54589],[73.960849999999994,18.546279999999999],[73.959720000000004,18.546700000000001],[73.958380000000005,18.546880000000002],[73.956810000000004,18.546769999999999],[73.955460000000002,18.546309999999998],[73.954369999999997,18.545929999999998],[73.953829999999996,18.545850000000002],[73.953490000000002,18.54579],[73.951189999999997,18.545780000000001],[73.949560000000005,18.545660000000002],[73.947220000000002,18.545680000000001],[73.946669999999997,18.545639999999999],[73.946119999999993,18.54551],[73.945679999999996,18.54532],[73.945080000000004,18.545000000000002],[73.944490000000002,18.544609999999999],[73.943910000000002,18.544139999999999],[73.943520000000007,18.543700000000001],[73.942840000000004,18.542670000000001],[73.942329999999998,18.541609999999999],[73.942049999999995,18.540980000000001],[73.941590000000005,18.53997],[73.941450000000003,18.539580000000001],[73.941400000000002,18.539439999999999],[73.940690000000004,18.537790000000001],[73.940330000000003,18.537199999999999],[73.939779999999999,18.53651],[73.939310000000006,18.53612],[73.938980000000001,18.535969999999999],[73.938310000000001,18.535779999999999],[73.937989999999999,18.53576],[73.936980000000005,18.53576],[73.935959999999994,18.53585],[73.933769999999996,18.53603],[73.933090000000007,18.532920000000001],[73.933509999999998,18.533000000000001],[73.934010000000001,18.53276],[73.934520000000006,18.532599999999999],[73.934880000000007,18.532630000000001],[73.936130000000006,18.532219999999999],[73.936670000000007,18.532139999999998],[73.93723,18.532160000000001],[73.938730000000007,18.532730000000001],[73.940529999999995,18.533570000000001],[73.941010000000006,18.53369],[73.941940000000002,18.53406],[73.941820000000007,18.53237],[73.941860000000005,18.531839999999999],[73.941659999999999,18.530809999999999],[73.94323,18.530239999999999],[73.942620000000005,18.528120000000001],[73.941919999999996,18.525739999999999],[73.941609999999997,18.524260000000002],[73.945490000000007,18.524170000000002],[73.948229999999995,18.524100000000001],[73.951030000000003,18.523990000000001],[73.951160000000002,18.52384],[73.951130000000006,18.520990000000001],[73.953590000000005,18.520230000000002],[73.954189999999997,18.519970000000001],[73.95917,18.517779999999998],[73.958259999999996,18.509060000000002],[73.959119999999999,18.508939999999999],[73.959950000000006,18.50853],[73.960579999999993,18.507829999999998],[73.960650000000001,18.50658],[73.960210000000004,18.505659999999999],[73.959590000000006,18.505310000000001],[73.958640000000003,18.505240000000001],[73.958209999999994,18.505189999999999],[73.957499999999996,18.504829999999998],[73.956689999999995,18.50507],[73.956659999999999,18.50535],[73.954300000000003,18.505379999999999],[73.954269999999994,18.504570000000001],[73.95487,18.504560000000001],[73.9559,18.504349999999999],[73.956980000000001,18.504380000000001],[73.958640000000003,18.504190000000001],[73.958430000000007,18.501149999999999],[73.958250000000007,18.500409999999999],[73.957880000000003,18.497859999999999],[73.957239999999999,18.49503],[73.956879999999998,18.493359999999999],[73.957689999999999,18.493369999999999],[73.959119999999999,18.49314],[73.960049999999995,18.492170000000002],[73.960400000000007,18.491599999999998],[73.960639999999998,18.49091],[73.960830000000001,18.49014],[73.960769999999997,18.488630000000001],[73.960629999999995,18.487300000000001],[73.96078,18.485849999999999],[73.961129999999997,18.48423],[73.96217,18.48171],[73.963059999999999,18.480499999999999],[73.963769999999997,18.479939999999999],[73.972309999999993,18.477969999999999],[73.978200000000001,18.47683],[73.978440000000006,18.476780000000002],[73.979249999999993,18.476600000000001],[73.979699999999994,18.476500000000001],[73.980199999999996,18.47617],[73.980320000000006,18.475919999999999],[73.980580000000003,18.474979999999999],[73.981430000000003,18.473549999999999],[73.982129999999998,18.47241],[73.982479999999995,18.472000000000001],[73.982830000000007,18.471620000000001],[73.984430000000003,18.47082],[73.99015,18.468260000000001],[73.990830000000003,18.468139999999998],[73.991569999999996,18.468260000000001],[73.99239,18.468489999999999],[73.993049999999997,18.468699999999998],[73.993520000000004,18.468800000000002],[73.99418,18.46876],[73.994739999999993,18.468579999999999],[73.995480000000001,18.468319999999999],[73.996560000000002,18.468209999999999],[73.999780000000001,18.466640000000002],[74.000699999999995,18.468990000000002],[74.00103,18.4697],[74.001429999999999,18.47101],[74.001990000000006,18.472110000000001],[74.002350000000007,18.472760000000001],[74.002539999999996,18.473700000000001],[74.003010000000003,18.47532],[74.003219999999999,18.476189999999999],[74.003519999999995,18.476659999999999],[74.003789999999995,18.47795],[74.003990000000002,18.47841],[74.004180000000005,18.47926],[74.004350000000002,18.479890000000001],[74.004559999999998,18.480779999999999],[74.004819999999995,18.481629999999999],[74.005030000000005,18.482780000000002],[74.005319999999998,18.484000000000002],[74.005750000000006,18.486149999999999],[74.006270000000001,18.487110000000001],[74.006730000000005,18.488140000000001],[74.005700000000004,18.488119999999999],[74.004679999999993,18.48827],[74.003839999999997,18.48865],[74.003190000000004,18.48921],[74.002939999999995,18.489560000000001],[74.002330000000001,18.489719999999998],[74.001750000000001,18.49005],[73.999960000000002,18.49061],[73.997960000000006,18.49109],[73.995940000000004,18.491350000000001],[73.993340000000003,18.491569999999999],[73.990750000000006,18.49175],[73.989310000000003,18.491869999999999],[73.989170000000001,18.4922],[73.989680000000007,18.493089999999999],[73.99194,18.494150000000001],[73.992040000000003,18.49494],[73.991659999999996,18.496410000000001],[73.991600000000005,18.496759999999998],[73.991900000000001,18.49793],[73.992080000000001,18.498550000000002],[73.992410000000007,18.499079999999999],[73.992800000000003,18.499410000000001],[73.993250000000003,18.49963],[73.993520000000004,18.500119999999999],[73.995710000000003,18.502469999999999],[73.995819999999995,18.502880000000001],[73.996700000000004,18.503499999999999],[73.997060000000005,18.503920000000001],[73.997550000000004,18.50479],[73.997810000000001,18.505590000000002],[73.995639999999995,18.507100000000001],[73.994730000000004,18.507629999999999],[73.993809999999996,18.508279999999999],[73.992609999999999,18.509139999999999],[73.991820000000004,18.50985],[73.991290000000006,18.51041],[73.991129999999998,18.511189999999999],[73.991190000000003,18.51286],[73.991280000000003,18.514340000000001],[73.991579999999999,18.516850000000002],[73.991919999999993,18.517849999999999],[73.99203,18.52028],[73.991780000000006,18.521540000000002],[73.991280000000003,18.522670000000002],[73.990279999999998,18.523540000000001],[73.989069999999998,18.524239999999999],[73.98657,18.525790000000001],[73.979669999999999,18.530339999999999],[73.978530000000006,18.53173],[73.977909999999994,18.53248],[73.975949999999997,18.534050000000001],[73.975470000000001,18.535990000000002],[73.974919999999997,18.537749999999999],[73.974230000000006,18.539180000000002],[73.972520000000003,18.541139999999999]]]},"properties":{"FID":21,"wardnum":22,"origin":"http://www.pmc.gov.in/sites/default/files/final_ward_maps/22_F_Ward.pdf","Name1":"22 Manjari Bk. - Shewalwadi","Name2":"Manjari Bk. - Shewalwadi"}},{"type":"Feature","id":22,"geometry":{"type":"Polygon","coordinates":[[[73.957239999999999,18.49503],[73.957880000000003,18.497859999999999],[73.958250000000007,18.500409999999999],[73.958430000000007,18.501149999999999],[73.958640000000003,18.504190000000001],[73.956980000000001,18.504380000000001],[73.9559,18.504349999999999],[73.95487,18.504560000000001],[73.954269999999994,18.504570000000001],[73.954300000000003,18.505379999999999],[73.956659999999999,18.50535],[73.956689999999995,18.50507],[73.957499999999996,18.504829999999998],[73.958209999999994,18.505189999999999],[73.958640000000003,18.505240000000001],[73.959590000000006,18.505310000000001],[73.960210000000004,18.505659999999999],[73.960650000000001,18.50658],[73.960579999999993,18.507829999999998],[73.959950000000006,18.50853],[73.959119999999999,18.508939999999999],[73.958259999999996,18.509060000000002],[73.95917,18.517779999999998],[73.954189999999997,18.519970000000001],[73.953590000000005,18.520230000000002],[73.951130000000006,18.520990000000001],[73.951160000000002,18.52384],[73.951030000000003,18.523990000000001],[73.948229999999995,18.524100000000001],[73.945490000000007,18.524170000000002],[73.941609999999997,18.524260000000002],[73.941919999999996,18.525739999999999],[73.942620000000005,18.528120000000001],[73.94323,18.530239999999999],[73.941659999999999,18.530809999999999],[73.941860000000005,18.531839999999999],[73.941820000000007,18.53237],[73.941940000000002,18.53406],[73.941010000000006,18.53369],[73.940529999999995,18.533570000000001],[73.938730000000007,18.532730000000001],[73.93723,18.532160000000001],[73.936670000000007,18.532139999999998],[73.936130000000006,18.532219999999999],[73.934880000000007,18.532630000000001],[73.934520000000006,18.532599999999999],[73.934010000000001,18.53276],[73.933509999999998,18.533000000000001],[73.933090000000007,18.532920000000001],[73.932950000000005,18.53248],[73.932860000000005,18.532350000000001],[73.932339999999996,18.53173],[73.932239999999993,18.531479999999998],[73.932479999999998,18.52965],[73.932410000000004,18.528790000000001],[73.932329999999993,18.52777],[73.932289999999995,18.52628],[73.932249999999996,18.525279999999999],[73.932230000000004,18.523689999999998],[73.93329,18.52364],[73.934330000000003,18.523610000000001],[73.934939999999997,18.523540000000001],[73.934939999999997,18.523409999999998],[73.934830000000005,18.523240000000001],[73.93441,18.522670000000002],[73.933639999999997,18.521850000000001],[73.93347,18.52178],[73.93338,18.521560000000001],[73.933390000000003,18.520630000000001],[73.933329999999998,18.518460000000001],[73.933260000000004,18.517320000000002],[73.933490000000006,18.516639999999999],[73.933909999999997,18.515789999999999],[73.933949999999996,18.51559],[73.933859999999996,18.515309999999999],[73.933689999999999,18.515239999999999],[73.933629999999994,18.515080000000001],[73.933620000000005,18.515059999999998],[73.933599999999998,18.515000000000001],[73.933549999999997,18.51465],[73.933490000000006,18.51446],[73.933329999999998,18.514309999999998],[73.933000000000007,18.51397],[73.932900000000004,18.513639999999999],[73.932900000000004,18.513159999999999],[73.932879999999997,18.512180000000001],[73.932760000000002,18.511399999999998],[73.932379999999995,18.51042],[73.935730000000007,18.510090000000002],[73.935559999999995,18.508659999999999],[73.935670000000002,18.508649999999999],[73.935770000000005,18.507760000000001],[73.936319999999995,18.507750000000001],[73.936589999999995,18.507719999999999],[73.936819999999997,18.507639999999999],[73.936880000000002,18.507619999999999],[73.936970000000002,18.50761],[73.937060000000002,18.507619999999999],[73.937179999999998,18.50769],[73.937250000000006,18.5077],[73.937399999999997,18.507660000000001],[73.938450000000003,18.507680000000001],[73.939149999999998,18.506799999999998],[73.939070000000001,18.505960000000002],[73.939700000000002,18.506119999999999],[73.939779999999999,18.506209999999999],[73.939779999999999,18.506360000000001],[73.941509999999994,18.50639],[73.941230000000004,18.507300000000001],[73.941199999999995,18.507560000000002],[73.941190000000006,18.50883],[73.942269999999994,18.508839999999999],[73.945089999999993,18.508469999999999],[73.945189999999997,18.508279999999999],[73.945239999999998,18.50798],[73.945170000000005,18.507570000000001],[73.944980000000001,18.50723],[73.944609999999997,18.506900000000002],[73.944180000000003,18.50658],[73.944059999999993,18.50628],[73.943870000000004,18.503689999999999],[73.944100000000006,18.503689999999999],[73.944019999999995,18.50225],[73.946100000000001,18.502279999999999],[73.945890000000006,18.500830000000001],[73.944109999999995,18.500889999999998],[73.944190000000006,18.50074],[73.944130000000001,18.5001],[73.944059999999993,18.500109999999999],[73.944059999999993,18.5001],[73.944109999999995,18.498390000000001],[73.943979999999996,18.498200000000001],[73.947019999999995,18.497810000000001],[73.948359999999994,18.497689999999999],[73.948689999999999,18.49765],[73.950479999999999,18.49747],[73.95129,18.497350000000001],[73.951939999999993,18.497229999999998],[73.952960000000004,18.496870000000001],[73.954340000000002,18.496289999999998],[73.956860000000006,18.49522],[73.957239999999999,18.49503]]]},"properties":{"FID":22,"wardnum":23,"origin":"http://www.pmc.gov.in/sites/default/files/final_ward_maps/23_F_Ward.pdf","Name1":"23 Sadesataranali - Aakashwani","Name2":"Sadesataranali - Aakashwani"}},{"type":"Feature","id":23,"geometry":{"type":"Polygon","coordinates":[[[73.944059999999993,18.500109999999999],[73.944130000000001,18.5001],[73.944190000000006,18.50074],[73.944109999999995,18.500889999999998],[73.945890000000006,18.500830000000001],[73.946100000000001,18.502279999999999],[73.944019999999995,18.50225],[73.944100000000006,18.503689999999999],[73.943870000000004,18.503689999999999],[73.944059999999993,18.50628],[73.944180000000003,18.50658],[73.944609999999997,18.506900000000002],[73.944980000000001,18.50723],[73.945170000000005,18.507570000000001],[73.945239999999998,18.50798],[73.945189999999997,18.508279999999999],[73.945089999999993,18.508469999999999],[73.942269999999994,18.508839999999999],[73.941190000000006,18.50883],[73.941199999999995,18.507560000000002],[73.941230000000004,18.507300000000001],[73.941509999999994,18.50639],[73.939779999999999,18.506360000000001],[73.939779999999999,18.506209999999999],[73.939700000000002,18.506119999999999],[73.939070000000001,18.505960000000002],[73.939149999999998,18.506799999999998],[73.938450000000003,18.507680000000001],[73.937399999999997,18.507660000000001],[73.937250000000006,18.5077],[73.937179999999998,18.50769],[73.937060000000002,18.507619999999999],[73.936970000000002,18.50761],[73.936880000000002,18.507619999999999],[73.936819999999997,18.507639999999999],[73.936589999999995,18.507719999999999],[73.936319999999995,18.507750000000001],[73.935770000000005,18.507760000000001],[73.935670000000002,18.508649999999999],[73.935559999999995,18.508659999999999],[73.935730000000007,18.510090000000002],[73.932379999999995,18.51042],[73.932760000000002,18.511399999999998],[73.932879999999997,18.512180000000001],[73.932900000000004,18.513159999999999],[73.932900000000004,18.513639999999999],[73.933000000000007,18.51397],[73.933329999999998,18.514309999999998],[73.933490000000006,18.51446],[73.933549999999997,18.51465],[73.933599999999998,18.515000000000001],[73.933620000000005,18.515059999999998],[73.933629999999994,18.515080000000001],[73.933689999999999,18.515239999999999],[73.933859999999996,18.515309999999999],[73.933949999999996,18.51559],[73.933909999999997,18.515789999999999],[73.933490000000006,18.516639999999999],[73.933260000000004,18.517320000000002],[73.933329999999998,18.518460000000001],[73.933390000000003,18.520630000000001],[73.93338,18.521560000000001],[73.93347,18.52178],[73.933639999999997,18.521850000000001],[73.93441,18.522670000000002],[73.934830000000005,18.523240000000001],[73.934939999999997,18.523409999999998],[73.934939999999997,18.523540000000001],[73.934330000000003,18.523610000000001],[73.93329,18.52364],[73.932230000000004,18.523689999999998],[73.932249999999996,18.525279999999999],[73.932289999999995,18.52628],[73.927670000000006,18.526800000000001],[73.921329999999998,18.52758],[73.917320000000004,18.528079999999999],[73.917439999999999,18.526230000000002],[73.917490000000001,18.523879999999998],[73.917479999999998,18.52214],[73.917420000000007,18.519670000000001],[73.915949999999995,18.51962],[73.915700000000001,18.519629999999999],[73.915450000000007,18.518540000000002],[73.913470000000004,18.518920000000001],[73.912989999999994,18.518969999999999],[73.912379999999999,18.51887],[73.91189,18.518660000000001],[73.911420000000007,18.51829],[73.911150000000006,18.51793],[73.910929999999993,18.51754],[73.910629999999998,18.516159999999999],[73.910529999999994,18.515699999999999],[73.91046,18.515409999999999],[73.910250000000005,18.515149999999998],[73.910129999999995,18.515029999999999],[73.910139999999998,18.514279999999999],[73.910510000000002,18.514610000000001],[73.911360000000002,18.515080000000001],[73.912019999999998,18.5153],[73.912689999999998,18.515560000000001],[73.9131,18.515730000000001],[73.913650000000004,18.515920000000001],[73.914060000000006,18.515999999999998],[73.914879999999997,18.516010000000001],[73.915329999999997,18.51596],[73.915260000000004,18.515499999999999],[73.915520000000001,18.515499999999999],[73.916089999999997,18.51538],[73.916550000000001,18.515180000000001],[73.917140000000003,18.514959999999999],[73.917749999999998,18.514669999999999],[73.918000000000006,18.514500000000002],[73.918289999999999,18.51418],[73.918369999999996,18.51407],[73.918570000000003,18.51435],[73.918700000000001,18.51417],[73.91901,18.513490000000001],[73.919560000000004,18.512419999999999],[73.919920000000005,18.511759999999999],[73.920159999999996,18.51126],[73.920640000000006,18.51013],[73.920879999999997,18.509499999999999],[73.921210000000002,18.508610000000001],[73.921310000000005,18.50826],[73.921440000000004,18.508030000000002],[73.921599999999998,18.507809999999999],[73.921809999999994,18.507619999999999],[73.922110000000004,18.507439999999999],[73.922380000000004,18.507200000000001],[73.922499999999999,18.507020000000001],[73.922510000000003,18.506799999999998],[73.922489999999996,18.506489999999999],[73.922389999999993,18.506019999999999],[73.921840000000003,18.50394],[73.924210000000002,18.503319999999999],[73.924539999999993,18.503229999999999],[73.925079999999994,18.50309],[73.927869999999999,18.50235],[73.928920000000005,18.502040000000001],[73.929450000000003,18.50187],[73.929869999999994,18.50178],[73.931039999999996,18.501650000000001],[73.932109999999994,18.501560000000001],[73.932929999999999,18.501539999999999],[73.93329,18.50151],[73.933819999999997,18.501470000000001],[73.934690000000003,18.501349999999999],[73.936239999999998,18.501110000000001],[73.936899999999994,18.501059999999999],[73.937659999999994,18.501010000000001],[73.938910000000007,18.50084],[73.940240000000003,18.500630000000001],[73.940370000000001,18.500610000000002],[73.940489999999997,18.500589999999999],[73.941490000000002,18.500440000000001],[73.942359999999994,18.500330000000002],[73.943569999999994,18.50019],[73.944059999999993,18.500109999999999]]]},"properties":{"FID":23,"wardnum":24,"origin":"http://www.pmc.gov.in/sites/default/files/final_ward_maps/24_F_Ward.pdf","Name1":"24 Magarpatta - Sadhana Vidyalaya","Name2":"Magarpatta - Sadhana Vidyalaya"}},{"type":"Feature","id":24,"geometry":{"type":"Polygon","coordinates":[[[73.944059999999993,18.500109999999999],[73.943569999999994,18.50019],[73.942359999999994,18.500330000000002],[73.941490000000002,18.500440000000001],[73.940489999999997,18.500589999999999],[73.940370000000001,18.500610000000002],[73.940240000000003,18.500630000000001],[73.938910000000007,18.50084],[73.937659999999994,18.501010000000001],[73.936899999999994,18.501059999999999],[73.936239999999998,18.501110000000001],[73.934690000000003,18.501349999999999],[73.933819999999997,18.501470000000001],[73.93329,18.50151],[73.932929999999999,18.501539999999999],[73.932109999999994,18.501560000000001],[73.931039999999996,18.501650000000001],[73.929869999999994,18.50178],[73.929450000000003,18.50187],[73.928920000000005,18.502040000000001],[73.927869999999999,18.50235],[73.925079999999994,18.50309],[73.924539999999993,18.503229999999999],[73.924599999999998,18.502770000000002],[73.924610000000001,18.502549999999999],[73.924840000000003,18.502020000000002],[73.924970000000002,18.501850000000001],[73.924109999999999,18.501729999999998],[73.923680000000004,18.501329999999999],[73.923439999999999,18.501550000000002],[73.923209999999997,18.50067],[73.923270000000002,18.499770000000002],[73.923509999999993,18.499780000000001],[73.924350000000004,18.499289999999998],[73.924319999999994,18.49878],[73.924080000000004,18.49887],[73.922539999999998,18.498550000000002],[73.927329999999998,18.493739999999999],[73.928299999999993,18.492750000000001],[73.928899999999999,18.492159999999998],[73.929060000000007,18.493320000000001],[73.931430000000006,18.49325],[73.932299999999998,18.49315],[73.932900000000004,18.496040000000001],[73.933109999999999,18.49663],[73.933120000000002,18.49689],[73.933499999999995,18.496929999999999],[73.934209999999993,18.497070000000001],[73.935360000000003,18.497330000000002],[73.935680000000005,18.49738],[73.935990000000004,18.497299999999999],[73.936319999999995,18.497209999999999],[73.937349999999995,18.496980000000001],[73.938270000000003,18.496839999999999],[73.938479999999998,18.496839999999999],[73.938699999999997,18.496970000000001],[73.938890000000001,18.497140000000002],[73.939130000000006,18.497420000000002],[73.939300000000003,18.497679999999999],[73.939610000000002,18.49794],[73.940010000000001,18.498169999999998],[73.94041,18.498360000000002],[73.940920000000006,18.498560000000001],[73.941419999999994,18.49813],[73.941869999999994,18.49774],[73.942679999999996,18.497140000000002],[73.944019999999995,18.496189999999999],[73.944959999999995,18.4955],[73.945490000000007,18.495100000000001],[73.945959999999999,18.494779999999999],[73.946470000000005,18.494450000000001],[73.946889999999996,18.494140000000002],[73.947140000000005,18.493939999999998],[73.947389999999999,18.493680000000001],[73.947919999999996,18.493020000000001],[73.948740000000001,18.491890000000001],[73.949219999999997,18.49126],[73.949399999999997,18.491820000000001],[73.949629999999999,18.492519999999999],[73.949879999999993,18.493220000000001],[73.950010000000006,18.493580000000001],[73.950059999999993,18.493870000000001],[73.950699999999998,18.49381],[73.951229999999995,18.493749999999999],[73.951819999999998,18.49371],[73.952299999999994,18.49372],[73.952749999999995,18.49372],[73.953220000000002,18.493690000000001],[73.953879999999998,18.49362],[73.954859999999996,18.49353],[73.955659999999995,18.49343],[73.956869999999995,18.493269999999999],[73.956879999999998,18.493359999999999],[73.957239999999999,18.49503],[73.956860000000006,18.49522],[73.954340000000002,18.496289999999998],[73.952960000000004,18.496870000000001],[73.951939999999993,18.497229999999998],[73.95129,18.497350000000001],[73.950479999999999,18.49747],[73.948689999999999,18.49765],[73.948359999999994,18.497689999999999],[73.947019999999995,18.497810000000001],[73.943979999999996,18.498200000000001],[73.944109999999995,18.498390000000001],[73.944059999999993,18.5001],[73.944059999999993,18.500109999999999]]]},"properties":{"FID":24,"wardnum":25,"origin":"http://www.pmc.gov.in/sites/default/files/final_ward_maps/25_F_Ward.pdf","Name1":"25 Hadapsar Gaothan - Satavwadi","Name2":"Hadapsar Gaothan - Satavwadi"}},{"type":"Feature","id":25,"geometry":{"type":"Polygon","coordinates":[[[73.909620000000004,18.52562],[73.909049999999993,18.525659999999998],[73.90907,18.525780000000001],[73.907629999999997,18.525839999999999],[73.907629999999997,18.52562],[73.907030000000006,18.525649999999999],[73.90701,18.525320000000001],[73.906220000000005,18.525310000000001],[73.906350000000003,18.522559999999999],[73.906490000000005,18.520240000000001],[73.90652,18.519690000000001],[73.906620000000004,18.51821],[73.906809999999993,18.517309999999998],[73.907049999999998,18.516369999999998],[73.907169999999994,18.515840000000001],[73.907150000000001,18.515609999999999],[73.906819999999996,18.51557],[73.906279999999995,18.51529],[73.905540000000002,18.514489999999999],[73.903750000000002,18.512530000000002],[73.902789999999996,18.51146],[73.902360000000002,18.51117],[73.901970000000006,18.511050000000001],[73.901330000000002,18.510999999999999],[73.900810000000007,18.511009999999999],[73.900400000000005,18.511019999999998],[73.900329999999997,18.51098],[73.900090000000006,18.51051],[73.900090000000006,18.510370000000002],[73.900360000000006,18.50976],[73.900360000000006,18.509630000000001],[73.90034,18.509540000000001],[73.900220000000004,18.5093],[73.900069999999999,18.509129999999999],[73.900090000000006,18.508679999999998],[73.900080000000003,18.508479999999999],[73.900069999999999,18.50835],[73.900090000000006,18.508130000000001],[73.900210000000001,18.507850000000001],[73.900239999999997,18.507739999999998],[73.90025,18.507660000000001],[73.900220000000004,18.507619999999999],[73.899780000000007,18.507380000000001],[73.899730000000005,18.507300000000001],[73.899690000000007,18.50713],[73.89967,18.506900000000002],[73.899640000000005,18.506640000000001],[73.90128,18.506609999999998],[73.90258,18.50658],[73.902950000000004,18.506160000000001],[73.903300000000002,18.50573],[73.90334,18.505680000000002],[73.903459999999995,18.505680000000002],[73.903549999999996,18.505649999999999],[73.903720000000007,18.50545],[73.903819999999996,18.505240000000001],[73.903899999999993,18.505050000000001],[73.903890000000004,18.504950000000001],[73.903909999999996,18.504629999999999],[73.903970000000001,18.5045],[73.904070000000004,18.504270000000002],[73.904070000000004,18.504239999999999],[73.90401,18.50423],[73.899850000000001,18.50441],[73.899850000000001,18.504169999999998],[73.899839999999998,18.50385],[73.899789999999996,18.503530000000001],[73.899699999999996,18.503299999999999],[73.899550000000005,18.503050000000002],[73.899389999999997,18.502790000000001],[73.899240000000006,18.502520000000001],[73.899209999999997,18.502269999999999],[73.899180000000001,18.501989999999999],[73.899159999999995,18.50159],[73.899140000000003,18.501280000000001],[73.899019999999993,18.500900000000001],[73.898889999999994,18.500499999999999],[73.898849999999996,18.500309999999999],[73.898859999999999,18.500150000000001],[73.898920000000004,18.499939999999999],[73.898989999999998,18.49982],[73.899019999999993,18.499669999999998],[73.899010000000004,18.499459999999999],[73.898929999999993,18.499289999999998],[73.898799999999994,18.499169999999999],[73.898570000000007,18.49906],[73.898420000000002,18.498940000000001],[73.898390000000006,18.498899999999999],[73.898439999999994,18.49858],[73.898480000000006,18.498470000000001],[73.898489999999995,18.498360000000002],[73.898480000000006,18.498239999999999],[73.898420000000002,18.498139999999999],[73.898340000000005,18.49804],[73.897829999999999,18.49774],[73.896720000000002,18.4968],[73.896929999999998,18.49661],[73.897109999999998,18.496449999999999],[73.897220000000004,18.496289999999998],[73.897289999999998,18.49614],[73.897390000000001,18.496030000000001],[73.897499999999994,18.495950000000001],[73.898309999999995,18.495609999999999],[73.898740000000004,18.495429999999999],[73.899000000000001,18.49531],[73.899410000000003,18.495200000000001],[73.899709999999999,18.495139999999999],[73.900189999999995,18.495069999999998],[73.90043,18.495049999999999],[73.901020000000003,18.494900000000001],[73.901780000000002,18.49474],[73.901979999999995,18.495090000000001],[73.903180000000006,18.494420000000002],[73.903890000000004,18.494039999999998],[73.903819999999996,18.493839999999999],[73.904430000000005,18.493860000000002],[73.905609999999996,18.493849999999998],[73.906679999999994,18.493819999999999],[73.906679999999994,18.494060000000001],[73.907089999999997,18.494039999999998],[73.907079999999993,18.493790000000001],[73.908000000000001,18.493739999999999],[73.90822,18.493939999999998],[73.908680000000004,18.49391],[73.909949999999995,18.493749999999999],[73.910790000000006,18.493649999999999],[73.911450000000002,18.493580000000001],[73.911580000000001,18.49465],[73.911609999999996,18.494949999999999],[73.911950000000004,18.49643],[73.911370000000005,18.49794],[73.911159999999995,18.498850000000001],[73.910449999999997,18.498799999999999],[73.911330000000007,18.50066],[73.911429999999996,18.500869999999999],[73.911519999999996,18.501290000000001],[73.911760000000001,18.502549999999999],[73.912409999999994,18.502770000000002],[73.912530000000004,18.504950000000001],[73.912559999999999,18.50638],[73.912940000000006,18.506350000000001],[73.913489999999996,18.50629],[73.914140000000003,18.50619],[73.914820000000006,18.50601],[73.915149999999997,18.505929999999999],[73.916780000000003,18.504270000000002],[73.918059999999997,18.502980000000001],[73.918729999999996,18.502300000000002],[73.921679999999995,18.499310000000001],[73.922340000000005,18.498650000000001],[73.922470000000004,18.498519999999999],[73.922539999999998,18.498550000000002],[73.924080000000004,18.49887],[73.924319999999994,18.49878],[73.924350000000004,18.499289999999998],[73.923509999999993,18.499780000000001],[73.923270000000002,18.499770000000002],[73.923209999999997,18.50067],[73.923439999999999,18.501550000000002],[73.923680000000004,18.501329999999999],[73.924109999999999,18.501729999999998],[73.924970000000002,18.501850000000001],[73.924840000000003,18.502020000000002],[73.924610000000001,18.502549999999999],[73.924599999999998,18.502770000000002],[73.924539999999993,18.503229999999999],[73.924210000000002,18.503319999999999],[73.921840000000003,18.50394],[73.922389999999993,18.506019999999999],[73.922489999999996,18.506489999999999],[73.922510000000003,18.506799999999998],[73.922499999999999,18.507020000000001],[73.922380000000004,18.507200000000001],[73.922110000000004,18.507439999999999],[73.921809999999994,18.507619999999999],[73.921599999999998,18.507809999999999],[73.921440000000004,18.508030000000002],[73.921310000000005,18.50826],[73.921210000000002,18.508610000000001],[73.920879999999997,18.509499999999999],[73.920640000000006,18.51013],[73.920159999999996,18.51126],[73.919920000000005,18.511759999999999],[73.919560000000004,18.512419999999999],[73.91901,18.513490000000001],[73.918700000000001,18.51417],[73.918570000000003,18.51435],[73.918369999999996,18.51407],[73.918289999999999,18.51418],[73.918000000000006,18.514500000000002],[73.917749999999998,18.514669999999999],[73.917140000000003,18.514959999999999],[73.916550000000001,18.515180000000001],[73.916089999999997,18.51538],[73.915520000000001,18.515499999999999],[73.915260000000004,18.515499999999999],[73.915329999999997,18.51596],[73.914879999999997,18.516010000000001],[73.914060000000006,18.515999999999998],[73.913650000000004,18.515920000000001],[73.9131,18.515730000000001],[73.912689999999998,18.515560000000001],[73.912019999999998,18.5153],[73.911360000000002,18.515080000000001],[73.910510000000002,18.514610000000001],[73.910139999999998,18.514279999999999],[73.910129999999995,18.515029999999999],[73.910250000000005,18.515149999999998],[73.91046,18.515409999999999],[73.910529999999994,18.515699999999999],[73.910629999999998,18.516159999999999],[73.910929999999993,18.51754],[73.911150000000006,18.51793],[73.911420000000007,18.51829],[73.91189,18.518660000000001],[73.912379999999999,18.51887],[73.912989999999994,18.518969999999999],[73.913470000000004,18.518920000000001],[73.915450000000007,18.518540000000002],[73.915700000000001,18.519629999999999],[73.915629999999993,18.519760000000002],[73.915469999999999,18.519819999999999],[73.915009999999995,18.51979],[73.914689999999993,18.519729999999999],[73.914100000000005,18.519690000000001],[73.912940000000006,18.51971],[73.911450000000002,18.519739999999999],[73.910210000000006,18.519749999999998],[73.909790000000001,18.519770000000001],[73.909639999999996,18.51979],[73.909620000000004,18.519909999999999],[73.909620000000004,18.520199999999999],[73.909589999999994,18.52101],[73.909520000000001,18.522220000000001],[73.909540000000007,18.524380000000001],[73.909620000000004,18.52562]]]},"properties":{"FID":25,"wardnum":26,"origin":"http://www.pmc.gov.in/sites/default/files/final_ward_maps/26_F_Ward.pdf","Name1":"26 Wanwadi Gaothan - Vaiduwadi","Name2":"Wanwadi Gaothan - Vaiduwadi"}},{"type":"Feature","id":26,"geometry":{"type":"Polygon","coordinates":[[[73.875569999999996,18.511060000000001],[73.873900000000006,18.510899999999999],[73.87321,18.51079],[73.872529999999998,18.510719999999999],[73.872060000000005,18.510660000000001],[73.871870000000001,18.510670000000001],[73.870840000000001,18.51099],[73.870469999999997,18.511150000000001],[73.870130000000003,18.511379999999999],[73.869950000000003,18.511610000000001],[73.869900000000001,18.511859999999999],[73.869460000000004,18.512589999999999],[73.869240000000005,18.512789999999999],[73.869110000000006,18.512930000000001],[73.868960000000001,18.513020000000001],[73.868679999999998,18.513079999999999],[73.868679999999998,18.512989999999999],[73.868700000000004,18.512640000000001],[73.868709999999993,18.51238],[73.868679999999998,18.511900000000001],[73.868650000000002,18.511620000000001],[73.868620000000007,18.511479999999999],[73.868520000000004,18.51126],[73.868350000000007,18.510840000000002],[73.86824,18.510349999999999],[73.868170000000006,18.509879999999999],[73.868170000000006,18.509599999999999],[73.868179999999995,18.509119999999999],[73.868210000000005,18.508199999999999],[73.86824,18.507809999999999],[73.868290000000002,18.50742],[73.868350000000007,18.507059999999999],[73.868449999999996,18.50675],[73.868459999999999,18.506260000000001],[73.868250000000003,18.506180000000001],[73.867959999999997,18.506070000000001],[73.867810000000006,18.506019999999999],[73.867670000000004,18.506],[73.86748,18.506],[73.866290000000006,18.506049999999998],[73.865960000000001,18.506070000000001],[73.866010000000003,18.505330000000001],[73.86609,18.50479],[73.86609,18.50478],[73.866159999999994,18.504249999999999],[73.866209999999995,18.504000000000001],[73.866219999999998,18.50386],[73.866209999999995,18.503769999999999],[73.866069999999993,18.503150000000002],[73.866069999999993,18.503039999999999],[73.866039999999998,18.503],[73.865939999999995,18.502970000000001],[73.865620000000007,18.502960000000002],[73.865480000000005,18.50292],[73.865399999999994,18.502839999999999],[73.865110000000001,18.502569999999999],[73.864999999999995,18.502030000000001],[73.864949999999993,18.501709999999999],[73.864980000000003,18.501580000000001],[73.865049999999997,18.501390000000001],[73.865229999999997,18.50112],[73.865300000000005,18.500959999999999],[73.865309999999994,18.500779999999999],[73.865269999999995,18.500499999999999],[73.865269999999995,18.5],[73.865639999999999,18.50009],[73.865949999999998,18.500209999999999],[73.867159999999998,18.500779999999999],[73.868250000000003,18.50123],[73.868920000000003,18.501439999999999],[73.869349999999997,18.501529999999999],[73.869619999999998,18.50159],[73.870099999999994,18.50169],[73.87079,18.501830000000002],[73.871160000000003,18.501850000000001],[73.87182,18.501860000000001],[73.872540000000001,18.50188],[73.873360000000005,18.501899999999999],[73.874380000000002,18.501940000000001],[73.874769999999998,18.501950000000001],[73.874809999999997,18.501950000000001],[73.874880000000005,18.50196],[73.874880000000005,18.502009999999999],[73.874830000000003,18.502289999999999],[73.874780000000001,18.50253],[73.874709999999993,18.50292],[73.874669999999995,18.503060000000001],[73.874639999999999,18.50309],[73.874529999999993,18.503209999999999],[73.874219999999994,18.503579999999999],[73.873570000000001,18.50433],[73.873549999999994,18.504359999999998],[73.873249999999999,18.505469999999999],[73.874279999999999,18.505700000000001],[73.874409999999997,18.505739999999999],[73.874499999999998,18.505790000000001],[73.874549999999999,18.505849999999999],[73.874859999999998,18.506779999999999],[73.875739999999993,18.506489999999999],[73.87594,18.506969999999999],[73.876390000000001,18.506769999999999],[73.876760000000004,18.507660000000001],[73.876850000000005,18.508089999999999],[73.877030000000005,18.508859999999999],[73.876869999999997,18.509049999999998],[73.876689999999996,18.509270000000001],[73.876609999999999,18.509429999999998],[73.876459999999994,18.509720000000002],[73.876140000000007,18.510269999999998],[73.876099999999994,18.51052],[73.876069999999999,18.510549999999999],[73.87576,18.510940000000002],[73.875649999999993,18.511030000000002],[73.875569999999996,18.511060000000001]]]},"properties":{"FID":26,"wardnum":27,"origin":"http://www.pmc.gov.in/sites/default/files/final_ward_maps/27_F_Ward.pdf","Name1":"27 Kasewadi - Lohiyanagar","Name2":"Kasewadi - Lohiyanagar"}},{"type":"Feature","id":27,"geometry":{"type":"Polygon","coordinates":[[[73.86609,18.50478],[73.865830000000003,18.504760000000001],[73.865639999999999,18.504740000000002],[73.865440000000007,18.50469],[73.865300000000005,18.50469],[73.865080000000006,18.504709999999999],[73.864639999999994,18.504740000000002],[73.864220000000003,18.504750000000001],[73.863929999999996,18.504729999999999],[73.863429999999994,18.50469],[73.863429999999994,18.504940000000001],[73.863410000000002,18.506080000000001],[73.863380000000006,18.507000000000001],[73.863339999999994,18.507909999999999],[73.86327,18.509049999999998],[73.863050000000001,18.508990000000001],[73.862710000000007,18.508949999999999],[73.862340000000003,18.508929999999999],[73.862099999999998,18.508929999999999],[73.861980000000003,18.50892],[73.861800000000002,18.508890000000001],[73.861360000000005,18.508849999999999],[73.86103,18.50883],[73.860849999999999,18.50882],[73.860640000000004,18.508769999999998],[73.860299999999995,18.508710000000001],[73.860010000000003,18.508649999999999],[73.859700000000004,18.508610000000001],[73.859440000000006,18.508610000000001],[73.859139999999996,18.508620000000001],[73.858969999999999,18.50863],[73.858670000000004,18.508690000000001],[73.858170000000001,18.508759999999999],[73.858009999999993,18.508769999999998],[73.857960000000006,18.509419999999999],[73.857929999999996,18.510349999999999],[73.857889999999998,18.511399999999998],[73.857870000000005,18.511900000000001],[73.857810000000001,18.512170000000001],[73.857709999999997,18.512440000000002],[73.857650000000007,18.512689999999999],[73.857290000000006,18.51371],[73.857230000000001,18.51389],[73.856710000000007,18.514749999999999],[73.856589999999997,18.514849999999999],[73.856449999999995,18.515059999999998],[73.856369999999998,18.515270000000001],[73.856319999999997,18.515509999999999],[73.856290000000001,18.515730000000001],[73.855969999999999,18.515619999999998],[73.855710000000002,18.515429999999999],[73.855270000000004,18.5152],[73.854690000000005,18.514869999999998],[73.854299999999995,18.514679999999998],[73.854179999999999,18.514659999999999],[73.853750000000005,18.514600000000002],[73.85378,18.514220000000002],[73.853849999999994,18.51295],[73.85378,18.510760000000001],[73.853729999999999,18.50956],[73.853710000000007,18.50788],[73.853219999999993,18.507960000000001],[73.853120000000004,18.508050000000001],[73.853009999999998,18.508189999999999],[73.852900000000005,18.50835],[73.85284,18.508600000000001],[73.852580000000003,18.508610000000001],[73.852400000000003,18.508579999999998],[73.851979999999998,18.50853],[73.851389999999995,18.508459999999999],[73.850430000000003,18.508320000000001],[73.85042,18.507909999999999],[73.850499999999997,18.507840000000002],[73.852810000000005,18.506160000000001],[73.853290000000001,18.50581],[73.854010000000002,18.505179999999999],[73.85454,18.504740000000002],[73.855329999999995,18.50414],[73.856710000000007,18.502890000000001],[73.858090000000004,18.501570000000001],[73.858509999999995,18.501180000000002],[73.858530000000002,18.50065],[73.858819999999994,18.50065],[73.859719999999996,18.50057],[73.860410000000002,18.50048],[73.860799999999998,18.500409999999999],[73.861289999999997,18.50029],[73.861789999999999,18.500160000000001],[73.862359999999995,18.500139999999998],[73.862780000000001,18.500109999999999],[73.863079999999997,18.5001],[73.863489999999999,18.500029999999999],[73.863839999999996,18.50001],[73.864350000000002,18.49999],[73.864779999999996,18.50001],[73.865269999999995,18.5],[73.865269999999995,18.500499999999999],[73.865309999999994,18.500779999999999],[73.865300000000005,18.500959999999999],[73.865229999999997,18.50112],[73.865049999999997,18.501390000000001],[73.864980000000003,18.501580000000001],[73.864949999999993,18.501709999999999],[73.864999999999995,18.502030000000001],[73.865110000000001,18.502569999999999],[73.865399999999994,18.502839999999999],[73.865480000000005,18.50292],[73.865620000000007,18.502960000000002],[73.865939999999995,18.502970000000001],[73.866039999999998,18.503],[73.866069999999993,18.503039999999999],[73.866069999999993,18.503150000000002],[73.866209999999995,18.503769999999999],[73.866219999999998,18.50386],[73.866209999999995,18.504000000000001],[73.866159999999994,18.504249999999999],[73.86609,18.50478]]]},"properties":{"FID":27,"wardnum":29,"origin":"http://www.pmc.gov.in/sites/default/files/final_ward_maps/29_F_Ward.pdf","Name1":"29 Ghorpade peth Udyan - Mahatma Phule Mandai","Name2":"Ghorpade peth Udyan - Mahatma Phule Mandai"}},{"type":"Feature","id":28,"geometry":{"type":"Polygon","coordinates":[[[73.827010000000001,18.519200000000001],[73.824669999999998,18.520130000000002],[73.823589999999996,18.52027],[73.822289999999995,18.520910000000001],[73.821309999999997,18.521640000000001],[73.820589999999996,18.522089999999999],[73.819019999999995,18.523],[73.818119999999993,18.523409999999998],[73.817679999999996,18.524239999999999],[73.815830000000005,18.525569999999998],[73.814779999999999,18.526330000000002],[73.814210000000003,18.52563],[73.813630000000003,18.525189999999998],[73.813050000000004,18.524789999999999],[73.812439999999995,18.524419999999999],[73.81232,18.5246],[73.812470000000005,18.524349999999998],[73.811310000000006,18.52422],[73.810810000000004,18.524290000000001],[73.810239999999993,18.524470000000001],[73.809650000000005,18.524809999999999],[73.809209999999993,18.524760000000001],[73.807450000000003,18.524740000000001],[73.806989999999999,18.524650000000001],[73.806030000000007,18.5246],[73.806030000000007,18.524419999999999],[73.805970000000002,18.52195],[73.805930000000004,18.521709999999999],[73.805880000000002,18.52159],[73.805890000000005,18.5197],[73.805890000000005,18.515619999999998],[73.806039999999996,18.515599999999999],[73.807869999999994,18.515529999999998],[73.8078,18.513539999999999],[73.8078,18.51313],[73.807730000000006,18.512779999999999],[73.80762,18.512409999999999],[73.809060000000002,18.512509999999999],[73.809039999999996,18.512250000000002],[73.809010000000001,18.50996],[73.809020000000004,18.509530000000002],[73.809100000000001,18.50873],[73.809179999999998,18.508189999999999],[73.80932,18.508240000000001],[73.809569999999994,18.508279999999999],[73.809939999999997,18.50835],[73.810199999999995,18.508369999999999],[73.810460000000006,18.50844],[73.810739999999996,18.508700000000001],[73.811049999999994,18.508980000000001],[73.811359999999993,18.509170000000001],[73.811539999999994,18.50929],[73.811809999999994,18.50939],[73.81223,18.50947],[73.812510000000003,18.509509999999999],[73.813239999999993,18.509550000000001],[73.813699999999997,18.50956],[73.814279999999997,18.509609999999999],[73.814599999999999,18.50966],[73.81523,18.50985],[73.815449999999998,18.50996],[73.815740000000005,18.50994],[73.816329999999994,18.510059999999999],[73.816730000000007,18.510169999999999],[73.817329999999998,18.510290000000001],[73.817729999999997,18.510380000000001],[73.818709999999996,18.510470000000002],[73.819239999999994,18.510490000000001],[73.820260000000005,18.510470000000002],[73.820800000000006,18.510190000000001],[73.821129999999997,18.509910000000001],[73.821529999999996,18.509540000000001],[73.822299999999998,18.508659999999999],[73.822869999999995,18.507999999999999],[73.82396,18.506679999999999],[73.824449999999999,18.506209999999999],[73.824730000000002,18.506029999999999],[73.82508,18.50563],[73.825490000000002,18.505849999999999],[73.826660000000004,18.506319999999999],[73.826220000000006,18.507770000000001],[73.825900000000004,18.508890000000001],[73.825500000000005,18.509720000000002],[73.825370000000007,18.50985],[73.824960000000004,18.510290000000001],[73.824690000000004,18.510670000000001],[73.82441,18.511289999999999],[73.824100000000001,18.51191],[73.824240000000003,18.511980000000001],[73.824160000000006,18.512129999999999],[73.824110000000005,18.512409999999999],[73.824079999999995,18.513400000000001],[73.824259999999995,18.51341],[73.824399999999997,18.514669999999999],[73.824650000000005,18.514710000000001],[73.824759999999998,18.51559],[73.824910000000003,18.51604],[73.826239999999999,18.517050000000001],[73.827010000000001,18.519200000000001]]]},"properties":{"FID":28,"wardnum":30,"origin":"http://www.pmc.gov.in/sites/default/files/final_ward_maps/30_F_Ward.pdf","Name1":"30 Jai Bhavaninagar - Kelewadi","Name2":"Jai Bhavaninagar - Kelewadi"}},{"type":"Feature","id":29,"geometry":{"type":"Polygon","coordinates":[[[73.809179999999998,18.508189999999999],[73.809100000000001,18.50873],[73.809020000000004,18.509530000000002],[73.809010000000001,18.50996],[73.809039999999996,18.512250000000002],[73.809060000000002,18.512509999999999],[73.80762,18.512409999999999],[73.807730000000006,18.512779999999999],[73.8078,18.51313],[73.8078,18.513539999999999],[73.807869999999994,18.515529999999998],[73.806039999999996,18.515599999999999],[73.805890000000005,18.515619999999998],[73.805899999999994,18.51285],[73.805040000000005,18.512889999999999],[73.804259999999999,18.512879999999999],[73.803719999999998,18.512830000000001],[73.802099999999996,18.512550000000001],[73.800240000000002,18.5122],[73.799270000000007,18.512029999999999],[73.798749999999998,18.511939999999999],[73.798789999999997,18.51183],[73.798789999999997,18.51089],[73.798760000000001,18.509460000000001],[73.798779999999994,18.50854],[73.799019999999999,18.507629999999999],[73.800179999999997,18.507490000000001],[73.801519999999996,18.507280000000002],[73.801730000000006,18.507259999999999],[73.80247,18.507069999999999],[73.802850000000007,18.50703],[73.802769999999995,18.506519999999998],[73.802539999999993,18.505649999999999],[73.80247,18.50535],[73.802369999999996,18.504490000000001],[73.802149999999997,18.50357],[73.802019999999999,18.502870000000001],[73.801950000000005,18.50244],[73.801900000000003,18.501840000000001],[73.801879999999997,18.5016],[73.8018,18.501329999999999],[73.800809999999998,18.501560000000001],[73.80059,18.501380000000001],[73.800510000000003,18.50048],[73.800420000000003,18.500409999999999],[73.800460000000001,18.500350000000001],[73.800409999999999,18.49991],[73.800349999999995,18.49953],[73.800700000000006,18.499500000000001],[73.800659999999993,18.499130000000001],[73.80095,18.499099999999999],[73.800979999999996,18.499400000000001],[73.801310000000001,18.499359999999999],[73.801360000000003,18.4998],[73.802160000000001,18.499759999999998],[73.802109999999999,18.497530000000001],[73.802509999999998,18.497530000000001],[73.802610000000001,18.498239999999999],[73.804419999999993,18.498159999999999],[73.804500000000004,18.49915],[73.804839999999999,18.499120000000001],[73.805210000000002,18.499030000000001],[73.805340000000001,18.499009999999998],[73.805869999999999,18.49898],[73.806489999999997,18.498950000000001],[73.807100000000005,18.498919999999998],[73.80762,18.498909999999999],[73.80789,18.498909999999999],[73.808490000000006,18.498660000000001],[73.808999999999997,18.49841],[73.809290000000004,18.498339999999999],[73.810019999999994,18.49821],[73.810659999999999,18.498180000000001],[73.811809999999994,18.498169999999998],[73.812129999999996,18.498200000000001],[73.812439999999995,18.498200000000001],[73.812719999999999,18.498159999999999],[73.813490000000002,18.498010000000001],[73.813800000000001,18.497979999999998],[73.813659999999999,18.499120000000001],[73.813649999999996,18.499490000000002],[73.813670000000002,18.49972],[73.813800000000001,18.500119999999999],[73.813990000000004,18.50055],[73.814220000000006,18.50103],[73.814490000000006,18.50141],[73.814760000000007,18.501650000000001],[73.814949999999996,18.50177],[73.815799999999996,18.502230000000001],[73.815020000000004,18.50216],[73.815010000000001,18.502780000000001],[73.814909999999998,18.502790000000001],[73.814809999999994,18.50281],[73.814350000000005,18.503260000000001],[73.814049999999995,18.503540000000001],[73.813890000000001,18.503740000000001],[73.813850000000002,18.503810000000001],[73.813680000000005,18.503889999999998],[73.81344,18.504069999999999],[73.813280000000006,18.504190000000001],[73.813109999999995,18.504280000000001],[73.812740000000005,18.504449999999999],[73.812389999999994,18.504660000000001],[73.812029999999993,18.504950000000001],[73.811419999999998,18.505520000000001],[73.811149999999998,18.505780000000001],[73.810869999999994,18.505980000000001],[73.810540000000003,18.506129999999999],[73.809929999999994,18.506399999999999],[73.80941,18.506630000000001],[73.809229999999999,18.506710000000002],[73.809010000000001,18.507079999999998],[73.808819999999997,18.507719999999999],[73.808729999999997,18.508019999999998],[73.809179999999998,18.508189999999999]]]},"properties":{"FID":29,"wardnum":31,"origin":"http://www.pmc.gov.in/sites/default/files/final_ward_maps/31_F_Ward.pdf","Name1":"31 Kothrud Gaothan - Shivtirthnagar","Name2":"Kothrud Gaothan - Shivtirthnagar"}},{"type":"Feature","id":30,"geometry":{"type":"Polygon","coordinates":[[[73.805890000000005,18.515619999999998],[73.805890000000005,18.5197],[73.805880000000002,18.52159],[73.805930000000004,18.521709999999999],[73.805970000000002,18.52195],[73.806030000000007,18.524419999999999],[73.806030000000007,18.5246],[73.805019999999999,18.524539999999998],[73.804270000000002,18.5244],[73.803709999999995,18.524170000000002],[73.803039999999996,18.524159999999998],[73.802379999999999,18.524080000000001],[73.802030000000002,18.52384],[73.801659999999998,18.523769999999999],[73.800799999999995,18.523630000000001],[73.799840000000003,18.523479999999999],[73.798929999999999,18.523160000000001],[73.798490000000001,18.5227],[73.797939999999997,18.522369999999999],[73.797079999999994,18.52159],[73.796310000000005,18.520710000000001],[73.795479999999998,18.51961],[73.795289999999994,18.519459999999999],[73.79468,18.518840000000001],[73.793700000000001,18.51792],[73.793210000000002,18.517320000000002],[73.792720000000003,18.517029999999998],[73.792310000000001,18.516359999999999],[73.792330000000007,18.51606],[73.791390000000007,18.515920000000001],[73.790989999999994,18.515940000000001],[73.790019999999998,18.516310000000001],[73.789619999999999,18.516380000000002],[73.788229999999999,18.516739999999999],[73.786249999999995,18.512979999999999],[73.783879999999996,18.51268],[73.783460000000005,18.51257],[73.782290000000003,18.512239999999998],[73.782619999999994,18.51362],[73.782650000000004,18.51408],[73.782349999999994,18.51482],[73.781379999999999,18.516870000000001],[73.781009999999995,18.51727],[73.779929999999993,18.518160000000002],[73.779110000000003,18.518930000000001],[73.778890000000004,18.519220000000001],[73.778809999999993,18.519680000000001],[73.778170000000003,18.519629999999999],[73.778189999999995,18.51934],[73.777150000000006,18.519259999999999],[73.777010000000004,18.51932],[73.776510000000002,18.520140000000001],[73.775999999999996,18.519819999999999],[73.776499999999999,18.519220000000001],[73.77655,18.519110000000001],[73.776780000000002,18.518229999999999],[73.776809999999998,18.517589999999998],[73.776690000000002,18.5169],[73.776449999999997,18.516649999999998],[73.776060000000001,18.516269999999999],[73.775570000000002,18.515540000000001],[73.775409999999994,18.515450000000001],[73.775059999999996,18.515309999999999],[73.774959999999993,18.515070000000001],[73.775030000000001,18.514939999999999],[73.775289999999998,18.514800000000001],[73.775350000000003,18.514659999999999],[73.775189999999995,18.514340000000001],[73.77458,18.51351],[73.77458,18.51324],[73.774000000000001,18.513190000000002],[73.773629999999997,18.512969999999999],[73.772570000000002,18.51247],[73.772289999999998,18.5124],[73.772170000000003,18.51257],[73.771979999999999,18.512720000000002],[73.771460000000005,18.51295],[73.770840000000007,18.513110000000001],[73.770030000000006,18.51315],[73.770160000000004,18.512910000000002],[73.770979999999994,18.511859999999999],[73.772030000000001,18.511019999999998],[73.772720000000007,18.51051],[73.773290000000003,18.510020000000001],[73.774079999999998,18.509519999999998],[73.774630000000002,18.50928],[73.77516,18.509119999999999],[73.776740000000004,18.508749999999999],[73.778260000000003,18.508469999999999],[73.779499999999999,18.508230000000001],[73.781059999999997,18.507850000000001],[73.781909999999996,18.507639999999999],[73.782870000000003,18.507449999999999],[73.783379999999994,18.507390000000001],[73.784750000000003,18.50731],[73.785659999999993,18.507359999999998],[73.786339999999996,18.50741],[73.786950000000004,18.507449999999999],[73.787959999999998,18.507490000000001],[73.788449999999997,18.5075],[73.788719999999998,18.50686],[73.788870000000003,18.50686],[73.788809999999998,18.50629],[73.789270000000002,18.50629],[73.789320000000004,18.506869999999999],[73.789389999999997,18.50695],[73.789469999999994,18.507359999999998],[73.789659999999998,18.50733],[73.790440000000004,18.507020000000001],[73.79092,18.506720000000001],[73.791309999999996,18.50639],[73.791730000000001,18.505960000000002],[73.79204,18.505500000000001],[73.792299999999997,18.504919999999998],[73.792460000000005,18.5044],[73.792519999999996,18.504090000000001],[73.792550000000006,18.503440000000001],[73.792490000000001,18.502880000000001],[73.792280000000005,18.502310000000001],[73.791669999999996,18.501329999999999],[73.794449999999998,18.501300000000001],[73.794449999999998,18.501169999999998],[73.795670000000001,18.501169999999998],[73.795850000000002,18.500139999999998],[73.795869999999994,18.499690000000001],[73.795869999999994,18.499420000000001],[73.795789999999997,18.498750000000001],[73.796449999999993,18.49878],[73.797560000000004,18.49868],[73.798410000000004,18.498619999999999],[73.798559999999995,18.498619999999999],[73.798760000000001,18.49849],[73.799319999999994,18.498439999999999],[73.800110000000004,18.498449999999998],[73.800280000000001,18.49943],[73.800349999999995,18.49953],[73.800409999999999,18.49991],[73.800460000000001,18.500350000000001],[73.800420000000003,18.500409999999999],[73.800510000000003,18.50048],[73.80059,18.501380000000001],[73.800809999999998,18.501560000000001],[73.8018,18.501329999999999],[73.801879999999997,18.5016],[73.801900000000003,18.501840000000001],[73.801950000000005,18.50244],[73.802019999999999,18.502870000000001],[73.802149999999997,18.50357],[73.802369999999996,18.504490000000001],[73.80247,18.50535],[73.802539999999993,18.505649999999999],[73.802769999999995,18.506519999999998],[73.802850000000007,18.50703],[73.80247,18.507069999999999],[73.801730000000006,18.507259999999999],[73.801519999999996,18.507280000000002],[73.800179999999997,18.507490000000001],[73.799019999999999,18.507629999999999],[73.798779999999994,18.50854],[73.798760000000001,18.509460000000001],[73.798789999999997,18.51089],[73.798789999999997,18.51183],[73.798749999999998,18.511939999999999],[73.799270000000007,18.512029999999999],[73.800240000000002,18.5122],[73.802099999999996,18.512550000000001],[73.803719999999998,18.512830000000001],[73.804259999999999,18.512879999999999],[73.805040000000005,18.512889999999999],[73.805899999999994,18.51285],[73.805890000000005,18.515619999999998]]]},"properties":{"FID":30,"wardnum":32,"origin":"http://www.pmc.gov.in/sites/default/files/final_ward_maps/32_F_Ward.pdf","Name1":"32 Bhusari colony - Bavdhan Khurd","Name2":"Bhusari colony - Bavdhan Khurd"}},{"type":"Feature","id":31,"geometry":{"type":"Polygon","coordinates":[[[73.770030000000006,18.51315],[73.769810000000007,18.513159999999999],[73.769170000000003,18.512820000000001],[73.768820000000005,18.512589999999999],[73.768829999999994,18.512419999999999],[73.768940000000001,18.512319999999999],[73.769279999999995,18.5123],[73.769289999999998,18.511690000000002],[73.769069999999999,18.510169999999999],[73.768879999999996,18.509820000000001],[73.76858,18.509689999999999],[73.767099999999999,18.509640000000001],[73.766810000000007,18.509709999999998],[73.766630000000006,18.509709999999998],[73.766440000000003,18.509609999999999],[73.76643,18.509329999999999],[73.766630000000006,18.509170000000001],[73.766980000000004,18.509080000000001],[73.76737,18.508949999999999],[73.76764,18.508849999999999],[73.767719999999997,18.508649999999999],[73.767709999999994,18.50844],[73.767439999999993,18.508150000000001],[73.766440000000003,18.507200000000001],[73.766019999999997,18.50639],[73.763260000000002,18.505710000000001],[73.762780000000006,18.505739999999999],[73.762500000000003,18.505790000000001],[73.762129999999999,18.505520000000001],[73.761870000000002,18.505330000000001],[73.761939999999996,18.50497],[73.762100000000004,18.5046],[73.762029999999996,18.504300000000001],[73.761669999999995,18.50395],[73.761219999999994,18.503869999999999],[73.760469999999998,18.503990000000002],[73.760289999999998,18.503900000000002],[73.760220000000004,18.50347],[73.760270000000006,18.502579999999998],[73.760540000000006,18.502289999999999],[73.761080000000007,18.501940000000001],[73.762100000000004,18.500959999999999],[73.762969999999996,18.500129999999999],[73.763729999999995,18.499479999999998],[73.764300000000006,18.498909999999999],[73.764859999999999,18.498090000000001],[73.765479999999997,18.497440000000001],[73.765910000000005,18.497029999999999],[73.766829999999999,18.49653],[73.767200000000003,18.49633],[73.766419999999997,18.494820000000001],[73.766000000000005,18.494350000000001],[73.765730000000005,18.49427],[73.765680000000003,18.494009999999999],[73.765460000000004,18.493849999999998],[73.765330000000006,18.49363],[73.765150000000006,18.493089999999999],[73.765150000000006,18.49212],[73.76549,18.491140000000001],[73.765720000000002,18.491],[73.765820000000005,18.490860000000001],[73.765879999999996,18.49004],[73.766260000000003,18.489170000000001],[73.767200000000003,18.487909999999999],[73.767769999999999,18.487159999999999],[73.768510000000006,18.486149999999999],[73.769069999999999,18.484819999999999],[73.769909999999996,18.48535],[73.770430000000005,18.485810000000001],[73.770820000000001,18.486190000000001],[73.771190000000004,18.486360000000001],[73.771529999999998,18.486699999999999],[73.772189999999995,18.487500000000001],[73.772670000000005,18.487939999999998],[73.77319,18.48826],[73.774039999999999,18.488790000000002],[73.774029999999996,18.489270000000001],[73.774720000000002,18.48977],[73.774770000000004,18.490649999999999],[73.775810000000007,18.491689999999998],[73.776759999999996,18.493549999999999],[73.777199999999993,18.494530000000001],[73.776849999999996,18.495729999999998],[73.77704,18.495889999999999],[73.777540000000002,18.496210000000001],[73.779679999999999,18.497910000000001],[73.780429999999996,18.497869999999999],[73.780619999999999,18.49784],[73.780869999999993,18.49794],[73.781099999999995,18.49813],[73.782880000000006,18.499780000000001],[73.783100000000005,18.499970000000001],[73.783199999999994,18.50037],[73.784689999999998,18.500360000000001],[73.785539999999997,18.49982],[73.785610000000005,18.49973],[73.785780000000003,18.499040000000001],[73.786299999999997,18.499020000000002],[73.786529999999999,18.498989999999999],[73.787800000000004,18.49823],[73.788409999999999,18.497769999999999],[73.788640000000001,18.497669999999999],[73.790360000000007,18.496929999999999],[73.791480000000007,18.49643],[73.791920000000005,18.49644],[73.792209999999997,18.49634],[73.792299999999997,18.49616],[73.792320000000004,18.49605],[73.792760000000001,18.495550000000001],[73.793289999999999,18.495190000000001],[73.793689999999998,18.49494],[73.793790000000001,18.494710000000001],[73.79383,18.494630000000001],[73.794200000000004,18.494530000000001],[73.794499999999999,18.494309999999999],[73.795410000000004,18.493649999999999],[73.796040000000005,18.49335],[73.796580000000006,18.492999999999999],[73.797030000000007,18.492660000000001],[73.797349999999994,18.49259],[73.797709999999995,18.492529999999999],[73.798010000000005,18.49239],[73.798379999999995,18.492419999999999],[73.798680000000004,18.492460000000001],[73.799310000000006,18.492419999999999],[73.799859999999995,18.492380000000001],[73.799959999999999,18.492159999999998],[73.800179999999997,18.49314],[73.800910000000002,18.493390000000002],[73.801559999999995,18.493539999999999],[73.802099999999996,18.493459999999999],[73.803250000000006,18.493120000000001],[73.804140000000004,18.49286],[73.804360000000003,18.492740000000001],[73.804659999999998,18.492360000000001],[73.804910000000007,18.49211],[73.805059999999997,18.492039999999999],[73.805319999999995,18.49221],[73.805629999999994,18.492260000000002],[73.805909999999997,18.492229999999999],[73.806209999999993,18.492090000000001],[73.806520000000006,18.491990000000001],[73.806719999999999,18.49194],[73.807140000000004,18.491689999999998],[73.807400000000001,18.491630000000001],[73.807760000000002,18.491720000000001],[73.807860000000005,18.49174],[73.808229999999995,18.491849999999999],[73.808520000000001,18.49202],[73.808679999999995,18.492249999999999],[73.809150000000002,18.492290000000001],[73.810490000000001,18.492319999999999],[73.812330000000003,18.492450000000002],[73.813400000000001,18.492540000000002],[73.815179999999998,18.493289999999998],[73.816090000000003,18.493549999999999],[73.817419999999998,18.493880000000001],[73.817769999999996,18.494039999999998],[73.817939999999993,18.49436],[73.818209999999993,18.494610000000002],[73.818460000000002,18.494219999999999],[73.818520000000007,18.493860000000002],[73.818439999999995,18.492789999999999],[73.820400000000006,18.492190000000001],[73.821449999999999,18.49173],[73.823149999999998,18.490880000000001],[73.824340000000007,18.49033],[73.824669999999998,18.490169999999999],[73.825010000000006,18.491630000000001],[73.825789999999998,18.494730000000001],[73.826369999999997,18.49709],[73.826539999999994,18.498149999999999],[73.826120000000003,18.498190000000001],[73.826089999999994,18.49859],[73.825869999999995,18.498539999999998],[73.825419999999994,18.49832],[73.825000000000003,18.498270000000002],[73.824380000000005,18.498169999999998],[73.823930000000004,18.49812],[73.823549999999997,18.497920000000001],[73.823189999999997,18.49851],[73.822800000000001,18.49905],[73.822550000000007,18.499580000000002],[73.82235,18.5002],[73.821950000000001,18.501809999999999],[73.821640000000002,18.502970000000001],[73.821399999999997,18.503920000000001],[73.821250000000006,18.504249999999999],[73.822490000000002,18.504829999999998],[73.823149999999998,18.505099999999999],[73.823939999999993,18.50534],[73.82508,18.50563],[73.824730000000002,18.506029999999999],[73.824449999999999,18.506209999999999],[73.82396,18.506679999999999],[73.822869999999995,18.507999999999999],[73.822299999999998,18.508659999999999],[73.821529999999996,18.509540000000001],[73.821129999999997,18.509910000000001],[73.820800000000006,18.510190000000001],[73.820260000000005,18.510470000000002],[73.819239999999994,18.510490000000001],[73.818709999999996,18.510470000000002],[73.817729999999997,18.510380000000001],[73.817329999999998,18.510290000000001],[73.816730000000007,18.510169999999999],[73.816329999999994,18.510059999999999],[73.815740000000005,18.50994],[73.815449999999998,18.50996],[73.81523,18.50985],[73.814599999999999,18.50966],[73.814279999999997,18.509609999999999],[73.813699999999997,18.50956],[73.813239999999993,18.509550000000001],[73.812510000000003,18.509509999999999],[73.81223,18.50947],[73.811809999999994,18.50939],[73.811539999999994,18.50929],[73.811359999999993,18.509170000000001],[73.811049999999994,18.508980000000001],[73.810739999999996,18.508700000000001],[73.810460000000006,18.50844],[73.810199999999995,18.508369999999999],[73.809939999999997,18.50835],[73.809569999999994,18.508279999999999],[73.80932,18.508240000000001],[73.809179999999998,18.508189999999999],[73.808729999999997,18.508019999999998],[73.808819999999997,18.507719999999999],[73.809010000000001,18.507079999999998],[73.809229999999999,18.506710000000002],[73.80941,18.506630000000001],[73.809929999999994,18.506399999999999],[73.810540000000003,18.506129999999999],[73.810869999999994,18.505980000000001],[73.811149999999998,18.505780000000001],[73.811419999999998,18.505520000000001],[73.812029999999993,18.504950000000001],[73.812389999999994,18.504660000000001],[73.812740000000005,18.504449999999999],[73.813109999999995,18.504280000000001],[73.813280000000006,18.504190000000001],[73.81344,18.504069999999999],[73.813680000000005,18.503889999999998],[73.813850000000002,18.503810000000001],[73.813890000000001,18.503740000000001],[73.814049999999995,18.503540000000001],[73.814350000000005,18.503260000000001],[73.814809999999994,18.50281],[73.814909999999998,18.502790000000001],[73.815010000000001,18.502780000000001],[73.815020000000004,18.50216],[73.815799999999996,18.502230000000001],[73.814949999999996,18.50177],[73.814760000000007,18.501650000000001],[73.814490000000006,18.50141],[73.814220000000006,18.50103],[73.813990000000004,18.50055],[73.813800000000001,18.500119999999999],[73.813670000000002,18.49972],[73.813649999999996,18.499490000000002],[73.813659999999999,18.499120000000001],[73.813800000000001,18.497979999999998],[73.813490000000002,18.498010000000001],[73.812719999999999,18.498159999999999],[73.812439999999995,18.498200000000001],[73.812129999999996,18.498200000000001],[73.811809999999994,18.498169999999998],[73.810659999999999,18.498180000000001],[73.810019999999994,18.49821],[73.809290000000004,18.498339999999999],[73.808999999999997,18.49841],[73.808490000000006,18.498660000000001],[73.80789,18.498909999999999],[73.80762,18.498909999999999],[73.807100000000005,18.498919999999998],[73.806489999999997,18.498950000000001],[73.805869999999999,18.49898],[73.805340000000001,18.499009999999998],[73.805210000000002,18.499030000000001],[73.804839999999999,18.499120000000001],[73.804500000000004,18.49915],[73.804419999999993,18.498159999999999],[73.802610000000001,18.498239999999999],[73.802509999999998,18.497530000000001],[73.802109999999999,18.497530000000001],[73.802160000000001,18.499759999999998],[73.801360000000003,18.4998],[73.801310000000001,18.499359999999999],[73.800979999999996,18.499400000000001],[73.80095,18.499099999999999],[73.800659999999993,18.499130000000001],[73.800700000000006,18.499500000000001],[73.800349999999995,18.49953],[73.800280000000001,18.49943],[73.800110000000004,18.498449999999998],[73.799319999999994,18.498439999999999],[73.798760000000001,18.49849],[73.798559999999995,18.498619999999999],[73.798410000000004,18.498619999999999],[73.797560000000004,18.49868],[73.796449999999993,18.49878],[73.795789999999997,18.498750000000001],[73.795869999999994,18.499420000000001],[73.795869999999994,18.499690000000001],[73.795850000000002,18.500139999999998],[73.795670000000001,18.501169999999998],[73.794449999999998,18.501169999999998],[73.794449999999998,18.501300000000001],[73.791669999999996,18.501329999999999],[73.792280000000005,18.502310000000001],[73.792490000000001,18.502880000000001],[73.792550000000006,18.503440000000001],[73.792519999999996,18.504090000000001],[73.792460000000005,18.5044],[73.792299999999997,18.504919999999998],[73.79204,18.505500000000001],[73.791730000000001,18.505960000000002],[73.791309999999996,18.50639],[73.79092,18.506720000000001],[73.790440000000004,18.507020000000001],[73.789659999999998,18.50733],[73.789469999999994,18.507359999999998],[73.789389999999997,18.50695],[73.789320000000004,18.506869999999999],[73.789270000000002,18.50629],[73.788809999999998,18.50629],[73.788870000000003,18.50686],[73.788719999999998,18.50686],[73.788449999999997,18.5075],[73.787959999999998,18.507490000000001],[73.786950000000004,18.507449999999999],[73.786339999999996,18.50741],[73.785659999999993,18.507359999999998],[73.784750000000003,18.50731],[73.783379999999994,18.507390000000001],[73.782870000000003,18.507449999999999],[73.781909999999996,18.507639999999999],[73.781059999999997,18.507850000000001],[73.779499999999999,18.508230000000001],[73.778260000000003,18.508469999999999],[73.776740000000004,18.508749999999999],[73.77516,18.509119999999999],[73.774630000000002,18.50928],[73.774079999999998,18.509519999999998],[73.773290000000003,18.510020000000001],[73.772720000000007,18.51051],[73.772030000000001,18.511019999999998],[73.770979999999994,18.511859999999999],[73.770160000000004,18.512910000000002],[73.770030000000006,18.51315]]]},"properties":{"FID":31,"wardnum":33,"origin":"http://www.pmc.gov.in/sites/default/files/final_ward_maps/33_F_Ward.pdf","Name1":"33 Ideal colony - Mahatma Society","Name2":"Ideal colony - Mahatma Society"}},{"type":"Feature","id":32,"geometry":{"type":"Polygon","coordinates":[[[73.801559999999995,18.493539999999999],[73.800910000000002,18.493390000000002],[73.800179999999997,18.49314],[73.799959999999999,18.492159999999998],[73.799859999999995,18.492380000000001],[73.799310000000006,18.492419999999999],[73.798680000000004,18.492460000000001],[73.798379999999995,18.492419999999999],[73.798010000000005,18.49239],[73.797709999999995,18.492529999999999],[73.797349999999994,18.49259],[73.797030000000007,18.492660000000001],[73.796580000000006,18.492999999999999],[73.796040000000005,18.49335],[73.795410000000004,18.493649999999999],[73.794499999999999,18.494309999999999],[73.794200000000004,18.494530000000001],[73.79383,18.494630000000001],[73.793790000000001,18.494710000000001],[73.793689999999998,18.49494],[73.793289999999999,18.495190000000001],[73.792760000000001,18.495550000000001],[73.792320000000004,18.49605],[73.792299999999997,18.49616],[73.792209999999997,18.49634],[73.791920000000005,18.49644],[73.791480000000007,18.49643],[73.790360000000007,18.496929999999999],[73.788640000000001,18.497669999999999],[73.788409999999999,18.497769999999999],[73.787800000000004,18.49823],[73.786529999999999,18.498989999999999],[73.786299999999997,18.499020000000002],[73.785780000000003,18.499040000000001],[73.785610000000005,18.49973],[73.785539999999997,18.49982],[73.784689999999998,18.500360000000001],[73.783199999999994,18.50037],[73.783100000000005,18.499970000000001],[73.782880000000006,18.499780000000001],[73.781099999999995,18.49813],[73.780869999999993,18.49794],[73.780619999999999,18.49784],[73.780429999999996,18.497869999999999],[73.779679999999999,18.497910000000001],[73.777540000000002,18.496210000000001],[73.77704,18.495889999999999],[73.776849999999996,18.495729999999998],[73.777199999999993,18.494530000000001],[73.776759999999996,18.493549999999999],[73.775810000000007,18.491689999999998],[73.774770000000004,18.490649999999999],[73.774720000000002,18.48977],[73.774029999999996,18.489270000000001],[73.774039999999999,18.488790000000002],[73.77319,18.48826],[73.772670000000005,18.487939999999998],[73.772189999999995,18.487500000000001],[73.771529999999998,18.486699999999999],[73.771190000000004,18.486360000000001],[73.770820000000001,18.486190000000001],[73.770430000000005,18.485810000000001],[73.769909999999996,18.48535],[73.769069999999999,18.484819999999999],[73.768609999999995,18.484439999999999],[73.76737,18.484089999999998],[73.766649999999998,18.48376],[73.766069999999999,18.483160000000002],[73.765709999999999,18.482859999999999],[73.764870000000002,18.48283],[73.763850000000005,18.482839999999999],[73.763170000000002,18.482990000000001],[73.762420000000006,18.483429999999998],[73.762119999999996,18.48358],[73.760660000000001,18.483450000000001],[73.760220000000004,18.483470000000001],[73.76003,18.48376],[73.760210000000001,18.48441],[73.760040000000004,18.485019999999999],[73.759720000000002,18.485019999999999],[73.758279999999999,18.48554],[73.757210000000001,18.486190000000001],[73.756709999999998,18.486619999999998],[73.756699999999995,18.48687],[73.756489999999999,18.486979999999999],[73.756079999999997,18.486910000000002],[73.755600000000001,18.48733],[73.754930000000002,18.487960000000001],[73.754360000000005,18.488189999999999],[73.753910000000005,18.488019999999999],[73.753200000000007,18.488109999999999],[73.753069999999994,18.488350000000001],[73.752700000000004,18.488620000000001],[73.752200000000002,18.48874],[73.751199999999997,18.48892],[73.750780000000006,18.488869999999999],[73.750609999999995,18.48874],[73.750510000000006,18.48856],[73.750510000000006,18.48827],[73.750420000000005,18.488050000000001],[73.750200000000007,18.48789],[73.750110000000006,18.487359999999999],[73.749960000000002,18.486940000000001],[73.749790000000004,18.486630000000002],[73.749350000000007,18.486429999999999],[73.749009999999998,18.486440000000002],[73.748549999999994,18.48612],[73.748429999999999,18.48554],[73.748140000000006,18.48508],[73.747559999999993,18.484539999999999],[73.746949999999998,18.48424],[73.746030000000005,18.483989999999999],[73.745360000000005,18.48405],[73.745230000000006,18.484210000000001],[73.744720000000001,18.48423],[73.744560000000007,18.484400000000001],[73.744560000000007,18.4849],[73.744690000000006,18.48516],[73.744309999999999,18.485399999999998],[73.743560000000002,18.486599999999999],[73.742959999999997,18.487829999999999],[73.742859999999993,18.488330000000001],[73.742260000000002,18.488209999999999],[73.741230000000002,18.488189999999999],[73.740369999999999,18.488060000000001],[73.739379999999997,18.487870000000001],[73.738829999999993,18.487780000000001],[73.738190000000003,18.487660000000002],[73.737610000000004,18.487359999999999],[73.737570000000005,18.487130000000001],[73.737260000000006,18.486910000000002],[73.737290000000002,18.486000000000001],[73.737229999999997,18.485810000000001],[73.737020000000001,18.485379999999999],[73.736969999999999,18.48488],[73.737070000000003,18.484690000000001],[73.737080000000006,18.484400000000001],[73.737080000000006,18.484030000000001],[73.737129999999993,18.482839999999999],[73.737179999999995,18.482340000000001],[73.737350000000006,18.482320000000001],[73.737470000000002,18.480429999999998],[73.73742,18.479279999999999],[73.736990000000006,18.479240000000001],[73.736789999999999,18.479379999999999],[73.735839999999996,18.479240000000001],[73.734960000000001,18.479040000000001],[73.734380000000002,18.478829999999999],[73.733990000000006,18.478670000000001],[73.732950000000002,18.476220000000001],[73.732799999999997,18.475370000000002],[73.732650000000007,18.474499999999999],[73.732650000000007,18.473389999999998],[73.732669999999999,18.47306],[73.732619999999997,18.472729999999999],[73.73227,18.472760000000001],[73.732560000000007,18.472010000000001],[73.733230000000006,18.47118],[73.733509999999995,18.4709],[73.733540000000005,18.470649999999999],[73.733720000000005,18.470479999999998],[73.733549999999994,18.470179999999999],[73.733580000000003,18.469930000000002],[73.733850000000004,18.469470000000001],[73.733909999999995,18.469080000000002],[73.734120000000004,18.468720000000001],[73.734520000000003,18.468299999999999],[73.734610000000004,18.468070000000001],[73.734520000000003,18.467500000000001],[73.734610000000004,18.467169999999999],[73.734849999999994,18.466719999999999],[73.735079999999996,18.466480000000001],[73.735150000000004,18.466270000000002],[73.735299999999995,18.466090000000001],[73.735470000000007,18.465949999999999],[73.735500000000002,18.46576],[73.735510000000005,18.465520000000001],[73.735550000000003,18.465340000000001],[73.735560000000007,18.4651],[73.73554,18.464929999999999],[73.73554,18.464749999999999],[73.735669999999999,18.46463],[73.735929999999996,18.46453],[73.736099999999993,18.464500000000001],[73.736289999999997,18.46463],[73.736379999999997,18.46472],[73.736530000000002,18.464729999999999],[73.736660000000001,18.464649999999999],[73.736680000000007,18.464469999999999],[73.736789999999999,18.46433],[73.736959999999996,18.464289999999998],[73.737080000000006,18.464320000000001],[73.737219999999994,18.46433],[73.737319999999997,18.46416],[73.737390000000005,18.464099999999998],[73.737549999999999,18.464110000000002],[73.737819999999999,18.46405],[73.738169999999997,18.463920000000002],[73.738439999999997,18.46369],[73.73939,18.463059999999999],[73.739810000000006,18.46264],[73.740279999999998,18.461929999999999],[73.741079999999997,18.461939999999998],[73.741230000000002,18.461870000000001],[73.741240000000005,18.4617],[73.741420000000005,18.461490000000001],[73.741749999999996,18.461120000000001],[73.741789999999995,18.460850000000001],[73.74212,18.460599999999999],[73.742189999999994,18.460270000000001],[73.742140000000006,18.460149999999999],[73.742090000000005,18.46003],[73.741739999999993,18.460000000000001],[73.741720000000001,18.459869999999999],[73.742239999999995,18.459630000000001],[73.742410000000007,18.459530000000001],[73.742379999999997,18.45927],[73.742310000000003,18.45899],[73.742459999999994,18.4588],[73.742810000000006,18.458670000000001],[73.743120000000005,18.458629999999999],[73.743189999999998,18.458590000000001],[73.743110000000001,18.458369999999999],[73.743179999999995,18.458100000000002],[73.74333,18.457820000000002],[73.743520000000004,18.4574],[73.743889999999993,18.456869999999999],[73.744060000000005,18.45665],[73.744110000000006,18.45646],[73.743889999999993,18.456050000000001],[73.743759999999995,18.45579],[73.743570000000005,18.455749999999998],[73.743470000000002,18.4556],[73.743300000000005,18.45542],[73.743129999999994,18.455369999999998],[73.743049999999997,18.454920000000001],[73.742890000000003,18.454460000000001],[73.742609999999999,18.4543],[73.742360000000005,18.453810000000001],[73.741900000000001,18.45299],[73.741519999999994,18.45289],[73.741060000000004,18.451920000000001],[73.740809999999996,18.451899999999998],[73.740260000000006,18.450700000000001],[73.740030000000004,18.450759999999999],[73.739909999999995,18.45026],[73.739689999999996,18.449829999999999],[73.739009999999993,18.448979999999999],[73.738780000000006,18.44866],[73.73854,18.447990000000001],[73.738439999999997,18.447479999999999],[73.738439999999997,18.447410000000001],[73.737759999999994,18.446580000000001],[73.73715,18.445599999999999],[73.737340000000003,18.445080000000001],[73.737769999999998,18.444420000000001],[73.738290000000006,18.443930000000002],[73.739019999999996,18.443339999999999],[73.73921,18.44294],[73.739760000000004,18.442360000000001],[73.740710000000007,18.44162],[73.741079999999997,18.44134],[73.741510000000005,18.441220000000001],[73.742109999999997,18.441020000000002],[73.742620000000002,18.440670000000001],[73.743489999999994,18.439969999999999],[73.744299999999996,18.439129999999999],[73.745140000000006,18.438130000000001],[73.745829999999998,18.437429999999999],[73.746290000000002,18.437010000000001],[73.746979999999994,18.43685],[73.747690000000006,18.436699999999998],[73.747969999999995,18.436450000000001],[73.749179999999996,18.435289999999998],[73.749560000000002,18.434719999999999],[73.750280000000004,18.432870000000001],[73.750559999999993,18.432210000000001],[73.750749999999996,18.431750000000001],[73.750889999999998,18.431539999999998],[73.751919999999998,18.43206],[73.753010000000003,18.432130000000001],[73.756069999999994,18.432200000000002],[73.758349999999993,18.43224],[73.759270000000001,18.432410000000001],[73.759640000000005,18.432469999999999],[73.762219999999999,18.432839999999999],[73.762479999999996,18.432870000000001],[73.765879999999996,18.435680000000001],[73.768900000000002,18.440660000000001],[73.770129999999995,18.442679999999999],[73.770309999999995,18.445460000000001],[73.770610000000005,18.446449999999999],[73.770809999999997,18.446459999999998],[73.770880000000005,18.446770000000001],[73.770799999999994,18.447469999999999],[73.770189999999999,18.44922],[73.770129999999995,18.45187],[73.770330000000001,18.45298],[73.771140000000003,18.455010000000001],[73.771140000000003,18.455279999999998],[73.772069999999999,18.457070000000002],[73.772369999999995,18.45758],[73.772819999999996,18.458100000000002],[73.772440000000003,18.45918],[73.771839999999997,18.459479999999999],[73.7714,18.45946],[73.770340000000004,18.459910000000001],[73.769810000000007,18.460249999999998],[73.769919999999999,18.460319999999999],[73.77028,18.460290000000001],[73.770489999999995,18.460570000000001],[73.770489999999995,18.460730000000002],[73.770259999999993,18.460940000000001],[73.769720000000007,18.461300000000001],[73.769270000000006,18.461729999999999],[73.769030000000001,18.46208],[73.768820000000005,18.462299999999999],[73.76885,18.462910000000001],[73.769059999999996,18.463180000000001],[73.7697,18.463200000000001],[73.77243,18.463159999999998],[73.772450000000006,18.463519999999999],[73.77319,18.46358],[73.773409999999998,18.46407],[73.773499999999999,18.464479999999998],[73.773439999999994,18.46499],[73.773570000000007,18.465129999999998],[73.773949999999999,18.465170000000001],[73.774270000000001,18.465070000000001],[73.774600000000007,18.465060000000001],[73.774879999999996,18.465219999999999],[73.775149999999996,18.465530000000001],[73.775329999999997,18.465869999999999],[73.775779999999997,18.466049999999999],[73.776129999999995,18.466360000000002],[73.776309999999995,18.466889999999999],[73.776290000000003,18.46773],[73.776039999999995,18.46827],[73.775720000000007,18.468779999999999],[73.775580000000005,18.469159999999999],[73.775630000000007,18.46949],[73.775940000000006,18.469650000000001],[73.77619,18.469609999999999],[73.776409999999998,18.469360000000002],[73.776690000000002,18.469180000000001],[73.776859999999999,18.46923],[73.777190000000004,18.469449999999998],[73.777370000000005,18.4695],[73.777760000000001,18.469460000000002],[73.777910000000006,18.4693],[73.778059999999996,18.46893],[73.778589999999994,18.468160000000001],[73.778899999999993,18.467770000000002],[73.779309999999995,18.46753],[73.779470000000003,18.467490000000002],[73.780169999999998,18.467490000000002],[73.78058,18.467310000000001],[73.781469999999999,18.466799999999999],[73.782259999999994,18.466470000000001],[73.782390000000007,18.466470000000001],[73.782539999999997,18.466660000000001],[73.782830000000004,18.466760000000001],[73.783240000000006,18.466999999999999],[73.783460000000005,18.467220000000001],[73.783469999999994,18.46754],[73.783370000000005,18.46904],[73.783370000000005,18.46968],[73.78349,18.469940000000001],[73.783779999999993,18.47015],[73.784199999999998,18.470189999999999],[73.784570000000002,18.47007],[73.784729999999996,18.46978],[73.784829999999999,18.469529999999999],[73.784999999999997,18.46931],[73.785330000000002,18.469200000000001],[73.785759999999996,18.46941],[73.786069999999995,18.469529999999999],[73.786339999999996,18.469560000000001],[73.786600000000007,18.469480000000001],[73.786739999999995,18.469290000000001],[73.787790000000001,18.470109999999998],[73.788139999999999,18.470320000000001],[73.790210000000002,18.47128],[73.790660000000003,18.471630000000001],[73.793000000000006,18.473549999999999],[73.794370000000001,18.474789999999999],[73.794820000000001,18.475159999999999],[73.795919999999995,18.475989999999999],[73.796940000000006,18.476970000000001],[73.798090000000002,18.47803],[73.79889,18.478770000000001],[73.799379999999999,18.479299999999999],[73.801029999999997,18.480360000000001],[73.801000000000002,18.48218],[73.801130000000001,18.4834],[73.801230000000004,18.483460000000001],[73.8018,18.48293],[73.802109999999999,18.483280000000001],[73.802959999999999,18.483699999999999],[73.803340000000006,18.485440000000001],[73.803280000000001,18.485499999999998],[73.802080000000004,18.485790000000001],[73.802359999999993,18.487169999999999],[73.801689999999994,18.48732],[73.802170000000004,18.491070000000001],[73.802430000000001,18.493179999999999],[73.801559999999995,18.493539999999999]]]},"properties":{"FID":32,"wardnum":34,"origin":"http://www.pmc.gov.in/sites/default/files/final_ward_maps/34_F_Ward.pdf","Name1":"34 Warje - Kondhave Dhavde","Name2":"Warje - Kondhave Dhavde"}},{"type":"Feature","id":33,"geometry":{"type":"Polygon","coordinates":[[[73.807860000000005,18.49174],[73.807760000000002,18.491720000000001],[73.807400000000001,18.491630000000001],[73.807140000000004,18.491689999999998],[73.806719999999999,18.49194],[73.806520000000006,18.491990000000001],[73.806209999999993,18.492090000000001],[73.805909999999997,18.492229999999999],[73.805629999999994,18.492260000000002],[73.805319999999995,18.49221],[73.805059999999997,18.492039999999999],[73.804910000000007,18.49211],[73.804659999999998,18.492360000000001],[73.804360000000003,18.492740000000001],[73.804140000000004,18.49286],[73.803250000000006,18.493120000000001],[73.802099999999996,18.493459999999999],[73.801559999999995,18.493539999999999],[73.802430000000001,18.493179999999999],[73.802170000000004,18.491070000000001],[73.801689999999994,18.48732],[73.802359999999993,18.487169999999999],[73.802080000000004,18.485790000000001],[73.803280000000001,18.485499999999998],[73.803340000000006,18.485440000000001],[73.802959999999999,18.483699999999999],[73.802109999999999,18.483280000000001],[73.8018,18.48293],[73.801230000000004,18.483460000000001],[73.801130000000001,18.4834],[73.801000000000002,18.48218],[73.801029999999997,18.480360000000001],[73.799379999999999,18.479299999999999],[73.79889,18.478770000000001],[73.798090000000002,18.47803],[73.796940000000006,18.476970000000001],[73.795919999999995,18.475989999999999],[73.794820000000001,18.475159999999999],[73.794370000000001,18.474789999999999],[73.793000000000006,18.473549999999999],[73.790660000000003,18.471630000000001],[73.790210000000002,18.47128],[73.788139999999999,18.470320000000001],[73.787790000000001,18.470109999999998],[73.786739999999995,18.469290000000001],[73.786600000000007,18.469480000000001],[73.786339999999996,18.469560000000001],[73.786069999999995,18.469529999999999],[73.785759999999996,18.46941],[73.785330000000002,18.469200000000001],[73.784999999999997,18.46931],[73.784829999999999,18.469529999999999],[73.784729999999996,18.46978],[73.784570000000002,18.47007],[73.784199999999998,18.470189999999999],[73.783779999999993,18.47015],[73.78349,18.469940000000001],[73.783370000000005,18.46968],[73.783370000000005,18.46904],[73.783469999999994,18.46754],[73.783460000000005,18.467220000000001],[73.783240000000006,18.466999999999999],[73.782830000000004,18.466760000000001],[73.782539999999997,18.466660000000001],[73.782390000000007,18.466470000000001],[73.782259999999994,18.466470000000001],[73.781469999999999,18.466799999999999],[73.78058,18.467310000000001],[73.780169999999998,18.467490000000002],[73.779470000000003,18.467490000000002],[73.779309999999995,18.46753],[73.778899999999993,18.467770000000002],[73.778589999999994,18.468160000000001],[73.778059999999996,18.46893],[73.777910000000006,18.4693],[73.777760000000001,18.469460000000002],[73.777370000000005,18.4695],[73.777190000000004,18.469449999999998],[73.776859999999999,18.46923],[73.776690000000002,18.469180000000001],[73.776409999999998,18.469360000000002],[73.77619,18.469609999999999],[73.775940000000006,18.469650000000001],[73.775630000000007,18.46949],[73.775580000000005,18.469159999999999],[73.775720000000007,18.468779999999999],[73.776039999999995,18.46827],[73.776290000000003,18.46773],[73.776309999999995,18.466889999999999],[73.776129999999995,18.466360000000002],[73.775779999999997,18.466049999999999],[73.775329999999997,18.465869999999999],[73.775149999999996,18.465530000000001],[73.774879999999996,18.465219999999999],[73.774600000000007,18.465060000000001],[73.774270000000001,18.465070000000001],[73.773949999999999,18.465170000000001],[73.773570000000007,18.465129999999998],[73.773439999999994,18.46499],[73.773499999999999,18.464479999999998],[73.773409999999998,18.46407],[73.77319,18.46358],[73.772450000000006,18.463519999999999],[73.77243,18.463159999999998],[73.7697,18.463200000000001],[73.769059999999996,18.463180000000001],[73.76885,18.462910000000001],[73.768820000000005,18.462299999999999],[73.769030000000001,18.46208],[73.769270000000006,18.461729999999999],[73.769720000000007,18.461300000000001],[73.770259999999993,18.460940000000001],[73.770489999999995,18.460730000000002],[73.770489999999995,18.460570000000001],[73.77028,18.460290000000001],[73.769919999999999,18.460319999999999],[73.769810000000007,18.460249999999998],[73.770340000000004,18.459910000000001],[73.7714,18.45946],[73.771839999999997,18.459479999999999],[73.772440000000003,18.45918],[73.772819999999996,18.458100000000002],[73.773470000000003,18.45853],[73.774590000000003,18.459610000000001],[73.77619,18.460329999999999],[73.780990000000003,18.46116],[73.782929999999993,18.46181],[73.78416,18.462499999999999],[73.785889999999995,18.46275],[73.786640000000006,18.462669999999999],[73.787390000000002,18.462589999999999],[73.789379999999994,18.46238],[73.790239999999997,18.462319999999998],[73.79092,18.462039999999998],[73.791709999999995,18.462050000000001],[73.792619999999999,18.462209999999999],[73.793790000000001,18.462420000000002],[73.793899999999994,18.46246],[73.795689999999993,18.463360000000002],[73.796009999999995,18.46359],[73.799719999999994,18.466190000000001],[73.799589999999995,18.466270000000002],[73.799469999999999,18.466259999999998],[73.799220000000005,18.46659],[73.799160000000001,18.46678],[73.800169999999994,18.467169999999999],[73.801109999999994,18.46762],[73.802099999999996,18.468139999999998],[73.803269999999998,18.468859999999999],[73.804019999999994,18.469429999999999],[73.80471,18.469999999999999],[73.806449999999998,18.471319999999999],[73.80735,18.472049999999999],[73.807829999999996,18.47232],[73.808239999999998,18.4726],[73.808679999999995,18.472940000000001],[73.808859999999996,18.473279999999999],[73.809359999999998,18.47458],[73.809129999999996,18.474799999999998],[73.808670000000006,18.475339999999999],[73.806539999999998,18.477740000000001],[73.80462,18.479890000000001],[73.804270000000002,18.480309999999999],[73.805149999999998,18.480340000000002],[73.80556,18.480409999999999],[73.805719999999994,18.48049],[73.805909999999997,18.48067],[73.806049999999999,18.480830000000001],[73.806929999999994,18.4815],[73.80753,18.48199],[73.809439999999995,18.483350000000002],[73.809799999999996,18.483779999999999],[73.810130000000001,18.484279999999998],[73.809830000000005,18.484439999999999],[73.809740000000005,18.484580000000001],[73.809529999999995,18.484940000000002],[73.80932,18.485299999999999],[73.808959999999999,18.485769999999999],[73.807869999999994,18.487110000000001],[73.807630000000003,18.487189999999998],[73.807580000000002,18.487269999999999],[73.807329999999993,18.487780000000001],[73.807079999999999,18.48845],[73.80686,18.488910000000001],[73.806849999999997,18.489070000000002],[73.806830000000005,18.489270000000001],[73.806759999999997,18.489370000000001],[73.806929999999994,18.490179999999999],[73.807479999999998,18.491160000000001],[73.807829999999996,18.491679999999999],[73.807860000000005,18.49174]]]},"properties":{"FID":33,"wardnum":35,"origin":"http://www.pmc.gov.in/sites/default/files/final_ward_maps/35_F_Ward.pdf","Name1":"35 Ramnagar - Uttamnagar Shivane","Name2":"Ramnagar - Uttamnagar Shivane"}},{"type":"Feature","id":34,"geometry":{"type":"Polygon","coordinates":[[[73.824669999999998,18.490169999999999],[73.824340000000007,18.49033],[73.823149999999998,18.490880000000001],[73.821449999999999,18.49173],[73.820400000000006,18.492190000000001],[73.818439999999995,18.492789999999999],[73.818520000000007,18.493860000000002],[73.818460000000002,18.494219999999999],[73.818209999999993,18.494610000000002],[73.817939999999993,18.49436],[73.817769999999996,18.494039999999998],[73.817419999999998,18.493880000000001],[73.816090000000003,18.493549999999999],[73.815179999999998,18.493289999999998],[73.813400000000001,18.492540000000002],[73.812330000000003,18.492450000000002],[73.810490000000001,18.492319999999999],[73.809150000000002,18.492290000000001],[73.808679999999995,18.492249999999999],[73.808520000000001,18.49202],[73.808229999999995,18.491849999999999],[73.807860000000005,18.49174],[73.807829999999996,18.491679999999999],[73.807479999999998,18.491160000000001],[73.806929999999994,18.490179999999999],[73.806759999999997,18.489370000000001],[73.806830000000005,18.489270000000001],[73.806849999999997,18.489070000000002],[73.80686,18.488910000000001],[73.807079999999999,18.48845],[73.807329999999993,18.487780000000001],[73.807580000000002,18.487269999999999],[73.807630000000003,18.487189999999998],[73.807869999999994,18.487110000000001],[73.808959999999999,18.485769999999999],[73.80932,18.485299999999999],[73.809529999999995,18.484940000000002],[73.809740000000005,18.484580000000001],[73.809830000000005,18.484439999999999],[73.810130000000001,18.484279999999998],[73.809799999999996,18.483779999999999],[73.809439999999995,18.483350000000002],[73.80753,18.48199],[73.806929999999994,18.4815],[73.806049999999999,18.480830000000001],[73.805909999999997,18.48067],[73.805719999999994,18.48049],[73.80556,18.480409999999999],[73.805149999999998,18.480340000000002],[73.804270000000002,18.480309999999999],[73.80462,18.479890000000001],[73.806539999999998,18.477740000000001],[73.808670000000006,18.475339999999999],[73.809129999999996,18.474799999999998],[73.809359999999998,18.47458],[73.809470000000005,18.474599999999999],[73.809790000000007,18.475280000000001],[73.810500000000005,18.476680000000002],[73.811199999999999,18.478000000000002],[73.811710000000005,18.478750000000002],[73.812309999999997,18.479220000000002],[73.812920000000005,18.479510000000001],[73.814269999999993,18.480060000000002],[73.81559,18.480589999999999],[73.816450000000003,18.480979999999999],[73.817300000000003,18.481490000000001],[73.817909999999998,18.481860000000001],[73.818860000000001,18.482250000000001],[73.819490000000002,18.482500000000002],[73.820049999999995,18.482659999999999],[73.820809999999994,18.48272],[73.821749999999994,18.482759999999999],[73.822320000000005,18.482749999999999],[73.823189999999997,18.482659999999999],[73.823570000000004,18.482679999999998],[73.824179999999998,18.482749999999999],[73.824590000000001,18.482939999999999],[73.825119999999998,18.483319999999999],[73.82602,18.484359999999999],[73.826179999999994,18.484690000000001],[73.826480000000004,18.485220000000002],[73.827380000000005,18.487449999999999],[73.827870000000004,18.488489999999999],[73.826669999999993,18.489059999999998],[73.827150000000003,18.48978],[73.826819999999998,18.489999999999998],[73.825990000000004,18.489979999999999],[73.825230000000005,18.490030000000001],[73.824669999999998,18.490169999999999]]]},"properties":{"FID":34,"wardnum":36,"origin":"http://www.pmc.gov.in/sites/default/files/final_ward_maps/36_F_Ward.pdf","Name1":"36 Karvenagar","Name2":"Karvenagar"}},{"type":"Feature","id":35,"geometry":{"type":"Polygon","coordinates":[[[73.845500000000001,18.502179999999999],[73.845439999999996,18.50244],[73.845339999999993,18.50367],[73.845269999999999,18.50386],[73.844909999999999,18.50517],[73.844210000000004,18.505030000000001],[73.843829999999997,18.504960000000001],[73.843410000000006,18.504919999999998],[73.842849999999999,18.504940000000001],[73.842250000000007,18.504940000000001],[73.841830000000002,18.50498],[73.841340000000002,18.50498],[73.840739999999997,18.50498],[73.840440000000001,18.504999999999999],[73.83963,18.504999999999999],[73.839470000000006,18.50497],[73.839309999999998,18.50489],[73.839190000000002,18.504829999999998],[73.839020000000005,18.504760000000001],[73.838819999999998,18.504709999999999],[73.838890000000006,18.50347],[73.838840000000005,18.503319999999999],[73.837829999999997,18.503309999999999],[73.837829999999997,18.502960000000002],[73.836799999999997,18.50282],[73.836849999999998,18.502400000000002],[73.836839999999995,18.501180000000002],[73.836269999999999,18.499420000000001],[73.836010000000002,18.49878],[73.835329999999999,18.498049999999999],[73.834410000000005,18.497170000000001],[73.833600000000004,18.49661],[73.833209999999994,18.496230000000001],[73.833060000000003,18.49606],[73.83314,18.495979999999999],[73.833650000000006,18.495539999999998],[73.833839999999995,18.495329999999999],[73.834029999999998,18.495190000000001],[73.834190000000007,18.49502],[73.834419999999994,18.49464],[73.834900000000005,18.494209999999999],[73.835560000000001,18.493549999999999],[73.835340000000002,18.49333],[73.835819999999998,18.492889999999999],[73.835880000000003,18.492799999999999],[73.835930000000005,18.492660000000001],[73.835970000000003,18.492529999999999],[73.836060000000003,18.491879999999998],[73.836560000000006,18.491489999999999],[73.838049999999996,18.489809999999999],[73.837869999999995,18.489719999999998],[73.837599999999995,18.489650000000001],[73.837280000000007,18.489609999999999],[73.83672,18.489609999999999],[73.836119999999994,18.489609999999999],[73.835819999999998,18.489619999999999],[73.835570000000004,18.48958],[73.835419999999999,18.489540000000002],[73.834990000000005,18.489450000000001],[73.834469999999996,18.48931],[73.834180000000003,18.48921],[73.834029999999998,18.489190000000001],[73.833179999999999,18.488880000000002],[73.832840000000004,18.488759999999999],[73.832390000000004,18.488630000000001],[73.831789999999998,18.48845],[73.831019999999995,18.488099999999999],[73.83081,18.487880000000001],[73.830539999999999,18.487539999999999],[73.830269999999999,18.487290000000002],[73.831450000000004,18.48667],[73.831689999999995,18.486830000000001],[73.832080000000005,18.48705],[73.832390000000004,18.487210000000001],[73.832890000000006,18.487390000000001],[73.83314,18.487490000000001],[73.833699999999993,18.48762],[73.834190000000007,18.487880000000001],[73.834770000000006,18.487870000000001],[73.836359999999999,18.48826],[73.836979999999997,18.487950000000001],[73.837950000000006,18.487580000000001],[73.838319999999996,18.4878],[73.839089999999999,18.487590000000001],[73.839190000000002,18.487580000000001],[73.840379999999996,18.487670000000001],[73.840379999999996,18.488620000000001],[73.840770000000006,18.489830000000001],[73.840739999999997,18.490349999999999],[73.840850000000003,18.490839999999999],[73.840860000000006,18.49127],[73.841130000000007,18.49146],[73.841419999999999,18.491910000000001],[73.841700000000003,18.492329999999999],[73.842500000000001,18.492920000000002],[73.842759999999998,18.493600000000001],[73.842799999999997,18.493680000000001],[73.8429,18.493770000000001],[73.843019999999996,18.49381],[73.843279999999993,18.493839999999999],[73.843519999999998,18.494129999999998],[73.843670000000003,18.494260000000001],[73.843829999999997,18.49438],[73.844120000000004,18.494509999999998],[73.844440000000006,18.494669999999999],[73.844629999999995,18.494859999999999],[73.844859999999997,18.49502],[73.845060000000004,18.495249999999999],[73.845249999999993,18.495509999999999],[73.846149999999994,18.495539999999998],[73.847099999999998,18.496759999999998],[73.847210000000004,18.496960000000001],[73.847549999999998,18.496980000000001],[73.848529999999997,18.496420000000001],[73.849050000000005,18.496110000000002],[73.849220000000003,18.49643],[73.849299999999999,18.496690000000001],[73.849410000000006,18.497170000000001],[73.849549999999994,18.497879999999999],[73.849630000000005,18.498090000000001],[73.849729999999994,18.498169999999998],[73.849950000000007,18.498390000000001],[73.850070000000002,18.49858],[73.850229999999996,18.498899999999999],[73.849990000000005,18.499009999999998],[73.849760000000003,18.499169999999999],[73.849450000000004,18.499410000000001],[73.849029999999999,18.49971],[73.848870000000005,18.4998],[73.848609999999994,18.499860000000002],[73.848249999999993,18.499880000000001],[73.846999999999994,18.499890000000001],[73.846680000000006,18.499870000000001],[73.846320000000006,18.49973],[73.845879999999994,18.501059999999999],[73.845749999999995,18.50121],[73.845609999999994,18.501200000000001],[73.845439999999996,18.502089999999999],[73.845500000000001,18.502179999999999]]]},"properties":{"FID":35,"wardnum":37,"origin":"http://www.pmc.gov.in/sites/default/files/final_ward_maps/37_F_Ward.pdf","Name1":"37 Janata Vasahat - Dattawadi","Name2":"Janata Vasahat - Dattawadi"}},{"type":"Feature","id":36,"geometry":{"type":"Polygon","coordinates":[[[73.858530000000002,18.50065],[73.858509999999995,18.501180000000002],[73.858090000000004,18.501570000000001],[73.856710000000007,18.502890000000001],[73.855329999999995,18.50414],[73.85454,18.504740000000002],[73.854010000000002,18.505179999999999],[73.853290000000001,18.50581],[73.852810000000005,18.506160000000001],[73.850499999999997,18.507840000000002],[73.85042,18.507909999999999],[73.850409999999997,18.507829999999998],[73.850629999999995,18.505929999999999],[73.850080000000005,18.505939999999999],[73.849410000000006,18.50583],[73.849509999999995,18.504429999999999],[73.849429999999998,18.50441],[73.848240000000004,18.504239999999999],[73.848219999999998,18.502189999999999],[73.847380000000001,18.502179999999999],[73.847269999999995,18.50226],[73.847239999999999,18.502189999999999],[73.846739999999997,18.502120000000001],[73.846050000000005,18.502130000000001],[73.845770000000002,18.502179999999999],[73.845500000000001,18.502179999999999],[73.845439999999996,18.502089999999999],[73.845609999999994,18.501200000000001],[73.845749999999995,18.50121],[73.845879999999994,18.501059999999999],[73.846320000000006,18.49973],[73.846680000000006,18.499870000000001],[73.846999999999994,18.499890000000001],[73.848249999999993,18.499880000000001],[73.848609999999994,18.499860000000002],[73.848870000000005,18.4998],[73.849029999999999,18.49971],[73.849450000000004,18.499410000000001],[73.849760000000003,18.499169999999999],[73.849990000000005,18.499009999999998],[73.850229999999996,18.498899999999999],[73.850070000000002,18.49858],[73.849950000000007,18.498390000000001],[73.849729999999994,18.498169999999998],[73.849630000000005,18.498090000000001],[73.849549999999994,18.497879999999999],[73.849410000000006,18.497170000000001],[73.849299999999999,18.496690000000001],[73.849220000000003,18.49643],[73.849559999999997,18.496269999999999],[73.850309999999993,18.495840000000001],[73.851110000000006,18.495529999999999],[73.851470000000006,18.495380000000001],[73.851550000000003,18.4953],[73.851370000000003,18.495039999999999],[73.851330000000004,18.494890000000002],[73.851280000000003,18.494029999999999],[73.850960000000001,18.493200000000002],[73.850920000000002,18.493010000000002],[73.850899999999996,18.492699999999999],[73.85087,18.492429999999999],[73.850579999999994,18.49194],[73.850440000000006,18.491589999999999],[73.850409999999997,18.491129999999998],[73.850399999999993,18.48987],[73.850440000000006,18.489629999999998],[73.850480000000005,18.48958],[73.84984,18.489429999999999],[73.849879999999999,18.488589999999999],[73.850099999999998,18.486360000000001],[73.850099999999998,18.486039999999999],[73.849930000000001,18.485469999999999],[73.849770000000007,18.484860000000001],[73.84975,18.484079999999999],[73.849800000000002,18.48367],[73.849890000000002,18.48329],[73.850269999999995,18.48067],[73.850560000000002,18.478950000000001],[73.850899999999996,18.4771],[73.851020000000005,18.476749999999999],[73.851249999999993,18.476389999999999],[73.851609999999994,18.47598],[73.852549999999994,18.475100000000001],[73.853170000000006,18.474630000000001],[73.853409999999997,18.47447],[73.854010000000002,18.474450000000001],[73.855040000000002,18.474509999999999],[73.856319999999997,18.474530000000001],[73.856290000000001,18.47533],[73.856309999999993,18.47598],[73.856499999999997,18.47645],[73.856769999999997,18.476839999999999],[73.857069999999993,18.477270000000001],[73.857150000000004,18.477599999999999],[73.85718,18.47852],[73.857159999999993,18.482089999999999],[73.857240000000004,18.482659999999999],[73.857380000000006,18.483550000000001],[73.857460000000003,18.484169999999999],[73.85754,18.485299999999999],[73.857479999999995,18.48658],[73.857439999999997,18.487269999999999],[73.857389999999995,18.488189999999999],[73.857380000000006,18.488910000000001],[73.857460000000003,18.489509999999999],[73.857600000000005,18.4907],[73.857669999999999,18.492010000000001],[73.857810000000001,18.493300000000001],[73.857870000000005,18.49446],[73.857910000000004,18.495259999999998],[73.857979999999998,18.496320000000001],[73.857910000000004,18.496690000000001],[73.857969999999995,18.497060000000001],[73.858069999999998,18.497879999999999],[73.858279999999993,18.49907],[73.858530000000002,18.50065]]]},"properties":{"FID":36,"wardnum":38,"origin":"http://www.pmc.gov.in/sites/default/files/final_ward_maps/38_F_Ward.pdf","Name1":"38 Shivdarshan - Padmavati","Name2":"Shivdarshan - Padmavati"}},{"type":"Feature","id":37,"geometry":{"type":"Polygon","coordinates":[[[73.857439999999997,18.487269999999999],[73.857500000000002,18.48724],[73.857640000000004,18.487200000000001],[73.857900000000001,18.486969999999999],[73.858410000000006,18.486360000000001],[73.859250000000003,18.485220000000002],[73.85942,18.485040000000001],[73.859499999999997,18.484909999999999],[73.859549999999999,18.484760000000001],[73.859570000000005,18.484559999999998],[73.859650000000002,18.48424],[73.859719999999996,18.484069999999999],[73.860079999999996,18.483339999999998],[73.860330000000005,18.482900000000001],[73.860550000000003,18.482489999999999],[73.860730000000004,18.48217],[73.860990000000001,18.481770000000001],[73.861040000000003,18.481649999999998],[73.861109999999996,18.481459999999998],[73.861199999999997,18.481159999999999],[73.861230000000006,18.480930000000001],[73.861720000000005,18.481010000000001],[73.861990000000006,18.48105],[73.86233,18.481059999999999],[73.862870000000001,18.481069999999999],[73.86421,18.48104],[73.865260000000006,18.481010000000001],[73.866870000000006,18.480930000000001],[73.867400000000004,18.480910000000002],[73.867679999999993,18.480879999999999],[73.868620000000007,18.480830000000001],[73.86918,18.48076],[73.869839999999996,18.48067],[73.870180000000005,18.480619999999998],[73.870609999999999,18.480589999999999],[73.870959999999997,18.480609999999999],[73.871650000000002,18.48077],[73.872389999999996,18.480969999999999],[73.871970000000005,18.482299999999999],[73.871790000000004,18.482990000000001],[73.871660000000006,18.48358],[73.871399999999994,18.484590000000001],[73.870660000000001,18.4876],[73.870180000000005,18.489450000000001],[73.869770000000003,18.491060000000001],[73.869529999999997,18.491869999999999],[73.869380000000007,18.492509999999999],[73.869299999999996,18.493130000000001],[73.869330000000005,18.494060000000001],[73.869339999999994,18.49719],[73.869420000000005,18.498570000000001],[73.869420000000005,18.49953],[73.869420000000005,18.499960000000002],[73.869420000000005,18.50067],[73.869349999999997,18.501529999999999],[73.868920000000003,18.501439999999999],[73.868250000000003,18.50123],[73.867159999999998,18.500779999999999],[73.865949999999998,18.500209999999999],[73.865639999999999,18.50009],[73.865269999999995,18.5],[73.864779999999996,18.50001],[73.864350000000002,18.49999],[73.863839999999996,18.50001],[73.863489999999999,18.500029999999999],[73.863079999999997,18.5001],[73.862780000000001,18.500109999999999],[73.862359999999995,18.500139999999998],[73.861789999999999,18.500160000000001],[73.861289999999997,18.50029],[73.860799999999998,18.500409999999999],[73.860410000000002,18.50048],[73.859719999999996,18.50057],[73.858819999999994,18.50065],[73.858530000000002,18.50065],[73.858279999999993,18.49907],[73.858069999999998,18.497879999999999],[73.857969999999995,18.497060000000001],[73.857910000000004,18.496690000000001],[73.857979999999998,18.496320000000001],[73.857910000000004,18.495259999999998],[73.857870000000005,18.49446],[73.857810000000001,18.493300000000001],[73.857669999999999,18.492010000000001],[73.857600000000005,18.4907],[73.857460000000003,18.489509999999999],[73.857380000000006,18.488910000000001],[73.857389999999995,18.488189999999999],[73.857439999999997,18.487269999999999]]]},"properties":{"FID":37,"wardnum":39,"origin":"http://www.pmc.gov.in/sites/default/files/final_ward_maps/39_F_Ward.pdf","Name1":"39 Market yard - Maharshinagar","Name2":"Market yard - Maharshinagar"}},{"type":"Feature","id":38,"geometry":{"type":"Polygon","coordinates":[[[73.890500000000003,18.483090000000001],[73.890190000000004,18.48321],[73.890140000000002,18.484100000000002],[73.889679999999998,18.48479],[73.889560000000003,18.486239999999999],[73.889269999999996,18.48725],[73.888930000000002,18.488800000000001],[73.888649999999998,18.490030000000001],[73.884140000000002,18.48967],[73.883589999999998,18.489930000000001],[73.883430000000004,18.490269999999999],[73.882859999999994,18.489989999999999],[73.882109999999997,18.489920000000001],[73.881529999999998,18.48987],[73.880979999999994,18.48978],[73.880229999999997,18.489570000000001],[73.879670000000004,18.4893],[73.878829999999994,18.488679999999999],[73.878600000000006,18.48847],[73.877380000000002,18.488710000000001],[73.877539999999996,18.490500000000001],[73.877600000000001,18.491499999999998],[73.877390000000005,18.49334],[73.877269999999996,18.49343],[73.877279999999999,18.493839999999999],[73.877080000000007,18.495159999999998],[73.877120000000005,18.49587],[73.877269999999996,18.496549999999999],[73.877420000000001,18.496729999999999],[73.877510000000001,18.497219999999999],[73.877219999999994,18.497399999999999],[73.876459999999994,18.497910000000001],[73.876099999999994,18.49822],[73.875110000000006,18.49915],[73.87424,18.499860000000002],[73.873440000000002,18.50027],[73.873459999999994,18.50037],[73.873630000000006,18.500499999999999],[73.873760000000004,18.50057],[73.874170000000007,18.500579999999999],[73.874629999999996,18.500610000000002],[73.87482,18.50065],[73.874859999999998,18.500730000000001],[73.874809999999997,18.501950000000001],[73.874769999999998,18.501950000000001],[73.874380000000002,18.501940000000001],[73.873360000000005,18.501899999999999],[73.872540000000001,18.50188],[73.87182,18.501860000000001],[73.871160000000003,18.501850000000001],[73.87079,18.501830000000002],[73.870099999999994,18.50169],[73.869619999999998,18.50159],[73.869349999999997,18.501529999999999],[73.869420000000005,18.50067],[73.869420000000005,18.499960000000002],[73.869420000000005,18.49953],[73.869420000000005,18.498570000000001],[73.869339999999994,18.49719],[73.869330000000005,18.494060000000001],[73.869299999999996,18.493130000000001],[73.869380000000007,18.492509999999999],[73.869529999999997,18.491869999999999],[73.869770000000003,18.491060000000001],[73.870180000000005,18.489450000000001],[73.870660000000001,18.4876],[73.871399999999994,18.484590000000001],[73.871660000000006,18.48358],[73.871790000000004,18.482990000000001],[73.871970000000005,18.482299999999999],[73.872389999999996,18.480969999999999],[73.871650000000002,18.48077],[73.870959999999997,18.480609999999999],[73.870609999999999,18.480589999999999],[73.870180000000005,18.480619999999998],[73.869839999999996,18.48067],[73.86918,18.48076],[73.868620000000007,18.480830000000001],[73.867679999999993,18.480879999999999],[73.867400000000004,18.480910000000002],[73.866870000000006,18.480930000000001],[73.865260000000006,18.481010000000001],[73.86421,18.48104],[73.862870000000001,18.481069999999999],[73.86233,18.481059999999999],[73.861990000000006,18.48105],[73.861720000000005,18.481010000000001],[73.861230000000006,18.480930000000001],[73.861339999999998,18.480180000000001],[73.861590000000007,18.478680000000001],[73.861750000000001,18.478210000000001],[73.861980000000003,18.477689999999999],[73.862229999999997,18.476659999999999],[73.86233,18.476310000000002],[73.862369999999999,18.4755],[73.86242,18.474609999999998],[73.862629999999996,18.473669999999998],[73.862840000000006,18.472940000000001],[73.862939999999995,18.47269],[73.864230000000006,18.472829999999998],[73.864930000000001,18.472819999999999],[73.866370000000003,18.472850000000001],[73.866470000000007,18.471990000000002],[73.867840000000001,18.47214],[73.868709999999993,18.472190000000001],[73.868970000000004,18.47242],[73.869240000000005,18.472149999999999],[73.869439999999997,18.47203],[73.869820000000004,18.47186],[73.870410000000007,18.471710000000002],[73.871009999999998,18.471489999999999],[73.871530000000007,18.47138],[73.871840000000006,18.471350000000001],[73.872200000000007,18.471350000000001],[73.87294,18.471270000000001],[73.873630000000006,18.471270000000001],[73.873580000000004,18.472249999999999],[73.874520000000004,18.472349999999999],[73.874809999999997,18.47241],[73.874870000000001,18.472249999999999],[73.875,18.47223],[73.875429999999994,18.472169999999998],[73.876009999999994,18.472059999999999],[73.876220000000004,18.472000000000001],[73.877160000000003,18.471990000000002],[73.878020000000006,18.471879999999999],[73.87818,18.471910000000001],[73.878550000000004,18.472020000000001],[73.87961,18.472020000000001],[73.879630000000006,18.472549999999998],[73.879589999999993,18.472989999999999],[73.8797,18.47335],[73.879890000000003,18.473759999999999],[73.879890000000003,18.474150000000002],[73.879660000000001,18.474740000000001],[73.879649999999998,18.475460000000002],[73.879559999999998,18.475549999999998],[73.879689999999997,18.47569],[73.879990000000006,18.476099999999999],[73.880390000000006,18.476700000000001],[73.880489999999995,18.476939999999999],[73.880759999999995,18.477270000000001],[73.880920000000003,18.477519999999998],[73.881180000000001,18.478010000000001],[73.883049999999997,18.477679999999999],[73.883650000000003,18.477599999999999],[73.883700000000005,18.47824],[73.88467,18.478179999999998],[73.884649999999993,18.478829999999999],[73.886160000000004,18.478860000000001],[73.886939999999996,18.47889],[73.887100000000004,18.478860000000001],[73.887150000000005,18.478819999999999],[73.887379999999993,18.479209999999998],[73.887420000000006,18.47946],[73.887640000000005,18.47963],[73.888140000000007,18.479900000000001],[73.88843,18.479970000000002],[73.888859999999994,18.48002],[73.888859999999994,18.480689999999999],[73.887829999999994,18.480799999999999],[73.887860000000003,18.481000000000002],[73.887950000000004,18.48122],[73.888229999999993,18.481470000000002],[73.888540000000006,18.4816],[73.88897,18.481680000000001],[73.889099999999999,18.481760000000001],[73.889399999999995,18.48216],[73.889610000000005,18.482410000000002],[73.889989999999997,18.482710000000001],[73.890500000000003,18.483090000000001]]]},"properties":{"FID":38,"wardnum":40,"origin":"http://www.pmc.gov.in/sites/default/files/final_ward_maps/40_F_Ward.pdf","Name1":"40 Bibvewadi - Gangadham","Name2":"Bibvewadi - Gangadham"}},{"type":"Feature","id":39,"geometry":{"type":"Polygon","coordinates":[[[73.891030000000001,18.482759999999999],[73.890990000000002,18.482880000000002],[73.890600000000006,18.483059999999998],[73.890500000000003,18.483090000000001],[73.889989999999997,18.482710000000001],[73.889610000000005,18.482410000000002],[73.889399999999995,18.48216],[73.889099999999999,18.481760000000001],[73.88897,18.481680000000001],[73.888540000000006,18.4816],[73.888229999999993,18.481470000000002],[73.887950000000004,18.48122],[73.887860000000003,18.481000000000002],[73.887829999999994,18.480799999999999],[73.888859999999994,18.480689999999999],[73.888859999999994,18.48002],[73.88843,18.479970000000002],[73.888140000000007,18.479900000000001],[73.887640000000005,18.47963],[73.887420000000006,18.47946],[73.887379999999993,18.479209999999998],[73.887150000000005,18.478819999999999],[73.887100000000004,18.478860000000001],[73.886939999999996,18.47889],[73.886160000000004,18.478860000000001],[73.884649999999993,18.478829999999999],[73.88467,18.478179999999998],[73.883700000000005,18.47824],[73.883650000000003,18.477599999999999],[73.883049999999997,18.477679999999999],[73.881180000000001,18.478010000000001],[73.880920000000003,18.477519999999998],[73.880759999999995,18.477270000000001],[73.880489999999995,18.476939999999999],[73.880390000000006,18.476700000000001],[73.879990000000006,18.476099999999999],[73.879689999999997,18.47569],[73.879559999999998,18.475549999999998],[73.879649999999998,18.475460000000002],[73.879660000000001,18.474740000000001],[73.879890000000003,18.474150000000002],[73.879890000000003,18.473759999999999],[73.8797,18.47335],[73.879589999999993,18.472989999999999],[73.879630000000006,18.472549999999998],[73.87961,18.472020000000001],[73.878550000000004,18.472020000000001],[73.87818,18.471910000000001],[73.878020000000006,18.471879999999999],[73.877160000000003,18.471990000000002],[73.876220000000004,18.472000000000001],[73.876009999999994,18.472059999999999],[73.875429999999994,18.472169999999998],[73.875,18.47223],[73.875050000000002,18.472090000000001],[73.875110000000006,18.471830000000001],[73.875129999999999,18.471530000000001],[73.875129999999999,18.471309999999999],[73.875190000000003,18.471219999999999],[73.875280000000004,18.47109],[73.875479999999996,18.47052],[73.876019999999997,18.468990000000002],[73.876130000000003,18.468669999999999],[73.876310000000004,18.468039999999998],[73.876530000000002,18.46733],[73.876609999999999,18.46697],[73.876829999999998,18.466180000000001],[73.87688,18.465979999999998],[73.87697,18.465779999999999],[73.877170000000007,18.46546],[73.877369999999999,18.46509],[73.877459999999999,18.464880000000001],[73.877499999999998,18.464739999999999],[73.877520000000004,18.464690000000001],[73.878309999999999,18.46471],[73.878900000000002,18.464690000000001],[73.878950000000003,18.464659999999999],[73.878960000000006,18.46461],[73.879819999999995,18.464569999999998],[73.879800000000003,18.464320000000001],[73.880489999999995,18.464400000000001],[73.881290000000007,18.464490000000001],[73.882159999999999,18.464569999999998],[73.882660000000001,18.46462],[73.882990000000007,18.464639999999999],[73.883349999999993,18.464680000000001],[73.883690000000001,18.464739999999999],[73.883759999999995,18.464739999999999],[73.884150000000005,18.46453],[73.884820000000005,18.464500000000001],[73.885249999999999,18.46452],[73.885549999999995,18.464469999999999],[73.885840000000002,18.46452],[73.886690000000002,18.464649999999999],[73.887619999999998,18.464759999999998],[73.887969999999996,18.46481],[73.888339999999999,18.46481],[73.888679999999994,18.4648],[73.888949999999994,18.464770000000001],[73.889269999999996,18.46471],[73.889520000000005,18.464690000000001],[73.889579999999995,18.464680000000001],[73.889650000000003,18.464680000000001],[73.889489999999995,18.465499999999999],[73.889409999999998,18.465979999999998],[73.889279999999999,18.466719999999999],[73.889039999999994,18.46771],[73.88897,18.468309999999999],[73.888959999999997,18.46893],[73.888900000000007,18.470089999999999],[73.888930000000002,18.471129999999999],[73.889009999999999,18.472149999999999],[73.889120000000005,18.473389999999998],[73.889129999999994,18.473500000000001],[73.889139999999998,18.47363],[73.889330000000001,18.474550000000001],[73.889399999999995,18.474879999999999],[73.889529999999993,18.475729999999999],[73.889719999999997,18.476700000000001],[73.889750000000006,18.476800000000001],[73.890230000000003,18.477789999999999],[73.890309999999999,18.477879999999999],[73.890379999999993,18.477889999999999],[73.890839999999997,18.479590000000002],[73.891050000000007,18.48039],[73.891149999999996,18.48141],[73.891210000000001,18.481960000000001],[73.891149999999996,18.48245],[73.891030000000001,18.482759999999999]]]},"properties":{"FID":39,"wardnum":41,"origin":"http://www.pmc.gov.in/sites/default/files/final_ward_maps/41_F_Ward.pdf","Name1":"41 Kondhva Kh - Mithanagar","Name2":"Kondhva Kh - Mithanagar"}},{"type":"Feature","id":40,"geometry":{"type":"Polygon","coordinates":[[[73.922539999999998,18.498550000000002],[73.922470000000004,18.498519999999999],[73.922340000000005,18.498650000000001],[73.921679999999995,18.499310000000001],[73.918729999999996,18.502300000000002],[73.918059999999997,18.502980000000001],[73.916780000000003,18.504270000000002],[73.915149999999997,18.505929999999999],[73.914820000000006,18.50601],[73.914140000000003,18.50619],[73.913489999999996,18.50629],[73.912940000000006,18.506350000000001],[73.912559999999999,18.50638],[73.912530000000004,18.504950000000001],[73.912409999999994,18.502770000000002],[73.911760000000001,18.502549999999999],[73.911519999999996,18.501290000000001],[73.911429999999996,18.500869999999999],[73.911330000000007,18.50066],[73.910449999999997,18.498799999999999],[73.911159999999995,18.498850000000001],[73.911370000000005,18.49794],[73.911950000000004,18.49643],[73.911609999999996,18.494949999999999],[73.911580000000001,18.49465],[73.911450000000002,18.493580000000001],[73.911439999999999,18.493069999999999],[73.911600000000007,18.491620000000001],[73.911739999999995,18.485279999999999],[73.911600000000007,18.484919999999999],[73.911799999999999,18.48394],[73.911140000000003,18.483689999999999],[73.910480000000007,18.483319999999999],[73.910240000000002,18.48319],[73.910049999999998,18.482880000000002],[73.909210000000002,18.480889999999999],[73.908510000000007,18.478819999999999],[73.90831,18.47831],[73.907849999999996,18.477150000000002],[73.907570000000007,18.476739999999999],[73.907390000000007,18.476299999999998],[73.907020000000003,18.474989999999998],[73.906360000000006,18.474910000000001],[73.905019999999993,18.474720000000001],[73.901179999999997,18.474229999999999],[73.900670000000005,18.474139999999998],[73.900660000000002,18.474419999999999],[73.898529999999994,18.47419],[73.898409999999998,18.474519999999998],[73.897909999999996,18.47456],[73.896039999999999,18.474730000000001],[73.896069999999995,18.472930000000002],[73.895110000000003,18.472930000000002],[73.893879999999996,18.472899999999999],[73.892759999999996,18.472840000000001],[73.892790000000005,18.47308],[73.892049999999998,18.473040000000001],[73.891679999999994,18.473009999999999],[73.891639999999995,18.473089999999999],[73.891599999999997,18.473179999999999],[73.891599999999997,18.47343],[73.890919999999994,18.473420000000001],[73.889449999999997,18.473410000000001],[73.889120000000005,18.473389999999998],[73.889009999999999,18.472149999999999],[73.888930000000002,18.471129999999999],[73.888900000000007,18.470089999999999],[73.888959999999997,18.46893],[73.88897,18.468309999999999],[73.889039999999994,18.46771],[73.889279999999999,18.466719999999999],[73.889409999999998,18.465979999999998],[73.889489999999995,18.465499999999999],[73.889650000000003,18.464680000000001],[73.889579999999995,18.464680000000001],[73.889669999999995,18.464580000000002],[73.889899999999997,18.46463],[73.890199999999993,18.464700000000001],[73.891660000000002,18.46462],[73.892349999999993,18.464670000000002],[73.892880000000005,18.464759999999998],[73.89358,18.464759999999998],[73.894300000000001,18.464700000000001],[73.895489999999995,18.464739999999999],[73.898049999999998,18.464939999999999],[73.898709999999994,18.465029999999999],[73.899749999999997,18.46499],[73.902280000000005,18.465990000000001],[73.902519999999996,18.46555],[73.902839999999998,18.465119999999999],[73.903480000000002,18.465070000000001],[73.904579999999996,18.464980000000001],[73.904489999999996,18.464220000000001],[73.904319999999998,18.463439999999999],[73.907210000000006,18.463349999999998],[73.907340000000005,18.46405],[73.907529999999994,18.464659999999999],[73.907740000000004,18.46519],[73.908010000000004,18.465509999999998],[73.908230000000003,18.465620000000001],[73.908510000000007,18.465679999999999],[73.908699999999996,18.46564],[73.908900000000003,18.465610000000002],[73.909009999999995,18.46574],[73.909099999999995,18.46584],[73.909270000000006,18.466010000000001],[73.909440000000004,18.466080000000002],[73.909930000000003,18.466149999999999],[73.91019,18.466259999999998],[73.910700000000006,18.466429999999999],[73.911270000000002,18.466470000000001],[73.911529999999999,18.466539999999998],[73.911730000000006,18.46669],[73.91198,18.46678],[73.912260000000003,18.466760000000001],[73.912880000000001,18.466609999999999],[73.913139999999999,18.466539999999998],[73.9131,18.46705],[73.91319,18.467379999999999],[73.913399999999996,18.467680000000001],[73.913489999999996,18.4679],[73.913669999999996,18.468209999999999],[73.913960000000003,18.468409999999999],[73.914259999999999,18.46846],[73.914609999999996,18.468599999999999],[73.914749999999998,18.468730000000001],[73.914829999999995,18.468969999999999],[73.914910000000006,18.46968],[73.914969999999997,18.469909999999999],[73.915149999999997,18.470030000000001],[73.915539999999993,18.47016],[73.915850000000006,18.470300000000002],[73.916160000000005,18.47052],[73.916309999999996,18.470880000000001],[73.916709999999995,18.471599999999999],[73.916960000000003,18.471869999999999],[73.91592,18.472439999999999],[73.915589999999995,18.47259],[73.914550000000006,18.47298],[73.914429999999996,18.47308],[73.914680000000004,18.473400000000002],[73.91516,18.473880000000001],[73.915440000000004,18.474019999999999],[73.91583,18.47418],[73.916070000000005,18.47437],[73.915559999999999,18.474609999999998],[73.915149999999997,18.474830000000001],[73.915049999999994,18.474910000000001],[73.915329999999997,18.47495],[73.915409999999994,18.474969999999999],[73.91574,18.475239999999999],[73.916290000000004,18.475239999999999],[73.916579999999996,18.475169999999999],[73.917469999999994,18.475149999999999],[73.917940000000002,18.475069999999999],[73.918499999999995,18.474969999999999],[73.91919,18.474920000000001],[73.919820000000001,18.475000000000001],[73.920339999999996,18.47514],[73.921220000000005,18.47542],[73.922210000000007,18.475739999999998],[73.922560000000004,18.475719999999999],[73.922669999999997,18.47598],[73.922700000000006,18.476150000000001],[73.922709999999995,18.47654],[73.922619999999995,18.477],[73.92259,18.477450000000001],[73.922669999999997,18.477699999999999],[73.922780000000003,18.477910000000001],[73.923349999999999,18.478570000000001],[73.923770000000005,18.479009999999999],[73.924009999999996,18.47899],[73.924949999999995,18.478570000000001],[73.925610000000006,18.479299999999999],[73.926190000000005,18.48002],[73.926270000000002,18.4803],[73.926259999999999,18.480550000000001],[73.926180000000002,18.48104],[73.926209999999998,18.48152],[73.926259999999999,18.481629999999999],[73.926429999999996,18.482009999999999],[73.926680000000005,18.482240000000001],[73.92671,18.48244],[73.926640000000006,18.48272],[73.926670000000001,18.482859999999999],[73.926959999999994,18.48338],[73.927000000000007,18.48358],[73.927549999999997,18.483509999999999],[73.928100000000001,18.483409999999999],[73.928619999999995,18.483139999999999],[73.928960000000004,18.48302],[73.92962,18.482959999999999],[73.929590000000005,18.481829999999999],[73.929479999999998,18.481590000000001],[73.929419999999993,18.480830000000001],[73.931370000000001,18.480779999999999],[73.931359999999998,18.481349999999999],[73.931529999999995,18.482479999999999],[73.931659999999994,18.483170000000001],[73.931759999999997,18.484639999999999],[73.932029999999997,18.488800000000001],[73.932109999999994,18.48893],[73.931650000000005,18.489360000000001],[73.930449999999993,18.490559999999999],[73.928899999999999,18.492159999999998],[73.928299999999993,18.492750000000001],[73.927329999999998,18.493739999999999],[73.922539999999998,18.498550000000002]]]},"properties":{"FID":40,"wardnum":42,"origin":"http://www.pmc.gov.in/sites/default/files/final_ward_maps/42_F_Ward.pdf","Name1":"42 Ramtekadi - Sayyadnagar","Name2":"Ramtekadi - Sayyadnagar"}},{"type":"Feature","id":41,"geometry":{"type":"Polygon","coordinates":[[[73.911450000000002,18.493580000000001],[73.910790000000006,18.493649999999999],[73.909949999999995,18.493749999999999],[73.908680000000004,18.49391],[73.90822,18.493939999999998],[73.908000000000001,18.493739999999999],[73.907079999999993,18.493790000000001],[73.907089999999997,18.494039999999998],[73.906679999999994,18.494060000000001],[73.906679999999994,18.493819999999999],[73.905609999999996,18.493849999999998],[73.904430000000005,18.493860000000002],[73.903819999999996,18.493839999999999],[73.903890000000004,18.494039999999998],[73.903180000000006,18.494420000000002],[73.901979999999995,18.495090000000001],[73.901780000000002,18.49474],[73.901020000000003,18.494900000000001],[73.90043,18.495049999999999],[73.900189999999995,18.495069999999998],[73.899709999999999,18.495139999999999],[73.899410000000003,18.495200000000001],[73.899000000000001,18.49531],[73.898740000000004,18.495429999999999],[73.898309999999995,18.495609999999999],[73.897499999999994,18.495950000000001],[73.897390000000001,18.496030000000001],[73.897289999999998,18.49614],[73.897220000000004,18.496289999999998],[73.897109999999998,18.496449999999999],[73.896929999999998,18.49661],[73.896720000000002,18.4968],[73.896709999999999,18.49671],[73.896280000000004,18.496379999999998],[73.896190000000004,18.496310000000001],[73.896180000000001,18.496200000000002],[73.896209999999996,18.495930000000001],[73.896259999999998,18.495750000000001],[73.896349999999998,18.495380000000001],[73.8964,18.49511],[73.896360000000001,18.49483],[73.896320000000003,18.494289999999999],[73.896339999999995,18.494150000000001],[73.8964,18.49408],[73.896479999999997,18.494039999999998],[73.896640000000005,18.494009999999999],[73.896690000000007,18.494039999999998],[73.896850000000001,18.494070000000001],[73.897000000000006,18.494039999999998],[73.897080000000003,18.493960000000001],[73.897170000000003,18.4938],[73.897220000000004,18.493639999999999],[73.89734,18.493310000000001],[73.897450000000006,18.49305],[73.897450000000006,18.492840000000001],[73.897300000000001,18.49269],[73.897019999999998,18.492529999999999],[73.896870000000007,18.492419999999999],[73.896789999999996,18.49231],[73.896659999999997,18.49213],[73.896649999999994,18.491910000000001],[73.896609999999995,18.491620000000001],[73.89649,18.491340000000001],[73.896339999999995,18.491140000000001],[73.896169999999998,18.490970000000001],[73.895949999999999,18.49081],[73.895899999999997,18.490690000000001],[73.895880000000005,18.490100000000002],[73.895859999999999,18.489889999999999],[73.895750000000007,18.489619999999999],[73.895650000000003,18.489460000000001],[73.895449999999997,18.48931],[73.895200000000003,18.489059999999998],[73.895169999999993,18.488939999999999],[73.895139999999998,18.48865],[73.895049999999998,18.488420000000001],[73.894909999999996,18.488160000000001],[73.894170000000003,18.48817],[73.893529999999998,18.48817],[73.893209999999996,18.488119999999999],[73.893079999999998,18.48808],[73.892930000000007,18.4879],[73.892830000000004,18.4877],[73.892830000000004,18.48734],[73.892799999999994,18.485890000000001],[73.892859999999999,18.484310000000001],[73.892859999999999,18.48387],[73.892849999999996,18.483339999999998],[73.892910000000001,18.482530000000001],[73.892910000000001,18.482469999999999],[73.892309999999995,18.482600000000001],[73.891139999999993,18.482769999999999],[73.891030000000001,18.482759999999999],[73.891149999999996,18.48245],[73.891210000000001,18.481960000000001],[73.891149999999996,18.48141],[73.891050000000007,18.48039],[73.890839999999997,18.479590000000002],[73.890379999999993,18.477889999999999],[73.890309999999999,18.477879999999999],[73.890230000000003,18.477789999999999],[73.889750000000006,18.476800000000001],[73.889719999999997,18.476700000000001],[73.889529999999993,18.475729999999999],[73.889399999999995,18.474879999999999],[73.889330000000001,18.474550000000001],[73.889139999999998,18.47363],[73.889129999999994,18.473500000000001],[73.889120000000005,18.473389999999998],[73.889449999999997,18.473410000000001],[73.890919999999994,18.473420000000001],[73.891599999999997,18.47343],[73.891599999999997,18.473179999999999],[73.891639999999995,18.473089999999999],[73.891679999999994,18.473009999999999],[73.892049999999998,18.473040000000001],[73.892790000000005,18.47308],[73.892759999999996,18.472840000000001],[73.893879999999996,18.472899999999999],[73.895110000000003,18.472930000000002],[73.896069999999995,18.472930000000002],[73.896039999999999,18.474730000000001],[73.897909999999996,18.47456],[73.898409999999998,18.474519999999998],[73.898529999999994,18.47419],[73.900660000000002,18.474419999999999],[73.900670000000005,18.474139999999998],[73.901179999999997,18.474229999999999],[73.905019999999993,18.474720000000001],[73.906360000000006,18.474910000000001],[73.907020000000003,18.474989999999998],[73.907390000000007,18.476299999999998],[73.907570000000007,18.476739999999999],[73.907849999999996,18.477150000000002],[73.90831,18.47831],[73.908510000000007,18.478819999999999],[73.909210000000002,18.480889999999999],[73.910049999999998,18.482880000000002],[73.910240000000002,18.48319],[73.910480000000007,18.483319999999999],[73.911140000000003,18.483689999999999],[73.911799999999999,18.48394],[73.911600000000007,18.484919999999999],[73.911739999999995,18.485279999999999],[73.911600000000007,18.491620000000001],[73.911439999999999,18.493069999999999],[73.911450000000002,18.493580000000001]]]},"properties":{"FID":41,"wardnum":43,"origin":"http://www.pmc.gov.in/sites/default/files/final_ward_maps/43_F_Ward.pdf","Name1":"43 Wanawadi - Kausar Baug","Name2":"Wanawadi - Kausar Baug"}},{"type":"Feature","id":42,"geometry":{"type":"Polygon","coordinates":[[[73.949219999999997,18.49126],[73.948740000000001,18.491890000000001],[73.947919999999996,18.493020000000001],[73.947389999999999,18.493680000000001],[73.947140000000005,18.493939999999998],[73.946889999999996,18.494140000000002],[73.946470000000005,18.494450000000001],[73.945959999999999,18.494779999999999],[73.945490000000007,18.495100000000001],[73.944959999999995,18.4955],[73.944019999999995,18.496189999999999],[73.942679999999996,18.497140000000002],[73.941869999999994,18.49774],[73.941419999999994,18.49813],[73.940920000000006,18.498560000000001],[73.94041,18.498360000000002],[73.940010000000001,18.498169999999998],[73.939610000000002,18.49794],[73.939300000000003,18.497679999999999],[73.939130000000006,18.497420000000002],[73.938890000000001,18.497140000000002],[73.938699999999997,18.496970000000001],[73.938479999999998,18.496839999999999],[73.938270000000003,18.496839999999999],[73.937349999999995,18.496980000000001],[73.936319999999995,18.497209999999999],[73.935990000000004,18.497299999999999],[73.935680000000005,18.49738],[73.935360000000003,18.497330000000002],[73.934209999999993,18.497070000000001],[73.933499999999995,18.496929999999999],[73.933120000000002,18.49689],[73.933109999999999,18.49663],[73.932900000000004,18.496040000000001],[73.932299999999998,18.49315],[73.931430000000006,18.49325],[73.929060000000007,18.493320000000001],[73.928899999999999,18.492159999999998],[73.930449999999993,18.490559999999999],[73.931650000000005,18.489360000000001],[73.932109999999994,18.48893],[73.932029999999997,18.488800000000001],[73.931759999999997,18.484639999999999],[73.931659999999994,18.483170000000001],[73.931529999999995,18.482479999999999],[73.931359999999998,18.481349999999999],[73.931370000000001,18.480779999999999],[73.931269999999998,18.480319999999999],[73.931319999999999,18.479040000000001],[73.931399999999996,18.477869999999999],[73.931420000000003,18.477550000000001],[73.932180000000002,18.477530000000002],[73.932940000000002,18.477509999999999],[73.933760000000007,18.477509999999999],[73.934150000000002,18.477499999999999],[73.934470000000005,18.477540000000001],[73.934799999999996,18.477599999999999],[73.935149999999993,18.47767],[73.935469999999995,18.477740000000001],[73.935630000000003,18.477720000000001],[73.935640000000006,18.47766],[73.935599999999994,18.47711],[73.935540000000003,18.476990000000001],[73.935329999999993,18.476870000000002],[73.935239999999993,18.47673],[73.935209999999998,18.476659999999999],[73.936440000000005,18.476680000000002],[73.93674,18.476669999999999],[73.936909999999997,18.47664],[73.937110000000004,18.476690000000001],[73.937340000000006,18.476710000000001],[73.937880000000007,18.476700000000001],[73.939089999999993,18.476759999999999],[73.939959999999999,18.476839999999999],[73.940700000000007,18.476900000000001],[73.941220000000001,18.476949999999999],[73.941820000000007,18.47702],[73.942220000000006,18.47702],[73.94247,18.476970000000001],[73.942670000000007,18.476929999999999],[73.942949999999996,18.476900000000001],[73.943460000000002,18.476890000000001],[73.943600000000004,18.476890000000001],[73.944140000000004,18.478850000000001],[73.944469999999995,18.4801],[73.944569999999999,18.480370000000001],[73.944640000000007,18.48057],[73.945030000000003,18.482060000000001],[73.945350000000005,18.483260000000001],[73.945449999999994,18.483540000000001],[73.945459999999997,18.483889999999999],[73.945700000000002,18.484089999999998],[73.945959999999999,18.484559999999998],[73.946129999999997,18.484719999999999],[73.946380000000005,18.484970000000001],[73.946690000000004,18.485399999999998],[73.947850000000003,18.486930000000001],[73.948089999999993,18.487279999999998],[73.948120000000003,18.487660000000002],[73.948229999999995,18.487950000000001],[73.948650000000001,18.489170000000001],[73.94932,18.49117],[73.949219999999997,18.49126]]]},"properties":{"FID":42,"wardnum":44,"origin":"http://www.pmc.gov.in/sites/default/files/final_ward_maps/44_F_Ward.pdf","Name1":"44 Kale Boratenagar - Sasanenagar","Name2":"Kale Boratenagar - Sasanenagar"}},{"type":"Feature","id":43,"geometry":{"type":"Polygon","coordinates":[[[73.956879999999998,18.493359999999999],[73.956869999999995,18.493269999999999],[73.955659999999995,18.49343],[73.954859999999996,18.49353],[73.953879999999998,18.49362],[73.953220000000002,18.493690000000001],[73.952749999999995,18.49372],[73.952299999999994,18.49372],[73.951819999999998,18.49371],[73.951229999999995,18.493749999999999],[73.950699999999998,18.49381],[73.950059999999993,18.493870000000001],[73.950010000000006,18.493580000000001],[73.949879999999993,18.493220000000001],[73.949629999999999,18.492519999999999],[73.949399999999997,18.491820000000001],[73.949219999999997,18.49126],[73.94932,18.49117],[73.948650000000001,18.489170000000001],[73.948229999999995,18.487950000000001],[73.948120000000003,18.487660000000002],[73.948089999999993,18.487279999999998],[73.947850000000003,18.486930000000001],[73.946690000000004,18.485399999999998],[73.946380000000005,18.484970000000001],[73.946129999999997,18.484719999999999],[73.945959999999999,18.484559999999998],[73.945700000000002,18.484089999999998],[73.945459999999997,18.483889999999999],[73.945449999999994,18.483540000000001],[73.945350000000005,18.483260000000001],[73.945030000000003,18.482060000000001],[73.944640000000007,18.48057],[73.944569999999999,18.480370000000001],[73.944469999999995,18.4801],[73.944140000000004,18.478850000000001],[73.943600000000004,18.476890000000001],[73.943460000000002,18.476890000000001],[73.943179999999998,18.47606],[73.942319999999995,18.47343],[73.943749999999994,18.472940000000001],[73.947569999999999,18.469470000000001],[73.947370000000006,18.469169999999998],[73.947940000000003,18.46932],[73.949190000000002,18.46902],[73.949610000000007,18.4695],[73.950159999999997,18.469670000000001],[73.951030000000003,18.469619999999999],[73.951769999999996,18.46931],[73.95196,18.46893],[73.952020000000005,18.46846],[73.952010000000001,18.468209999999999],[73.951899999999995,18.467749999999999],[73.953220000000002,18.467449999999999],[73.956159999999997,18.466719999999999],[73.95917,18.466390000000001],[73.96172,18.465319999999998],[73.963440000000006,18.465479999999999],[73.964029999999994,18.465070000000001],[73.9649,18.465789999999998],[73.966070000000002,18.466609999999999],[73.967200000000005,18.467179999999999],[73.968119999999999,18.467500000000001],[73.968760000000003,18.467700000000001],[73.970100000000002,18.467960000000001],[73.970320000000001,18.468610000000002],[73.970479999999995,18.468859999999999],[73.970709999999997,18.46893],[73.970960000000005,18.468879999999999],[73.972250000000003,18.46846],[73.972530000000006,18.468440000000001],[73.972920000000002,18.46856],[73.973110000000005,18.46874],[73.973290000000006,18.468869999999999],[73.973609999999994,18.468900000000001],[73.973969999999994,18.468810000000001],[73.974130000000002,18.468879999999999],[73.974170000000001,18.46913],[73.974119999999999,18.469280000000001],[73.973969999999994,18.469390000000001],[73.973960000000005,18.469570000000001],[73.973979999999997,18.469719999999999],[73.974130000000002,18.469940000000001],[73.974299999999999,18.470420000000001],[73.974289999999996,18.472180000000002],[73.974369999999993,18.472460000000002],[73.974549999999994,18.472729999999999],[73.975449999999995,18.473330000000001],[73.976129999999998,18.474360000000001],[73.976370000000003,18.474489999999999],[73.977109999999996,18.47484],[73.977410000000006,18.475930000000002],[73.978129999999993,18.476710000000001],[73.978200000000001,18.47683],[73.972309999999993,18.477969999999999],[73.963769999999997,18.479939999999999],[73.963059999999999,18.480499999999999],[73.96217,18.48171],[73.961129999999997,18.48423],[73.96078,18.485849999999999],[73.960629999999995,18.487300000000001],[73.960769999999997,18.488630000000001],[73.960830000000001,18.49014],[73.960639999999998,18.49091],[73.960400000000007,18.491599999999998],[73.960049999999995,18.492170000000002],[73.959119999999999,18.49314],[73.957689999999999,18.493369999999999],[73.956879999999998,18.493359999999999]]]},"properties":{"FID":43,"wardnum":45,"origin":"http://www.pmc.gov.in/sites/default/files/final_ward_maps/45_F_Ward.pdf","Name1":"45 Fursungi","Name2":"Fursungi"}},{"type":"Feature","id":44,"geometry":{"type":"Polygon","coordinates":[[[73.931370000000001,18.480779999999999],[73.929419999999993,18.480830000000001],[73.929479999999998,18.481590000000001],[73.929590000000005,18.481829999999999],[73.92962,18.482959999999999],[73.928960000000004,18.48302],[73.928619999999995,18.483139999999999],[73.928100000000001,18.483409999999999],[73.927549999999997,18.483509999999999],[73.927000000000007,18.48358],[73.926959999999994,18.48338],[73.926670000000001,18.482859999999999],[73.926640000000006,18.48272],[73.92671,18.48244],[73.926680000000005,18.482240000000001],[73.926429999999996,18.482009999999999],[73.926259999999999,18.481629999999999],[73.926209999999998,18.48152],[73.926180000000002,18.48104],[73.926259999999999,18.480550000000001],[73.926270000000002,18.4803],[73.926190000000005,18.48002],[73.925610000000006,18.479299999999999],[73.924949999999995,18.478570000000001],[73.924009999999996,18.47899],[73.923770000000005,18.479009999999999],[73.923349999999999,18.478570000000001],[73.922780000000003,18.477910000000001],[73.922669999999997,18.477699999999999],[73.92259,18.477450000000001],[73.922619999999995,18.477],[73.922709999999995,18.47654],[73.922700000000006,18.476150000000001],[73.922669999999997,18.47598],[73.922560000000004,18.475719999999999],[73.922210000000007,18.475739999999998],[73.921220000000005,18.47542],[73.920339999999996,18.47514],[73.919820000000001,18.475000000000001],[73.91919,18.474920000000001],[73.918499999999995,18.474969999999999],[73.917940000000002,18.475069999999999],[73.917469999999994,18.475149999999999],[73.916579999999996,18.475169999999999],[73.916290000000004,18.475239999999999],[73.91574,18.475239999999999],[73.915409999999994,18.474969999999999],[73.915329999999997,18.47495],[73.915049999999994,18.474910000000001],[73.915149999999997,18.474830000000001],[73.915559999999999,18.474609999999998],[73.916070000000005,18.47437],[73.91583,18.47418],[73.915440000000004,18.474019999999999],[73.91516,18.473880000000001],[73.914680000000004,18.473400000000002],[73.914429999999996,18.47308],[73.914550000000006,18.47298],[73.915589999999995,18.47259],[73.91592,18.472439999999999],[73.916960000000003,18.471869999999999],[73.916709999999995,18.471599999999999],[73.916309999999996,18.470880000000001],[73.916160000000005,18.47052],[73.915850000000006,18.470300000000002],[73.915539999999993,18.47016],[73.915149999999997,18.470030000000001],[73.914969999999997,18.469909999999999],[73.914910000000006,18.46968],[73.914829999999995,18.468969999999999],[73.914749999999998,18.468730000000001],[73.914609999999996,18.468599999999999],[73.914259999999999,18.46846],[73.913960000000003,18.468409999999999],[73.913669999999996,18.468209999999999],[73.913489999999996,18.4679],[73.913399999999996,18.467680000000001],[73.91319,18.467379999999999],[73.9131,18.46705],[73.913139999999999,18.466539999999998],[73.912880000000001,18.466609999999999],[73.912260000000003,18.466760000000001],[73.91198,18.46678],[73.911730000000006,18.46669],[73.911529999999999,18.466539999999998],[73.911270000000002,18.466470000000001],[73.910700000000006,18.466429999999999],[73.91019,18.466259999999998],[73.909930000000003,18.466149999999999],[73.909440000000004,18.466080000000002],[73.909270000000006,18.466010000000001],[73.909099999999995,18.46584],[73.909009999999995,18.46574],[73.908900000000003,18.465610000000002],[73.908699999999996,18.46564],[73.908510000000007,18.465679999999999],[73.908230000000003,18.465620000000001],[73.908010000000004,18.465509999999998],[73.907740000000004,18.46519],[73.907529999999994,18.464659999999999],[73.907340000000005,18.46405],[73.907210000000006,18.463349999999998],[73.904319999999998,18.463439999999999],[73.904489999999996,18.464220000000001],[73.904579999999996,18.464980000000001],[73.903480000000002,18.465070000000001],[73.902839999999998,18.465119999999999],[73.902519999999996,18.46555],[73.902280000000005,18.465990000000001],[73.899749999999997,18.46499],[73.898709999999994,18.465029999999999],[73.898049999999998,18.464939999999999],[73.895489999999995,18.464739999999999],[73.894300000000001,18.464700000000001],[73.89358,18.464759999999998],[73.892880000000005,18.464759999999998],[73.892349999999993,18.464670000000002],[73.891660000000002,18.46462],[73.890199999999993,18.464700000000001],[73.889899999999997,18.46463],[73.889899999999997,18.46424],[73.889700000000005,18.46359],[73.889679999999998,18.463349999999998],[73.889989999999997,18.462959999999999],[73.890320000000003,18.462350000000001],[73.890630000000002,18.46133],[73.890739999999994,18.461020000000001],[73.890829999999994,18.460509999999999],[73.890979999999999,18.459900000000001],[73.891000000000005,18.45796],[73.890969999999996,18.457260000000002],[73.891649999999998,18.457450000000001],[73.892589999999998,18.457509999999999],[73.893699999999995,18.457730000000002],[73.894630000000006,18.45815],[73.895799999999994,18.45881],[73.897030000000001,18.45919],[73.897499999999994,18.459420000000001],[73.897989999999993,18.459720000000001],[73.898650000000004,18.459910000000001],[73.899249999999995,18.460100000000001],[73.899969999999996,18.460149999999999],[73.900630000000007,18.460380000000001],[73.901579999999996,18.46058],[73.902029999999996,18.460450000000002],[73.902389999999997,18.460090000000001],[73.902950000000004,18.459910000000001],[73.903689999999997,18.45966],[73.904529999999994,18.459129999999998],[73.904640000000001,18.458819999999999],[73.905649999999994,18.458459999999999],[73.906819999999996,18.458269999999999],[73.907740000000004,18.458020000000001],[73.908339999999995,18.457989999999999],[73.908590000000004,18.457699999999999],[73.911360000000002,18.456520000000001],[73.911240000000006,18.45608],[73.911209999999997,18.45581],[73.911349999999999,18.455300000000001],[73.911839999999998,18.454640000000001],[73.912009999999995,18.454270000000001],[73.911950000000004,18.45374],[73.911590000000004,18.45307],[73.911249999999995,18.45233],[73.911100000000005,18.451840000000001],[73.910960000000003,18.45139],[73.910910000000001,18.449269999999999],[73.910989999999998,18.447929999999999],[73.911119999999997,18.447399999999998],[73.911019999999994,18.446100000000001],[73.911090000000002,18.445309999999999],[73.910759999999996,18.44453],[73.910470000000004,18.44314],[73.910470000000004,18.442309999999999],[73.910250000000005,18.441330000000001],[73.910120000000006,18.440740000000002],[73.9101,18.44004],[73.909819999999996,18.439029999999999],[73.909540000000007,18.438079999999999],[73.909450000000007,18.437370000000001],[73.909459999999996,18.436489999999999],[73.909360000000007,18.43582],[73.908389999999997,18.432210000000001],[73.908690000000007,18.431480000000001],[73.909540000000007,18.43008],[73.909639999999996,18.429320000000001],[73.909660000000002,18.42886],[73.909400000000005,18.428159999999998],[73.909120000000001,18.427579999999999],[73.908779999999993,18.427019999999999],[73.908659999999998,18.42652],[73.908630000000002,18.423919999999999],[73.908919999999995,18.42379],[73.908820000000006,18.423390000000001],[73.909210000000002,18.422789999999999],[73.909490000000005,18.422129999999999],[73.909310000000005,18.420010000000001],[73.907439999999994,18.418489999999998],[73.906450000000007,18.417470000000002],[73.906059999999997,18.417059999999999],[73.904380000000003,18.414239999999999],[73.904039999999995,18.41441],[73.903589999999994,18.413779999999999],[73.903729999999996,18.413219999999999],[73.904359999999997,18.41329],[73.904430000000005,18.413180000000001],[73.904120000000006,18.412780000000001],[73.903760000000005,18.41122],[73.903540000000007,18.411239999999999],[73.903139999999993,18.410550000000001],[73.902879999999996,18.409549999999999],[73.903649999999999,18.409300000000002],[73.904219999999995,18.408850000000001],[73.90992,18.40879],[73.911050000000003,18.407489999999999],[73.913390000000007,18.406949999999998],[73.91516,18.407070000000001],[73.917100000000005,18.407139999999998],[73.918800000000005,18.406949999999998],[73.918850000000006,18.40728],[73.919650000000004,18.407969999999999],[73.920389999999998,18.408609999999999],[73.921210000000002,18.409849999999999],[73.922049999999999,18.410550000000001],[73.922619999999995,18.41086],[73.923320000000004,18.41179],[73.92371,18.412199999999999],[73.924850000000006,18.412489999999998],[73.926140000000004,18.412939999999999],[73.926469999999995,18.412669999999999],[73.927999999999997,18.412780000000001],[73.92998,18.413250000000001],[73.930729999999997,18.413620000000002],[73.931659999999994,18.41375],[73.932850000000002,18.41367],[73.933729999999997,18.413160000000001],[73.934209999999993,18.412859999999998],[73.934899999999999,18.412949999999999],[73.934820000000002,18.411799999999999],[73.936049999999994,18.411840000000002],[73.937950000000001,18.4114],[73.938469999999995,18.41122],[73.939539999999994,18.411799999999999],[73.940899999999999,18.412379999999999],[73.941860000000005,18.412600000000001],[73.9435,18.412269999999999],[73.944360000000003,18.412430000000001],[73.947339999999997,18.41377],[73.948130000000006,18.414200000000001],[73.948449999999994,18.41414],[73.948689999999999,18.41386],[73.950040000000001,18.413689999999999],[73.95196,18.413319999999999],[73.954310000000007,18.419609999999999],[73.955699999999993,18.422329999999999],[73.957729999999998,18.423290000000001],[73.958359999999999,18.42586],[73.95787,18.431840000000001],[73.95917,18.433340000000001],[73.961150000000004,18.434460000000001],[73.961969999999994,18.435110000000002],[73.962180000000004,18.435580000000002],[73.963080000000005,18.436250000000001],[73.964020000000005,18.437059999999999],[73.96378,18.437270000000002],[73.963759999999994,18.437570000000001],[73.964039999999997,18.43779],[73.963949999999997,18.438300000000002],[73.964250000000007,18.438610000000001],[73.964209999999994,18.439609999999998],[73.964190000000002,18.440439999999999],[73.964190000000002,18.441220000000001],[73.964479999999995,18.44192],[73.96481,18.442240000000002],[73.965710000000001,18.442489999999999],[73.966629999999995,18.442640000000001],[73.967759999999998,18.442710000000002],[73.968199999999996,18.444279999999999],[73.968410000000006,18.446619999999999],[73.968530000000001,18.44689],[73.968869999999995,18.447040000000001],[73.969220000000007,18.44707],[73.969769999999997,18.447769999999998],[73.970709999999997,18.44942],[73.970709999999997,18.450849999999999],[73.970479999999995,18.452249999999999],[73.970299999999995,18.452940000000002],[73.969520000000003,18.454730000000001],[73.96951,18.456959999999999],[73.970609999999994,18.458189999999998],[73.974559999999997,18.458100000000002],[73.976070000000007,18.458020000000001],[73.983530000000002,18.457909999999998],[73.988489999999999,18.457830000000001],[73.990189999999998,18.457699999999999],[73.991789999999995,18.45786],[73.993210000000005,18.45804],[73.995670000000004,18.457909999999998],[73.997,18.45776],[73.997990000000001,18.461490000000001],[73.998630000000006,18.463709999999999],[73.999139999999997,18.465039999999998],[73.999650000000003,18.466449999999998],[73.999780000000001,18.466640000000002],[73.996560000000002,18.468209999999999],[73.995480000000001,18.468319999999999],[73.994739999999993,18.468579999999999],[73.99418,18.46876],[73.993520000000004,18.468800000000002],[73.993049999999997,18.468699999999998],[73.99239,18.468489999999999],[73.991569999999996,18.468260000000001],[73.990830000000003,18.468139999999998],[73.99015,18.468260000000001],[73.984430000000003,18.47082],[73.982830000000007,18.471620000000001],[73.982479999999995,18.472000000000001],[73.982129999999998,18.47241],[73.981430000000003,18.473549999999999],[73.980580000000003,18.474979999999999],[73.980320000000006,18.475919999999999],[73.980199999999996,18.47617],[73.979699999999994,18.476500000000001],[73.979249999999993,18.476600000000001],[73.978440000000006,18.476780000000002],[73.978200000000001,18.47683],[73.978129999999993,18.476710000000001],[73.977410000000006,18.475930000000002],[73.977109999999996,18.47484],[73.976370000000003,18.474489999999999],[73.976129999999998,18.474360000000001],[73.975449999999995,18.473330000000001],[73.974549999999994,18.472729999999999],[73.974369999999993,18.472460000000002],[73.974289999999996,18.472180000000002],[73.974299999999999,18.470420000000001],[73.974130000000002,18.469940000000001],[73.973979999999997,18.469719999999999],[73.973960000000005,18.469570000000001],[73.973969999999994,18.469390000000001],[73.974119999999999,18.469280000000001],[73.974170000000001,18.46913],[73.974130000000002,18.468879999999999],[73.973969999999994,18.468810000000001],[73.973609999999994,18.468900000000001],[73.973290000000006,18.468869999999999],[73.973110000000005,18.46874],[73.972920000000002,18.46856],[73.972530000000006,18.468440000000001],[73.972250000000003,18.46846],[73.970960000000005,18.468879999999999],[73.970709999999997,18.46893],[73.970479999999995,18.468859999999999],[73.970320000000001,18.468610000000002],[73.970100000000002,18.467960000000001],[73.968760000000003,18.467700000000001],[73.968119999999999,18.467500000000001],[73.967200000000005,18.467179999999999],[73.966070000000002,18.466609999999999],[73.9649,18.465789999999998],[73.964029999999994,18.465070000000001],[73.963440000000006,18.465479999999999],[73.96172,18.465319999999998],[73.95917,18.466390000000001],[73.956159999999997,18.466719999999999],[73.953220000000002,18.467449999999999],[73.951899999999995,18.467749999999999],[73.952010000000001,18.468209999999999],[73.952020000000005,18.46846],[73.95196,18.46893],[73.951769999999996,18.46931],[73.951030000000003,18.469619999999999],[73.950159999999997,18.469670000000001],[73.949610000000007,18.4695],[73.949190000000002,18.46902],[73.947940000000003,18.46932],[73.947370000000006,18.469169999999998],[73.947569999999999,18.469470000000001],[73.943749999999994,18.472940000000001],[73.942319999999995,18.47343],[73.943179999999998,18.47606],[73.943460000000002,18.476890000000001],[73.942949999999996,18.476900000000001],[73.942670000000007,18.476929999999999],[73.94247,18.476970000000001],[73.942220000000006,18.47702],[73.941820000000007,18.47702],[73.941220000000001,18.476949999999999],[73.940700000000007,18.476900000000001],[73.939959999999999,18.476839999999999],[73.939089999999993,18.476759999999999],[73.937880000000007,18.476700000000001],[73.937340000000006,18.476710000000001],[73.937110000000004,18.476690000000001],[73.936909999999997,18.47664],[73.93674,18.476669999999999],[73.936440000000005,18.476680000000002],[73.935209999999998,18.476659999999999],[73.935239999999993,18.47673],[73.935329999999993,18.476870000000002],[73.935540000000003,18.476990000000001],[73.935599999999994,18.47711],[73.935640000000006,18.47766],[73.935630000000003,18.477720000000001],[73.935469999999995,18.477740000000001],[73.935149999999993,18.47767],[73.934799999999996,18.477599999999999],[73.934470000000005,18.477540000000001],[73.934150000000002,18.477499999999999],[73.933760000000007,18.477509999999999],[73.932940000000002,18.477509999999999],[73.932180000000002,18.477530000000002],[73.931420000000003,18.477550000000001],[73.931399999999996,18.477869999999999],[73.931319999999999,18.479040000000001],[73.931269999999998,18.480319999999999],[73.931370000000001,18.480779999999999]]]},"properties":{"FID":44,"wardnum":46,"origin":"http://www.pmc.gov.in/sites/default/files/final_ward_maps/46_F_Ward.pdf","Name1":"46 Mohammad wadi - Uruli Devachi","Name2":"Mohammad wadi - Uruli Devachi"}},{"type":"Feature","id":45,"geometry":{"type":"Polygon","coordinates":[[[73.889579999999995,18.464680000000001],[73.889520000000005,18.464690000000001],[73.889269999999996,18.46471],[73.888949999999994,18.464770000000001],[73.888679999999994,18.4648],[73.888339999999999,18.46481],[73.887969999999996,18.46481],[73.887619999999998,18.464759999999998],[73.886690000000002,18.464649999999999],[73.885840000000002,18.46452],[73.885549999999995,18.464469999999999],[73.885249999999999,18.46452],[73.884820000000005,18.464500000000001],[73.884150000000005,18.46453],[73.883759999999995,18.464739999999999],[73.883690000000001,18.464739999999999],[73.883349999999993,18.464680000000001],[73.882990000000007,18.464639999999999],[73.882660000000001,18.46462],[73.882159999999999,18.464569999999998],[73.881290000000007,18.464490000000001],[73.880489999999995,18.464400000000001],[73.879800000000003,18.464320000000001],[73.879819999999995,18.464569999999998],[73.878960000000006,18.46461],[73.878950000000003,18.464659999999999],[73.878900000000002,18.464690000000001],[73.878309999999999,18.46471],[73.877520000000004,18.464690000000001],[73.877629999999996,18.464259999999999],[73.877780000000001,18.462309999999999],[73.877830000000003,18.46162],[73.877809999999997,18.461269999999999],[73.877790000000005,18.46097],[73.877840000000006,18.45992],[73.878079999999997,18.45814],[73.876019999999997,18.457989999999999],[73.875489999999999,18.45795],[73.875529999999998,18.45674],[73.87527,18.456759999999999],[73.875110000000006,18.45675],[73.874859999999998,18.456589999999998],[73.873580000000004,18.456520000000001],[73.873720000000006,18.455880000000001],[73.873779999999996,18.454470000000001],[73.87388,18.454450000000001],[73.874250000000004,18.45119],[73.874380000000002,18.449829999999999],[73.875219999999999,18.44999],[73.875330000000005,18.449999999999999],[73.875510000000006,18.448730000000001],[73.875780000000006,18.44773],[73.876130000000003,18.446560000000002],[73.8767,18.44659],[73.876900000000006,18.445959999999999],[73.877560000000003,18.44462],[73.877650000000003,18.444379999999999],[73.877560000000003,18.44434],[73.876890000000003,18.444099999999999],[73.877229999999997,18.443210000000001],[73.877260000000007,18.443010000000001],[73.877139999999997,18.44218],[73.878020000000006,18.439630000000001],[73.87809,18.439299999999999],[73.878280000000004,18.438389999999998],[73.880189999999999,18.438210000000002],[73.880579999999995,18.438189999999999],[73.880899999999997,18.437889999999999],[73.881810000000002,18.43721],[73.88185,18.43703],[73.88176,18.435500000000001],[73.88176,18.43524],[73.881590000000003,18.43468],[73.881559999999993,18.43441],[73.881559999999993,18.433810000000001],[73.881450000000001,18.433489999999999],[73.881429999999995,18.43319],[73.881339999999994,18.432790000000001],[73.880949999999999,18.431930000000001],[73.880110000000002,18.430350000000001],[73.879769999999994,18.429449999999999],[73.879540000000006,18.428809999999999],[73.879090000000005,18.428509999999999],[73.88073,18.427019999999999],[73.880989999999997,18.426120000000001],[73.881249999999994,18.425249999999998],[73.882350000000002,18.423390000000001],[73.88261,18.42258],[73.882769999999994,18.422080000000001],[73.883229999999998,18.421230000000001],[73.885450000000006,18.418569999999999],[73.888000000000005,18.415590000000002],[73.888319999999993,18.415230000000001],[73.889099999999999,18.412700000000001],[73.889409999999998,18.411819999999999],[73.89085,18.410329999999998],[73.891720000000007,18.409379999999999],[73.892610000000005,18.409800000000001],[73.893119999999996,18.40992],[73.894440000000003,18.410119999999999],[73.894909999999996,18.410170000000001],[73.897180000000006,18.409949999999998],[73.898179999999996,18.409859999999998],[73.898989999999998,18.409880000000001],[73.899929999999998,18.409970000000001],[73.900620000000004,18.40981],[73.90258,18.409459999999999],[73.902879999999996,18.409549999999999],[73.903139999999993,18.410550000000001],[73.903540000000007,18.411239999999999],[73.903760000000005,18.41122],[73.904120000000006,18.412780000000001],[73.904430000000005,18.413180000000001],[73.904359999999997,18.41329],[73.903729999999996,18.413219999999999],[73.903589999999994,18.413779999999999],[73.904039999999995,18.41441],[73.904380000000003,18.414239999999999],[73.906059999999997,18.417059999999999],[73.906450000000007,18.417470000000002],[73.907439999999994,18.418489999999998],[73.909310000000005,18.420010000000001],[73.909490000000005,18.422129999999999],[73.909210000000002,18.422789999999999],[73.908820000000006,18.423390000000001],[73.908919999999995,18.42379],[73.908630000000002,18.423919999999999],[73.908659999999998,18.42652],[73.908779999999993,18.427019999999999],[73.909120000000001,18.427579999999999],[73.909400000000005,18.428159999999998],[73.909660000000002,18.42886],[73.909639999999996,18.429320000000001],[73.909540000000007,18.43008],[73.908690000000007,18.431480000000001],[73.908389999999997,18.432210000000001],[73.909360000000007,18.43582],[73.909459999999996,18.436489999999999],[73.909450000000007,18.437370000000001],[73.909540000000007,18.438079999999999],[73.909819999999996,18.439029999999999],[73.9101,18.44004],[73.910120000000006,18.440740000000002],[73.910250000000005,18.441330000000001],[73.910470000000004,18.442309999999999],[73.910470000000004,18.44314],[73.910759999999996,18.44453],[73.911090000000002,18.445309999999999],[73.911019999999994,18.446100000000001],[73.911119999999997,18.447399999999998],[73.910989999999998,18.447929999999999],[73.910910000000001,18.449269999999999],[73.910960000000003,18.45139],[73.911100000000005,18.451840000000001],[73.911249999999995,18.45233],[73.911590000000004,18.45307],[73.911950000000004,18.45374],[73.912009999999995,18.454270000000001],[73.911839999999998,18.454640000000001],[73.911349999999999,18.455300000000001],[73.911209999999997,18.45581],[73.911240000000006,18.45608],[73.911360000000002,18.456520000000001],[73.908590000000004,18.457699999999999],[73.908339999999995,18.457989999999999],[73.907740000000004,18.458020000000001],[73.906819999999996,18.458269999999999],[73.905649999999994,18.458459999999999],[73.904640000000001,18.458819999999999],[73.904529999999994,18.459129999999998],[73.903689999999997,18.45966],[73.902950000000004,18.459910000000001],[73.902389999999997,18.460090000000001],[73.902029999999996,18.460450000000002],[73.901579999999996,18.46058],[73.900630000000007,18.460380000000001],[73.899969999999996,18.460149999999999],[73.899249999999995,18.460100000000001],[73.898650000000004,18.459910000000001],[73.897989999999993,18.459720000000001],[73.897499999999994,18.459420000000001],[73.897030000000001,18.45919],[73.895799999999994,18.45881],[73.894630000000006,18.45815],[73.893699999999995,18.457730000000002],[73.892589999999998,18.457509999999999],[73.891649999999998,18.457450000000001],[73.890969999999996,18.457260000000002],[73.891000000000005,18.45796],[73.890979999999999,18.459900000000001],[73.890829999999994,18.460509999999999],[73.890739999999994,18.461020000000001],[73.890630000000002,18.46133],[73.890320000000003,18.462350000000001],[73.889989999999997,18.462959999999999],[73.889679999999998,18.463349999999998],[73.889700000000005,18.46359],[73.889899999999997,18.46424],[73.889899999999997,18.46463],[73.889669999999995,18.464580000000002],[73.889579999999995,18.464680000000001]]]},"properties":{"FID":45,"wardnum":47,"origin":"http://www.pmc.gov.in/sites/default/files/final_ward_maps/47_F_Ward.pdf","Name1":"47 Kondhva Bk - Yewalewadi","Name2":"Kondhva Bk - Yewalewadi"}},{"type":"Feature","id":46,"geometry":{"type":"Polygon","coordinates":[[[73.875,18.47223],[73.874870000000001,18.472249999999999],[73.874809999999997,18.47241],[73.874520000000004,18.472349999999999],[73.873580000000004,18.472249999999999],[73.873630000000006,18.471270000000001],[73.87294,18.471270000000001],[73.872200000000007,18.471350000000001],[73.871840000000006,18.471350000000001],[73.871530000000007,18.47138],[73.871009999999998,18.471489999999999],[73.870410000000007,18.471710000000002],[73.869820000000004,18.47186],[73.869439999999997,18.47203],[73.869240000000005,18.472149999999999],[73.868970000000004,18.47242],[73.868709999999993,18.472190000000001],[73.867840000000001,18.47214],[73.866470000000007,18.471990000000002],[73.866370000000003,18.472850000000001],[73.864930000000001,18.472819999999999],[73.864230000000006,18.472829999999998],[73.862939999999995,18.47269],[73.863159999999993,18.472570000000001],[73.863370000000003,18.47204],[73.863619999999997,18.471540000000001],[73.863870000000006,18.470669999999998],[73.863969999999995,18.470179999999999],[73.864230000000006,18.46865],[73.864450000000005,18.467610000000001],[73.864570000000001,18.466919999999998],[73.864620000000002,18.466670000000001],[73.864630000000005,18.466550000000002],[73.864639999999994,18.465679999999999],[73.864689999999996,18.464839999999999],[73.865250000000003,18.464860000000002],[73.866249999999994,18.464839999999999],[73.866600000000005,18.464790000000001],[73.867639999999994,18.464590000000001],[73.867769999999993,18.464549999999999],[73.867599999999996,18.464479999999998],[73.867440000000002,18.464369999999999],[73.867350000000002,18.46424],[73.867329999999995,18.464040000000001],[73.867320000000007,18.463419999999999],[73.866770000000002,18.463370000000001],[73.866439999999997,18.463339999999999],[73.866159999999994,18.463329999999999],[73.865920000000003,18.46331],[73.865729999999999,18.46331],[73.865409999999997,18.463249999999999],[73.865080000000006,18.463159999999998],[73.86524,18.462710000000001],[73.865350000000007,18.462479999999999],[73.865719999999996,18.462070000000001],[73.866309999999999,18.46143],[73.866380000000007,18.461349999999999],[73.866479999999996,18.461300000000001],[73.866630000000001,18.46125],[73.866759999999999,18.461210000000001],[73.86694,18.461179999999999],[73.867270000000005,18.461120000000001],[73.867649999999998,18.461069999999999],[73.868200000000002,18.461010000000002],[73.868880000000004,18.461010000000002],[73.869619999999998,18.461040000000001],[73.870050000000006,18.461069999999999],[73.870239999999995,18.461089999999999],[73.870469999999997,18.461120000000001],[73.870660000000001,18.46114],[73.871030000000005,18.461169999999999],[73.871629999999996,18.461189999999998],[73.872450000000001,18.461220000000001],[73.873159999999999,18.46124],[73.874740000000003,18.46124],[73.876149999999996,18.46123],[73.877709999999993,18.46125],[73.877809999999997,18.461269999999999],[73.877830000000003,18.46162],[73.877780000000001,18.462309999999999],[73.877629999999996,18.464259999999999],[73.877520000000004,18.464690000000001],[73.877499999999998,18.464739999999999],[73.877459999999999,18.464880000000001],[73.877369999999999,18.46509],[73.877170000000007,18.46546],[73.87697,18.465779999999999],[73.87688,18.465979999999998],[73.876829999999998,18.466180000000001],[73.876609999999999,18.46697],[73.876530000000002,18.46733],[73.876310000000004,18.468039999999998],[73.876130000000003,18.468669999999999],[73.876019999999997,18.468990000000002],[73.875479999999996,18.47052],[73.875280000000004,18.47109],[73.875190000000003,18.471219999999999],[73.875129999999999,18.471309999999999],[73.875129999999999,18.471530000000001],[73.875110000000006,18.471830000000001],[73.875050000000002,18.472090000000001],[73.875,18.47223]]]},"properties":{"FID":46,"wardnum":48,"origin":"http://www.pmc.gov.in/sites/default/files/final_ward_maps/48_F_Ward.pdf","Name1":"48 Upper Super Indiranagar","Name2":"Upper Super Indiranagar"}},{"type":"Feature","id":47,"geometry":{"type":"Polygon","coordinates":[[[73.861230000000006,18.480930000000001],[73.861199999999997,18.481159999999999],[73.861109999999996,18.481459999999998],[73.861040000000003,18.481649999999998],[73.860990000000001,18.481770000000001],[73.860730000000004,18.48217],[73.860550000000003,18.482489999999999],[73.860330000000005,18.482900000000001],[73.860079999999996,18.483339999999998],[73.859719999999996,18.484069999999999],[73.859650000000002,18.48424],[73.859570000000005,18.484559999999998],[73.859549999999999,18.484760000000001],[73.859499999999997,18.484909999999999],[73.85942,18.485040000000001],[73.859250000000003,18.485220000000002],[73.858410000000006,18.486360000000001],[73.857900000000001,18.486969999999999],[73.857640000000004,18.487200000000001],[73.857500000000002,18.48724],[73.857439999999997,18.487269999999999],[73.857479999999995,18.48658],[73.85754,18.485299999999999],[73.857460000000003,18.484169999999999],[73.857380000000006,18.483550000000001],[73.857240000000004,18.482659999999999],[73.857159999999993,18.482089999999999],[73.85718,18.47852],[73.857150000000004,18.477599999999999],[73.857069999999993,18.477270000000001],[73.856769999999997,18.476839999999999],[73.856499999999997,18.47645],[73.856309999999993,18.47598],[73.856290000000001,18.47533],[73.856319999999997,18.474530000000001],[73.856390000000005,18.474499999999999],[73.856430000000003,18.473490000000002],[73.856549999999999,18.472999999999999],[73.856880000000004,18.471720000000001],[73.857200000000006,18.470549999999999],[73.857529999999997,18.46951],[73.857600000000005,18.469139999999999],[73.85772,18.468499999999999],[73.857740000000007,18.46837],[73.857870000000005,18.467459999999999],[73.857960000000006,18.466619999999999],[73.858019999999996,18.465890000000002],[73.85812,18.464960000000001],[73.858189999999993,18.464200000000002],[73.858199999999997,18.463280000000001],[73.858159999999998,18.462389999999999],[73.858059999999995,18.46058],[73.858050000000006,18.460349999999998],[73.858590000000007,18.460370000000001],[73.859139999999996,18.460319999999999],[73.859589999999997,18.460280000000001],[73.859729999999999,18.460249999999998],[73.859819999999999,18.460100000000001],[73.859920000000002,18.460039999999999],[73.860919999999993,18.46001],[73.861789999999999,18.45993],[73.862669999999994,18.45984],[73.862719999999996,18.459810000000001],[73.862780000000001,18.45956],[73.862799999999993,18.459489999999999],[73.862899999999996,18.459420000000001],[73.863079999999997,18.459289999999999],[73.863410000000002,18.45966],[73.863420000000005,18.45984],[73.863420000000005,18.460039999999999],[73.863339999999994,18.46031],[73.863299999999995,18.460380000000001],[73.863370000000003,18.46152],[73.863290000000006,18.461659999999998],[73.86318,18.461829999999999],[73.863150000000005,18.462129999999998],[73.863039999999998,18.462710000000001],[73.862909999999999,18.4633],[73.862799999999993,18.463619999999999],[73.86233,18.464179999999999],[73.862189999999998,18.464289999999998],[73.862099999999998,18.464479999999998],[73.861990000000006,18.464880000000001],[73.861919999999998,18.465150000000001],[73.861879999999999,18.465389999999999],[73.861739999999998,18.465699999999998],[73.861609999999999,18.46594],[73.861549999999994,18.466100000000001],[73.861440000000002,18.466449999999998],[73.861429999999999,18.466529999999999],[73.861829999999998,18.46658],[73.862369999999999,18.466670000000001],[73.863140000000001,18.466809999999999],[73.863740000000007,18.46687],[73.86448,18.466889999999999],[73.864570000000001,18.466919999999998],[73.864450000000005,18.467610000000001],[73.864230000000006,18.46865],[73.863969999999995,18.470179999999999],[73.863870000000006,18.470669999999998],[73.863619999999997,18.471540000000001],[73.863370000000003,18.47204],[73.863159999999993,18.472570000000001],[73.862939999999995,18.47269],[73.862840000000006,18.472940000000001],[73.862629999999996,18.473669999999998],[73.86242,18.474609999999998],[73.862369999999999,18.4755],[73.86233,18.476310000000002],[73.862229999999997,18.476659999999999],[73.861980000000003,18.477689999999999],[73.861750000000001,18.478210000000001],[73.861590000000007,18.478680000000001],[73.861339999999998,18.480180000000001],[73.861230000000006,18.480930000000001]]]},"properties":{"FID":47,"wardnum":49,"origin":"http://www.pmc.gov.in/sites/default/files/final_ward_maps/49_F_Ward.pdf","Name1":"49 Balajinagar - Shankar Maharaj Math","Name2":"Balajinagar - Shankar Maharaj Math"}},{"type":"Feature","id":48,"geometry":{"type":"Polygon","coordinates":[[[73.849220000000003,18.49643],[73.849050000000005,18.496110000000002],[73.848529999999997,18.496420000000001],[73.847549999999998,18.496980000000001],[73.847210000000004,18.496960000000001],[73.847099999999998,18.496759999999998],[73.846149999999994,18.495539999999998],[73.845249999999993,18.495509999999999],[73.845060000000004,18.495249999999999],[73.844859999999997,18.49502],[73.844629999999995,18.494859999999999],[73.844440000000006,18.494669999999999],[73.844120000000004,18.494509999999998],[73.843829999999997,18.49438],[73.843670000000003,18.494260000000001],[73.843519999999998,18.494129999999998],[73.843279999999993,18.493839999999999],[73.843019999999996,18.49381],[73.8429,18.493770000000001],[73.842799999999997,18.493680000000001],[73.842759999999998,18.493600000000001],[73.842500000000001,18.492920000000002],[73.841700000000003,18.492329999999999],[73.841419999999999,18.491910000000001],[73.841130000000007,18.49146],[73.840860000000006,18.49127],[73.840850000000003,18.490839999999999],[73.840739999999997,18.490349999999999],[73.840770000000006,18.489830000000001],[73.840379999999996,18.488620000000001],[73.840379999999996,18.487670000000001],[73.840500000000006,18.487680000000001],[73.841160000000002,18.487300000000001],[73.841390000000004,18.487300000000001],[73.841359999999995,18.486740000000001],[73.84169,18.486619999999998],[73.842060000000004,18.48648],[73.842200000000005,18.486429999999999],[73.842380000000006,18.486149999999999],[73.842429999999993,18.48592],[73.842439999999996,18.485530000000001],[73.84254,18.485109999999999],[73.842600000000004,18.484829999999999],[73.842849999999999,18.48424],[73.842969999999994,18.483989999999999],[73.843100000000007,18.483339999999998],[73.843209999999999,18.48293],[73.843850000000003,18.48169],[73.844269999999995,18.481670000000001],[73.844470000000001,18.481719999999999],[73.844949999999997,18.4819],[73.845249999999993,18.482040000000001],[73.845269999999999,18.48199],[73.844449999999995,18.480589999999999],[73.844239999999999,18.480139999999999],[73.844040000000007,18.47803],[73.843919999999997,18.476849999999999],[73.843919999999997,18.475899999999999],[73.843969999999999,18.475300000000001],[73.844049999999996,18.474689999999999],[73.843829999999997,18.47288],[73.843720000000005,18.472169999999998],[73.844260000000006,18.471869999999999],[73.844210000000004,18.470669999999998],[73.844210000000004,18.470500000000001],[73.844470000000001,18.46968],[73.8446,18.469390000000001],[73.84478,18.468620000000001],[73.844819999999999,18.468409999999999],[73.845169999999996,18.468489999999999],[73.8459,18.46857],[73.846530000000001,18.468630000000001],[73.846869999999996,18.46856],[73.847369999999998,18.468579999999999],[73.847970000000004,18.46856],[73.848749999999995,18.468399999999999],[73.849029999999999,18.46837],[73.849379999999996,18.468340000000001],[73.84975,18.46837],[73.849980000000002,18.468399999999999],[73.850160000000002,18.468330000000002],[73.850380000000001,18.468],[73.850719999999995,18.467829999999999],[73.851709999999997,18.467829999999999],[73.851900000000001,18.468109999999999],[73.852109999999996,18.468260000000001],[73.852320000000006,18.468330000000002],[73.852509999999995,18.468340000000001],[73.852630000000005,18.468350000000001],[73.852869999999996,18.46847],[73.853229999999996,18.468060000000001],[73.853390000000005,18.467949999999998],[73.855019999999996,18.46809],[73.855930000000001,18.468219999999999],[73.856830000000002,18.46827],[73.857309999999998,18.468309999999999],[73.857740000000007,18.46837],[73.85772,18.468499999999999],[73.857600000000005,18.469139999999999],[73.857529999999997,18.46951],[73.857200000000006,18.470549999999999],[73.856880000000004,18.471720000000001],[73.856549999999999,18.472999999999999],[73.856430000000003,18.473490000000002],[73.856390000000005,18.474499999999999],[73.856319999999997,18.474530000000001],[73.855040000000002,18.474509999999999],[73.854010000000002,18.474450000000001],[73.853409999999997,18.47447],[73.853170000000006,18.474630000000001],[73.852549999999994,18.475100000000001],[73.851609999999994,18.47598],[73.851249999999993,18.476389999999999],[73.851020000000005,18.476749999999999],[73.850899999999996,18.4771],[73.850560000000002,18.478950000000001],[73.850269999999995,18.48067],[73.849890000000002,18.48329],[73.849800000000002,18.48367],[73.84975,18.484079999999999],[73.849770000000007,18.484860000000001],[73.849930000000001,18.485469999999999],[73.850099999999998,18.486039999999999],[73.850099999999998,18.486360000000001],[73.849879999999999,18.488589999999999],[73.84984,18.489429999999999],[73.850480000000005,18.48958],[73.850440000000006,18.489629999999998],[73.850399999999993,18.48987],[73.850409999999997,18.491129999999998],[73.850440000000006,18.491589999999999],[73.850579999999994,18.49194],[73.85087,18.492429999999999],[73.850899999999996,18.492699999999999],[73.850920000000002,18.493010000000002],[73.850960000000001,18.493200000000002],[73.851280000000003,18.494029999999999],[73.851330000000004,18.494890000000002],[73.851370000000003,18.495039999999999],[73.851550000000003,18.4953],[73.851470000000006,18.495380000000001],[73.851110000000006,18.495529999999999],[73.850309999999993,18.495840000000001],[73.849559999999997,18.496269999999999],[73.849220000000003,18.49643]]]},"properties":{"FID":48,"wardnum":50,"origin":"http://www.pmc.gov.in/sites/default/files/final_ward_maps/50_F_Ward.pdf","Name1":"50 Sahakarnagar - Taljai","Name2":"Sahakarnagar - Taljai"}},{"type":"Feature","id":49,"geometry":{"type":"Polygon","coordinates":[[[73.840379999999996,18.487670000000001],[73.839190000000002,18.487580000000001],[73.839089999999999,18.487590000000001],[73.838319999999996,18.4878],[73.837950000000006,18.487580000000001],[73.836979999999997,18.487950000000001],[73.836359999999999,18.48826],[73.834770000000006,18.487870000000001],[73.834190000000007,18.487880000000001],[73.833699999999993,18.48762],[73.83314,18.487490000000001],[73.832890000000006,18.487390000000001],[73.832390000000004,18.487210000000001],[73.832080000000005,18.48705],[73.831689999999995,18.486830000000001],[73.831450000000004,18.48667],[73.830269999999999,18.487290000000002],[73.830190000000002,18.487220000000001],[73.829880000000003,18.486969999999999],[73.829679999999996,18.486730000000001],[73.829530000000005,18.48648],[73.829409999999996,18.48612],[73.829350000000005,18.485749999999999],[73.829310000000007,18.485510000000001],[73.82929,18.484960000000001],[73.829310000000007,18.4848],[73.829530000000005,18.484020000000001],[73.829700000000003,18.48368],[73.830129999999997,18.483160000000002],[73.830860000000001,18.482379999999999],[73.831140000000005,18.482140000000001],[73.831360000000004,18.481960000000001],[73.831580000000002,18.481809999999999],[73.831819999999993,18.481680000000001],[73.832009999999997,18.4815],[73.832179999999994,18.481179999999998],[73.832390000000004,18.480650000000001],[73.832480000000004,18.480250000000002],[73.832470000000001,18.479880000000001],[73.83211,18.478940000000001],[73.831760000000003,18.478269999999998],[73.830950000000001,18.478619999999999],[73.830169999999995,18.478870000000001],[73.829499999999996,18.47907],[73.829070000000002,18.47908],[73.82893,18.479089999999999],[73.828649999999996,18.479310000000002],[73.828550000000007,18.47936],[73.828310000000002,18.479430000000001],[73.828199999999995,18.47953],[73.828140000000005,18.47963],[73.82799,18.479099999999999],[73.827770000000001,18.478639999999999],[73.827719999999999,18.478429999999999],[73.827709999999996,18.478249999999999],[73.827669999999998,18.478190000000001],[73.827349999999996,18.478349999999999],[73.827079999999995,18.47841],[73.826840000000004,18.478480000000001],[73.826669999999993,18.478539999999999],[73.826499999999996,18.4788],[73.826350000000005,18.478829999999999],[73.826250000000002,18.478850000000001],[73.826269999999994,18.478919999999999],[73.826430000000002,18.479179999999999],[73.825580000000002,18.47973],[73.825040000000001,18.480080000000001],[73.824889999999996,18.479900000000001],[73.824749999999995,18.47972],[73.824169999999995,18.478549999999998],[73.823710000000005,18.477679999999999],[73.823390000000003,18.477080000000001],[73.822810000000004,18.4758],[73.822540000000004,18.47512],[73.822299999999998,18.47456],[73.821830000000006,18.47362],[73.821650000000005,18.473269999999999],[73.821150000000003,18.47194],[73.820089999999993,18.469349999999999],[73.818770000000001,18.467700000000001],[73.817859999999996,18.466850000000001],[73.817520000000002,18.4666],[73.816860000000005,18.466170000000002],[73.816509999999994,18.465699999999998],[73.815960000000004,18.464860000000002],[73.815389999999994,18.463750000000001],[73.814909999999998,18.46283],[73.814700000000002,18.462389999999999],[73.814409999999995,18.462039999999998],[73.813770000000005,18.461510000000001],[73.813149999999993,18.461179999999999],[73.812799999999996,18.46096],[73.812790000000007,18.460609999999999],[73.812759999999997,18.460370000000001],[73.812629999999999,18.459679999999999],[73.813450000000003,18.45974],[73.814480000000003,18.459769999999999],[73.814850000000007,18.459599999999998],[73.815250000000006,18.459289999999999],[73.815479999999994,18.459109999999999],[73.815770000000001,18.459099999999999],[73.816119999999998,18.45909],[73.81653,18.45917],[73.816839999999999,18.45927],[73.817170000000004,18.45927],[73.819410000000005,18.45973],[73.820049999999995,18.459859999999999],[73.822509999999994,18.46022],[73.823139999999995,18.460349999999998],[73.82423,18.46068],[73.825199999999995,18.461010000000002],[73.825749999999999,18.461130000000001],[73.826800000000006,18.461490000000001],[73.827340000000007,18.46171],[73.827809999999999,18.461790000000001],[73.82799,18.461729999999999],[73.828090000000003,18.461670000000002],[73.828800000000001,18.461760000000002],[73.830290000000005,18.46181],[73.831360000000004,18.46161],[73.831360000000004,18.46238],[73.831419999999994,18.462710000000001],[73.831519999999998,18.464279999999999],[73.83202,18.464829999999999],[73.832949999999997,18.464980000000001],[73.834050000000005,18.464960000000001],[73.834710000000001,18.464980000000001],[73.834879999999998,18.465019999999999],[73.835130000000007,18.465479999999999],[73.836590000000001,18.465450000000001],[73.83699,18.465119999999999],[73.837059999999994,18.464980000000001],[73.837310000000002,18.464829999999999],[73.837450000000004,18.464749999999999],[73.838920000000002,18.464700000000001],[73.839920000000006,18.46293],[73.842299999999994,18.463080000000001],[73.842140000000001,18.463889999999999],[73.842070000000007,18.463989999999999],[73.84196,18.464790000000001],[73.844579999999993,18.465039999999998],[73.84554,18.465219999999999],[73.845089999999999,18.467279999999999],[73.844819999999999,18.468409999999999],[73.84478,18.468620000000001],[73.8446,18.469390000000001],[73.844470000000001,18.46968],[73.844210000000004,18.470500000000001],[73.844210000000004,18.470669999999998],[73.844260000000006,18.471869999999999],[73.843720000000005,18.472169999999998],[73.843829999999997,18.47288],[73.844049999999996,18.474689999999999],[73.843969999999999,18.475300000000001],[73.843919999999997,18.475899999999999],[73.843919999999997,18.476849999999999],[73.844040000000007,18.47803],[73.844239999999999,18.480139999999999],[73.844449999999995,18.480589999999999],[73.845269999999999,18.48199],[73.845249999999993,18.482040000000001],[73.844949999999997,18.4819],[73.844470000000001,18.481719999999999],[73.844269999999995,18.481670000000001],[73.843850000000003,18.48169],[73.843209999999999,18.48293],[73.843100000000007,18.483339999999998],[73.842969999999994,18.483989999999999],[73.842849999999999,18.48424],[73.842600000000004,18.484829999999999],[73.84254,18.485109999999999],[73.842439999999996,18.485530000000001],[73.842429999999993,18.48592],[73.842380000000006,18.486149999999999],[73.842200000000005,18.486429999999999],[73.842060000000004,18.48648],[73.84169,18.486619999999998],[73.841359999999995,18.486740000000001],[73.841390000000004,18.487300000000001],[73.841160000000002,18.487300000000001],[73.840500000000006,18.487680000000001],[73.840379999999996,18.487670000000001]]]},"properties":{"FID":49,"wardnum":51,"origin":"http://www.pmc.gov.in/sites/default/files/final_ward_maps/51_F_Ward.pdf","Name1":"51 Vadgaon Bk - Manikbaug","Name2":"Vadgaon Bk - Manikbaug"}},{"type":"Feature","id":50,"geometry":{"type":"Polygon","coordinates":[[[73.830269999999999,18.487290000000002],[73.830539999999999,18.487539999999999],[73.83081,18.487880000000001],[73.831019999999995,18.488099999999999],[73.831789999999998,18.48845],[73.832390000000004,18.488630000000001],[73.832840000000004,18.488759999999999],[73.833179999999999,18.488880000000002],[73.834029999999998,18.489190000000001],[73.834180000000003,18.48921],[73.834469999999996,18.48931],[73.834990000000005,18.489450000000001],[73.835419999999999,18.489540000000002],[73.835570000000004,18.48958],[73.835819999999998,18.489619999999999],[73.836119999999994,18.489609999999999],[73.83672,18.489609999999999],[73.837280000000007,18.489609999999999],[73.837599999999995,18.489650000000001],[73.837869999999995,18.489719999999998],[73.838049999999996,18.489809999999999],[73.836560000000006,18.491489999999999],[73.836060000000003,18.491879999999998],[73.835970000000003,18.492529999999999],[73.835930000000005,18.492660000000001],[73.835880000000003,18.492799999999999],[73.835819999999998,18.492889999999999],[73.835340000000002,18.49333],[73.835560000000001,18.493549999999999],[73.834900000000005,18.494209999999999],[73.834419999999994,18.49464],[73.834190000000007,18.49502],[73.834029999999998,18.495190000000001],[73.833839999999995,18.495329999999999],[73.833650000000006,18.495539999999998],[73.83314,18.495979999999999],[73.833060000000003,18.49606],[73.832740000000001,18.495719999999999],[73.831720000000004,18.494250000000001],[73.830629999999999,18.49268],[73.828909999999993,18.490189999999998],[73.827870000000004,18.488489999999999],[73.827380000000005,18.487449999999999],[73.826480000000004,18.485220000000002],[73.826179999999994,18.484690000000001],[73.82602,18.484359999999999],[73.825119999999998,18.483319999999999],[73.824590000000001,18.482939999999999],[73.824179999999998,18.482749999999999],[73.823570000000004,18.482679999999998],[73.823189999999997,18.482659999999999],[73.822320000000005,18.482749999999999],[73.821749999999994,18.482759999999999],[73.820809999999994,18.48272],[73.820049999999995,18.482659999999999],[73.819490000000002,18.482500000000002],[73.818860000000001,18.482250000000001],[73.817909999999998,18.481860000000001],[73.817300000000003,18.481490000000001],[73.816450000000003,18.480979999999999],[73.81559,18.480589999999999],[73.814269999999993,18.480060000000002],[73.812920000000005,18.479510000000001],[73.812309999999997,18.479220000000002],[73.811710000000005,18.478750000000002],[73.811199999999999,18.478000000000002],[73.810500000000005,18.476680000000002],[73.809790000000007,18.475280000000001],[73.809470000000005,18.474599999999999],[73.809359999999998,18.47458],[73.808859999999996,18.473279999999999],[73.808679999999995,18.472940000000001],[73.808239999999998,18.4726],[73.807829999999996,18.47232],[73.80735,18.472049999999999],[73.806449999999998,18.471319999999999],[73.80471,18.469999999999999],[73.804019999999994,18.469429999999999],[73.803269999999998,18.468859999999999],[73.802099999999996,18.468139999999998],[73.801109999999994,18.46762],[73.800169999999994,18.467169999999999],[73.799160000000001,18.46678],[73.799220000000005,18.46659],[73.799469999999999,18.466259999999998],[73.799589999999995,18.466270000000002],[73.799719999999994,18.466190000000001],[73.796009999999995,18.46359],[73.795689999999993,18.463360000000002],[73.793899999999994,18.46246],[73.793790000000001,18.462420000000002],[73.792619999999999,18.462209999999999],[73.791709999999995,18.462050000000001],[73.79092,18.462039999999998],[73.790239999999997,18.462319999999998],[73.789379999999994,18.46238],[73.787390000000002,18.462589999999999],[73.786640000000006,18.462669999999999],[73.786619999999999,18.46264],[73.786529999999999,18.46246],[73.786519999999996,18.461110000000001],[73.786569999999998,18.460789999999999],[73.786730000000006,18.459440000000001],[73.786529999999999,18.459440000000001],[73.787469999999999,18.455970000000001],[73.787869999999998,18.45581],[73.788340000000005,18.454000000000001],[73.78837,18.453769999999999],[73.788780000000003,18.453749999999999],[73.79016,18.45288],[73.790700000000001,18.452739999999999],[73.791560000000004,18.452860000000001],[73.792680000000004,18.45309],[73.793760000000006,18.45335],[73.794240000000002,18.453520000000001],[73.794960000000003,18.453600000000002],[73.795140000000004,18.45355],[73.795259999999999,18.454170000000001],[73.795379999999994,18.454470000000001],[73.795829999999995,18.45457],[73.796210000000002,18.45457],[73.796679999999995,18.45485],[73.797259999999994,18.455190000000002],[73.797039999999996,18.456289999999999],[73.797479999999993,18.456420000000001],[73.797749999999994,18.456469999999999],[73.798199999999994,18.456469999999999],[73.798490000000001,18.456499999999998],[73.799239999999998,18.456720000000001],[73.799779999999998,18.456579999999999],[73.800349999999995,18.45673],[73.801249999999996,18.456990000000001],[73.802040000000005,18.45722],[73.803120000000007,18.457270000000001],[73.803979999999996,18.45731],[73.804810000000003,18.457509999999999],[73.805620000000005,18.457660000000001],[73.806889999999996,18.457889999999999],[73.807969999999997,18.458110000000001],[73.808840000000004,18.458480000000002],[73.809150000000002,18.458749999999998],[73.80968,18.459320000000002],[73.809870000000004,18.459510000000002],[73.810590000000005,18.45973],[73.811430000000001,18.46001],[73.812340000000006,18.460699999999999],[73.812799999999996,18.46096],[73.813149999999993,18.461179999999999],[73.813770000000005,18.461510000000001],[73.814409999999995,18.462039999999998],[73.814700000000002,18.462389999999999],[73.814909999999998,18.46283],[73.815389999999994,18.463750000000001],[73.815960000000004,18.464860000000002],[73.816509999999994,18.465699999999998],[73.816860000000005,18.466170000000002],[73.817520000000002,18.4666],[73.817859999999996,18.466850000000001],[73.818770000000001,18.467700000000001],[73.820089999999993,18.469349999999999],[73.821150000000003,18.47194],[73.821650000000005,18.473269999999999],[73.821830000000006,18.47362],[73.822299999999998,18.47456],[73.822540000000004,18.47512],[73.822810000000004,18.4758],[73.823390000000003,18.477080000000001],[73.823710000000005,18.477679999999999],[73.824169999999995,18.478549999999998],[73.824749999999995,18.47972],[73.824889999999996,18.479900000000001],[73.825040000000001,18.480080000000001],[73.825580000000002,18.47973],[73.826430000000002,18.479179999999999],[73.826269999999994,18.478919999999999],[73.826250000000002,18.478850000000001],[73.826350000000005,18.478829999999999],[73.826499999999996,18.4788],[73.826669999999993,18.478539999999999],[73.826840000000004,18.478480000000001],[73.827079999999995,18.47841],[73.827349999999996,18.478349999999999],[73.827669999999998,18.478190000000001],[73.827709999999996,18.478249999999999],[73.827719999999999,18.478429999999999],[73.827770000000001,18.478639999999999],[73.82799,18.479099999999999],[73.828140000000005,18.47963],[73.828199999999995,18.47953],[73.828310000000002,18.479430000000001],[73.828550000000007,18.47936],[73.828649999999996,18.479310000000002],[73.82893,18.479089999999999],[73.829070000000002,18.47908],[73.829499999999996,18.47907],[73.830169999999995,18.478870000000001],[73.830950000000001,18.478619999999999],[73.831760000000003,18.478269999999998],[73.83211,18.478940000000001],[73.832470000000001,18.479880000000001],[73.832480000000004,18.480250000000002],[73.832390000000004,18.480650000000001],[73.832179999999994,18.481179999999998],[73.832009999999997,18.4815],[73.831819999999993,18.481680000000001],[73.831580000000002,18.481809999999999],[73.831360000000004,18.481960000000001],[73.831140000000005,18.482140000000001],[73.830860000000001,18.482379999999999],[73.830129999999997,18.483160000000002],[73.829700000000003,18.48368],[73.829530000000005,18.484020000000001],[73.829310000000007,18.4848],[73.82929,18.484960000000001],[73.829310000000007,18.485510000000001],[73.829350000000005,18.485749999999999],[73.829409999999996,18.48612],[73.829530000000005,18.48648],[73.829679999999996,18.486730000000001],[73.829880000000003,18.486969999999999],[73.830190000000002,18.487220000000001],[73.830269999999999,18.487290000000002]]]},"properties":{"FID":50,"wardnum":52,"origin":"http://www.pmc.gov.in/sites/default/files/final_ward_maps/52_F_Ward.pdf","Name1":"52 Nanded City - Sun City","Name2":"Nanded City - Sun City"}},{"type":"Feature","id":51,"geometry":{"type":"Polygon","coordinates":[[[73.786640000000006,18.462669999999999],[73.785889999999995,18.46275],[73.78416,18.462499999999999],[73.782929999999993,18.46181],[73.780990000000003,18.46116],[73.77619,18.460329999999999],[73.774590000000003,18.459610000000001],[73.773470000000003,18.45853],[73.772819999999996,18.458100000000002],[73.772369999999995,18.45758],[73.772069999999999,18.457070000000002],[73.771140000000003,18.455279999999998],[73.771140000000003,18.455010000000001],[73.770330000000001,18.45298],[73.770129999999995,18.45187],[73.770189999999999,18.44922],[73.770799999999994,18.447469999999999],[73.770880000000005,18.446770000000001],[73.770809999999997,18.446459999999998],[73.770610000000005,18.446449999999999],[73.770309999999995,18.445460000000001],[73.770129999999995,18.442679999999999],[73.768900000000002,18.440660000000001],[73.765879999999996,18.435680000000001],[73.762479999999996,18.432870000000001],[73.762219999999999,18.432839999999999],[73.759640000000005,18.432469999999999],[73.759270000000001,18.432410000000001],[73.759460000000004,18.432030000000001],[73.761089999999996,18.428540000000002],[73.761660000000006,18.427379999999999],[73.761719999999997,18.426410000000001],[73.762270000000001,18.42549],[73.762060000000005,18.424779999999998],[73.762600000000006,18.424209999999999],[73.762649999999994,18.423580000000001],[73.762929999999997,18.42268],[73.763480000000001,18.42164],[73.763810000000007,18.420760000000001],[73.763810000000007,18.420549999999999],[73.764330000000001,18.420359999999999],[73.764570000000006,18.42015],[73.764830000000003,18.420169999999999],[73.764960000000002,18.41958],[73.765940000000001,18.41957],[73.767340000000004,18.419519999999999],[73.768429999999995,18.419239999999999],[73.769729999999996,18.418810000000001],[73.7714,18.41836],[73.77252,18.418140000000001],[73.773870000000002,18.417649999999998],[73.775260000000003,18.416910000000001],[73.776399999999995,18.416319999999999],[73.777090000000001,18.416],[73.777709999999999,18.416160000000001],[73.778670000000005,18.416090000000001],[73.778679999999994,18.415019999999998],[73.779669999999996,18.414090000000002],[73.780410000000003,18.413329999999998],[73.780640000000005,18.41281],[73.781319999999994,18.41215],[73.781769999999995,18.411729999999999],[73.781630000000007,18.411439999999999],[73.780929999999998,18.411359999999998],[73.780230000000003,18.41141],[73.779480000000007,18.411449999999999],[73.778819999999996,18.411560000000001],[73.778559999999999,18.41169],[73.778239999999997,18.411059999999999],[73.778270000000006,18.410520000000002],[73.779269999999997,18.41038],[73.781660000000002,18.409610000000001],[73.781940000000006,18.409839999999999],[73.782399999999996,18.409880000000001],[73.783240000000006,18.409980000000001],[73.783760000000001,18.4101],[73.784220000000005,18.410039999999999],[73.784670000000006,18.409510000000001],[73.785210000000006,18.408750000000001],[73.787009999999995,18.407419999999998],[73.788619999999995,18.406479999999998],[73.790890000000005,18.404959999999999],[73.792739999999995,18.403790000000001],[73.793419999999998,18.401759999999999],[73.794300000000007,18.398],[73.794970000000006,18.395250000000001],[73.794979999999995,18.393429999999999],[73.7958,18.392849999999999],[73.797380000000004,18.390460000000001],[73.800060000000002,18.386389999999999],[73.801860000000005,18.385629999999999],[73.803020000000004,18.385870000000001],[73.804950000000005,18.385390000000001],[73.809989999999999,18.387309999999999],[73.811980000000005,18.38815],[73.816969999999998,18.389340000000001],[73.820070000000001,18.389150000000001],[73.820830000000001,18.38916],[73.823660000000004,18.391909999999999],[73.824579999999997,18.39498],[73.822779999999995,18.397929999999999],[73.821340000000006,18.40372],[73.818830000000005,18.40663],[73.818290000000005,18.406759999999998],[73.818089999999998,18.407119999999999],[73.817160000000001,18.407360000000001],[73.816149999999993,18.408619999999999],[73.812579999999997,18.40953],[73.811989999999994,18.410509999999999],[73.811930000000004,18.411059999999999],[73.811570000000003,18.411269999999998],[73.81156,18.411539999999999],[73.811220000000006,18.411670000000001],[73.809520000000006,18.41497],[73.808909999999997,18.416399999999999],[73.809039999999996,18.41732],[73.809370000000001,18.41818],[73.808530000000005,18.418610000000001],[73.804910000000007,18.422720000000002],[73.804370000000006,18.423729999999999],[73.804100000000005,18.42407],[73.803520000000006,18.424340000000001],[73.803079999999994,18.424959999999999],[73.802530000000004,18.426279999999998],[73.802419999999998,18.42681],[73.801760000000002,18.426929999999999],[73.801990000000004,18.42792],[73.801770000000005,18.427959999999999],[73.801789999999997,18.430869999999999],[73.801590000000004,18.431709999999999],[73.801699999999997,18.432849999999998],[73.801779999999994,18.433070000000001],[73.801850000000002,18.434349999999998],[73.80162,18.434899999999999],[73.801439999999999,18.435279999999999],[73.801159999999996,18.43562],[73.801069999999996,18.43685],[73.800510000000003,18.437069999999999],[73.800259999999994,18.43768],[73.800139999999999,18.438410000000001],[73.79965,18.43984],[73.799170000000004,18.441479999999999],[73.798910000000006,18.442519999999998],[73.798550000000006,18.444289999999999],[73.798140000000004,18.445779999999999],[73.797200000000004,18.44595],[73.796970000000002,18.446439999999999],[73.796869999999998,18.447050000000001],[73.798029999999997,18.447120000000002],[73.799570000000003,18.447240000000001],[73.800460000000001,18.44725],[73.801140000000004,18.44708],[73.801820000000006,18.446950000000001],[73.802639999999997,18.447030000000002],[73.803319999999999,18.447150000000001],[73.804190000000006,18.447099999999999],[73.805149999999998,18.447340000000001],[73.805509999999998,18.447510000000001],[73.806730000000002,18.447479999999999],[73.807169999999999,18.447179999999999],[73.807630000000003,18.447140000000001],[73.809420000000003,18.447230000000001],[73.811800000000005,18.447379999999999],[73.812280000000001,18.447379999999999],[73.813019999999995,18.44716],[73.813879999999997,18.447199999999999],[73.814509999999999,18.44688],[73.815010000000001,18.446709999999999],[73.815690000000004,18.446940000000001],[73.816230000000004,18.44699],[73.816890000000001,18.446909999999999],[73.817800000000005,18.446840000000002],[73.818560000000005,18.446960000000001],[73.819320000000005,18.447040000000001],[73.820620000000005,18.447179999999999],[73.819959999999995,18.44971],[73.819599999999994,18.450320000000001],[73.819209999999998,18.45064],[73.819069999999996,18.451059999999998],[73.819059999999993,18.45196],[73.818740000000005,18.452680000000001],[73.8185,18.453299999999999],[73.818169999999995,18.454190000000001],[73.817819999999998,18.455220000000001],[73.81747,18.455929999999999],[73.81729,18.456440000000001],[73.817009999999996,18.456520000000001],[73.816699999999997,18.456990000000001],[73.816400000000002,18.457280000000001],[73.8155,18.45758],[73.815290000000005,18.45786],[73.814610000000002,18.45805],[73.813869999999994,18.458259999999999],[73.813779999999994,18.458580000000001],[73.813749999999999,18.45872],[73.813640000000007,18.4588],[73.813599999999994,18.459009999999999],[73.813509999999994,18.459150000000001],[73.813490000000002,18.459299999999999],[73.813640000000007,18.45928],[73.813869999999994,18.459129999999998],[73.814210000000003,18.459109999999999],[73.815119999999993,18.45917],[73.815479999999994,18.459109999999999],[73.815250000000006,18.459289999999999],[73.814850000000007,18.459599999999998],[73.814480000000003,18.459769999999999],[73.813450000000003,18.45974],[73.812629999999999,18.459679999999999],[73.812759999999997,18.460370000000001],[73.812790000000007,18.460609999999999],[73.812799999999996,18.46096],[73.812340000000006,18.460699999999999],[73.811430000000001,18.46001],[73.810590000000005,18.45973],[73.809870000000004,18.459510000000002],[73.80968,18.459320000000002],[73.809150000000002,18.458749999999998],[73.808840000000004,18.458480000000002],[73.807969999999997,18.458110000000001],[73.806889999999996,18.457889999999999],[73.805620000000005,18.457660000000001],[73.804810000000003,18.457509999999999],[73.803979999999996,18.45731],[73.803120000000007,18.457270000000001],[73.802040000000005,18.45722],[73.801249999999996,18.456990000000001],[73.800349999999995,18.45673],[73.799779999999998,18.456579999999999],[73.799239999999998,18.456720000000001],[73.798490000000001,18.456499999999998],[73.798199999999994,18.456469999999999],[73.797749999999994,18.456469999999999],[73.797479999999993,18.456420000000001],[73.797039999999996,18.456289999999999],[73.797259999999994,18.455190000000002],[73.796679999999995,18.45485],[73.796210000000002,18.45457],[73.795829999999995,18.45457],[73.795379999999994,18.454470000000001],[73.795259999999999,18.454170000000001],[73.795140000000004,18.45355],[73.794960000000003,18.453600000000002],[73.794240000000002,18.453520000000001],[73.793760000000006,18.45335],[73.792680000000004,18.45309],[73.791560000000004,18.452860000000001],[73.790700000000001,18.452739999999999],[73.79016,18.45288],[73.788780000000003,18.453749999999999],[73.78837,18.453769999999999],[73.788340000000005,18.454000000000001],[73.787869999999998,18.45581],[73.787469999999999,18.455970000000001],[73.786529999999999,18.459440000000001],[73.786730000000006,18.459440000000001],[73.786569999999998,18.460789999999999],[73.786519999999996,18.461110000000001],[73.786529999999999,18.46246],[73.786619999999999,18.46264],[73.786640000000006,18.462669999999999]]]},"properties":{"FID":51,"wardnum":53,"origin":"http://www.pmc.gov.in/sites/default/files/final_ward_maps/53_F_Ward.pdf","Name1":"53 Khadakwasla - Narhe","Name2":"Khadakwasla - Narhe"}},{"type":"Feature","id":52,"geometry":{"type":"Polygon","coordinates":[[[73.847250000000003,18.451499999999999],[73.846320000000006,18.45177],[73.842370000000003,18.452940000000002],[73.839640000000003,18.453700000000001],[73.836659999999995,18.454660000000001],[73.830889999999997,18.45654],[73.82893,18.457260000000002],[73.827380000000005,18.457909999999998],[73.825959999999995,18.45851],[73.825860000000006,18.45825],[73.826779999999999,18.457750000000001],[73.827370000000002,18.457350000000002],[73.828090000000003,18.456710000000001],[73.828389999999999,18.456499999999998],[73.828670000000002,18.456530000000001],[73.828710000000001,18.456209999999999],[73.828670000000002,18.455929999999999],[73.828329999999994,18.455249999999999],[73.828059999999994,18.454319999999999],[73.828519999999997,18.453659999999999],[73.828779999999995,18.453420000000001],[73.828969999999998,18.45317],[73.828909999999993,18.453099999999999],[73.828569999999999,18.45307],[73.827920000000006,18.453140000000001],[73.827349999999996,18.453240000000001],[73.826660000000004,18.453489999999999],[73.825749999999999,18.453810000000001],[73.825180000000003,18.453769999999999],[73.824669999999998,18.453530000000001],[73.823759999999993,18.45318],[73.822670000000002,18.45356],[73.821610000000007,18.45356],[73.820549999999997,18.453620000000001],[73.820329999999998,18.453769999999999],[73.819699999999997,18.45373],[73.819739999999996,18.453499999999998],[73.818830000000005,18.453340000000001],[73.8185,18.453299999999999],[73.818740000000005,18.452680000000001],[73.819059999999993,18.45196],[73.819069999999996,18.451059999999998],[73.819209999999998,18.45064],[73.819599999999994,18.450320000000001],[73.819959999999995,18.44971],[73.820620000000005,18.447179999999999],[73.819320000000005,18.447040000000001],[73.818560000000005,18.446960000000001],[73.817800000000005,18.446840000000002],[73.816890000000001,18.446909999999999],[73.816230000000004,18.44699],[73.815690000000004,18.446940000000001],[73.815010000000001,18.446709999999999],[73.814509999999999,18.44688],[73.813879999999997,18.447199999999999],[73.813019999999995,18.44716],[73.812280000000001,18.447379999999999],[73.811800000000005,18.447379999999999],[73.809420000000003,18.447230000000001],[73.807630000000003,18.447140000000001],[73.807169999999999,18.447179999999999],[73.806730000000002,18.447479999999999],[73.805509999999998,18.447510000000001],[73.805149999999998,18.447340000000001],[73.804190000000006,18.447099999999999],[73.803319999999999,18.447150000000001],[73.802639999999997,18.447030000000002],[73.801820000000006,18.446950000000001],[73.801140000000004,18.44708],[73.800460000000001,18.44725],[73.799570000000003,18.447240000000001],[73.798029999999997,18.447120000000002],[73.796869999999998,18.447050000000001],[73.796970000000002,18.446439999999999],[73.797200000000004,18.44595],[73.798140000000004,18.445779999999999],[73.798550000000006,18.444289999999999],[73.798910000000006,18.442519999999998],[73.799170000000004,18.441479999999999],[73.79965,18.43984],[73.800139999999999,18.438410000000001],[73.800259999999994,18.43768],[73.800510000000003,18.437069999999999],[73.801069999999996,18.43685],[73.801159999999996,18.43562],[73.801439999999999,18.435279999999999],[73.80162,18.434899999999999],[73.801850000000002,18.434349999999998],[73.801779999999994,18.433070000000001],[73.801699999999997,18.432849999999998],[73.801590000000004,18.431709999999999],[73.801789999999997,18.430869999999999],[73.801770000000005,18.427959999999999],[73.801990000000004,18.42792],[73.801760000000002,18.426929999999999],[73.802419999999998,18.42681],[73.802530000000004,18.426279999999998],[73.803079999999994,18.424959999999999],[73.803520000000006,18.424340000000001],[73.804100000000005,18.42407],[73.804370000000006,18.423729999999999],[73.804910000000007,18.422720000000002],[73.808530000000005,18.418610000000001],[73.809370000000001,18.41818],[73.809039999999996,18.41732],[73.808909999999997,18.416399999999999],[73.809520000000006,18.41497],[73.811220000000006,18.411670000000001],[73.81156,18.411539999999999],[73.811570000000003,18.411269999999998],[73.811930000000004,18.411059999999999],[73.811989999999994,18.410509999999999],[73.812579999999997,18.40953],[73.816149999999993,18.408619999999999],[73.817160000000001,18.407360000000001],[73.818089999999998,18.407119999999999],[73.818290000000005,18.406759999999998],[73.818830000000005,18.40663],[73.821340000000006,18.40372],[73.822779999999995,18.397929999999999],[73.824579999999997,18.39498],[73.823660000000004,18.391909999999999],[73.828860000000006,18.390039999999999],[73.830669999999998,18.390229999999999],[73.83175,18.392880000000002],[73.832160000000002,18.39303],[73.836920000000006,18.394500000000001],[73.838369999999998,18.39517],[73.847089999999994,18.399100000000001],[73.851020000000005,18.401859999999999],[73.850480000000005,18.40239],[73.850009999999997,18.404630000000001],[73.849010000000007,18.409120000000001],[73.84881,18.409880000000001],[73.847669999999994,18.413160000000001],[73.847830000000002,18.413979999999999],[73.847920000000002,18.416820000000001],[73.847819999999999,18.417439999999999],[73.84778,18.419170000000001],[73.847989999999996,18.4193],[73.848389999999995,18.41958],[73.848709999999997,18.419879999999999],[73.849149999999995,18.420850000000002],[73.849549999999994,18.421749999999999],[73.850129999999993,18.423249999999999],[73.848799999999997,18.424040000000002],[73.848619999999997,18.42407],[73.848230000000001,18.424150000000001],[73.847539999999995,18.424440000000001],[73.847489999999993,18.424790000000002],[73.847200000000001,18.425139999999999],[73.846609999999998,18.425709999999999],[73.846559999999997,18.426069999999999],[73.846000000000004,18.426459999999999],[73.844120000000004,18.427759999999999],[73.842420000000004,18.429310000000001],[73.842389999999995,18.429539999999999],[73.842749999999995,18.430160000000001],[73.843490000000003,18.431640000000002],[73.843639999999994,18.432130000000001],[73.843590000000006,18.43262],[73.843590000000006,18.432849999999998],[73.843879999999999,18.433779999999999],[73.844070000000002,18.434560000000001],[73.844369999999998,18.435099999999998],[73.845219999999998,18.435880000000001],[73.846130000000002,18.436540000000001],[73.846260000000001,18.437539999999998],[73.846410000000006,18.438330000000001],[73.846670000000003,18.43948],[73.846950000000007,18.440180000000002],[73.846419999999995,18.44021],[73.846450000000004,18.4404],[73.846720000000005,18.4406],[73.846180000000004,18.440740000000002],[73.845699999999994,18.440819999999999],[73.845609999999994,18.441009999999999],[73.845349999999996,18.441109999999998],[73.845050000000001,18.441289999999999],[73.844840000000005,18.441590000000001],[73.844560000000001,18.441949999999999],[73.844549999999998,18.442219999999999],[73.844390000000004,18.442589999999999],[73.844390000000004,18.443049999999999],[73.845410000000001,18.443650000000002],[73.845799999999997,18.44361],[73.845759999999999,18.442689999999999],[73.846509999999995,18.442460000000001],[73.84742,18.442430000000002],[73.847740000000002,18.443719999999999],[73.847949999999997,18.443960000000001],[73.848200000000006,18.444410000000001],[73.848420000000004,18.44483],[73.84872,18.445679999999999],[73.848820000000003,18.446079999999998],[73.848820000000003,18.446580000000001],[73.848889999999997,18.447240000000001],[73.849140000000006,18.448149999999998],[73.849530000000001,18.44988],[73.849969999999999,18.449919999999999],[73.851079999999996,18.44988],[73.852000000000004,18.449770000000001],[73.852050000000006,18.450099999999999],[73.850710000000007,18.450510000000001],[73.847250000000003,18.451499999999999]]]},"properties":{"FID":52,"wardnum":54,"origin":"http://www.pmc.gov.in/sites/default/files/final_ward_maps/54_F_Ward.pdf","Name1":"54 Dhayari - Ambegaon","Name2":"Dhayari - Ambegaon"}},{"type":"Feature","id":53,"geometry":{"type":"Polygon","coordinates":[[[73.852509999999995,18.468340000000001],[73.852320000000006,18.468330000000002],[73.852109999999996,18.468260000000001],[73.851900000000001,18.468109999999999],[73.851709999999997,18.467829999999999],[73.850719999999995,18.467829999999999],[73.850380000000001,18.468],[73.850160000000002,18.468330000000002],[73.849980000000002,18.468399999999999],[73.84975,18.46837],[73.849379999999996,18.468340000000001],[73.849029999999999,18.46837],[73.848749999999995,18.468399999999999],[73.847970000000004,18.46856],[73.847369999999998,18.468579999999999],[73.846869999999996,18.46856],[73.846530000000001,18.468630000000001],[73.8459,18.46857],[73.845169999999996,18.468489999999999],[73.844819999999999,18.468409999999999],[73.845089999999999,18.467279999999999],[73.84554,18.465219999999999],[73.844579999999993,18.465039999999998],[73.84196,18.464790000000001],[73.842070000000007,18.463989999999999],[73.842140000000001,18.463889999999999],[73.842299999999994,18.463080000000001],[73.839920000000006,18.46293],[73.838920000000002,18.464700000000001],[73.837450000000004,18.464749999999999],[73.837310000000002,18.464829999999999],[73.837059999999994,18.464980000000001],[73.83699,18.465119999999999],[73.836590000000001,18.465450000000001],[73.835130000000007,18.465479999999999],[73.834879999999998,18.465019999999999],[73.834710000000001,18.464980000000001],[73.834050000000005,18.464960000000001],[73.832949999999997,18.464980000000001],[73.83202,18.464829999999999],[73.831519999999998,18.464279999999999],[73.831419999999994,18.462710000000001],[73.831360000000004,18.46238],[73.831360000000004,18.46161],[73.830290000000005,18.46181],[73.828800000000001,18.461760000000002],[73.828090000000003,18.461670000000002],[73.82799,18.461729999999999],[73.827809999999999,18.461790000000001],[73.827340000000007,18.46171],[73.826800000000006,18.461490000000001],[73.825749999999999,18.461130000000001],[73.825199999999995,18.461010000000002],[73.82423,18.46068],[73.823139999999995,18.460349999999998],[73.822509999999994,18.46022],[73.820049999999995,18.459859999999999],[73.819410000000005,18.45973],[73.817170000000004,18.45927],[73.816839999999999,18.45927],[73.81653,18.45917],[73.816119999999998,18.45909],[73.815770000000001,18.459099999999999],[73.815479999999994,18.459109999999999],[73.815119999999993,18.45917],[73.814210000000003,18.459109999999999],[73.813869999999994,18.459129999999998],[73.813640000000007,18.45928],[73.813490000000002,18.459299999999999],[73.813509999999994,18.459150000000001],[73.813599999999994,18.459009999999999],[73.813640000000007,18.4588],[73.813749999999999,18.45872],[73.813779999999994,18.458580000000001],[73.813869999999994,18.458259999999999],[73.814610000000002,18.45805],[73.815290000000005,18.45786],[73.8155,18.45758],[73.816400000000002,18.457280000000001],[73.816699999999997,18.456990000000001],[73.817009999999996,18.456520000000001],[73.81729,18.456440000000001],[73.81747,18.455929999999999],[73.817819999999998,18.455220000000001],[73.818169999999995,18.454190000000001],[73.8185,18.453299999999999],[73.818830000000005,18.453340000000001],[73.819739999999996,18.453499999999998],[73.819699999999997,18.45373],[73.820329999999998,18.453769999999999],[73.820549999999997,18.453620000000001],[73.821610000000007,18.45356],[73.822670000000002,18.45356],[73.823759999999993,18.45318],[73.824669999999998,18.453530000000001],[73.825180000000003,18.453769999999999],[73.825749999999999,18.453810000000001],[73.826660000000004,18.453489999999999],[73.827349999999996,18.453240000000001],[73.827920000000006,18.453140000000001],[73.828569999999999,18.45307],[73.828909999999993,18.453099999999999],[73.828969999999998,18.45317],[73.828779999999995,18.453420000000001],[73.828519999999997,18.453659999999999],[73.828059999999994,18.454319999999999],[73.828329999999994,18.455249999999999],[73.828670000000002,18.455929999999999],[73.828710000000001,18.456209999999999],[73.828670000000002,18.456530000000001],[73.828389999999999,18.456499999999998],[73.828090000000003,18.456710000000001],[73.827370000000002,18.457350000000002],[73.826779999999999,18.457750000000001],[73.825860000000006,18.45825],[73.825959999999995,18.45851],[73.827380000000005,18.457909999999998],[73.82893,18.457260000000002],[73.830889999999997,18.45654],[73.836659999999995,18.454660000000001],[73.839640000000003,18.453700000000001],[73.842370000000003,18.452940000000002],[73.846320000000006,18.45177],[73.847250000000003,18.451499999999999],[73.847369999999998,18.452380000000002],[73.847489999999993,18.453109999999999],[73.848079999999996,18.453119999999998],[73.848079999999996,18.453610000000001],[73.848100000000002,18.45373],[73.848190000000002,18.453800000000001],[73.848219999999998,18.453779999999998],[73.848269999999999,18.453720000000001],[73.848519999999994,18.453690000000002],[73.849410000000006,18.453669999999999],[73.849329999999995,18.454070000000002],[73.849119999999999,18.455939999999998],[73.849249999999998,18.456019999999999],[73.849580000000003,18.45628],[73.849609999999998,18.456379999999999],[73.849590000000006,18.45654],[73.849609999999998,18.456630000000001],[73.850160000000002,18.456980000000001],[73.850200000000001,18.457049999999999],[73.850210000000004,18.457470000000001],[73.850430000000003,18.458120000000001],[73.850440000000006,18.458580000000001],[73.850499999999997,18.458739999999999],[73.850999999999999,18.459389999999999],[73.851070000000007,18.459579999999999],[73.851079999999996,18.45984],[73.850939999999994,18.45993],[73.850710000000007,18.460159999999998],[73.850560000000002,18.4604],[73.850260000000006,18.460270000000001],[73.848950000000002,18.460270000000001],[73.848489999999998,18.46011],[73.847620000000006,18.45974],[73.847170000000006,18.459520000000001],[73.847059999999999,18.459520000000001],[73.846819999999994,18.45946],[73.846400000000003,18.459320000000002],[73.845920000000007,18.459150000000001],[73.845849999999999,18.459610000000001],[73.845770000000002,18.460619999999999],[73.845770000000002,18.460889999999999],[73.845820000000003,18.461010000000002],[73.845950000000002,18.461079999999999],[73.846050000000005,18.461130000000001],[73.846090000000004,18.461210000000001],[73.846100000000007,18.461659999999998],[73.846059999999994,18.462240000000001],[73.845950000000002,18.462759999999999],[73.845860000000002,18.463190000000001],[73.845740000000006,18.46369],[73.84599,18.46369],[73.846249999999998,18.46358],[73.847139999999996,18.463190000000001],[73.847790000000003,18.462890000000002],[73.848699999999994,18.46255],[73.848560000000006,18.463249999999999],[73.848479999999995,18.463480000000001],[73.848339999999993,18.463920000000002],[73.848330000000004,18.464739999999999],[73.84863,18.464860000000002],[73.848849999999999,18.464970000000001],[73.849400000000003,18.465170000000001],[73.849440000000001,18.465240000000001],[73.849419999999995,18.46574],[73.849469999999997,18.46576],[73.850359999999995,18.465330000000002],[73.850610000000003,18.465350000000001],[73.851370000000003,18.465430000000001],[73.851659999999995,18.46555],[73.851889999999997,18.465710000000001],[73.852189999999993,18.46602],[73.852220000000003,18.46611],[73.852230000000006,18.466329999999999],[73.852239999999995,18.46641],[73.852279999999993,18.466529999999999],[73.852270000000004,18.46669],[73.852249999999998,18.466899999999999],[73.852270000000004,18.467610000000001],[73.852360000000004,18.46791],[73.852459999999994,18.468229999999998],[73.852509999999995,18.468340000000001]]]},"properties":{"FID":53,"wardnum":55,"origin":"http://www.pmc.gov.in/sites/default/files/final_ward_maps/55_F_Ward.pdf","Name1":"55 Dhankawadi - Ambegaon Pathar","Name2":"Dhankawadi - Ambegaon Pathar"}},{"type":"Feature","id":54,"geometry":{"type":"Polygon","coordinates":[[[73.857740000000007,18.46837],[73.857309999999998,18.468309999999999],[73.856830000000002,18.46827],[73.855930000000001,18.468219999999999],[73.855019999999996,18.46809],[73.853390000000005,18.467949999999998],[73.853229999999996,18.468060000000001],[73.852869999999996,18.46847],[73.852630000000005,18.468350000000001],[73.852509999999995,18.468340000000001],[73.852459999999994,18.468229999999998],[73.852360000000004,18.46791],[73.852270000000004,18.467610000000001],[73.852249999999998,18.466899999999999],[73.852270000000004,18.46669],[73.852279999999993,18.466529999999999],[73.852239999999995,18.46641],[73.852230000000006,18.466329999999999],[73.852220000000003,18.46611],[73.852189999999993,18.46602],[73.851889999999997,18.465710000000001],[73.851659999999995,18.46555],[73.851370000000003,18.465430000000001],[73.850610000000003,18.465350000000001],[73.850359999999995,18.465330000000002],[73.849469999999997,18.46576],[73.849419999999995,18.46574],[73.849440000000001,18.465240000000001],[73.849400000000003,18.465170000000001],[73.848849999999999,18.464970000000001],[73.84863,18.464860000000002],[73.848330000000004,18.464739999999999],[73.848339999999993,18.463920000000002],[73.848479999999995,18.463480000000001],[73.848560000000006,18.463249999999999],[73.848699999999994,18.46255],[73.847790000000003,18.462890000000002],[73.847139999999996,18.463190000000001],[73.846249999999998,18.46358],[73.84599,18.46369],[73.845740000000006,18.46369],[73.845860000000002,18.463190000000001],[73.845950000000002,18.462759999999999],[73.846059999999994,18.462240000000001],[73.846100000000007,18.461659999999998],[73.846090000000004,18.461210000000001],[73.846050000000005,18.461130000000001],[73.845950000000002,18.461079999999999],[73.845820000000003,18.461010000000002],[73.845770000000002,18.460889999999999],[73.845770000000002,18.460619999999999],[73.845849999999999,18.459610000000001],[73.845920000000007,18.459150000000001],[73.846400000000003,18.459320000000002],[73.846819999999994,18.45946],[73.847059999999999,18.459520000000001],[73.847170000000006,18.459520000000001],[73.847620000000006,18.45974],[73.848489999999998,18.46011],[73.848950000000002,18.460270000000001],[73.850260000000006,18.460270000000001],[73.850560000000002,18.4604],[73.850710000000007,18.460159999999998],[73.850939999999994,18.45993],[73.851079999999996,18.45984],[73.851070000000007,18.459579999999999],[73.850999999999999,18.459389999999999],[73.850499999999997,18.458739999999999],[73.850440000000006,18.458580000000001],[73.850430000000003,18.458120000000001],[73.850210000000004,18.457470000000001],[73.850200000000001,18.457049999999999],[73.850160000000002,18.456980000000001],[73.849609999999998,18.456630000000001],[73.849590000000006,18.45654],[73.849609999999998,18.456379999999999],[73.849580000000003,18.45628],[73.849249999999998,18.456019999999999],[73.849119999999999,18.455939999999998],[73.849329999999995,18.454070000000002],[73.849410000000006,18.453669999999999],[73.848519999999994,18.453690000000002],[73.848269999999999,18.453720000000001],[73.848219999999998,18.453779999999998],[73.848190000000002,18.453800000000001],[73.848100000000002,18.45373],[73.848079999999996,18.453610000000001],[73.848079999999996,18.453119999999998],[73.847489999999993,18.453109999999999],[73.847369999999998,18.452380000000002],[73.847250000000003,18.451499999999999],[73.850710000000007,18.450510000000001],[73.852050000000006,18.450099999999999],[73.85239,18.450050000000001],[73.856049999999996,18.448979999999999],[73.857240000000004,18.448630000000001],[73.858549999999994,18.448149999999998],[73.858410000000006,18.448509999999999],[73.858289999999997,18.44913],[73.858189999999993,18.449919999999999],[73.858130000000003,18.450489999999999],[73.858059999999995,18.451029999999999],[73.858059999999995,18.451180000000001],[73.858109999999996,18.451450000000001],[73.85839,18.453389999999999],[73.85848,18.453869999999998],[73.858609999999999,18.45468],[73.85866,18.455030000000001],[73.85866,18.45533],[73.858630000000005,18.455629999999999],[73.858559999999997,18.456050000000001],[73.858419999999995,18.45682],[73.8583,18.457419999999999],[73.85821,18.457850000000001],[73.85812,18.458220000000001],[73.858040000000003,18.458649999999999],[73.857990000000001,18.459],[73.858000000000004,18.460149999999999],[73.858050000000006,18.460349999999998],[73.858059999999995,18.46058],[73.858159999999998,18.462389999999999],[73.858199999999997,18.463280000000001],[73.858189999999993,18.464200000000002],[73.85812,18.464960000000001],[73.858019999999996,18.465890000000002],[73.857960000000006,18.466619999999999],[73.857870000000005,18.467459999999999],[73.857740000000007,18.46837]]]},"properties":{"FID":54,"wardnum":56,"origin":"http://www.pmc.gov.in/sites/default/files/final_ward_maps/56_F_Ward.pdf","Name1":"56 Chaitanyanagar - Bharati Vidyapeeth","Name2":"Chaitanyanagar - Bharati Vidyapeeth"}},{"type":"Feature","id":55,"geometry":{"type":"Polygon","coordinates":[[[73.877809999999997,18.461269999999999],[73.877709999999993,18.46125],[73.876149999999996,18.46123],[73.874740000000003,18.46124],[73.873159999999999,18.46124],[73.872450000000001,18.461220000000001],[73.871629999999996,18.461189999999998],[73.871030000000005,18.461169999999999],[73.870660000000001,18.46114],[73.870469999999997,18.461120000000001],[73.870239999999995,18.461089999999999],[73.870050000000006,18.461069999999999],[73.869619999999998,18.461040000000001],[73.868880000000004,18.461010000000002],[73.868200000000002,18.461010000000002],[73.867649999999998,18.461069999999999],[73.867270000000005,18.461120000000001],[73.86694,18.461179999999999],[73.866759999999999,18.461210000000001],[73.866630000000001,18.46125],[73.866479999999996,18.461300000000001],[73.866380000000007,18.461349999999999],[73.866309999999999,18.46143],[73.865719999999996,18.462070000000001],[73.865350000000007,18.462479999999999],[73.86524,18.462710000000001],[73.865080000000006,18.463159999999998],[73.865409999999997,18.463249999999999],[73.865729999999999,18.46331],[73.865920000000003,18.46331],[73.866159999999994,18.463329999999999],[73.866439999999997,18.463339999999999],[73.866770000000002,18.463370000000001],[73.867320000000007,18.463419999999999],[73.867329999999995,18.464040000000001],[73.867350000000002,18.46424],[73.867440000000002,18.464369999999999],[73.867599999999996,18.464479999999998],[73.867769999999993,18.464549999999999],[73.867639999999994,18.464590000000001],[73.866600000000005,18.464790000000001],[73.866249999999994,18.464839999999999],[73.865250000000003,18.464860000000002],[73.864689999999996,18.464839999999999],[73.864639999999994,18.465679999999999],[73.864630000000005,18.466550000000002],[73.864620000000002,18.466670000000001],[73.864570000000001,18.466919999999998],[73.86448,18.466889999999999],[73.863740000000007,18.46687],[73.863140000000001,18.466809999999999],[73.862369999999999,18.466670000000001],[73.861829999999998,18.46658],[73.861429999999999,18.466529999999999],[73.861440000000002,18.466449999999998],[73.861549999999994,18.466100000000001],[73.861609999999999,18.46594],[73.861739999999998,18.465699999999998],[73.861879999999999,18.465389999999999],[73.861919999999998,18.465150000000001],[73.861990000000006,18.464880000000001],[73.862099999999998,18.464479999999998],[73.862189999999998,18.464289999999998],[73.86233,18.464179999999999],[73.862799999999993,18.463619999999999],[73.862909999999999,18.4633],[73.863039999999998,18.462710000000001],[73.863150000000005,18.462129999999998],[73.86318,18.461829999999999],[73.863290000000006,18.461659999999998],[73.863370000000003,18.46152],[73.863299999999995,18.460380000000001],[73.863339999999994,18.46031],[73.863420000000005,18.460039999999999],[73.863420000000005,18.45984],[73.863410000000002,18.45966],[73.863079999999997,18.459289999999999],[73.862899999999996,18.459420000000001],[73.862889999999993,18.459379999999999],[73.862719999999996,18.459199999999999],[73.862710000000007,18.458390000000001],[73.862809999999996,18.458120000000001],[73.863,18.45786],[73.86309,18.457640000000001],[73.863069999999993,18.45721],[73.862949999999998,18.456810000000001],[73.862780000000001,18.456610000000001],[73.864369999999994,18.455680000000001],[73.865070000000003,18.455290000000002],[73.864170000000001,18.453859999999999],[73.863799999999998,18.45318],[73.86309,18.45149],[73.862759999999994,18.450220000000002],[73.862830000000002,18.449470000000002],[73.863200000000006,18.448910000000001],[73.863749999999996,18.448340000000002],[73.863929999999996,18.4482],[73.864009999999993,18.44811],[73.863950000000003,18.44717],[73.863759999999999,18.446480000000001],[73.863740000000007,18.446300000000001],[73.863889999999998,18.445910000000001],[73.864050000000006,18.445589999999999],[73.864189999999994,18.445219999999999],[73.864220000000003,18.44472],[73.864239999999995,18.444189999999999],[73.864220000000003,18.44389],[73.864059999999995,18.443680000000001],[73.863690000000005,18.443249999999999],[73.863510000000005,18.44303],[73.863349999999997,18.442889999999998],[73.863079999999997,18.44238],[73.862390000000005,18.440940000000001],[73.861869999999996,18.439979999999998],[73.861339999999998,18.439150000000001],[73.861540000000005,18.438110000000002],[73.861649999999997,18.43731],[73.861660000000001,18.43685],[73.861630000000005,18.436610000000002],[73.861490000000003,18.436419999999998],[73.861369999999994,18.436219999999999],[73.861320000000006,18.436070000000001],[73.861310000000003,18.435690000000001],[73.861360000000005,18.435590000000001],[73.86215,18.435590000000001],[73.863010000000003,18.43535],[73.863060000000004,18.43488],[73.86318,18.43441],[73.86327,18.434380000000001],[73.864289999999997,18.434460000000001],[73.864549999999994,18.43374],[73.864670000000004,18.433579999999999],[73.864890000000003,18.43338],[73.865290000000002,18.432289999999998],[73.866420000000005,18.432469999999999],[73.866420000000005,18.43272],[73.867549999999994,18.432980000000001],[73.867440000000002,18.433160000000001],[73.867379999999997,18.433530000000001],[73.867419999999996,18.434170000000002],[73.867509999999996,18.434699999999999],[73.867699999999999,18.435020000000002],[73.867810000000006,18.435089999999999],[73.868399999999994,18.435179999999999],[73.868449999999996,18.435320000000001],[73.868510000000001,18.435410000000001],[73.868880000000004,18.435449999999999],[73.868939999999995,18.43591],[73.869119999999995,18.436530000000001],[73.869159999999994,18.43694],[73.869249999999994,18.437249999999999],[73.869519999999994,18.437570000000001],[73.869479999999996,18.438780000000001],[73.869439999999997,18.439070000000001],[73.869380000000007,18.439399999999999],[73.869389999999996,18.439450000000001],[73.869680000000002,18.439430000000002],[73.869560000000007,18.439599999999999],[73.869560000000007,18.439710000000002],[73.869569999999996,18.440079999999998],[73.869510000000005,18.44023],[73.869320000000002,18.440580000000001],[73.86909,18.440760000000001],[73.868809999999996,18.441020000000002],[73.868520000000004,18.441279999999999],[73.868250000000003,18.441459999999999],[73.86797,18.441579999999998],[73.867639999999994,18.441749999999999],[73.867500000000007,18.4419],[73.867369999999994,18.441980000000001],[73.86739,18.442270000000001],[73.867570000000001,18.442340000000002],[73.867779999999996,18.44237],[73.867800000000003,18.442509999999999],[73.867649999999998,18.44295],[73.867649999999998,18.443280000000001],[73.867810000000006,18.443490000000001],[73.86788,18.443629999999999],[73.867840000000001,18.44435],[73.867750000000001,18.44455],[73.867739999999998,18.44482],[73.867810000000006,18.44614],[73.867540000000005,18.446100000000001],[73.867609999999999,18.446660000000001],[73.867670000000004,18.446860000000001],[73.867670000000004,18.448340000000002],[73.868170000000006,18.448440000000002],[73.868709999999993,18.448599999999999],[73.869259999999997,18.448820000000001],[73.869799999999998,18.449059999999999],[73.870429999999999,18.449349999999999],[73.871049999999997,18.4496],[73.871480000000005,18.449719999999999],[73.871979999999994,18.449760000000001],[73.872879999999995,18.44969],[73.873679999999993,18.449680000000001],[73.874279999999999,18.44979],[73.874380000000002,18.449829999999999],[73.874250000000004,18.45119],[73.87388,18.454450000000001],[73.873779999999996,18.454470000000001],[73.873720000000006,18.455880000000001],[73.873580000000004,18.456520000000001],[73.874859999999998,18.456589999999998],[73.875110000000006,18.45675],[73.87527,18.456759999999999],[73.875529999999998,18.45674],[73.875489999999999,18.45795],[73.876019999999997,18.457989999999999],[73.878079999999997,18.45814],[73.877840000000006,18.45992],[73.877790000000005,18.46097],[73.877809999999997,18.461269999999999]]]},"properties":{"FID":55,"wardnum":57,"origin":"http://www.pmc.gov.in/sites/default/files/final_ward_maps/57_F_Ward.pdf","Name1":"57 Sukhsagarnagar - Rajiv Gandhinagar","Name2":"Sukhsagarnagar - Rajiv Gandhinagar"}},{"type":"Feature","id":56,"geometry":{"type":"Polygon","coordinates":[[[73.862899999999996,18.459420000000001],[73.862799999999993,18.459489999999999],[73.862780000000001,18.45956],[73.862719999999996,18.459810000000001],[73.862669999999994,18.45984],[73.861789999999999,18.45993],[73.860919999999993,18.46001],[73.859920000000002,18.460039999999999],[73.859819999999999,18.460100000000001],[73.859729999999999,18.460249999999998],[73.859589999999997,18.460280000000001],[73.859139999999996,18.460319999999999],[73.858590000000007,18.460370000000001],[73.858050000000006,18.460349999999998],[73.858000000000004,18.460149999999999],[73.857990000000001,18.459],[73.858040000000003,18.458649999999999],[73.85812,18.458220000000001],[73.85821,18.457850000000001],[73.8583,18.457419999999999],[73.858419999999995,18.45682],[73.858559999999997,18.456050000000001],[73.858630000000005,18.455629999999999],[73.85866,18.45533],[73.85866,18.455030000000001],[73.858609999999999,18.45468],[73.85848,18.453869999999998],[73.85839,18.453389999999999],[73.858109999999996,18.451450000000001],[73.858059999999995,18.451180000000001],[73.858059999999995,18.451029999999999],[73.858130000000003,18.450489999999999],[73.858189999999993,18.449919999999999],[73.858289999999997,18.44913],[73.858410000000006,18.448509999999999],[73.858549999999994,18.448149999999998],[73.857240000000004,18.448630000000001],[73.856049999999996,18.448979999999999],[73.85239,18.450050000000001],[73.852050000000006,18.450099999999999],[73.852000000000004,18.449770000000001],[73.851079999999996,18.44988],[73.849969999999999,18.449919999999999],[73.849530000000001,18.44988],[73.849140000000006,18.448149999999998],[73.848889999999997,18.447240000000001],[73.848820000000003,18.446580000000001],[73.848820000000003,18.446079999999998],[73.84872,18.445679999999999],[73.848420000000004,18.44483],[73.848200000000006,18.444410000000001],[73.847949999999997,18.443960000000001],[73.847740000000002,18.443719999999999],[73.84742,18.442430000000002],[73.846509999999995,18.442460000000001],[73.845759999999999,18.442689999999999],[73.845799999999997,18.44361],[73.845410000000001,18.443650000000002],[73.844390000000004,18.443049999999999],[73.844390000000004,18.442589999999999],[73.844549999999998,18.442219999999999],[73.844560000000001,18.441949999999999],[73.844840000000005,18.441590000000001],[73.845050000000001,18.441289999999999],[73.845349999999996,18.441109999999998],[73.845609999999994,18.441009999999999],[73.845699999999994,18.440819999999999],[73.846180000000004,18.440740000000002],[73.846720000000005,18.4406],[73.846450000000004,18.4404],[73.846419999999995,18.44021],[73.846950000000007,18.440180000000002],[73.846670000000003,18.43948],[73.846410000000006,18.438330000000001],[73.846260000000001,18.437539999999998],[73.846130000000002,18.436540000000001],[73.845219999999998,18.435880000000001],[73.844369999999998,18.435099999999998],[73.844070000000002,18.434560000000001],[73.843879999999999,18.433779999999999],[73.843590000000006,18.432849999999998],[73.843590000000006,18.43262],[73.843639999999994,18.432130000000001],[73.843490000000003,18.431640000000002],[73.842749999999995,18.430160000000001],[73.842389999999995,18.429539999999999],[73.842420000000004,18.429310000000001],[73.844120000000004,18.427759999999999],[73.846000000000004,18.426459999999999],[73.846559999999997,18.426069999999999],[73.846609999999998,18.425709999999999],[73.847200000000001,18.425139999999999],[73.847489999999993,18.424790000000002],[73.847539999999995,18.424440000000001],[73.848230000000001,18.424150000000001],[73.848619999999997,18.42407],[73.848799999999997,18.424040000000002],[73.850129999999993,18.423249999999999],[73.849549999999994,18.421749999999999],[73.849149999999995,18.420850000000002],[73.848709999999997,18.419879999999999],[73.848389999999995,18.41958],[73.847989999999996,18.4193],[73.84778,18.419170000000001],[73.847819999999999,18.417439999999999],[73.847920000000002,18.416820000000001],[73.847830000000002,18.413979999999999],[73.847669999999994,18.413160000000001],[73.84881,18.409880000000001],[73.849010000000007,18.409120000000001],[73.850009999999997,18.404630000000001],[73.850480000000005,18.40239],[73.851020000000005,18.401859999999999],[73.851519999999994,18.401869999999999],[73.859819999999999,18.40081],[73.866039999999998,18.39911],[73.86918,18.400410000000001],[73.872100000000003,18.40062],[73.872969999999995,18.397290000000002],[73.876099999999994,18.396350000000002],[73.877009999999999,18.395250000000001],[73.883279999999999,18.401260000000001],[73.885720000000006,18.4011],[73.889960000000002,18.405639999999998],[73.890929999999997,18.407979999999998],[73.891720000000007,18.409379999999999],[73.89085,18.410329999999998],[73.889409999999998,18.411819999999999],[73.889099999999999,18.412700000000001],[73.888319999999993,18.415230000000001],[73.888000000000005,18.415590000000002],[73.885450000000006,18.418569999999999],[73.883229999999998,18.421230000000001],[73.882769999999994,18.422080000000001],[73.88261,18.42258],[73.882350000000002,18.423390000000001],[73.881249999999994,18.425249999999998],[73.880989999999997,18.426120000000001],[73.88073,18.427019999999999],[73.879090000000005,18.428509999999999],[73.879540000000006,18.428809999999999],[73.879769999999994,18.429449999999999],[73.880110000000002,18.430350000000001],[73.880949999999999,18.431930000000001],[73.881339999999994,18.432790000000001],[73.881429999999995,18.43319],[73.881450000000001,18.433489999999999],[73.881559999999993,18.433810000000001],[73.881559999999993,18.43441],[73.881590000000003,18.43468],[73.88176,18.43524],[73.88176,18.435500000000001],[73.88185,18.43703],[73.881810000000002,18.43721],[73.880899999999997,18.437889999999999],[73.880579999999995,18.438189999999999],[73.880189999999999,18.438210000000002],[73.878280000000004,18.438389999999998],[73.87809,18.439299999999999],[73.878020000000006,18.439630000000001],[73.877139999999997,18.44218],[73.877260000000007,18.443010000000001],[73.877229999999997,18.443210000000001],[73.876890000000003,18.444099999999999],[73.877560000000003,18.44434],[73.877650000000003,18.444379999999999],[73.877560000000003,18.44462],[73.876900000000006,18.445959999999999],[73.8767,18.44659],[73.876130000000003,18.446560000000002],[73.875780000000006,18.44773],[73.875510000000006,18.448730000000001],[73.875330000000005,18.449999999999999],[73.875219999999999,18.44999],[73.874380000000002,18.449829999999999],[73.874279999999999,18.44979],[73.873679999999993,18.449680000000001],[73.872879999999995,18.44969],[73.871979999999994,18.449760000000001],[73.871480000000005,18.449719999999999],[73.871049999999997,18.4496],[73.870429999999999,18.449349999999999],[73.869799999999998,18.449059999999999],[73.869259999999997,18.448820000000001],[73.868709999999993,18.448599999999999],[73.868170000000006,18.448440000000002],[73.867670000000004,18.448340000000002],[73.867670000000004,18.446860000000001],[73.867609999999999,18.446660000000001],[73.867540000000005,18.446100000000001],[73.867810000000006,18.44614],[73.867739999999998,18.44482],[73.867750000000001,18.44455],[73.867840000000001,18.44435],[73.86788,18.443629999999999],[73.867810000000006,18.443490000000001],[73.867649999999998,18.443280000000001],[73.867649999999998,18.44295],[73.867800000000003,18.442509999999999],[73.867779999999996,18.44237],[73.867570000000001,18.442340000000002],[73.86739,18.442270000000001],[73.867369999999994,18.441980000000001],[73.867500000000007,18.4419],[73.867639999999994,18.441749999999999],[73.86797,18.441579999999998],[73.868250000000003,18.441459999999999],[73.868520000000004,18.441279999999999],[73.868809999999996,18.441020000000002],[73.86909,18.440760000000001],[73.869320000000002,18.440580000000001],[73.869510000000005,18.44023],[73.869569999999996,18.440079999999998],[73.869560000000007,18.439710000000002],[73.869560000000007,18.439599999999999],[73.869680000000002,18.439430000000002],[73.869389999999996,18.439450000000001],[73.869380000000007,18.439399999999999],[73.869439999999997,18.439070000000001],[73.869479999999996,18.438780000000001],[73.869519999999994,18.437570000000001],[73.869249999999994,18.437249999999999],[73.869159999999994,18.43694],[73.869119999999995,18.436530000000001],[73.868939999999995,18.43591],[73.868880000000004,18.435449999999999],[73.868510000000001,18.435410000000001],[73.868449999999996,18.435320000000001],[73.868399999999994,18.435179999999999],[73.867810000000006,18.435089999999999],[73.867699999999999,18.435020000000002],[73.867509999999996,18.434699999999999],[73.867419999999996,18.434170000000002],[73.867379999999997,18.433530000000001],[73.867440000000002,18.433160000000001],[73.867549999999994,18.432980000000001],[73.866420000000005,18.43272],[73.866420000000005,18.432469999999999],[73.865290000000002,18.432289999999998],[73.864890000000003,18.43338],[73.864670000000004,18.433579999999999],[73.864549999999994,18.43374],[73.864289999999997,18.434460000000001],[73.86327,18.434380000000001],[73.86318,18.43441],[73.863060000000004,18.43488],[73.863010000000003,18.43535],[73.86215,18.435590000000001],[73.861360000000005,18.435590000000001],[73.861310000000003,18.435690000000001],[73.861320000000006,18.436070000000001],[73.861369999999994,18.436219999999999],[73.861490000000003,18.436419999999998],[73.861630000000005,18.436610000000002],[73.861660000000001,18.43685],[73.861649999999997,18.43731],[73.861540000000005,18.438110000000002],[73.861339999999998,18.439150000000001],[73.861869999999996,18.439979999999998],[73.862390000000005,18.440940000000001],[73.863079999999997,18.44238],[73.863349999999997,18.442889999999998],[73.863510000000005,18.44303],[73.863690000000005,18.443249999999999],[73.864059999999995,18.443680000000001],[73.864220000000003,18.44389],[73.864239999999995,18.444189999999999],[73.864220000000003,18.44472],[73.864189999999994,18.445219999999999],[73.864050000000006,18.445589999999999],[73.863889999999998,18.445910000000001],[73.863740000000007,18.446300000000001],[73.863759999999999,18.446480000000001],[73.863950000000003,18.44717],[73.864009999999993,18.44811],[73.863929999999996,18.4482],[73.863749999999996,18.448340000000002],[73.863200000000006,18.448910000000001],[73.862830000000002,18.449470000000002],[73.862759999999994,18.450220000000002],[73.86309,18.45149],[73.863799999999998,18.45318],[73.864170000000001,18.453859999999999],[73.865070000000003,18.455290000000002],[73.864369999999994,18.455680000000001],[73.862780000000001,18.456610000000001],[73.862949999999998,18.456810000000001],[73.863069999999993,18.45721],[73.86309,18.457640000000001],[73.863,18.45786],[73.862809999999996,18.458120000000001],[73.862710000000007,18.458390000000001],[73.862719999999996,18.459199999999999],[73.862889999999993,18.459379999999999],[73.862899999999996,18.459420000000001]]]},"properties":{"FID":56,"wardnum":58,"origin":"http://www.pmc.gov.in/sites/default/files/final_ward_maps/58_F_Ward.pdf","Name1":"58 Katraj - Gokulnagar","Name2":"Katraj - Gokulnagar"}},{"type":"Feature","id":57,"geometry":{"type":"Polygon","coordinates":[[[73.868639999999999,18.51539],[73.868319999999997,18.515429999999999],[73.867170000000002,18.5154],[73.86542,18.515450000000001],[73.864869999999996,18.515450000000001],[73.864840000000001,18.5153],[73.864919999999998,18.51502],[73.865070000000003,18.51474],[73.865129999999994,18.51463],[73.865139999999997,18.514230000000001],[73.865139999999997,18.51397],[73.865070000000003,18.51379],[73.864779999999996,18.51332],[73.864540000000005,18.512810000000002],[73.864350000000002,18.512429999999998],[73.86403,18.512519999999999],[73.863370000000003,18.512910000000002],[73.863200000000006,18.51295],[73.862960000000001,18.513010000000001],[73.862579999999994,18.513069999999999],[73.861959999999996,18.513120000000001],[73.861419999999995,18.513179999999998],[73.861310000000003,18.51323],[73.861009999999993,18.513249999999999],[73.860420000000005,18.513200000000001],[73.860079999999996,18.513100000000001],[73.859719999999996,18.51295],[73.858710000000002,18.512869999999999],[73.85839,18.512799999999999],[73.857650000000007,18.512689999999999],[73.857709999999997,18.512440000000002],[73.857810000000001,18.512170000000001],[73.857870000000005,18.511900000000001],[73.857889999999998,18.511399999999998],[73.857929999999996,18.510349999999999],[73.857960000000006,18.509419999999999],[73.858009999999993,18.508769999999998],[73.858170000000001,18.508759999999999],[73.858670000000004,18.508690000000001],[73.858969999999999,18.50863],[73.859139999999996,18.508620000000001],[73.859440000000006,18.508610000000001],[73.859700000000004,18.508610000000001],[73.860010000000003,18.508649999999999],[73.860299999999995,18.508710000000001],[73.860640000000004,18.508769999999998],[73.860849999999999,18.50882],[73.86103,18.50883],[73.861360000000005,18.508849999999999],[73.861800000000002,18.508890000000001],[73.861980000000003,18.50892],[73.862099999999998,18.508929999999999],[73.862340000000003,18.508929999999999],[73.862710000000007,18.508949999999999],[73.863050000000001,18.508990000000001],[73.86327,18.509049999999998],[73.863339999999994,18.507909999999999],[73.863380000000006,18.507000000000001],[73.863410000000002,18.506080000000001],[73.863429999999994,18.504940000000001],[73.863429999999994,18.50469],[73.863929999999996,18.504729999999999],[73.864220000000003,18.504750000000001],[73.864639999999994,18.504740000000002],[73.865080000000006,18.504709999999999],[73.865300000000005,18.50469],[73.865440000000007,18.50469],[73.865639999999999,18.504740000000002],[73.865830000000003,18.504760000000001],[73.86609,18.50478],[73.86609,18.50479],[73.866010000000003,18.505330000000001],[73.865960000000001,18.506070000000001],[73.866290000000006,18.506049999999998],[73.86748,18.506],[73.867670000000004,18.506],[73.867810000000006,18.506019999999999],[73.867959999999997,18.506070000000001],[73.868250000000003,18.506180000000001],[73.868459999999999,18.506260000000001],[73.868449999999996,18.50675],[73.868350000000007,18.507059999999999],[73.868290000000002,18.50742],[73.86824,18.507809999999999],[73.868210000000005,18.508199999999999],[73.868179999999995,18.509119999999999],[73.868170000000006,18.509599999999999],[73.868170000000006,18.509879999999999],[73.86824,18.510349999999999],[73.868350000000007,18.510840000000002],[73.868520000000004,18.51126],[73.868620000000007,18.511479999999999],[73.868650000000002,18.511620000000001],[73.868679999999998,18.511900000000001],[73.868709999999993,18.51238],[73.868700000000004,18.512640000000001],[73.868679999999998,18.512989999999999],[73.868679999999998,18.513079999999999],[73.868639999999999,18.51539]]]},"properties":{"FID":57,"wardnum":28,"origin":"http://www.pmc.gov.in/sites/default/files/final_ward_maps/28_F_Ward.pdf","Name1":"28 Mahatma Phule Smarak –Bhavani Peth","Name2":"Mahatma Phule Smarak –Bhavani Peth"}}]}